2024-04-08 17:00:33,459 <MainProcess:4075763, MainThread:140589325879104> (session.py:get_session:381 -> session.py:__init__:91) from logger `RFC.session_aiohttp`
[INFO] initialized

2024-04-08 17:00:33,460 <MainProcess:4075763, MainThread:140589325879104> (session.py:get_session:381 -> session.py:__init__:94) from logger `RFC.session_aiohttp`
[INFO] session created, 'AioHTTPSession'({'lib': 'aiohttp', 'no_session': False, 'cookies': {}, 'proxies': {}, 'headers': {}, 'chunked_size': None, 'timeout': 60})

2024-04-08 17:01:17,415 <requestor-worker-4:4075863, MainThread:140589325879104> (requestor.py:_fetch_single_async:200 -> session.py:request:328) from logger `RFC.session_aiohttp`
[INFO] session requesting HiFiNiPostPage(377903).HiFiNiMusicPreview(RZohXGp2zz3KaLLCWKyj9FnmAqOpa3ES5YjS6em6IKhfeRciweE5XGJgPCfzWvuX)

2024-04-08 17:01:30,008 <requestor-worker-2:4075853, MainThread:140589325879104> (requestor.py:_fetch_single_async:200 -> session.py:request:328) from logger `RFC.session_aiohttp`
[INFO] session requesting HiFiNiPostPage(377248).HiFiNiMusicPreview(RccmDmwlyG3KaLLCWKyj9FnmAqOpa3ES5YjS6em6IKhfeRciweE6VGZhNiz3WvOf)

2024-04-08 17:01:58,383 <requestor-worker-4:4075863, MainThread:140589325879104> (requestor.py:_fetch_single_async:200 -> session.py:request:328) from logger `RFC.session_aiohttp`
[INFO] session requesting HiFiNiPostPage(375805).HiFiNiMusicPreview(EZwiWmonyTvKaLLCWKyj9FnmAqOpa3ES5YjS6em6IKhfeRciweE6UGRkMiHwVQ)

2024-04-08 17:02:00,374 <requestor-worker-2:4075853, MainThread:140589325879104> (requestor.py:_fetch_single_async:200 -> session.py:request:328) from logger `RFC.session_aiohttp`
[INFO] session requesting HiFiNiPostPage(375765).HiFiNiMusicPreview(SpolC2p4wjzKaLLCWKyj9E29ALvkJi9J+cie__XkfLRecE9klew5NggJfVn3EZvv2WJC_ZWZ3A)

2024-04-08 17:02:01,272 <requestor-worker-0:4075840, MainThread:140589325879104> (requestor.py:_fetch_single_async:200 -> session.py:request:328) from logger `RFC.session_aiohttp`
[INFO] session requesting HiFiNiPostPage(375655).HiFiNiMusicPreview(QMYjDDZwm2jKaLLCWKyj9FnmAqOpa3ES5YjS6em6IKhfeRciweE6VGFnPSTwVfeQ)

2024-04-08 17:02:01,280 <requestor-worker-0:4075840, MainThread:140589325879104> (requestor.py:_fetch_single_async:200 -> session.py:request:328) from logger `RFC.session_aiohttp`
[INFO] session requesting HiFiNiPostPage(375668).HiFiNiMusicPreview(S5wjW2p4yD3KaLLCWKyj9E29ALvkJi9J+cie__XkfLRecE9klew8UDE1NUb2JrXxwFNC_ZWZ3A)

2024-04-08 17:02:01,290 <requestor-worker-0:4075840, MainThread:140589325879104> (requestor.py:_fetch_single_async:200 -> session.py:request:328) from logger `RFC.session_aiohttp`
[INFO] session requesting HiFiNiPostPage(375653).HiFiNiMusicPreview(R5lxCmsln2nKaLLCWKyj9FnmAqOpa3ES5YjS6em6IKhfeRciweE9VWdiNCbz)

2024-04-08 17:02:01,301 <requestor-worker-0:4075840, MainThread:140589325879104> (requestor.py:_fetch_single_async:200 -> session.py:request:328) from logger `RFC.session_aiohttp`
[INFO] session requesting HiFiNiPostPage(375652).HiFiNiMusicPreview(FpwoD2p1njnKaLLCWKyj9E29ALvkJi9J+cie__XkfLRecE9klew4B2QeZnz2K7Xp7UpC_ZWZ3A)

2024-04-08 17:02:01,407 <requestor-worker-0:4075840, MainThread:140589325879104> (requestor.py:_fetch_single_async:200 -> session.py:request:328) from logger `RFC.session_aiohttp`
[INFO] session requesting HiFiNiPostPage(375637).HiFiNiMusicPreview(Fcp0Wm94w27KaLLCWKyj9E29ALvkJi9J+cie__XkfLRecE9klew6JDQbZlf0UYvJ+zJC_ZWZ3A)

2024-04-08 17:02:01,590 <requestor-worker-4:4075863, MainThread:140589325879104> (requestor.py:_fetch_single_async:200 -> session.py:request:328) from logger `RFC.session_aiohttp`
[INFO] session requesting HiFiNiPostPage(375642).HiFiNiMusicPreview(S8tzWzhxwjnKaLLCWKyj9E29ALvkJi9J+cie__XkfLRecE9klew6HQQEYVr1M7KSw05C_ZWZ3A)

2024-04-08 17:02:01,602 <requestor-worker-4:4075863, MainThread:140589325879104> (requestor.py:_fetch_single_async:200 -> session.py:request:328) from logger `RFC.session_aiohttp`
[INFO] session requesting HiFiNiPostPage(375641).HiFiNiMusicPreview(Rsh2XTZznDnKaLLCWKyj9E29ALvkJi9J+cie__XkfLRecE9klew5UWUYfELyWobU7H5C_ZWZ3A)

2024-04-08 17:02:01,626 <requestor-worker-2:4075853, MainThread:140589325879104> (requestor.py:_fetch_single_async:200 -> session.py:request:328) from logger `RFC.session_aiohttp`
[INFO] session requesting HiFiNiPostPage(375621).HiFiNiMusicPreview(EcojDTp2n2rKaLLCWKyj9E29ALvkJi9J+cie__XkfLRecE9klew7UGUYcnf3K47T_m5C_ZWZ3A)

2024-04-08 17:02:01,662 <requestor-worker-5:4075868, MainThread:140589325879104> (requestor.py:_fetch_single_async:200 -> session.py:request:328) from logger `RFC.session_aiohttp`
[INFO] session requesting HiFiNiPostPage(375654).HiFiNiMusicPreview(FcgkC2gjzWDKaLLCWKyj9E29ALvkJi9J+cie__XkfLRecE9klew5PzUeVFb1W5ffxXJC_ZWZ3A)

2024-04-08 17:02:01,755 <requestor-worker-5:4075868, MainThread:140589325879104> (requestor.py:_fetch_single_async:200 -> session.py:request:328) from logger `RFC.session_aiohttp`
[INFO] session requesting HiFiNiPostPage(375657).HiFiNiMusicPreview(QJknW2p5ymnKaLLCWKyj9FnmAqOpa3ES5YjS6em6IKhfeRciweE6VGBgNSXzUvaf)

2024-04-08 17:02:01,764 <requestor-worker-5:4075868, MainThread:140589325879104> (requestor.py:_fetch_single_async:200 -> session.py:request:328) from logger `RFC.session_aiohttp`
[INFO] session requesting HiFiNiPostPage(375631).HiFiNiMusicPreview(Sp4lDGolzjnKaLLCWKyj9E29ALvkJi9J+cie__XkfLRecE9klew4VWRlR0P0NpqWyUpC_ZWZ3A)

2024-04-08 17:02:01,771 <requestor-worker-5:4075868, MainThread:140589325879104> (requestor.py:_fetch_single_async:200 -> session.py:request:328) from logger `RFC.session_aiohttp`
[INFO] session requesting HiFiNiPostPage(375772).HiFiNiMusicPreview(EccoCjd2yzzKaLLCWKyj9E29ALvkJi9J+cie__XkfLRecE9klew6E2tkZ1b1OLn_wFJC_ZWZ3A)

2024-04-08 17:02:01,847 <requestor-worker-3:4075859, MainThread:140589325879104> (requestor.py:_fetch_single_async:200 -> session.py:request:328) from logger `RFC.session_aiohttp`
[INFO] session requesting HiFiNiPostPage(375767).HiFiNiMusicPreview(Q5kiADlzmz7KaLLCWKyj9E29ALvkJi9J+cie__XkfLRecE9klew6JxMFNVjyMPeWnVFC_ZWZ3A)

2024-04-08 17:02:01,922 <requestor-worker-4:4075863, MainThread:140589325879104> (requestor.py:_fetch_single_async:200 -> session.py:request:328) from logger `RFC.session_aiohttp`
[INFO] session requesting HiFiNiPostPage(375658).HiFiNiMusicPreview(QconWz15yGnKaLLCWKyj9FnmAqOpa3ES5YjS6em6IKhfeRciweE6VGBhNCf3VPWT)

2024-04-08 17:02:01,933 <requestor-worker-4:4075863, MainThread:140589325879104> (requestor.py:_fetch_single_async:200 -> session.py:request:328) from logger `RFC.session_aiohttp`
[INFO] session requesting HiFiNiPostPage(375662).HiFiNiMusicPreview(R8pyCj9znDnKaLLCWKyj9FnmAqOpa3ES5YjS6em6IKhfeRciweE5XWdkNiP3VPuX)

2024-04-08 17:02:02,047 <requestor-worker-0:4075840, MainThread:140589325879104> (requestor.py:_fetch_single_async:200 -> session.py:request:328) from logger `RFC.session_aiohttp`
[INFO] session requesting HiFiNiPostPage(375673).HiFiNiMusicPreview(Esd1D2hxyT7KaLLCWKyj9FnmAqOpa3ES5YjS6em6IKhfeRciweE6U2dpMSzwUw)

2024-04-08 17:02:02,081 <requestor-worker-3:4075859, MainThread:140589325879104> (requestor.py:_fetch_single_async:200 -> session.py:request:328) from logger `RFC.session_aiohttp`
[INFO] session requesting HiFiNiPostPage(375682).HiFiNiMusicPreview(EMklADd3zGjKaLLCWKyj9E29ALvkJi9J+cie__XkfLRecE9klew6CiAkV2HyMpOXyTJC_ZWZ3A)

2024-04-08 17:02:02,090 <requestor-worker-3:4075859, MainThread:140589325879104> (requestor.py:_fetch_single_async:200 -> session.py:request:328) from logger `RFC.session_aiohttp`
[INFO] session requesting HiFiNiPostPage(375678).HiFiNiMusicPreview(Rs4nXTxxnDvKaLLCWKyj9FnmAqOpa3ES5YjS6em6IKhfeRciweE7XGNiNyI)

2024-04-08 17:02:02,119 <requestor-worker-5:4075868, MainThread:140589325879104> (requestor.py:_fetch_single_async:200 -> session.py:request:328) from logger `RFC.session_aiohttp`
[INFO] session requesting HiFiNiPostPage(375679).HiFiNiMusicPreview(EcYhAGwgwz7KaLLCWKyj9E29ALvkJi9J+cie__XkfLRecE9klew6KgMXVFD3J_PW6HRC_ZWZ3A)

2024-04-08 17:02:02,148 <requestor-worker-4:4075863, MainThread:140589325879104> (requestor.py:_fetch_single_async:200 -> session.py:request:328) from logger `RFC.session_aiohttp`
[INFO] session requesting HiFiNiPostPage(375683).HiFiNiMusicPreview(Fp5yWmolzT3KaLLCWKyj9FnmAqOpa3ES5YjS6em6IKhfeRciweE5XGVhPCLwUPSUjWYB5dqB0whn+ycPUKNaQ0ETpkgKKbryGGmdiUZk5r9dr25qiQWmRoK4vYQgYjbqsk4Z2oxoMcojFTLLPF3nuyugqMUeyQghEmI9im_bQyiiFdMRrFrW_lu86yI)

2024-04-08 17:02:02,323 <requestor-worker-2:4075853, MainThread:140589325879104> (requestor.py:_fetch_single_async:200 -> session.py:request:328) from logger `RFC.session_aiohttp`
[INFO] session requesting HiFiNiPostPage(375692).HiFiNiMusicPreview(QZp1Dzh3z2vKaLLCWKyj9FnmAqOpa3ES5YjS6em6IKhfeRciweE5XGRiMyb+UPCQ)

2024-04-08 17:02:02,385 <requestor-worker-1:4075847, MainThread:140589325879104> (requestor.py:_fetch_single_async:200 -> session.py:request:328) from logger `RFC.session_aiohttp`
[INFO] session requesting HiFiNiPostPage(375670).HiFiNiMusicPreview(F8h1WzojmGjKaLLCWKyj9E29ALvkJi9J+cie__XkfLRecE9klew4JmECUUT3DPSW0VFC_ZWZ3A)

2024-04-08 17:02:06,381 <requestor-worker-5:4075868, MainThread:140589325879104> (requestor.py:_fetch_single_async:200 -> session.py:request:328) from logger `RFC.session_aiohttp`
[INFO] session requesting HiFiNiPostPage(375369).HiFiNiMusicPreview(QJskXW1yzWHKaLLCWKyj9E29ALvkJi9J+cie__XkfLRecE9klew7Cz4gXUb0UPqR+WtC_ZWZ3A)

2024-04-08 17:02:06,547 <requestor-worker-5:4075868, MainThread:140589325879104> (requestor.py:_fetch_single_async:200 -> session.py:request:328) from logger `RFC.session_aiohttp`
[INFO] session requesting HiFiNiPostPage(375368).HiFiNiMusicPreview(QcklATonzTzKaLLCWKyj9E29ALvkJi9J+cie__XkfLRecE9klew4C2E+Uiz1I4Lo+DBC_ZWZ3A)

2024-04-08 17:02:07,109 <requestor-worker-5:4075868, MainThread:140589325879104> (requestor.py:_fetch_single_async:200 -> session.py:request:328) from logger `RFC.session_aiohttp`
[INFO] session requesting HiFiNiPostPage(375332).HiFiNiMusicPreview(Ec0hCDx2zm7KaLLCWKyj9E29ALvkJi9J+cie9P3kIuhCcUYsiuw4UR8hNWf0Uo_k4ksiu4mA3RA)

2024-04-08 17:02:07,187 <requestor-worker-5:4075868, MainThread:140589325879104> (requestor.py:_fetch_single_async:200 -> session.py:request:328) from logger `RFC.session_aiohttp`
[INFO] session requesting HiFiNiPostPage(375329).HiFiNiMusicPreview(EsgkXj95zGrKaLLCEbmjohriAOSpKi0LuInI9_W6IKhfeQd7lehAIgE_RCD1ELDA2ykE4YyY)

2024-04-08 17:02:07,589 <requestor-worker-4:4075863, MainThread:140589325879104> (requestor.py:_fetch_single_async:200 -> session.py:request:328) from logger `RFC.session_aiohttp`
[INFO] session requesting HiFiNiPostPage(375334).HiFiNiMusicPreview(EcsiCzggzjrKaLLCWKyj9E29ALvkJi9J+cie9P3kIuhCcUYsiuw4ViUjPVePUbXg6VEdu4mA3RA)

2024-04-08 17:02:09,952 <requestor-worker-4:4075863, MainThread:140589325879104> (requestor.py:_fetch_single_async:200 -> session.py:request:328) from logger `RFC.session_aiohttp`
[INFO] session requesting HiFiNiPostPage(375237).HiFiNiMusicPreview(QM9yCmolzGDKaLLCWKyj9FnmAqOpa3ES5YjS6em6IKhfeRciweE6U2NgPCL+Wg)

2024-04-08 17:02:11,437 <requestor-worker-0:4075840, MainThread:140589325879104> (requestor.py:_fetch_single_async:200 -> session.py:request:328) from logger `RFC.session_aiohttp`
[INFO] session requesting HiFiNiPostPage(375109).HiFiNiMusicPreview(F8lzDDZ2nmHKaLLCWKyj9E29ALvkJi9J+cie__XkfLRecE9klew5PzYmcmP0J7vLzUJC_ZWZ3A)

2024-04-08 17:02:12,514 <requestor-worker-0:4075840, MainThread:140589325879104> (requestor.py:_fetch_single_async:200 -> session.py:request:328) from logger `RFC.session_aiohttp`
[INFO] session requesting HiFiNiPostPage(375067).HiFiNiMusicPreview(SswkC28kyW_KaLLCWKyj9FnmAqOpa3ES5YjS6em6IKhfeRciweE5XWRlNif+UPuW)

2024-04-08 17:02:17,537 <requestor-worker-5:4075868, MainThread:140589325879104> (requestor.py:_fetch_single_async:200 -> session.py:request:328) from logger `RFC.session_aiohttp`
[INFO] session requesting HiFiNiPostPage(374848).HiFiNiMusicPreview(RZokATt2ymHKaLLCWKyj9E29ALvkJi9J+cie__XkfLRecE9klew5Dj4IY031DbnvxF9C_ZWZ3A)

2024-04-08 17:02:20,854 <requestor-worker-0:4075840, MainThread:140589325879104> (requestor.py:_fetch_single_async:200 -> session.py:request:328) from logger `RFC.session_aiohttp`
[INFO] session requesting HiFiNiPostPage(374672).HiFiNiMusicPreview(QplzXjt0nDrKaLLCWKyj9E29ALvkJi9J+cie__XkfLRecE9klew8MAYrcX31Da3g8zZC_ZWZ3A)

2024-04-08 17:02:38,567 <requestor-worker-0:4075840, MainThread:140589325879104> (requestor.py:_fetch_single_async:200 -> session.py:request:328) from logger `RFC.session_aiohttp`
[INFO] session requesting HiFiNiPostPage(373734).HiFiNiMusicPreview(EJxzXWp5m2DKaLLCWKyj9FnmAqOpa3ES5YjS6em6IKhfeRciweE6VGFjNCz2UvSQ)

2024-04-08 17:02:43,025 <requestor-worker-3:4075859, MainThread:140589325879104> (requestor.py:_fetch_single_async:200 -> session.py:request:328) from logger `RFC.session_aiohttp`
[INFO] session requesting HiFiNiPostPage(373449).HiFiNiMusicPreview(FpokDWt0zGzKaLLCWKyj9FnmAqOpa3ES5YjS6em6IKhfeRciweE6VGFjMSL2UPuV)

2024-04-08 17:02:43,382 <requestor-worker-1:4075847, MainThread:140589325879104> (requestor.py:_fetch_single_async:200 -> session.py:request:328) from logger `RFC.session_aiohttp`
[INFO] session requesting HiFiNiPostPage(373427).HiFiNiMusicPreview(EpomDGx1w2_KaLLCWKyj9E29ALvkJi9J+cie__XkfLRecE9klew4KCgZT3z2Jq3s70ZC_ZWZ3A)

2024-04-08 17:02:59,521 <requestor-worker-0:4075840, MainThread:140589325879104> (requestor.py:_fetch_single_async:200 -> session.py:request:328) from logger `RFC.session_aiohttp`
[INFO] session requesting HiFiNiPostPage(372724).HiFiNiMusicPreview(Sp12CWp4y2rKaLLCWKyj9E29ALvkJi9J+cie__XkfLRecE9klew6HGYWMCL3CpCf0n9C_ZWZ3A)

2024-04-08 17:02:59,628 <requestor-worker-2:4075853, MainThread:140589325879104> (requestor.py:_fetch_single_async:200 -> session.py:request:328) from logger `RFC.session_aiohttp`
[INFO] session requesting HiFiNiPostPage(372682).HiFiNiMusicPreview(FclzXW0knDzKaLLCWKyj9E29ALvkJi9J+cie__XkfLRecE9klew4Uz4Hb3zyO5bn6lFC_ZWZ3A)

2024-04-08 17:02:59,642 <requestor-worker-2:4075853, MainThread:140589325879104> (requestor.py:_fetch_single_async:200 -> session.py:request:328) from logger `RFC.session_aiohttp`
[INFO] session requesting HiFiNiPostPage(372695).HiFiNiMusicPreview(F50jADwizm3KaLLCWKyj9E29ALvkJi9J+cie__XkfLRecE9klew8IgoBSHD2VYjn30lC_ZWZ3A)

2024-04-08 17:03:00,001 <requestor-worker-4:4075863, MainThread:140589325879104> (requestor.py:_fetch_single_async:200 -> session.py:request:328) from logger `RFC.session_aiohttp`
[INFO] session requesting HiFiNiPostPage(372727).HiFiNiMusicPreview(EsgmCTkgwm_KaLLCWKyj9FnmAqOpa3ES5YjS6em6IKhfeRciweE7XWVnMyc)

2024-04-08 17:03:10,536 <requestor-worker-5:4075868, MainThread:140589325879104> (requestor.py:_fetch_single_async:200 -> session.py:request:328) from logger `RFC.session_aiohttp`
[INFO] session requesting HiFiNiPostPage(372139).HiFiNiMusicPreview(R552ADt4mWrKaLLCEbmjohriAOSpKi0LuInI9_W6IKhfeQd7le47NAczQiDwB6SQ_ykE4YyY)

2024-04-08 17:04:04,968 <requestor-worker-2:4075853, MainThread:140589325879104> (requestor.py:_fetch_single_async:200 -> session.py:request:328) from logger `RFC.session_aiohttp`
[INFO] session requesting HiFiNiPostPage(369407).HiFiNiMusicPreview(EsgmDG0nmG3KaLLCWKyj9E29ALvkJi9J+cie__XkfLRecE9klew5NWM7V2X1K6D_zH1C_ZWZ3A)

2024-04-08 17:04:15,961 <requestor-worker-5:4075868, MainThread:140589325879104> (requestor.py:_fetch_single_async:200 -> session.py:request:328) from logger `RFC.session_aiohttp`
[INFO] session requesting HiFiNiPostPage(368400).HiFiNiMusicPreview(FcYpAWgkzz7KaLLCWKyj9E29ALvkJi9J+cie__XkfLRecE9klew7UAQHQCD3D5DAzjRC_ZWZ3A)

2024-04-08 17:05:16,513 <requestor-worker-4:4075863, MainThread:140589325879104> (requestor.py:_fetch_single_async:200 -> session.py:request:328) from logger `RFC.session_aiohttp`
[INFO] session requesting HiFiNiPostPage(366880).HiFiNiMusicPreview(Q80iAGh5zD7KaLLCWKyj9E29ALvkJi9J+cie__XkfLRecE9klew6FDU+Z1r1EfrX+1RC_ZWZ3A)

2024-04-08 17:05:17,356 <requestor-worker-0:4075840, MainThread:140589325879104> (requestor.py:_fetch_single_async:200 -> session.py:request:328) from logger `RFC.session_aiohttp`
[INFO] session requesting HiFiNiPostPage(366882).HiFiNiMusicPreview(Fp51WTwkzjvKaLLCWKyj9E29ALvkJi9J+cie__XkfLRecE9klew5Mxc+a1P1Fozz4WZC_ZWZ3A)

2024-04-08 17:05:42,478 <requestor-worker-5:4075868, MainThread:140589325879104> (requestor.py:_fetch_single_async:200 -> session.py:request:328) from logger `RFC.session_aiohttp`
[INFO] session requesting HiFiNiPostPage(366875).HiFiNiMusicPreview(RskhXDginGvKaLLCWKyj9E29ALvkJi9J+cie__XkfLRecE9klew4EToFY3v1MfuQ8zBC_ZWZ3A)

2024-04-08 17:06:41,229 <requestor-worker-2:4075853, MainThread:140589325879104> (requestor.py:_fetch_single_async:200 -> session.py:request:328) from logger `RFC.session_aiohttp`
[INFO] session requesting HiFiNiPostPage(365961).HiFiNiMusicPreview(EskkDDtznz3KaLLCEbmjohriAOSpKi0LuInI9_W6IKhfeQd7leg+DyYTdyf2VIvQwCkE4YyY)

2024-04-08 17:06:41,411 <requestor-worker-5:4075868, MainThread:140589325879104> (requestor.py:_fetch_single_async:200 -> session.py:request:328) from logger `RFC.session_aiohttp`
[INFO] session requesting HiFiNiPostPage(365897).HiFiNiMusicPreview(Qc0hDzxwzWvKaLLCWKyj9FnmAqOpa3ES5YjS6em6IKhfeRciweE5VmJhNyPwUvKS8Cgf+o+T7T879gUcf5wRPVQhlXVjE5r_MlaljmJp4vFOuS40pFvucIHst48JbjXitkoIiNQoOPB8FgLTPnLGuzen+5oQ2Xx_Tyg9iXvAciTwFtIC7Rvp7wSh6j8PfnCUtTZAJMrQLtIbuR0qfSyZRPzEqxnd2+WP3JQGzoeD7ArzsyCA2yPBVt2ep2xv3znM9zJ7Is3XE4z4s2S6Twq6mziCXx0l)

2024-04-08 17:06:42,755 <requestor-worker-5:4075868, MainThread:140589325879104> (requestor.py:_fetch_single_async:200 -> session.py:request:328) from logger `RFC.session_aiohttp`
[INFO] session requesting HiFiNiPostPage(366039).HiFiNiMusicPreview(Fsh0XD93m2_KaLLCWKyj9FnmAqOpa3ES5YjS6em6IKhfeRciweE6VGBpNyTyVfOR)

2024-04-08 17:06:45,485 <requestor-worker-0:4075840, MainThread:140589325879104> (requestor.py:_fetch_single_async:200 -> session.py:request:328) from logger `RFC.session_aiohttp`
[INFO] session requesting HiFiNiPostPage(365756).HiFiNiMusicPreview(RZkmWzwlz27KaLLCWKyj9E29ALvkJi9J+cie__XkfLRecE9klew7EyUidUH1U6+R00RC_ZWZ3A)

2024-04-08 17:06:46,765 <requestor-worker-3:4075859, MainThread:140589325879104> (requestor.py:_fetch_single_async:200 -> session.py:request:328) from logger `RFC.session_aiohttp`
[INFO] session requesting HiFiNiPostPage(366306).HiFiNiMusicPreview(QcpxWjZ4nG3KaLLCWKyj9E29ALvkJi9J+cie__XkfLRecE9klew6CWEZcFD1CPP2xl9C_ZWZ3A)

2024-04-08 17:06:47,077 <requestor-worker-1:4075847, MainThread:140589325879104> (requestor.py:_fetch_single_async:200 -> session.py:request:328) from logger `RFC.session_aiohttp`
[INFO] session requesting HiFiNiPostPage(366329).HiFiNiMusicPreview(F8YiCDckwmjKaLLCWKyj9FnmAqOpa3ES5YjS6em6IKhfeRciweE6VWJmMyD1WvaT)

2024-04-08 17:06:52,613 <requestor-worker-4:4075863, MainThread:140589325879104> (requestor.py:_fetch_single_async:200 -> session.py:request:328) from logger `RFC.session_aiohttp`
[INFO] session requesting HiFiNiPostPage(366868).HiFiNiMusicPreview(QJ11AT11nD3KaLLCWKyj9E29ALvkJi9J+cie__XkfLRecE9klew6D2MfN0T0GoTL7HNC_ZWZ3A)

2024-04-08 17:06:54,099 <requestor-worker-1:4075847, MainThread:140589325879104> (requestor.py:_fetch_single_async:200 -> session.py:request:328) from logger `RFC.session_aiohttp`
[INFO] session requesting HiFiNiPostPage(365451).HiFiNiMusicPreview(SsZ0Dz54mW3KaLLCWKyj9FnmAqOpa3ES5YjS6em6IKhfeRciweE5XGVgMyz2VvKR)

2024-04-08 17:06:54,365 <requestor-worker-4:4075863, MainThread:140589325879104> (requestor.py:_fetch_single_async:200 -> session.py:request:328) from logger `RFC.session_aiohttp`
[INFO] session requesting HiFiNiPostPage(367012).HiFiNiMusicPreview(FssgDTp2mWzKaLLCWKyj9E29ALvkJi9J+cie__XkfLRecE9klew5Dwc1cCb1NvL1+nZC_ZWZ3A)

2024-04-08 17:06:56,791 <requestor-worker-4:4075863, MainThread:140589325879104> (requestor.py:_fetch_single_async:200 -> session.py:request:328) from logger `RFC.session_aiohttp`
[INFO] session requesting HiFiNiPostPage(365296).HiFiNiMusicPreview(S8h2XT5xnGzKaLLCWKyj9E29ALvkJi9J+cie__XkfLRecE9klew4CRoQZH_3F5DV7m1C_ZWZ3A)

2024-04-08 17:06:59,139 <requestor-worker-3:4075859, MainThread:140589325879104> (requestor.py:_fetch_single_async:200 -> session.py:request:328) from logger `RFC.session_aiohttp`
[INFO] session requesting HiFiNiPostPage(367558).HiFiNiMusicPreview(Q80hDzZ3w2vKaLLCWKyj9E29ALvkJi9J+cie__XkfLRecE9klew4HwM3f0T2Vfvp6URC_ZWZ3A)

2024-04-08 17:06:59,293 <requestor-worker-4:4075863, MainThread:140589325879104> (requestor.py:_fetch_single_async:200 -> session.py:request:328) from logger `RFC.session_aiohttp`
[INFO] session requesting HiFiNiPostPage(365167).HiFiNiMusicPreview(RssgAGonzzrKaLLCEbmjohriAOSpKi0LuInI9_W6IKhfeQd7le5sCzxpTiaQVrXz4CkE4YyY)

2024-04-08 17:07:03,753 <requestor-worker-1:4075847, MainThread:140589325879104> (requestor.py:_fetch_single_async:200 -> session.py:request:328) from logger `RFC.session_aiohttp`
[INFO] session requesting HiFiNiPostPage(367952).HiFiNiMusicPreview(QcolDWh1zzvKaLLCWKyj9FnmAqOpa3ES5YjS6em6IKhfeRciweE5VmtkPCHzV_GV)

2024-04-08 17:07:10,467 <requestor-worker-0:4075840, MainThread:140589325879104> (requestor.py:_fetch_single_async:200 -> session.py:request:328) from logger `RFC.session_aiohttp`
[INFO] session requesting HiFiNiPostPage(368885).HiFiNiMusicPreview(Qc0oCD1znGrKaLLCWKyj9FnmAqOpa3ES5YjS6em6IKhfeRciweE6VGBgNiP3VPGQ)

2024-04-08 17:07:11,142 <requestor-worker-0:4075840, MainThread:140589325879104> (requestor.py:_fetch_single_async:200 -> session.py:request:328) from logger `RFC.session_aiohttp`
[INFO] session requesting HiFiNiPostPage(368734).HiFiNiMusicPreview(Es8gCmxwz2HKaLLCWKyj9FnmAqOpa3ES5YjS6em6IKhfeRciweE9UmNmMyPxUvY)

2024-04-08 17:07:13,973 <requestor-worker-4:4075863, MainThread:140589325879104> (requestor.py:_fetch_single_async:200 -> session.py:request:328) from logger `RFC.session_aiohttp`
[INFO] session requesting HiFiNiPostPage(368874).HiFiNiMusicPreview(R5p1Wzl0yT7KaLLCWKyj9E29ALvkJi9J+cie__XkfLRecE9klew7DmslV3X1AZPTxkhC_ZWZ3A)

2024-04-08 17:07:14,326 <requestor-worker-1:4075847, MainThread:140589325879104> (requestor.py:_fetch_single_async:200 -> session.py:request:328) from logger `RFC.session_aiohttp`
[INFO] session requesting HiFiNiPostPage(368892).HiFiNiMusicPreview(QZkiXDt2y23KaLLCWKyj9FnmAqOpa3ES5YjS6em6IKhfeRciweE6VGBlNCL+U_uU)

2024-04-08 17:07:16,061 <requestor-worker-2:4075853, MainThread:140589325879104> (requestor.py:_fetch_single_async:200 -> session.py:request:328) from logger `RFC.session_aiohttp`
[INFO] session requesting HiFiNiPostPage(369198).HiFiNiMusicPreview(R5x0Dj52nm_KaLLCWKyj9FnmAqOpa3ES5YjS6em6IKhfeRciweE5VmpgMib1VfGW)

2024-04-08 17:07:17,947 <requestor-worker-5:4075868, MainThread:140589325879104> (requestor.py:_fetch_single_async:200 -> session.py:request:328) from logger `RFC.session_aiohttp`
[INFO] session requesting HiFiNiPostPage(369393).HiFiNiMusicPreview(QccoATggzzvKaLLCWKyj9E29ALvkJi9J+cie__XkfLRecE9klew7KQc9YFz2MoLM6mFC_ZWZ3A)

2024-04-08 17:07:34,789 <requestor-worker-5:4075868, MainThread:140589325879104> (requestor.py:_fetch_single_async:200 -> session.py:request:328) from logger `RFC.session_aiohttp`
[INFO] session requesting HiFiNiPostPage(363743).HiFiNiMusicPreview(Rpp1ADYiyWzKaLLCWKyj9FnmAqOpa3ES5YjS6em6IKhfeRciweE5XWZoNS3yVPSQ)

2024-04-08 17:07:40,829 <requestor-worker-2:4075853, MainThread:140589325879104> (requestor.py:_fetch_single_async:200 -> session.py:request:328) from logger `RFC.session_aiohttp`
[INFO] session requesting HiFiNiPostPage(363377).HiFiNiMusicPreview(EcogDD4nyWHKaLLCWKyj9FnmAqOpa3ES5YjS6em6IKhfeRciweE6UGNnNSY)

2024-04-08 17:07:45,742 <requestor-worker-0:4075840, MainThread:140589325879104> (requestor.py:_fetch_single_async:200 -> session.py:request:328) from logger `RFC.session_aiohttp`
[INFO] session requesting HiFiNiPostPage(363108).HiFiNiMusicPreview(EZx0D2xwzW7KaLLCWKyj9FnmAqOpa3ES5YjS6em6IKhfeRciweE5XGVoNyfzWvCV)

2024-04-08 17:07:50,560 <requestor-worker-4:4075863, MainThread:140589325879104> (requestor.py:_fetch_single_async:200 -> session.py:request:328) from logger `RFC.session_aiohttp`
[INFO] session requesting HiFiNiPostPage(362844).HiFiNiMusicPreview(Fp5zXjkgzm3KaLLCWKyj9E29ALvkJi9J+cie__XkfLRecE9klew4IzsbdF_1CZnJx2RC_ZWZ3A)

2024-04-08 17:07:50,611 <requestor-worker-2:4075853, MainThread:140589325879104> (requestor.py:_fetch_single_async:200 -> session.py:request:328) from logger `RFC.session_aiohttp`
[INFO] session requesting HiFiNiPostPage(362847).HiFiNiMusicPreview(RMl1DTZzmGnKaLLCWKyj9E29ALvkJi9J+cie__XkfLRecE9klew8VzYQPGz0FojV201C_ZWZ3A)

2024-04-08 17:08:33,615 <requestor-worker-5:4075868, MainThread:140589325879104> (requestor.py:_fetch_single_async:200 -> session.py:request:328) from logger `RFC.session_aiohttp`
[INFO] session requesting HiFiNiPostPage(358715).HiFiNiMusicPreview(R8wkDGgjzz3KaLLCWKyj9FnmAqOpa3ES5YjS6em6IKhfeRciweE6VWtmNifxW_qQ)

2024-04-08 17:08:52,203 <requestor-worker-3:4075859, MainThread:140589325879104> (requestor.py:_fetch_single_async:200 -> session.py:request:328) from logger `RFC.session_aiohttp`
[INFO] session requesting HiFiNiPostPage(356732).HiFiNiMusicPreview(R80mWTtyn2vKaLLCWKyj9FnmAqOpa3ES5YjS6em6IKhfeRciweE5XGtgNCL_VfGX)

2024-04-08 17:10:29,739 <requestor-worker-5:4075868, MainThread:140589325879104> (requestor.py:_fetch_single_async:200 -> session.py:request:328) from logger `RFC.session_aiohttp`
[INFO] session requesting HiFiNiPostPage(346363).HiFiNiMusicPreview(QcZzWW0nyz7KaLLCWKyj9E29ALvkJi9J+cie__XkfLRecE9klew8AzRjN1b3OKDVylZC_ZWZ3A)

2024-04-08 17:11:30,625 <requestor-worker-0:4075840, MainThread:140589325879104> (requestor.py:_fetch_single_async:200 -> session.py:request:328) from logger `RFC.session_aiohttp`
[INFO] session requesting HiFiNiPostPage(339528).HiFiNiMusicPreview(Rpt0ATggzGDKaLLCWKyj9FnmAqOpa3ES5YjS6em6IKhfeRciweE6VWpoNC31V_Ge)

2024-04-08 17:11:30,925 <requestor-worker-2:4075853, MainThread:140589325879104> (requestor.py:_fetch_single_async:200 -> session.py:request:328) from logger `RFC.session_aiohttp`
[INFO] session requesting HiFiNiPostPage(339550).HiFiNiMusicPreview(R80hDm92nDzKaLLCWKyj9FnmAqOpa3ES5YjS6em6IKhfeRciweE6VWtmPSbwVfST)

2024-04-08 17:11:31,893 <requestor-worker-4:4075863, MainThread:140589325879104> (requestor.py:_fetch_single_async:200 -> session.py:request:328) from logger `RFC.session_aiohttp`
[INFO] session requesting HiFiNiPostPage(339502).HiFiNiMusicPreview(Ep4lXDYkzzzKaLLCWKyj9FnmAqOpa3ES5YjS6em6IKhfeRciweE6VWJjNS30UfeS)

2024-04-08 17:11:39,702 <requestor-worker-3:4075859, MainThread:140589325879104> (requestor.py:_fetch_single_async:200 -> session.py:request:328) from logger `RFC.session_aiohttp`
[INFO] session requesting HiFiNiPostPage(338848).HiFiNiMusicPreview(R51yDmh5mWHKaLLCWKyj9FnmAqOpa3ES5YjS6em6IKhfeRciweE5XWFjMyPzUPKf)

2024-04-08 17:11:51,411 <requestor-worker-4:4075863, MainThread:140589325879104> (requestor.py:_fetch_single_async:200 -> session.py:request:328) from logger `RFC.session_aiohttp`
[INFO] session requesting HiFiNiPostPage(337654).HiFiNiMusicPreview(QptxAGslyTvKaLLCWKyj9E29ALvkJi9J+cie__XkfLRecE9klew6BzAoPWX2B4bAmGRC_ZWZ3A)

2024-04-08 17:12:26,779 <requestor-worker-4:4075863, MainThread:140589325879104> (requestor.py:_fetch_single_async:200 -> session.py:request:328) from logger `RFC.session_aiohttp`
[INFO] session requesting HiFiNiPostPage(334208).HiFiNiMusicPreview(R8ooCjh3yz7KaLLCWKyj9FnmAqOpa3ES5YjS6em6IKhfeRciweE5XWRlMC3+Vg)

2024-04-08 17:12:51,754 <requestor-worker-5:4075868, MainThread:140589325879104> (requestor.py:_fetch_single_async:200 -> session.py:request:328) from logger `RFC.session_aiohttp`
[INFO] session requesting HiFiNiPostPage(332657).HiFiNiMusicPreview(Rcd2XG1xzDnKaLLCWKyj9Ff8HqGjIG4V4JWf5ev4fLRecE90zLg1V2tjMyb_Vw)

2024-04-08 17:13:00,731 <requestor-worker-2:4075853, MainThread:140589325879104> (requestor.py:_fetch_single_async:200 -> session.py:request:328) from logger `RFC.session_aiohttp`
[INFO] session requesting HiFiNiPostPage(333791).HiFiNiMusicPreview(QM4mWz5xmGnKaLLCWKyj9FnmAqOpa3ES5YjS6em6IKhfeRciweE6VWtnNCD3VveU)

2024-04-08 17:13:12,922 <requestor-worker-1:4075847, MainThread:140589325879104> (requestor.py:_fetch_single_async:200 -> session.py:request:328) from logger `RFC.session_aiohttp`
[INFO] session requesting HiFiNiPostPage(335593).HiFiNiMusicPreview(EpooW215y2DKaLLCWKyj9E29ALvkJi9J+cie__XkfLRecE9klew6DhopX0X3Nrrwxl9C_ZWZ3A)

2024-04-08 17:13:13,673 <requestor-worker-1:4075847, MainThread:140589325879104> (requestor.py:_fetch_single_async:200 -> session.py:request:328) from logger `RFC.session_aiohttp`
[INFO] session requesting HiFiNiPostPage(330964).HiFiNiMusicPreview(Es11Cjwgnj3KaLLCWKyj9E29ALvkJi9J+cie__XkfLRecE9klew4NRYpQE73K6bNmDFC_ZWZ3A)

2024-04-08 17:13:29,972 <requestor-worker-0:4075840, MainThread:140589325879104> (requestor.py:_fetch_single_async:200 -> session.py:request:328) from logger `RFC.session_aiohttp`
[INFO] session requesting HiFiNiPostPage(330338).HiFiNiMusicPreview(Q5whWzZznjnKaLLCWKyj9Ff8HqGjIG4V4JWf5ev4fLRecE90zLg1VmJnMyP_)

2024-04-08 17:13:30,067 <requestor-worker-4:4075863, MainThread:140589325879104> (requestor.py:_fetch_single_async:200 -> session.py:request:328) from logger `RFC.session_aiohttp`
[INFO] session requesting HiFiNiPostPage(330326).HiFiNiMusicPreview(Q8Z0CjwizW7KaLLCWKyj9E29ALvkJi9J+cie__XkfLRecE9klew4UBEgUyX1FILW8m1C_ZWZ3A)

2024-04-08 17:13:32,294 <requestor-worker-4:4075863, MainThread:140589325879104> (requestor.py:_fetch_single_async:200 -> session.py:request:328) from logger `RFC.session_aiohttp`
[INFO] session requesting HiFiNiPostPage(330225).HiFiNiMusicPreview(RMciW2t1y23KaLLCWKyj9E29ALvkJi9J+cie__XkfLRecE9klew7FwYFaSD0CJrk2GxC_ZWZ3A)

2024-04-08 17:13:37,379 <requestor-worker-1:4075847, MainThread:140589325879104> (requestor.py:_fetch_single_async:200 -> session.py:request:328) from logger `RFC.session_aiohttp`
[INFO] session requesting HiFiNiPostPage(338515).HiFiNiMusicPreview(Ss10C20jmTrKaLLCWKyj9E29ALvkJi9J+cie__XkfLRecE9klew6CAoUMmP2M5bDz1BC_ZWZ3A)

2024-04-08 17:13:39,061 <requestor-worker-2:4075853, MainThread:140589325879104> (requestor.py:_fetch_single_async:200 -> session.py:request:328) from logger `RFC.session_aiohttp`
[INFO] session requesting HiFiNiPostPage(338537).HiFiNiMusicPreview(Qc52ADkjzW7KaLLCWKyj9E29ALvkJi9J+cie__XkfLRecE9klew6VRoUQnH2U4ff+UNC_ZWZ3A)

2024-04-08 17:13:41,936 <requestor-worker-5:4075868, MainThread:140589325879104> (requestor.py:_fetch_single_async:200 -> session.py:request:328) from logger `RFC.session_aiohttp`
[INFO] session requesting HiFiNiPostPage(339022).HiFiNiMusicPreview(FcZ2XTx0z2jKaLLCWKyj9E29ALvkJi9J+cie__XkfLRecE9klew4ICEDfWTyNI_y0lJC_ZWZ3A)

2024-04-08 17:13:41,985 <requestor-worker-2:4075853, MainThread:140589325879104> (requestor.py:_fetch_single_async:200 -> session.py:request:328) from logger `RFC.session_aiohttp`
[INFO] session requesting HiFiNiPostPage(339006).HiFiNiMusicPreview(FscgAW8kzWDKaLLCWKyj9FnmAqOpa3ES5YjS6em6IKhfeRciweE5XGpmNSL3VPGf)

2024-04-08 17:13:43,864 <requestor-worker-0:4075840, MainThread:140589325879104> (requestor.py:_fetch_single_async:200 -> session.py:request:328) from logger `RFC.session_aiohttp`
[INFO] session requesting HiFiNiPostPage(339239).HiFiNiMusicPreview(Rp1xC20jnG_KaLLCWKyj9E29ALvkJi9J+cie__XkfLRecE9klew6DTg3MHD1VZTT5W1C_ZWZ3A)

2024-04-08 17:13:45,166 <requestor-worker-3:4075859, MainThread:140589325879104> (requestor.py:_fetch_single_async:200 -> session.py:request:328) from logger `RFC.session_aiohttp`
[INFO] session requesting HiFiNiPostPage(339303).HiFiNiMusicPreview(S8h1CD8iw2rKaLLCWKyj9E29ALvkJi9J+cie__XkfLRecE9klew7VhEhY3D1M7Lx4k1C_ZWZ3A)

2024-04-08 17:14:02,242 <requestor-worker-1:4075847, MainThread:140589325879104> (requestor.py:_fetch_single_async:200 -> session.py:request:328) from logger `RFC.session_aiohttp`
[INFO] session requesting HiFiNiPostPage(341568).HiFiNiMusicPreview(QJp2Wjp1wjrKaLLCWKyj9FnmAqOpa3ES5YjS6em6IKhfeRciweE7XGNiMSc)

2024-04-08 17:14:03,975 <requestor-worker-2:4075853, MainThread:140589325879104> (requestor.py:_fetch_single_async:200 -> session.py:request:328) from logger `RFC.session_aiohttp`
[INFO] session requesting HiFiNiPostPage(342031).HiFiNiMusicPreview(Qs0mXWtxw23KaLLCWKyj9E29ALvkJi9J+cie__XkfLRecE9klew5Kj8jNmD3Crr+wlJC_ZWZ3A)

2024-04-08 17:14:05,631 <requestor-worker-0:4075840, MainThread:140589325879104> (requestor.py:_fetch_single_async:200 -> session.py:request:328) from logger `RFC.session_aiohttp`
[INFO] session requesting HiFiNiPostPage(341995).HiFiNiMusicPreview(RsxxCG8gy23KaLLCWKyj9FnmAqOpa3ES5YjS6em6IKhfeRciweE6XWRnNC30UA)

2024-04-08 17:14:05,915 <requestor-worker-5:4075868, MainThread:140589325879104> (requestor.py:_fetch_single_async:200 -> session.py:request:328) from logger `RFC.session_aiohttp`
[INFO] session requesting HiFiNiPostPage(341992).HiFiNiMusicPreview(RM0nATpyyDzKaLLCWKyj9FnmAqOpa3ES5YjS6em6IKhfeRciweE7UWNmNSLw)

2024-04-08 17:14:09,585 <requestor-worker-3:4075859, MainThread:140589325879104> (requestor.py:_fetch_single_async:200 -> session.py:request:328) from logger `RFC.session_aiohttp`
[INFO] session requesting HiFiNiPostPage(342341).HiFiNiMusicPreview(Ec0jWTZ1w2DKaLLCWKyj9E29ALvkJi9J+cie__XkfLRecE9klew7CCFoc2X2NIbB82pC_ZWZ3A)

2024-04-08 17:14:28,992 <requestor-worker-2:4075853, MainThread:140589325879104> (requestor.py:_fetch_single_async:200 -> session.py:request:328) from logger `RFC.session_aiohttp`
[INFO] session requesting HiFiNiPostPage(327910).HiFiNiMusicPreview(RZsgWT4lmTzKaLLCWKyj9FnmAqOpa3ES5YjS6em6IKhfeRciweE5VmFgMiLwW_SX)

2024-04-08 17:14:29,385 <requestor-worker-5:4075868, MainThread:140589325879104> (requestor.py:_fetch_single_async:200 -> session.py:request:328) from logger `RFC.session_aiohttp`
[INFO] session requesting HiFiNiPostPage(327899).HiFiNiMusicPreview(S5p2Xj5znzrKaLLCWKyj9E29ALvkJi9J+cie__XkfLRecE9klew5NjombWz1BKLo7G9C_ZWZ3A)

2024-04-08 17:14:29,928 <requestor-worker-1:4075847, MainThread:140589325879104> (requestor.py:_fetch_single_async:200 -> session.py:request:328) from logger `RFC.session_aiohttp`
[INFO] session requesting HiFiNiPostPage(327879).HiFiNiMusicPreview(SsZzCWsjz2rKaLLCWKyj9FnmAqOpa3ES5YjS6em6IKhfeRciweE7UWNlMS31Vw)

2024-04-08 17:14:34,771 <requestor-worker-2:4075853, MainThread:140589325879104> (requestor.py:_fetch_single_async:200 -> session.py:request:328) from logger `RFC.session_aiohttp`
[INFO] session requesting HiFiNiPostPage(327669).HiFiNiMusicPreview(Rc8nDj90nmzKaLLCWKyj9E29ALvkJi9J+cie__XkfLRecE9klew6Cx8fTHb3IIfJmUxC_ZWZ3A)

2024-04-08 17:14:40,009 <requestor-worker-4:4075863, MainThread:140589325879104> (requestor.py:_fetch_single_async:200 -> session.py:request:328) from logger `RFC.session_aiohttp`
[INFO] session requesting HiFiNiPostPage(345476).HiFiNiMusicPreview(RZ5xC20km2jKaLLCWKyj9E29ALvkJi9J+cie__XkfLRecE9klew7DSgVdEL2W4Lizl5C_ZWZ3A)

2024-04-08 17:14:41,713 <requestor-worker-4:4075863, MainThread:140589325879104> (requestor.py:_fetch_single_async:200 -> session.py:request:328) from logger `RFC.session_aiohttp`
[INFO] session requesting HiFiNiPostPage(346423).HiFiNiMusicPreview(EctzW2xxzTzKaLLCWKyj9FnmAqOpa3ES5YjS6em6IKhfeRciweE6VWtoPCP2UPuS)

2024-04-08 17:14:42,751 <requestor-worker-2:4075853, MainThread:140589325879104> (requestor.py:_fetch_single_async:200 -> session.py:request:328) from logger `RFC.session_aiohttp`
[INFO] session requesting HiFiNiPostPage(327326).HiFiNiMusicPreview(Fs8kXTYlzT7KaLLCWKyj9E29ALvkJi9J+cie__XkfLRecE9klew5PB4famL1C6fI+zZC_ZWZ3A)

2024-04-08 17:14:47,161 <requestor-worker-4:4075863, MainThread:140589325879104> (requestor.py:_fetch_single_async:200 -> session.py:request:328) from logger `RFC.session_aiohttp`
[INFO] session requesting HiFiNiPostPage(327144).HiFiNiMusicPreview(QZtzCDp2m2vKaLLCWKyj9FnmAqOpa3ES5YjS6em6IKhfeRciweE6VWthMCLxWvOW)

2024-04-08 17:14:47,889 <requestor-worker-4:4075863, MainThread:140589325879104> (requestor.py:_fetch_single_async:200 -> session.py:request:328) from logger `RFC.session_aiohttp`
[INFO] session requesting HiFiNiPostPage(327106).HiFiNiMusicPreview(EMggXmxzyTrKaLLCWKyj9FnmAqOpa3ES5YjS6em6IKhfeRciweE8VmFlMyT0)

2024-04-08 17:14:47,991 <requestor-worker-4:4075863, MainThread:140589325879104> (requestor.py:_fetch_single_async:200 -> session.py:request:328) from logger `RFC.session_aiohttp`
[INFO] session requesting HiFiNiPostPage(327103).HiFiNiMusicPreview(Q81yWjx4zW7KaLLCWKyj9FnmAqOpa3ES5YjS6em6IKhfeRciweE6VWplNyX0VvKU)

2024-04-08 17:14:48,806 <requestor-worker-3:4075859, MainThread:140589325879104> (requestor.py:_fetch_single_async:200 -> session.py:request:328) from logger `RFC.session_aiohttp`
[INFO] session requesting HiFiNiPostPage(346328).HiFiNiMusicPreview(RpkiDzdxnG_KaLLCWKyj9E29ALvkJi9J+cie__XkfLRecE9klew4Mh0pZk72IZPTxlFC_ZWZ3A)

2024-04-08 17:14:51,214 <requestor-worker-0:4075840, MainThread:140589325879104> (requestor.py:_fetch_single_async:200 -> session.py:request:328) from logger `RFC.session_aiohttp`
[INFO] session requesting HiFiNiPostPage(326999).HiFiNiMusicPreview(RZsjDjYkyG_KaLLCWKyj9Ff8HqGjIG4V4JWf5ev4fLRecE90zLg1UWBlPC3zVvuU)

2024-04-08 17:14:52,597 <requestor-worker-5:4075868, MainThread:140589325879104> (requestor.py:_fetch_single_async:200 -> session.py:request:328) from logger `RFC.session_aiohttp`
[INFO] session requesting HiFiNiPostPage(347460).HiFiNiMusicPreview(S80iWTwknjnKaLLCWKyj9FnmAqOpa3ES5YjS6em6IKhfeRciweE6VWBjNSX2UPOf)

2024-04-08 17:14:54,188 <requestor-worker-0:4075840, MainThread:140589325879104> (requestor.py:_fetch_single_async:200 -> session.py:request:328) from logger `RFC.session_aiohttp`
[INFO] session requesting HiFiNiPostPage(346947).HiFiNiMusicPreview(S8pzWz8nzjnKaLLCWKyj9FnmAqOpa3ES5YjS6em6IKhfeRciweE7U2BpMiE)

2024-04-08 17:14:55,762 <requestor-worker-4:4075863, MainThread:140589325879104> (requestor.py:_fetch_single_async:200 -> session.py:request:328) from logger `RFC.session_aiohttp`
[INFO] session requesting HiFiNiPostPage(347078).HiFiNiMusicPreview(Q89zWmwinDzKaLLCWKyj9FnmAqOpa3ES5YjS6em6IKhfeRciweE6VGJiMiD0W_qT)

2024-04-08 17:14:56,846 <requestor-worker-0:4075840, MainThread:140589325879104> (requestor.py:_fetch_single_async:200 -> session.py:request:328) from logger `RFC.session_aiohttp`
[INFO] session requesting HiFiNiPostPage(326699).HiFiNiMusicPreview(R5oiDzskwjrKaLLCWKyj9Ff8HqGjIG4V4JWf5ev4fLRecE90zLg1V2BiMiL+)

2024-04-08 17:14:56,924 <requestor-worker-1:4075847, MainThread:140589325879104> (requestor.py:_fetch_single_async:200 -> session.py:request:328) from logger `RFC.session_aiohttp`
[INFO] session requesting HiFiNiPostPage(347201).HiFiNiMusicPreview(Rc90Dm10nm7KaLLCWKyj9E29ALvkJi9J+cie__XkfLRecE9klew7NjYgZETyMYHkzFBC_ZWZ3A)

2024-04-08 17:14:59,322 <requestor-worker-5:4075868, MainThread:140589325879104> (requestor.py:_fetch_single_async:200 -> session.py:request:328) from logger `RFC.session_aiohttp`
[INFO] session requesting HiFiNiPostPage(347470).HiFiNiMusicPreview(Q8cgCzp3yGvKaLLCWKyj9FnmAqOpa3ES5YjS6em6IKhfeRciweE5VmVgNiTwV_WQ)

2024-04-08 17:15:00,227 <requestor-worker-0:4075840, MainThread:140589325879104> (requestor.py:_fetch_single_async:200 -> session.py:request:328) from logger `RFC.session_aiohttp`
[INFO] session requesting HiFiNiPostPage(347468).HiFiNiMusicPreview(Q8kpXDlxwjvKaLLCWKyj9FnmAqOpa3ES5YjS6em6IKhfeRciweE5UWdnMiX2WvuX)

2024-04-08 17:15:01,187 <requestor-worker-3:4075859, MainThread:140589325879104> (requestor.py:_fetch_single_async:200 -> session.py:request:328) from logger `RFC.session_aiohttp`
[INFO] session requesting HiFiNiPostPage(347609).HiFiNiMusicPreview(QJlyC214yz7KaLLCWKyj9E29ALvkJi9J+cie__XkfLRecE9klew4BDFlTl71Jo3152lC_ZWZ3A)

2024-04-08 17:15:01,425 <requestor-worker-5:4075868, MainThread:140589325879104> (requestor.py:_fetch_single_async:200 -> session.py:request:328) from logger `RFC.session_aiohttp`
[INFO] session requesting HiFiNiPostPage(347637).HiFiNiMusicPreview(R5wgATwizmDKaLLCWKyj9E29ALvkJi9J+cie__XkfLRecE9klew7ETcDTn72VIzE4G5C_ZWZ3A)

2024-04-08 17:15:02,403 <requestor-worker-0:4075840, MainThread:140589325879104> (requestor.py:_fetch_single_async:200 -> session.py:request:328) from logger `RFC.session_aiohttp`
[INFO] session requesting HiFiNiPostPage(326474).HiFiNiMusicPreview(QsdxCT4nm2jKaLLCWKyj9E29ALvkJi9J+cie__XkfLRecE9klew4HSNkSCb3U_LW_HJC_ZWZ3A)

2024-04-08 17:15:02,590 <requestor-worker-4:4075863, MainThread:140589325879104> (requestor.py:_fetch_single_async:200 -> session.py:request:328) from logger `RFC.session_aiohttp`
[INFO] session requesting HiFiNiPostPage(326470).HiFiNiMusicPreview(R8pzAW10n2zKaLLCWKyj9E29ALvkJi9J+cie9P3kIuhCcUYsiuw4VDw2V0GIUIvyyn5au4mA3RA)

2024-04-08 17:15:03,018 <requestor-worker-4:4075863, MainThread:140589325879104> (requestor.py:_fetch_single_async:200 -> session.py:request:328) from logger `RFC.session_aiohttp`
[INFO] session requesting HiFiNiPostPage(347822).HiFiNiMusicPreview(Qch2W2pzym7KaLLCWKyj9E29ALvkJi9J+cie__XkfLRecE9klew8AAEEYkf2KJeR6FFC_ZWZ3A)

2024-04-08 17:15:03,080 <requestor-worker-1:4075847, MainThread:140589325879104> (requestor.py:_fetch_single_async:200 -> session.py:request:328) from logger `RFC.session_aiohttp`
[INFO] session requesting HiFiNiPostPage(347814).HiFiNiMusicPreview(RZ1zCjYizG_KaLLCWKyj9E29ALvkJi9J+cie__XkfLRecE9klew8ARwfRHH1V7DVn2RC_ZWZ3A)

2024-04-08 17:15:06,353 <requestor-worker-5:4075868, MainThread:140589325879104> (requestor.py:_fetch_single_async:200 -> session.py:request:328) from logger `RFC.session_aiohttp`
[INFO] session requesting HiFiNiPostPage(348051).HiFiNiMusicPreview(F5lxCz0izmzKaLLCWKyj9FnmAqOpa3ES5YjS6em6IKhfeRciweE5XGtkMCXwU_OU)

2024-04-08 17:15:06,830 <requestor-worker-3:4075859, MainThread:140589325879104> (requestor.py:_fetch_single_async:200 -> session.py:request:328) from logger `RFC.session_aiohttp`
[INFO] session requesting HiFiNiPostPage(348222).HiFiNiMusicPreview(QJsnCG91zDnKaLLCWKyj9E29ALvkJi9J+cie__XkfLRecE9klew7Dz0HVF33I5niz2pC_ZWZ3A)

2024-04-08 17:15:11,446 <requestor-worker-5:4075868, MainThread:140589325879104> (requestor.py:_fetch_single_async:200 -> session.py:request:328) from logger `RFC.session_aiohttp`
[INFO] session requesting HiFiNiPostPage(326139).HiFiNiMusicPreview(R852Cj5yzT3KaLLCWKyj9FnmAqOpa3ES5YjS6em6IKhfeRciweE7UWVpNyE)

2024-04-08 17:15:11,506 <requestor-worker-1:4075847, MainThread:140589325879104> (requestor.py:_fetch_single_async:200 -> session.py:request:328) from logger `RFC.session_aiohttp`
[INFO] session requesting HiFiNiPostPage(326129).HiFiNiMusicPreview(Qs4jXD90zD7KaLLCWKyj9E29ALvkJi9J+cie__XkfLRecE9klew8VQowYlr1E6yR8lFC_ZWZ3A)

2024-04-08 17:15:11,512 <requestor-worker-1:4075847, MainThread:140589325879104> (requestor.py:_fetch_single_async:200 -> session.py:request:328) from logger `RFC.session_aiohttp`
[INFO] session requesting HiFiNiPostPage(326128).HiFiNiMusicPreview(S8glCGonwznKaLLCWKyj9Ff8HqGjIG4V4JWf5ev4fLRecE90zLg1VGZkMST0UvCfkg)

2024-04-08 17:15:12,853 <requestor-worker-2:4075853, MainThread:140589325879104> (requestor.py:_fetch_single_async:200 -> session.py:request:328) from logger `RFC.session_aiohttp`
[INFO] session requesting HiFiNiPostPage(326144).HiFiNiMusicPreview(QpoiCjolzWDKaLLCWKyj9E29ALvkJi9J+cie__XkfLRecE9klew8MSAabXb1MZns_39C_ZWZ3A)

2024-04-08 17:15:12,984 <requestor-worker-3:4075859, MainThread:140589325879104> (requestor.py:_fetch_single_async:200 -> session.py:request:328) from logger `RFC.session_aiohttp`
[INFO] session requesting HiFiNiPostPage(349934).HiFiNiMusicPreview(QsomDDcnyD3KaLLCWKyj9E29ALvkJi9J+cie__XkfLRecE9klew8MTQ7Qnj2Bqfr81BC_ZWZ3A)

2024-04-08 17:15:16,283 <requestor-worker-0:4075840, MainThread:140589325879104> (requestor.py:_fetch_single_async:200 -> session.py:request:328) from logger `RFC.session_aiohttp`
[INFO] session requesting HiFiNiPostPage(325935).HiFiNiMusicPreview(EsZ2Xmp2nznKaLLCWKyj9E29ALvkJi9J+cie__XkfLRecE9klew7FR0_RC31OqH04DBC_ZWZ3A)

2024-04-08 17:15:16,330 <requestor-worker-0:4075840, MainThread:140589325879104> (requestor.py:_fetch_single_async:200 -> session.py:request:328) from logger `RFC.session_aiohttp`
[INFO] session requesting HiFiNiPostPage(325932).HiFiNiMusicPreview(S8wkDz10yjnKaLLCWKyj9FnmAqOpa3ES5YjS6em6IKhfeRciweE6VWpjMSXwUPeR)

2024-04-08 17:15:17,049 <requestor-worker-5:4075868, MainThread:140589325879104> (requestor.py:_fetch_single_async:200 -> session.py:request:328) from logger `RFC.session_aiohttp`
[INFO] session requesting HiFiNiPostPage(325899).HiFiNiMusicPreview(RMgiWjp2zmHKaLLCWKyj9Ff8HqGjIG4V4JWf5ev4fLRecE90zLg1VGtpMiH3W_KRnQ)

2024-04-08 17:15:17,313 <requestor-worker-0:4075840, MainThread:140589325879104> (requestor.py:_fetch_single_async:200 -> session.py:request:328) from logger `RFC.session_aiohttp`
[INFO] session requesting HiFiNiPostPage(325901).HiFiNiMusicPreview(Fc92ADwlyG_KaLLCWKyj9E29ALvkJi9J+cie__XkfLRecE9klew4DRYwNGT3MIDT5khC_ZWZ3A)

2024-04-08 17:15:17,822 <requestor-worker-1:4075847, MainThread:140589325879104> (requestor.py:_fetch_single_async:200 -> session.py:request:328) from logger `RFC.session_aiohttp`
[INFO] session requesting HiFiNiPostPage(325930).HiFiNiMusicPreview(R8wjXTZ3ymDKaLLCWKyj9FnmAqOpa3ES5YjS6em6IKhfeRciweE5UWBjNiT3UfWS)

2024-04-08 17:15:17,898 <requestor-worker-1:4075847, MainThread:140589325879104> (requestor.py:_fetch_single_async:200 -> session.py:request:328) from logger `RFC.session_aiohttp`
[INFO] session requesting HiFiNiPostPage(349382).HiFiNiMusicPreview(QZpxD210n2_KaLLCWKyj9E29ALvkJi9J+cie__XkfLRecE9klew6DAECR1b2UKuf_X1C_ZWZ3A)

2024-04-08 17:15:18,641 <requestor-worker-0:4075840, MainThread:140589325879104> (requestor.py:_fetch_single_async:200 -> session.py:request:328) from logger `RFC.session_aiohttp`
[INFO] session requesting HiFiNiPostPage(325846).HiFiNiMusicPreview(R8ooWz12wm3KaLLCWKyj9FnmAqOpa3ES5YjS6em6IKhfeRciweE7U2FjNiE)

2024-04-08 17:15:18,949 <requestor-worker-4:4075863, MainThread:140589325879104> (requestor.py:_fetch_single_async:200 -> session.py:request:328) from logger `RFC.session_aiohttp`
[INFO] session requesting HiFiNiPostPage(325827).HiFiNiMusicPreview(Es1yXT90ymzKaLLCWKyj9Ff8HqGjIG4V4JWf5ev4fLRecE90zLg1VGNhNSXz)

2024-04-08 17:15:20,477 <requestor-worker-5:4075868, MainThread:140589325879104> (requestor.py:_fetch_single_async:200 -> session.py:request:328) from logger `RFC.session_aiohttp`
[INFO] session requesting HiFiNiPostPage(349729).HiFiNiMusicPreview(F811DDx1w2zKaLLCWKyj9E29ALvkJi9J+cie__XkfLRecE9klew6HSIXUCP1U7r82mJC_ZWZ3A)

2024-04-08 17:15:20,481 <requestor-worker-2:4075853, MainThread:140589325879104> (requestor.py:_fetch_single_async:200 -> session.py:request:328) from logger `RFC.session_aiohttp`
[INFO] session requesting HiFiNiPostPage(349727).HiFiNiMusicPreview(Rs0hCjcnyT3KaLLCWKyj9E29ALvkJi9J+cie__XkfLRecE9klew7MT02XE70F4jTz1FC_ZWZ3A)

2024-04-08 17:15:23,461 <requestor-worker-2:4075853, MainThread:140589325879104> (requestor.py:_fetch_single_async:200 -> session.py:request:328) from logger `RFC.session_aiohttp`
[INFO] session requesting HiFiNiPostPage(325705).HiFiNiMusicPreview(F8cmCzd0ymDKaLLCWKyj9FnmAqOpa3ES5YjS6em6IKhfeRciweE5VmtjMiX3WvGf)

2024-04-08 17:15:23,969 <requestor-worker-0:4075840, MainThread:140589325879104> (requestor.py:_fetch_single_async:200 -> session.py:request:328) from logger `RFC.session_aiohttp`
[INFO] session requesting HiFiNiPostPage(325679).HiFiNiMusicPreview(EJ4gXWt5z2HKaLLCWKyj9FnmAqOpa3ES5YjS6em6IKhfeRciweE6VWpjNCfxVvSQ)

2024-04-08 17:15:24,108 <requestor-worker-5:4075868, MainThread:140589325879104> (requestor.py:_fetch_single_async:200 -> session.py:request:328) from logger `RFC.session_aiohttp`
[INFO] session requesting HiFiNiPostPage(325562).HiFiNiMusicPreview(Q89zCmpzymnKaLLCWKyj9E29ALvkJi9J+cie__XkfLRecE9klew4VhQ_R3jyBfrWk39C_ZWZ3A)

2024-04-08 17:15:25,364 <requestor-worker-0:4075840, MainThread:140589325879104> (requestor.py:_fetch_single_async:200 -> session.py:request:328) from logger `RFC.session_aiohttp`
[INFO] session requesting HiFiNiPostPage(325644).HiFiNiMusicPreview(Ep0nXjsiyW7KaLLCWKyj9E29ALvkJi9J+cie__XkfLRecE9klew6CWEDYEbyKaDFwHdC_ZWZ3A)

2024-04-08 17:15:25,379 <requestor-worker-0:4075840, MainThread:140589325879104> (requestor.py:_fetch_single_async:200 -> session.py:request:328) from logger `RFC.session_aiohttp`
[INFO] session requesting HiFiNiPostPage(325593).HiFiNiMusicPreview(FckoXjknyWHKaLLCWKyj9E29ALvkJi9J+cie__XkfLRecE9klew6MSQWdFH2F4bL2zNC_ZWZ3A)

2024-04-08 17:15:25,487 <requestor-worker-1:4075847, MainThread:140589325879104> (requestor.py:_fetch_single_async:200 -> session.py:request:328) from logger `RFC.session_aiohttp`
[INFO] session requesting HiFiNiPostPage(325645).HiFiNiMusicPreview(QcpxXGsnmG3KaLLCWKyj9E29ALvkJi9J+cie__XkfLRecE9klew6ITQ9QGzyVbDU6ExC_ZWZ3A)

2024-04-08 17:15:25,736 <requestor-worker-1:4075847, MainThread:140589325879104> (requestor.py:_fetch_single_async:200 -> session.py:request:328) from logger `RFC.session_aiohttp`
[INFO] session requesting HiFiNiPostPage(350226).HiFiNiMusicPreview(Qs8jCz9zmW3KaLLCWKyj9FnmAqOpa3ES5YjS6em6IKhfeRciweE5VmJoPSXyU_KT)

2024-04-08 17:15:26,637 <requestor-worker-5:4075868, MainThread:140589325879104> (requestor.py:_fetch_single_async:200 -> session.py:request:328) from logger `RFC.session_aiohttp`
[INFO] session requesting HiFiNiPostPage(325591).HiFiNiMusicPreview(QcpxADx1zmzKaLLCWKyj9E29ALvkJi9J+cie__XkfLRecE9klew4FxxjdVz1Cref30hC_ZWZ3A)

2024-04-08 17:15:29,690 <requestor-worker-5:4075868, MainThread:140589325879104> (requestor.py:_fetch_single_async:200 -> session.py:request:328) from logger `RFC.session_aiohttp`
[INFO] session requesting HiFiNiPostPage(325475).HiFiNiMusicPreview(EZsoWj95zzrKaLLCWKyj9FnmAqOpa3ES5YjS6em6IKhfeRciweE6VWpiPST_VvOQ)

2024-04-08 17:15:29,922 <requestor-worker-3:4075859, MainThread:140589325879104> (requestor.py:_fetch_single_async:200 -> session.py:request:328) from logger `RFC.session_aiohttp`
[INFO] session requesting HiFiNiPostPage(351343).HiFiNiMusicPreview(F5tzDjknmWzKaLLCWKyj9E29ALvkJi9J+cie__XkfLRecE9klew4Fysjd0T2W6fLmFJC_ZWZ3A)

2024-04-08 17:15:30,637 <requestor-worker-2:4075853, MainThread:140589325879104> (requestor.py:_fetch_single_async:200 -> session.py:request:328) from logger `RFC.session_aiohttp`
[INFO] session requesting HiFiNiPostPage(325404).HiFiNiMusicPreview(Q5wlXjsjnGrKaLLCWKyj9Ff8HqGjIG4V4JWf5ev4fLRecE90zLg1V2JlNiX3V_Gfnw)

2024-04-08 17:15:31,985 <requestor-worker-3:4075859, MainThread:140589325879104> (requestor.py:_fetch_single_async:200 -> session.py:request:328) from logger `RFC.session_aiohttp`
[INFO] session requesting HiFiNiPostPage(325309).HiFiNiMusicPreview(FcsgDGojnmjKaLLCWKyj9FnmAqOpa3ES5YjS6em6IKhfeRciweE6VWpkMiD1U_KW)

2024-04-08 17:15:32,177 <requestor-worker-0:4075840, MainThread:140589325879104> (requestor.py:_fetch_single_async:200 -> session.py:request:328) from logger `RFC.session_aiohttp`
[INFO] session requesting HiFiNiPostPage(325301).HiFiNiMusicPreview(RJt0DDsnyG_KaLLCWKyj9E29ALvkJi9J+cie__XkfLRecE9klew5BiITMyT2BqHxxjNC_ZWZ3A)

2024-04-08 17:15:32,209 <requestor-worker-0:4075840, MainThread:140589325879104> (requestor.py:_fetch_single_async:200 -> session.py:request:328) from logger `RFC.session_aiohttp`
[INFO] session requesting HiFiNiPostPage(325414).HiFiNiMusicPreview(Fs4oCz53wzrKaLLCWKyj9FnmAqOpa3ES5YjS6em6IKhfeRciweE6VWdkNyXzUfSe)

2024-04-08 17:15:32,332 <requestor-worker-5:4075868, MainThread:140589325879104> (requestor.py:_fetch_single_async:200 -> session.py:request:328) from logger `RFC.session_aiohttp`
[INFO] session requesting HiFiNiPostPage(325293).HiFiNiMusicPreview(SsYjAD4lyj3KaLLCWKyj9Ff8HqGjIG4V4JWf5ev4fLRecE90zLg1V2JiMyXwVfeTmg)

2024-04-08 17:15:32,503 <requestor-worker-5:4075868, MainThread:140589325879104> (requestor.py:_fetch_single_async:200 -> session.py:request:328) from logger `RFC.session_aiohttp`
[INFO] session requesting HiFiNiPostPage(325291).HiFiNiMusicPreview(R84kCjl4mGHKaLLCWKyj9FnmAqOpa3ES5YjS6em6IKhfeRciweE6UGpoMSb0)

2024-04-08 17:15:38,837 <requestor-worker-3:4075859, MainThread:140589325879104> (requestor.py:_fetch_single_async:200 -> session.py:request:328) from logger `RFC.session_aiohttp`
[INFO] session requesting HiFiNiPostPage(325017).HiFiNiMusicPreview(Qc0mCTxwyW7KaLLCWKyj9FnmAqOpa3ES5YjS6em6IKhfeRciweE5XGpkNSH3V_ae)

2024-04-08 17:15:42,827 <requestor-worker-0:4075840, MainThread:140589325879104> (requestor.py:_fetch_single_async:200 -> session.py:request:328) from logger `RFC.session_aiohttp`
[INFO] session requesting HiFiNiPostPage(324866).HiFiNiMusicPreview(Rp1yAT95mDzKaLLCWKyj9E29ALvkJi9J+cie__XkfLRecE9klew6CydoRFv3IYjS_DdC_ZWZ3A)

2024-04-08 17:15:45,657 <requestor-worker-3:4075859, MainThread:140589325879104> (requestor.py:_fetch_single_async:200 -> session.py:request:328) from logger `RFC.session_aiohttp`
[INFO] session requesting HiFiNiPostPage(324561).HiFiNiMusicPreview(Rst2DTd3nDrKaLLCWKyj9Ff8HqGjIG4V4JWf5ev4fLRecE90zLg1V2JpMyT_WvuRmg)

2024-04-08 17:15:53,419 <requestor-worker-5:4075868, MainThread:140589325879104> (requestor.py:_fetch_single_async:200 -> session.py:request:328) from logger `RFC.session_aiohttp`
[INFO] session requesting HiFiNiPostPage(353765).HiFiNiMusicPreview(Qs4oATx1zWDKaLLCWKyj9FnmAqOpa3ES5YjS6em6IKhfeRciweE6VGNjNC3wUfaWjWYB5dqB0whopzB9RZtJZmUBh1ANEpqkM0GNjkpa+f1L2A98_mfhSp_z4o4sAHGq9xxg2oMlaY0yCB2GP1e5pSGt_ZxEn0NnHSd6hnKQCy_zFoNXsg+NqAGl9SQramm_6ghBOM3YHd4Rpx02eiqNEKTvvwzKmPW3950XypDGy1L_5S2IizDxdqvJmCtq2ybXxjgv)

2024-04-08 17:15:55,193 <requestor-worker-0:4075840, MainThread:140589325879104> (requestor.py:_fetch_single_async:200 -> session.py:request:328) from logger `RFC.session_aiohttp`
[INFO] session requesting HiFiNiPostPage(324307).HiFiNiMusicPreview(R54gCGoizDnKaLLCWKyj9Ff8HqGjIG4V4JWf5ev4fLRecE90zLg1V2JnPS31UfGSkg)

2024-04-08 17:15:57,512 <requestor-worker-3:4075859, MainThread:140589325879104> (requestor.py:_fetch_single_async:200 -> session.py:request:328) from logger `RFC.session_aiohttp`
[INFO] session requesting HiFiNiPostPage(324196).HiFiNiMusicPreview(Q8wgC2snz2HKaLLCWKyj9E29ALvkJi9J+cie__XkfLRecE9klew6Ajkcc2D2DpHD6W1C_ZWZ3A)

2024-04-08 17:16:09,290 <requestor-worker-4:4075863, MainThread:140589325879104> (requestor.py:_fetch_single_async:200 -> session.py:request:328) from logger `RFC.session_aiohttp`
[INFO] session requesting HiFiNiPostPage(355292).HiFiNiMusicPreview(RckpDj52mz3KaLLCWKyj9E29ALvkJi9J+cie__XkfLRecE9klew6JmIbX2L1MpP2nUJC_ZWZ3A)

2024-04-08 17:16:18,060 <requestor-worker-5:4075868, MainThread:140589325879104> (requestor.py:_fetch_single_async:200 -> session.py:request:328) from logger `RFC.session_aiohttp`
[INFO] session requesting HiFiNiPostPage(356073).HiFiNiMusicPreview(S54oCT93mWDKaLLCWKyj9E29ALvkJi9J+cie__XkfLRecE9klew7FRk7NmD3K7bNwzNC_ZWZ3A)

2024-04-08 17:16:26,537 <requestor-worker-3:4075859, MainThread:140589325879104> (requestor.py:_fetch_single_async:200 -> session.py:request:328) from logger `RFC.session_aiohttp`
[INFO] session requesting HiFiNiPostPage(356848).HiFiNiMusicPreview(Q8coDDh5zD7KaLLCWKyj9E29ALvkJi9J+cie__XkfLRecE9klew5KxtiSWH3LKXCmjNC_ZWZ3A)

2024-04-08 17:16:42,909 <requestor-worker-3:4075859, MainThread:140589325879104> (requestor.py:_fetch_single_async:200 -> session.py:request:328) from logger `RFC.session_aiohttp`
[INFO] session requesting HiFiNiPostPage(321976).HiFiNiMusicPreview(RJ0oWTZ1zjzKaLLCWKyj9E29ALvkJi9J+cie__XkfLRecE9klew6L2sIMyX2KKTD_nVC_ZWZ3A)

2024-04-08 17:16:44,533 <requestor-worker-4:4075863, MainThread:140589325879104> (requestor.py:_fetch_single_async:200 -> session.py:request:328) from logger `RFC.session_aiohttp`
[INFO] session requesting HiFiNiPostPage(358590).HiFiNiMusicPreview(Qc4lADkjzWHKaLLCWKyj9FnmAqOpa3ES5YjS6em6IKhfeRciweE6VGJiNiz3UvSV)

2024-04-08 17:16:58,460 <requestor-worker-4:4075863, MainThread:140589325879104> (requestor.py:_fetch_single_async:200 -> session.py:request:328) from logger `RFC.session_aiohttp`
[INFO] session requesting HiFiNiPostPage(359268).HiFiNiMusicPreview(Fc8kCzwiw2HKaLLCWKyj9E29ALvkJi9J+cie__XkfLRecE9klew5PTcUQmDyKKnHnFJC_ZWZ3A)

2024-04-08 17:17:03,022 <requestor-worker-5:4075868, MainThread:140589325879104> (requestor.py:_fetch_single_async:200 -> session.py:request:328) from logger `RFC.session_aiohttp`
[INFO] session requesting HiFiNiPostPage(361377).HiFiNiMusicPreview(F891AT5wyWnKaLLCWKyj9E29ALvkJi9J+cie__XkfLRecE9klew7FmcVPXf3NYXQ3kFC_ZWZ3A)

2024-04-08 17:17:10,225 <requestor-worker-0:4075840, MainThread:140589325879104> (requestor.py:_fetch_single_async:200 -> session.py:request:328) from logger `RFC.session_aiohttp`
[INFO] session requesting HiFiNiPostPage(320963).HiFiNiMusicPreview(FZohD28kyWrKaLLCWKyj9E29ALvkJi9J+cie__XkfLRecE9klew8JyIbNl32GqTwnz5C_ZWZ3A)

2024-04-08 17:17:10,597 <requestor-worker-4:4075863, MainThread:140589325879104> (requestor.py:_fetch_single_async:200 -> session.py:request:328) from logger `RFC.session_aiohttp`
[INFO] session requesting HiFiNiPostPage(320945).HiFiNiMusicPreview(FZ1zXj95njvKaLLCWKyj9Ff8HqGjIG4V4JWf5ev4fLRecE90zLg1UGJgMCT2)

2024-04-08 17:17:21,764 <requestor-worker-5:4075868, MainThread:140589325879104> (requestor.py:_fetch_single_async:200 -> session.py:request:328) from logger `RFC.session_aiohttp`
[INFO] session requesting HiFiNiPostPage(361043).HiFiNiMusicPreview(SponXDp0zj3KaLLCWKyj9FnmAqOpa3ES5YjS6em6IKhfeRciweE6VGJpNyHzUPWQ)

2024-04-08 17:17:39,150 <requestor-worker-1:4075847, MainThread:140589325879104> (requestor.py:_fetch_single_async:200 -> session.py:request:328) from logger `RFC.session_aiohttp`
[INFO] session requesting HiFiNiPostPage(318815).HiFiNiMusicPreview(FconDGwkyW3KaLLCWKyj9E29ALvkJi9J+cie__XkfLRecE9klew6MRcJU1r1Co_jyWJC_ZWZ3A)

2024-04-08 17:17:41,984 <requestor-worker-3:4075859, MainThread:140589325879104> (requestor.py:_fetch_single_async:200 -> session.py:request:328) from logger `RFC.session_aiohttp`
[INFO] session requesting HiFiNiPostPage(318412).HiFiNiMusicPreview(EsYoCGx0m27KaLLCWKyj9FnmAqOpa3ES5YjS6em6IKhfeRciweE6VWZiNCP+UfOX)

2024-04-08 17:17:42,461 <requestor-worker-5:4075868, MainThread:140589325879104> (requestor.py:_fetch_single_async:200 -> session.py:request:328) from logger `RFC.session_aiohttp`
[INFO] session requesting HiFiNiPostPage(318414).HiFiNiMusicPreview(F5p2ADl2n2nKaLLCWKyj9FnmAqOpa3ES5YjS6em6IKhfeRciweE8V2VoPCTx)

2024-04-08 17:17:45,696 <requestor-worker-5:4075868, MainThread:140589325879104> (requestor.py:_fetch_single_async:200 -> session.py:request:328) from logger `RFC.session_aiohttp`
[INFO] session requesting HiFiNiPostPage(318117).HiFiNiMusicPreview(Qsh2DDt3mDnKaLLCWKyj9E29ALvkJi9J+cie__XkfLRecE9klew7VGtnNy32BI3P+TBC_ZWZ3A)

2024-04-08 17:17:45,792 <requestor-worker-0:4075840, MainThread:140589325879104> (requestor.py:_fetch_single_async:200 -> session.py:request:328) from logger `RFC.session_aiohttp`
[INFO] session requesting HiFiNiPostPage(318160).HiFiNiMusicPreview(RMwkAGggmD3KaLLCWKyj9FnmAqOpa3ES5YjS6em6IKhfeRciweE6VWphNCPyUPuW)

2024-04-08 17:17:58,574 <requestor-worker-3:4075859, MainThread:140589325879104> (requestor.py:_fetch_single_async:200 -> session.py:request:328) from logger `RFC.session_aiohttp`
[INFO] session requesting HiFiNiPostPage(317198).HiFiNiMusicPreview(RctzAG92zzvKaLLCWKyj9FnmAqOpa3ES5YjS6em6IKhfeRciweE6XWFoNCL0Vg)

2024-04-08 17:18:02,746 <requestor-worker-0:4075840, MainThread:140589325879104> (requestor.py:_fetch_single_async:200 -> session.py:request:328) from logger `RFC.session_aiohttp`
[INFO] session requesting HiFiNiPostPage(316880).HiFiNiMusicPreview(RcklCzcnym_KaLLCWKyj9FnmAqOpa3ES5YjS6em6IKhfeRciweE5XGRkMC31U_aX)

2024-04-08 17:18:27,061 <requestor-worker-3:4075859, MainThread:140589325879104> (requestor.py:_fetch_single_async:200 -> session.py:request:328) from logger `RFC.session_aiohttp`
[INFO] session requesting HiFiNiPostPage(315155).HiFiNiMusicPreview(Qpp2DWx3z2DKaLLCWKyj9E29ALvkJi9J+cie__XkfLRecE9klew6FSEQR3_0M7DvwktC_ZWZ3A)

2024-04-08 17:18:34,404 <requestor-worker-2:4075853, MainThread:140589325879104> (requestor.py:_fetch_single_async:200 -> session.py:request:328) from logger `RFC.session_aiohttp`
[INFO] session requesting HiFiNiPostPage(314746).HiFiNiMusicPreview(EMYoWW13mWjKaLLCWKyj9FnmAqOpa3ES5YjS6em6IKhfeRciweE6UmZjPCz1)

2024-04-08 17:18:34,781 <requestor-worker-2:4075853, MainThread:140589325879104> (requestor.py:_fetch_single_async:200 -> session.py:request:328) from logger `RFC.session_aiohttp`
[INFO] session requesting HiFiNiPostPage(314677).HiFiNiMusicPreview(Rs4nDz5wzjnKaLLCWKyj9FnmAqOpa3ES5YjS6em6IKhfeRciweE5VGFpNSI)

2024-04-08 17:18:46,009 <requestor-worker-2:4075853, MainThread:140589325879104> (requestor.py:_fetch_single_async:200 -> session.py:request:328) from logger `RFC.session_aiohttp`
[INFO] session requesting HiFiNiPostPage(313911).HiFiNiMusicPreview(RJknCjd0yGrKaLLCWKyj9FnmAqOpa3ES5YjS6em6IKhfeRciweE6VWRgMyf_VPWT)

2024-04-08 17:18:46,097 <requestor-worker-3:4075859, MainThread:140589325879104> (requestor.py:_fetch_single_async:200 -> session.py:request:328) from logger `RFC.session_aiohttp`
[INFO] session requesting HiFiNiPostPage(313897).HiFiNiMusicPreview(R50mAG9xz2DKaLLCWKyj9FnmAqOpa3ES5YjS6em6IKhfeRciweE5XGZlPS3xUPGT)

2024-04-08 17:18:47,415 <requestor-worker-1:4075847, MainThread:140589325879104> (requestor.py:_fetch_single_async:200 -> session.py:request:328) from logger `RFC.session_aiohttp`
[INFO] session requesting HiFiNiPostPage(313839).HiFiNiMusicPreview(Rc8gCzsin2rKaLLCWKyj9FnmAqOpa3ES5YjS6em6IKhfeRciweE5XWZoMCHyUg)

2024-04-08 17:18:51,626 <requestor-worker-0:4075840, MainThread:140589325879104> (requestor.py:_fetch_single_async:200 -> session.py:request:328) from logger `RFC.session_aiohttp`
[INFO] session requesting HiFiNiPostPage(313566).HiFiNiMusicPreview(QJspWWp1y2HKaLLCWKyj9E29ALvkJi9J+cie__XkfLRecE9klew5CjYSTH3yJ5eWzH5C_ZWZ3A)

2024-04-08 17:18:52,702 <requestor-worker-1:4075847, MainThread:140589325879104> (requestor.py:_fetch_single_async:200 -> session.py:request:328) from logger `RFC.session_aiohttp`
[INFO] session requesting HiFiNiPostPage(313436).HiFiNiMusicPreview(FchzCDZyzTnKaLLCWKyj9FnmAqOpa3ES5YjS6em6IKhfeRciweE5XWZkMSX0W_KS)

2024-04-08 17:18:54,618 <requestor-worker-5:4075868, MainThread:140589325879104> (requestor.py:_fetch_single_async:200 -> session.py:request:328) from logger `RFC.session_aiohttp`
[INFO] session requesting HiFiNiPostPage(313398).HiFiNiMusicPreview(EstzCjx4zmvKaLLCWKyj9Ff8HqGjIG4V4JWf5ev4fLRecE90zLg1UWNlMiPwWvSV)

2024-04-08 17:18:54,792 <requestor-worker-4:4075863, MainThread:140589325879104> (requestor.py:_fetch_single_async:200 -> session.py:request:328) from logger `RFC.session_aiohttp`
[INFO] session requesting HiFiNiPostPage(313352).HiFiNiMusicPreview(Q5txWm0lwz3KaLLCWKyj9FnmAqOpa3ES5YjS6em6IKhfeRciweE5VmRnNiE)

2024-04-08 17:19:34,307 <requestor-worker-0:4075840, MainThread:140589325879104> (requestor.py:_fetch_single_async:200 -> session.py:request:328) from logger `RFC.session_aiohttp`
[INFO] session requesting HiFiNiPostPage(310620).HiFiNiMusicPreview(Ss8iXm95m2rKaLLCWKyj9E29ALvkJi9J+cie__XkfLRecE9klew6HwAEXyH1MYbAmTFC_ZWZ3A)

2024-04-08 17:19:34,713 <requestor-worker-2:4075853, MainThread:140589325879104> (requestor.py:_fetch_single_async:200 -> session.py:request:328) from logger `RFC.session_aiohttp`
[INFO] session requesting HiFiNiPostPage(310622).HiFiNiMusicPreview(EsYjCzwizzvKaLLCWKyj9Ff8HqGjIG4V4JWf5ev4fLRecE90zLg1V2tlNiX3VfA)

2024-04-08 17:19:38,316 <requestor-worker-5:4075868, MainThread:140589325879104> (requestor.py:_fetch_single_async:200 -> session.py:request:328) from logger `RFC.session_aiohttp`
[INFO] session requesting HiFiNiPostPage(310345).HiFiNiMusicPreview(QscgAD4kmWvKaLLCWKyj9E29ALvkJi9J+cie__XkfLRecE9klew5LiYzayH2GpWW8VdC_ZWZ3A)

2024-04-08 17:19:40,005 <requestor-worker-0:4075840, MainThread:140589325879104> (requestor.py:_fetch_single_async:200 -> session.py:request:328) from logger `RFC.session_aiohttp`
[INFO] session requesting HiFiNiPostPage(310234).HiFiNiMusicPreview(Q8ZzXDlwymvKaLLCWKyj9Ff8HqGjIG4V4JWf5ev4fLRecE90zLg1V2JnPCT2UvOUnQ)

2024-04-08 17:19:41,063 <requestor-worker-1:4075847, MainThread:140589325879104> (requestor.py:_fetch_single_async:200 -> session.py:request:328) from logger `RFC.session_aiohttp`
[INFO] session requesting HiFiNiPostPage(310227).HiFiNiMusicPreview(RM0oCTd2yjrKaLLCWKyj9E29ALvkJi9J+cie__XkfLRecE9klew6MRgBd2b1AJeR+TdC_ZWZ3A)

2024-04-08 17:19:41,299 <requestor-worker-4:4075863, MainThread:140589325879104> (requestor.py:_fetch_single_async:200 -> session.py:request:328) from logger `RFC.session_aiohttp`
[INFO] session requesting HiFiNiPostPage(310215).HiFiNiMusicPreview(EMx1CTp2wj3KaLLCWKyj9FnmAqOpa3ES5YjS6em6IKhfeRciweE7UWVmNyA)

2024-04-08 17:19:42,591 <requestor-worker-1:4075847, MainThread:140589325879104> (requestor.py:_fetch_single_async:200 -> session.py:request:328) from logger `RFC.session_aiohttp`
[INFO] session requesting HiFiNiPostPage(310083).HiFiNiMusicPreview(EMgoD2skmT7KaLLCWKyj9E29ALvkJi9J+cie__XkfLRecE9klew7IwAaZ0f2LqjN7FJC_ZWZ3A)

2024-04-08 17:19:44,703 <requestor-worker-4:4075863, MainThread:140589325879104> (requestor.py:_fetch_single_async:200 -> session.py:request:328) from logger `RFC.session_aiohttp`
[INFO] session requesting HiFiNiPostPage(310048).HiFiNiMusicPreview(Qs5yDj0gw2jKaLLCWKyj9FnmAqOpa3ES5YjS6em6IKhfeRciweE5UWtoPCXxVfCS)

2024-04-08 17:19:46,533 <requestor-worker-3:4075859, MainThread:140589325879104> (requestor.py:_fetch_single_async:200 -> session.py:request:328) from logger `RFC.session_aiohttp`
[INFO] session requesting HiFiNiPostPage(309850).HiFiNiMusicPreview(Fc1zXjogmWnKaLLCWKyj9FnmAqOpa3ES5YjS6em6IKhfeRciweE5XWpiNS3+VfaW)

2024-04-08 17:19:46,669 <requestor-worker-4:4075863, MainThread:140589325879104> (requestor.py:_fetch_single_async:200 -> session.py:request:328) from logger `RFC.session_aiohttp`
[INFO] session requesting HiFiNiPostPage(309922).HiFiNiMusicPreview(Rpl1DD54w27KaLLCWKyj9E29ALvkJi9J+cie9P3kIuhCcUYsiuw4VgghT22XU_WV+FMmu4mA3RA)

2024-04-08 17:19:47,612 <requestor-worker-0:4075840, MainThread:140589325879104> (requestor.py:_fetch_single_async:200 -> session.py:request:328) from logger `RFC.session_aiohttp`
[INFO] session requesting HiFiNiPostPage(309748).HiFiNiMusicPreview(F8koCT11mGnKaLLCWKyj9E29ALvkJi9J+cie__XkfLRecE9klew6UBw8Tmb0L4zD5EtC_ZWZ3A)

2024-04-08 17:19:49,297 <requestor-worker-3:4075859, MainThread:140589325879104> (requestor.py:_fetch_single_async:200 -> session.py:request:328) from logger `RFC.session_aiohttp`
[INFO] session requesting HiFiNiPostPage(309738).HiFiNiMusicPreview(FZl1XG12mW3KaLLCWKyj9FnmAqOpa3ES5YjS6em6IKhfeRciweE5UWVgPCf1V_GW)

2024-04-08 17:19:49,368 <requestor-worker-0:4075840, MainThread:140589325879104> (requestor.py:_fetch_single_async:200 -> session.py:request:328) from logger `RFC.session_aiohttp`
[INFO] session requesting HiFiNiPostPage(309631).HiFiNiMusicPreview(Es0hAT8kmGnKaLLCWKyj9FnmAqOpa3ES5YjS6em6IKhfeRciweE5UWpgNCX0VvSX)

2024-04-08 17:19:50,543 <requestor-worker-5:4075868, MainThread:140589325879104> (requestor.py:_fetch_single_async:200 -> session.py:request:328) from logger `RFC.session_aiohttp`
[INFO] session requesting HiFiNiPostPage(309554).HiFiNiMusicPreview(EMchDG91wmnKaLLCWKyj9E29ALvkJi9J+cie__XkfLRecE9klew8Uz4gci33BpXhnXBC_ZWZ3A)

2024-04-08 17:19:50,591 <requestor-worker-2:4075853, MainThread:140589325879104> (requestor.py:_fetch_single_async:200 -> session.py:request:328) from logger `RFC.session_aiohttp`
[INFO] session requesting HiFiNiPostPage(309572).HiFiNiMusicPreview(Q88oCmt4yz7KaLLCWKyj9E29ALvkJi9J+cie__XkfLRecE9klew7MDkFan32AJHo5U9C_ZWZ3A)

2024-04-08 17:19:50,823 <requestor-worker-2:4075853, MainThread:140589325879104> (requestor.py:_fetch_single_async:200 -> session.py:request:328) from logger `RFC.session_aiohttp`
[INFO] session requesting HiFiNiPostPage(309564).HiFiNiMusicPreview(Fp4hDjt3zjvKaLLCWKyj9E29ALvkJi9J+cie__XkfLRecE9klew7Jj4_QUz3Gq_y71dC_ZWZ3A)

2024-04-08 17:19:50,836 <requestor-worker-0:4075840, MainThread:140589325879104> (requestor.py:_fetch_single_async:200 -> session.py:request:328) from logger `RFC.session_aiohttp`
[INFO] session requesting HiFiNiPostPage(309619).HiFiNiMusicPreview(S811XGx0nz3KaLLCWKyj9FnmAqOpa3ES5YjS6em6IKhfeRciweE6VWVgNyD0VfuV)

2024-04-08 17:19:51,033 <requestor-worker-5:4075868, MainThread:140589325879104> (requestor.py:_fetch_single_async:200 -> session.py:request:328) from logger `RFC.session_aiohttp`
[INFO] session requesting HiFiNiPostPage(309601).HiFiNiMusicPreview(Fp0hCTl5z2_KaLLCWKyj9FnmAqOpa3ES5YjS6em6IKhfeRciweE6V2RoPCT_UA)

2024-04-08 17:19:51,052 <requestor-worker-5:4075868, MainThread:140589325879104> (requestor.py:_fetch_single_async:200 -> session.py:request:328) from logger `RFC.session_aiohttp`
[INFO] session requesting HiFiNiPostPage(309594).HiFiNiMusicPreview(FZ4mAGtxzG7KaLLCWKyj9FnmAqOpa3ES5YjS6em6IKhfeRciweE6XWRnMCLw)

2024-04-08 17:19:51,127 <requestor-worker-1:4075847, MainThread:140589325879104> (requestor.py:_fetch_single_async:200 -> session.py:request:328) from logger `RFC.session_aiohttp`
[INFO] session requesting HiFiNiPostPage(309573).HiFiNiMusicPreview(F8smDDggyGHKaLLCWKyj9FnmAqOpa3ES5YjS6em6IKhfeRciweE6UmJoNSb1VA)

2024-04-08 17:19:51,762 <requestor-worker-4:4075863, MainThread:140589325879104> (requestor.py:_fetch_single_async:200 -> session.py:request:328) from logger `RFC.session_aiohttp`
[INFO] session requesting HiFiNiPostPage(309607).HiFiNiMusicPreview(RssoXDhzzTzKaLLCWKyj9FnmAqOpa3ES5YjS6em6IKhfeRciweE6VWZkMyXxUPOS)

2024-04-08 17:19:52,359 <requestor-worker-4:4075863, MainThread:140589325879104> (requestor.py:_fetch_single_async:200 -> session.py:request:328) from logger `RFC.session_aiohttp`
[INFO] session requesting HiFiNiPostPage(309486).HiFiNiMusicPreview(FskhCDkky2_KaLLCWKyj9FnmAqOpa3ES5YjS6em6IKhfeRciweE5XGNgMSPyUvGU)

2024-04-08 17:19:52,386 <requestor-worker-5:4075868, MainThread:140589325879104> (requestor.py:_fetch_single_async:200 -> session.py:request:328) from logger `RFC.session_aiohttp`
[INFO] session requesting HiFiNiPostPage(309491).HiFiNiMusicPreview(RM4mWjx2mW3KaLLCWKyj9E29ALvkJi9J+cie__XkfLRecE9klew8Bh4oSSb1A67NxH5C_ZWZ3A)

2024-04-08 17:19:52,643 <requestor-worker-0:4075840, MainThread:140589325879104> (requestor.py:_fetch_single_async:200 -> session.py:request:328) from logger `RFC.session_aiohttp`
[INFO] session requesting HiFiNiPostPage(309490).HiFiNiMusicPreview(R8p1XT5ynD7KaLLCWKyj9E29ALvkJi9J+cie__XkfLRecE9klew6ADhic1P1FLXA2E9C_ZWZ3A)

2024-04-08 17:19:52,962 <requestor-worker-0:4075840, MainThread:140589325879104> (requestor.py:_fetch_single_async:200 -> session.py:request:328) from logger `RFC.session_aiohttp`
[INFO] session requesting HiFiNiPostPage(309386).HiFiNiMusicPreview(Qs90XTwlzG3KaLLCWKyj9E29ALvkJi9J+cie9P3kIuhCcUYsiuw4V2IYPU6_UabMz2kEu4mA3RA)

2024-04-08 17:19:53,340 <requestor-worker-0:4075840, MainThread:140589325879104> (requestor.py:_fetch_single_async:200 -> session.py:request:328) from logger `RFC.session_aiohttp`
[INFO] session requesting HiFiNiPostPage(309353).HiFiNiMusicPreview(S88mCj8nnz3KaLLCWKyj9E29ALvkJi9J+cie__XkfLRecE9klew6BxEoSyH0BYvL7VVC_ZWZ3A)

2024-04-08 17:19:53,347 <requestor-worker-0:4075840, MainThread:140589325879104> (requestor.py:_fetch_single_async:200 -> session.py:request:328) from logger `RFC.session_aiohttp`
[INFO] session requesting HiFiNiPostPage(309345).HiFiNiMusicPreview(Q5lyDj93wmHKaLLCWKyj9E29ALvkJi9J+cie__XkfLRecE9klew6CyIhVnv0J5fT3mpC_ZWZ3A)

2024-04-08 17:19:53,439 <requestor-worker-0:4075840, MainThread:140589325879104> (requestor.py:_fetch_single_async:200 -> session.py:request:328) from logger `RFC.session_aiohttp`
[INFO] session requesting HiFiNiPostPage(309348).HiFiNiMusicPreview(EZsgCzh5zm3KaLLCWKyj9FnmAqOpa3ES5YjS6em6IKhfeRciweE5UWJnNSz1UvWX)

2024-04-08 17:19:55,122 <requestor-worker-1:4075847, MainThread:140589325879104> (requestor.py:_fetch_single_async:200 -> session.py:request:328) from logger `RFC.session_aiohttp`
[INFO] session requesting HiFiNiPostPage(309236).HiFiNiMusicPreview(FpkmDDp0mTnKaLLCWKyj9FnmAqOpa3ES5YjS6em6IKhfeRciweE8UmFhNyXzUvY)

2024-04-08 17:19:55,286 <requestor-worker-2:4075853, MainThread:140589325879104> (requestor.py:_fetch_single_async:200 -> session.py:request:328) from logger `RFC.session_aiohttp`
[INFO] session requesting HiFiNiPostPage(309233).HiFiNiMusicPreview(Fc0jWjh0m27KaLLCWKyj9FnmAqOpa3ES5YjS6em6IKhfeRciweE6VWFmNSD_V_aX)

2024-04-08 17:19:55,683 <requestor-worker-5:4075868, MainThread:140589325879104> (requestor.py:_fetch_single_async:200 -> session.py:request:328) from logger `RFC.session_aiohttp`
[INFO] session requesting HiFiNiPostPage(309318).HiFiNiMusicPreview(EcsnAG92w2DKaLLCWKyj9FnmAqOpa3ES5YjS6em6IKhfeRciweFlADY4ZDupF7fD2SgZ543L2RhnqFkMA84FIDBtxjUuN8E)

2024-04-08 17:19:56,712 <requestor-worker-5:4075868, MainThread:140589325879104> (requestor.py:_fetch_single_async:200 -> session.py:request:328) from logger `RFC.session_aiohttp`
[INFO] session requesting HiFiNiPostPage(309223).HiFiNiMusicPreview(EMYlDzwlwmHKaLLCWKyj9FnmAqOpa3ES5YjS6em6IKhfeRciweE5UWVjNifyUPef)

2024-04-08 17:19:56,745 <requestor-worker-0:4075840, MainThread:140589325879104> (requestor.py:_fetch_single_async:200 -> session.py:request:328) from logger `RFC.session_aiohttp`
[INFO] session requesting HiFiNiPostPage(309224).HiFiNiMusicPreview(Fc0pADsln2DKaLLCWKyj9E29ALvkJi9J+cie__XkfLRecE9klew8MzFmT1L3CvHp6W1C_ZWZ3A)

2024-04-08 17:19:56,839 <requestor-worker-2:4075853, MainThread:140589325879104> (requestor.py:_fetch_single_async:200 -> session.py:request:328) from logger `RFC.session_aiohttp`
[INFO] session requesting HiFiNiPostPage(309211).HiFiNiMusicPreview(RptxXjt3ym3KaLLCWKyj9FnmAqOpa3ES5YjS6em6IKhfeRciweE8UGVjNSL_VfE)

2024-04-08 17:19:59,635 <requestor-worker-5:4075868, MainThread:140589325879104> (requestor.py:_fetch_single_async:200 -> session.py:request:328) from logger `RFC.session_aiohttp`
[INFO] session requesting HiFiNiPostPage(308994).HiFiNiMusicPreview(QJ4hWzkln27KaLLCWKyj9FnmAqOpa3ES5YjS6em6IKhfeRciweE5XWRhPS3wUvKS)

2024-04-08 17:19:59,712 <requestor-worker-1:4075847, MainThread:140589325879104> (requestor.py:_fetch_single_async:200 -> session.py:request:328) from logger `RFC.session_aiohttp`
[INFO] session requesting HiFiNiPostPage(309014).HiFiNiMusicPreview(QZpzAWh2mGnKaLLCWKyj9E29ALvkJi9J+cie__XkfLRecE9klew6NChgPSH2I6Hy3ERC_ZWZ3A)

2024-04-08 17:19:59,759 <requestor-worker-1:4075847, MainThread:140589325879104> (requestor.py:_fetch_single_async:200 -> session.py:request:328) from logger `RFC.session_aiohttp`
[INFO] session requesting HiFiNiPostPage(309001).HiFiNiMusicPreview(SsonWmh5y27KaLLCWKyj9E29ALvkJi9J+cie__XkfLRecE9klew8UToDZHH3F5Tp0WlC_ZWZ3A)

2024-04-08 17:20:00,096 <requestor-worker-4:4075863, MainThread:140589325879104> (requestor.py:_fetch_single_async:200 -> session.py:request:328) from logger `RFC.session_aiohttp`
[INFO] session requesting HiFiNiPostPage(309021).HiFiNiMusicPreview(SsciATp2zGHKaLLCWKyj9E29ALvkJi9J+cie__XkfLRecE9klew7NWAJVSb1Eqng0mxC_ZWZ3A)

2024-04-08 17:20:02,573 <requestor-worker-3:4075859, MainThread:140589325879104> (requestor.py:_fetch_single_async:200 -> session.py:request:328) from logger `RFC.session_aiohttp`
[INFO] session requesting HiFiNiPostPage(308826).HiFiNiMusicPreview(Ec92CT0kwmrKaLLCWKyj9FnmAqOpa3ES5YjS6em6IKhfeRciweE5VGZhNic)

2024-04-08 17:20:02,596 <requestor-worker-4:4075863, MainThread:140589325879104> (requestor.py:_fetch_single_async:200 -> session.py:request:328) from logger `RFC.session_aiohttp`
[INFO] session requesting HiFiNiPostPage(308824).HiFiNiMusicPreview(RMtxCjsinj3KaLLCWKyj9FnmAqOpa3ES5YjS6em6IKhfeRciweE5VGdkPCA)

2024-04-08 17:20:04,801 <requestor-worker-0:4075840, MainThread:140589325879104> (requestor.py:_fetch_single_async:200 -> session.py:request:328) from logger `RFC.session_aiohttp`
[INFO] session requesting HiFiNiPostPage(308742).HiFiNiMusicPreview(EcklXjkinj3KaLLCWKyj9E29ALvkJi9J+cie__XkfLRecE9klew6FjEDayD2BqXJm0NC_ZWZ3A)

2024-04-08 17:20:04,919 <requestor-worker-1:4075847, MainThread:140589325879104> (requestor.py:_fetch_single_async:200 -> session.py:request:328) from logger `RFC.session_aiohttp`
[INFO] session requesting HiFiNiPostPage(308708).HiFiNiMusicPreview(Epl0XDl4wz7KaLLCWKyj9Ff8HqGjIG4V4JWf5ev4fLRecE90zLg1V2RgNSz3V_U)

2024-04-08 17:20:05,057 <requestor-worker-1:4075847, MainThread:140589325879104> (requestor.py:_fetch_single_async:200 -> session.py:request:328) from logger `RFC.session_aiohttp`
[INFO] session requesting HiFiNiPostPage(308728).HiFiNiMusicPreview(Ec1xXm0knDrKaLLCWKyj9E29ALvkJi9J+cie__XkfLRecE9klew6MDoQaCH2D_fM2mtC_ZWZ3A)

2024-04-08 17:20:20,524 <requestor-worker-2:4075853, MainThread:140589325879104> (requestor.py:_fetch_single_async:200 -> session.py:request:328) from logger `RFC.session_aiohttp`
[INFO] session requesting HiFiNiPostPage(308068).HiFiNiMusicPreview(QJ4hDzZwymHKaLLCWKyj9E29ALvkJi9J+cie__XkfLRecE9klew4C2E4U3L3MbLE5UJC_ZWZ3A)

2024-04-08 17:20:22,275 <requestor-worker-5:4075868, MainThread:140589325879104> (requestor.py:_fetch_single_async:200 -> session.py:request:328) from logger `RFC.session_aiohttp`
[INFO] session requesting HiFiNiPostPage(307952).HiFiNiMusicPreview(F8t0W290mzrKaLLCWKyj9E29ALvkJi9J+cie__XkfLRecE9klew6MgMZak3yNILQzGVC_ZWZ3A)

2024-04-08 17:20:22,288 <requestor-worker-5:4075868, MainThread:140589325879104> (requestor.py:_fetch_single_async:200 -> session.py:request:328) from logger `RFC.session_aiohttp`
[INFO] session requesting HiFiNiPostPage(307934).HiFiNiMusicPreview(QcwjAWp3nGnKaLLCWKyj9FnmAqOpa3ES5YjS6em6IKhfeRciweE5XGJgNyDyWw)

2024-04-08 17:20:22,295 <requestor-worker-1:4075847, MainThread:140589325879104> (requestor.py:_fetch_single_async:200 -> session.py:request:328) from logger `RFC.session_aiohttp`
[INFO] session requesting HiFiNiPostPage(307958).HiFiNiMusicPreview(Fs8jXjx2zm3KaLLCWKyj9E29ALvkJi9J+cie__XkfLRecE9klew8MyUGd3z0Farv5F5C_ZWZ3A)

2024-04-08 17:20:22,494 <requestor-worker-4:4075863, MainThread:140589325879104> (requestor.py:_fetch_single_async:200 -> session.py:request:328) from logger `RFC.session_aiohttp`
[INFO] session requesting HiFiNiPostPage(307938).HiFiNiMusicPreview(F54mDGonzmjKaLLCWKyj9E29ALvkJi9J+cie__XkfLRecE9klew5AWBmNkH1OqruwUtC_ZWZ3A)

2024-04-08 17:20:23,904 <requestor-worker-0:4075840, MainThread:140589325879104> (requestor.py:_fetch_single_async:200 -> session.py:request:328) from logger `RFC.session_aiohttp`
[INFO] session requesting HiFiNiPostPage(307815).HiFiNiMusicPreview(R8Z2CD9xwjnKaLLCWKyj9E29ALvkJi9J+cie__XkfLRecE9klew4ChlgZHL3VKDQ5kRC_ZWZ3A)

2024-04-08 17:20:24,058 <requestor-worker-3:4075859, MainThread:140589325879104> (requestor.py:_fetch_single_async:200 -> session.py:request:328) from logger `RFC.session_aiohttp`
[INFO] session requesting HiFiNiPostPage(307805).HiFiNiMusicPreview(FpslDDkizzzKaLLCWKyj9FnmAqOpa3ES5YjS6em6IKhfeRciweE6VWdlNiH1VvCU)

2024-04-08 17:20:24,069 <requestor-worker-1:4075847, MainThread:140589325879104> (requestor.py:_fetch_single_async:200 -> session.py:request:328) from logger `RFC.session_aiohttp`
[INFO] session requesting HiFiNiPostPage(307910).HiFiNiMusicPreview(R50kATt1mWnKaLLCWKyj9E29ALvkJi9J+cie__XkfLRecE9klew5NBsCaFb2MKvX6EFC_ZWZ3A)

2024-04-08 17:20:24,197 <requestor-worker-0:4075840, MainThread:140589325879104> (requestor.py:_fetch_single_async:200 -> session.py:request:328) from logger `RFC.session_aiohttp`
[INFO] session requesting HiFiNiPostPage(307759).HiFiNiMusicPreview(EcsjCDwlwznKaLLCWKyj9E29ALvkJi9J+cie__XkfLRecE9klew8KQYjcVf1I4LWwXFC_ZWZ3A)

2024-04-08 17:20:25,863 <requestor-worker-4:4075863, MainThread:140589325879104> (requestor.py:_fetch_single_async:200 -> session.py:request:328) from logger `RFC.session_aiohttp`
[INFO] session requesting HiFiNiPostPage(307618).HiFiNiMusicPreview(EMdxWmsny2rKaLLCWKyj9FnmAqOpa3ES5YjS6em6IKhfeRciweE6VWZnPCXwWvef)

2024-04-08 17:20:43,095 <requestor-worker-0:4075840, MainThread:140589325879104> (requestor.py:_fetch_single_async:200 -> session.py:request:328) from logger `RFC.session_aiohttp`
[INFO] session requesting HiFiNiPostPage(306226).HiFiNiMusicPreview(Q8YhWm0lwmjKaLLCWKyj9FnmAqOpa3ES5YjS6em6IKhfeRciweE6VWFjPC31U_qR)

2024-04-08 17:20:43,181 <requestor-worker-3:4075859, MainThread:140589325879104> (requestor.py:_fetch_single_async:200 -> session.py:request:328) from logger `RFC.session_aiohttp`
[INFO] session requesting HiFiNiPostPage(306219).HiFiNiMusicPreview(FZwjADYinj7KaLLCWKyj9FnmAqOpa3ES5YjS6em6IKhfeRciweE6VWRiMCLxVfef)

2024-04-08 17:20:44,724 <requestor-worker-5:4075868, MainThread:140589325879104> (requestor.py:_fetch_single_async:200 -> session.py:request:328) from logger `RFC.session_aiohttp`
[INFO] session requesting HiFiNiPostPage(306365).HiFiNiMusicPreview(EZkiCTZwnmrKaLLCWKyj9FnmAqOpa3ES5YjS6em6IKhfeRciweE5VmBiMiz2VPSQ)

2024-04-08 17:20:47,359 <requestor-worker-0:4075840, MainThread:140589325879104> (requestor.py:_fetch_single_async:200 -> session.py:request:328) from logger `RFC.session_aiohttp`
[INFO] session requesting HiFiNiPostPage(305868).HiFiNiMusicPreview(EJ5yWW90nmDKaLLCWKyj9Ff8HqGjIG4V4JWf5ev4fLRecE90zLg1V2RgNSX_W_s)

2024-04-08 17:20:52,671 <requestor-worker-5:4075868, MainThread:140589325879104> (requestor.py:_fetch_single_async:200 -> session.py:request:328) from logger `RFC.session_aiohttp`
[INFO] session requesting HiFiNiPostPage(307270).HiFiNiMusicPreview(F5kjXDwkyT3KaLLCWKyj9E29ALvkJi9J+cie__XkfLRecE9klew7EBQ7Mm33La7XxDBC_ZWZ3A)

2024-04-08 17:20:52,974 <requestor-worker-3:4075859, MainThread:140589325879104> (requestor.py:_fetch_single_async:200 -> session.py:request:328) from logger `RFC.session_aiohttp`
[INFO] session requesting HiFiNiPostPage(307156).HiFiNiMusicPreview(Q5ogW2giyGDKaLLCWKyj9FnmAqOpa3ES5YjS6em6IKhfeRciweE+VmBiNCQ)

2024-04-08 17:20:53,536 <requestor-worker-5:4075868, MainThread:140589325879104> (requestor.py:_fetch_single_async:200 -> session.py:request:328) from logger `RFC.session_aiohttp`
[INFO] session requesting HiFiNiPostPage(307155).HiFiNiMusicPreview(Rp5xAW0kwmnKaLLCWKyj9E29ALvkJi9J+cie__XkfLRecE9klew5HSgjdHbyOoeT0nJC_ZWZ3A)

2024-04-08 17:20:53,799 <requestor-worker-5:4075868, MainThread:140589325879104> (requestor.py:_fetch_single_async:200 -> session.py:request:328) from logger `RFC.session_aiohttp`
[INFO] session requesting HiFiNiPostPage(307166).HiFiNiMusicPreview(F8knXD8nzjnKaLLCWKyj9E29ALvkJi9J+cie__XkfLRecE9klew4EGoYYCbyLbvk4FJC_ZWZ3A)

2024-04-08 17:20:53,806 <requestor-worker-5:4075868, MainThread:140589325879104> (requestor.py:_fetch_single_async:200 -> session.py:request:328) from logger `RFC.session_aiohttp`
[INFO] session requesting HiFiNiPostPage(307172).HiFiNiMusicPreview(Q5oiDmx3mWzKaLLCWKyj9E29ALvkJi9J+cie__XkfLRecE9klew4Dj1lR3n1L43BmlVC_ZWZ3A)

2024-04-08 17:20:53,971 <requestor-worker-2:4075853, MainThread:140589325879104> (requestor.py:_fetch_single_async:200 -> session.py:request:328) from logger `RFC.session_aiohttp`
[INFO] session requesting HiFiNiPostPage(307151).HiFiNiMusicPreview(R50mXT13zmvKaLLCWKyj9FnmAqOpa3ES5YjS6em6IKhfeRciweE6VWJnMSD2VfOV)

2024-04-08 17:20:54,196 <requestor-worker-5:4075868, MainThread:140589325879104> (requestor.py:_fetch_single_async:200 -> session.py:request:328) from logger `RFC.session_aiohttp`
[INFO] session requesting HiFiNiPostPage(307200).HiFiNiMusicPreview(Q5ohAG10yz3KaLLCWKyj9FnmAqOpa3ES5YjS6em6IKhfeRciweE9V2piMyP2)

2024-04-08 17:20:54,703 <requestor-worker-3:4075859, MainThread:140589325879104> (requestor.py:_fetch_single_async:200 -> session.py:request:328) from logger `RFC.session_aiohttp`
[INFO] session requesting HiFiNiPostPage(307265).HiFiNiMusicPreview(S8spWzd1mGjKaLLCWKyj9E29ALvkJi9J+cie__XkfLRecE9klew8LT8GSmP2MovTwElC_ZWZ3A)

2024-04-08 17:20:54,840 <requestor-worker-3:4075859, MainThread:140589325879104> (requestor.py:_fetch_single_async:200 -> session.py:request:328) from logger `RFC.session_aiohttp`
[INFO] session requesting HiFiNiPostPage(307282).HiFiNiMusicPreview(F8gjXW11mzrKaLLCWKyj9E29ALvkJi9J+cie__XkfLRecE9klew8LBoWT1H2IbTTmHZC_ZWZ3A)

2024-04-08 17:20:55,192 <requestor-worker-1:4075847, MainThread:140589325879104> (requestor.py:_fetch_single_async:200 -> session.py:request:328) from logger `RFC.session_aiohttp`
[INFO] session requesting HiFiNiPostPage(307279).HiFiNiMusicPreview(Fs4iWT9yyWnKaLLCWKyj9FnmAqOpa3ES5YjS6em6IKhfeRciweE6VWdnPCX3VPOU)

2024-04-08 17:20:55,406 <requestor-worker-4:4075863, MainThread:140589325879104> (requestor.py:_fetch_single_async:200 -> session.py:request:328) from logger `RFC.session_aiohttp`
[INFO] session requesting HiFiNiPostPage(307317).HiFiNiMusicPreview(Fpl1WT51yG7KaLLCWKyj9E29ALvkJi9J+cie__XkfLRecE9klew5KR8GV1vyNoDS_XJC_ZWZ3A)

2024-04-08 17:20:55,663 <requestor-worker-4:4075863, MainThread:140589325879104> (requestor.py:_fetch_single_async:200 -> session.py:request:328) from logger `RFC.session_aiohttp`
[INFO] session requesting HiFiNiPostPage(307558).HiFiNiMusicPreview(Q8t2C29ynGHKaLLCWKyj9E29ALvkJi9J+cie__XkfLRecE9klew4DgggZlnyNYuWmGtC_ZWZ3A)

2024-04-08 17:20:55,734 <requestor-worker-0:4075840, MainThread:140589325879104> (requestor.py:_fetch_single_async:200 -> session.py:request:328) from logger `RFC.session_aiohttp`
[INFO] session requesting HiFiNiPostPage(307475).HiFiNiMusicPreview(FpkhADp4wzvKaLLCWKyj9E29ALvkJi9J+cie__XkfLRecE9klew6KmY3YVvyM5D8xDBC_ZWZ3A)

2024-04-08 17:20:56,054 <requestor-worker-0:4075840, MainThread:140589325879104> (requestor.py:_fetch_single_async:200 -> session.py:request:328) from logger `RFC.session_aiohttp`
[INFO] session requesting HiFiNiPostPage(307458).HiFiNiMusicPreview(Q8gnXGwlwzzKaLLCWKyj9FnmAqOpa3ES5YjS6em6IKhfeRciweE5XGRoPSb1UfOV)

2024-04-08 17:20:57,638 <requestor-worker-2:4075853, MainThread:140589325879104> (requestor.py:_fetch_single_async:200 -> session.py:request:328) from logger `RFC.session_aiohttp`
[INFO] session requesting HiFiNiPostPage(307464).HiFiNiMusicPreview(Qp0gDWt2zmHKaLLCWKyj9E29ALvkJi9J+cie__XkfLRecE9klew7VTkcYW33MLXHwGNC_ZWZ3A)

2024-04-08 17:21:08,948 <requestor-worker-3:4075859, MainThread:140589325879104> (requestor.py:_fetch_single_async:200 -> session.py:request:328) from logger `RFC.session_aiohttp`
[INFO] session requesting HiFiNiPostPage(304605).HiFiNiMusicPreview(EpkhXmh0w2vKaLLCWKyj9Ff8HqGjIG4V4JWf5ev4fLRecE90zLg1UGZiMyX0UfWQ)

2024-04-08 17:21:09,033 <requestor-worker-3:4075859, MainThread:140589325879104> (requestor.py:_fetch_single_async:200 -> session.py:request:328) from logger `RFC.session_aiohttp`
[INFO] session requesting HiFiNiPostPage(304572).HiFiNiMusicPreview(S8p1DTkkyj3KaLLCWKyj9E29ALvkJi9J+cie__XkfLRecE9klew6FgY1XWz2BonnzUFC_ZWZ3A)

2024-04-08 17:21:11,491 <requestor-worker-5:4075868, MainThread:140589325879104> (requestor.py:_fetch_single_async:200 -> session.py:request:328) from logger `RFC.session_aiohttp`
[INFO] session requesting HiFiNiPostPage(304432).HiFiNiMusicPreview(S5khCG0ny2zKaLLCWKyj9Ff8HqGjIG4V4JWf5ev4fLRecE90zLg1VGFhNyTwVPKTkg)

2024-04-08 17:21:15,864 <requestor-worker-2:4075853, MainThread:140589325879104> (requestor.py:_fetch_single_async:200 -> session.py:request:328) from logger `RFC.session_aiohttp`
[INFO] session requesting HiFiNiPostPage(304231).HiFiNiMusicPreview(QcpyCzpwmDrKaLLCWKyj9E29ALvkJi9J+cie__XkfLRecE9klew7PB0bbX_0O4j82z9C_ZWZ3A)

2024-04-08 17:21:26,424 <requestor-worker-1:4075847, MainThread:140589325879104> (requestor.py:_fetch_single_async:200 -> session.py:request:328) from logger `RFC.session_aiohttp`
[INFO] session requesting HiFiNiPostPage(303438).HiFiNiMusicPreview(SppzXWpzzG_KaLLCWKyj9FnmAqOpa3ES5YjS6em6IKhfeRciweE5VmNiMiP+V_eV)

2024-04-08 17:21:32,925 <requestor-worker-2:4075853, MainThread:140589325879104> (requestor.py:_fetch_single_async:200 -> session.py:request:328) from logger `RFC.session_aiohttp`
[INFO] session requesting HiFiNiPostPage(303038).HiFiNiMusicPreview(RZ50WT8lnGvKaLLCWKyj9E29ALvkJi9J+cie__XkfLRecE9klew4KhgVNSL3UKLA5TZC_ZWZ3A)

2024-04-08 17:21:39,209 <requestor-worker-3:4075859, MainThread:140589325879104> (requestor.py:_fetch_single_async:200 -> session.py:request:328) from logger `RFC.session_aiohttp`
[INFO] session requesting HiFiNiPostPage(302624).HiFiNiMusicPreview(F54iXmsiymrKaLLCWKyj9E29ALvkJi9J+cie__XkfLRecE9klew5UiJhcV_1UJDB_UhC_ZWZ3A)

2024-04-08 17:21:41,827 <requestor-worker-1:4075847, MainThread:140589325879104> (requestor.py:_fetch_single_async:200 -> session.py:request:328) from logger `RFC.session_aiohttp`
[INFO] session requesting HiFiNiPostPage(302573).HiFiNiMusicPreview(EcoiCmwgwm3KaLLCWKyj9E29ALvkJi9J+cie__XkfLRecE9klew5PzYXSH_1AILg0WRC_ZWZ3A)

2024-04-08 17:21:45,637 <requestor-worker-2:4075853, MainThread:140589325879104> (requestor.py:_fetch_single_async:200 -> session.py:request:328) from logger `RFC.session_aiohttp`
[INFO] session requesting HiFiNiPostPage(302218).HiFiNiMusicPreview(FZx0Cz53mW_KaLLCWKyj9FnmAqOpa3ES5YjS6em6IKhfeRciweE7VWdoNSDyVA)

2024-04-08 17:21:51,679 <requestor-worker-0:4075840, MainThread:140589325879104> (requestor.py:_fetch_single_async:200 -> session.py:request:328) from logger `RFC.session_aiohttp`
[INFO] session requesting HiFiNiPostPage(301835).HiFiNiMusicPreview(RscmDDZyzT3KaLLCWKyj9FnmAqOpa3ES5YjS6em6IKhfeRciweE5XGpkMiT_V_uT)

2024-04-08 17:21:52,217 <requestor-worker-0:4075840, MainThread:140589325879104> (requestor.py:_fetch_single_async:200 -> session.py:request:328) from logger `RFC.session_aiohttp`
[INFO] session requesting HiFiNiPostPage(301794).HiFiNiMusicPreview(QcgjWjt4zzvKaLLCWKyj9E29ALvkJi9J+cie__XkfLRecE9klew5Az4fT332MPvy7XNC_ZWZ3A)

2024-04-08 17:21:52,261 <requestor-worker-5:4075868, MainThread:140589325879104> (requestor.py:_fetch_single_async:200 -> session.py:request:328) from logger `RFC.session_aiohttp`
[INFO] session requesting HiFiNiPostPage(301802).HiFiNiMusicPreview(Q5sjWj1wzzrKaLLCWKyj9FnmAqOpa3ES5YjS6em6IKhfeRciweE5VGNmNiQ)

2024-04-08 17:21:52,529 <requestor-worker-0:4075840, MainThread:140589325879104> (requestor.py:_fetch_single_async:200 -> session.py:request:328) from logger `RFC.session_aiohttp`
[INFO] session requesting HiFiNiPostPage(301814).HiFiNiMusicPreview(Rs10WTgjwzzKaLLCWKyj9E29ALvkJi9J+cie__XkfLRecE9klew4FR0XSUX3E_fN7X5C_ZWZ3A)

2024-04-08 17:21:53,779 <requestor-worker-3:4075859, MainThread:140589325879104> (requestor.py:_fetch_single_async:200 -> session.py:request:328) from logger `RFC.session_aiohttp`
[INFO] session requesting HiFiNiPostPage(301747).HiFiNiMusicPreview(Qsp1Wz5yn27KaLLCWKyj9FnmAqOpa3ES5YjS6em6IKhfeRciweE6VWZgNiLxUfCU)

2024-04-08 17:21:53,988 <requestor-worker-2:4075853, MainThread:140589325879104> (requestor.py:_fetch_single_async:200 -> session.py:request:328) from logger `RFC.session_aiohttp`
[INFO] session requesting HiFiNiPostPage(301697).HiFiNiMusicPreview(RZxxADoknG7KaLLCWKyj9FnmAqOpa3ES5YjS6em6IKhfeRciweE6UGdlPSQ)

2024-04-08 17:21:56,383 <requestor-worker-4:4075863, MainThread:140589325879104> (requestor.py:_fetch_single_async:200 -> session.py:request:328) from logger `RFC.session_aiohttp`
[INFO] session requesting HiFiNiPostPage(301519).HiFiNiMusicPreview(QsskXTsgwm_KaLLCWKyj9FnmAqOpa3ES5YjS6em6IKhfeRciweE5XWphNCLxVPqW)

2024-04-08 17:21:57,716 <requestor-worker-4:4075863, MainThread:140589325879104> (requestor.py:_fetch_single_async:200 -> session.py:request:328) from logger `RFC.session_aiohttp`
[INFO] session requesting HiFiNiPostPage(301417).HiFiNiMusicPreview(Qs90AGolwmnKaLLCWKyj9FnmAqOpa3ES5YjS6em6IKhfeRciweE6V2FmMy0)

2024-04-08 17:21:58,294 <requestor-worker-3:4075859, MainThread:140589325879104> (requestor.py:_fetch_single_async:200 -> session.py:request:328) from logger `RFC.session_aiohttp`
[INFO] session requesting HiFiNiPostPage(301376).HiFiNiMusicPreview(QshzCm8imGHKaLLCWKyj9E29ALvkJi9J+cie__XkfLRecE9klew5KyUwSlL2Kvv27G5C_ZWZ3A)

2024-04-08 17:21:58,427 <requestor-worker-3:4075859, MainThread:140589325879104> (requestor.py:_fetch_single_async:200 -> session.py:request:328) from logger `RFC.session_aiohttp`
[INFO] session requesting HiFiNiPostPage(301358).HiFiNiMusicPreview(QZwpATh5mG7KaLLCWKyj9FnmAqOpa3ES5YjS6em6IKhfeRciweE6V2BpPCz1VA)

2024-04-08 17:21:58,771 <requestor-worker-5:4075868, MainThread:140589325879104> (requestor.py:_fetch_single_async:200 -> session.py:request:328) from logger `RFC.session_aiohttp`
[INFO] session requesting HiFiNiPostPage(301408).HiFiNiMusicPreview(R8olXm10mzrKaLLCWKyj9E29ALvkJi9J+cie__XkfLRecE9klew6HB81Xyz3JvTFwmNC_ZWZ3A)

2024-04-08 17:22:00,559 <requestor-worker-1:4075847, MainThread:140589325879104> (requestor.py:_fetch_single_async:200 -> session.py:request:328) from logger `RFC.session_aiohttp`
[INFO] session requesting HiFiNiPostPage(301232).HiFiNiMusicPreview(Q50oD2t5nj3KaLLCWKyj9Ff8HqGjIG4V4JWf5ev4fLRecE90zLg1V2JkMC3zVfGSmA)

2024-04-08 17:22:00,820 <requestor-worker-0:4075840, MainThread:140589325879104> (requestor.py:_fetch_single_async:200 -> session.py:request:328) from logger `RFC.session_aiohttp`
[INFO] session requesting HiFiNiPostPage(301222).HiFiNiMusicPreview(Ssh1WzcgnGnKaLLCWKyj9FnmAqOpa3ES5YjS6em6IKhfeRciweE5UWBnNCX0V_uR)

2024-04-08 17:22:01,929 <requestor-worker-0:4075840, MainThread:140589325879104> (requestor.py:_fetch_single_async:200 -> session.py:request:328) from logger `RFC.session_aiohttp`
[INFO] session requesting HiFiNiPostPage(301212).HiFiNiMusicPreview(F8p1ATlzy23KaLLCWKyj9E29ALvkJi9J+cie__XkfLRecE9klew5JgIFMyP0NLPE5DVC_ZWZ3A)

2024-04-08 17:22:03,273 <requestor-worker-4:4075863, MainThread:140589325879104> (requestor.py:_fetch_single_async:200 -> session.py:request:328) from logger `RFC.session_aiohttp`
[INFO] session requesting HiFiNiPostPage(301035).HiFiNiMusicPreview(Fs5yDm9wnD7KaLLCWKyj9E29ALvkJi9J+cie__XkfLRecE9klew4HD9ocEb1LPeX7kNC_ZWZ3A)

2024-04-08 17:22:03,367 <requestor-worker-5:4075868, MainThread:140589325879104> (requestor.py:_fetch_single_async:200 -> session.py:request:328) from logger `RFC.session_aiohttp`
[INFO] session requesting HiFiNiPostPage(301039).HiFiNiMusicPreview(EcwnCmwkmWnKaLLCWKyj9FnmAqOpa3ES5YjS6em6IKhfeRciweE5XWpkMi0)

2024-04-08 17:22:05,025 <requestor-worker-3:4075859, MainThread:140589325879104> (requestor.py:_fetch_single_async:200 -> session.py:request:328) from logger `RFC.session_aiohttp`
[INFO] session requesting HiFiNiPostPage(300939).HiFiNiMusicPreview(R8Z0ADtxm2nKaLLCWKyj9FnmAqOpa3ES5YjS6em6IKhfeRciweE6XWVlPSb0VQ)

2024-04-08 17:22:05,076 <requestor-worker-2:4075853, MainThread:140589325879104> (requestor.py:_fetch_single_async:200 -> session.py:request:328) from logger `RFC.session_aiohttp`
[INFO] session requesting HiFiNiPostPage(300940).HiFiNiMusicPreview(Q8l2AT9yyWrKaLLCWKyj9FnmAqOpa3ES5YjS6em6IKhfeRciweE5XGpjPCf_Wvqf)

2024-04-08 17:22:05,193 <requestor-worker-3:4075859, MainThread:140589325879104> (requestor.py:_fetch_single_async:200 -> session.py:request:328) from logger `RFC.session_aiohttp`
[INFO] session requesting HiFiNiPostPage(300945).HiFiNiMusicPreview(RZ4iCW9wyj3KaLLCWKyj9E29ALvkJi9J+cie__XkfLRecE9klew4BgECY031BvLk435C_ZWZ3A)

2024-04-08 17:22:10,967 <requestor-worker-4:4075863, MainThread:140589325879104> (requestor.py:_fetch_single_async:200 -> session.py:request:328) from logger `RFC.session_aiohttp`
[INFO] session requesting HiFiNiPostPage(300585).HiFiNiMusicPreview(F88pXmt1z2_KaLLCWKyj9FnmAqOpa3ES5YjS6em6IKhfeRciweE8UWFpMiHxV_M)

2024-04-08 17:22:14,044 <requestor-worker-2:4075853, MainThread:140589325879104> (requestor.py:_fetch_single_async:200 -> session.py:request:328) from logger `RFC.session_aiohttp`
[INFO] session requesting HiFiNiPostPage(300313).HiFiNiMusicPreview(FctzW28km2zKaLLCWKyj9E29ALvkJi9J+cie__XkfLRecE9klew6EjQFaHf1G7v0x3VC_ZWZ3A)

2024-04-08 17:22:14,795 <requestor-worker-0:4075840, MainThread:140589325879104> (requestor.py:_fetch_single_async:200 -> session.py:request:328) from logger `RFC.session_aiohttp`
[INFO] session requesting HiFiNiPostPage(300282).HiFiNiMusicPreview(RsZzCTkkwjzKaLLCWKyj9FnmAqOpa3ES5YjS6em6IKhfeRciweE6XGVoNSL+Wg)

2024-04-08 17:22:16,443 <requestor-worker-4:4075863, MainThread:140589325879104> (requestor.py:_fetch_single_async:200 -> session.py:request:328) from logger `RFC.session_aiohttp`
[INFO] session requesting HiFiNiPostPage(300260).HiFiNiMusicPreview(F8wlWWp0zmjKaLLCWKyj9FnmAqOpa3ES5YjS6em6IKhfeRciweE5U2ZgNCLxVg)

2024-04-08 17:22:18,060 <requestor-worker-2:4075853, MainThread:140589325879104> (requestor.py:_fetch_single_async:200 -> session.py:request:328) from logger `RFC.session_aiohttp`
[INFO] session requesting HiFiNiPostPage(300131).HiFiNiMusicPreview(EMggAW93mGvKaLLCWKyj9FnmAqOpa3ES5YjS6em6IKhfeRciweE6VWRhMSTxVvKR)

2024-04-08 17:22:18,075 <requestor-worker-2:4075853, MainThread:140589325879104> (requestor.py:_fetch_single_async:200 -> session.py:request:328) from logger `RFC.session_aiohttp`
[INFO] session requesting HiFiNiPostPage(300128).HiFiNiMusicPreview(Sp0hCT8kyWnKaLLCWKyj9FnmAqOpa3ES5YjS6em6IKhfeRciweE6VWBpNS30V_KQ)

2024-04-08 17:22:27,452 <requestor-worker-3:4075859, MainThread:140589325879104> (requestor.py:_fetch_single_async:200 -> session.py:request:328) from logger `RFC.session_aiohttp`
[INFO] session requesting HiFiNiPostPage(299456).HiFiNiMusicPreview(Qcx0Cmpwwm7KaLLCWKyj9FnmAqOpa3ES5YjS6em6IKhfeRciweE5XGdpMibxU_GQ)

2024-04-08 17:22:27,638 <requestor-worker-3:4075859, MainThread:140589325879104> (requestor.py:_fetch_single_async:200 -> session.py:request:328) from logger `RFC.session_aiohttp`
[INFO] session requesting HiFiNiPostPage(299472).HiFiNiMusicPreview(Q85zXDt0zmvKaLLCWKyj9E29ALvkJi9J+cie__XkfLRecE9klew7CBEAbELyMLHuwj5C_ZWZ3A)

2024-04-08 17:22:27,904 <requestor-worker-5:4075868, MainThread:140589325879104> (requestor.py:_fetch_single_async:200 -> session.py:request:328) from logger `RFC.session_aiohttp`
[INFO] session requesting HiFiNiPostPage(299459).HiFiNiMusicPreview(Fc5yADx1mGnKaLLCWKyj9FnmAqOpa3ES5YjS6em6IKhfeRciweE5XWpnNCw)

2024-04-08 17:22:27,991 <requestor-worker-5:4075868, MainThread:140589325879104> (requestor.py:_fetch_single_async:200 -> session.py:request:328) from logger `RFC.session_aiohttp`
[INFO] session requesting HiFiNiPostPage(299446).HiFiNiMusicPreview(SsskXjsiyj3KaLLCWKyj9E29ALvkJi9J+cie__XkfLRecE9klew6LzoBPXn2BZT1yE5C_ZWZ3A)

2024-04-08 17:22:32,233 <requestor-worker-3:4075859, MainThread:140589325879104> (requestor.py:_fetch_single_async:200 -> session.py:request:328) from logger `RFC.session_aiohttp`
[INFO] session requesting HiFiNiPostPage(299228).HiFiNiMusicPreview(QscjXmgkwmjKaLLCWKyj9FnmAqOpa3ES5YjS6em6IKhfeRciweE5UmVgNyb+Ww)

2024-04-08 17:22:32,250 <requestor-worker-4:4075863, MainThread:140589325879104> (requestor.py:_fetch_single_async:200 -> session.py:request:328) from logger `RFC.session_aiohttp`
[INFO] session requesting HiFiNiPostPage(299122).HiFiNiMusicPreview(QMlyWTwjnm_KaLLCWKyj9FnmAqOpa3ES5YjS6em6IKhfeRciweE6VWRgNifyUveQ)

2024-04-08 17:22:32,376 <requestor-worker-3:4075859, MainThread:140589325879104> (requestor.py:_fetch_single_async:200 -> session.py:request:328) from logger `RFC.session_aiohttp`
[INFO] session requesting HiFiNiPostPage(299234).HiFiNiMusicPreview(Ssd0AG0iwj7KaLLCWKyj9FnmAqOpa3ES5YjS6em6IKhfeRciweE6U2ZkNST_UQ)

2024-04-08 17:22:33,822 <requestor-worker-3:4075859, MainThread:140589325879104> (requestor.py:_fetch_single_async:200 -> session.py:request:328) from logger `RFC.session_aiohttp`
[INFO] session requesting HiFiNiPostPage(299035).HiFiNiMusicPreview(Rs8nXG9zyj7KaLLCWKyj9FnmAqOpa3ES5YjS6em6IKhfeRciweE9VWNiMCX_VvE)

2024-04-08 17:22:33,829 <requestor-worker-0:4075840, MainThread:140589325879104> (requestor.py:_fetch_single_async:200 -> session.py:request:328) from logger `RFC.session_aiohttp`
[INFO] session requesting HiFiNiPostPage(299032).HiFiNiMusicPreview(EJ4pCW12zj3KaLLCWKyj9FnmAqOpa3ES5YjS6em6IKhfeRciweE5XGNnMib1VA)

2024-04-08 17:22:33,840 <requestor-worker-0:4075840, MainThread:140589325879104> (requestor.py:_fetch_single_async:200 -> session.py:request:328) from logger `RFC.session_aiohttp`
[INFO] session requesting HiFiNiPostPage(299012).HiFiNiMusicPreview(Q890Cm12y2vKaLLCWKyj9FnmAqOpa3ES5YjS6em6IKhfeRciweE6UGdjMi0)

2024-04-08 17:22:33,875 <requestor-worker-4:4075863, MainThread:140589325879104> (requestor.py:_fetch_single_async:200 -> session.py:request:328) from logger `RFC.session_aiohttp`
[INFO] session requesting HiFiNiPostPage(299047).HiFiNiMusicPreview(Qsd2ATwknmnKaLLCWKyj9Ff8HqGjIG4V4JWf5ev4fLRecE90zLg1VGZoMCz0VfCRmA)

2024-04-08 17:22:34,406 <requestor-worker-5:4075868, MainThread:140589325879104> (requestor.py:_fetch_single_async:200 -> session.py:request:328) from logger `RFC.session_aiohttp`
[INFO] session requesting HiFiNiPostPage(299085).HiFiNiMusicPreview(EMsgXj9wzz3KaLLCWKyj9E29ALvkJi9J+cie__XkfLRecE9klew4Emcjb1P0Jvqek0tC_ZWZ3A)

2024-04-08 17:22:35,312 <requestor-worker-0:4075840, MainThread:140589325879104> (requestor.py:_fetch_single_async:200 -> session.py:request:328) from logger `RFC.session_aiohttp`
[INFO] session requesting HiFiNiPostPage(298922).HiFiNiMusicPreview(QpsnDD0gyG3KaLLCWKyj9FnmAqOpa3ES5YjS6em6IKhfeRciweE6VWFnNCP1UPST)

2024-04-08 17:22:35,519 <requestor-worker-4:4075863, MainThread:140589325879104> (requestor.py:_fetch_single_async:200 -> session.py:request:328) from logger `RFC.session_aiohttp`
[INFO] session requesting HiFiNiPostPage(299086).HiFiNiMusicPreview(SsZyCD11nm_KaLLCWKyj9E29ALvkJi9J+cie__XkfLRecE9klew7HzZkfEb3N4HMxz9C_ZWZ3A)

2024-04-08 17:22:35,540 <requestor-worker-5:4075868, MainThread:140589325879104> (requestor.py:_fetch_single_async:200 -> session.py:request:328) from logger `RFC.session_aiohttp`
[INFO] session requesting HiFiNiPostPage(298910).HiFiNiMusicPreview(Q5wkXmt0w2jKaLLCWKyj9E29ALvkJi9J+cie__XkfLRecE9klew8VgYWf2b0E6zM+VFC_ZWZ3A)

2024-04-08 17:22:37,305 <requestor-worker-2:4075853, MainThread:140589325879104> (requestor.py:_fetch_single_async:200 -> session.py:request:328) from logger `RFC.session_aiohttp`
[INFO] session requesting HiFiNiPostPage(298911).HiFiNiMusicPreview(QM0nDzd3nzzKaLLCWKyj9E29ALvkJi9J+cie__XkfLRecE9klew5L2A7R1j2BqSU5GVC_ZWZ3A)

2024-04-08 17:22:39,018 <requestor-worker-4:4075863, MainThread:140589325879104> (requestor.py:_fetch_single_async:200 -> session.py:request:328) from logger `RFC.session_aiohttp`
[INFO] session requesting HiFiNiPostPage(298887).HiFiNiMusicPreview(FpojDDxwyTrKaLLCWKyj9E29ALvkJi9J+cie__XkfLRecE9klew7FCcfNnH0Vo3t0TNC_ZWZ3A)

2024-04-08 17:22:39,323 <requestor-worker-0:4075840, MainThread:140589325879104> (requestor.py:_fetch_single_async:200 -> session.py:request:328) from logger `RFC.session_aiohttp`
[INFO] session requesting HiFiNiPostPage(298667).HiFiNiMusicPreview(Q5slCGtwyDnKaLLCWKyj9E29ALvkJi9J+cie__XkfLRecE9klew4Fzk8SmH2LKHO0jdC_ZWZ3A)

2024-04-08 17:22:40,067 <requestor-worker-2:4075853, MainThread:140589325879104> (requestor.py:_fetch_single_async:200 -> session.py:request:328) from logger `RFC.session_aiohttp`
[INFO] session requesting HiFiNiPostPage(298622).HiFiNiMusicPreview(QckiDz52mzrKaLLCWKyj9FnmAqOpa3ES5YjS6em6IKhfeRciweE6VWZpPSL3U_Oe)

2024-04-08 17:22:40,287 <requestor-worker-5:4075868, MainThread:140589325879104> (requestor.py:_fetch_single_async:200 -> session.py:request:328) from logger `RFC.session_aiohttp`
[INFO] session requesting HiFiNiPostPage(298640).HiFiNiMusicPreview(R8glWTYgzGHKaLLCWKyj9FnmAqOpa3ES5YjS6em6IKhfeRciweE6VWdlNCL_UvWe)

2024-04-08 17:22:41,363 <requestor-worker-5:4075868, MainThread:140589325879104> (requestor.py:_fetch_single_async:200 -> session.py:request:328) from logger `RFC.session_aiohttp`
[INFO] session requesting HiFiNiPostPage(298506).HiFiNiMusicPreview(RcxyWjdzzD3KaLLCWKyj9E29ALvkJi9J+cie__XkfLRecE9klew7CT0FbFf0O5f07DRC_ZWZ3A)

2024-04-08 17:22:41,589 <requestor-worker-0:4075840, MainThread:140589325879104> (requestor.py:_fetch_single_async:200 -> session.py:request:328) from logger `RFC.session_aiohttp`
[INFO] session requesting HiFiNiPostPage(298498).HiFiNiMusicPreview(F5t2DTcjmGjKaLLCWKyj9E29ALvkJi9J+cie__XkfLRecE9klew5CigAPU3yLabR0nFC_ZWZ3A)

2024-04-08 17:22:41,591 <requestor-worker-4:4075863, MainThread:140589325879104> (requestor.py:_fetch_single_async:200 -> session.py:request:328) from logger `RFC.session_aiohttp`
[INFO] session requesting HiFiNiPostPage(298531).HiFiNiMusicPreview(F8olDjp0wzvKaLLCWKyj9Ff8HqGjIG4V4JWf5ev4fLRecE90zLg1VGpoMSTyVPY)

2024-04-08 17:22:41,624 <requestor-worker-4:4075863, MainThread:140589325879104> (requestor.py:_fetch_single_async:200 -> session.py:request:328) from logger `RFC.session_aiohttp`
[INFO] session requesting HiFiNiPostPage(298528).HiFiNiMusicPreview(S84lXmx5ym7KaLLCWKyj9Ff8HqGjIG4V4JWf5ev4fLRecE90zLg1UWJhNCL0V_WU)

2024-04-08 17:22:41,805 <requestor-worker-2:4075853, MainThread:140589325879104> (requestor.py:_fetch_single_async:200 -> session.py:request:328) from logger `RFC.session_aiohttp`
[INFO] session requesting HiFiNiPostPage(298540).HiFiNiMusicPreview(RJlxAWt1wm_KaLLCWKyj9E29ALvkJi9J+cie__XkfLRecE9klew7HWsoZF31UKLH2FBC_ZWZ3A)

2024-04-08 17:22:41,816 <requestor-worker-2:4075853, MainThread:140589325879104> (requestor.py:_fetch_single_async:200 -> session.py:request:328) from logger `RFC.session_aiohttp`
[INFO] session requesting HiFiNiPostPage(298537).HiFiNiMusicPreview(R89yWzZyzDnKaLLCWKyj9E29ALvkJi9J+cie__XkfLRecE9klew5Lidga133DrD8_3NC_ZWZ3A)

2024-04-08 17:22:41,889 <requestor-worker-1:4075847, MainThread:140589325879104> (requestor.py:_fetch_single_async:200 -> session.py:request:328) from logger `RFC.session_aiohttp`
[INFO] session requesting HiFiNiPostPage(298665).HiFiNiMusicPreview(QMknXG9wmTrKaLLCWKyj9FnmAqOpa3ES5YjS6em6IKhfeRciweE6U2RgPCTzVQ)

2024-04-08 17:22:41,893 <requestor-worker-3:4075859, MainThread:140589325879104> (requestor.py:_fetch_single_async:200 -> session.py:request:328) from logger `RFC.session_aiohttp`
[INFO] session requesting HiFiNiPostPage(298639).HiFiNiMusicPreview(Rpl0Dj0jn2_KaLLCWKyj9FnmAqOpa3ES5YjS6em6IKhfeRciweE6VWJhMSXzVPOR)

2024-04-08 17:22:41,977 <requestor-worker-5:4075868, MainThread:140589325879104> (requestor.py:_fetch_single_async:200 -> session.py:request:328) from logger `RFC.session_aiohttp`
[INFO] session requesting HiFiNiPostPage(298560).HiFiNiMusicPreview(Rs8nCzpwyG_KaLLCWKyj9E29ALvkJi9J+cie__XkfLRecE9klew8LR0DNWT3M4z+yHRC_ZWZ3A)

2024-04-08 17:22:41,985 <requestor-worker-5:4075868, MainThread:140589325879104> (requestor.py:_fetch_single_async:200 -> session.py:request:328) from logger `RFC.session_aiohttp`
[INFO] session requesting HiFiNiPostPage(298487).HiFiNiMusicPreview(RswjXT55zznKaLLCWKyj9Ff8HqGjIG4V4JWf5ev4fLRecE90zLg1VGZkNif0V_qWkg)

2024-04-08 17:22:42,112 <requestor-worker-5:4075868, MainThread:140589325879104> (requestor.py:_fetch_single_async:200 -> session.py:request:328) from logger `RFC.session_aiohttp`
[INFO] session requesting HiFiNiPostPage(298562).HiFiNiMusicPreview(QsYpC2onmznKaLLCWKyj9E29ALvkJi9J+cie__XkfLRecE9klew6ATkidSP3K7Ho5T9C_ZWZ3A)

2024-04-08 17:22:42,998 <requestor-worker-5:4075868, MainThread:140589325879104> (requestor.py:_fetch_single_async:200 -> session.py:request:328) from logger `RFC.session_aiohttp`
[INFO] session requesting HiFiNiPostPage(298572).HiFiNiMusicPreview(F850Cmhwz27KaLLCWKyj9FnmAqOpa3ES5YjS6em6IKhfeRciweE8UmNkMiD2UfM)

2024-04-08 17:22:43,002 <requestor-worker-3:4075859, MainThread:140589325879104> (requestor.py:_fetch_single_async:200 -> session.py:request:328) from logger `RFC.session_aiohttp`
[INFO] session requesting HiFiNiPostPage(298575).HiFiNiMusicPreview(QckgAGoizmjKaLLCWKyj9FnmAqOpa3ES5YjS6em6IKhfeRciweE6VWdoMCf0U_SW)

2024-04-08 17:22:43,040 <requestor-worker-2:4075853, MainThread:140589325879104> (requestor.py:_fetch_single_async:200 -> session.py:request:328) from logger `RFC.session_aiohttp`
[INFO] session requesting HiFiNiPostPage(298486).HiFiNiMusicPreview(RsspXG8lmD3KaLLCWKyj9E29ALvkJi9J+cie__XkfLRecE9klew5BxAcM3z1N7Po5DVC_ZWZ3A)

2024-04-08 17:22:44,342 <requestor-worker-2:4075853, MainThread:140589325879104> (requestor.py:_fetch_single_async:200 -> session.py:request:328) from logger `RFC.session_aiohttp`
[INFO] session requesting HiFiNiPostPage(298337).HiFiNiMusicPreview(QMh2XWh3zj7KaLLCWKyj9FnmAqOpa3ES5YjS6em6IKhfeRciweE6XWBnPSL_Ug)

2024-04-08 17:22:46,272 <requestor-worker-0:4075840, MainThread:140589325879104> (requestor.py:_fetch_single_async:200 -> session.py:request:328) from logger `RFC.session_aiohttp`
[INFO] session requesting HiFiNiPostPage(298211).HiFiNiMusicPreview(Ec8pXDt4zT3KaLLCWKyj9E29ALvkJi9J+cie__XkfLRecE9klew6NRc5Z1L1V5TS+EtC_ZWZ3A)

2024-04-08 17:22:46,446 <requestor-worker-3:4075859, MainThread:140589325879104> (requestor.py:_fetch_single_async:200 -> session.py:request:328) from logger `RFC.session_aiohttp`
[INFO] session requesting HiFiNiPostPage(298224).HiFiNiMusicPreview(Es50CjZ0w2DKaLLCWKyj9FnmAqOpa3ES5YjS6em6IKhfeRciweE6VWRhMCLwW_ue)

2024-04-08 17:22:46,771 <requestor-worker-1:4075847, MainThread:140589325879104> (requestor.py:_fetch_single_async:200 -> session.py:request:328) from logger `RFC.session_aiohttp`
[INFO] session requesting HiFiNiPostPage(298179).HiFiNiMusicPreview(RMknADwgy2_KaLLCWKyj9FnmAqOpa3ES5YjS6em6IKhfeRciweE5VmFgPSX_WvKQ)

2024-04-08 17:22:46,886 <requestor-worker-1:4075847, MainThread:140589325879104> (requestor.py:_fetch_single_async:200 -> session.py:request:328) from logger `RFC.session_aiohttp`
[INFO] session requesting HiFiNiPostPage(298191).HiFiNiMusicPreview(Rs4jDzYgnDvKaLLCWKyj9E29ALvkJi9J+cie__XkfLRecE9klew5CyUoS0byKIff7XVC_ZWZ3A)

2024-04-08 17:22:47,116 <requestor-worker-2:4075853, MainThread:140589325879104> (requestor.py:_fetch_single_async:200 -> session.py:request:328) from logger `RFC.session_aiohttp`
[INFO] session requesting HiFiNiPostPage(298375).HiFiNiMusicPreview(EppxCm10y2DKaLLCWKyj9FnmAqOpa3ES5YjS6em6IKhfeRciweE5VmdkNCLxVPOe)

2024-04-08 17:22:50,355 <requestor-worker-5:4075868, MainThread:140589325879104> (requestor.py:_fetch_single_async:200 -> session.py:request:328) from logger `RFC.session_aiohttp`
[INFO] session requesting HiFiNiPostPage(297881).HiFiNiMusicPreview(Fs4jWWx4nDnKaLLCWKyj9FnmAqOpa3ES5YjS6em6IKhfeRciweE5XGJjNS3_WvWf)

2024-04-08 17:22:50,512 <requestor-worker-5:4075868, MainThread:140589325879104> (requestor.py:_fetch_single_async:200 -> session.py:request:328) from logger `RFC.session_aiohttp`
[INFO] session requesting HiFiNiPostPage(297883).HiFiNiMusicPreview(FpooWzoiyj7KaLLCWKyj9E29ALvkJi9J+cie__XkfLRecE9klew7HzA0N3P0B4jQzkFC_ZWZ3A)

2024-04-08 17:22:50,653 <requestor-worker-4:4075863, MainThread:140589325879104> (requestor.py:_fetch_single_async:200 -> session.py:request:328) from logger `RFC.session_aiohttp`
[INFO] session requesting HiFiNiPostPage(297870).HiFiNiMusicPreview(QsgjAGwkyD7KaLLCWKyj9FnmAqOpa3ES5YjS6em6IKhfeRciweE5VmthMSPxW_GR)

2024-04-08 17:22:50,653 <requestor-worker-5:4075868, MainThread:140589325879104> (requestor.py:_fetch_single_async:200 -> session.py:request:328) from logger `RFC.session_aiohttp`
[INFO] session requesting HiFiNiPostPage(297890).HiFiNiMusicPreview(F8olDztwyzzKaLLCWKyj9FnmAqOpa3ES5YjS6em6IKhfeRciweE5XGtjNiH2VvOV)

2024-04-08 17:22:51,779 <requestor-worker-4:4075863, MainThread:140589325879104> (requestor.py:_fetch_single_async:200 -> session.py:request:328) from logger `RFC.session_aiohttp`
[INFO] session requesting HiFiNiPostPage(297857).HiFiNiMusicPreview(S8lzC28iyGjKaLLCWKyj9E29ALvkJi9J+cie__XkfLRecE9klew5LgVoVVz3Nqbon0NC_ZWZ3A)

2024-04-08 17:22:52,074 <requestor-worker-1:4075847, MainThread:140589325879104> (requestor.py:_fetch_single_async:200 -> session.py:request:328) from logger `RFC.session_aiohttp`
[INFO] session requesting HiFiNiPostPage(297925).HiFiNiMusicPreview(Es0lCTZwwm3KaLLCWKyj9FnmAqOpa3ES5YjS6em6IKhfeRciweE6VWdoPSH1W_OT)

2024-04-08 17:22:57,185 <requestor-worker-1:4075847, MainThread:140589325879104> (requestor.py:_fetch_single_async:200 -> session.py:request:328) from logger `RFC.session_aiohttp`
[INFO] session requesting HiFiNiPostPage(297428).HiFiNiMusicPreview(QJ5xWm14m2DKaLLCWKyj9E29ALvkJi9J+cie__XkfLRecE9klew4UTEgVHH3DrSe2mBC_ZWZ3A)

2024-04-08 17:23:02,478 <requestor-worker-4:4075863, MainThread:140589325879104> (requestor.py:_fetch_single_async:200 -> session.py:request:328) from logger `RFC.session_aiohttp`
[INFO] session requesting HiFiNiPostPage(297064).HiFiNiMusicPreview(Rp5yDWp5nz3KaLLCWKyj9FnmAqOpa3ES5YjS6em6IKhfeRciweE5XWVmMCbwUvGS)

2024-04-08 17:23:02,494 <requestor-worker-5:4075868, MainThread:140589325879104> (requestor.py:_fetch_single_async:200 -> session.py:request:328) from logger `RFC.session_aiohttp`
[INFO] session requesting HiFiNiPostPage(297048).HiFiNiMusicPreview(Qc4oCDp4zGrKaLLCWKyj9FnmAqOpa3ES5YjS6em6IKhfeRciweE8UWNlPS30UPU)

2024-04-08 17:23:02,706 <requestor-worker-1:4075847, MainThread:140589325879104> (requestor.py:_fetch_single_async:200 -> session.py:request:328) from logger `RFC.session_aiohttp`
[INFO] session requesting HiFiNiPostPage(297219).HiFiNiMusicPreview(FcsiAWwgw2DKaLLCWKyj9FnmAqOpa3ES5YjS6em6IKhfeRciweE9VGtjMS3z)

2024-04-08 17:23:04,202 <requestor-worker-1:4075847, MainThread:140589325879104> (requestor.py:_fetch_single_async:200 -> session.py:request:328) from logger `RFC.session_aiohttp`
[INFO] session requesting HiFiNiPostPage(297188).HiFiNiMusicPreview(Qsp2Wz10zGrKaLLCWKyj9E29ALvkJi9J+cie__XkfLRecE9klew8ISUrQWT1NPDT0zdC_ZWZ3A)

2024-04-08 17:23:06,489 <requestor-worker-1:4075847, MainThread:140589325879104> (requestor.py:_fetch_single_async:200 -> session.py:request:328) from logger `RFC.session_aiohttp`
[INFO] session requesting HiFiNiPostPage(296766).HiFiNiMusicPreview(EpwlXWp1zW7KaLLCWKyj9E29ALvkJi9J+cie__XkfLRecE9klew6ISppMmL3F67Xx2pC_ZWZ3A)

2024-04-08 17:23:38,308 <requestor-worker-5:4075868, MainThread:140589325879104> (requestor.py:_fetch_single_async:200 -> session.py:request:328) from logger `RFC.session_aiohttp`
[INFO] session requesting HiFiNiPostPage(294687).HiFiNiMusicPreview(FsohDmslnmzKaLLCWKyj9FnmAqOpa3ES5YjS6em6IKhfeRciweEwU2RhMyTzUPA)

2024-04-08 17:23:44,866 <requestor-worker-0:4075840, MainThread:140589325879104> (requestor.py:_fetch_single_async:200 -> session.py:request:328) from logger `RFC.session_aiohttp`
[INFO] session requesting HiFiNiPostPage(294269).HiFiNiMusicPreview(FcsiCDZ5mWnKaLLCWKyj9FnmAqOpa3ES5YjS6em6IKhfeRciweE6VWZkNyH_WvaX)

2024-04-08 17:23:44,874 <requestor-worker-0:4075840, MainThread:140589325879104> (requestor.py:_fetch_single_async:200 -> session.py:request:328) from logger `RFC.session_aiohttp`
[INFO] session requesting HiFiNiPostPage(294426).HiFiNiMusicPreview(EMdyCz1zzTnKaLLCWKyj9FnmAqOpa3ES5YjS6em6IKhfeRciweE6VWdkPCfyVPGe)

2024-04-08 17:23:46,001 <requestor-worker-3:4075859, MainThread:140589325879104> (requestor.py:_fetch_single_async:200 -> session.py:request:328) from logger `RFC.session_aiohttp`
[INFO] session requesting HiFiNiPostPage(294283).HiFiNiMusicPreview(Qc9zXm1xmD3KaLLCWKyj9E29ALvkJi9J+cie__XkfLRecE9klew8BCoCYCXyBoTh2W9C_ZWZ3A)

2024-04-08 17:23:47,300 <requestor-worker-4:4075863, MainThread:140589325879104> (requestor.py:_fetch_single_async:200 -> session.py:request:328) from logger `RFC.session_aiohttp`
[INFO] session requesting HiFiNiPostPage(293992).HiFiNiMusicPreview(SsclWT4nwmDKaLLCWKyj9FnmAqOpa3ES5YjS6em6IKhfeRciweE6VWdgPSDyVfaR)

2024-04-08 17:23:54,345 <requestor-worker-3:4075859, MainThread:140589325879104> (requestor.py:_fetch_single_async:200 -> session.py:request:328) from logger `RFC.session_aiohttp`
[INFO] session requesting HiFiNiPostPage(293582).HiFiNiMusicPreview(Q5siAG14nmnKaLLCWKyj9FnmAqOpa3ES5YjS6em6IKhfeRciweE5VmJhMy30VfqW)

2024-04-08 17:24:06,921 <requestor-worker-0:4075840, MainThread:140589325879104> (requestor.py:_fetch_single_async:200 -> session.py:request:328) from logger `RFC.session_aiohttp`
[INFO] session requesting HiFiNiPostPage(292693).HiFiNiMusicPreview(RJ0lWThxyD3KaLLCWKyj9E29ALvkJi9J+cie__XkfLRecE9klew5EhtmSX30WvPv4WZC_ZWZ3A)

2024-04-08 17:24:26,226 <requestor-worker-3:4075859, MainThread:140589325879104> (requestor.py:_fetch_single_async:200 -> session.py:request:328) from logger `RFC.session_aiohttp`
[INFO] session requesting HiFiNiPostPage(291410).HiFiNiMusicPreview(R8onXj0gymjKaLLCWKyj9E29ALvkJi9J+cie__XkfLRecE9klew7KSoYU0z3LavTmn1C_ZWZ3A)

2024-04-08 17:24:26,247 <requestor-worker-5:4075868, MainThread:140589325879104> (requestor.py:_fetch_single_async:200 -> session.py:request:328) from logger `RFC.session_aiohttp`
[INFO] session requesting HiFiNiPostPage(291422).HiFiNiMusicPreview(QscjCzZ5m2jKaLLCWKyj9FnmAqOpa3ES5YjS6em6IKhfeRciweE7VWVhMiA)

2024-04-08 17:24:55,606 <requestor-worker-5:4075868, MainThread:140589325879104> (requestor.py:_fetch_single_async:200 -> session.py:request:328) from logger `RFC.session_aiohttp`
[INFO] session requesting HiFiNiPostPage(289531).HiFiNiMusicPreview(QZ50CG8nzD3KaLLCWKyj9FnmAqOpa3ES5YjS6em6IKhfeRciweE6VWZlPSbxWvaX)

2024-04-08 17:25:00,325 <requestor-worker-3:4075859, MainThread:140589325879104> (requestor.py:_fetch_single_async:200 -> session.py:request:328) from logger `RFC.session_aiohttp`
[INFO] session requesting HiFiNiPostPage(289147).HiFiNiMusicPreview(Rc8nXjwiwmDKaLLCWKyj9E29ALvkJi9J+cie__XkfLRecE9klew6KBEDSEH3O_ve_nNC_ZWZ3A)

2024-04-08 17:25:10,765 <requestor-worker-1:4075847, MainThread:140589325879104> (requestor.py:_fetch_single_async:200 -> session.py:request:328) from logger `RFC.session_aiohttp`
[INFO] session requesting HiFiNiPostPage(288420).HiFiNiMusicPreview(EJ50DDxxzj3KaLLCWKyj9E29ALvkJi9J+cie__XkfLRecE9klew8VBgkfHj3GLrwwm1C_ZWZ3A)

2024-04-08 17:25:14,816 <requestor-worker-5:4075868, MainThread:140589325879104> (requestor.py:_fetch_single_async:200 -> session.py:request:328) from logger `RFC.session_aiohttp`
[INFO] session requesting HiFiNiPostPage(288116).HiFiNiMusicPreview(Fp5yDjZ2zWnKaLLCWKyj9FnmAqOpa3ES5YjS6em6IKhfeRciweE6XWVhNyT1)

2024-04-08 17:25:14,930 <requestor-worker-1:4075847, MainThread:140589325879104> (requestor.py:_fetch_single_async:200 -> session.py:request:328) from logger `RFC.session_aiohttp`
[INFO] session requesting HiFiNiPostPage(288124).HiFiNiMusicPreview(FsdzCTZ5mz3KaLLCWKyj9FnmAqOpa3ES5YjS6em6IKhfeRciweE6VWBnMSP_V_uR)

2024-04-08 17:25:23,069 <requestor-worker-1:4075847, MainThread:140589325879104> (requestor.py:_fetch_single_async:200 -> session.py:request:328) from logger `RFC.session_aiohttp`
[INFO] session requesting HiFiNiPostPage(287672).HiFiNiMusicPreview(F50pDjcjymnKaLLCWKyj9E29ALvkJi9J+cie__XkfLRecE9klew7BCQFMnjyJojP5nBC_ZWZ3A)

2024-04-08 17:25:25,106 <requestor-worker-2:4075853, MainThread:140589325879104> (requestor.py:_fetch_single_async:200 -> session.py:request:328) from logger `RFC.session_aiohttp`
[INFO] session requesting HiFiNiPostPage(287652).HiFiNiMusicPreview(EZt0XW0nyzvKaLLCWKyj9E29ALvkJi9J+cie__XkfLRecE9klew5FBA+biT2BYfk7j9C_ZWZ3A)

2024-04-08 17:25:27,113 <requestor-worker-5:4075868, MainThread:140589325879104> (requestor.py:_fetch_single_async:200 -> session.py:request:328) from logger `RFC.session_aiohttp`
[INFO] session requesting HiFiNiPostPage(287274).HiFiNiMusicPreview(F89xW2hyzWjKaLLCWKyj9E29ALvkJi9J+cie__XkfLRecE9klew4FDA7S0T1NLTF2UlC_ZWZ3A)

2024-04-08 17:25:35,976 <requestor-worker-5:4075868, MainThread:140589325879104> (requestor.py:_fetch_single_async:200 -> session.py:request:328) from logger `RFC.session_aiohttp`
[INFO] session requesting HiFiNiPostPage(286670).HiFiNiMusicPreview(Fpp2ATwlyzrKaLLCWKyj9FnmAqOpa3ES5YjS6em6IKhfeRciweE6VWBoPS33W_OU)

2024-04-08 17:25:41,492 <requestor-worker-0:4075840, MainThread:140589325879104> (requestor.py:_fetch_single_async:200 -> session.py:request:328) from logger `RFC.session_aiohttp`
[INFO] session requesting HiFiNiPostPage(286375).HiFiNiMusicPreview(RpwjDzglw2jKaLLCWKyj9E29ALvkJi9J+cie__XkfLRecE9klew7VhAlU1L2LoLg2WZC_ZWZ3A)

2024-04-08 17:25:42,391 <requestor-worker-1:4075847, MainThread:140589325879104> (requestor.py:_fetch_single_async:200 -> session.py:request:328) from logger `RFC.session_aiohttp`
[INFO] session requesting HiFiNiPostPage(286376).HiFiNiMusicPreview(QZwoCjt3ymvKaLLCWKyj9E29ALvkJi9J+cie__XkfLRecE9klew7HxFlbmz2C6fuw2hC_ZWZ3A)

2024-04-08 17:25:43,802 <requestor-worker-2:4075853, MainThread:140589325879104> (requestor.py:_fetch_single_async:200 -> session.py:request:328) from logger `RFC.session_aiohttp`
[INFO] session requesting HiFiNiPostPage(286174).HiFiNiMusicPreview(SpomWjxzzT7KaLLCWKyj9E29ALvkJi9J+cie__XkfLRecE9klew6IiIiV0z0Abrv715C_ZWZ3A)

2024-04-08 17:25:52,683 <requestor-worker-2:4075853, MainThread:140589325879104> (requestor.py:_fetch_single_async:200 -> session.py:request:328) from logger `RFC.session_aiohttp`
[INFO] session requesting HiFiNiPostPage(285671).HiFiNiMusicPreview(EZ52D2h1nG7KaLLCWKyj9E29ALvkJi9J+cie__XkfLRecE9klew7C2UianDyMrX0nVVC_ZWZ3A)

2024-04-08 17:25:54,946 <requestor-worker-4:4075863, MainThread:140589325879104> (requestor.py:_fetch_single_async:200 -> session.py:request:328) from logger `RFC.session_aiohttp`
[INFO] session requesting HiFiNiPostPage(285658).HiFiNiMusicPreview(RMhzDzdwnm3KaLLCWKyj9E29ALvkJi9J+cie__XkfLRecE9klew8LzoQfHv2E_HLm3RC_ZWZ3A)

2024-04-08 17:26:13,821 <requestor-worker-5:4075868, MainThread:140589325879104> (requestor.py:_fetch_single_async:200 -> session.py:request:328) from logger `RFC.session_aiohttp`
[INFO] session requesting HiFiNiPostPage(284110).HiFiNiMusicPreview(EMx0DzwiyzvKaLLCWKyj9FnmAqOpa3ES5YjS6em6IKhfeRciweE6U2ZnPCbxWw)

2024-04-08 17:26:13,828 <requestor-worker-5:4075868, MainThread:140589325879104> (requestor.py:_fetch_single_async:200 -> session.py:request:328) from logger `RFC.session_aiohttp`
[INFO] session requesting HiFiNiPostPage(284114).HiFiNiMusicPreview(EcYoWmh3mznKaLLCWKyj9E29ALvkJi9J+cie__XkfLRecE9klew7JGcYRFD0V67Knj5C_ZWZ3A)

2024-04-08 17:26:15,642 <requestor-worker-5:4075868, MainThread:140589325879104> (requestor.py:_fetch_single_async:200 -> session.py:request:328) from logger `RFC.session_aiohttp`
[INFO] session requesting HiFiNiPostPage(284162).HiFiNiMusicPreview(RZ0oCT9zzjvKaLLCWKyj9E29ALvkJi9J+cie9P3kIuhCcUYsiuw4VQUlM3qOVoTBnHY6u4mA3RA)

2024-04-08 17:26:33,729 <requestor-worker-1:4075847, MainThread:140589325879104> (requestor.py:_fetch_single_async:200 -> session.py:request:328) from logger `RFC.session_aiohttp`
[INFO] session requesting HiFiNiPostPage(282827).HiFiNiMusicPreview(FskgDmx4zzvKaLLCWKyj9E29ALvkJi9J+cie__XkfLRecE9klew8AWcyNln1CpSU2VFC_ZWZ3A)

2024-04-08 17:26:37,756 <requestor-worker-4:4075863, MainThread:140589325879104> (requestor.py:_fetch_single_async:200 -> session.py:request:328) from logger `RFC.session_aiohttp`
[INFO] session requesting HiFiNiPostPage(282528).HiFiNiMusicPreview(RconDTonwjzKaLLCWKyj9Ff8HqGjIG4V4JWf5ev4fLRecE90zLg1UWNiNSPxUfaV)

2024-04-08 17:26:37,765 <requestor-worker-1:4075847, MainThread:140589325879104> (requestor.py:_fetch_single_async:200 -> session.py:request:328) from logger `RFC.session_aiohttp`
[INFO] session requesting HiFiNiPostPage(282532).HiFiNiMusicPreview(Q5kmWz8jzT3KaLLCWKyj9E29ALvkJi9J+cie__XkfLRecE9klew7Pz00NED2O4zKwjdC_ZWZ3A)

2024-04-08 17:26:46,806 <requestor-worker-2:4075853, MainThread:140589325879104> (requestor.py:_fetch_single_async:200 -> session.py:request:328) from logger `RFC.session_aiohttp`
[INFO] session requesting HiFiNiPostPage(281854).HiFiNiMusicPreview(Fp4gATglmDnKaLLCWKyj9FnmAqOpa3ES5YjS6em6IKhfeRciweE8UmBgNiPxVfM)

2024-04-08 17:26:47,344 <requestor-worker-5:4075868, MainThread:140589325879104> (requestor.py:_fetch_single_async:200 -> session.py:request:328) from logger `RFC.session_aiohttp`
[INFO] session requesting HiFiNiPostPage(281920).HiFiNiMusicPreview(RZ0gXWt0yW3KaLLCWKyj9E29ALvkJi9J+cie__XkfLRecE9klew6JihmQVz0MarLx0JC_ZWZ3A)

2024-04-08 17:26:51,238 <requestor-worker-5:4075868, MainThread:140589325879104> (requestor.py:_fetch_single_async:200 -> session.py:request:328) from logger `RFC.session_aiohttp`
[INFO] session requesting HiFiNiPostPage(281794).HiFiNiMusicPreview(QM4lDW8gymvKaLLCWKyj9FnmAqOpa3ES5YjS6em6IKhfeRciweE8VmdiNSPyVvE)

2024-04-08 17:26:56,124 <requestor-worker-2:4075853, MainThread:140589325879104> (requestor.py:_fetch_single_async:200 -> session.py:request:328) from logger `RFC.session_aiohttp`
[INFO] session requesting HiFiNiPostPage(281509).HiFiNiMusicPreview(QskgDj1xyzzKaLLCWKyj9E29ALvkJi9J+cie__XkfLRecE9klew8LTMWNXj1MrrA4DVC_ZWZ3A)

2024-04-08 17:27:13,743 <requestor-worker-5:4075868, MainThread:140589325879104> (requestor.py:_fetch_single_async:200 -> session.py:request:328) from logger `RFC.session_aiohttp`
[INFO] session requesting HiFiNiPostPage(280010).HiFiNiMusicPreview(FZ0hXWh3zmjKaLLCWKyj9E29ALvkJi9J+cie__XkfLRecE9klew5Eh1nfC31FankwT9C_ZWZ3A)

2024-04-08 17:27:19,368 <requestor-worker-0:4075840, MainThread:140589325879104> (requestor.py:_fetch_single_async:200 -> session.py:request:328) from logger `RFC.session_aiohttp`
[INFO] session requesting HiFiNiPostPage(279751).HiFiNiMusicPreview(FpslD21wn2jKaLLCWKyj9FnmAqOpa3ES5YjS6em6IKhfeRciweE6VWFpMCfzW_uT)

2024-04-08 17:27:23,137 <requestor-worker-1:4075847, MainThread:140589325879104> (requestor.py:_fetch_single_async:200 -> session.py:request:328) from logger `RFC.session_aiohttp`
[INFO] session requesting HiFiNiPostPage(279467).HiFiNiMusicPreview(RMwpXDklm2zKaLLCWKyj9E29ALvkJi9J+cie__XkfLRecE9klew7AAMSYG30OJTg3HJC_ZWZ3A)

2024-04-08 17:27:31,759 <requestor-worker-5:4075868, MainThread:140589325879104> (requestor.py:_fetch_single_async:200 -> session.py:request:328) from logger `RFC.session_aiohttp`
[INFO] session requesting HiFiNiPostPage(278779).HiFiNiMusicPreview(QJ4mWj92zG_KaLLCWKyj9E29ALvkJi9J+cie__XkfLRecE9klew5HDk4Zkz0OrvCmWlC_ZWZ3A)

2024-04-08 17:27:32,377 <requestor-worker-5:4075868, MainThread:140589325879104> (requestor.py:_fetch_single_async:200 -> session.py:request:328) from logger `RFC.session_aiohttp`
[INFO] session requesting HiFiNiPostPage(278930).HiFiNiMusicPreview(R8cnXmp2zzvKaLLCWKyj9FnmAqOpa3ES5YjS6em6IKhfeRciweE6VWBpMyTzUfKf)

2024-04-08 17:27:38,423 <requestor-worker-5:4075868, MainThread:140589325879104> (requestor.py:_fetch_single_async:200 -> session.py:request:328) from logger `RFC.session_aiohttp`
[INFO] session requesting HiFiNiPostPage(278468).HiFiNiMusicPreview(R88nXm94zm7KaLLCWKyj9E29ALvkJi9J+cie__XkfLRecE9klew7JgIiSCD2EI7ykmBC_ZWZ3A)

2024-04-08 17:27:41,823 <requestor-worker-0:4075840, MainThread:140589325879104> (requestor.py:_fetch_single_async:200 -> session.py:request:328) from logger `RFC.session_aiohttp`
[INFO] session requesting HiFiNiPostPage(278114).HiFiNiMusicPreview(R51zDWt2y23KaLLCWKyj9E29ALvkJi9J+cie__XkfLRecE9klew4JDwjZFf1I4DpnHJC_ZWZ3A)

2024-04-08 17:27:45,432 <requestor-worker-1:4075847, MainThread:140589325879104> (requestor.py:_fetch_single_async:200 -> session.py:request:328) from logger `RFC.session_aiohttp`
[INFO] session requesting HiFiNiPostPage(278033).HiFiNiMusicPreview(Fc92XGx5yW_KaLLCWKyj9E29ALvkJi9J+cie__XkfLRecE9klew7N2ZgMHzyMLqXzTBC_ZWZ3A)

2024-04-08 17:27:51,968 <requestor-worker-5:4075868, MainThread:140589325879104> (requestor.py:_fetch_single_async:200 -> session.py:request:328) from logger `RFC.session_aiohttp`
[INFO] session requesting HiFiNiPostPage(277468).HiFiNiMusicPreview(R8dyXmogy23KaLLCWKyj9E29ALvkJi9J+cie__XkfLRecE9klew7KwIFTnPyNa3Vkk1C_ZWZ3A)

2024-04-08 17:27:57,334 <requestor-worker-3:4075859, MainThread:140589325879104> (requestor.py:_fetch_single_async:200 -> session.py:request:328) from logger `RFC.session_aiohttp`
[INFO] session requesting HiFiNiPostPage(277128).HiFiNiMusicPreview(Q89xCjd4m2jKaLLCWKyj9E29ALvkJi9J+cie__XkfLRecE9klew6KhgXfUT3BInp+GlC_ZWZ3A)

2024-04-08 17:28:28,401 <requestor-worker-3:4075859, MainThread:140589325879104> (requestor.py:_fetch_single_async:200 -> session.py:request:328) from logger `RFC.session_aiohttp`
[INFO] session requesting HiFiNiPostPage(275156).HiFiNiMusicPreview(EJ5xXG9xz2nKaLLCWKyj9FnmAqOpa3ES5YjS6em6IKhfeRciweE8V2ZoPCH2Vfo)

2024-04-08 17:28:28,886 <requestor-worker-2:4075853, MainThread:140589325879104> (requestor.py:_fetch_single_async:200 -> session.py:request:328) from logger `RFC.session_aiohttp`
[INFO] session requesting HiFiNiPostPage(275142).HiFiNiMusicPreview(Q8t2Dmp1zzzKaLLCWKyj9Ff8HqGjIG4V4JWf5ev4fLRecE90zLg1V2NoNiH2VPU)

2024-04-08 17:28:29,654 <requestor-worker-2:4075853, MainThread:140589325879104> (requestor.py:_fetch_single_async:200 -> session.py:request:328) from logger `RFC.session_aiohttp`
[INFO] session requesting HiFiNiPostPage(275061).HiFiNiMusicPreview(R8sjWWsjzW7KaLLCWKyj9FnmAqOpa3ES5YjS6em6IKhfeRciweE8UmVpMSD2WvE)

2024-04-08 17:28:31,126 <requestor-worker-4:4075863, MainThread:140589325879104> (requestor.py:_fetch_single_async:200 -> session.py:request:328) from logger `RFC.session_aiohttp`
[INFO] session requesting HiFiNiPostPage(275069).HiFiNiMusicPreview(QZlzCGpwyD3KaLLCWKyj9FnmAqOpa3ES5YjS6em6IKhfeRciweE5XGBoNCzzW_aQ)

2024-04-08 17:28:31,660 <requestor-worker-3:4075859, MainThread:140589325879104> (requestor.py:_fetch_single_async:200 -> session.py:request:328) from logger `RFC.session_aiohttp`
[INFO] session requesting HiFiNiPostPage(274972).HiFiNiMusicPreview(S5lyXT8jwzrKaLLCWKyj9FnmAqOpa3ES5YjS6em6IKhfeRciweE8XWVkNyPzVvM)

2024-04-08 17:28:33,695 <requestor-worker-1:4075847, MainThread:140589325879104> (requestor.py:_fetch_single_async:200 -> session.py:request:328) from logger `RFC.session_aiohttp`
[INFO] session requesting HiFiNiPostPage(274796).HiFiNiMusicPreview(R5smWmh3w2DKaLLCWKyj9E29ALvkJi9J+cie__XkfLRecE9klew6KQhpTGL0AIHxzXJC_ZWZ3A)

2024-04-08 17:28:33,735 <requestor-worker-5:4075868, MainThread:140589325879104> (requestor.py:_fetch_single_async:200 -> session.py:request:328) from logger `RFC.session_aiohttp`
[INFO] session requesting HiFiNiPostPage(274896).HiFiNiMusicPreview(RchxCDgnymjKaLLCWKyj9FnmAqOpa3ES5YjS6em6IKhfeRciweE5XGthMSPw)

2024-04-08 17:28:34,250 <requestor-worker-1:4075847, MainThread:140589325879104> (requestor.py:_fetch_single_async:200 -> session.py:request:328) from logger `RFC.session_aiohttp`
[INFO] session requesting HiFiNiPostPage(274789).HiFiNiMusicPreview(RM8iDzZzm2zKaLLCWKyj9FnmAqOpa3ES5YjS6em6IKhfeRciweE5UWpgMCTwUPOW)

2024-04-08 17:29:03,147 <requestor-worker-0:4075840, MainThread:140589325879104> (requestor.py:_fetch_single_async:200 -> session.py:request:328) from logger `RFC.session_aiohttp`
[INFO] session requesting HiFiNiPostPage(272897).HiFiNiMusicPreview(RZwiW2hzm2jKaLLCWKyj9E29ALvkJi9J+cie__XkfLRecE9klew7UBlkXFn1C67V+zdC_ZWZ3A)

2024-04-08 17:29:05,807 <requestor-worker-3:4075859, MainThread:140589325879104> (requestor.py:_fetch_single_async:200 -> session.py:request:328) from logger `RFC.session_aiohttp`
[INFO] session requesting HiFiNiPostPage(272793).HiFiNiMusicPreview(RZx0XjwlzjrKaLLCWKyj9FnmAqOpa3ES5YjS6em6IKhfeRciweE5XWBnNC3_VPeU)

2024-04-08 17:29:13,793 <requestor-worker-1:4075847, MainThread:140589325879104> (requestor.py:_fetch_single_async:200 -> session.py:request:328) from logger `RFC.session_aiohttp`
[INFO] session requesting HiFiNiPostPage(272098).HiFiNiMusicPreview(EconWmggw2HKaLLCWKyj9E29ALvkJi9J+cie__XkfLRecE9klew5L2AhUWf3CJr_yX5C_ZWZ3A)

2024-04-08 17:29:19,031 <requestor-worker-3:4075859, MainThread:140589325879104> (requestor.py:_fetch_single_async:200 -> session.py:request:328) from logger `RFC.session_aiohttp`
[INFO] session requesting HiFiNiPostPage(271620).HiFiNiMusicPreview(R8xyCzZ5yD3KaLLCWKyj9FnmAqOpa3ES5YjS6em6IKhfeRciweE6VWFiPSPxU_KW)

2024-04-08 17:29:20,498 <requestor-worker-2:4075853, MainThread:140589325879104> (requestor.py:_fetch_single_async:200 -> session.py:request:328) from logger `RFC.session_aiohttp`
[INFO] session requesting HiFiNiPostPage(271592).HiFiNiMusicPreview(Spx0WjYjyj3KaLLCWKyj9E29ALvkJi9J+cie__XkfLRecE9klew7DQAjMnf2D_Dww21C_ZWZ3A)

2024-04-08 17:29:21,541 <requestor-worker-5:4075868, MainThread:140589325879104> (requestor.py:_fetch_single_async:200 -> session.py:request:328) from logger `RFC.session_aiohttp`
[INFO] session requesting HiFiNiPostPage(271510).HiFiNiMusicPreview(EZ50Dmh4yzrKaLLCWKyj9FnmAqOpa3ES5YjS6em6IKhfeRciweE6VWFlPSb0V_ae)

2024-04-08 17:29:28,928 <requestor-worker-4:4075863, MainThread:140589325879104> (requestor.py:_fetch_single_async:200 -> session.py:request:328) from logger `RFC.session_aiohttp`
[INFO] session requesting HiFiNiPostPage(270953).HiFiNiMusicPreview(QsshCDxyzTrKaLLCWKyj9E29ALvkJi9J+cie__XkfLRecE9klew4FCMffV_0UIbF2H5C_ZWZ3A)

2024-04-08 17:29:30,950 <requestor-worker-5:4075868, MainThread:140589325879104> (requestor.py:_fetch_single_async:200 -> session.py:request:328) from logger `RFC.session_aiohttp`
[INFO] session requesting HiFiNiPostPage(270857).HiFiNiMusicPreview(F8l1CTh5yznKaLLCWKyj9FnmAqOpa3ES5YjS6em6IKhfeRciweE5XGZpNiz0V_uW)

2024-04-08 17:29:32,781 <requestor-worker-5:4075868, MainThread:140589325879104> (requestor.py:_fetch_single_async:200 -> session.py:request:328) from logger `RFC.session_aiohttp`
[INFO] session requesting HiFiNiPostPage(270823).HiFiNiMusicPreview(Ss4pDTZ3wzrKaLLCWKyj9FnmAqOpa3ES5YjS6em6IKhfeRciweE8UWZkNyD0U_c)

2024-04-08 17:29:32,847 <requestor-worker-0:4075840, MainThread:140589325879104> (requestor.py:_fetch_single_async:200 -> session.py:request:328) from logger `RFC.session_aiohttp`
[INFO] session requesting HiFiNiPostPage(270722).HiFiNiMusicPreview(qh2GVG1h2HE16cg6_QUmw4Nk1Muh6FLOy244SARM40auFpaMGewVQ9412fc)

2024-04-08 17:29:33,109 <requestor-worker-2:4075853, MainThread:140589325879104> (requestor.py:_fetch_single_async:200 -> session.py:request:328) from logger `RFC.session_aiohttp`
[INFO] session requesting HiFiNiPostPage(270824).HiFiNiMusicPreview(RMwoXWsjz2nKaLLCWKyj9FnmAqOpa3ES5YjS6em6IKhfeRciweE5UWdlPSf2W_uV)

2024-04-08 17:29:38,783 <requestor-worker-3:4075859, MainThread:140589325879104> (requestor.py:_fetch_single_async:200 -> session.py:request:328) from logger `RFC.session_aiohttp`
[INFO] session requesting HiFiNiPostPage(270349).HiFiNiMusicPreview(F8pzD213zm_KaLLCWKyj9FnmAqOpa3ES5YjS6em6IKhfeRciweE6VWFlMiz1UPKQ)

2024-04-08 17:29:49,089 <requestor-worker-0:4075840, MainThread:140589325879104> (requestor.py:_fetch_single_async:200 -> session.py:request:328) from logger `RFC.session_aiohttp`
[INFO] session requesting HiFiNiPostPage(269637).HiFiNiMusicPreview(EcknXj0gmG_KaLLCWKyj9E29ALvkJi9J+cie__XkfLRecE9klew6EDY2MnP0JojOm3FC_ZWZ3A)

2024-04-08 17:30:17,616 <requestor-worker-5:4075868, MainThread:140589325879104> (requestor.py:_fetch_single_async:200 -> session.py:request:328) from logger `RFC.session_aiohttp`
[INFO] session requesting HiFiNiPostPage(267724).HiFiNiMusicPreview(qR2ABz5k23E16cg6_QUmw5c_1tPspQyV1y50XhgSv1qvH87KTeEQT9o3hPLWvDPIunoaNdT9lw)

2024-04-08 17:30:17,767 <requestor-worker-0:4075840, MainThread:140589325879104> (requestor.py:_fetch_single_async:200 -> session.py:request:328) from logger `RFC.session_aiohttp`
[INFO] session requesting HiFiNiPostPage(267695).HiFiNiMusicPreview(EcZxCT4jyWHKaLLCWKyj9E29ALvkJi9J+cie__XkfLRecE9klew4DSA4c331U7fHxXVC_ZWZ3A)

2024-04-08 17:30:19,387 <requestor-worker-2:4075853, MainThread:140589325879104> (requestor.py:_fetch_single_async:200 -> session.py:request:328) from logger `RFC.session_aiohttp`
[INFO] session requesting HiFiNiPostPage(267570).HiFiNiMusicPreview(rxGBW29j2Sg16cg6_QUmw4Nk1Muh6FLOy244SARM40auFpaMGewWT9Az3f8)

2024-04-08 17:30:19,619 <requestor-worker-0:4075840, MainThread:140589325879104> (requestor.py:_fetch_single_async:200 -> session.py:request:328) from logger `RFC.session_aiohttp`
[INFO] session requesting HiFiNiPostPage(267551).HiFiNiMusicPreview(rBPTVDlrjyE16cg6_QUmw4Nk1Muh6FLOy244SARM40auFpaMGewQQ90w3vbT+TI)

2024-04-08 17:30:19,984 <requestor-worker-5:4075868, MainThread:140589325879104> (requestor.py:_fetch_single_async:200 -> session.py:request:328) from logger `RFC.session_aiohttp`
[INFO] session requesting HiFiNiPostPage(267543).HiFiNiMusicPreview(QMwlWzd3wzrKaLLCWKyj9E29ALvkJi9J+cie__XkfLRecE9klew7LCI5Q1_3J6r_721C_ZWZ3A)

2024-04-08 17:30:20,080 <requestor-worker-2:4075853, MainThread:140589325879104> (requestor.py:_fetch_single_async:200 -> session.py:request:328) from logger `RFC.session_aiohttp`
[INFO] session requesting HiFiNiPostPage(267572).HiFiNiMusicPreview(SsogWzZxy2nKaLLCWKyj9FnmAqOpa3ES5YjS6em6IKhfeRciweE6VWJjNi30V_aQ)

2024-04-08 17:30:23,881 <requestor-worker-5:4075868, MainThread:140589325879104> (requestor.py:_fetch_single_async:200 -> session.py:request:328) from logger `RFC.session_aiohttp`
[INFO] session requesting HiFiNiPostPage(267285).HiFiNiMusicPreview(rUSBBztn3nE16cg6_QUmw5c_1tPspQyV1y50XhgSv1qvH87KTeEQLJtqgonQikPEu0kaNdT9lw)

2024-04-08 17:30:27,853 <requestor-worker-3:4075859, MainThread:140589325879104> (requestor.py:_fetch_single_async:200 -> session.py:request:328) from logger `RFC.session_aiohttp`
[INFO] session requesting HiFiNiPostPage(266949).HiFiNiMusicPreview(_RaHAG42iyY16cg6_QUmw4Nk1Muh6FLOy244SARM40auFpaMGewWS9s33vDU_DOX)

2024-04-08 17:30:36,265 <requestor-worker-0:4075840, MainThread:140589325879104> (requestor.py:_fetch_single_async:200 -> session.py:request:328) from logger `RFC.session_aiohttp`
[INFO] session requesting HiFiNiPostPage(266447).HiFiNiMusicPreview(rxSGB2wwiSc16cg6_QUmw5c_1tPspQyV1y50XhgSv1qvH87KTeEVFohpiq3VjD70r3AaNdT9lw)

2024-04-08 17:30:36,632 <requestor-worker-0:4075840, MainThread:140589325879104> (requestor.py:_fetch_single_async:200 -> session.py:request:328) from logger `RFC.session_aiohttp`
[INFO] session requesting HiFiNiPostPage(266446).HiFiNiMusicPreview(q0TUAWpri3M16cg6_QUmw5c_1tPspQyV1y50XhgSv1qvH87KTeEXOa9D3qbV9HmRym4aNdT9lw)

2024-04-08 17:30:41,597 <requestor-worker-3:4075859, MainThread:140589325879104> (requestor.py:_fetch_single_async:200 -> session.py:request:328) from logger `RFC.session_aiohttp`
[INFO] session requesting HiFiNiPostPage(266016).HiFiNiMusicPreview(Qs9zCDoinGDKaLLCWKyj9FnmAqOpa3ES5YjS6em6IKhfeRciweE6VWBoNCPyVfeU)

2024-04-08 17:30:42,006 <requestor-worker-4:4075863, MainThread:140589325879104> (requestor.py:_fetch_single_async:200 -> session.py:request:328) from logger `RFC.session_aiohttp`
[INFO] session requesting HiFiNiPostPage(266021).HiFiNiMusicPreview(qROBUmRqjXY16cg6_QUmw5c_1tPspQyV1y50XhgSv1qvH87KTeEUNJ5ph7HV+1z_h04aNdT9lw)

2024-04-08 17:30:47,492 <requestor-worker-1:4075847, MainThread:140589325879104> (requestor.py:_fetch_single_async:200 -> session.py:request:328) from logger `RFC.session_aiohttp`
[INFO] session requesting HiFiNiPostPage(265697).HiFiNiMusicPreview(rBGBUGVkiiI16cg6_QUmw5c_1tPspQyV1y50XhgSv1qvH87KTeEWOaE3lqvVh2HOzVYaNdT9lw)

2024-04-08 17:31:00,510 <requestor-worker-3:4075859, MainThread:140589325879104> (requestor.py:_fetch_single_async:200 -> session.py:request:328) from logger `RFC.session_aiohttp`
[INFO] session requesting HiFiNiPostPage(264869).HiFiNiMusicPreview(+RWAVGk22yg16cg6_QUmw5c_1tPspQyV1y50XhgSv1qvH87KTeEQSqVI3ZPUt0DUi2kaNdT9lw)

2024-04-08 17:31:07,092 <requestor-worker-1:4075847, MainThread:140589325879104> (requestor.py:_fetch_single_async:200 -> session.py:request:328) from logger `RFC.session_aiohttp`
[INFO] session requesting HiFiNiPostPage(264459).HiFiNiMusicPreview(_kPUAzk23Cc16cg6_QUmw41+yMmro03JznN1RAYOv1qvH87aFLUZStAy1vTd_DKXzQ)

2024-04-08 17:31:09,981 <requestor-worker-5:4075868, MainThread:140589325879104> (requestor.py:_fetch_single_async:200 -> session.py:request:328) from logger `RFC.session_aiohttp`
[INFO] session requesting HiFiNiPostPage(264453).HiFiNiMusicPreview(+kbSUG02iCA16cg6_QUmw5c_1tPspQyV1y50XhgSv1qvH87KTeEUGZlTgfXX_jngyVYaNdT9lw)

2024-04-08 17:31:16,340 <requestor-worker-1:4075847, MainThread:140589325879104> (requestor.py:_fetch_single_async:200 -> session.py:request:328) from logger `RFC.session_aiohttp`
[INFO] session requesting HiFiNiPostPage(264055).HiFiNiMusicPreview(r0PSAGo3iic16cg6_QUmw5c_1tPspQyV1y50XhgSv1qvH87KTeEWD585v7bW_lLImUIaNdT9lw)

2024-04-08 17:31:45,621 <requestor-worker-1:4075847, MainThread:140589325879104> (requestor.py:_fetch_single_async:200 -> session.py:request:328) from logger `RFC.session_aiohttp`
[INFO] session requesting HiFiNiPostPage(262458).HiFiNiMusicPreview(+UbdAW9hjHY16cg6_QUmw5c_1tPspQyV1y50XhgSv1qvH87KTeEUN4dRqJHQqFDslG0aNdT9lw)

2024-04-08 17:31:50,270 <requestor-worker-3:4075859, MainThread:140589325879104> (requestor.py:_fetch_single_async:200 -> session.py:request:328) from logger `RFC.session_aiohttp`
[INFO] session requesting HiFiNiPostPage(261991).HiFiNiMusicPreview(QMp2Xjpxy2rKaLLCWKyj9E29ALvkJi9J+cie__XkfLRecE9klew4L2MISV70NoDK+FJC_ZWZ3A)

2024-04-08 17:31:50,431 <requestor-worker-0:4075840, MainThread:140589325879104> (requestor.py:_fetch_single_async:200 -> session.py:request:328) from logger `RFC.session_aiohttp`
[INFO] session requesting HiFiNiPostPage(262002).HiFiNiMusicPreview(_xzXVGk0iXM16cg6_QUmw5c_1tPspQyV1y50XhgSv1qvH87KTeEVM6Q2mbDQ+G_vnHYaNdT9lw)

2024-04-08 17:31:59,646 <requestor-worker-0:4075840, MainThread:140589325879104> (requestor.py:_fetch_single_async:200 -> session.py:request:328) from logger `RFC.session_aiohttp`
[INFO] session requesting HiFiNiPostPage(261468).HiFiNiMusicPreview(FpopAGwgzm3KaLLCWKyj9FnmAqOpa3ES5YjS6em6IKhfeRciweE6VWBkPSb0VfGQ)

2024-04-08 17:32:01,303 <requestor-worker-3:4075859, MainThread:140589325879104> (requestor.py:_fetch_single_async:200 -> session.py:request:328) from logger `RFC.session_aiohttp`
[INFO] session requesting HiFiNiPostPage(261420).HiFiNiMusicPreview(Fp0hD2ggzGvKaLLCWKyj9E29ALvkJi9J+cie__XkfLRecE9klew8NBwEMGP2Dpf_5jNC_ZWZ3A)

2024-04-08 17:32:08,176 <requestor-worker-0:4075840, MainThread:140589325879104> (requestor.py:_fetch_single_async:200 -> session.py:request:328) from logger `RFC.session_aiohttp`
[INFO] session requesting HiFiNiPostPage(260914).HiFiNiMusicPreview(FswlCz0izmjKaLLCWKyj9FnmAqOpa3ES5YjS6em6IKhfeRciweE6XGpjPCL+UQ)

2024-04-08 17:32:20,490 <requestor-worker-0:4075840, MainThread:140589325879104> (requestor.py:_fetch_single_async:200 -> session.py:request:328) from logger `RFC.session_aiohttp`
[INFO] session requesting HiFiNiPostPage(260314).HiFiNiMusicPreview(RpopWT92yjrKaLLCWKyj9Ff8HqGjIG4V4JWf5ev4fLRecE90zLg1VGtpMSL0V_SXng)

2024-04-08 17:33:15,099 <requestor-worker-0:4075840, MainThread:140589325879104> (requestor.py:_fetch_single_async:200 -> session.py:request:328) from logger `RFC.session_aiohttp`
[INFO] session requesting HiFiNiPostPage(256516).HiFiNiMusicPreview(qBTSVjtn3iQ16cg6_QUmw4Nk1Muh6FLOy244SARM40auFpaMGewVQtwy3fHT_TyQ)

2024-04-08 17:33:15,409 <requestor-worker-2:4075853, MainThread:140589325879104> (requestor.py:_fetch_single_async:200 -> session.py:request:328) from logger `RFC.session_aiohttp`
[INFO] session requesting HiFiNiPostPage(256536).HiFiNiMusicPreview(ohHSAWpj3CE16cg6_QUmw5c_1tPspQyV1y50XhgSv1qvH87KTeEWApxSmqvXu3Ccz00aNdT9lw)

2024-04-08 17:33:24,494 <requestor-worker-5:4075868, MainThread:140589325879104> (requestor.py:_fetch_single_async:200 -> session.py:request:328) from logger `RFC.session_aiohttp`
[INFO] session requesting HiFiNiPostPage(255873).HiFiNiMusicPreview(QZ12W2ognmjKaLLCWKyj9E29ALvkJi9J+cie__XkfLRecE9klew7VgI0Z2L1KqrAmW1C_ZWZ3A)

2024-04-08 17:33:33,354 <requestor-worker-4:4075863, MainThread:140589325879104> (requestor.py:_fetch_single_async:200 -> session.py:request:328) from logger `RFC.session_aiohttp`
[INFO] session requesting HiFiNiPostPage(255285).HiFiNiMusicPreview(F8pxXTZ3wmHKaLLCWKyj9E29ALvkJi9J+cie__XkfLRecE9klew4HysmcHv0IZqX0l9C_ZWZ3A)

2024-04-08 17:33:40,883 <requestor-worker-4:4075863, MainThread:140589325879104> (requestor.py:_fetch_single_async:200 -> session.py:request:328) from logger `RFC.session_aiohttp`
[INFO] session requesting HiFiNiPostPage(254900).HiFiNiMusicPreview(+BzXWjtgjCI16cg6_QUmw5c_1tPspQyV1y50XhgSv1qvH87KTeEQGqhZhKDVtVD2yk8aNdT9lw)

2024-04-08 17:34:18,427 <requestor-worker-4:4075863, MainThread:140589325879104> (requestor.py:_fetch_single_async:200 -> session.py:request:328) from logger `RFC.session_aiohttp`
[INFO] session requesting HiFiNiPostPage(252344).HiFiNiMusicPreview(SsokCTtxzW_KaLLCWKyj9E29ALvkJi9J+cie__XkfLRecE9klew5LQhnciX1K_Tg839C_ZWZ3A)

2024-04-08 17:34:43,018 <requestor-worker-0:4075840, MainThread:140589325879104> (requestor.py:_fetch_single_async:200 -> session.py:request:328) from logger `RFC.session_aiohttp`
[INFO] session requesting HiFiNiPostPage(250768).HiFiNiMusicPreview(oxKHAGpg3HM16cg6_QUmw5c_1tPspQyV1y50VRAS4QazHseCUuEUSIdlp6uV_TPXtDJjc8jklp0)

2024-04-08 17:34:43,179 <requestor-worker-4:4075863, MainThread:140589325879104> (requestor.py:_fetch_single_async:200 -> session.py:request:328) from logger `RFC.session_aiohttp`
[INFO] session requesting HiFiNiPostPage(250772).HiFiNiMusicPreview(_ROEV2U23yI16cg6_QUmw5c_1tPspQyV1y50XhgSv1qvH87KTeEWT4pNiqTVmWvUx2kaNdT9lw)

2024-04-08 17:34:45,553 <requestor-worker-5:4075868, MainThread:140589325879104> (requestor.py:_fetch_single_async:200 -> session.py:request:328) from logger `RFC.session_aiohttp`
[INFO] session requesting HiFiNiPostPage(250656).HiFiNiMusicPreview(Fc8iWj8jw2DKaLLCWKyj9E29ALvkJi9J+cie__XkfLRecE9klew8KhE6U2T2L5nj8l9C_ZWZ3A)

2024-04-08 17:34:47,877 <requestor-worker-3:4075859, MainThread:140589325879104> (requestor.py:_fetch_single_async:200 -> session.py:request:328) from logger `RFC.session_aiohttp`
[INFO] session requesting HiFiNiPostPage(250415).HiFiNiMusicPreview(rkaDWmoz3nU16cg6_QUmw5c_1tPspQyV1y50XhgSv1qvH87KTeEUNJpsq_HWpU3fyFIaNdT9lw)

2024-04-08 17:34:57,565 <requestor-worker-1:4075847, MainThread:140589325879104> (requestor.py:_fetch_single_async:200 -> session.py:request:328) from logger `RFC.session_aiohttp`
[INFO] session requesting HiFiNiPostPage(249764).HiFiNiMusicPreview(qUbWWmhkjHY16cg6_QUmw4Nk1Muh6FLOy244SARM40auFpaMGewWStA21v7Q+A)

2024-04-08 17:34:58,526 <requestor-worker-0:4075840, MainThread:140589325879104> (requestor.py:_fetch_single_async:200 -> session.py:request:328) from logger `RFC.session_aiohttp`
[INFO] session requesting HiFiNiPostPage(249683).HiFiNiMusicPreview(FZwiXToknmzKaLLCWKyj9E29ALvkJi9J+cie__XkfLRecE9klew8NiYhT2PyO7qQ4V9C_ZWZ3A)

2024-04-08 17:35:03,010 <requestor-worker-3:4075859, MainThread:140589325879104> (requestor.py:_fetch_single_async:200 -> session.py:request:328) from logger `RFC.session_aiohttp`
[INFO] session requesting HiFiNiPostPage(249409).HiFiNiMusicPreview(RsxyXD5ynm7KaLLCWKyj9Ff8HqGjIG4V4JWf5ev4fLRecE90zLg1VGFhNSH_V_OSmQ)

2024-04-08 17:35:04,100 <requestor-worker-0:4075840, MainThread:140589325879104> (requestor.py:_fetch_single_async:200 -> session.py:request:328) from logger `RFC.session_aiohttp`
[INFO] session requesting HiFiNiPostPage(249251).HiFiNiMusicPreview(EsYjXm14n2_KaLLCWKyj9FnmAqOpa3ES5YjS6em6IKhfeRciweE6VWJpMCX+UPaT)

2024-04-08 17:35:04,246 <requestor-worker-3:4075859, MainThread:140589325879104> (requestor.py:_fetch_single_async:200 -> session.py:request:328) from logger `RFC.session_aiohttp`
[INFO] session requesting HiFiNiPostPage(249254).HiFiNiMusicPreview(EcohXG8izD7KaLLCWKyj9E29ALvkJi9J+cie__XkfLRecE9klew7IxwWY0byVrLK7lVC_ZWZ3A)

2024-04-08 17:35:04,352 <requestor-worker-0:4075840, MainThread:140589325879104> (requestor.py:_fetch_single_async:200 -> session.py:request:328) from logger `RFC.session_aiohttp`
[INFO] session requesting HiFiNiPostPage(249271).HiFiNiMusicPreview(Q8clWzx5yjnKaLLCWKyj9E29ALvkJi9J+cie__XkfLRecE9klew4UDBhcyb0KJHW2XZC_ZWZ3A)

2024-04-08 17:35:04,486 <requestor-worker-1:4075847, MainThread:140589325879104> (requestor.py:_fetch_single_async:200 -> session.py:request:328) from logger `RFC.session_aiohttp`
[INFO] session requesting HiFiNiPostPage(249281).HiFiNiMusicPreview(QM8jWj0izm_KaLLCWKyj9E29ALvkJi9J+cie__XkfLRecE9klew7UWA5S3H0APbH_mtC_ZWZ3A)

2024-04-08 17:35:07,222 <requestor-worker-4:4075863, MainThread:140589325879104> (requestor.py:_fetch_single_async:200 -> session.py:request:328) from logger `RFC.session_aiohttp`
[INFO] session requesting HiFiNiPostPage(249108).HiFiNiMusicPreview(qBTTVThminE16cg6_QUmw5c_1tPspQyV1y50XhgSv1qvH87KTeEWL41ouv_Ur3LMx2EaNdT9lw)

2024-04-08 17:35:08,230 <requestor-worker-1:4075847, MainThread:140589325879104> (requestor.py:_fetch_single_async:200 -> session.py:request:328) from logger `RFC.session_aiohttp`
[INFO] session requesting HiFiNiPostPage(248990).HiFiNiMusicPreview(EMwmD293z2zKaLLCWKyj9E29ALvkJi9J+cie__XkfLRecE9klew7DWQeXW31FIXzylFC_ZWZ3A)

2024-04-08 17:35:09,979 <requestor-worker-4:4075863, MainThread:140589325879104> (requestor.py:_fetch_single_async:200 -> session.py:request:328) from logger `RFC.session_aiohttp`
[INFO] session requesting HiFiNiPostPage(248979).HiFiNiMusicPreview(Rsl2CW15zWrKaLLCWKyj9E29ALvkJi9J+cie__XkfLRecE9klew6HGZocVLyNoTu6ERC_ZWZ3A)

2024-04-08 17:35:10,021 <requestor-worker-4:4075863, MainThread:140589325879104> (requestor.py:_fetch_single_async:200 -> session.py:request:328) from logger `RFC.session_aiohttp`
[INFO] session requesting HiFiNiPostPage(248976).HiFiNiMusicPreview(Ep4kCjt1zWzKaLLCWKyj9E29ALvkJi9J+cie__XkfLRecE9klew4BwsVc3H0KrXg+WFC_ZWZ3A)

2024-04-08 17:35:10,183 <requestor-worker-0:4075840, MainThread:140589325879104> (requestor.py:_fetch_single_async:200 -> session.py:request:328) from logger `RFC.session_aiohttp`
[INFO] session requesting HiFiNiPostPage(248923).HiFiNiMusicPreview(RMcmXjZ2nGjKaLLCWKyj9FnmAqOpa3ES5YjS6em6IKhfeRciweE5VmpkMCD0VvCQ)

2024-04-08 17:35:10,303 <requestor-worker-3:4075859, MainThread:140589325879104> (requestor.py:_fetch_single_async:200 -> session.py:request:328) from logger `RFC.session_aiohttp`
[INFO] session requesting HiFiNiPostPage(249007).HiFiNiMusicPreview(Qs4kWz95nGHKaLLCWKyj9E29ALvkJi9J+cie__XkfLRecE9klew4KiFmVCf1MJv37WtC_ZWZ3A)

2024-04-08 17:35:10,328 <requestor-worker-5:4075868, MainThread:140589325879104> (requestor.py:_fetch_single_async:200 -> session.py:request:328) from logger `RFC.session_aiohttp`
[INFO] session requesting HiFiNiPostPage(248983).HiFiNiMusicPreview(RcghWWwiwmjKaLLCWKyj9E29ALvkJi9J+cie__XkfLRecE9klew7HQggZmH3MYHDwGlC_ZWZ3A)

2024-04-08 17:35:11,601 <requestor-worker-1:4075847, MainThread:140589325879104> (requestor.py:_fetch_single_async:200 -> session.py:request:328) from logger `RFC.session_aiohttp`
[INFO] session requesting HiFiNiPostPage(248838).HiFiNiMusicPreview(ohbTB200jic16cg6_QUmw4Nk1Muh6FLOy244SARM40auFpaMGewVQ9o32PTd+jKW)

2024-04-08 17:35:11,746 <requestor-worker-5:4075868, MainThread:140589325879104> (requestor.py:_fetch_single_async:200 -> session.py:request:328) from logger `RFC.session_aiohttp`
[INFO] session requesting HiFiNiPostPage(248866).HiFiNiMusicPreview(RZspDT14ymDKaLLCWKyj9E29ALvkJi9J+cie__XkfLRecE9klew4Fjc4NCH2Ibbo+nNC_ZWZ3A)

2024-04-08 17:35:11,791 <requestor-worker-5:4075868, MainThread:140589325879104> (requestor.py:_fetch_single_async:200 -> session.py:request:328) from logger `RFC.session_aiohttp`
[INFO] session requesting HiFiNiPostPage(248864).HiFiNiMusicPreview(RZ52Wz4lm23KaLLCWKyj9FnmAqOpa3ES5YjS6em6IKhfeRciweE5XGVmPCDwVfKQ)

2024-04-08 17:35:12,084 <requestor-worker-2:4075853, MainThread:140589325879104> (requestor.py:_fetch_single_async:200 -> session.py:request:328) from logger `RFC.session_aiohttp`
[INFO] session requesting HiFiNiPostPage(248865).HiFiNiMusicPreview(_0HUUGhj3HY16cg6_QUmw41+yMmro03JznN1RAYOv1qvH87aFLUZStoy3_Dd+j2Txg)

2024-04-08 17:35:13,051 <requestor-worker-1:4075847, MainThread:140589325879104> (requestor.py:_fetch_single_async:200 -> session.py:request:328) from logger `RFC.session_aiohttp`
[INFO] session requesting HiFiNiPostPage(248687).HiFiNiMusicPreview(Es4oCzl1mGrKaLLCWKyj9Ff8HqGjIG4V4JWf5ev4fLRecE90zLg1V2JoMCf2)

2024-04-08 17:35:14,134 <requestor-worker-4:4075863, MainThread:140589325879104> (requestor.py:_fetch_single_async:200 -> session.py:request:328) from logger `RFC.session_aiohttp`
[INFO] session requesting HiFiNiPostPage(248616).HiFiNiMusicPreview(+BbdUWU3jCg16cg6_QUmw5c_1tPspQyV1y50XhgSv1qvH87KTeEXC61Y2qLQhVPvhkoaNdT9lw)

2024-04-08 17:35:14,145 <requestor-worker-2:4075853, MainThread:140589325879104> (requestor.py:_fetch_single_async:200 -> session.py:request:328) from logger `RFC.session_aiohttp`
[INFO] session requesting HiFiNiPostPage(248614).HiFiNiMusicPreview(EpsjXT50yW7KaLLCWKyj9E29ALvkJi9J+cie__XkfLRecE9klew8KREAdEL1B4qe7m1C_ZWZ3A)

2024-04-08 17:35:14,205 <requestor-worker-4:4075863, MainThread:140589325879104> (requestor.py:_fetch_single_async:200 -> session.py:request:328) from logger `RFC.session_aiohttp`
[INFO] session requesting HiFiNiPostPage(248606).HiFiNiMusicPreview(okbUU2g3iiU16cg6_QUmw41+yMmro03JznN1RAYOv1qvH87aFLUZStow1__V9DqcyA)

2024-04-08 17:35:14,307 <requestor-worker-0:4075840, MainThread:140589325879104> (requestor.py:_fetch_single_async:200 -> session.py:request:328) from logger `RFC.session_aiohttp`
[INFO] session requesting HiFiNiPostPage(248608).HiFiNiMusicPreview(+UDSAGlqjyU16cg6_QUmw4Nk1Muh6FLOy244SARM40auFpaMGewVT9Ay2__R9DuT)

2024-04-08 17:35:14,419 <requestor-worker-2:4075853, MainThread:140589325879104> (requestor.py:_fetch_single_async:200 -> session.py:request:328) from logger `RFC.session_aiohttp`
[INFO] session requesting HiFiNiPostPage(248600).HiFiNiMusicPreview(_USEWz8z3ig16cg6_QUmw5c_1tPspQyV1y50XhgSv1qvH87KTeEWSIFC35LWr0vVyjEaNdT9lw)

2024-04-08 17:35:14,495 <requestor-worker-1:4075847, MainThread:140589325879104> (requestor.py:_fetch_single_async:200 -> session.py:request:328) from logger `RFC.session_aiohttp`
[INFO] session requesting HiFiNiPostPage(248597).HiFiNiMusicPreview(SscmCTtzm2HKaLLCWKyj9E29ALvkJi9J+cie__XkfLRecE9klew4JCIDM2X3VvrQ7lVC_ZWZ3A)

2024-04-08 17:35:14,572 <requestor-worker-0:4075840, MainThread:140589325879104> (requestor.py:_fetch_single_async:200 -> session.py:request:328) from logger `RFC.session_aiohttp`
[INFO] session requesting HiFiNiPostPage(248593).HiFiNiMusicPreview(FcwkWWhynG7KaLLCWKyj9E29ALvkJi9J+cie__XkfLRecE9klew5IwBmaWb1FIDlxmVC_ZWZ3A)

2024-04-08 17:35:14,859 <requestor-worker-1:4075847, MainThread:140589325879104> (requestor.py:_fetch_single_async:200 -> session.py:request:328) from logger `RFC.session_aiohttp`
[INFO] session requesting HiFiNiPostPage(248590).HiFiNiMusicPreview(QpwkCzgjyD3KaLLCWKyj9E29ALvkJi9J+cie__XkfLRecE9klew7EyBnUlf2Vbnc5EBC_ZWZ3A)

2024-04-08 17:35:14,932 <requestor-worker-4:4075863, MainThread:140589325879104> (requestor.py:_fetch_single_async:200 -> session.py:request:328) from logger `RFC.session_aiohttp`
[INFO] session requesting HiFiNiPostPage(248587).HiFiNiMusicPreview(Q8olWjt5mTzKaLLCWKyj9E29ALvkJi9J+cie__XkfLRecE9klew5AxgLdlf1JojkzjZC_ZWZ3A)

2024-04-08 17:35:15,026 <requestor-worker-0:4075840, MainThread:140589325879104> (requestor.py:_fetch_single_async:200 -> session.py:request:328) from logger `RFC.session_aiohttp`
[INFO] session requesting HiFiNiPostPage(248568).HiFiNiMusicPreview(R8l0W29ywmvKaLLCWKyj9E29ALvkJi9J+cie__XkfLRecE9klew4MAcAaX31KoHw8XNC_ZWZ3A)

2024-04-08 17:35:15,058 <requestor-worker-3:4075859, MainThread:140589325879104> (requestor.py:_fetch_single_async:200 -> session.py:request:328) from logger `RFC.session_aiohttp`
[INFO] session requesting HiFiNiPostPage(248567).HiFiNiMusicPreview(Q5kmDD1xy27KaLLCWKyj9E29ALvkJi9J+cie__XkfLRecE9klew8UgUgUFn1UZGW4kJC_ZWZ3A)

2024-04-08 17:35:15,097 <requestor-worker-0:4075840, MainThread:140589325879104> (requestor.py:_fetch_single_async:200 -> session.py:request:328) from logger `RFC.session_aiohttp`
[INFO] session requesting HiFiNiPostPage(248688).HiFiNiMusicPreview(Qp1yXmwlymjKaLLCWKyj9E29ALvkJi9J+cie__XkfLRecE9klew7IGcBVUT1LbTF8mNC_ZWZ3A)

2024-04-08 17:35:15,133 <requestor-worker-3:4075859, MainThread:140589325879104> (requestor.py:_fetch_single_async:200 -> session.py:request:328) from logger `RFC.session_aiohttp`
[INFO] session requesting HiFiNiPostPage(248562).HiFiNiMusicPreview(F5t2Cjgjyz7KaLLCWKyj9FnmAqOpa3ES5YjS6em6IKhfeRciweE5XGFhNSH0VPKQ)

2024-04-08 17:35:16,512 <requestor-worker-0:4075840, MainThread:140589325879104> (requestor.py:_fetch_single_async:200 -> session.py:request:328) from logger `RFC.session_aiohttp`
[INFO] session requesting HiFiNiPostPage(248552).HiFiNiMusicPreview(FZwiWT0gn2zKaLLCWKyj9FnmAqOpa3ES5YjS6em6IKhfeRciweE6VWJoNSX3UfeW)

2024-04-08 17:35:16,524 <requestor-worker-0:4075840, MainThread:140589325879104> (requestor.py:_fetch_single_async:200 -> session.py:request:328) from logger `RFC.session_aiohttp`
[INFO] session requesting HiFiNiPostPage(248678).HiFiNiMusicPreview(Rc0mWzgnmT7KaLLCWKyj9Ff8HqGjIG4V4JWf5ev4fLRecE90zLg1UWplNSHwVvSQ)

2024-04-08 17:35:16,529 <requestor-worker-4:4075863, MainThread:140589325879104> (requestor.py:_fetch_single_async:200 -> session.py:request:328) from logger `RFC.session_aiohttp`
[INFO] session requesting HiFiNiPostPage(248547).HiFiNiMusicPreview(qRyDBm9qiyc16cg6_QUmw5c_1tPspQyV1y50XhgSv1qvH87KTeEXAd9Z16rQ+Ebgv0oaNdT9lw)

2024-04-08 17:35:16,566 <requestor-worker-3:4075859, MainThread:140589325879104> (requestor.py:_fetch_single_async:200 -> session.py:request:328) from logger `RFC.session_aiohttp`
[INFO] session requesting HiFiNiPostPage(248553).HiFiNiMusicPreview(QMl2Cjx1ymnKaLLCWKyj9E29ALvkJi9J+cie__XkfLRecE9klew4MRQraGb1C47z70FC_ZWZ3A)

2024-04-08 17:35:18,993 <requestor-worker-2:4075853, MainThread:140589325879104> (requestor.py:_fetch_single_async:200 -> session.py:request:328) from logger `RFC.session_aiohttp`
[INFO] session requesting HiFiNiPostPage(248317).HiFiNiMusicPreview(r0TSA240hSI16cg6_QUmw4Nk1Muh6FLOy244SARM40auFpaMGewWS9gx1_HQ+j2W)

2024-04-08 17:35:19,089 <requestor-worker-4:4075863, MainThread:140589325879104> (requestor.py:_fetch_single_async:200 -> session.py:request:328) from logger `RFC.session_aiohttp`
[INFO] session requesting HiFiNiPostPage(248428).HiFiNiMusicPreview(EsglCzZ4mT7KaLLCWKyj9FnmAqOpa3ES5YjS6em6IKhfeRciweE5U2tkPCXw)

2024-04-08 17:35:19,115 <requestor-worker-2:4075853, MainThread:140589325879104> (requestor.py:_fetch_single_async:200 -> session.py:request:328) from logger `RFC.session_aiohttp`
[INFO] session requesting HiFiNiPostPage(248405).HiFiNiMusicPreview(q0PRADln3CE16cg6_QUmw5c_1tPspQyV1y50XhgSv1qvH87KTeEXCpt2t6vUrnvorHkaNdT9lw)

2024-04-08 17:35:19,147 <requestor-worker-0:4075840, MainThread:140589325879104> (requestor.py:_fetch_single_async:200 -> session.py:request:328) from logger `RFC.session_aiohttp`
[INFO] session requesting HiFiNiPostPage(248411).HiFiNiMusicPreview(rR3RUmtkiCU16cg6_QUmw5c_1tPspQyV1y50XhgSv1qvH87KTeEXEbo22bHV9D_mmkkaNdT9lw)

2024-04-08 17:35:19,269 <requestor-worker-3:4075859, MainThread:140589325879104> (requestor.py:_fetch_single_async:200 -> session.py:request:328) from logger `RFC.session_aiohttp`
[INFO] session requesting HiFiNiPostPage(248313).HiFiNiMusicPreview(Ec9xCTxzmz7KaLLCWKyj9FnmAqOpa3ES5YjS6em6IKhfeRciweE5XGdnPC32VvqT)

2024-04-08 17:35:20,607 <requestor-worker-0:4075840, MainThread:140589325879104> (requestor.py:_fetch_single_async:200 -> session.py:request:328) from logger `RFC.session_aiohttp`
[INFO] session requesting HiFiNiPostPage(248198).HiFiNiMusicPreview(Rc4oW2xxzGjKaLLCWKyj9FnmAqOpa3ES5YjS6em6IKhfeRciweE5VmRgNCLzUvuU)

2024-04-08 17:35:20,613 <requestor-worker-0:4075840, MainThread:140589325879104> (requestor.py:_fetch_single_async:200 -> session.py:request:328) from logger `RFC.session_aiohttp`
[INFO] session requesting HiFiNiPostPage(248210).HiFiNiMusicPreview(QcgnWzYjmWnKaLLCWKyj9FnmAqOpa3ES5YjS6em6IKhfeRciweE6VWtkNyX0Vg)

2024-04-08 17:35:20,727 <requestor-worker-3:4075859, MainThread:140589325879104> (requestor.py:_fetch_single_async:200 -> session.py:request:328) from logger `RFC.session_aiohttp`
[INFO] session requesting HiFiNiPostPage(248285).HiFiNiMusicPreview(QpsoAG8inmvKaLLCWKyj9FnmAqOpa3ES5YjS6em6IKhfeRciweE5XGFlNSD2VvSR)

2024-04-08 17:35:21,920 <requestor-worker-0:4075840, MainThread:140589325879104> (requestor.py:_fetch_single_async:200 -> session.py:request:328) from logger `RFC.session_aiohttp`
[INFO] session requesting HiFiNiPostPage(248137).HiFiNiMusicPreview(_RKHV21i2SE16cg6_QUmw4Nk1Muh6FLOy244SARM40auFpaMGewVSN4x3_LW_z6W)

2024-04-08 17:35:23,374 <requestor-worker-2:4075853, MainThread:140589325879104> (requestor.py:_fetch_single_async:200 -> session.py:request:328) from logger `RFC.session_aiohttp`
[INFO] session requesting HiFiNiPostPage(248063).HiFiNiMusicPreview(qBDQAGg02yU16cg6_QUmw5c_1tPspQyV1y50XhgSv1qvH87KTeEUEqRlv67Ql0bGm2oaNdT9lw)

2024-04-08 17:35:23,392 <requestor-worker-5:4075868, MainThread:140589325879104> (requestor.py:_fetch_single_async:200 -> session.py:request:328) from logger `RFC.session_aiohttp`
[INFO] session requesting HiFiNiPostPage(248065).HiFiNiMusicPreview(_0fVA2xk2SI16cg6_QUmw5c_1tPspQyV1y50XhgSv1qvH87KTeEVM4pmpPLUnXrRpGEaNdT9lw)

2024-04-08 17:35:23,595 <requestor-worker-4:4075863, MainThread:140589325879104> (requestor.py:_fetch_single_async:200 -> session.py:request:328) from logger `RFC.session_aiohttp`
[INFO] session requesting HiFiNiPostPage(248069).HiFiNiMusicPreview(q0TQA2hnjXU16cg6_QUmw5c_1tPspQyV1y50XhgSv1qvH87KTeEWPaVzioHVo17PiDYaNdT9lw)

2024-04-08 17:35:23,781 <requestor-worker-0:4075840, MainThread:140589325879104> (requestor.py:_fetch_single_async:200 -> session.py:request:328) from logger `RFC.session_aiohttp`
[INFO] session requesting HiFiNiPostPage(248088).HiFiNiMusicPreview(ohzQUGtmjyQ16cg6_QUmw5c_1tPspQyV1y50XhgSv1qvH87KTeEQNZhQ3K_Qrk7zm04aNdT9lw)

2024-04-08 17:35:25,335 <requestor-worker-0:4075840, MainThread:140589325879104> (requestor.py:_fetch_single_async:200 -> session.py:request:328) from logger `RFC.session_aiohttp`
[INFO] session requesting HiFiNiPostPage(247879).HiFiNiMusicPreview(FZxxCD93zjvKaLLCWKyj9Ff8HqGjIG4V4JWf5ev4fLRecE90zLg1VGtmMCH+V_eVnQ)

2024-04-08 17:35:25,414 <requestor-worker-1:4075847, MainThread:140589325879104> (requestor.py:_fetch_single_async:200 -> session.py:request:328) from logger `RFC.session_aiohttp`
[INFO] session requesting HiFiNiPostPage(247881).HiFiNiMusicPreview(qkODB21jjiU16cg6_QUmw4Nk1Muh6FLOy244SARM40auFpaMGewVQt8w3_LR+zyV)

2024-04-08 17:35:25,926 <requestor-worker-1:4075847, MainThread:140589325879104> (requestor.py:_fetch_single_async:200 -> session.py:request:328) from logger `RFC.session_aiohttp`
[INFO] session requesting HiFiNiPostPage(247903).HiFiNiMusicPreview(Sp12AGoiyGzKaLLCWKyj9E29ALvkJi9J+cie__XkfLRecE9klew5FRMTd0f3Co3omT5C_ZWZ3A)

2024-04-08 17:35:25,979 <requestor-worker-0:4075840, MainThread:140589325879104> (requestor.py:_fetch_single_async:200 -> session.py:request:328) from logger `RFC.session_aiohttp`
[INFO] session requesting HiFiNiPostPage(247912).HiFiNiMusicPreview(RJshXm1wymHKaLLCWKyj9FnmAqOpa3ES5YjS6em6IKhfeRciweE7UWdgMyT+VA)

2024-04-08 17:35:27,588 <requestor-worker-1:4075847, MainThread:140589325879104> (requestor.py:_fetch_single_async:200 -> session.py:request:328) from logger `RFC.session_aiohttp`
[INFO] session requesting HiFiNiPostPage(247757).HiFiNiMusicPreview(_0TVUWtriCU16cg6_QUmw4Nk1Muh6FLOy244SARM40auFpaMGewVSN841vXd+juX)

2024-04-08 17:35:30,031 <requestor-worker-3:4075859, MainThread:140589325879104> (requestor.py:_fetch_single_async:200 -> session.py:request:328) from logger `RFC.session_aiohttp`
[INFO] session requesting HiFiNiPostPage(247605).HiFiNiMusicPreview(Fp11CT53yTzKaLLCWKyj9E29ALvkJi9J+cie__XkfLRecE9klew7IzM0ay32EqDF5jRC_ZWZ3A)

2024-04-08 17:35:37,578 <requestor-worker-1:4075847, MainThread:140589325879104> (requestor.py:_fetch_single_async:200 -> session.py:request:328) from logger `RFC.session_aiohttp`
[INFO] session requesting HiFiNiPostPage(247111).HiFiNiMusicPreview(RJx1Wmsjwz7KaLLCWKyj9FnmAqOpa3ES5YjS6em6IKhfeRciweExVmpoPA)

2024-04-08 17:35:39,559 <requestor-worker-3:4075859, MainThread:140589325879104> (requestor.py:_fetch_single_async:200 -> session.py:request:328) from logger `RFC.session_aiohttp`
[INFO] session requesting HiFiNiPostPage(247011).HiFiNiMusicPreview(FsZ1CjggzmDKaLLCWKyj9E29ALvkJi9J+cie__XkfLRecE9klew4DzAoN2H0JpXX8U5C_ZWZ3A)

2024-04-08 17:35:50,741 <requestor-worker-3:4075859, MainThread:140589325879104> (requestor.py:_fetch_single_async:200 -> session.py:request:328) from logger `RFC.session_aiohttp`
[INFO] session requesting HiFiNiPostPage(246478).HiFiNiMusicPreview(rxGDUW5jjHE16cg6_QUmw4Nk1Muh6FLOy244SARM40auFpaMGewVQtA53PfV+T6Q)

2024-04-08 17:36:17,937 <requestor-worker-3:4075859, MainThread:140589325879104> (requestor.py:_fetch_single_async:200 -> session.py:request:328) from logger `RFC.session_aiohttp`
[INFO] session requesting HiFiNiPostPage(244401).HiFiNiMusicPreview(rEfdVTtk2yU16cg6_QUmw4Nk1Muh6FLOy244SARM40auFpaMGewWS9k22_Pc9TyR)

2024-04-08 17:36:27,340 <requestor-worker-0:4075840, MainThread:140589325879104> (requestor.py:_fetch_single_async:200 -> session.py:request:328) from logger `RFC.session_aiohttp`
[INFO] session requesting HiFiNiPostPage(243781).HiFiNiMusicPreview(rBXUUGhm2XE16cg6_QUmw4Nk1Muh6FLOy244SARM40auFpaMGewVT94y2vLQ9Tyc)

2024-04-08 17:36:46,058 <requestor-worker-5:4075868, MainThread:140589325879104> (requestor.py:_fetch_single_async:200 -> session.py:request:328) from logger `RFC.session_aiohttp`
[INFO] session requesting HiFiNiPostPage(242521).HiFiNiMusicPreview(_hHTA2xh2yY16cg6_QUmw4Nk1Muh6FLOy244SARM40auFpaMGewVSNk43_fX_TqR)

2024-04-08 17:37:24,474 <requestor-worker-0:4075840, MainThread:140589325879104> (requestor.py:_fetch_single_async:200 -> session.py:request:328) from logger `RFC.session_aiohttp`
[INFO] session requesting HiFiNiPostPage(239928).HiFiNiMusicPreview(+EOHUGtljHQ16cg6_QUmw4Nk1Muh6FLOy244SARM40auFpaMGewVT9E41_PT_j2X)

2024-04-08 17:37:24,500 <requestor-worker-0:4075840, MainThread:140589325879104> (requestor.py:_fetch_single_async:200 -> session.py:request:328) from logger `RFC.session_aiohttp`
[INFO] session requesting HiFiNiPostPage(239927).HiFiNiMusicPreview(qx3dVDtljXY16cg6_QUmw4Nk1Muh6FLOy244SARM40auFpaMGewVQtA43PPU_DuX)

2024-04-08 17:37:24,505 <requestor-worker-0:4075840, MainThread:140589325879104> (requestor.py:_fetch_single_async:200 -> session.py:request:328) from logger `RFC.session_aiohttp`
[INFO] session requesting HiFiNiPostPage(239934).HiFiNiMusicPreview(_UTRAzxrjyU16cg6_QUmw5c_1tPspQyV1y50XhgSv1qvH87KTeEWN5FF3oDQ+WXIqTAaNdT9lw)

2024-04-08 17:37:26,092 <requestor-worker-1:4075847, MainThread:140589325879104> (requestor.py:_fetch_single_async:200 -> session.py:request:328) from logger `RFC.session_aiohttp`
[INFO] session requesting HiFiNiPostPage(239917).HiFiNiMusicPreview(_haEUmVhhCU16cg6_QUmw41+yMmro03JznN1RAYOv1qvH87aFLUZStA52_LR+DqUyQ)

2024-04-08 17:37:26,297 <requestor-worker-4:4075863, MainThread:140589325879104> (requestor.py:_fetch_single_async:200 -> session.py:request:328) from logger `RFC.session_aiohttp`
[INFO] session requesting HiFiNiPostPage(240170).HiFiNiMusicPreview(_USDVW80inM16cg6_QUmw4Nk1Muh6FLOy244SARM40auFpaMGewVT94y2_LU+ziQ)

2024-04-08 17:37:26,588 <requestor-worker-3:4075859, MainThread:140589325879104> (requestor.py:_fetch_single_async:200 -> session.py:request:328) from logger `RFC.session_aiohttp`
[INFO] session requesting HiFiNiPostPage(240174).HiFiNiMusicPreview(rhWHBj82jXY16cg6_QUmw5c_1tPspQyV1y50XhgSv1qvH87KTeEWS5EwqIHVmnDGljEaNdT9lw)

2024-04-08 17:37:26,973 <requestor-worker-4:4075863, MainThread:140589325879104> (requestor.py:_fetch_single_async:200 -> session.py:request:328) from logger `RFC.session_aiohttp`
[INFO] session requesting HiFiNiPostPage(239822).HiFiNiMusicPreview(qxTQUWpm2XE16cg6_QUmw5c_1tPspQyV1y50XhgSv1qvH87KTeEWHLBKq43Wpz32rkIaNdT9lw)

2024-04-08 17:37:48,436 <requestor-worker-0:4075840, MainThread:140589325879104> (requestor.py:_fetch_single_async:200 -> session.py:request:328) from logger `RFC.session_aiohttp`
[INFO] session requesting HiFiNiPostPage(238474).HiFiNiMusicPreview(EcspXW15ymjKaLLCWKyj9FnmAqOpa3ES5YjS6em6IKhfeRciweE5XGFlNSPzVPWS)

2024-04-08 17:37:49,078 <requestor-worker-3:4075859, MainThread:140589325879104> (requestor.py:_fetch_single_async:200 -> session.py:request:328) from logger `RFC.session_aiohttp`
[INFO] session requesting HiFiNiPostPage(238533).HiFiNiMusicPreview(EJoiC2wgwzvKaLLCWKyj9E29ALvkJi9J+cie__XkfLRecE9klew5MmooSlHyKJbB6X1C_ZWZ3A)

2024-04-08 17:37:49,174 <requestor-worker-0:4075840, MainThread:140589325879104> (requestor.py:_fetch_single_async:200 -> session.py:request:328) from logger `RFC.session_aiohttp`
[INFO] session requesting HiFiNiPostPage(238542).HiFiNiMusicPreview(Ep1yCj4ny2nKaLLCWKyj9E29ALvkJi9J+cie__XkfLRecE9klew5HWELRiH0NPfw51ZC_ZWZ3A)

2024-04-08 17:38:17,538 <requestor-worker-0:4075840, MainThread:140589325879104> (requestor.py:_fetch_single_async:200 -> session.py:request:328) from logger `RFC.session_aiohttp`
[INFO] session requesting HiFiNiPostPage(236527).HiFiNiMusicPreview(okSAAGUziSg16cg6_QUmw5c_1tPspQyV1y50XhgSv1qvH87KTeEVP6JC1qPWvkvPyXkaNdT9lw)

2024-04-08 17:38:31,985 <requestor-worker-0:4075840, MainThread:140589325879104> (requestor.py:_fetch_single_async:200 -> session.py:request:328) from logger `RFC.session_aiohttp`
[INFO] session requesting HiFiNiPostPage(235890).HiFiNiMusicPreview(rheAVmhljnI16cg6_QUmw4Nk1Muh6FLOy244SARM40auFpaMGewXT9A13fXT)

2024-04-08 17:38:32,232 <requestor-worker-4:4075863, MainThread:140589325879104> (requestor.py:_fetch_single_async:200 -> session.py:request:328) from logger `RFC.session_aiohttp`
[INFO] session requesting HiFiNiPostPage(235871).HiFiNiMusicPreview(_kPdUWhmjCQ16cg6_QUmw5c_1tPspQyV1y50XhgSv1qvH87KTeEVHII5n_XVhTLHkUwaNdT9lw)

2024-04-08 17:38:33,622 <requestor-worker-3:4075859, MainThread:140589325879104> (requestor.py:_fetch_single_async:200 -> session.py:request:328) from logger `RFC.session_aiohttp`
[INFO] session requesting HiFiNiPostPage(235838).HiFiNiMusicPreview(qRCEVWhniyM16cg6_QUmw5c_1tPspQyV1y50XhgSv1qvH87KTeEWI6oxqpDVuWyTtW8aNdT9lw)

2024-04-08 17:38:56,754 <requestor-worker-4:4075863, MainThread:140589325879104> (requestor.py:_fetch_single_async:200 -> session.py:request:328) from logger `RFC.session_aiohttp`
[INFO] session requesting HiFiNiPostPage(234103).HiFiNiMusicPreview(+BfVAD5k2Sk16cg6_QUmw5c_1tPspQyV1y50XhgSv1qvH87KTeEUPqFHjITUrDORq3oaNdT9lw)

2024-04-08 17:39:06,290 <requestor-worker-4:4075863, MainThread:140589325879104> (requestor.py:_fetch_single_async:200 -> session.py:request:328) from logger `RFC.session_aiohttp`
[INFO] session requesting HiFiNiPostPage(233621).HiFiNiMusicPreview(_xXUA2RjiCQ16cg6_QUmw5c_1tPspQyV1y50XhgSv1qvH87KTeEQMoxaoPLV_17nuzYaNdT9lw)

2024-04-08 17:39:26,447 <requestor-worker-3:4075859, MainThread:140589325879104> (requestor.py:_fetch_single_async:200 -> session.py:request:328) from logger `RFC.session_aiohttp`
[INFO] session requesting HiFiNiPostPage(231988).HiFiNiMusicPreview(_hfRAWxiiic16cg6_QUmw5c_1tPspQyV1y50XhgSv1qvH87KTeEQQqBjjbDV_3CTt0gaNdT9lw)

2024-04-08 17:39:27,331 <requestor-worker-5:4075868, MainThread:140589325879104> (requestor.py:_fetch_single_async:200 -> session.py:request:328) from logger `RFC.session_aiohttp`
[INFO] session requesting HiFiNiPostPage(231982).HiFiNiMusicPreview(rEPTVD42jCU16cg6_QUmw4Nk1Muh6FLOy244SARM40auFpaMGewTTN4y3fc)

2024-04-08 17:39:27,827 <requestor-worker-2:4075853, MainThread:140589325879104> (requestor.py:_fetch_single_async:200 -> session.py:request:328) from logger `RFC.session_aiohttp`
[INFO] session requesting HiFiNiPostPage(231963).HiFiNiMusicPreview(_kDTVGhgj3M16cg6_QUmw5c_1tPspQyV1y50XhgSv1qvH87KTeEVGYRBu_TVgkDAhzQaNdT9lw)

2024-04-08 17:39:31,228 <requestor-worker-0:4075840, MainThread:140589325879104> (requestor.py:_fetch_single_async:200 -> session.py:request:328) from logger `RFC.session_aiohttp`
[INFO] session requesting HiFiNiPostPage(231804).HiFiNiMusicPreview(_ReBAWRijHQ16cg6_QUmw4Nk1Muh6FLOy244SARM40auFpaMGewRSdA22f_d9To)

2024-04-08 17:39:34,599 <requestor-worker-5:4075868, MainThread:140589325879104> (requestor.py:_fetch_single_async:200 -> session.py:request:328) from logger `RFC.session_aiohttp`
[INFO] session requesting HiFiNiPostPage(231527).HiFiNiMusicPreview(okGAWmVmiCc16cg6_QUmw5c_1tPspQyV1y50XhgSv1qvH87KTeEWLao3larUrmfQzXQaNdT9lw)

2024-04-08 17:40:01,870 <requestor-worker-4:4075863, MainThread:140589325879104> (requestor.py:_fetch_single_async:200 -> session.py:request:328) from logger `RFC.session_aiohttp`
[INFO] session requesting HiFiNiPostPage(230039).HiFiNiMusicPreview(qUaAB2o22XE16cg6_QUmw5c_1tPspQyV1y50XhgSv1qvH87KTeEVM5s4rITXjjuWzHYaNdT9lw)

2024-04-08 17:40:08,163 <requestor-worker-5:4075868, MainThread:140589325879104> (requestor.py:_fetch_single_async:200 -> session.py:request:328) from logger `RFC.session_aiohttp`
[INFO] session requesting HiFiNiPostPage(229294).HiFiNiMusicPreview(rhSHWjhi2XY16cg6_QUmw5c_1tPspQyV1y50XhgSv1qvH87KTeEXC61K35XXtGjtt1YaNdT9lw)

2024-04-08 17:40:38,150 <requestor-worker-3:4075859, MainThread:140589325879104> (requestor.py:_fetch_single_async:200 -> session.py:request:328) from logger `RFC.session_aiohttp`
[INFO] session requesting HiFiNiPostPage(227340).HiFiNiMusicPreview(+ESAUj82j3Q16cg6_QUmw5c_1tPspQyV1y50XhgSv1qvH87KTeEVPJtI34LXuU_jtVoaNdT9lw)

2024-04-08 17:40:38,246 <requestor-worker-3:4075859, MainThread:140589325879104> (requestor.py:_fetch_single_async:200 -> session.py:request:328) from logger `RFC.session_aiohttp`
[INFO] session requesting HiFiNiPostPage(227243).HiFiNiMusicPreview(rxPSU2UwiXU16cg6_QUmw5c_1tPspQyV1y50XhgSv1qvH87KTeEQGLNohfTXlGnHllYaNdT9lw)

