2024-05-27 18:45:56,593 <requestor-worker-0:2072188, MainThread:140581993367360> (requestor.py:_fetch_single_sync:156 -> middleware.py:apply_sync:96) from logger `RFC.middleware_content_saver`
[INFO] applied on PackDirStructure(root).PackDirStructure(MP4视频1503首94GB(双击进分类)).PackDirStructure(凤凰传奇歌曲MV视频(57首2.8GB)).PackFile(刘劲&周炜[相声]&万茜&王祖蓝&凤凰传奇&吕薇&汪正正&平安&乌兰图雅&刘岩&许鹤缤&阿木古楞&丁于&刘全和&刘全利&阿鲁阿卓&金美儿&曹芙嘉&张羽&王麟&马郁&易铭&斯琴高丽&胡月&金波&李鑫一&于莎莎-我的世界我的爱.mp4), sent

2024-05-27 18:49:29,518 <requestor-worker-0:2072188, MainThread:140581993367360> (requestor.py:_fetch_single_sync:156 -> middleware.py:apply_sync:93) from logger `RFC.middleware_content_saver`
[INFO] applying on PackDirStructure(root).PackDirStructure(AVI视频3760首226GB(双击进分类)).PackDirStructure(情歌对唱MV视频(280首13.3GB)).PackFile(声音乐团&毅光年-没离开过(现场版).avi), received

2024-05-27 18:49:30,581 <requestor-worker-0:2072188, MainThread:140581993367360> (requestor.py:_fetch_single_sync:156 -> middleware.py:apply_sync:96) from logger `RFC.middleware_content_saver`
[INFO] applied on PackDirStructure(root).PackDirStructure(AVI视频3760首226GB(双击进分类)).PackDirStructure(情歌对唱MV视频(280首13.3GB)).PackFile(声音乐团&毅光年-没离开过(现场版).avi), sent

2024-05-27 18:58:06,159 <requestor-worker-0:2072188, MainThread:140581993367360> (requestor.py:_fetch_single_sync:156 -> middleware.py:apply_sync:93) from logger `RFC.middleware_content_saver`
[INFO] applying on PackDirStructure(root).PackDirStructure(MP4视频1503首94GB(双击进分类)).PackDirStructure(凤凰传奇歌曲MV视频(57首2.8GB)).PackFile(凤凰传奇-铁衣.mp4), received

2024-05-27 18:58:09,559 <requestor-worker-0:2072188, MainThread:140581993367360> (requestor.py:_fetch_single_sync:156 -> middleware.py:apply_sync:96) from logger `RFC.middleware_content_saver`
[INFO] applied on PackDirStructure(root).PackDirStructure(MP4视频1503首94GB(双击进分类)).PackDirStructure(凤凰传奇歌曲MV视频(57首2.8GB)).PackFile(凤凰传奇-铁衣.mp4), sent

2024-05-27 19:02:12,853 <requestor-worker-0:2072188, MainThread:140581993367360> (requestor.py:_fetch_single_sync:156 -> middleware.py:apply_sync:93) from logger `RFC.middleware_content_saver`
[INFO] applying on PackDirStructure(root).PackDirStructure(AVI视频3760首226GB(双击进分类)).PackDirStructure(一人一首成名金曲MV视频(155首8.8GB)).PackFile(281-田震-怕黑的女人.avi), received

2024-05-27 19:02:15,556 <requestor-worker-0:2072188, MainThread:140581993367360> (requestor.py:_fetch_single_sync:156 -> middleware.py:apply_sync:96) from logger `RFC.middleware_content_saver`
[INFO] applied on PackDirStructure(root).PackDirStructure(AVI视频3760首226GB(双击进分类)).PackDirStructure(一人一首成名金曲MV视频(155首8.8GB)).PackFile(281-田震-怕黑的女人.avi), sent

2024-05-27 19:04:47,515 <requestor-worker-0:2072188, MainThread:140581993367360> (requestor.py:_fetch_single_sync:156 -> middleware.py:apply_sync:93) from logger `RFC.middleware_content_saver`
[INFO] applying on PackDirStructure(root).PackDirStructure(AVI视频3760首226GB(双击进分类)).PackDirStructure(情歌对唱MV视频(280首13.3GB)).PackFile(吴雨霏&邓丽欣-偏爱.avi), received

2024-05-27 19:04:48,386 <requestor-worker-0:2072188, MainThread:140581993367360> (requestor.py:_fetch_single_sync:156 -> middleware.py:apply_sync:96) from logger `RFC.middleware_content_saver`
[INFO] applied on PackDirStructure(root).PackDirStructure(AVI视频3760首226GB(双击进分类)).PackDirStructure(情歌对唱MV视频(280首13.3GB)).PackFile(吴雨霏&邓丽欣-偏爱.avi), sent

2024-05-27 19:08:20,635 <requestor-worker-0:2072188, MainThread:140581993367360> (requestor.py:_fetch_single_sync:156 -> middleware.py:apply_sync:93) from logger `RFC.middleware_content_saver`
[INFO] applying on PackDirStructure(root).PackDirStructure(AVI视频3760首226GB(双击进分类)).PackDirStructure(一人一首成名金曲MV视频(155首8.8GB)).PackFile(278孙悦-我的祝福记得吗.avi), received

2024-05-27 19:08:22,596 <requestor-worker-0:2072188, MainThread:140581993367360> (requestor.py:_fetch_single_sync:156 -> middleware.py:apply_sync:96) from logger `RFC.middleware_content_saver`
[INFO] applied on PackDirStructure(root).PackDirStructure(AVI视频3760首226GB(双击进分类)).PackDirStructure(一人一首成名金曲MV视频(155首8.8GB)).PackFile(278孙悦-我的祝福记得吗.avi), sent

2024-05-27 19:11:41,379 <requestor-worker-0:2072188, MainThread:140581993367360> (requestor.py:_fetch_single_sync:156 -> middleware.py:apply_sync:93) from logger `RFC.middleware_content_saver`
[INFO] applying on PackDirStructure(root).PackDirStructure(AVI视频3760首226GB(双击进分类)).PackDirStructure(一人一首成名金曲MV视频(155首8.8GB)).PackFile(277邓丽君-何日君再来.avi), received

2024-05-27 19:11:42,984 <requestor-worker-0:2072188, MainThread:140581993367360> (requestor.py:_fetch_single_sync:156 -> middleware.py:apply_sync:96) from logger `RFC.middleware_content_saver`
[INFO] applied on PackDirStructure(root).PackDirStructure(AVI视频3760首226GB(双击进分类)).PackDirStructure(一人一首成名金曲MV视频(155首8.8GB)).PackFile(277邓丽君-何日君再来.avi), sent

2024-05-27 19:19:24,980 <requestor-worker-0:2072188, MainThread:140581993367360> (requestor.py:_fetch_single_sync:156 -> middleware.py:apply_sync:93) from logger `RFC.middleware_content_saver`
[INFO] applying on PackDirStructure(root).PackDirStructure(MP4视频1503首94GB(双击进分类)).PackDirStructure(凤凰传奇歌曲MV视频(57首2.8GB)).PackFile(凤凰传奇-自由自在.mp4), received

2024-05-27 19:19:27,660 <requestor-worker-0:2072188, MainThread:140581993367360> (requestor.py:_fetch_single_sync:156 -> middleware.py:apply_sync:96) from logger `RFC.middleware_content_saver`
[INFO] applied on PackDirStructure(root).PackDirStructure(MP4视频1503首94GB(双击进分类)).PackDirStructure(凤凰传奇歌曲MV视频(57首2.8GB)).PackFile(凤凰传奇-自由自在.mp4), sent

2024-05-27 19:23:01,673 <requestor-worker-0:2072188, MainThread:140581993367360> (requestor.py:_fetch_single_sync:156 -> middleware.py:apply_sync:93) from logger `RFC.middleware_content_saver`
[INFO] applying on PackDirStructure(root).PackDirStructure(AVI视频3760首226GB(双击进分类)).PackDirStructure(一人一首成名金曲MV视频(155首8.8GB)).PackFile(274彭丽嫒-在希望的田野上.avi), received

2024-05-27 19:23:03,510 <requestor-worker-0:2072188, MainThread:140581993367360> (requestor.py:_fetch_single_sync:156 -> middleware.py:apply_sync:96) from logger `RFC.middleware_content_saver`
[INFO] applied on PackDirStructure(root).PackDirStructure(AVI视频3760首226GB(双击进分类)).PackDirStructure(一人一首成名金曲MV视频(155首8.8GB)).PackFile(274彭丽嫒-在希望的田野上.avi), sent

2024-05-27 19:28:18,376 <requestor-worker-0:2072188, MainThread:140581993367360> (requestor.py:_fetch_single_sync:156 -> middleware.py:apply_sync:93) from logger `RFC.middleware_content_saver`
[INFO] applying on PackDirStructure(root).PackDirStructure(AVI视频3760首226GB(双击进分类)).PackDirStructure(一人一首成名金曲MV视频(155首8.8GB)).PackFile(272那英 王菲-相约九八.avi), received

2024-05-27 19:28:20,162 <requestor-worker-0:2072188, MainThread:140581993367360> (requestor.py:_fetch_single_sync:156 -> middleware.py:apply_sync:96) from logger `RFC.middleware_content_saver`
[INFO] applied on PackDirStructure(root).PackDirStructure(AVI视频3760首226GB(双击进分类)).PackDirStructure(一人一首成名金曲MV视频(155首8.8GB)).PackFile(272那英 王菲-相约九八.avi), sent

2024-05-27 19:34:08,401 <requestor-worker-0:2072188, MainThread:140581993367360> (requestor.py:_fetch_single_sync:156 -> middleware.py:apply_sync:93) from logger `RFC.middleware_content_saver`
[INFO] applying on PackDirStructure(root).PackDirStructure(AVI视频3760首226GB(双击进分类)).PackDirStructure(华语歌曲MV视频(268首18.7GB)).PackFile(043-周杰倫.聽媽媽的話.avi), received

2024-05-27 19:34:10,247 <requestor-worker-0:2072188, MainThread:140581993367360> (requestor.py:_fetch_single_sync:156 -> middleware.py:apply_sync:96) from logger `RFC.middleware_content_saver`
[INFO] applied on PackDirStructure(root).PackDirStructure(AVI视频3760首226GB(双击进分类)).PackDirStructure(华语歌曲MV视频(268首18.7GB)).PackFile(043-周杰倫.聽媽媽的話.avi), sent

2024-05-27 19:36:33,334 <requestor-worker-0:2072188, MainThread:140581993367360> (requestor.py:_fetch_single_sync:156 -> middleware.py:apply_sync:93) from logger `RFC.middleware_content_saver`
[INFO] applying on PackDirStructure(root).PackDirStructure(AVI视频3760首226GB(双击进分类)).PackDirStructure(华语歌曲MV视频(268首18.7GB)).PackFile(042 冷漠-小三.avi), received

2024-05-27 19:36:34,991 <requestor-worker-0:2072188, MainThread:140581993367360> (requestor.py:_fetch_single_sync:156 -> middleware.py:apply_sync:96) from logger `RFC.middleware_content_saver`
[INFO] applied on PackDirStructure(root).PackDirStructure(AVI视频3760首226GB(双击进分类)).PackDirStructure(华语歌曲MV视频(268首18.7GB)).PackFile(042 冷漠-小三.avi), sent

2024-05-27 19:38:51,316 <requestor-worker-0:2072188, MainThread:140581993367360> (requestor.py:_fetch_single_sync:156 -> middleware.py:apply_sync:93) from logger `RFC.middleware_content_saver`
[INFO] applying on PackDirStructure(root).PackDirStructure(AVI视频3760首226GB(双击进分类)).PackDirStructure(情歌对唱MV视频(280首13.3GB)).PackFile(关淑怡&谭咏麟-旧情复炽.avi), received

2024-05-27 19:38:52,323 <requestor-worker-0:2072188, MainThread:140581993367360> (requestor.py:_fetch_single_sync:156 -> middleware.py:apply_sync:96) from logger `RFC.middleware_content_saver`
[INFO] applied on PackDirStructure(root).PackDirStructure(AVI视频3760首226GB(双击进分类)).PackDirStructure(情歌对唱MV视频(280首13.3GB)).PackFile(关淑怡&谭咏麟-旧情复炽.avi), sent

2024-05-27 19:44:20,046 <requestor-worker-0:2072188, MainThread:140581993367360> (requestor.py:_fetch_single_sync:156 -> middleware.py:apply_sync:93) from logger `RFC.middleware_content_saver`
[INFO] applying on PackDirStructure(root).PackDirStructure(AVI视频3760首226GB(双击进分类)).PackDirStructure(一人一首成名金曲MV视频(155首8.8GB)).PackFile(255林忆莲-听说爱情回来过.avi), received

2024-05-27 19:44:21,835 <requestor-worker-0:2072188, MainThread:140581993367360> (requestor.py:_fetch_single_sync:156 -> middleware.py:apply_sync:96) from logger `RFC.middleware_content_saver`
[INFO] applied on PackDirStructure(root).PackDirStructure(AVI视频3760首226GB(双击进分类)).PackDirStructure(一人一首成名金曲MV视频(155首8.8GB)).PackFile(255林忆莲-听说爱情回来过.avi), sent

2024-05-27 19:45:42,230 <requestor-worker-0:2072188, MainThread:140581993367360> (requestor.py:_fetch_single_sync:156 -> middleware.py:apply_sync:93) from logger `RFC.middleware_content_saver`
[INFO] applying on PackDirStructure(root).PackDirStructure(MP4视频1503首94GB(双击进分类)).PackDirStructure(凤凰传奇歌曲MV视频(57首2.8GB)).PackFile(凤凰传奇-指间沙.mp4), received

2024-05-27 19:45:43,022 <requestor-worker-0:2072188, MainThread:140581993367360> (requestor.py:_fetch_single_sync:156 -> middleware.py:apply_sync:96) from logger `RFC.middleware_content_saver`
[INFO] applied on PackDirStructure(root).PackDirStructure(MP4视频1503首94GB(双击进分类)).PackDirStructure(凤凰传奇歌曲MV视频(57首2.8GB)).PackFile(凤凰传奇-指间沙.mp4), sent

2024-05-27 19:49:30,623 <requestor-worker-0:2072188, MainThread:140581993367360> (requestor.py:_fetch_single_sync:156 -> middleware.py:apply_sync:93) from logger `RFC.middleware_content_saver`
[INFO] applying on PackDirStructure(root).PackDirStructure(AVI视频3760首226GB(双击进分类)).PackDirStructure(情歌对唱MV视频(280首13.3GB)).PackFile(关喆&张玮琪-Don't Break My Heart.avi), received

2024-05-27 19:49:32,641 <requestor-worker-0:2072188, MainThread:140581993367360> (requestor.py:_fetch_single_sync:156 -> middleware.py:apply_sync:96) from logger `RFC.middleware_content_saver`
[INFO] applied on PackDirStructure(root).PackDirStructure(AVI视频3760首226GB(双击进分类)).PackDirStructure(情歌对唱MV视频(280首13.3GB)).PackFile(关喆&张玮琪-Don't Break My Heart.avi), sent

2024-05-27 19:55:40,080 <requestor-worker-0:2072188, MainThread:140581993367360> (requestor.py:_fetch_single_sync:156 -> middleware.py:apply_sync:93) from logger `RFC.middleware_content_saver`
[INFO] applying on PackDirStructure(root).PackDirStructure(AVI视频3760首226GB(双击进分类)).PackDirStructure(华语歌曲MV视频(268首18.7GB)).PackFile(035-邓紫棋 .你把我灌醉 .avi), received

2024-05-27 19:55:43,389 <requestor-worker-0:2072188, MainThread:140581993367360> (requestor.py:_fetch_single_sync:156 -> middleware.py:apply_sync:96) from logger `RFC.middleware_content_saver`
[INFO] applied on PackDirStructure(root).PackDirStructure(AVI视频3760首226GB(双击进分类)).PackDirStructure(华语歌曲MV视频(268首18.7GB)).PackFile(035-邓紫棋 .你把我灌醉 .avi), sent

2024-05-27 20:00:18,771 <requestor-worker-0:2072188, MainThread:140581993367360> (requestor.py:_fetch_single_sync:156 -> middleware.py:apply_sync:93) from logger `RFC.middleware_content_saver`
[INFO] applying on PackDirStructure(root).PackDirStructure(AVI视频3760首226GB(双击进分类)).PackDirStructure(一人一首成名金曲MV视频(155首8.8GB)).PackFile(247孟庭苇-你看你看月亮的脸.avi), received

2024-05-27 20:00:20,330 <requestor-worker-0:2072188, MainThread:140581993367360> (requestor.py:_fetch_single_sync:156 -> middleware.py:apply_sync:96) from logger `RFC.middleware_content_saver`
[INFO] applied on PackDirStructure(root).PackDirStructure(AVI视频3760首226GB(双击进分类)).PackDirStructure(一人一首成名金曲MV视频(155首8.8GB)).PackFile(247孟庭苇-你看你看月亮的脸.avi), sent

2024-05-27 20:06:49,214 <requestor-worker-0:2072188, MainThread:140581993367360> (requestor.py:_fetch_single_sync:156 -> middleware.py:apply_sync:93) from logger `RFC.middleware_content_saver`
[INFO] applying on PackDirStructure(root).PackDirStructure(AVI视频3760首226GB(双击进分类)).PackDirStructure(华语歌曲MV视频(268首18.7GB)).PackFile(032-潇洒小姐.avi), received

2024-05-27 20:06:51,544 <requestor-worker-0:2072188, MainThread:140581993367360> (requestor.py:_fetch_single_sync:156 -> middleware.py:apply_sync:96) from logger `RFC.middleware_content_saver`
[INFO] applied on PackDirStructure(root).PackDirStructure(AVI视频3760首226GB(双击进分类)).PackDirStructure(华语歌曲MV视频(268首18.7GB)).PackFile(032-潇洒小姐.avi), sent

2024-05-27 20:12:00,029 <requestor-worker-0:2072188, MainThread:140581993367360> (requestor.py:_fetch_single_sync:156 -> middleware.py:apply_sync:93) from logger `RFC.middleware_content_saver`
[INFO] applying on PackDirStructure(root).PackDirStructure(AVI视频3760首226GB(双击进分类)).PackDirStructure(情歌对唱MV视频(280首13.3GB)).PackFile(丁当&何润东-明年情人节.avi), received

2024-05-27 20:12:02,164 <requestor-worker-0:2072188, MainThread:140581993367360> (requestor.py:_fetch_single_sync:156 -> middleware.py:apply_sync:96) from logger `RFC.middleware_content_saver`
[INFO] applied on PackDirStructure(root).PackDirStructure(AVI视频3760首226GB(双击进分类)).PackDirStructure(情歌对唱MV视频(280首13.3GB)).PackFile(丁当&何润东-明年情人节.avi), sent

2024-05-27 20:17:57,469 <requestor-worker-0:2072188, MainThread:140581993367360> (requestor.py:_fetch_single_sync:156 -> middleware.py:apply_sync:93) from logger `RFC.middleware_content_saver`
[INFO] applying on PackDirStructure(root).PackDirStructure(AVI视频3760首226GB(双击进分类)).PackDirStructure(情歌对唱MV视频(280首13.3GB)).PackFile(丁当&严爵-偷偷的爱_1725_.avi), received

2024-05-27 20:17:59,090 <requestor-worker-0:2072188, MainThread:140581993367360> (requestor.py:_fetch_single_sync:156 -> middleware.py:apply_sync:96) from logger `RFC.middleware_content_saver`
[INFO] applied on PackDirStructure(root).PackDirStructure(AVI视频3760首226GB(双击进分类)).PackDirStructure(情歌对唱MV视频(280首13.3GB)).PackFile(丁当&严爵-偷偷的爱_1725_.avi), sent

2024-05-27 20:26:23,804 <requestor-worker-0:2072188, MainThread:140581993367360> (requestor.py:_fetch_single_sync:156 -> middleware.py:apply_sync:93) from logger `RFC.middleware_content_saver`
[INFO] applying on PackDirStructure(root).PackDirStructure(MP4视频1503首94GB(双击进分类)).PackDirStructure(最新抖音热门DJ歌曲榜MV视频(20首1.4GB)新老歌都有-按当前全国热度排名出来的榜单).PackFile(王爱华-怎么可以如此冷血(DJ).mp4), received

2024-05-27 20:26:26,252 <requestor-worker-0:2072188, MainThread:140581993367360> (requestor.py:_fetch_single_sync:156 -> middleware.py:apply_sync:96) from logger `RFC.middleware_content_saver`
[INFO] applied on PackDirStructure(root).PackDirStructure(MP4视频1503首94GB(双击进分类)).PackDirStructure(最新抖音热门DJ歌曲榜MV视频(20首1.4GB)新老歌都有-按当前全国热度排名出来的榜单).PackFile(王爱华-怎么可以如此冷血(DJ).mp4), sent

2024-05-27 20:33:42,714 <requestor-worker-0:2072188, MainThread:140581993367360> (requestor.py:_fetch_single_sync:156 -> middleware.py:apply_sync:93) from logger `RFC.middleware_content_saver`
[INFO] applying on PackDirStructure(root).PackDirStructure(AVI视频3760首226GB(双击进分类)).PackDirStructure(一人一首成名金曲MV视频(155首8.8GB)).PackFile(93王杰 赵学而-谁明浪子心.avi), received

2024-05-27 20:33:45,183 <requestor-worker-0:2072188, MainThread:140581993367360> (requestor.py:_fetch_single_sync:156 -> middleware.py:apply_sync:96) from logger `RFC.middleware_content_saver`
[INFO] applied on PackDirStructure(root).PackDirStructure(AVI视频3760首226GB(双击进分类)).PackDirStructure(一人一首成名金曲MV视频(155首8.8GB)).PackFile(93王杰 赵学而-谁明浪子心.avi), sent

2024-05-27 20:38:19,510 <requestor-worker-0:2072188, MainThread:140581993367360> (requestor.py:_fetch_single_sync:156 -> middleware.py:apply_sync:93) from logger `RFC.middleware_content_saver`
[INFO] applying on PackDirStructure(root).PackDirStructure(AVI视频3760首226GB(双击进分类)).PackDirStructure(一人一首成名金曲MV视频(155首8.8GB)).PackFile(92王杰-伤心.avi), received

2024-05-27 20:38:20,901 <requestor-worker-0:2072188, MainThread:140581993367360> (requestor.py:_fetch_single_sync:156 -> middleware.py:apply_sync:96) from logger `RFC.middleware_content_saver`
[INFO] applied on PackDirStructure(root).PackDirStructure(AVI视频3760首226GB(双击进分类)).PackDirStructure(一人一首成名金曲MV视频(155首8.8GB)).PackFile(92王杰-伤心.avi), sent

2024-05-27 20:45:06,018 <requestor-worker-0:2072188, MainThread:140581993367360> (requestor.py:_fetch_single_sync:156 -> middleware.py:apply_sync:93) from logger `RFC.middleware_content_saver`
[INFO] applying on PackDirStructure(root).PackDirStructure(AVI视频3760首226GB(双击进分类)).PackDirStructure(华语歌曲MV视频(268首18.7GB)).PackFile(024-刘德华.一起走过的日子.avi), received

2024-05-27 20:45:07,802 <requestor-worker-0:2072188, MainThread:140581993367360> (requestor.py:_fetch_single_sync:156 -> middleware.py:apply_sync:96) from logger `RFC.middleware_content_saver`
[INFO] applied on PackDirStructure(root).PackDirStructure(AVI视频3760首226GB(双击进分类)).PackDirStructure(华语歌曲MV视频(268首18.7GB)).PackFile(024-刘德华.一起走过的日子.avi), sent

2024-05-27 20:52:18,851 <requestor-worker-0:2072188, MainThread:140581993367360> (requestor.py:_fetch_single_sync:156 -> middleware.py:apply_sync:93) from logger `RFC.middleware_content_saver`
[INFO] applying on PackDirStructure(root).PackDirStructure(AVI视频3760首226GB(双击进分类)).PackDirStructure(华语歌曲MV视频(268首18.7GB)).PackFile(023-刘德华.谢谢你的爱粤语.avi), received

2024-05-27 20:52:21,942 <requestor-worker-0:2072188, MainThread:140581993367360> (requestor.py:_fetch_single_sync:156 -> middleware.py:apply_sync:96) from logger `RFC.middleware_content_saver`
[INFO] applied on PackDirStructure(root).PackDirStructure(AVI视频3760首226GB(双击进分类)).PackDirStructure(华语歌曲MV视频(268首18.7GB)).PackFile(023-刘德华.谢谢你的爱粤语.avi), sent

2024-05-27 20:53:29,510 <requestor-worker-0:2072188, MainThread:140581993367360> (requestor.py:_fetch_single_sync:156 -> middleware.py:apply_sync:93) from logger `RFC.middleware_content_saver`
[INFO] applying on PackDirStructure(root).PackDirStructure(MP4视频1503首94GB(双击进分类)).PackDirStructure(最新抖音热门DJ歌曲榜MV视频(20首1.4GB)新老歌都有-按当前全国热度排名出来的榜单).PackFile(大壮-差一步.mp4), received

2024-05-27 20:53:29,949 <requestor-worker-0:2072188, MainThread:140581993367360> (requestor.py:_fetch_single_sync:156 -> middleware.py:apply_sync:96) from logger `RFC.middleware_content_saver`
[INFO] applied on PackDirStructure(root).PackDirStructure(MP4视频1503首94GB(双击进分类)).PackDirStructure(最新抖音热门DJ歌曲榜MV视频(20首1.4GB)新老歌都有-按当前全国热度排名出来的榜单).PackFile(大壮-差一步.mp4), sent

2024-05-27 20:57:07,308 <requestor-worker-0:2072188, MainThread:140581993367360> (requestor.py:_fetch_single_sync:156 -> middleware.py:apply_sync:93) from logger `RFC.middleware_content_saver`
[INFO] applying on PackDirStructure(root).PackDirStructure(AVI视频3760首226GB(双击进分类)).PackDirStructure(情歌对唱MV视频(280首13.3GB)).PackFile(357-The Bloody Beetroots&Greta Svabo Bech-Chronicles Of A Fallen Love (Original Mix).avi), received

2024-05-27 20:57:08,956 <requestor-worker-0:2072188, MainThread:140581993367360> (requestor.py:_fetch_single_sync:156 -> middleware.py:apply_sync:96) from logger `RFC.middleware_content_saver`
[INFO] applied on PackDirStructure(root).PackDirStructure(AVI视频3760首226GB(双击进分类)).PackDirStructure(情歌对唱MV视频(280首13.3GB)).PackFile(357-The Bloody Beetroots&Greta Svabo Bech-Chronicles Of A Fallen Love (Original Mix).avi), sent

2024-05-27 20:59:28,062 <requestor-worker-0:2072188, MainThread:140581993367360> (requestor.py:_fetch_single_sync:156 -> middleware.py:apply_sync:93) from logger `RFC.middleware_content_saver`
[INFO] applying on PackDirStructure(root).PackDirStructure(AVI视频3760首226GB(双击进分类)).PackDirStructure(情歌对唱MV视频(280首13.3GB)).PackFile(350-Angel Taylor&MakO[英]-Beam (Dannic Mix).avi), received

2024-05-27 20:59:28,763 <requestor-worker-0:2072188, MainThread:140581993367360> (requestor.py:_fetch_single_sync:156 -> middleware.py:apply_sync:96) from logger `RFC.middleware_content_saver`
[INFO] applied on PackDirStructure(root).PackDirStructure(AVI视频3760首226GB(双击进分类)).PackDirStructure(情歌对唱MV视频(280首13.3GB)).PackFile(350-Angel Taylor&MakO[英]-Beam (Dannic Mix).avi), sent

2024-05-27 21:04:28,227 <requestor-worker-0:2072188, MainThread:140581993367360> (requestor.py:_fetch_single_sync:156 -> middleware.py:apply_sync:93) from logger `RFC.middleware_content_saver`
[INFO] applying on PackDirStructure(root).PackDirStructure(MP4视频1503首94GB(双击进分类)).PackDirStructure(最新抖音热门DJ歌曲榜MV视频(20首1.4GB)新老歌都有-按当前全国热度排名出来的榜单).PackFile(大哲-忘情的水(DJ苏平版).mp4), received

2024-05-27 21:04:30,282 <requestor-worker-0:2072188, MainThread:140581993367360> (requestor.py:_fetch_single_sync:156 -> middleware.py:apply_sync:96) from logger `RFC.middleware_content_saver`
[INFO] applied on PackDirStructure(root).PackDirStructure(MP4视频1503首94GB(双击进分类)).PackDirStructure(最新抖音热门DJ歌曲榜MV视频(20首1.4GB)新老歌都有-按当前全国热度排名出来的榜单).PackFile(大哲-忘情的水(DJ苏平版).mp4), sent

2024-05-27 21:08:06,546 <requestor-worker-0:2072188, MainThread:140581993367360> (requestor.py:_fetch_single_sync:156 -> middleware.py:apply_sync:93) from logger `RFC.middleware_content_saver`
[INFO] applying on PackDirStructure(root).PackDirStructure(AVI视频3760首226GB(双击进分类)).PackDirStructure(闽南语歌曲MV视频(78首2.6GB)).PackFile(龙千玉&蔡小虎-相逢的酒.avi), received

2024-05-27 21:08:07,545 <requestor-worker-0:2072188, MainThread:140581993367360> (requestor.py:_fetch_single_sync:156 -> middleware.py:apply_sync:96) from logger `RFC.middleware_content_saver`
[INFO] applied on PackDirStructure(root).PackDirStructure(AVI视频3760首226GB(双击进分类)).PackDirStructure(闽南语歌曲MV视频(78首2.6GB)).PackFile(龙千玉&蔡小虎-相逢的酒.avi), sent

2024-05-27 21:11:41,140 <requestor-worker-0:2072188, MainThread:140581993367360> (requestor.py:_fetch_single_sync:156 -> middleware.py:apply_sync:93) from logger `RFC.middleware_content_saver`
[INFO] applying on PackDirStructure(root).PackDirStructure(WAV格式音乐6278首250GB(双击进分类)).PackDirStructure(其他分类4731首340GB(双击进分类)).PackDirStructure(闽南歌曲(66首2.6GB)).PackFile(龙千玉-心挂意无路用.wav), received

2024-05-27 21:11:42,810 <requestor-worker-0:2072188, MainThread:140581993367360> (requestor.py:_fetch_single_sync:156 -> middleware.py:apply_sync:96) from logger `RFC.middleware_content_saver`
[INFO] applied on PackDirStructure(root).PackDirStructure(WAV格式音乐6278首250GB(双击进分类)).PackDirStructure(其他分类4731首340GB(双击进分类)).PackDirStructure(闽南歌曲(66首2.6GB)).PackFile(龙千玉-心挂意无路用.wav), sent

2024-05-27 21:15:50,827 <requestor-worker-0:2072188, MainThread:140581993367360> (requestor.py:_fetch_single_sync:156 -> middleware.py:apply_sync:93) from logger `RFC.middleware_content_saver`
[INFO] applying on PackDirStructure(root).PackDirStructure(WAV格式音乐6278首250GB(双击进分类)).PackDirStructure(其他分类4731首340GB(双击进分类)).PackDirStructure(闽南歌曲(66首2.6GB)).PackFile(黄乙玲-梦中情侣.wav), received

2024-05-27 21:15:51,532 <requestor-worker-0:2072188, MainThread:140581993367360> (requestor.py:_fetch_single_sync:156 -> middleware.py:apply_sync:96) from logger `RFC.middleware_content_saver`
[INFO] applied on PackDirStructure(root).PackDirStructure(WAV格式音乐6278首250GB(双击进分类)).PackDirStructure(其他分类4731首340GB(双击进分类)).PackDirStructure(闽南歌曲(66首2.6GB)).PackFile(黄乙玲-梦中情侣.wav), sent

2024-05-27 21:19:07,201 <requestor-worker-0:2072188, MainThread:140581993367360> (requestor.py:_fetch_single_sync:156 -> middleware.py:apply_sync:93) from logger `RFC.middleware_content_saver`
[INFO] applying on PackDirStructure(root).PackDirStructure(AVI视频3760首226GB(双击进分类)).PackDirStructure(闽南语歌曲MV视频(78首2.6GB)).PackFile(韩宝仪-舞女.avi), received

2024-05-27 21:19:08,460 <requestor-worker-0:2072188, MainThread:140581993367360> (requestor.py:_fetch_single_sync:156 -> middleware.py:apply_sync:96) from logger `RFC.middleware_content_saver`
[INFO] applied on PackDirStructure(root).PackDirStructure(AVI视频3760首226GB(双击进分类)).PackDirStructure(闽南语歌曲MV视频(78首2.6GB)).PackFile(韩宝仪-舞女.avi), sent

2024-05-27 21:21:36,636 <requestor-worker-0:2072188, MainThread:140581993367360> (requestor.py:_fetch_single_sync:156 -> middleware.py:apply_sync:93) from logger `RFC.middleware_content_saver`
[INFO] applying on PackDirStructure(root).PackDirStructure(AVI视频3760首226GB(双击进分类)).PackDirStructure(闽南语歌曲MV视频(78首2.6GB)).PackFile(陈雷-怀念的人.avi), received

2024-05-27 21:21:37,979 <requestor-worker-0:2072188, MainThread:140581993367360> (requestor.py:_fetch_single_sync:156 -> middleware.py:apply_sync:96) from logger `RFC.middleware_content_saver`
[INFO] applied on PackDirStructure(root).PackDirStructure(AVI视频3760首226GB(双击进分类)).PackDirStructure(闽南语歌曲MV视频(78首2.6GB)).PackFile(陈雷-怀念的人.avi), sent

2024-05-27 21:24:11,068 <requestor-worker-0:2072188, MainThread:140581993367360> (requestor.py:_fetch_single_sync:156 -> middleware.py:apply_sync:93) from logger `RFC.middleware_content_saver`
[INFO] applying on PackDirStructure(root).PackDirStructure(AVI视频3760首226GB(双击进分类)).PackDirStructure(闽南语歌曲MV视频(78首2.6GB)).PackFile(陈淑萍-陪你讲归暝.avi), received

2024-05-27 21:24:12,172 <requestor-worker-0:2072188, MainThread:140581993367360> (requestor.py:_fetch_single_sync:156 -> middleware.py:apply_sync:96) from logger `RFC.middleware_content_saver`
[INFO] applied on PackDirStructure(root).PackDirStructure(AVI视频3760首226GB(双击进分类)).PackDirStructure(闽南语歌曲MV视频(78首2.6GB)).PackFile(陈淑萍-陪你讲归暝.avi), sent

2024-05-27 21:29:15,568 <requestor-worker-0:2072188, MainThread:140581993367360> (requestor.py:_fetch_single_sync:156 -> middleware.py:apply_sync:93) from logger `RFC.middleware_content_saver`
[INFO] applying on PackDirStructure(root).PackDirStructure(WAV格式音乐6278首250GB(双击进分类)).PackDirStructure(其他分类4731首340GB(双击进分类)).PackDirStructure(闽南歌曲(66首2.6GB)).PackFile(陈小云-爱情的骗子.wav), received

2024-05-27 21:29:17,483 <requestor-worker-0:2072188, MainThread:140581993367360> (requestor.py:_fetch_single_sync:156 -> middleware.py:apply_sync:96) from logger `RFC.middleware_content_saver`
[INFO] applied on PackDirStructure(root).PackDirStructure(WAV格式音乐6278首250GB(双击进分类)).PackDirStructure(其他分类4731首340GB(双击进分类)).PackDirStructure(闽南歌曲(66首2.6GB)).PackFile(陈小云-爱情的骗子.wav), sent

2024-05-27 21:31:23,498 <requestor-worker-0:2072188, MainThread:140581993367360> (requestor.py:_fetch_single_sync:156 -> middleware.py:apply_sync:93) from logger `RFC.middleware_content_saver`
[INFO] applying on PackDirStructure(root).PackDirStructure(AVI视频3760首226GB(双击进分类)).PackDirStructure(闽南语歌曲MV视频(78首2.6GB)).PackFile(谢雷-酒国英雄.avi), received

2024-05-27 21:31:25,676 <requestor-worker-0:2072188, MainThread:140581993367360> (requestor.py:_fetch_single_sync:156 -> middleware.py:apply_sync:96) from logger `RFC.middleware_content_saver`
[INFO] applied on PackDirStructure(root).PackDirStructure(AVI视频3760首226GB(双击进分类)).PackDirStructure(闽南语歌曲MV视频(78首2.6GB)).PackFile(谢雷-酒国英雄.avi), sent

2024-05-27 21:33:19,436 <requestor-worker-0:2072188, MainThread:140581993367360> (requestor.py:_fetch_single_sync:156 -> middleware.py:apply_sync:93) from logger `RFC.middleware_content_saver`
[INFO] applying on PackDirStructure(root).PackDirStructure(AVI视频3760首226GB(双击进分类)).PackDirStructure(闽南语歌曲MV视频(78首2.6GB)).PackFile(詹曼玲-一生甘愿跟你走.avi), received

2024-05-27 21:33:20,590 <requestor-worker-0:2072188, MainThread:140581993367360> (requestor.py:_fetch_single_sync:156 -> middleware.py:apply_sync:96) from logger `RFC.middleware_content_saver`
[INFO] applied on PackDirStructure(root).PackDirStructure(AVI视频3760首226GB(双击进分类)).PackDirStructure(闽南语歌曲MV视频(78首2.6GB)).PackFile(詹曼玲-一生甘愿跟你走.avi), sent

2024-05-27 21:35:03,527 <requestor-worker-0:2072188, MainThread:140581993367360> (requestor.py:_fetch_single_sync:156 -> middleware.py:apply_sync:93) from logger `RFC.middleware_content_saver`
[INFO] applying on PackDirStructure(root).PackDirStructure(WAV格式音乐6278首250GB(双击进分类)).PackDirStructure(其他分类4731首340GB(双击进分类)).PackDirStructure(闽南歌曲(66首2.6GB)).PackFile(闽南语歌曲-车站.wav), received

2024-05-27 21:35:05,220 <requestor-worker-0:2072188, MainThread:140581993367360> (requestor.py:_fetch_single_sync:156 -> middleware.py:apply_sync:96) from logger `RFC.middleware_content_saver`
[INFO] applied on PackDirStructure(root).PackDirStructure(WAV格式音乐6278首250GB(双击进分类)).PackDirStructure(其他分类4731首340GB(双击进分类)).PackDirStructure(闽南歌曲(66首2.6GB)).PackFile(闽南语歌曲-车站.wav), sent

2024-05-27 21:36:04,804 <requestor-worker-0:2072188, MainThread:140581993367360> (requestor.py:_fetch_single_sync:156 -> middleware.py:apply_sync:93) from logger `RFC.middleware_content_saver`
[INFO] applying on PackDirStructure(root).PackDirStructure(WAV格式音乐6278首250GB(双击进分类)).PackDirStructure(其他分类4731首340GB(双击进分类)).PackDirStructure(闽南歌曲(66首2.6GB)).PackFile(邓丽君-祖母的话.wav), received

2024-05-27 21:36:05,482 <requestor-worker-0:2072188, MainThread:140581993367360> (requestor.py:_fetch_single_sync:156 -> middleware.py:apply_sync:96) from logger `RFC.middleware_content_saver`
[INFO] applied on PackDirStructure(root).PackDirStructure(WAV格式音乐6278首250GB(双击进分类)).PackDirStructure(其他分类4731首340GB(双击进分类)).PackDirStructure(闽南歌曲(66首2.6GB)).PackFile(邓丽君-祖母的话.wav), sent

2024-05-27 21:38:45,059 <requestor-worker-0:2072188, MainThread:140581993367360> (requestor.py:_fetch_single_sync:156 -> middleware.py:apply_sync:93) from logger `RFC.middleware_content_saver`
[INFO] applying on PackDirStructure(root).PackDirStructure(AVI视频3760首226GB(双击进分类)).PackDirStructure(闽南语歌曲MV视频(78首2.6GB)).PackFile(蔡小虎&张秀卿-醉千年.avi), received

2024-05-27 21:38:46,282 <requestor-worker-0:2072188, MainThread:140581993367360> (requestor.py:_fetch_single_sync:156 -> middleware.py:apply_sync:96) from logger `RFC.middleware_content_saver`
[INFO] applied on PackDirStructure(root).PackDirStructure(AVI视频3760首226GB(双击进分类)).PackDirStructure(闽南语歌曲MV视频(78首2.6GB)).PackFile(蔡小虎&张秀卿-醉千年.avi), sent

2024-05-27 21:41:07,625 <requestor-worker-0:2072188, MainThread:140581993367360> (requestor.py:_fetch_single_sync:156 -> middleware.py:apply_sync:93) from logger `RFC.middleware_content_saver`
[INFO] applying on PackDirStructure(root).PackDirStructure(WAV格式音乐6278首250GB(双击进分类)).PackDirStructure(其他分类4731首340GB(双击进分类)).PackDirStructure(闽南歌曲(66首2.6GB)).PackFile(翁立友-迷魂香.wav), received

2024-05-27 21:41:09,228 <requestor-worker-0:2072188, MainThread:140581993367360> (requestor.py:_fetch_single_sync:156 -> middleware.py:apply_sync:96) from logger `RFC.middleware_content_saver`
[INFO] applied on PackDirStructure(root).PackDirStructure(WAV格式音乐6278首250GB(双击进分类)).PackDirStructure(其他分类4731首340GB(双击进分类)).PackDirStructure(闽南歌曲(66首2.6GB)).PackFile(翁立友-迷魂香.wav), sent

2024-05-27 21:42:58,771 <requestor-worker-0:2072188, MainThread:140581993367360> (requestor.py:_fetch_single_sync:156 -> middleware.py:apply_sync:93) from logger `RFC.middleware_content_saver`
[INFO] applying on PackDirStructure(root).PackDirStructure(AVI视频3760首226GB(双击进分类)).PackDirStructure(闽南语歌曲MV视频(78首2.6GB)).PackFile(童欣-爱情一阵风.avi), received

2024-05-27 21:43:00,094 <requestor-worker-0:2072188, MainThread:140581993367360> (requestor.py:_fetch_single_sync:156 -> middleware.py:apply_sync:96) from logger `RFC.middleware_content_saver`
[INFO] applied on PackDirStructure(root).PackDirStructure(AVI视频3760首226GB(双击进分类)).PackDirStructure(闽南语歌曲MV视频(78首2.6GB)).PackFile(童欣-爱情一阵风.avi), sent

2024-05-27 21:45:27,133 <requestor-worker-0:2072188, MainThread:140581993367360> (requestor.py:_fetch_single_sync:156 -> middleware.py:apply_sync:93) from logger `RFC.middleware_content_saver`
[INFO] applying on PackDirStructure(root).PackDirStructure(AVI视频3760首226GB(双击进分类)).PackDirStructure(闽南语歌曲MV视频(78首2.6GB)).PackFile(江蕙-酒后的心声.avi), received

2024-05-27 21:45:29,340 <requestor-worker-0:2072188, MainThread:140581993367360> (requestor.py:_fetch_single_sync:156 -> middleware.py:apply_sync:96) from logger `RFC.middleware_content_saver`
[INFO] applied on PackDirStructure(root).PackDirStructure(AVI视频3760首226GB(双击进分类)).PackDirStructure(闽南语歌曲MV视频(78首2.6GB)).PackFile(江蕙-酒后的心声.avi), sent

2024-05-27 21:48:40,765 <requestor-worker-0:2072188, MainThread:140581993367360> (requestor.py:_fetch_single_sync:156 -> middleware.py:apply_sync:93) from logger `RFC.middleware_content_saver`
[INFO] applying on PackDirStructure(root).PackDirStructure(WAV格式音乐6278首250GB(双击进分类)).PackDirStructure(其他分类4731首340GB(双击进分类)).PackDirStructure(闽南歌曲(66首2.6GB)).PackFile(江蕙-酒后的心声.wav), received

2024-05-27 21:48:42,469 <requestor-worker-0:2072188, MainThread:140581993367360> (requestor.py:_fetch_single_sync:156 -> middleware.py:apply_sync:96) from logger `RFC.middleware_content_saver`
[INFO] applied on PackDirStructure(root).PackDirStructure(WAV格式音乐6278首250GB(双击进分类)).PackDirStructure(其他分类4731首340GB(双击进分类)).PackDirStructure(闽南歌曲(66首2.6GB)).PackFile(江蕙-酒后的心声.wav), sent

2024-05-27 21:50:28,058 <requestor-worker-0:2072188, MainThread:140581993367360> (requestor.py:_fetch_single_sync:156 -> middleware.py:apply_sync:93) from logger `RFC.middleware_content_saver`
[INFO] applying on PackDirStructure(root).PackDirStructure(WAV格式音乐6278首250GB(双击进分类)).PackDirStructure(其他分类4731首340GB(双击进分类)).PackDirStructure(闽南歌曲(66首2.6GB)).PackFile(林翠萍-不如甭熟悉.wav), received

2024-05-27 21:50:28,864 <requestor-worker-0:2072188, MainThread:140581993367360> (requestor.py:_fetch_single_sync:156 -> middleware.py:apply_sync:96) from logger `RFC.middleware_content_saver`
[INFO] applied on PackDirStructure(root).PackDirStructure(WAV格式音乐6278首250GB(双击进分类)).PackDirStructure(其他分类4731首340GB(双击进分类)).PackDirStructure(闽南歌曲(66首2.6GB)).PackFile(林翠萍-不如甭熟悉.wav), sent

2024-05-27 21:55:04,912 <requestor-worker-0:2072188, MainThread:140581993367360> (requestor.py:_fetch_single_sync:156 -> middleware.py:apply_sync:93) from logger `RFC.middleware_content_saver`
[INFO] applying on PackDirStructure(root).PackDirStructure(WAV格式音乐6278首250GB(双击进分类)).PackDirStructure(其他分类4731首340GB(双击进分类)).PackDirStructure(闽南歌曲(66首2.6GB)).PackFile(尤雅-爱情这么冷.wav), received

2024-05-27 21:55:06,364 <requestor-worker-0:2072188, MainThread:140581993367360> (requestor.py:_fetch_single_sync:156 -> middleware.py:apply_sync:96) from logger `RFC.middleware_content_saver`
[INFO] applied on PackDirStructure(root).PackDirStructure(WAV格式音乐6278首250GB(双击进分类)).PackDirStructure(其他分类4731首340GB(双击进分类)).PackDirStructure(闽南歌曲(66首2.6GB)).PackFile(尤雅-爱情这么冷.wav), sent

2024-05-27 21:59:32,520 <requestor-worker-0:2072188, MainThread:140581993367360> (requestor.py:_fetch_single_sync:156 -> middleware.py:apply_sync:93) from logger `RFC.middleware_content_saver`
[INFO] applying on PackDirStructure(root).PackDirStructure(WAV格式音乐6278首250GB(双击进分类)).PackDirStructure(其他分类4731首340GB(双击进分类)).PackDirStructure(闽南歌曲(66首2.6GB)).PackFile(孙淑媚-伤心泪.wav), received

2024-05-27 21:59:33,754 <requestor-worker-0:2072188, MainThread:140581993367360> (requestor.py:_fetch_single_sync:156 -> middleware.py:apply_sync:96) from logger `RFC.middleware_content_saver`
[INFO] applied on PackDirStructure(root).PackDirStructure(WAV格式音乐6278首250GB(双击进分类)).PackDirStructure(其他分类4731首340GB(双击进分类)).PackDirStructure(闽南歌曲(66首2.6GB)).PackFile(孙淑媚-伤心泪.wav), sent

2024-05-27 22:02:33,032 <requestor-worker-0:2072188, MainThread:140581993367360> (requestor.py:_fetch_single_sync:156 -> middleware.py:apply_sync:93) from logger `RFC.middleware_content_saver`
[INFO] applying on PackDirStructure(root).PackDirStructure(WAV格式音乐6278首250GB(双击进分类)).PackDirStructure(其他分类4731首340GB(双击进分类)).PackDirStructure(闽南歌曲(66首2.6GB)).PackFile(卓依婷-金包银.wav), received

2024-05-27 22:02:34,237 <requestor-worker-0:2072188, MainThread:140581993367360> (requestor.py:_fetch_single_sync:156 -> middleware.py:apply_sync:96) from logger `RFC.middleware_content_saver`
[INFO] applied on PackDirStructure(root).PackDirStructure(WAV格式音乐6278首250GB(双击进分类)).PackDirStructure(其他分类4731首340GB(双击进分类)).PackDirStructure(闽南歌曲(66首2.6GB)).PackFile(卓依婷-金包银.wav), sent

2024-05-27 22:06:30,617 <requestor-worker-0:2072188, MainThread:140581993367360> (requestor.py:_fetch_single_sync:156 -> middleware.py:apply_sync:93) from logger `RFC.middleware_content_saver`
[INFO] applying on PackDirStructure(root).PackDirStructure(WAV格式音乐6278首250GB(双击进分类)).PackDirStructure(其他分类4731首340GB(双击进分类)).PackDirStructure(闽南歌曲(66首2.6GB)).PackFile(卓依婷&林正桦-雪中红.wav), received

2024-05-27 22:06:32,276 <requestor-worker-0:2072188, MainThread:140581993367360> (requestor.py:_fetch_single_sync:156 -> middleware.py:apply_sync:96) from logger `RFC.middleware_content_saver`
[INFO] applied on PackDirStructure(root).PackDirStructure(WAV格式音乐6278首250GB(双击进分类)).PackDirStructure(其他分类4731首340GB(双击进分类)).PackDirStructure(闽南歌曲(66首2.6GB)).PackFile(卓依婷&林正桦-雪中红.wav), sent

2024-05-27 22:08:59,582 <requestor-worker-0:2072188, MainThread:140581993367360> (requestor.py:_fetch_single_sync:156 -> middleware.py:apply_sync:93) from logger `RFC.middleware_content_saver`
[INFO] applying on PackDirStructure(root).PackDirStructure(AVI视频3760首226GB(双击进分类)).PackDirStructure(闽南语歌曲MV视频(78首2.6GB)).PackFile(卓依婷&林正桦-雪中红.avi), received

2024-05-27 22:09:00,844 <requestor-worker-0:2072188, MainThread:140581993367360> (requestor.py:_fetch_single_sync:156 -> middleware.py:apply_sync:96) from logger `RFC.middleware_content_saver`
[INFO] applied on PackDirStructure(root).PackDirStructure(AVI视频3760首226GB(双击进分类)).PackDirStructure(闽南语歌曲MV视频(78首2.6GB)).PackFile(卓依婷&林正桦-雪中红.avi), sent

2024-05-27 22:11:38,123 <requestor-worker-0:2072188, MainThread:140581993367360> (requestor.py:_fetch_single_sync:156 -> middleware.py:apply_sync:93) from logger `RFC.middleware_content_saver`
[INFO] applying on PackDirStructure(root).PackDirStructure(WAV格式音乐6278首250GB(双击进分类)).PackDirStructure(其他分类4731首340GB(双击进分类)).PackDirStructure(闽南歌曲(66首2.6GB)).PackFile(卓依婷&林正桦-初恋.wav), received

2024-05-27 22:11:38,958 <requestor-worker-0:2072188, MainThread:140581993367360> (requestor.py:_fetch_single_sync:156 -> middleware.py:apply_sync:96) from logger `RFC.middleware_content_saver`
[INFO] applied on PackDirStructure(root).PackDirStructure(WAV格式音乐6278首250GB(双击进分类)).PackDirStructure(其他分类4731首340GB(双击进分类)).PackDirStructure(闽南歌曲(66首2.6GB)).PackFile(卓依婷&林正桦-初恋.wav), sent

2024-05-27 22:15:41,252 <requestor-worker-0:2072188, MainThread:140581993367360> (requestor.py:_fetch_single_sync:156 -> middleware.py:apply_sync:93) from logger `RFC.middleware_content_saver`
[INFO] applying on PackDirStructure(root).PackDirStructure(WAV格式音乐6278首250GB(双击进分类)).PackDirStructure(其他分类4731首340GB(双击进分类)).PackDirStructure(闽南歌曲(66首2.6GB)).PackFile(刘德华-世界第一等.wav), received

2024-05-27 22:15:42,522 <requestor-worker-0:2072188, MainThread:140581993367360> (requestor.py:_fetch_single_sync:156 -> middleware.py:apply_sync:96) from logger `RFC.middleware_content_saver`
[INFO] applied on PackDirStructure(root).PackDirStructure(WAV格式音乐6278首250GB(双击进分类)).PackDirStructure(其他分类4731首340GB(双击进分类)).PackDirStructure(闽南歌曲(66首2.6GB)).PackFile(刘德华-世界第一等.wav), sent

2024-05-27 22:18:17,441 <requestor-worker-0:2072188, MainThread:140581993367360> (requestor.py:_fetch_single_sync:156 -> middleware.py:apply_sync:93) from logger `RFC.middleware_content_saver`
[INFO] applying on PackDirStructure(root).PackDirStructure(MP4视频1503首94GB(双击进分类)).PackDirStructure(凤凰传奇歌曲MV视频(57首2.8GB)).PackFile(凤凰传奇-大声唱.mp4), received

2024-05-27 22:18:18,344 <requestor-worker-0:2072188, MainThread:140581993367360> (requestor.py:_fetch_single_sync:156 -> middleware.py:apply_sync:96) from logger `RFC.middleware_content_saver`
[INFO] applied on PackDirStructure(root).PackDirStructure(MP4视频1503首94GB(双击进分类)).PackDirStructure(凤凰传奇歌曲MV视频(57首2.8GB)).PackFile(凤凰传奇-大声唱.mp4), sent

2024-05-27 22:22:53,996 <requestor-worker-0:2072188, MainThread:140581993367360> (requestor.py:_fetch_single_sync:156 -> middleware.py:apply_sync:93) from logger `RFC.middleware_content_saver`
[INFO] applying on PackDirStructure(root).PackDirStructure(WAV格式音乐6278首250GB(双击进分类)).PackDirStructure(其他分类4731首340GB(双击进分类)).PackDirStructure(近年热歌DJ(90首3GB)).PackFile(黄静美-黄泉预约客(DJ默涵版).wav), received

2024-05-27 22:22:55,396 <requestor-worker-0:2072188, MainThread:140581993367360> (requestor.py:_fetch_single_sync:156 -> middleware.py:apply_sync:96) from logger `RFC.middleware_content_saver`
[INFO] applied on PackDirStructure(root).PackDirStructure(WAV格式音乐6278首250GB(双击进分类)).PackDirStructure(其他分类4731首340GB(双击进分类)).PackDirStructure(近年热歌DJ(90首3GB)).PackFile(黄静美-黄泉预约客(DJ默涵版).wav), sent

2024-05-27 22:25:29,426 <requestor-worker-0:2072188, MainThread:140581993367360> (requestor.py:_fetch_single_sync:156 -> middleware.py:apply_sync:93) from logger `RFC.middleware_content_saver`
[INFO] applying on PackDirStructure(root).PackDirStructure(WAV格式音乐6278首250GB(双击进分类)).PackDirStructure(其他分类4731首340GB(双击进分类)).PackDirStructure(近年热歌DJ(90首3GB)).PackFile(鱼多余-剑魂(鱼多余DJ版).wav), received

2024-05-27 22:25:30,204 <requestor-worker-0:2072188, MainThread:140581993367360> (requestor.py:_fetch_single_sync:156 -> middleware.py:apply_sync:96) from logger `RFC.middleware_content_saver`
[INFO] applied on PackDirStructure(root).PackDirStructure(WAV格式音乐6278首250GB(双击进分类)).PackDirStructure(其他分类4731首340GB(双击进分类)).PackDirStructure(近年热歌DJ(90首3GB)).PackFile(鱼多余-剑魂(鱼多余DJ版).wav), sent

2024-05-27 22:28:16,209 <requestor-worker-0:2072188, MainThread:140581993367360> (requestor.py:_fetch_single_sync:156 -> middleware.py:apply_sync:93) from logger `RFC.middleware_content_saver`
[INFO] applying on PackDirStructure(root).PackDirStructure(WAV格式音乐6278首250GB(双击进分类)).PackDirStructure(其他分类4731首340GB(双击进分类)).PackDirStructure(近年热歌DJ(90首3GB)).PackFile(魏佳艺-人生已过半(DJ阿哲版).wav), received

2024-05-27 22:28:17,018 <requestor-worker-0:2072188, MainThread:140581993367360> (requestor.py:_fetch_single_sync:156 -> middleware.py:apply_sync:96) from logger `RFC.middleware_content_saver`
[INFO] applied on PackDirStructure(root).PackDirStructure(WAV格式音乐6278首250GB(双击进分类)).PackDirStructure(其他分类4731首340GB(双击进分类)).PackDirStructure(近年热歌DJ(90首3GB)).PackFile(魏佳艺-人生已过半(DJ阿哲版).wav), sent

2024-05-27 22:31:28,786 <requestor-worker-0:2072188, MainThread:140581993367360> (requestor.py:_fetch_single_sync:156 -> middleware.py:apply_sync:93) from logger `RFC.middleware_content_saver`
[INFO] applying on PackDirStructure(root).PackDirStructure(WAV格式音乐6278首250GB(双击进分类)).PackDirStructure(其他分类4731首340GB(双击进分类)).PackDirStructure(近年热歌DJ(90首3GB)).PackFile(金艾娜&贾烈-走心入梦的人(DJ默涵版).wav), received

2024-05-27 22:31:29,884 <requestor-worker-0:2072188, MainThread:140581993367360> (requestor.py:_fetch_single_sync:156 -> middleware.py:apply_sync:96) from logger `RFC.middleware_content_saver`
[INFO] applied on PackDirStructure(root).PackDirStructure(WAV格式音乐6278首250GB(双击进分类)).PackDirStructure(其他分类4731首340GB(双击进分类)).PackDirStructure(近年热歌DJ(90首3GB)).PackFile(金艾娜&贾烈-走心入梦的人(DJ默涵版).wav), sent

2024-05-27 22:33:23,214 <requestor-worker-0:2072188, MainThread:140581993367360> (requestor.py:_fetch_single_sync:156 -> middleware.py:apply_sync:93) from logger `RFC.middleware_content_saver`
[INFO] applying on PackDirStructure(root).PackDirStructure(WAV格式音乐6278首250GB(双击进分类)).PackDirStructure(其他分类4731首340GB(双击进分类)).PackDirStructure(近年热歌DJ(90首3GB)).PackFile(胜屿-你的眼神(DjPad仔版).wav), received

2024-05-27 22:33:23,852 <requestor-worker-0:2072188, MainThread:140581993367360> (requestor.py:_fetch_single_sync:156 -> middleware.py:apply_sync:96) from logger `RFC.middleware_content_saver`
[INFO] applied on PackDirStructure(root).PackDirStructure(WAV格式音乐6278首250GB(双击进分类)).PackDirStructure(其他分类4731首340GB(双击进分类)).PackDirStructure(近年热歌DJ(90首3GB)).PackFile(胜屿-你的眼神(DjPad仔版).wav), sent

2024-05-27 22:35:10,735 <requestor-worker-0:2072188, MainThread:140581993367360> (requestor.py:_fetch_single_sync:156 -> middleware.py:apply_sync:93) from logger `RFC.middleware_content_saver`
[INFO] applying on PackDirStructure(root).PackDirStructure(WAV格式音乐6278首250GB(双击进分类)).PackDirStructure(其他分类4731首340GB(双击进分类)).PackDirStructure(近年热歌DJ(90首3GB)).PackFile(羊羊-用情(DJ楠哈哈版).wav), received

2024-05-27 22:35:11,400 <requestor-worker-0:2072188, MainThread:140581993367360> (requestor.py:_fetch_single_sync:156 -> middleware.py:apply_sync:96) from logger `RFC.middleware_content_saver`
[INFO] applied on PackDirStructure(root).PackDirStructure(WAV格式音乐6278首250GB(双击进分类)).PackDirStructure(其他分类4731首340GB(双击进分类)).PackDirStructure(近年热歌DJ(90首3GB)).PackFile(羊羊-用情(DJ楠哈哈版).wav), sent

2024-05-27 22:37:47,174 <requestor-worker-0:2072188, MainThread:140581993367360> (requestor.py:_fetch_single_sync:156 -> middleware.py:apply_sync:93) from logger `RFC.middleware_content_saver`
[INFO] applying on PackDirStructure(root).PackDirStructure(WAV格式音乐6278首250GB(双击进分类)).PackDirStructure(其他分类4731首340GB(双击进分类)).PackDirStructure(近年热歌DJ(90首3GB)).PackFile(程响-可能.wav), received

2024-05-27 22:37:48,358 <requestor-worker-0:2072188, MainThread:140581993367360> (requestor.py:_fetch_single_sync:156 -> middleware.py:apply_sync:96) from logger `RFC.middleware_content_saver`
[INFO] applied on PackDirStructure(root).PackDirStructure(WAV格式音乐6278首250GB(双击进分类)).PackDirStructure(其他分类4731首340GB(双击进分类)).PackDirStructure(近年热歌DJ(90首3GB)).PackFile(程响-可能.wav), sent

2024-05-27 22:40:43,227 <requestor-worker-0:2072188, MainThread:140581993367360> (requestor.py:_fetch_single_sync:156 -> middleware.py:apply_sync:93) from logger `RFC.middleware_content_saver`
[INFO] applying on PackDirStructure(root).PackDirStructure(WAV格式音乐6278首250GB(双击进分类)).PackDirStructure(其他分类4731首340GB(双击进分类)).PackDirStructure(近年热歌DJ(90首3GB)).PackFile(玥夏-木偶戏(DJ阿卓版).wav), received

2024-05-27 22:40:44,056 <requestor-worker-0:2072188, MainThread:140581993367360> (requestor.py:_fetch_single_sync:156 -> middleware.py:apply_sync:96) from logger `RFC.middleware_content_saver`
[INFO] applied on PackDirStructure(root).PackDirStructure(WAV格式音乐6278首250GB(双击进分类)).PackDirStructure(其他分类4731首340GB(双击进分类)).PackDirStructure(近年热歌DJ(90首3GB)).PackFile(玥夏-木偶戏(DJ阿卓版).wav), sent

2024-05-27 22:42:15,734 <requestor-worker-0:2072188, MainThread:140581993367360> (requestor.py:_fetch_single_sync:156 -> middleware.py:apply_sync:93) from logger `RFC.middleware_content_saver`
[INFO] applying on PackDirStructure(root).PackDirStructure(WAV格式音乐6278首250GB(双击进分类)).PackDirStructure(其他分类4731首340GB(双击进分类)).PackDirStructure(近年热歌DJ(90首3GB)).PackFile(王麻花-惊鸿醉(DJ名龙版).wav), received

2024-05-27 22:42:16,313 <requestor-worker-0:2072188, MainThread:140581993367360> (requestor.py:_fetch_single_sync:156 -> middleware.py:apply_sync:96) from logger `RFC.middleware_content_saver`
[INFO] applied on PackDirStructure(root).PackDirStructure(WAV格式音乐6278首250GB(双击进分类)).PackDirStructure(其他分类4731首340GB(双击进分类)).PackDirStructure(近年热歌DJ(90首3GB)).PackFile(王麻花-惊鸿醉(DJ名龙版).wav), sent

2024-05-27 22:46:56,225 <requestor-worker-0:2072188, MainThread:140581993367360> (requestor.py:_fetch_single_sync:156 -> middleware.py:apply_sync:93) from logger `RFC.middleware_content_saver`
[INFO] applying on PackDirStructure(root).PackDirStructure(AVI视频3760首226GB(双击进分类)).PackDirStructure(草原歌曲MV视频(68首3.9GB)).PackFile(蒙古群星 - 草原梦[超清版].avi), received

2024-05-27 22:46:57,744 <requestor-worker-0:2072188, MainThread:140581993367360> (requestor.py:_fetch_single_sync:156 -> middleware.py:apply_sync:96) from logger `RFC.middleware_content_saver`
[INFO] applied on PackDirStructure(root).PackDirStructure(AVI视频3760首226GB(双击进分类)).PackDirStructure(草原歌曲MV视频(68首3.9GB)).PackFile(蒙古群星 - 草原梦[超清版].avi), sent

2024-05-27 22:53:04,637 <requestor-worker-0:2072188, MainThread:140581993367360> (requestor.py:_fetch_single_sync:156 -> middleware.py:apply_sync:93) from logger `RFC.middleware_content_saver`
[INFO] applying on PackDirStructure(root).PackDirStructure(AVI视频3760首226GB(双击进分类)).PackDirStructure(草原歌曲MV视频(68首3.9GB)).PackFile(登格尔 - 情醉大草原[超清版].avi), received

2024-05-27 22:53:06,483 <requestor-worker-0:2072188, MainThread:140581993367360> (requestor.py:_fetch_single_sync:156 -> middleware.py:apply_sync:96) from logger `RFC.middleware_content_saver`
[INFO] applied on PackDirStructure(root).PackDirStructure(AVI视频3760首226GB(双击进分类)).PackDirStructure(草原歌曲MV视频(68首3.9GB)).PackFile(登格尔 - 情醉大草原[超清版].avi), sent

2024-05-27 22:55:37,140 <requestor-worker-0:2072188, MainThread:140581993367360> (requestor.py:_fetch_single_sync:156 -> middleware.py:apply_sync:93) from logger `RFC.middleware_content_saver`
[INFO] applying on PackDirStructure(root).PackDirStructure(WAV格式音乐6278首250GB(双击进分类)).PackDirStructure(其他分类4731首340GB(双击进分类)).PackDirStructure(近年热歌DJ(90首3GB)).PackFile(海来阿木-告别书(DJ默涵版).wav), received

2024-05-27 22:55:38,306 <requestor-worker-0:2072188, MainThread:140581993367360> (requestor.py:_fetch_single_sync:156 -> middleware.py:apply_sync:96) from logger `RFC.middleware_content_saver`
[INFO] applied on PackDirStructure(root).PackDirStructure(WAV格式音乐6278首250GB(双击进分类)).PackDirStructure(其他分类4731首340GB(双击进分类)).PackDirStructure(近年热歌DJ(90首3GB)).PackFile(海来阿木-告别书(DJ默涵版).wav), sent

2024-05-27 23:00:46,018 <requestor-worker-0:2072188, MainThread:140581993367360> (requestor.py:_fetch_single_sync:156 -> middleware.py:apply_sync:93) from logger `RFC.middleware_content_saver`
[INFO] applying on PackDirStructure(root).PackDirStructure(AVI视频3760首226GB(双击进分类)).PackDirStructure(草原歌曲MV视频(68首3.9GB)).PackFile(民乐群星 - 在草原的深处.avi), received

2024-05-27 23:00:48,315 <requestor-worker-0:2072188, MainThread:140581993367360> (requestor.py:_fetch_single_sync:156 -> middleware.py:apply_sync:96) from logger `RFC.middleware_content_saver`
[INFO] applied on PackDirStructure(root).PackDirStructure(AVI视频3760首226GB(双击进分类)).PackDirStructure(草原歌曲MV视频(68首3.9GB)).PackFile(民乐群星 - 在草原的深处.avi), sent

2024-05-27 23:02:36,884 <requestor-worker-0:2072188, MainThread:140581993367360> (requestor.py:_fetch_single_sync:156 -> middleware.py:apply_sync:93) from logger `RFC.middleware_content_saver`
[INFO] applying on PackDirStructure(root).PackDirStructure(WAV格式音乐6278首250GB(双击进分类)).PackDirStructure(其他分类4731首340GB(双击进分类)).PackDirStructure(近年热歌DJ(90首3GB)).PackFile(指尖笑-不问ciaga(不问别离).wav), received

2024-05-27 23:02:37,654 <requestor-worker-0:2072188, MainThread:140581993367360> (requestor.py:_fetch_single_sync:156 -> middleware.py:apply_sync:96) from logger `RFC.middleware_content_saver`
[INFO] applied on PackDirStructure(root).PackDirStructure(WAV格式音乐6278首250GB(双击进分类)).PackDirStructure(其他分类4731首340GB(双击进分类)).PackDirStructure(近年热歌DJ(90首3GB)).PackFile(指尖笑-不问ciaga(不问别离).wav), sent

2024-05-27 23:05:16,365 <requestor-worker-0:2072188, MainThread:140581993367360> (requestor.py:_fetch_single_sync:156 -> middleware.py:apply_sync:93) from logger `RFC.middleware_content_saver`
[INFO] applying on PackDirStructure(root).PackDirStructure(WAV格式音乐6278首250GB(双击进分类)).PackDirStructure(其他分类4731首340GB(双击进分类)).PackDirStructure(近年热歌DJ(90首3GB)).PackFile(徐薇-面具(DJ版).wav), received

2024-05-27 23:05:17,306 <requestor-worker-0:2072188, MainThread:140581993367360> (requestor.py:_fetch_single_sync:156 -> middleware.py:apply_sync:96) from logger `RFC.middleware_content_saver`
[INFO] applied on PackDirStructure(root).PackDirStructure(WAV格式音乐6278首250GB(双击进分类)).PackDirStructure(其他分类4731首340GB(双击进分类)).PackDirStructure(近年热歌DJ(90首3GB)).PackFile(徐薇-面具(DJ版).wav), sent

2024-05-27 23:09:48,501 <requestor-worker-0:2072188, MainThread:140581993367360> (requestor.py:_fetch_single_sync:156 -> middleware.py:apply_sync:93) from logger `RFC.middleware_content_saver`
[INFO] applying on PackDirStructure(root).PackDirStructure(AVI视频3760首226GB(双击进分类)).PackDirStructure(草原歌曲MV视频(68首3.9GB)).PackFile(朱贝贝 - 草原情郎[超清版].avi), received

2024-05-27 23:09:50,695 <requestor-worker-0:2072188, MainThread:140581993367360> (requestor.py:_fetch_single_sync:156 -> middleware.py:apply_sync:96) from logger `RFC.middleware_content_saver`
[INFO] applied on PackDirStructure(root).PackDirStructure(AVI视频3760首226GB(双击进分类)).PackDirStructure(草原歌曲MV视频(68首3.9GB)).PackFile(朱贝贝 - 草原情郎[超清版].avi), sent

2024-05-27 23:12:40,247 <requestor-worker-0:2072188, MainThread:140581993367360> (requestor.py:_fetch_single_sync:156 -> middleware.py:apply_sync:93) from logger `RFC.middleware_content_saver`
[INFO] applying on PackDirStructure(root).PackDirStructure(WAV格式音乐6278首250GB(双击进分类)).PackDirStructure(其他分类4731首340GB(双击进分类)).PackDirStructure(近年热歌DJ(90首3GB)).PackFile(小阿枫&R7-今夜(DJ R7版).wav), received

2024-05-27 23:12:41,434 <requestor-worker-0:2072188, MainThread:140581993367360> (requestor.py:_fetch_single_sync:156 -> middleware.py:apply_sync:96) from logger `RFC.middleware_content_saver`
[INFO] applied on PackDirStructure(root).PackDirStructure(WAV格式音乐6278首250GB(双击进分类)).PackDirStructure(其他分类4731首340GB(双击进分类)).PackDirStructure(近年热歌DJ(90首3GB)).PackFile(小阿枫&R7-今夜(DJ R7版).wav), sent

2024-05-27 23:16:28,783 <requestor-worker-0:2072188, MainThread:140581993367360> (requestor.py:_fetch_single_sync:156 -> middleware.py:apply_sync:93) from logger `RFC.middleware_content_saver`
[INFO] applying on PackDirStructure(root).PackDirStructure(WAV格式音乐6278首250GB(双击进分类)).PackDirStructure(其他分类4731首340GB(双击进分类)).PackDirStructure(近年热歌DJ(90首3GB)).PackFile(大欢-化风行万里(DJ默涵版).wav), received

2024-05-27 23:16:29,750 <requestor-worker-0:2072188, MainThread:140581993367360> (requestor.py:_fetch_single_sync:156 -> middleware.py:apply_sync:96) from logger `RFC.middleware_content_saver`
[INFO] applied on PackDirStructure(root).PackDirStructure(WAV格式音乐6278首250GB(双击进分类)).PackDirStructure(其他分类4731首340GB(双击进分类)).PackDirStructure(近年热歌DJ(90首3GB)).PackFile(大欢-化风行万里(DJ默涵版).wav), sent

2024-05-27 23:18:52,649 <requestor-worker-0:2072188, MainThread:140581993367360> (requestor.py:_fetch_single_sync:156 -> middleware.py:apply_sync:93) from logger `RFC.middleware_content_saver`
[INFO] applying on PackDirStructure(root).PackDirStructure(WAV格式音乐6278首250GB(双击进分类)).PackDirStructure(其他分类4731首340GB(双击进分类)).PackDirStructure(近年热歌DJ(90首3GB)).PackFile(名龙-关山酒(DJ名龙版).wav), received

2024-05-27 23:18:53,591 <requestor-worker-0:2072188, MainThread:140581993367360> (requestor.py:_fetch_single_sync:156 -> middleware.py:apply_sync:96) from logger `RFC.middleware_content_saver`
[INFO] applied on PackDirStructure(root).PackDirStructure(WAV格式音乐6278首250GB(双击进分类)).PackDirStructure(其他分类4731首340GB(双击进分类)).PackDirStructure(近年热歌DJ(90首3GB)).PackFile(名龙-关山酒(DJ名龙版).wav), sent

2024-05-27 23:26:11,623 <requestor-worker-0:2072188, MainThread:140581993367360> (requestor.py:_fetch_single_sync:156 -> middleware.py:apply_sync:93) from logger `RFC.middleware_content_saver`
[INFO] applying on PackDirStructure(root).PackDirStructure(AVI视频3760首226GB(双击进分类)).PackDirStructure(草原歌曲MV视频(68首3.9GB)).PackFile(布仁巴雅尔 - 敖鲁古雅 草原音画 12_12_21[高清版].avi), received

2024-05-27 23:26:14,645 <requestor-worker-0:2072188, MainThread:140581993367360> (requestor.py:_fetch_single_sync:156 -> middleware.py:apply_sync:96) from logger `RFC.middleware_content_saver`
[INFO] applied on PackDirStructure(root).PackDirStructure(AVI视频3760首226GB(双击进分类)).PackDirStructure(草原歌曲MV视频(68首3.9GB)).PackFile(布仁巴雅尔 - 敖鲁古雅 草原音画 12_12_21[高清版].avi), sent

2024-05-27 23:29:15,882 <requestor-worker-0:2072188, MainThread:140581993367360> (requestor.py:_fetch_single_sync:156 -> middleware.py:apply_sync:93) from logger `RFC.middleware_content_saver`
[INFO] applying on PackDirStructure(root).PackDirStructure(WAV格式音乐6278首250GB(双击进分类)).PackDirStructure(其他分类4731首340GB(双击进分类)).PackDirStructure(近年热歌DJ(90首3GB)).PackFile(刘晓超-想问情深有几许(DJ默涵版).wav), received

2024-05-27 23:29:17,820 <requestor-worker-0:2072188, MainThread:140581993367360> (requestor.py:_fetch_single_sync:156 -> middleware.py:apply_sync:96) from logger `RFC.middleware_content_saver`
[INFO] applied on PackDirStructure(root).PackDirStructure(WAV格式音乐6278首250GB(双击进分类)).PackDirStructure(其他分类4731首340GB(双击进分类)).PackDirStructure(近年热歌DJ(90首3GB)).PackFile(刘晓超-想问情深有几许(DJ默涵版).wav), sent

2024-05-27 23:32:20,192 <requestor-worker-0:2072188, MainThread:140581993367360> (requestor.py:_fetch_single_sync:156 -> middleware.py:apply_sync:93) from logger `RFC.middleware_content_saver`
[INFO] applying on PackDirStructure(root).PackDirStructure(WAV格式音乐6278首250GB(双击进分类)).PackDirStructure(其他分类4731首340GB(双击进分类)).PackDirStructure(近年热歌DJ(90首3GB)).PackFile(侯泽润-我把往事化如烟(DJR7版).wav), received

2024-05-27 23:32:21,323 <requestor-worker-0:2072188, MainThread:140581993367360> (requestor.py:_fetch_single_sync:156 -> middleware.py:apply_sync:96) from logger `RFC.middleware_content_saver`
[INFO] applied on PackDirStructure(root).PackDirStructure(WAV格式音乐6278首250GB(双击进分类)).PackDirStructure(其他分类4731首340GB(双击进分类)).PackDirStructure(近年热歌DJ(90首3GB)).PackFile(侯泽润-我把往事化如烟(DJR7版).wav), sent

2024-05-27 23:34:26,200 <requestor-worker-0:2072188, MainThread:140581993367360> (requestor.py:_fetch_single_sync:156 -> middleware.py:apply_sync:93) from logger `RFC.middleware_content_saver`
[INFO] applying on PackDirStructure(root).PackDirStructure(AVI视频3760首226GB(双击进分类)).PackDirStructure(草原歌曲MV视频(68首3.9GB)).PackFile(华语群星 - 陪你一起看草原.avi), received

2024-05-27 23:34:27,700 <requestor-worker-0:2072188, MainThread:140581993367360> (requestor.py:_fetch_single_sync:156 -> middleware.py:apply_sync:96) from logger `RFC.middleware_content_saver`
[INFO] applied on PackDirStructure(root).PackDirStructure(AVI视频3760首226GB(双击进分类)).PackDirStructure(草原歌曲MV视频(68首3.9GB)).PackFile(华语群星 - 陪你一起看草原.avi), sent

2024-05-27 23:36:01,311 <requestor-worker-0:2072188, MainThread:140581993367360> (requestor.py:_fetch_single_sync:156 -> middleware.py:apply_sync:93) from logger `RFC.middleware_content_saver`
[INFO] applying on PackDirStructure(root).PackDirStructure(WAV格式音乐6278首250GB(双击进分类)).PackDirStructure(其他分类4731首340GB(双击进分类)).PackDirStructure(近年热歌DJ(90首3GB)).PackFile(侯泽润-一句先苦后甜(DJ默涵版).wav), received

2024-05-27 23:36:02,262 <requestor-worker-0:2072188, MainThread:140581993367360> (requestor.py:_fetch_single_sync:156 -> middleware.py:apply_sync:96) from logger `RFC.middleware_content_saver`
[INFO] applied on PackDirStructure(root).PackDirStructure(WAV格式音乐6278首250GB(双击进分类)).PackDirStructure(其他分类4731首340GB(双击进分类)).PackDirStructure(近年热歌DJ(90首3GB)).PackFile(侯泽润-一句先苦后甜(DJ默涵版).wav), sent

2024-05-27 23:39:01,018 <requestor-worker-0:2072188, MainThread:140581993367360> (requestor.py:_fetch_single_sync:156 -> middleware.py:apply_sync:93) from logger `RFC.middleware_content_saver`
[INFO] applying on PackDirStructure(root).PackDirStructure(AVI视频3760首226GB(双击进分类)).PackDirStructure(草原歌曲MV视频(68首3.9GB)).PackFile(华语群星 - 欢迎你来大草原.avi), received

2024-05-27 23:39:04,187 <requestor-worker-0:2072188, MainThread:140581993367360> (requestor.py:_fetch_single_sync:156 -> middleware.py:apply_sync:96) from logger `RFC.middleware_content_saver`
[INFO] applied on PackDirStructure(root).PackDirStructure(AVI视频3760首226GB(双击进分类)).PackDirStructure(草原歌曲MV视频(68首3.9GB)).PackFile(华语群星 - 欢迎你来大草原.avi), sent

2024-05-27 23:41:45,137 <requestor-worker-0:2072188, MainThread:140581993367360> (requestor.py:_fetch_single_sync:156 -> middleware.py:apply_sync:93) from logger `RFC.middleware_content_saver`
[INFO] applying on PackDirStructure(root).PackDirStructure(AVI视频3760首226GB(双击进分类)).PackDirStructure(草原歌曲MV视频(68首3.9GB)).PackFile(凤凰传奇 - 我从草原来.avi), received

2024-05-27 23:41:46,502 <requestor-worker-0:2072188, MainThread:140581993367360> (requestor.py:_fetch_single_sync:156 -> middleware.py:apply_sync:96) from logger `RFC.middleware_content_saver`
[INFO] applied on PackDirStructure(root).PackDirStructure(AVI视频3760首226GB(双击进分类)).PackDirStructure(草原歌曲MV视频(68首3.9GB)).PackFile(凤凰传奇 - 我从草原来.avi), sent

2024-05-27 23:44:42,202 <requestor-worker-0:2072188, MainThread:140581993367360> (requestor.py:_fetch_single_sync:156 -> middleware.py:apply_sync:93) from logger `RFC.middleware_content_saver`
[INFO] applying on PackDirStructure(root).PackDirStructure(AVI视频3760首226GB(双击进分类)).PackDirStructure(草原歌曲MV视频(68首3.9GB)).PackFile(乌兰托娅 - 草原之恋[超清版].avi), received

2024-05-27 23:44:44,437 <requestor-worker-0:2072188, MainThread:140581993367360> (requestor.py:_fetch_single_sync:156 -> middleware.py:apply_sync:96) from logger `RFC.middleware_content_saver`
[INFO] applied on PackDirStructure(root).PackDirStructure(AVI视频3760首226GB(双击进分类)).PackDirStructure(草原歌曲MV视频(68首3.9GB)).PackFile(乌兰托娅 - 草原之恋[超清版].avi), sent

2024-05-27 23:49:31,402 <requestor-worker-0:2072188, MainThread:140581993367360> (requestor.py:_fetch_single_sync:156 -> middleware.py:apply_sync:93) from logger `RFC.middleware_content_saver`
[INFO] applying on PackDirStructure(root).PackDirStructure(AVI视频3760首226GB(双击进分类)).PackDirStructure(草原歌曲MV视频(68首3.9GB)).PackFile(乌兰图雅 - 草原情哥哥[超清版].avi), received

2024-05-27 23:49:33,894 <requestor-worker-0:2072188, MainThread:140581993367360> (requestor.py:_fetch_single_sync:156 -> middleware.py:apply_sync:96) from logger `RFC.middleware_content_saver`
[INFO] applied on PackDirStructure(root).PackDirStructure(AVI视频3760首226GB(双击进分类)).PackDirStructure(草原歌曲MV视频(68首3.9GB)).PackFile(乌兰图雅 - 草原情哥哥[超清版].avi), sent

2024-05-27 23:50:35,609 <requestor-worker-0:2072188, MainThread:140581993367360> (requestor.py:_fetch_single_sync:156 -> middleware.py:apply_sync:93) from logger `RFC.middleware_content_saver`
[INFO] applying on PackDirStructure(root).PackDirStructure(MP4视频1503首94GB(双击进分类)).PackDirStructure(凤凰传奇歌曲MV视频(57首2.8GB)).PackFile(凤凰传奇-吉祥如意.mp4), received

2024-05-27 23:50:36,251 <requestor-worker-0:2072188, MainThread:140581993367360> (requestor.py:_fetch_single_sync:156 -> middleware.py:apply_sync:96) from logger `RFC.middleware_content_saver`
[INFO] applied on PackDirStructure(root).PackDirStructure(MP4视频1503首94GB(双击进分类)).PackDirStructure(凤凰传奇歌曲MV视频(57首2.8GB)).PackFile(凤凰传奇-吉祥如意.mp4), sent

2024-05-27 23:54:29,891 <requestor-worker-0:2072188, MainThread:140581993367360> (requestor.py:_fetch_single_sync:156 -> middleware.py:apply_sync:93) from logger `RFC.middleware_content_saver`
[INFO] applying on PackDirStructure(root).PackDirStructure(AVI视频3760首226GB(双击进分类)).PackDirStructure(一人一首成名金曲MV视频(155首8.8GB)).PackFile(80任贤齐-对面的女孩看过来.avi), received

2024-05-27 23:54:31,480 <requestor-worker-0:2072188, MainThread:140581993367360> (requestor.py:_fetch_single_sync:156 -> middleware.py:apply_sync:96) from logger `RFC.middleware_content_saver`
[INFO] applied on PackDirStructure(root).PackDirStructure(AVI视频3760首226GB(双击进分类)).PackDirStructure(一人一首成名金曲MV视频(155首8.8GB)).PackFile(80任贤齐-对面的女孩看过来.avi), sent

2024-05-27 23:57:26,939 <requestor-worker-0:2072188, MainThread:140581993367360> (requestor.py:_fetch_single_sync:156 -> middleware.py:apply_sync:93) from logger `RFC.middleware_content_saver`
[INFO] applying on PackDirStructure(root).PackDirStructure(WAV格式音乐6278首250GB(双击进分类)).PackDirStructure(其他分类4731首340GB(双击进分类)).PackDirStructure(近年热歌(343首14GB)).PackDirStructure(2023年).PackFile(黄静美-红尘毒酒(DJ Eva版).wav), received

2024-05-27 23:57:28,128 <requestor-worker-0:2072188, MainThread:140581993367360> (requestor.py:_fetch_single_sync:156 -> middleware.py:apply_sync:96) from logger `RFC.middleware_content_saver`
[INFO] applied on PackDirStructure(root).PackDirStructure(WAV格式音乐6278首250GB(双击进分类)).PackDirStructure(其他分类4731首340GB(双击进分类)).PackDirStructure(近年热歌(343首14GB)).PackDirStructure(2023年).PackFile(黄静美-红尘毒酒(DJ Eva版).wav), sent

2024-05-28 00:00:03,429 <requestor-worker-0:2072188, MainThread:140581993367360> (requestor.py:_fetch_single_sync:156 -> middleware.py:apply_sync:93) from logger `RFC.middleware_content_saver`
[INFO] applying on PackDirStructure(root).PackDirStructure(WAV格式音乐6278首250GB(双击进分类)).PackDirStructure(其他分类4731首340GB(双击进分类)).PackDirStructure(近年热歌(343首14GB)).PackDirStructure(2023年).PackFile(鱼多余-剑魂(鱼多余DJ版).wav), received

2024-05-28 00:00:04,372 <requestor-worker-0:2072188, MainThread:140581993367360> (requestor.py:_fetch_single_sync:156 -> middleware.py:apply_sync:96) from logger `RFC.middleware_content_saver`
[INFO] applied on PackDirStructure(root).PackDirStructure(WAV格式音乐6278首250GB(双击进分类)).PackDirStructure(其他分类4731首340GB(双击进分类)).PackDirStructure(近年热歌(343首14GB)).PackDirStructure(2023年).PackFile(鱼多余-剑魂(鱼多余DJ版).wav), sent

2024-05-28 00:03:50,126 <requestor-worker-0:2072188, MainThread:140581993367360> (requestor.py:_fetch_single_sync:156 -> middleware.py:apply_sync:93) from logger `RFC.middleware_content_saver`
[INFO] applying on PackDirStructure(root).PackDirStructure(WAV格式音乐6278首250GB(双击进分类)).PackDirStructure(其他分类4731首340GB(双击进分类)).PackDirStructure(近年热歌(343首14GB)).PackDirStructure(2023年).PackFile(魏佳艺-我来人间一趟.wav), received

2024-05-28 00:03:52,632 <requestor-worker-0:2072188, MainThread:140581993367360> (requestor.py:_fetch_single_sync:156 -> middleware.py:apply_sync:96) from logger `RFC.middleware_content_saver`
[INFO] applied on PackDirStructure(root).PackDirStructure(WAV格式音乐6278首250GB(双击进分类)).PackDirStructure(其他分类4731首340GB(双击进分类)).PackDirStructure(近年热歌(343首14GB)).PackDirStructure(2023年).PackFile(魏佳艺-我来人间一趟.wav), sent

2024-05-28 00:07:53,793 <requestor-worker-0:2072188, MainThread:140581993367360> (requestor.py:_fetch_single_sync:156 -> middleware.py:apply_sync:93) from logger `RFC.middleware_content_saver`
[INFO] applying on PackDirStructure(root).PackDirStructure(WAV格式音乐6278首250GB(双击进分类)).PackDirStructure(其他分类4731首340GB(双击进分类)).PackDirStructure(近年热歌(343首14GB)).PackDirStructure(2023年).PackFile(陈粒-虚拟.wav), received

2024-05-28 00:07:55,068 <requestor-worker-0:2072188, MainThread:140581993367360> (requestor.py:_fetch_single_sync:156 -> middleware.py:apply_sync:96) from logger `RFC.middleware_content_saver`
[INFO] applied on PackDirStructure(root).PackDirStructure(WAV格式音乐6278首250GB(双击进分类)).PackDirStructure(其他分类4731首340GB(双击进分类)).PackDirStructure(近年热歌(343首14GB)).PackDirStructure(2023年).PackFile(陈粒-虚拟.wav), sent

2024-05-28 00:12:39,296 <requestor-worker-0:2072188, MainThread:140581993367360> (requestor.py:_fetch_single_sync:156 -> middleware.py:apply_sync:93) from logger `RFC.middleware_content_saver`
[INFO] applying on PackDirStructure(root).PackDirStructure(WAV格式音乐6278首250GB(双击进分类)).PackDirStructure(其他分类4731首340GB(双击进分类)).PackDirStructure(近年热歌(343首14GB)).PackDirStructure(2023年).PackFile(陈奕迅-浮夸.wav), received

2024-05-28 00:12:40,699 <requestor-worker-0:2072188, MainThread:140581993367360> (requestor.py:_fetch_single_sync:156 -> middleware.py:apply_sync:96) from logger `RFC.middleware_content_saver`
[INFO] applied on PackDirStructure(root).PackDirStructure(WAV格式音乐6278首250GB(双击进分类)).PackDirStructure(其他分类4731首340GB(双击进分类)).PackDirStructure(近年热歌(343首14GB)).PackDirStructure(2023年).PackFile(陈奕迅-浮夸.wav), sent

2024-05-28 00:15:21,162 <requestor-worker-0:2072188, MainThread:140581993367360> (requestor.py:_fetch_single_sync:156 -> middleware.py:apply_sync:93) from logger `RFC.middleware_content_saver`
[INFO] applying on PackDirStructure(root).PackDirStructure(WAV格式音乐6278首250GB(双击进分类)).PackDirStructure(其他分类4731首340GB(双击进分类)).PackDirStructure(近年热歌(343首14GB)).PackDirStructure(2023年).PackFile(阿梨粤&R7-秒针(Dj版).wav), received

2024-05-28 00:15:22,339 <requestor-worker-0:2072188, MainThread:140581993367360> (requestor.py:_fetch_single_sync:156 -> middleware.py:apply_sync:96) from logger `RFC.middleware_content_saver`
[INFO] applied on PackDirStructure(root).PackDirStructure(WAV格式音乐6278首250GB(双击进分类)).PackDirStructure(其他分类4731首340GB(双击进分类)).PackDirStructure(近年热歌(343首14GB)).PackDirStructure(2023年).PackFile(阿梨粤&R7-秒针(Dj版).wav), sent

2024-05-28 00:19:06,240 <requestor-worker-0:2072188, MainThread:140581993367360> (requestor.py:_fetch_single_sync:156 -> middleware.py:apply_sync:93) from logger `RFC.middleware_content_saver`
[INFO] applying on PackDirStructure(root).PackDirStructure(WAV格式音乐6278首250GB(双击进分类)).PackDirStructure(其他分类4731首340GB(双击进分类)).PackDirStructure(近年热歌(343首14GB)).PackDirStructure(2023年).PackFile(阿冗-你的答案.wav), received

2024-05-28 00:19:07,999 <requestor-worker-0:2072188, MainThread:140581993367360> (requestor.py:_fetch_single_sync:156 -> middleware.py:apply_sync:96) from logger `RFC.middleware_content_saver`
[INFO] applied on PackDirStructure(root).PackDirStructure(WAV格式音乐6278首250GB(双击进分类)).PackDirStructure(其他分类4731首340GB(双击进分类)).PackDirStructure(近年热歌(343首14GB)).PackDirStructure(2023年).PackFile(阿冗-你的答案.wav), sent

2024-05-28 00:23:22,240 <requestor-worker-0:2072188, MainThread:140581993367360> (requestor.py:_fetch_single_sync:156 -> middleware.py:apply_sync:93) from logger `RFC.middleware_content_saver`
[INFO] applying on PackDirStructure(root).PackDirStructure(WAV格式音乐6278首250GB(双击进分类)).PackDirStructure(其他分类4731首340GB(双击进分类)).PackDirStructure(近年热歌(343首14GB)).PackDirStructure(2023年).PackFile(闻人听書_-虞兮叹.wav), received

2024-05-28 00:23:24,490 <requestor-worker-0:2072188, MainThread:140581993367360> (requestor.py:_fetch_single_sync:156 -> middleware.py:apply_sync:96) from logger `RFC.middleware_content_saver`
[INFO] applied on PackDirStructure(root).PackDirStructure(WAV格式音乐6278首250GB(双击进分类)).PackDirStructure(其他分类4731首340GB(双击进分类)).PackDirStructure(近年热歌(343首14GB)).PackDirStructure(2023年).PackFile(闻人听書_-虞兮叹.wav), sent

2024-05-28 00:26:15,061 <requestor-worker-0:2072188, MainThread:140581993367360> (requestor.py:_fetch_single_sync:156 -> middleware.py:apply_sync:93) from logger `RFC.middleware_content_saver`
[INFO] applying on PackDirStructure(root).PackDirStructure(WAV格式音乐6278首250GB(双击进分类)).PackDirStructure(其他分类4731首340GB(双击进分类)).PackDirStructure(近年热歌(343首14GB)).PackDirStructure(2023年).PackFile(邵帅-暖一杯茶.wav), received

2024-05-28 00:26:17,114 <requestor-worker-0:2072188, MainThread:140581993367360> (requestor.py:_fetch_single_sync:156 -> middleware.py:apply_sync:96) from logger `RFC.middleware_content_saver`
[INFO] applied on PackDirStructure(root).PackDirStructure(WAV格式音乐6278首250GB(双击进分类)).PackDirStructure(其他分类4731首340GB(双击进分类)).PackDirStructure(近年热歌(343首14GB)).PackDirStructure(2023年).PackFile(邵帅-暖一杯茶.wav), sent

2024-05-28 00:47:37,785 <requestor-worker-0:2072188, MainThread:140581993367360> (requestor.py:_fetch_single_sync:156 -> middleware.py:apply_sync:93) from logger `RFC.middleware_content_saver`
[INFO] applying on PackDirStructure(root).PackDirStructure(WAV格式音乐6278首250GB(双击进分类)).PackDirStructure(其他分类4731首340GB(双击进分类)).PackDirStructure(近年热歌(343首14GB)).PackDirStructure(2023年).PackFile(赵雷-我记得.wav), received

2024-05-28 00:47:40,703 <requestor-worker-0:2072188, MainThread:140581993367360> (requestor.py:_fetch_single_sync:156 -> middleware.py:apply_sync:96) from logger `RFC.middleware_content_saver`
[INFO] applied on PackDirStructure(root).PackDirStructure(WAV格式音乐6278首250GB(双击进分类)).PackDirStructure(其他分类4731首340GB(双击进分类)).PackDirStructure(近年热歌(343首14GB)).PackDirStructure(2023年).PackFile(赵雷-我记得.wav), sent

2024-05-28 00:52:10,338 <requestor-worker-0:2072188, MainThread:140581993367360> (requestor.py:_fetch_single_sync:156 -> middleware.py:apply_sync:93) from logger `RFC.middleware_content_saver`
[INFO] applying on PackDirStructure(root).PackDirStructure(WAV格式音乐6278首250GB(双击进分类)).PackDirStructure(其他分类4731首340GB(双击进分类)).PackDirStructure(近年热歌(343首14GB)).PackDirStructure(2023年).PackFile(蒋雪儿-莫问归期.wav), received

2024-05-28 00:52:11,369 <requestor-worker-0:2072188, MainThread:140581993367360> (requestor.py:_fetch_single_sync:156 -> middleware.py:apply_sync:96) from logger `RFC.middleware_content_saver`
[INFO] applied on PackDirStructure(root).PackDirStructure(WAV格式音乐6278首250GB(双击进分类)).PackDirStructure(其他分类4731首340GB(双击进分类)).PackDirStructure(近年热歌(343首14GB)).PackDirStructure(2023年).PackFile(蒋雪儿-莫问归期.wav), sent

2024-05-28 00:57:30,383 <requestor-worker-0:2072188, MainThread:140581993367360> (requestor.py:_fetch_single_sync:156 -> middleware.py:apply_sync:93) from logger `RFC.middleware_content_saver`
[INFO] applying on PackDirStructure(root).PackDirStructure(WAV格式音乐6278首250GB(双击进分类)).PackDirStructure(其他分类4731首340GB(双击进分类)).PackDirStructure(近年热歌(343首14GB)).PackDirStructure(2023年).PackFile(莫文蔚-这世界那么多人.wav), received

2024-05-28 00:57:31,658 <requestor-worker-0:2072188, MainThread:140581993367360> (requestor.py:_fetch_single_sync:156 -> middleware.py:apply_sync:96) from logger `RFC.middleware_content_saver`
[INFO] applied on PackDirStructure(root).PackDirStructure(WAV格式音乐6278首250GB(双击进分类)).PackDirStructure(其他分类4731首340GB(双击进分类)).PackDirStructure(近年热歌(343首14GB)).PackDirStructure(2023年).PackFile(莫文蔚-这世界那么多人.wav), sent

2024-05-28 00:59:52,119 <requestor-worker-0:2072188, MainThread:140581993367360> (requestor.py:_fetch_single_sync:156 -> middleware.py:apply_sync:93) from logger `RFC.middleware_content_saver`
[INFO] applying on PackDirStructure(root).PackDirStructure(WAV格式音乐6278首250GB(双击进分类)).PackDirStructure(其他分类4731首340GB(双击进分类)).PackDirStructure(近年热歌(343首14GB)).PackDirStructure(2023年).PackFile(程响-可能.wav), received

2024-05-28 00:59:54,020 <requestor-worker-0:2072188, MainThread:140581993367360> (requestor.py:_fetch_single_sync:156 -> middleware.py:apply_sync:96) from logger `RFC.middleware_content_saver`
[INFO] applied on PackDirStructure(root).PackDirStructure(WAV格式音乐6278首250GB(双击进分类)).PackDirStructure(其他分类4731首340GB(双击进分类)).PackDirStructure(近年热歌(343首14GB)).PackDirStructure(2023年).PackFile(程响-可能.wav), sent

2024-05-28 01:01:01,059 <requestor-worker-0:2072188, MainThread:140581993367360> (requestor.py:_fetch_single_sync:156 -> middleware.py:apply_sync:93) from logger `RFC.middleware_content_saver`
[INFO] applying on PackDirStructure(root).PackDirStructure(WAV格式音乐6278首250GB(双击进分类)).PackDirStructure(其他分类4731首340GB(双击进分类)).PackDirStructure(近年热歌(343首14GB)).PackDirStructure(2023年).PackFile(皮卡丘多多-落日亲吻银光海.wav), received

2024-05-28 01:01:01,698 <requestor-worker-0:2072188, MainThread:140581993367360> (requestor.py:_fetch_single_sync:156 -> middleware.py:apply_sync:96) from logger `RFC.middleware_content_saver`
[INFO] applied on PackDirStructure(root).PackDirStructure(WAV格式音乐6278首250GB(双击进分类)).PackDirStructure(其他分类4731首340GB(双击进分类)).PackDirStructure(近年热歌(343首14GB)).PackDirStructure(2023年).PackFile(皮卡丘多多-落日亲吻银光海.wav), sent

2024-05-28 01:03:33,234 <requestor-worker-0:2072188, MainThread:140581993367360> (requestor.py:_fetch_single_sync:156 -> middleware.py:apply_sync:93) from logger `RFC.middleware_content_saver`
[INFO] applying on PackDirStructure(root).PackDirStructure(WAV格式音乐6278首250GB(双击进分类)).PackDirStructure(其他分类4731首340GB(双击进分类)).PackDirStructure(近年热歌(343首14GB)).PackDirStructure(2023年).PackFile(王鹤棣&王齐铭&朴鲨-海边探戈.wav), received

2024-05-28 01:03:34,569 <requestor-worker-0:2072188, MainThread:140581993367360> (requestor.py:_fetch_single_sync:156 -> middleware.py:apply_sync:96) from logger `RFC.middleware_content_saver`
[INFO] applied on PackDirStructure(root).PackDirStructure(WAV格式音乐6278首250GB(双击进分类)).PackDirStructure(其他分类4731首340GB(双击进分类)).PackDirStructure(近年热歌(343首14GB)).PackDirStructure(2023年).PackFile(王鹤棣&王齐铭&朴鲨-海边探戈.wav), sent

2024-05-28 01:06:28,771 <requestor-worker-0:2072188, MainThread:140581993367360> (requestor.py:_fetch_single_sync:156 -> middleware.py:apply_sync:93) from logger `RFC.middleware_content_saver`
[INFO] applying on PackDirStructure(root).PackDirStructure(WAV格式音乐6278首250GB(双击进分类)).PackDirStructure(其他分类4731首340GB(双击进分类)).PackDirStructure(近年热歌(343首14GB)).PackDirStructure(2023年).PackFile(王程明-今生最爱.wav), received

2024-05-28 01:06:31,346 <requestor-worker-0:2072188, MainThread:140581993367360> (requestor.py:_fetch_single_sync:156 -> middleware.py:apply_sync:96) from logger `RFC.middleware_content_saver`
[INFO] applied on PackDirStructure(root).PackDirStructure(WAV格式音乐6278首250GB(双击进分类)).PackDirStructure(其他分类4731首340GB(双击进分类)).PackDirStructure(近年热歌(343首14GB)).PackDirStructure(2023年).PackFile(王程明-今生最爱.wav), sent

2024-05-28 01:08:15,897 <requestor-worker-0:2072188, MainThread:140581993367360> (requestor.py:_fetch_single_sync:156 -> middleware.py:apply_sync:93) from logger `RFC.middleware_content_saver`
[INFO] applying on PackDirStructure(root).PackDirStructure(WAV格式音乐6278首250GB(双击进分类)).PackDirStructure(其他分类4731首340GB(双击进分类)).PackDirStructure(近年热歌(343首14GB)).PackDirStructure(2023年).PackFile(海来阿木-烟雨人间(DJ沈念版).wav), received

2024-05-28 01:08:18,163 <requestor-worker-0:2072188, MainThread:140581993367360> (requestor.py:_fetch_single_sync:156 -> middleware.py:apply_sync:96) from logger `RFC.middleware_content_saver`
[INFO] applied on PackDirStructure(root).PackDirStructure(WAV格式音乐6278首250GB(双击进分类)).PackDirStructure(其他分类4731首340GB(双击进分类)).PackDirStructure(近年热歌(343首14GB)).PackDirStructure(2023年).PackFile(海来阿木-烟雨人间(DJ沈念版).wav), sent

2024-05-28 01:10:17,853 <requestor-worker-0:2072188, MainThread:140581993367360> (requestor.py:_fetch_single_sync:156 -> middleware.py:apply_sync:93) from logger `RFC.middleware_content_saver`
[INFO] applying on PackDirStructure(root).PackDirStructure(WAV格式音乐6278首250GB(双击进分类)).PackDirStructure(其他分类4731首340GB(双击进分类)).PackDirStructure(近年热歌(343首14GB)).PackDirStructure(2023年).PackFile(海来阿木-不如见一面.wav), received

2024-05-28 01:10:18,848 <requestor-worker-0:2072188, MainThread:140581993367360> (requestor.py:_fetch_single_sync:156 -> middleware.py:apply_sync:96) from logger `RFC.middleware_content_saver`
[INFO] applied on PackDirStructure(root).PackDirStructure(WAV格式音乐6278首250GB(双击进分类)).PackDirStructure(其他分类4731首340GB(双击进分类)).PackDirStructure(近年热歌(343首14GB)).PackDirStructure(2023年).PackFile(海来阿木-不如见一面.wav), sent

2024-05-28 01:13:52,946 <requestor-worker-0:2072188, MainThread:140581993367360> (requestor.py:_fetch_single_sync:156 -> middleware.py:apply_sync:93) from logger `RFC.middleware_content_saver`
[INFO] applying on PackDirStructure(root).PackDirStructure(WAV格式音乐6278首250GB(双击进分类)).PackDirStructure(其他分类4731首340GB(双击进分类)).PackDirStructure(近年热歌(343首14GB)).PackDirStructure(2023年).PackFile(海伦-游山恋.wav), received

2024-05-28 01:13:55,918 <requestor-worker-0:2072188, MainThread:140581993367360> (requestor.py:_fetch_single_sync:156 -> middleware.py:apply_sync:96) from logger `RFC.middleware_content_saver`
[INFO] applied on PackDirStructure(root).PackDirStructure(WAV格式音乐6278首250GB(双击进分类)).PackDirStructure(其他分类4731首340GB(双击进分类)).PackDirStructure(近年热歌(343首14GB)).PackDirStructure(2023年).PackFile(海伦-游山恋.wav), sent

2024-05-28 01:16:10,627 <requestor-worker-0:2072188, MainThread:140581993367360> (requestor.py:_fetch_single_sync:156 -> middleware.py:apply_sync:93) from logger `RFC.middleware_content_saver`
[INFO] applying on PackDirStructure(root).PackDirStructure(WAV格式音乐6278首250GB(双击进分类)).PackDirStructure(其他分类4731首340GB(双击进分类)).PackDirStructure(近年热歌(343首14GB)).PackDirStructure(2023年).PackFile(梅伊伊-一生只爱你一次(DJ默涵版).wav), received

2024-05-28 01:16:11,363 <requestor-worker-0:2072188, MainThread:140581993367360> (requestor.py:_fetch_single_sync:156 -> middleware.py:apply_sync:96) from logger `RFC.middleware_content_saver`
[INFO] applied on PackDirStructure(root).PackDirStructure(WAV格式音乐6278首250GB(双击进分类)).PackDirStructure(其他分类4731首340GB(双击进分类)).PackDirStructure(近年热歌(343首14GB)).PackDirStructure(2023年).PackFile(梅伊伊-一生只爱你一次(DJ默涵版).wav), sent

2024-05-28 01:20:09,172 <requestor-worker-0:2072188, MainThread:140581993367360> (requestor.py:_fetch_single_sync:156 -> middleware.py:apply_sync:93) from logger `RFC.middleware_content_saver`
[INFO] applying on PackDirStructure(root).PackDirStructure(WAV格式音乐6278首250GB(双击进分类)).PackDirStructure(其他分类4731首340GB(双击进分类)).PackDirStructure(近年热歌(343首14GB)).PackDirStructure(2023年).PackFile(林俊杰-裹着心的光.wav), received

2024-05-28 01:20:11,034 <requestor-worker-0:2072188, MainThread:140581993367360> (requestor.py:_fetch_single_sync:156 -> middleware.py:apply_sync:96) from logger `RFC.middleware_content_saver`
[INFO] applied on PackDirStructure(root).PackDirStructure(WAV格式音乐6278首250GB(双击进分类)).PackDirStructure(其他分类4731首340GB(双击进分类)).PackDirStructure(近年热歌(343首14GB)).PackDirStructure(2023年).PackFile(林俊杰-裹着心的光.wav), sent

2024-05-28 01:22:21,939 <requestor-worker-0:2072188, MainThread:140581993367360> (requestor.py:_fetch_single_sync:156 -> middleware.py:apply_sync:93) from logger `RFC.middleware_content_saver`
[INFO] applying on PackDirStructure(root).PackDirStructure(WAV格式音乐6278首250GB(双击进分类)).PackDirStructure(其他分类4731首340GB(双击进分类)).PackDirStructure(近年热歌(343首14GB)).PackDirStructure(2023年).PackFile(李翊君-雨蝶.wav), received

2024-05-28 01:22:22,444 <requestor-worker-0:2072188, MainThread:140581993367360> (requestor.py:_fetch_single_sync:156 -> middleware.py:apply_sync:96) from logger `RFC.middleware_content_saver`
[INFO] applied on PackDirStructure(root).PackDirStructure(WAV格式音乐6278首250GB(双击进分类)).PackDirStructure(其他分类4731首340GB(双击进分类)).PackDirStructure(近年热歌(343首14GB)).PackDirStructure(2023年).PackFile(李翊君-雨蝶.wav), sent

2024-05-28 01:24:52,402 <requestor-worker-0:2072188, MainThread:140581993367360> (requestor.py:_fetch_single_sync:156 -> middleware.py:apply_sync:93) from logger `RFC.middleware_content_saver`
[INFO] applying on PackDirStructure(root).PackDirStructure(WAV格式音乐6278首250GB(双击进分类)).PackDirStructure(其他分类4731首340GB(双击进分类)).PackDirStructure(近年热歌(343首14GB)).PackDirStructure(2023年).PackFile(朱小朱&DJ京仔-我曾用心爱着你(DJ京仔版).wav), received

2024-05-28 01:24:53,511 <requestor-worker-0:2072188, MainThread:140581993367360> (requestor.py:_fetch_single_sync:156 -> middleware.py:apply_sync:96) from logger `RFC.middleware_content_saver`
[INFO] applied on PackDirStructure(root).PackDirStructure(WAV格式音乐6278首250GB(双击进分类)).PackDirStructure(其他分类4731首340GB(双击进分类)).PackDirStructure(近年热歌(343首14GB)).PackDirStructure(2023年).PackFile(朱小朱&DJ京仔-我曾用心爱着你(DJ京仔版).wav), sent

2024-05-28 01:26:23,530 <requestor-worker-0:2072188, MainThread:140581993367360> (requestor.py:_fetch_single_sync:156 -> middleware.py:apply_sync:93) from logger `RFC.middleware_content_saver`
[INFO] applying on PackDirStructure(root).PackDirStructure(WAV格式音乐6278首250GB(双击进分类)).PackDirStructure(其他分类4731首340GB(双击进分类)).PackDirStructure(近年热歌(343首14GB)).PackDirStructure(2023年).PackFile(怪阿姨-羡慕风羡慕雨.wav), received

2024-05-28 01:26:24,371 <requestor-worker-0:2072188, MainThread:140581993367360> (requestor.py:_fetch_single_sync:156 -> middleware.py:apply_sync:96) from logger `RFC.middleware_content_saver`
[INFO] applied on PackDirStructure(root).PackDirStructure(WAV格式音乐6278首250GB(双击进分类)).PackDirStructure(其他分类4731首340GB(双击进分类)).PackDirStructure(近年热歌(343首14GB)).PackDirStructure(2023年).PackFile(怪阿姨-羡慕风羡慕雨.wav), sent

2024-05-28 01:28:20,499 <requestor-worker-0:2072188, MainThread:140581993367360> (requestor.py:_fetch_single_sync:156 -> middleware.py:apply_sync:93) from logger `RFC.middleware_content_saver`
[INFO] applying on PackDirStructure(root).PackDirStructure(WAV格式音乐6278首250GB(双击进分类)).PackDirStructure(其他分类4731首340GB(双击进分类)).PackDirStructure(近年热歌(343首14GB)).PackDirStructure(2023年).PackFile(张韶涵&王赫野-篇章.wav), received

2024-05-28 01:28:21,335 <requestor-worker-0:2072188, MainThread:140581993367360> (requestor.py:_fetch_single_sync:156 -> middleware.py:apply_sync:96) from logger `RFC.middleware_content_saver`
[INFO] applied on PackDirStructure(root).PackDirStructure(WAV格式音乐6278首250GB(双击进分类)).PackDirStructure(其他分类4731首340GB(双击进分类)).PackDirStructure(近年热歌(343首14GB)).PackDirStructure(2023年).PackFile(张韶涵&王赫野-篇章.wav), sent

2024-05-28 01:30:55,893 <requestor-worker-0:2072188, MainThread:140581993367360> (requestor.py:_fetch_single_sync:156 -> middleware.py:apply_sync:93) from logger `RFC.middleware_content_saver`
[INFO] applying on PackDirStructure(root).PackDirStructure(WAV格式音乐6278首250GB(双击进分类)).PackDirStructure(其他分类4731首340GB(双击进分类)).PackDirStructure(近年热歌(343首14GB)).PackDirStructure(2023年).PackFile(张紫豪-可不可以.wav), received

2024-05-28 01:30:55,928 <requestor-worker-0:2072188, MainThread:140581993367360> (requestor.py:_fetch_single_sync:156 -> middleware.py:apply_sync:96) from logger `RFC.middleware_content_saver`
[INFO] applied on PackDirStructure(root).PackDirStructure(WAV格式音乐6278首250GB(双击进分类)).PackDirStructure(其他分类4731首340GB(双击进分类)).PackDirStructure(近年热歌(343首14GB)).PackDirStructure(2023年).PackFile(张紫豪-可不可以.wav), sent

2024-05-28 01:34:40,632 <requestor-worker-0:2072188, MainThread:140581993367360> (requestor.py:_fetch_single_sync:156 -> middleware.py:apply_sync:93) from logger `RFC.middleware_content_saver`
[INFO] applying on PackDirStructure(root).PackDirStructure(WAV格式音乐6278首250GB(双击进分类)).PackDirStructure(其他分类4731首340GB(双击进分类)).PackDirStructure(近年热歌(343首14GB)).PackDirStructure(2023年).PackFile(张杰-雪龙吟.wav), received

2024-05-28 01:34:43,073 <requestor-worker-0:2072188, MainThread:140581993367360> (requestor.py:_fetch_single_sync:156 -> middleware.py:apply_sync:96) from logger `RFC.middleware_content_saver`
[INFO] applied on PackDirStructure(root).PackDirStructure(WAV格式音乐6278首250GB(双击进分类)).PackDirStructure(其他分类4731首340GB(双击进分类)).PackDirStructure(近年热歌(343首14GB)).PackDirStructure(2023年).PackFile(张杰-雪龙吟.wav), sent

2024-05-28 01:37:00,219 <requestor-worker-0:2072188, MainThread:140581993367360> (requestor.py:_fetch_single_sync:156 -> middleware.py:apply_sync:93) from logger `RFC.middleware_content_saver`
[INFO] applying on PackDirStructure(root).PackDirStructure(WAV格式音乐6278首250GB(双击进分类)).PackDirStructure(其他分类4731首340GB(双击进分类)).PackDirStructure(近年热歌(343首14GB)).PackDirStructure(2023年).PackFile(张信哲-信仰.wav), received

2024-05-28 01:37:01,850 <requestor-worker-0:2072188, MainThread:140581993367360> (requestor.py:_fetch_single_sync:156 -> middleware.py:apply_sync:96) from logger `RFC.middleware_content_saver`
[INFO] applied on PackDirStructure(root).PackDirStructure(WAV格式音乐6278首250GB(双击进分类)).PackDirStructure(其他分类4731首340GB(双击进分类)).PackDirStructure(近年热歌(343首14GB)).PackDirStructure(2023年).PackFile(张信哲-信仰.wav), sent

2024-05-28 01:38:31,612 <requestor-worker-0:2072188, MainThread:140581993367360> (requestor.py:_fetch_single_sync:156 -> middleware.py:apply_sync:93) from logger `RFC.middleware_content_saver`
[INFO] applying on PackDirStructure(root).PackDirStructure(WAV格式音乐6278首250GB(双击进分类)).PackDirStructure(其他分类4731首340GB(双击进分类)).PackDirStructure(近年热歌(343首14GB)).PackDirStructure(2023年).PackFile(尹昔眠-三拜红尘凉.wav), received

2024-05-28 01:38:32,572 <requestor-worker-0:2072188, MainThread:140581993367360> (requestor.py:_fetch_single_sync:156 -> middleware.py:apply_sync:96) from logger `RFC.middleware_content_saver`
[INFO] applied on PackDirStructure(root).PackDirStructure(WAV格式音乐6278首250GB(双击进分类)).PackDirStructure(其他分类4731首340GB(双击进分类)).PackDirStructure(近年热歌(343首14GB)).PackDirStructure(2023年).PackFile(尹昔眠-三拜红尘凉.wav), sent

2024-05-28 01:40:44,123 <requestor-worker-0:2072188, MainThread:140581993367360> (requestor.py:_fetch_single_sync:156 -> middleware.py:apply_sync:93) from logger `RFC.middleware_content_saver`
[INFO] applying on PackDirStructure(root).PackDirStructure(WAV格式音乐6278首250GB(双击进分类)).PackDirStructure(其他分类4731首340GB(双击进分类)).PackDirStructure(近年热歌(343首14GB)).PackDirStructure(2023年).PackFile(小咪-我走后.wav), received

2024-05-28 01:40:45,248 <requestor-worker-0:2072188, MainThread:140581993367360> (requestor.py:_fetch_single_sync:156 -> middleware.py:apply_sync:96) from logger `RFC.middleware_content_saver`
[INFO] applied on PackDirStructure(root).PackDirStructure(WAV格式音乐6278首250GB(双击进分类)).PackDirStructure(其他分类4731首340GB(双击进分类)).PackDirStructure(近年热歌(343首14GB)).PackDirStructure(2023年).PackFile(小咪-我走后.wav), sent

2024-05-28 01:42:51,391 <requestor-worker-0:2072188, MainThread:140581993367360> (requestor.py:_fetch_single_sync:156 -> middleware.py:apply_sync:93) from logger `RFC.middleware_content_saver`
[INFO] applying on PackDirStructure(root).PackDirStructure(WAV格式音乐6278首250GB(双击进分类)).PackDirStructure(其他分类4731首340GB(双击进分类)).PackDirStructure(近年热歌(343首14GB)).PackDirStructure(2023年).PackFile(孙楠-留什么给你.wav), received

2024-05-28 01:42:52,742 <requestor-worker-0:2072188, MainThread:140581993367360> (requestor.py:_fetch_single_sync:156 -> middleware.py:apply_sync:96) from logger `RFC.middleware_content_saver`
[INFO] applied on PackDirStructure(root).PackDirStructure(WAV格式音乐6278首250GB(双击进分类)).PackDirStructure(其他分类4731首340GB(双击进分类)).PackDirStructure(近年热歌(343首14GB)).PackDirStructure(2023年).PackFile(孙楠-留什么给你.wav), sent

2024-05-28 01:45:00,339 <requestor-worker-0:2072188, MainThread:140581993367360> (requestor.py:_fetch_single_sync:156 -> middleware.py:apply_sync:93) from logger `RFC.middleware_content_saver`
[INFO] applying on PackDirStructure(root).PackDirStructure(WAV格式音乐6278首250GB(双击进分类)).PackDirStructure(其他分类4731首340GB(双击进分类)).PackDirStructure(近年热歌(343首14GB)).PackDirStructure(2023年).PackFile(周笔畅-最美的期待.wav), received

2024-05-28 01:45:01,802 <requestor-worker-0:2072188, MainThread:140581993367360> (requestor.py:_fetch_single_sync:156 -> middleware.py:apply_sync:96) from logger `RFC.middleware_content_saver`
[INFO] applied on PackDirStructure(root).PackDirStructure(WAV格式音乐6278首250GB(双击进分类)).PackDirStructure(其他分类4731首340GB(双击进分类)).PackDirStructure(近年热歌(343首14GB)).PackDirStructure(2023年).PackFile(周笔畅-最美的期待.wav), sent

2024-05-28 01:46:21,811 <requestor-worker-0:2072188, MainThread:140581993367360> (requestor.py:_fetch_single_sync:156 -> middleware.py:apply_sync:93) from logger `RFC.middleware_content_saver`
[INFO] applying on PackDirStructure(root).PackDirStructure(WAV格式音乐6278首250GB(双击进分类)).PackDirStructure(其他分类4731首340GB(双击进分类)).PackDirStructure(近年热歌(343首14GB)).PackDirStructure(2023年).PackFile(周林枫-忘了.wav), received

2024-05-28 01:46:22,258 <requestor-worker-0:2072188, MainThread:140581993367360> (requestor.py:_fetch_single_sync:156 -> middleware.py:apply_sync:96) from logger `RFC.middleware_content_saver`
[INFO] applied on PackDirStructure(root).PackDirStructure(WAV格式音乐6278首250GB(双击进分类)).PackDirStructure(其他分类4731首340GB(双击进分类)).PackDirStructure(近年热歌(343首14GB)).PackDirStructure(2023年).PackFile(周林枫-忘了.wav), sent

2024-05-28 01:48:50,358 <requestor-worker-0:2072188, MainThread:140581993367360> (requestor.py:_fetch_single_sync:156 -> middleware.py:apply_sync:93) from logger `RFC.middleware_content_saver`
[INFO] applying on PackDirStructure(root).PackDirStructure(WAV格式音乐6278首250GB(双击进分类)).PackDirStructure(其他分类4731首340GB(双击进分类)).PackDirStructure(近年热歌(343首14GB)).PackDirStructure(2023年).PackFile(周杰伦-蒲公英的约定.wav), received

2024-05-28 01:48:51,829 <requestor-worker-0:2072188, MainThread:140581993367360> (requestor.py:_fetch_single_sync:156 -> middleware.py:apply_sync:96) from logger `RFC.middleware_content_saver`
[INFO] applied on PackDirStructure(root).PackDirStructure(WAV格式音乐6278首250GB(双击进分类)).PackDirStructure(其他分类4731首340GB(双击进分类)).PackDirStructure(近年热歌(343首14GB)).PackDirStructure(2023年).PackFile(周杰伦-蒲公英的约定.wav), sent

2024-05-28 01:51:05,668 <requestor-worker-0:2072188, MainThread:140581993367360> (requestor.py:_fetch_single_sync:156 -> middleware.py:apply_sync:93) from logger `RFC.middleware_content_saver`
[INFO] applying on PackDirStructure(root).PackDirStructure(WAV格式音乐6278首250GB(双击进分类)).PackDirStructure(其他分类4731首340GB(双击进分类)).PackDirStructure(近年热歌(343首14GB)).PackDirStructure(2023年).PackFile(周杰伦-烟花易冷.wav), received

2024-05-28 01:51:07,821 <requestor-worker-0:2072188, MainThread:140581993367360> (requestor.py:_fetch_single_sync:156 -> middleware.py:apply_sync:96) from logger `RFC.middleware_content_saver`
[INFO] applied on PackDirStructure(root).PackDirStructure(WAV格式音乐6278首250GB(双击进分类)).PackDirStructure(其他分类4731首340GB(双击进分类)).PackDirStructure(近年热歌(343首14GB)).PackDirStructure(2023年).PackFile(周杰伦-烟花易冷.wav), sent

2024-05-28 01:53:05,466 <requestor-worker-0:2072188, MainThread:140581993367360> (requestor.py:_fetch_single_sync:156 -> middleware.py:apply_sync:93) from logger `RFC.middleware_content_saver`
[INFO] applying on PackDirStructure(root).PackDirStructure(WAV格式音乐6278首250GB(双击进分类)).PackDirStructure(其他分类4731首340GB(双击进分类)).PackDirStructure(近年热歌(343首14GB)).PackDirStructure(2023年).PackFile(周杰伦-我落泪情绪零碎.wav), received

2024-05-28 01:53:06,807 <requestor-worker-0:2072188, MainThread:140581993367360> (requestor.py:_fetch_single_sync:156 -> middleware.py:apply_sync:96) from logger `RFC.middleware_content_saver`
[INFO] applied on PackDirStructure(root).PackDirStructure(WAV格式音乐6278首250GB(双击进分类)).PackDirStructure(其他分类4731首340GB(双击进分类)).PackDirStructure(近年热歌(343首14GB)).PackDirStructure(2023年).PackFile(周杰伦-我落泪情绪零碎.wav), sent

2024-05-28 01:55:10,984 <requestor-worker-0:2072188, MainThread:140581993367360> (requestor.py:_fetch_single_sync:156 -> middleware.py:apply_sync:93) from logger `RFC.middleware_content_saver`
[INFO] applying on PackDirStructure(root).PackDirStructure(WAV格式音乐6278首250GB(双击进分类)).PackDirStructure(其他分类4731首340GB(双击进分类)).PackDirStructure(近年热歌(343首14GB)).PackDirStructure(2023年).PackFile(周杰伦-七里香.wav), received

2024-05-28 01:55:13,009 <requestor-worker-0:2072188, MainThread:140581993367360> (requestor.py:_fetch_single_sync:156 -> middleware.py:apply_sync:96) from logger `RFC.middleware_content_saver`
[INFO] applied on PackDirStructure(root).PackDirStructure(WAV格式音乐6278首250GB(双击进分类)).PackDirStructure(其他分类4731首340GB(双击进分类)).PackDirStructure(近年热歌(343首14GB)).PackDirStructure(2023年).PackFile(周杰伦-七里香.wav), sent

2024-05-28 01:56:59,136 <requestor-worker-0:2072188, MainThread:140581993367360> (requestor.py:_fetch_single_sync:156 -> middleware.py:apply_sync:93) from logger `RFC.middleware_content_saver`
[INFO] applying on PackDirStructure(root).PackDirStructure(WAV格式音乐6278首250GB(双击进分类)).PackDirStructure(其他分类4731首340GB(双击进分类)).PackDirStructure(近年热歌(343首14GB)).PackDirStructure(2023年).PackFile(周传雄-寂寞沙洲冷.wav), received

2024-05-28 01:57:01,298 <requestor-worker-0:2072188, MainThread:140581993367360> (requestor.py:_fetch_single_sync:156 -> middleware.py:apply_sync:96) from logger `RFC.middleware_content_saver`
[INFO] applied on PackDirStructure(root).PackDirStructure(WAV格式音乐6278首250GB(双击进分类)).PackDirStructure(其他分类4731首340GB(双击进分类)).PackDirStructure(近年热歌(343首14GB)).PackDirStructure(2023年).PackFile(周传雄-寂寞沙洲冷.wav), sent

2024-05-28 01:58:03,957 <requestor-worker-0:2072188, MainThread:140581993367360> (requestor.py:_fetch_single_sync:156 -> middleware.py:apply_sync:93) from logger `RFC.middleware_content_saver`
[INFO] applying on PackDirStructure(root).PackDirStructure(WAV格式音乐6278首250GB(双击进分类)).PackDirStructure(其他分类4731首340GB(双击进分类)).PackDirStructure(近年热歌(343首14GB)).PackDirStructure(2023年).PackFile(半吨兄弟-当爱在靠近.wav), received

2024-05-28 01:58:05,601 <requestor-worker-0:2072188, MainThread:140581993367360> (requestor.py:_fetch_single_sync:156 -> middleware.py:apply_sync:96) from logger `RFC.middleware_content_saver`
[INFO] applied on PackDirStructure(root).PackDirStructure(WAV格式音乐6278首250GB(双击进分类)).PackDirStructure(其他分类4731首340GB(双击进分类)).PackDirStructure(近年热歌(343首14GB)).PackDirStructure(2023年).PackFile(半吨兄弟-当爱在靠近.wav), sent

2024-05-28 01:58:59,339 <requestor-worker-0:2072188, MainThread:140581993367360> (requestor.py:_fetch_single_sync:156 -> middleware.py:apply_sync:93) from logger `RFC.middleware_content_saver`
[INFO] applying on PackDirStructure(root).PackDirStructure(WAV格式音乐6278首250GB(双击进分类)).PackDirStructure(其他分类4731首340GB(双击进分类)).PackDirStructure(近年热歌(343首14GB)).PackDirStructure(2023年).PackFile(刘晓超-想问情深有几许(DJ默涵版).wav), received

2024-05-28 01:59:00,282 <requestor-worker-0:2072188, MainThread:140581993367360> (requestor.py:_fetch_single_sync:156 -> middleware.py:apply_sync:96) from logger `RFC.middleware_content_saver`
[INFO] applied on PackDirStructure(root).PackDirStructure(WAV格式音乐6278首250GB(双击进分类)).PackDirStructure(其他分类4731首340GB(双击进分类)).PackDirStructure(近年热歌(343首14GB)).PackDirStructure(2023年).PackFile(刘晓超-想问情深有几许(DJ默涵版).wav), sent

2024-05-28 02:00:33,694 <requestor-worker-0:2072188, MainThread:140581993367360> (requestor.py:_fetch_single_sync:156 -> middleware.py:apply_sync:93) from logger `RFC.middleware_content_saver`
[INFO] applying on PackDirStructure(root).PackDirStructure(WAV格式音乐6278首250GB(双击进分类)).PackDirStructure(其他分类4731首340GB(双击进分类)).PackDirStructure(近年热歌(343首14GB)).PackDirStructure(2023年).PackFile(凤凰传奇-全是爱.wav), received

2024-05-28 02:00:35,122 <requestor-worker-0:2072188, MainThread:140581993367360> (requestor.py:_fetch_single_sync:156 -> middleware.py:apply_sync:96) from logger `RFC.middleware_content_saver`
[INFO] applied on PackDirStructure(root).PackDirStructure(WAV格式音乐6278首250GB(双击进分类)).PackDirStructure(其他分类4731首340GB(双击进分类)).PackDirStructure(近年热歌(343首14GB)).PackDirStructure(2023年).PackFile(凤凰传奇-全是爱.wav), sent

2024-05-28 02:01:39,092 <requestor-worker-0:2072188, MainThread:140581993367360> (requestor.py:_fetch_single_sync:156 -> middleware.py:apply_sync:93) from logger `RFC.middleware_content_saver`
[INFO] applying on PackDirStructure(root).PackDirStructure(WAV格式音乐6278首250GB(双击进分类)).PackDirStructure(其他分类4731首340GB(双击进分类)).PackDirStructure(近年热歌(343首14GB)).PackDirStructure(2023年).PackFile(侯泽润-一句先苦后甜.wav), received

2024-05-28 02:01:40,060 <requestor-worker-0:2072188, MainThread:140581993367360> (requestor.py:_fetch_single_sync:156 -> middleware.py:apply_sync:96) from logger `RFC.middleware_content_saver`
[INFO] applied on PackDirStructure(root).PackDirStructure(WAV格式音乐6278首250GB(双击进分类)).PackDirStructure(其他分类4731首340GB(双击进分类)).PackDirStructure(近年热歌(343首14GB)).PackDirStructure(2023年).PackFile(侯泽润-一句先苦后甜.wav), sent

2024-05-28 02:02:47,107 <requestor-worker-0:2072188, MainThread:140581993367360> (requestor.py:_fetch_single_sync:156 -> middleware.py:apply_sync:93) from logger `RFC.middleware_content_saver`
[INFO] applying on PackDirStructure(root).PackDirStructure(WAV格式音乐6278首250GB(双击进分类)).PackDirStructure(其他分类4731首340GB(双击进分类)).PackDirStructure(近年热歌(343首14GB)).PackDirStructure(2024年).PackFile(钟镇涛-让一切随风.wav), received

2024-05-28 02:02:48,357 <requestor-worker-0:2072188, MainThread:140581993367360> (requestor.py:_fetch_single_sync:156 -> middleware.py:apply_sync:96) from logger `RFC.middleware_content_saver`
[INFO] applied on PackDirStructure(root).PackDirStructure(WAV格式音乐6278首250GB(双击进分类)).PackDirStructure(其他分类4731首340GB(双击进分类)).PackDirStructure(近年热歌(343首14GB)).PackDirStructure(2024年).PackFile(钟镇涛-让一切随风.wav), sent

2024-05-28 02:03:52,691 <requestor-worker-0:2072188, MainThread:140581993367360> (requestor.py:_fetch_single_sync:156 -> middleware.py:apply_sync:93) from logger `RFC.middleware_content_saver`
[INFO] applying on PackDirStructure(root).PackDirStructure(WAV格式音乐6278首250GB(双击进分类)).PackDirStructure(其他分类4731首340GB(双击进分类)).PackDirStructure(近年热歌(343首14GB)).PackDirStructure(2023年).PackFile(任夏-我拿青春爱错人.wav), received

2024-05-28 02:03:53,903 <requestor-worker-0:2072188, MainThread:140581993367360> (requestor.py:_fetch_single_sync:156 -> middleware.py:apply_sync:96) from logger `RFC.middleware_content_saver`
[INFO] applied on PackDirStructure(root).PackDirStructure(WAV格式音乐6278首250GB(双击进分类)).PackDirStructure(其他分类4731首340GB(双击进分类)).PackDirStructure(近年热歌(343首14GB)).PackDirStructure(2023年).PackFile(任夏-我拿青春爱错人.wav), sent

2024-05-28 02:05:24,986 <requestor-worker-0:2072188, MainThread:140581993367360> (requestor.py:_fetch_single_sync:156 -> middleware.py:apply_sync:93) from logger `RFC.middleware_content_saver`
[INFO] applying on PackDirStructure(root).PackDirStructure(WAV格式音乐6278首250GB(双击进分类)).PackDirStructure(其他分类4731首340GB(双击进分类)).PackDirStructure(近年热歌(343首14GB)).PackDirStructure(2024年).PackFile(王菲-红豆.wav), received

2024-05-28 02:05:27,010 <requestor-worker-0:2072188, MainThread:140581993367360> (requestor.py:_fetch_single_sync:156 -> middleware.py:apply_sync:96) from logger `RFC.middleware_content_saver`
[INFO] applied on PackDirStructure(root).PackDirStructure(WAV格式音乐6278首250GB(双击进分类)).PackDirStructure(其他分类4731首340GB(双击进分类)).PackDirStructure(近年热歌(343首14GB)).PackDirStructure(2024年).PackFile(王菲-红豆.wav), sent

2024-05-28 02:07:28,132 <requestor-worker-0:2072188, MainThread:140581993367360> (requestor.py:_fetch_single_sync:156 -> middleware.py:apply_sync:93) from logger `RFC.middleware_content_saver`
[INFO] applying on PackDirStructure(root).PackDirStructure(WAV格式音乐6278首250GB(双击进分类)).PackDirStructure(其他分类4731首340GB(双击进分类)).PackDirStructure(近年热歌(343首14GB)).PackDirStructure(2023年).PackFile(于果-侧脸.wav), received

2024-05-28 02:07:29,978 <requestor-worker-0:2072188, MainThread:140581993367360> (requestor.py:_fetch_single_sync:156 -> middleware.py:apply_sync:96) from logger `RFC.middleware_content_saver`
[INFO] applied on PackDirStructure(root).PackDirStructure(WAV格式音乐6278首250GB(双击进分类)).PackDirStructure(其他分类4731首340GB(双击进分类)).PackDirStructure(近年热歌(343首14GB)).PackDirStructure(2023年).PackFile(于果-侧脸.wav), sent

2024-05-28 02:09:06,986 <requestor-worker-0:2072188, MainThread:140581993367360> (requestor.py:_fetch_single_sync:156 -> middleware.py:apply_sync:93) from logger `RFC.middleware_content_saver`
[INFO] applying on PackDirStructure(root).PackDirStructure(WAV格式音乐6278首250GB(双击进分类)).PackDirStructure(其他分类4731首340GB(双击进分类)).PackDirStructure(近年热歌(343首14GB)).PackDirStructure(2023年).PackFile(丹正母子-乌兰巴托的夜(丹正母子版).wav), received

2024-05-28 02:09:09,371 <requestor-worker-0:2072188, MainThread:140581993367360> (requestor.py:_fetch_single_sync:156 -> middleware.py:apply_sync:96) from logger `RFC.middleware_content_saver`
[INFO] applied on PackDirStructure(root).PackDirStructure(WAV格式音乐6278首250GB(双击进分类)).PackDirStructure(其他分类4731首340GB(双击进分类)).PackDirStructure(近年热歌(343首14GB)).PackDirStructure(2023年).PackFile(丹正母子-乌兰巴托的夜(丹正母子版).wav), sent

2024-05-28 02:09:50,583 <requestor-worker-0:2072188, MainThread:140581993367360> (requestor.py:_fetch_single_sync:156 -> middleware.py:apply_sync:93) from logger `RFC.middleware_content_saver`
[INFO] applying on PackDirStructure(root).PackDirStructure(WAV格式音乐6278首250GB(双击进分类)).PackDirStructure(其他分类4731首340GB(双击进分类)).PackDirStructure(近年热歌(343首14GB)).PackDirStructure(2023年).PackFile(一只白羊-等不到的你(DJAh版).wav), received

2024-05-28 02:09:51,990 <requestor-worker-0:2072188, MainThread:140581993367360> (requestor.py:_fetch_single_sync:156 -> middleware.py:apply_sync:96) from logger `RFC.middleware_content_saver`
[INFO] applied on PackDirStructure(root).PackDirStructure(WAV格式音乐6278首250GB(双击进分类)).PackDirStructure(其他分类4731首340GB(双击进分类)).PackDirStructure(近年热歌(343首14GB)).PackDirStructure(2023年).PackFile(一只白羊-等不到的你(DJAh版).wav), sent

2024-05-28 02:11:13,561 <requestor-worker-0:2072188, MainThread:140581993367360> (requestor.py:_fetch_single_sync:156 -> middleware.py:apply_sync:93) from logger `RFC.middleware_content_saver`
[INFO] applying on PackDirStructure(root).PackDirStructure(WAV格式音乐6278首250GB(双击进分类)).PackDirStructure(其他分类4731首340GB(双击进分类)).PackDirStructure(近年热歌(343首14GB)).PackDirStructure(2023年).PackFile(Zyboy忠宇-妈妈的话.wav), received

2024-05-28 02:11:15,568 <requestor-worker-0:2072188, MainThread:140581993367360> (requestor.py:_fetch_single_sync:156 -> middleware.py:apply_sync:96) from logger `RFC.middleware_content_saver`
[INFO] applied on PackDirStructure(root).PackDirStructure(WAV格式音乐6278首250GB(双击进分类)).PackDirStructure(其他分类4731首340GB(双击进分类)).PackDirStructure(近年热歌(343首14GB)).PackDirStructure(2023年).PackFile(Zyboy忠宇-妈妈的话.wav), sent

2024-05-28 02:12:33,488 <requestor-worker-0:2072188, MainThread:140581993367360> (requestor.py:_fetch_single_sync:156 -> middleware.py:apply_sync:93) from logger `RFC.middleware_content_saver`
[INFO] applying on PackDirStructure(root).PackDirStructure(WAV格式音乐6278首250GB(双击进分类)).PackDirStructure(其他分类4731首340GB(双击进分类)).PackDirStructure(近年热歌(343首14GB)).PackDirStructure(2024年).PackFile(岑宁儿-追光者.wav), received

2024-05-28 02:12:34,771 <requestor-worker-0:2072188, MainThread:140581993367360> (requestor.py:_fetch_single_sync:156 -> middleware.py:apply_sync:96) from logger `RFC.middleware_content_saver`
[INFO] applied on PackDirStructure(root).PackDirStructure(WAV格式音乐6278首250GB(双击进分类)).PackDirStructure(其他分类4731首340GB(双击进分类)).PackDirStructure(近年热歌(343首14GB)).PackDirStructure(2024年).PackFile(岑宁儿-追光者.wav), sent

2024-05-28 02:13:32,196 <requestor-worker-0:2072188, MainThread:140581993367360> (requestor.py:_fetch_single_sync:156 -> middleware.py:apply_sync:93) from logger `RFC.middleware_content_saver`
[INFO] applying on PackDirStructure(root).PackDirStructure(WAV格式音乐6278首250GB(双击进分类)).PackDirStructure(其他分类4731首340GB(双击进分类)).PackDirStructure(近年热歌(343首14GB)).PackDirStructure(2024年).PackFile(周杰伦-圣诞星 (feat. 杨瑞代).wav), received

2024-05-28 02:13:33,943 <requestor-worker-0:2072188, MainThread:140581993367360> (requestor.py:_fetch_single_sync:156 -> middleware.py:apply_sync:96) from logger `RFC.middleware_content_saver`
[INFO] applied on PackDirStructure(root).PackDirStructure(WAV格式音乐6278首250GB(双击进分类)).PackDirStructure(其他分类4731首340GB(双击进分类)).PackDirStructure(近年热歌(343首14GB)).PackDirStructure(2024年).PackFile(周杰伦-圣诞星 (feat. 杨瑞代).wav), sent

2024-05-28 02:14:28,904 <requestor-worker-0:2072188, MainThread:140581993367360> (requestor.py:_fetch_single_sync:156 -> middleware.py:apply_sync:93) from logger `RFC.middleware_content_saver`
[INFO] applying on PackDirStructure(root).PackDirStructure(WAV格式音乐6278首250GB(双击进分类)).PackDirStructure(其他分类4731首340GB(双击进分类)).PackDirStructure(近年热歌(343首14GB)).PackDirStructure(2024年).PackFile(吖毛-回不去的何止时间.wav), received

2024-05-28 02:14:29,777 <requestor-worker-0:2072188, MainThread:140581993367360> (requestor.py:_fetch_single_sync:156 -> middleware.py:apply_sync:96) from logger `RFC.middleware_content_saver`
[INFO] applied on PackDirStructure(root).PackDirStructure(WAV格式音乐6278首250GB(双击进分类)).PackDirStructure(其他分类4731首340GB(双击进分类)).PackDirStructure(近年热歌(343首14GB)).PackDirStructure(2024年).PackFile(吖毛-回不去的何止时间.wav), sent

2024-05-28 02:15:38,190 <requestor-worker-0:2072188, MainThread:140581993367360> (requestor.py:_fetch_single_sync:156 -> middleware.py:apply_sync:93) from logger `RFC.middleware_content_saver`
[INFO] applying on PackDirStructure(root).PackDirStructure(WAV格式音乐6278首250GB(双击进分类)).PackDirStructure(其他分类4731首340GB(双击进分类)).PackDirStructure(近年热歌(343首14GB)).PackDirStructure(2024年).PackFile(吕口口-希望你被这个世界爱着.wav), received

2024-05-28 02:15:39,396 <requestor-worker-0:2072188, MainThread:140581993367360> (requestor.py:_fetch_single_sync:156 -> middleware.py:apply_sync:96) from logger `RFC.middleware_content_saver`
[INFO] applied on PackDirStructure(root).PackDirStructure(WAV格式音乐6278首250GB(双击进分类)).PackDirStructure(其他分类4731首340GB(双击进分类)).PackDirStructure(近年热歌(343首14GB)).PackDirStructure(2024年).PackFile(吕口口-希望你被这个世界爱着.wav), sent

2024-05-28 02:16:29,667 <requestor-worker-0:2072188, MainThread:140581993367360> (requestor.py:_fetch_single_sync:156 -> middleware.py:apply_sync:93) from logger `RFC.middleware_content_saver`
[INFO] applying on PackDirStructure(root).PackDirStructure(WAV格式音乐6278首250GB(双击进分类)).PackDirStructure(其他分类4731首340GB(双击进分类)).PackDirStructure(近年热歌(343首14GB)).PackDirStructure(2023年).PackFile(DJ小鱼儿-黑桃A.wav), received

2024-05-28 02:16:30,426 <requestor-worker-0:2072188, MainThread:140581993367360> (requestor.py:_fetch_single_sync:156 -> middleware.py:apply_sync:96) from logger `RFC.middleware_content_saver`
[INFO] applied on PackDirStructure(root).PackDirStructure(WAV格式音乐6278首250GB(双击进分类)).PackDirStructure(其他分类4731首340GB(双击进分类)).PackDirStructure(近年热歌(343首14GB)).PackDirStructure(2023年).PackFile(DJ小鱼儿-黑桃A.wav), sent

2024-05-28 02:18:09,453 <requestor-worker-0:2072188, MainThread:140581993367360> (requestor.py:_fetch_single_sync:156 -> middleware.py:apply_sync:93) from logger `RFC.middleware_content_saver`
[INFO] applying on PackDirStructure(root).PackDirStructure(WAV格式音乐6278首250GB(双击进分类)).PackDirStructure(其他分类4731首340GB(双击进分类)).PackDirStructure(近年热歌(343首14GB)).PackDirStructure(2023年).PackFile(Beyond-海阔天空.wav), received

2024-05-28 02:18:11,530 <requestor-worker-0:2072188, MainThread:140581993367360> (requestor.py:_fetch_single_sync:156 -> middleware.py:apply_sync:96) from logger `RFC.middleware_content_saver`
[INFO] applied on PackDirStructure(root).PackDirStructure(WAV格式音乐6278首250GB(双击进分类)).PackDirStructure(其他分类4731首340GB(双击进分类)).PackDirStructure(近年热歌(343首14GB)).PackDirStructure(2023年).PackFile(Beyond-海阔天空.wav), sent

2024-05-28 02:18:52,759 <requestor-worker-0:2072188, MainThread:140581993367360> (requestor.py:_fetch_single_sync:156 -> middleware.py:apply_sync:93) from logger `RFC.middleware_content_saver`
[INFO] applying on PackDirStructure(root).PackDirStructure(WAV格式音乐6278首250GB(双击进分类)).PackDirStructure(其他分类4731首340GB(双击进分类)).PackDirStructure(近年热歌(343首14GB)).PackDirStructure(2024年).PackFile(L（桃籽）&周林枫&三楠-晚风作酒.wav), received

2024-05-28 02:18:53,639 <requestor-worker-0:2072188, MainThread:140581993367360> (requestor.py:_fetch_single_sync:156 -> middleware.py:apply_sync:96) from logger `RFC.middleware_content_saver`
[INFO] applied on PackDirStructure(root).PackDirStructure(WAV格式音乐6278首250GB(双击进分类)).PackDirStructure(其他分类4731首340GB(双击进分类)).PackDirStructure(近年热歌(343首14GB)).PackDirStructure(2024年).PackFile(L（桃籽）&周林枫&三楠-晚风作酒.wav), sent

2024-05-28 02:20:25,290 <requestor-worker-0:2072188, MainThread:140581993367360> (requestor.py:_fetch_single_sync:156 -> middleware.py:apply_sync:93) from logger `RFC.middleware_content_saver`
[INFO] applying on PackDirStructure(root).PackDirStructure(AVI视频3760首226GB(双击进分类)).PackDirStructure(经典歌曲MV视频(42首1.9GB)).PackFile(陈钰芸-瞬间救地球.avi), received

2024-05-28 02:20:27,454 <requestor-worker-0:2072188, MainThread:140581993367360> (requestor.py:_fetch_single_sync:156 -> middleware.py:apply_sync:96) from logger `RFC.middleware_content_saver`
[INFO] applied on PackDirStructure(root).PackDirStructure(AVI视频3760首226GB(双击进分类)).PackDirStructure(经典歌曲MV视频(42首1.9GB)).PackFile(陈钰芸-瞬间救地球.avi), sent

2024-05-28 02:21:53,226 <requestor-worker-0:2072188, MainThread:140581993367360> (requestor.py:_fetch_single_sync:156 -> middleware.py:apply_sync:93) from logger `RFC.middleware_content_saver`
[INFO] applying on PackDirStructure(root).PackDirStructure(AVI视频3760首226GB(双击进分类)).PackDirStructure(经典歌曲MV视频(42首1.9GB)).PackFile(陈洁丽-挂念.avi), received

2024-05-28 02:21:54,889 <requestor-worker-0:2072188, MainThread:140581993367360> (requestor.py:_fetch_single_sync:156 -> middleware.py:apply_sync:96) from logger `RFC.middleware_content_saver`
[INFO] applied on PackDirStructure(root).PackDirStructure(AVI视频3760首226GB(双击进分类)).PackDirStructure(经典歌曲MV视频(42首1.9GB)).PackFile(陈洁丽-挂念.avi), sent

2024-05-28 02:23:08,585 <requestor-worker-0:2072188, MainThread:140581993367360> (requestor.py:_fetch_single_sync:156 -> middleware.py:apply_sync:93) from logger `RFC.middleware_content_saver`
[INFO] applying on PackDirStructure(root).PackDirStructure(AVI视频3760首226GB(双击进分类)).PackDirStructure(经典歌曲MV视频(42首1.9GB)).PackFile(陈思涵-兵马乱.avi), received

2024-05-28 02:23:09,847 <requestor-worker-0:2072188, MainThread:140581993367360> (requestor.py:_fetch_single_sync:156 -> middleware.py:apply_sync:96) from logger `RFC.middleware_content_saver`
[INFO] applied on PackDirStructure(root).PackDirStructure(AVI视频3760首226GB(双击进分类)).PackDirStructure(经典歌曲MV视频(42首1.9GB)).PackFile(陈思涵-兵马乱.avi), sent

2024-05-28 02:24:27,786 <requestor-worker-0:2072188, MainThread:140581993367360> (requestor.py:_fetch_single_sync:156 -> middleware.py:apply_sync:93) from logger `RFC.middleware_content_saver`
[INFO] applying on PackDirStructure(root).PackDirStructure(AVI视频3760首226GB(双击进分类)).PackDirStructure(经典歌曲MV视频(42首1.9GB)).PackFile(陈兴瑜-你hold住吗.avi), received

2024-05-28 02:24:28,909 <requestor-worker-0:2072188, MainThread:140581993367360> (requestor.py:_fetch_single_sync:156 -> middleware.py:apply_sync:96) from logger `RFC.middleware_content_saver`
[INFO] applied on PackDirStructure(root).PackDirStructure(AVI视频3760首226GB(双击进分类)).PackDirStructure(经典歌曲MV视频(42首1.9GB)).PackFile(陈兴瑜-你hold住吗.avi), sent

2024-05-28 02:25:17,234 <requestor-worker-0:2072188, MainThread:140581993367360> (requestor.py:_fetch_single_sync:156 -> middleware.py:apply_sync:93) from logger `RFC.middleware_content_saver`
[INFO] applying on PackDirStructure(root).PackDirStructure(AVI视频3760首226GB(双击进分类)).PackDirStructure(经典歌曲MV视频(42首1.9GB)).PackFile(程响-出卖我.avi), received

2024-05-28 02:25:18,179 <requestor-worker-0:2072188, MainThread:140581993367360> (requestor.py:_fetch_single_sync:156 -> middleware.py:apply_sync:96) from logger `RFC.middleware_content_saver`
[INFO] applied on PackDirStructure(root).PackDirStructure(AVI视频3760首226GB(双击进分类)).PackDirStructure(经典歌曲MV视频(42首1.9GB)).PackFile(程响-出卖我.avi), sent

2024-05-28 02:26:49,430 <requestor-worker-0:2072188, MainThread:140581993367360> (requestor.py:_fetch_single_sync:156 -> middleware.py:apply_sync:93) from logger `RFC.middleware_content_saver`
[INFO] applying on PackDirStructure(root).PackDirStructure(AVI视频3760首226GB(双击进分类)).PackDirStructure(经典歌曲MV视频(42首1.9GB)).PackFile(成方圆-大海啊故乡.avi), received

2024-05-28 02:26:51,569 <requestor-worker-0:2072188, MainThread:140581993367360> (requestor.py:_fetch_single_sync:156 -> middleware.py:apply_sync:96) from logger `RFC.middleware_content_saver`
[INFO] applied on PackDirStructure(root).PackDirStructure(AVI视频3760首226GB(双击进分类)).PackDirStructure(经典歌曲MV视频(42首1.9GB)).PackFile(成方圆-大海啊故乡.avi), sent

2024-05-28 02:28:04,387 <requestor-worker-0:2072188, MainThread:140581993367360> (requestor.py:_fetch_single_sync:156 -> middleware.py:apply_sync:93) from logger `RFC.middleware_content_saver`
[INFO] applying on PackDirStructure(root).PackDirStructure(AVI视频3760首226GB(双击进分类)).PackDirStructure(经典歌曲MV视频(42首1.9GB)).PackFile(初音ミク-ブラックゴール.avi), received

2024-05-28 02:28:05,940 <requestor-worker-0:2072188, MainThread:140581993367360> (requestor.py:_fetch_single_sync:156 -> middleware.py:apply_sync:96) from logger `RFC.middleware_content_saver`
[INFO] applied on PackDirStructure(root).PackDirStructure(AVI视频3760首226GB(双击进分类)).PackDirStructure(经典歌曲MV视频(42首1.9GB)).PackFile(初音ミク-ブラックゴール.avi), sent

2024-05-28 02:29:50,472 <requestor-worker-0:2072188, MainThread:140581993367360> (requestor.py:_fetch_single_sync:156 -> middleware.py:apply_sync:93) from logger `RFC.middleware_content_saver`
[INFO] applying on PackDirStructure(root).PackDirStructure(AVI视频3760首226GB(双击进分类)).PackDirStructure(情歌对唱MV视频(280首13.3GB)).PackFile(188-钟舒漫&钟舒祺-SS14.avi), received

2024-05-28 02:29:52,379 <requestor-worker-0:2072188, MainThread:140581993367360> (requestor.py:_fetch_single_sync:156 -> middleware.py:apply_sync:96) from logger `RFC.middleware_content_saver`
[INFO] applied on PackDirStructure(root).PackDirStructure(AVI视频3760首226GB(双击进分类)).PackDirStructure(情歌对唱MV视频(280首13.3GB)).PackFile(188-钟舒漫&钟舒祺-SS14.avi), sent

2024-05-28 02:30:59,749 <requestor-worker-0:2072188, MainThread:140581993367360> (requestor.py:_fetch_single_sync:156 -> middleware.py:apply_sync:93) from logger `RFC.middleware_content_saver`
[INFO] applying on PackDirStructure(root).PackDirStructure(WAV格式音乐6278首250GB(双击进分类)).PackDirStructure(其他分类4731首340GB(双击进分类)).PackDirStructure(近年欧美热歌(99首3.1GB)).PackFile(XG-PUPPET SHOW.wav), received

2024-05-28 02:31:00,587 <requestor-worker-0:2072188, MainThread:140581993367360> (requestor.py:_fetch_single_sync:156 -> middleware.py:apply_sync:96) from logger `RFC.middleware_content_saver`
[INFO] applied on PackDirStructure(root).PackDirStructure(WAV格式音乐6278首250GB(双击进分类)).PackDirStructure(其他分类4731首340GB(双击进分类)).PackDirStructure(近年欧美热歌(99首3.1GB)).PackFile(XG-PUPPET SHOW.wav), sent

2024-05-28 02:31:30,560 <requestor-worker-0:2072188, MainThread:140581993367360> (requestor.py:_fetch_single_sync:156 -> middleware.py:apply_sync:93) from logger `RFC.middleware_content_saver`
[INFO] applying on PackDirStructure(root).PackDirStructure(WAV格式音乐6278首250GB(双击进分类)).PackDirStructure(其他分类4731首340GB(双击进分类)).PackDirStructure(近年欧美热歌(99首3.1GB)).PackFile(VØJ&Narvent-HEAR ME(Explicit).wav), received

2024-05-28 02:31:31,179 <requestor-worker-0:2072188, MainThread:140581993367360> (requestor.py:_fetch_single_sync:156 -> middleware.py:apply_sync:96) from logger `RFC.middleware_content_saver`
[INFO] applied on PackDirStructure(root).PackDirStructure(WAV格式音乐6278首250GB(双击进分类)).PackDirStructure(其他分类4731首340GB(双击进分类)).PackDirStructure(近年欧美热歌(99首3.1GB)).PackFile(VØJ&Narvent-HEAR ME(Explicit).wav), sent

2024-05-28 02:32:00,031 <requestor-worker-0:2072188, MainThread:140581993367360> (requestor.py:_fetch_single_sync:156 -> middleware.py:apply_sync:93) from logger `RFC.middleware_content_saver`
[INFO] applying on PackDirStructure(root).PackDirStructure(WAV格式音乐6278首250GB(双击进分类)).PackDirStructure(其他分类4731首340GB(双击进分类)).PackDirStructure(近年欧美热歌(99首3.1GB)).PackFile(Tình yêu và-Shadow Of The Sun(0.8X降调版).wav), received

2024-05-28 02:32:00,616 <requestor-worker-0:2072188, MainThread:140581993367360> (requestor.py:_fetch_single_sync:156 -> middleware.py:apply_sync:96) from logger `RFC.middleware_content_saver`
[INFO] applied on PackDirStructure(root).PackDirStructure(WAV格式音乐6278首250GB(双击进分类)).PackDirStructure(其他分类4731首340GB(双击进分类)).PackDirStructure(近年欧美热歌(99首3.1GB)).PackFile(Tình yêu và-Shadow Of The Sun(0.8X降调版).wav), sent

2024-05-28 02:32:54,487 <requestor-worker-0:2072188, MainThread:140581993367360> (requestor.py:_fetch_single_sync:156 -> middleware.py:apply_sync:93) from logger `RFC.middleware_content_saver`
[INFO] applying on PackDirStructure(root).PackDirStructure(WAV格式音乐6278首250GB(双击进分类)).PackDirStructure(其他分类4731首340GB(双击进分类)).PackDirStructure(近年欧美热歌(99首3.1GB)).PackFile(Taylor Swift-We Are Never Ever Getting Back Together(Taylor's Version).wav), received

2024-05-28 02:32:55,419 <requestor-worker-0:2072188, MainThread:140581993367360> (requestor.py:_fetch_single_sync:156 -> middleware.py:apply_sync:96) from logger `RFC.middleware_content_saver`
[INFO] applied on PackDirStructure(root).PackDirStructure(WAV格式音乐6278首250GB(双击进分类)).PackDirStructure(其他分类4731首340GB(双击进分类)).PackDirStructure(近年欧美热歌(99首3.1GB)).PackFile(Taylor Swift-We Are Never Ever Getting Back Together(Taylor's Version).wav), sent

2024-05-28 02:33:55,966 <requestor-worker-0:2072188, MainThread:140581993367360> (requestor.py:_fetch_single_sync:156 -> middleware.py:apply_sync:93) from logger `RFC.middleware_content_saver`
[INFO] applying on PackDirStructure(root).PackDirStructure(WAV格式音乐6278首250GB(双击进分类)).PackDirStructure(其他分类4731首340GB(双击进分类)).PackDirStructure(近年欧美热歌(99首3.1GB)).PackFile(Taylor Swift-I Knew You Were Trouble(Taylor's Version).wav), received

2024-05-28 02:33:56,562 <requestor-worker-0:2072188, MainThread:140581993367360> (requestor.py:_fetch_single_sync:156 -> middleware.py:apply_sync:96) from logger `RFC.middleware_content_saver`
[INFO] applied on PackDirStructure(root).PackDirStructure(WAV格式音乐6278首250GB(双击进分类)).PackDirStructure(其他分类4731首340GB(双击进分类)).PackDirStructure(近年欧美热歌(99首3.1GB)).PackFile(Taylor Swift-I Knew You Were Trouble(Taylor's Version).wav), sent

2024-05-28 02:35:03,367 <requestor-worker-0:2072188, MainThread:140581993367360> (requestor.py:_fetch_single_sync:156 -> middleware.py:apply_sync:93) from logger `RFC.middleware_content_saver`
[INFO] applying on PackDirStructure(root).PackDirStructure(WAV格式音乐6278首250GB(双击进分类)).PackDirStructure(其他分类4731首340GB(双击进分类)).PackDirStructure(近年欧美热歌(99首3.1GB)).PackFile(Steve Aoki&林俊杰-The Show (with JJ Lin).wav), received

2024-05-28 02:35:04,668 <requestor-worker-0:2072188, MainThread:140581993367360> (requestor.py:_fetch_single_sync:156 -> middleware.py:apply_sync:96) from logger `RFC.middleware_content_saver`
[INFO] applied on PackDirStructure(root).PackDirStructure(WAV格式音乐6278首250GB(双击进分类)).PackDirStructure(其他分类4731首340GB(双击进分类)).PackDirStructure(近年欧美热歌(99首3.1GB)).PackFile(Steve Aoki&林俊杰-The Show (with JJ Lin).wav), sent

2024-05-28 02:36:12,026 <requestor-worker-0:2072188, MainThread:140581993367360> (requestor.py:_fetch_single_sync:156 -> middleware.py:apply_sync:93) from logger `RFC.middleware_content_saver`
[INFO] applying on PackDirStructure(root).PackDirStructure(WAV格式音乐6278首250GB(双击进分类)).PackDirStructure(其他分类4731首340GB(双击进分类)).PackDirStructure(近年欧美热歌(99首3.1GB)).PackFile(P!nk-All Out Of Fight.wav), received

2024-05-28 02:36:13,013 <requestor-worker-0:2072188, MainThread:140581993367360> (requestor.py:_fetch_single_sync:156 -> middleware.py:apply_sync:96) from logger `RFC.middleware_content_saver`
[INFO] applied on PackDirStructure(root).PackDirStructure(WAV格式音乐6278首250GB(双击进分类)).PackDirStructure(其他分类4731首340GB(双击进分类)).PackDirStructure(近年欧美热歌(99首3.1GB)).PackFile(P!nk-All Out Of Fight.wav), sent

2024-05-28 02:37:00,125 <requestor-worker-0:2072188, MainThread:140581993367360> (requestor.py:_fetch_single_sync:156 -> middleware.py:apply_sync:93) from logger `RFC.middleware_content_saver`
[INFO] applying on PackDirStructure(root).PackDirStructure(WAV格式音乐6278首250GB(双击进分类)).PackDirStructure(其他分类4731首340GB(双击进分类)).PackDirStructure(近年欧美热歌(99首3.1GB)).PackFile(Max Oazo-Cheri Cheri Lady.wav), received

2024-05-28 02:37:00,764 <requestor-worker-0:2072188, MainThread:140581993367360> (requestor.py:_fetch_single_sync:156 -> middleware.py:apply_sync:96) from logger `RFC.middleware_content_saver`
[INFO] applied on PackDirStructure(root).PackDirStructure(WAV格式音乐6278首250GB(双击进分类)).PackDirStructure(其他分类4731首340GB(双击进分类)).PackDirStructure(近年欧美热歌(99首3.1GB)).PackFile(Max Oazo-Cheri Cheri Lady.wav), sent

2024-05-28 02:37:47,984 <requestor-worker-0:2072188, MainThread:140581993367360> (requestor.py:_fetch_single_sync:156 -> middleware.py:apply_sync:93) from logger `RFC.middleware_content_saver`
[INFO] applying on PackDirStructure(root).PackDirStructure(WAV格式音乐6278首250GB(双击进分类)).PackDirStructure(其他分类4731首340GB(双击进分类)).PackDirStructure(近年欧美热歌(99首3.1GB)).PackFile(Lil Tjay-Scared 2 Be Lonely.wav), received

2024-05-28 02:37:49,023 <requestor-worker-0:2072188, MainThread:140581993367360> (requestor.py:_fetch_single_sync:156 -> middleware.py:apply_sync:96) from logger `RFC.middleware_content_saver`
[INFO] applied on PackDirStructure(root).PackDirStructure(WAV格式音乐6278首250GB(双击进分类)).PackDirStructure(其他分类4731首340GB(双击进分类)).PackDirStructure(近年欧美热歌(99首3.1GB)).PackFile(Lil Tjay-Scared 2 Be Lonely.wav), sent

2024-05-28 02:38:32,865 <requestor-worker-0:2072188, MainThread:140581993367360> (requestor.py:_fetch_single_sync:156 -> middleware.py:apply_sync:93) from logger `RFC.middleware_content_saver`
[INFO] applying on PackDirStructure(root).PackDirStructure(WAV格式音乐6278首250GB(双击进分类)).PackDirStructure(其他分类4731首340GB(双击进分类)).PackDirStructure(近年欧美热歌(99首3.1GB)).PackFile(Jack Harlow-Lovin On Me(Explicit).wav), received

2024-05-28 02:38:33,593 <requestor-worker-0:2072188, MainThread:140581993367360> (requestor.py:_fetch_single_sync:156 -> middleware.py:apply_sync:96) from logger `RFC.middleware_content_saver`
[INFO] applied on PackDirStructure(root).PackDirStructure(WAV格式音乐6278首250GB(双击进分类)).PackDirStructure(其他分类4731首340GB(双击进分类)).PackDirStructure(近年欧美热歌(99首3.1GB)).PackFile(Jack Harlow-Lovin On Me(Explicit).wav), sent

2024-05-28 02:39:48,871 <requestor-worker-0:2072188, MainThread:140581993367360> (requestor.py:_fetch_single_sync:156 -> middleware.py:apply_sync:93) from logger `RFC.middleware_content_saver`
[INFO] applying on PackDirStructure(root).PackDirStructure(WAV格式音乐6278首250GB(双击进分类)).PackDirStructure(其他分类4731首340GB(双击进分类)).PackDirStructure(近年欧美热歌(99首3.1GB)).PackFile(Guns N' Roses-The General.wav), received

2024-05-28 02:39:51,053 <requestor-worker-0:2072188, MainThread:140581993367360> (requestor.py:_fetch_single_sync:156 -> middleware.py:apply_sync:96) from logger `RFC.middleware_content_saver`
[INFO] applied on PackDirStructure(root).PackDirStructure(WAV格式音乐6278首250GB(双击进分类)).PackDirStructure(其他分类4731首340GB(双击进分类)).PackDirStructure(近年欧美热歌(99首3.1GB)).PackFile(Guns N' Roses-The General.wav), sent

2024-05-28 02:40:45,688 <requestor-worker-0:2072188, MainThread:140581993367360> (requestor.py:_fetch_single_sync:156 -> middleware.py:apply_sync:93) from logger `RFC.middleware_content_saver`
[INFO] applying on PackDirStructure(root).PackDirStructure(WAV格式音乐6278首250GB(双击进分类)).PackDirStructure(其他分类4731首340GB(双击进分类)).PackDirStructure(近年欧美热歌(99首3.1GB)).PackFile(G Herbo&24KGoldn&Kane Brown-My City.wav), received

2024-05-28 02:40:46,496 <requestor-worker-0:2072188, MainThread:140581993367360> (requestor.py:_fetch_single_sync:156 -> middleware.py:apply_sync:96) from logger `RFC.middleware_content_saver`
[INFO] applied on PackDirStructure(root).PackDirStructure(WAV格式音乐6278首250GB(双击进分类)).PackDirStructure(其他分类4731首340GB(双击进分类)).PackDirStructure(近年欧美热歌(99首3.1GB)).PackFile(G Herbo&24KGoldn&Kane Brown-My City.wav), sent

2024-05-28 02:42:10,178 <requestor-worker-0:2072188, MainThread:140581993367360> (requestor.py:_fetch_single_sync:156 -> middleware.py:apply_sync:93) from logger `RFC.middleware_content_saver`
[INFO] applying on PackDirStructure(root).PackDirStructure(WAV格式音乐6278首250GB(双击进分类)).PackDirStructure(其他分类4731首340GB(双击进分类)).PackDirStructure(近年欧美热歌(99首3.1GB)).PackFile(Doja Cat-Paint The Town Red(Explicit).wav), received

2024-05-28 02:42:11,122 <requestor-worker-0:2072188, MainThread:140581993367360> (requestor.py:_fetch_single_sync:156 -> middleware.py:apply_sync:96) from logger `RFC.middleware_content_saver`
[INFO] applied on PackDirStructure(root).PackDirStructure(WAV格式音乐6278首250GB(双击进分类)).PackDirStructure(其他分类4731首340GB(双击进分类)).PackDirStructure(近年欧美热歌(99首3.1GB)).PackFile(Doja Cat-Paint The Town Red(Explicit).wav), sent

2024-05-28 02:42:58,930 <requestor-worker-0:2072188, MainThread:140581993367360> (requestor.py:_fetch_single_sync:156 -> middleware.py:apply_sync:93) from logger `RFC.middleware_content_saver`
[INFO] applying on PackDirStructure(root).PackDirStructure(WAV格式音乐6278首250GB(双击进分类)).PackDirStructure(其他分类4731首340GB(双击进分类)).PackDirStructure(近年欧美热歌(99首3.1GB)).PackFile(Baby Tate&Saweetie-Hey, Mickey!(Explicit).wav), received

2024-05-28 02:42:59,829 <requestor-worker-0:2072188, MainThread:140581993367360> (requestor.py:_fetch_single_sync:156 -> middleware.py:apply_sync:96) from logger `RFC.middleware_content_saver`
[INFO] applied on PackDirStructure(root).PackDirStructure(WAV格式音乐6278首250GB(双击进分类)).PackDirStructure(其他分类4731首340GB(双击进分类)).PackDirStructure(近年欧美热歌(99首3.1GB)).PackFile(Baby Tate&Saweetie-Hey, Mickey!(Explicit).wav), sent

2024-05-28 02:44:14,594 <requestor-worker-0:2072188, MainThread:140581993367360> (requestor.py:_fetch_single_sync:156 -> middleware.py:apply_sync:93) from logger `RFC.middleware_content_saver`
[INFO] applying on PackDirStructure(root).PackDirStructure(WAV格式音乐6278首250GB(双击进分类)).PackDirStructure(其他分类4731首340GB(双击进分类)).PackDirStructure(近年欧美热歌(99首3.1GB)).PackFile(Anson Seabra-Heartbreak Souvenirs.wav), received

2024-05-28 02:44:15,571 <requestor-worker-0:2072188, MainThread:140581993367360> (requestor.py:_fetch_single_sync:156 -> middleware.py:apply_sync:96) from logger `RFC.middleware_content_saver`
[INFO] applied on PackDirStructure(root).PackDirStructure(WAV格式音乐6278首250GB(双击进分类)).PackDirStructure(其他分类4731首340GB(双击进分类)).PackDirStructure(近年欧美热歌(99首3.1GB)).PackFile(Anson Seabra-Heartbreak Souvenirs.wav), sent

2024-05-28 02:45:05,183 <requestor-worker-0:2072188, MainThread:140581993367360> (requestor.py:_fetch_single_sync:156 -> middleware.py:apply_sync:93) from logger `RFC.middleware_content_saver`
[INFO] applying on PackDirStructure(root).PackDirStructure(WAV格式音乐6278首250GB(双击进分类)).PackDirStructure(其他分类4731首340GB(双击进分类)).PackDirStructure(近年欧美热歌(99首3.1GB)).PackFile(Alan Walker&Daya-Heart Over Mind.wav), received

2024-05-28 02:45:05,890 <requestor-worker-0:2072188, MainThread:140581993367360> (requestor.py:_fetch_single_sync:156 -> middleware.py:apply_sync:96) from logger `RFC.middleware_content_saver`
[INFO] applied on PackDirStructure(root).PackDirStructure(WAV格式音乐6278首250GB(双击进分类)).PackDirStructure(其他分类4731首340GB(双击进分类)).PackDirStructure(近年欧美热歌(99首3.1GB)).PackFile(Alan Walker&Daya-Heart Over Mind.wav), sent

2024-05-28 02:46:19,526 <requestor-worker-0:2072188, MainThread:140581993367360> (requestor.py:_fetch_single_sync:156 -> middleware.py:apply_sync:93) from logger `RFC.middleware_content_saver`
[INFO] applying on PackDirStructure(root).PackDirStructure(AVI视频3760首226GB(双击进分类)).PackDirStructure(粤语歌曲MV视频(58首2.9GB)).PackFile(陈小春-我不是伟人(《独家记忆》粤语版).avi), received

2024-05-28 02:46:21,566 <requestor-worker-0:2072188, MainThread:140581993367360> (requestor.py:_fetch_single_sync:156 -> middleware.py:apply_sync:96) from logger `RFC.middleware_content_saver`
[INFO] applied on PackDirStructure(root).PackDirStructure(AVI视频3760首226GB(双击进分类)).PackDirStructure(粤语歌曲MV视频(58首2.9GB)).PackFile(陈小春-我不是伟人(《独家记忆》粤语版).avi), sent

2024-05-28 02:48:01,789 <requestor-worker-0:2072188, MainThread:140581993367360> (requestor.py:_fetch_single_sync:156 -> middleware.py:apply_sync:93) from logger `RFC.middleware_content_saver`
[INFO] applying on PackDirStructure(root).PackDirStructure(AVI视频3760首226GB(双击进分类)).PackDirStructure(粤语歌曲MV视频(58首2.9GB)).PackFile(陈奕迅-粤语残片.avi), received

2024-05-28 02:48:03,912 <requestor-worker-0:2072188, MainThread:140581993367360> (requestor.py:_fetch_single_sync:156 -> middleware.py:apply_sync:96) from logger `RFC.middleware_content_saver`
[INFO] applied on PackDirStructure(root).PackDirStructure(AVI视频3760首226GB(双击进分类)).PackDirStructure(粤语歌曲MV视频(58首2.9GB)).PackFile(陈奕迅-粤语残片.avi), sent

2024-05-28 02:49:09,494 <requestor-worker-0:2072188, MainThread:140581993367360> (requestor.py:_fetch_single_sync:156 -> middleware.py:apply_sync:93) from logger `RFC.middleware_content_saver`
[INFO] applying on PackDirStructure(root).PackDirStructure(AVI视频3760首226GB(双击进分类)).PackDirStructure(粤语歌曲MV视频(58首2.9GB)).PackFile(连诗雅-说一句(粤语).avi), received

2024-05-28 02:49:10,536 <requestor-worker-0:2072188, MainThread:140581993367360> (requestor.py:_fetch_single_sync:156 -> middleware.py:apply_sync:96) from logger `RFC.middleware_content_saver`
[INFO] applied on PackDirStructure(root).PackDirStructure(AVI视频3760首226GB(双击进分类)).PackDirStructure(粤语歌曲MV视频(58首2.9GB)).PackFile(连诗雅-说一句(粤语).avi), sent

2024-05-28 02:51:54,362 <requestor-worker-0:2072188, MainThread:140581993367360> (requestor.py:_fetch_single_sync:156 -> middleware.py:apply_sync:93) from logger `RFC.middleware_content_saver`
[INFO] applying on PackDirStructure(root).PackDirStructure(AVI视频3760首226GB(双击进分类)).PackDirStructure(粤语歌曲MV视频(58首2.9GB)).PackFile(王菲-守望麦田 (《百年孤寂》粤语版).avi), received

2024-05-28 02:51:58,049 <requestor-worker-0:2072188, MainThread:140581993367360> (requestor.py:_fetch_single_sync:156 -> middleware.py:apply_sync:96) from logger `RFC.middleware_content_saver`
[INFO] applied on PackDirStructure(root).PackDirStructure(AVI视频3760首226GB(双击进分类)).PackDirStructure(粤语歌曲MV视频(58首2.9GB)).PackFile(王菲-守望麦田 (《百年孤寂》粤语版).avi), sent

2024-05-28 02:53:05,105 <requestor-worker-0:2072188, MainThread:140581993367360> (requestor.py:_fetch_single_sync:156 -> middleware.py:apply_sync:93) from logger `RFC.middleware_content_saver`
[INFO] applying on PackDirStructure(root).PackDirStructure(AVI视频3760首226GB(双击进分类)).PackDirStructure(粤语歌曲MV视频(58首2.9GB)).PackFile(林欣彤-非凡{演唱会版}[粤语][流行].mp4), received

2024-05-28 02:53:06,350 <requestor-worker-0:2072188, MainThread:140581993367360> (requestor.py:_fetch_single_sync:156 -> middleware.py:apply_sync:96) from logger `RFC.middleware_content_saver`
[INFO] applied on PackDirStructure(root).PackDirStructure(AVI视频3760首226GB(双击进分类)).PackDirStructure(粤语歌曲MV视频(58首2.9GB)).PackFile(林欣彤-非凡{演唱会版}[粤语][流行].mp4), sent

2024-05-28 02:53:53,727 <requestor-worker-0:2072188, MainThread:140581993367360> (requestor.py:_fetch_single_sync:156 -> middleware.py:apply_sync:93) from logger `RFC.middleware_content_saver`
[INFO] applying on PackDirStructure(root).PackDirStructure(AVI视频3760首226GB(双击进分类)).PackDirStructure(粤语歌曲MV视频(58首2.9GB)).PackFile(李国祥-摘星的晚上(粤语版).avi), received

2024-05-28 02:53:54,541 <requestor-worker-0:2072188, MainThread:140581993367360> (requestor.py:_fetch_single_sync:156 -> middleware.py:apply_sync:96) from logger `RFC.middleware_content_saver`
[INFO] applied on PackDirStructure(root).PackDirStructure(AVI视频3760首226GB(双击进分类)).PackDirStructure(粤语歌曲MV视频(58首2.9GB)).PackFile(李国祥-摘星的晚上(粤语版).avi), sent

2024-05-28 02:55:59,269 <requestor-worker-0:2072188, MainThread:140581993367360> (requestor.py:_fetch_single_sync:156 -> middleware.py:apply_sync:93) from logger `RFC.middleware_content_saver`
[INFO] applying on PackDirStructure(root).PackDirStructure(AVI视频3760首226GB(双击进分类)).PackDirStructure(粤语歌曲MV视频(58首2.9GB)).PackFile(彭羚-缠绵游戏(粤语).avi), received

2024-05-28 02:56:01,434 <requestor-worker-0:2072188, MainThread:140581993367360> (requestor.py:_fetch_single_sync:156 -> middleware.py:apply_sync:96) from logger `RFC.middleware_content_saver`
[INFO] applied on PackDirStructure(root).PackDirStructure(AVI视频3760首226GB(双击进分类)).PackDirStructure(粤语歌曲MV视频(58首2.9GB)).PackFile(彭羚-缠绵游戏(粤语).avi), sent

2024-05-28 02:57:43,328 <requestor-worker-0:2072188, MainThread:140581993367360> (requestor.py:_fetch_single_sync:156 -> middleware.py:apply_sync:93) from logger `RFC.middleware_content_saver`
[INFO] applying on PackDirStructure(root).PackDirStructure(AVI视频3760首226GB(双击进分类)).PackDirStructure(粤语歌曲MV视频(58首2.9GB)).PackFile(巫启贤-太傻 (粤语版).avi), received

2024-05-28 02:57:44,861 <requestor-worker-0:2072188, MainThread:140581993367360> (requestor.py:_fetch_single_sync:156 -> middleware.py:apply_sync:96) from logger `RFC.middleware_content_saver`
[INFO] applied on PackDirStructure(root).PackDirStructure(AVI视频3760首226GB(双击进分类)).PackDirStructure(粤语歌曲MV视频(58首2.9GB)).PackFile(巫启贤-太傻 (粤语版).avi), sent

2024-05-28 02:59:41,210 <requestor-worker-0:2072188, MainThread:140581993367360> (requestor.py:_fetch_single_sync:156 -> middleware.py:apply_sync:93) from logger `RFC.middleware_content_saver`
[INFO] applying on PackDirStructure(root).PackDirStructure(AVI视频3760首226GB(双击进分类)).PackDirStructure(粤语歌曲MV视频(58首2.9GB)).PackFile(G.E.M.邓紫棋-情人(Live)(粤语).avi), received

2024-05-28 02:59:42,858 <requestor-worker-0:2072188, MainThread:140581993367360> (requestor.py:_fetch_single_sync:156 -> middleware.py:apply_sync:96) from logger `RFC.middleware_content_saver`
[INFO] applied on PackDirStructure(root).PackDirStructure(AVI视频3760首226GB(双击进分类)).PackDirStructure(粤语歌曲MV视频(58首2.9GB)).PackFile(G.E.M.邓紫棋-情人(Live)(粤语).avi), sent

2024-05-28 03:01:27,099 <requestor-worker-0:2072188, MainThread:140581993367360> (requestor.py:_fetch_single_sync:156 -> middleware.py:apply_sync:93) from logger `RFC.middleware_content_saver`
[INFO] applying on PackDirStructure(root).PackDirStructure(WAV格式音乐6278首250GB(双击进分类)).PackDirStructure(其他分类4731首340GB(双击进分类)).PackDirStructure(近年抖音热歌(1288首53.1GB)).PackFile(1K-就忘了吧.wav), received

2024-05-28 03:01:28,809 <requestor-worker-0:2072188, MainThread:140581993367360> (requestor.py:_fetch_single_sync:156 -> middleware.py:apply_sync:96) from logger `RFC.middleware_content_saver`
[INFO] applied on PackDirStructure(root).PackDirStructure(WAV格式音乐6278首250GB(双击进分类)).PackDirStructure(其他分类4731首340GB(双击进分类)).PackDirStructure(近年抖音热歌(1288首53.1GB)).PackFile(1K-就忘了吧.wav), sent

2024-05-28 03:04:21,807 <requestor-worker-0:2072188, MainThread:140581993367360> (requestor.py:_fetch_single_sync:156 -> middleware.py:apply_sync:93) from logger `RFC.middleware_content_saver`
[INFO] applying on PackDirStructure(root).PackDirStructure(WAV格式音乐6278首250GB(双击进分类)).PackDirStructure(其他分类4731首340GB(双击进分类)).PackDirStructure(近年抖音热歌(1288首53.1GB)).PackFile(黄静美-新欢渡旧爱.wav), received

2024-05-28 03:04:24,073 <requestor-worker-0:2072188, MainThread:140581993367360> (requestor.py:_fetch_single_sync:156 -> middleware.py:apply_sync:96) from logger `RFC.middleware_content_saver`
[INFO] applied on PackDirStructure(root).PackDirStructure(WAV格式音乐6278首250GB(双击进分类)).PackDirStructure(其他分类4731首340GB(双击进分类)).PackDirStructure(近年抖音热歌(1288首53.1GB)).PackFile(黄静美-新欢渡旧爱.wav), sent

2024-05-28 03:05:19,038 <requestor-worker-0:2072188, MainThread:140581993367360> (requestor.py:_fetch_single_sync:156 -> middleware.py:apply_sync:93) from logger `RFC.middleware_content_saver`
[INFO] applying on PackDirStructure(root).PackDirStructure(WAV格式音乐6278首250GB(双击进分类)).PackDirStructure(其他分类4731首340GB(双击进分类)).PackDirStructure(近年抖音热歌(1288首53.1GB)).PackFile(麦小兜-清空.wav), received

2024-05-28 03:05:19,895 <requestor-worker-0:2072188, MainThread:140581993367360> (requestor.py:_fetch_single_sync:156 -> middleware.py:apply_sync:96) from logger `RFC.middleware_content_saver`
[INFO] applied on PackDirStructure(root).PackDirStructure(WAV格式音乐6278首250GB(双击进分类)).PackDirStructure(其他分类4731首340GB(双击进分类)).PackDirStructure(近年抖音热歌(1288首53.1GB)).PackFile(麦小兜-清空.wav), sent

2024-05-28 03:06:12,844 <requestor-worker-0:2072188, MainThread:140581993367360> (requestor.py:_fetch_single_sync:156 -> middleware.py:apply_sync:93) from logger `RFC.middleware_content_saver`
[INFO] applying on PackDirStructure(root).PackDirStructure(WAV格式音乐6278首250GB(双击进分类)).PackDirStructure(其他分类4731首340GB(双击进分类)).PackDirStructure(近年抖音热歌(1288首53.1GB)).PackFile(鹏鹏音乐&付豪-夜夜夜漫长.wav), received

2024-05-28 03:06:13,768 <requestor-worker-0:2072188, MainThread:140581993367360> (requestor.py:_fetch_single_sync:156 -> middleware.py:apply_sync:96) from logger `RFC.middleware_content_saver`
[INFO] applied on PackDirStructure(root).PackDirStructure(WAV格式音乐6278首250GB(双击进分类)).PackDirStructure(其他分类4731首340GB(双击进分类)).PackDirStructure(近年抖音热歌(1288首53.1GB)).PackFile(鹏鹏音乐&付豪-夜夜夜漫长.wav), sent

2024-05-28 03:07:04,059 <requestor-worker-0:2072188, MainThread:140581993367360> (requestor.py:_fetch_single_sync:156 -> middleware.py:apply_sync:93) from logger `RFC.middleware_content_saver`
[INFO] applying on PackDirStructure(root).PackDirStructure(WAV格式音乐6278首250GB(双击进分类)).PackDirStructure(其他分类4731首340GB(双击进分类)).PackDirStructure(近年抖音热歌(1288首53.1GB)).PackFile(魏新雨-情花几时开.wav), received

2024-05-28 03:07:05,049 <requestor-worker-0:2072188, MainThread:140581993367360> (requestor.py:_fetch_single_sync:156 -> middleware.py:apply_sync:96) from logger `RFC.middleware_content_saver`
[INFO] applied on PackDirStructure(root).PackDirStructure(WAV格式音乐6278首250GB(双击进分类)).PackDirStructure(其他分类4731首340GB(双击进分类)).PackDirStructure(近年抖音热歌(1288首53.1GB)).PackFile(魏新雨-情花几时开.wav), sent

2024-05-28 03:08:28,521 <requestor-worker-0:2072188, MainThread:140581993367360> (requestor.py:_fetch_single_sync:156 -> middleware.py:apply_sync:93) from logger `RFC.middleware_content_saver`
[INFO] applying on PackDirStructure(root).PackDirStructure(WAV格式音乐6278首250GB(双击进分类)).PackDirStructure(其他分类4731首340GB(双击进分类)).PackDirStructure(近年抖音热歌(1288首53.1GB)).PackFile(魏佳艺-我的眼泪你不在乎.wav), received

2024-05-28 03:08:29,746 <requestor-worker-0:2072188, MainThread:140581993367360> (requestor.py:_fetch_single_sync:156 -> middleware.py:apply_sync:96) from logger `RFC.middleware_content_saver`
[INFO] applied on PackDirStructure(root).PackDirStructure(WAV格式音乐6278首250GB(双击进分类)).PackDirStructure(其他分类4731首340GB(双击进分类)).PackDirStructure(近年抖音热歌(1288首53.1GB)).PackFile(魏佳艺-我的眼泪你不在乎.wav), sent

2024-05-28 03:09:36,778 <requestor-worker-0:2072188, MainThread:140581993367360> (requestor.py:_fetch_single_sync:156 -> middleware.py:apply_sync:93) from logger `RFC.middleware_content_saver`
[INFO] applying on PackDirStructure(root).PackDirStructure(WAV格式音乐6278首250GB(双击进分类)).PackDirStructure(其他分类4731首340GB(双击进分类)).PackDirStructure(近年抖音热歌(1288首53.1GB)).PackFile(高鱼-纪念.wav), received

2024-05-28 03:09:53,874 <requestor-worker-0:2072188, MainThread:140581993367360> (requestor.py:_fetch_single_sync:156 -> middleware.py:apply_sync:96) from logger `RFC.middleware_content_saver`
[INFO] applied on PackDirStructure(root).PackDirStructure(WAV格式音乐6278首250GB(双击进分类)).PackDirStructure(其他分类4731首340GB(双击进分类)).PackDirStructure(近年抖音热歌(1288首53.1GB)).PackFile(高鱼-纪念.wav), sent

2024-05-28 03:11:08,530 <requestor-worker-0:2072188, MainThread:140581993367360> (requestor.py:_fetch_single_sync:156 -> middleware.py:apply_sync:93) from logger `RFC.middleware_content_saver`
[INFO] applying on PackDirStructure(root).PackDirStructure(WAV格式音乐6278首250GB(双击进分类)).PackDirStructure(其他分类4731首340GB(双击进分类)).PackDirStructure(近年抖音热歌(1288首53.1GB)).PackFile(高源-隔岸观火.wav), received

2024-05-28 03:11:09,547 <requestor-worker-0:2072188, MainThread:140581993367360> (requestor.py:_fetch_single_sync:156 -> middleware.py:apply_sync:96) from logger `RFC.middleware_content_saver`
[INFO] applied on PackDirStructure(root).PackDirStructure(WAV格式音乐6278首250GB(双击进分类)).PackDirStructure(其他分类4731首340GB(双击进分类)).PackDirStructure(近年抖音热歌(1288首53.1GB)).PackFile(高源-隔岸观火.wav), sent

2024-05-28 03:12:15,179 <requestor-worker-0:2072188, MainThread:140581993367360> (requestor.py:_fetch_single_sync:156 -> middleware.py:apply_sync:93) from logger `RFC.middleware_content_saver`
[INFO] applying on PackDirStructure(root).PackDirStructure(WAV格式音乐6278首250GB(双击进分类)).PackDirStructure(其他分类4731首340GB(双击进分类)).PackDirStructure(近年抖音热歌(1288首53.1GB)).PackFile(马美如-泪蛋蛋掉在酒杯杯里.wav), received

2024-05-28 03:12:16,106 <requestor-worker-0:2072188, MainThread:140581993367360> (requestor.py:_fetch_single_sync:156 -> middleware.py:apply_sync:96) from logger `RFC.middleware_content_saver`
[INFO] applied on PackDirStructure(root).PackDirStructure(WAV格式音乐6278首250GB(双击进分类)).PackDirStructure(其他分类4731首340GB(双击进分类)).PackDirStructure(近年抖音热歌(1288首53.1GB)).PackFile(马美如-泪蛋蛋掉在酒杯杯里.wav), sent

2024-05-28 03:13:07,450 <requestor-worker-0:2072188, MainThread:140581993367360> (requestor.py:_fetch_single_sync:156 -> middleware.py:apply_sync:93) from logger `RFC.middleware_content_saver`
[INFO] applying on PackDirStructure(root).PackDirStructure(WAV格式音乐6278首250GB(双击进分类)).PackDirStructure(其他分类4731首340GB(双击进分类)).PackDirStructure(近年抖音热歌(1288首53.1GB)).PackFile(马博-命里缺个你（DJ沈念版）.wav), received

2024-05-28 03:13:08,619 <requestor-worker-0:2072188, MainThread:140581993367360> (requestor.py:_fetch_single_sync:156 -> middleware.py:apply_sync:96) from logger `RFC.middleware_content_saver`
[INFO] applied on PackDirStructure(root).PackDirStructure(WAV格式音乐6278首250GB(双击进分类)).PackDirStructure(其他分类4731首340GB(双击进分类)).PackDirStructure(近年抖音热歌(1288首53.1GB)).PackFile(马博-命里缺个你（DJ沈念版）.wav), sent

2024-05-28 03:14:40,479 <requestor-worker-0:2072188, MainThread:140581993367360> (requestor.py:_fetch_single_sync:156 -> middleware.py:apply_sync:93) from logger `RFC.middleware_content_saver`
[INFO] applying on PackDirStructure(root).PackDirStructure(WAV格式音乐6278首250GB(双击进分类)).PackDirStructure(其他分类4731首340GB(双击进分类)).PackDirStructure(近年抖音热歌(1288首53.1GB)).PackFile(马健涛-忘情牛肉面.wav), received

2024-05-28 03:14:42,015 <requestor-worker-0:2072188, MainThread:140581993367360> (requestor.py:_fetch_single_sync:156 -> middleware.py:apply_sync:96) from logger `RFC.middleware_content_saver`
[INFO] applied on PackDirStructure(root).PackDirStructure(WAV格式音乐6278首250GB(双击进分类)).PackDirStructure(其他分类4731首340GB(双击进分类)).PackDirStructure(近年抖音热歌(1288首53.1GB)).PackFile(马健涛-忘情牛肉面.wav), sent

2024-05-28 03:16:15,537 <requestor-worker-0:2072188, MainThread:140581993367360> (requestor.py:_fetch_single_sync:156 -> middleware.py:apply_sync:93) from logger `RFC.middleware_content_saver`
[INFO] applying on PackDirStructure(root).PackDirStructure(WAV格式音乐6278首250GB(双击进分类)).PackDirStructure(其他分类4731首340GB(双击进分类)).PackDirStructure(近年抖音热歌(1288首53.1GB)).PackFile(飞行少年-别等他.wav), received

2024-05-28 03:16:16,691 <requestor-worker-0:2072188, MainThread:140581993367360> (requestor.py:_fetch_single_sync:156 -> middleware.py:apply_sync:96) from logger `RFC.middleware_content_saver`
[INFO] applied on PackDirStructure(root).PackDirStructure(WAV格式音乐6278首250GB(双击进分类)).PackDirStructure(其他分类4731首340GB(双击进分类)).PackDirStructure(近年抖音热歌(1288首53.1GB)).PackFile(飞行少年-别等他.wav), sent

2024-05-28 03:17:37,077 <requestor-worker-0:2072188, MainThread:140581993367360> (requestor.py:_fetch_single_sync:156 -> middleware.py:apply_sync:93) from logger `RFC.middleware_content_saver`
[INFO] applying on PackDirStructure(root).PackDirStructure(WAV格式音乐6278首250GB(双击进分类)).PackDirStructure(其他分类4731首340GB(双击进分类)).PackDirStructure(近年抖音热歌(1288首53.1GB)).PackFile(韩小欠-你是我曾经拼了命爱过的人.wav), received

2024-05-28 03:17:38,398 <requestor-worker-0:2072188, MainThread:140581993367360> (requestor.py:_fetch_single_sync:156 -> middleware.py:apply_sync:96) from logger `RFC.middleware_content_saver`
[INFO] applied on PackDirStructure(root).PackDirStructure(WAV格式音乐6278首250GB(双击进分类)).PackDirStructure(其他分类4731首340GB(双击进分类)).PackDirStructure(近年抖音热歌(1288首53.1GB)).PackFile(韩小欠-你是我曾经拼了命爱过的人.wav), sent

2024-05-28 03:19:05,984 <requestor-worker-0:2072188, MainThread:140581993367360> (requestor.py:_fetch_single_sync:156 -> middleware.py:apply_sync:93) from logger `RFC.middleware_content_saver`
[INFO] applying on PackDirStructure(root).PackDirStructure(WAV格式音乐6278首250GB(双击进分类)).PackDirStructure(其他分类4731首340GB(双击进分类)).PackDirStructure(近年抖音热歌(1288首53.1GB)).PackFile(鞠红川-客.wav), received

2024-05-28 03:19:07,138 <requestor-worker-0:2072188, MainThread:140581993367360> (requestor.py:_fetch_single_sync:156 -> middleware.py:apply_sync:96) from logger `RFC.middleware_content_saver`
[INFO] applied on PackDirStructure(root).PackDirStructure(WAV格式音乐6278首250GB(双击进分类)).PackDirStructure(其他分类4731首340GB(双击进分类)).PackDirStructure(近年抖音热歌(1288首53.1GB)).PackFile(鞠红川-客.wav), sent

2024-05-28 03:20:14,374 <requestor-worker-0:2072188, MainThread:140581993367360> (requestor.py:_fetch_single_sync:156 -> middleware.py:apply_sync:93) from logger `RFC.middleware_content_saver`
[INFO] applying on PackDirStructure(root).PackDirStructure(WAV格式音乐6278首250GB(双击进分类)).PackDirStructure(其他分类4731首340GB(双击进分类)).PackDirStructure(近年抖音热歌(1288首53.1GB)).PackFile(霜酒-落霜.wav), received

2024-05-28 03:20:15,859 <requestor-worker-0:2072188, MainThread:140581993367360> (requestor.py:_fetch_single_sync:156 -> middleware.py:apply_sync:96) from logger `RFC.middleware_content_saver`
[INFO] applied on PackDirStructure(root).PackDirStructure(WAV格式音乐6278首250GB(双击进分类)).PackDirStructure(其他分类4731首340GB(双击进分类)).PackDirStructure(近年抖音热歌(1288首53.1GB)).PackFile(霜酒-落霜.wav), sent

2024-05-28 03:22:01,429 <requestor-worker-0:2072188, MainThread:140581993367360> (requestor.py:_fetch_single_sync:156 -> middleware.py:apply_sync:93) from logger `RFC.middleware_content_saver`
[INFO] applying on PackDirStructure(root).PackDirStructure(WAV格式音乐6278首250GB(双击进分类)).PackDirStructure(其他分类4731首340GB(双击进分类)).PackDirStructure(近年抖音热歌(1288首53.1GB)).PackFile(零一九零贰-忘川彼岸.wav), received

2024-05-28 03:22:02,909 <requestor-worker-0:2072188, MainThread:140581993367360> (requestor.py:_fetch_single_sync:156 -> middleware.py:apply_sync:96) from logger `RFC.middleware_content_saver`
[INFO] applied on PackDirStructure(root).PackDirStructure(WAV格式音乐6278首250GB(双击进分类)).PackDirStructure(其他分类4731首340GB(双击进分类)).PackDirStructure(近年抖音热歌(1288首53.1GB)).PackFile(零一九零贰-忘川彼岸.wav), sent

2024-05-28 03:23:46,414 <requestor-worker-0:2072188, MainThread:140581993367360> (requestor.py:_fetch_single_sync:156 -> middleware.py:apply_sync:93) from logger `RFC.middleware_content_saver`
[INFO] applying on PackDirStructure(root).PackDirStructure(WAV格式音乐6278首250GB(双击进分类)).PackDirStructure(其他分类4731首340GB(双击进分类)).PackDirStructure(近年抖音热歌(1288首53.1GB)).PackFile(雨中百合-你永远不懂我.wav), received

2024-05-28 03:23:47,442 <requestor-worker-0:2072188, MainThread:140581993367360> (requestor.py:_fetch_single_sync:156 -> middleware.py:apply_sync:96) from logger `RFC.middleware_content_saver`
[INFO] applied on PackDirStructure(root).PackDirStructure(WAV格式音乐6278首250GB(双击进分类)).PackDirStructure(其他分类4731首340GB(双击进分类)).PackDirStructure(近年抖音热歌(1288首53.1GB)).PackFile(雨中百合-你永远不懂我.wav), sent

2024-05-28 03:25:20,520 <requestor-worker-0:2072188, MainThread:140581993367360> (requestor.py:_fetch_single_sync:156 -> middleware.py:apply_sync:93) from logger `RFC.middleware_content_saver`
[INFO] applying on PackDirStructure(root).PackDirStructure(WAV格式音乐6278首250GB(双击进分类)).PackDirStructure(其他分类4731首340GB(双击进分类)).PackDirStructure(近年抖音热歌(1288首53.1GB)).PackFile(陈雪凝-你的酒馆对我打了烊.wav), received

2024-05-28 03:25:21,845 <requestor-worker-0:2072188, MainThread:140581993367360> (requestor.py:_fetch_single_sync:156 -> middleware.py:apply_sync:96) from logger `RFC.middleware_content_saver`
[INFO] applied on PackDirStructure(root).PackDirStructure(WAV格式音乐6278首250GB(双击进分类)).PackDirStructure(其他分类4731首340GB(双击进分类)).PackDirStructure(近年抖音热歌(1288首53.1GB)).PackFile(陈雪凝-你的酒馆对我打了烊.wav), sent

2024-05-28 03:27:08,141 <requestor-worker-0:2072188, MainThread:140581993367360> (requestor.py:_fetch_single_sync:156 -> middleware.py:apply_sync:93) from logger `RFC.middleware_content_saver`
[INFO] applying on PackDirStructure(root).PackDirStructure(WAV格式音乐6278首250GB(双击进分类)).PackDirStructure(其他分类4731首340GB(双击进分类)).PackDirStructure(近年抖音热歌(1288首53.1GB)).PackFile(陈粒-小半.wav), received

2024-05-28 03:27:09,671 <requestor-worker-0:2072188, MainThread:140581993367360> (requestor.py:_fetch_single_sync:156 -> middleware.py:apply_sync:96) from logger `RFC.middleware_content_saver`
[INFO] applied on PackDirStructure(root).PackDirStructure(WAV格式音乐6278首250GB(双击进分类)).PackDirStructure(其他分类4731首340GB(双击进分类)).PackDirStructure(近年抖音热歌(1288首53.1GB)).PackFile(陈粒-小半.wav), sent

2024-05-28 03:28:39,693 <requestor-worker-0:2072188, MainThread:140581993367360> (requestor.py:_fetch_single_sync:156 -> middleware.py:apply_sync:93) from logger `RFC.middleware_content_saver`
[INFO] applying on PackDirStructure(root).PackDirStructure(WAV格式音乐6278首250GB(双击进分类)).PackDirStructure(其他分类4731首340GB(双击进分类)).PackDirStructure(近年抖音热歌(1288首53.1GB)).PackFile(陈慧琳&郑中基-都是你的错.wav), received

2024-05-28 03:28:41,571 <requestor-worker-0:2072188, MainThread:140581993367360> (requestor.py:_fetch_single_sync:156 -> middleware.py:apply_sync:96) from logger `RFC.middleware_content_saver`
[INFO] applied on PackDirStructure(root).PackDirStructure(WAV格式音乐6278首250GB(双击进分类)).PackDirStructure(其他分类4731首340GB(双击进分类)).PackDirStructure(近年抖音热歌(1288首53.1GB)).PackFile(陈慧琳&郑中基-都是你的错.wav), sent

2024-05-28 03:29:49,396 <requestor-worker-0:2072188, MainThread:140581993367360> (requestor.py:_fetch_single_sync:156 -> middleware.py:apply_sync:93) from logger `RFC.middleware_content_saver`
[INFO] applying on PackDirStructure(root).PackDirStructure(WAV格式音乐6278首250GB(双击进分类)).PackDirStructure(其他分类4731首340GB(双击进分类)).PackDirStructure(近年抖音热歌(1288首53.1GB)).PackFile(陈子晴-陪你看星星.wav), received

2024-05-28 03:29:50,797 <requestor-worker-0:2072188, MainThread:140581993367360> (requestor.py:_fetch_single_sync:156 -> middleware.py:apply_sync:96) from logger `RFC.middleware_content_saver`
[INFO] applied on PackDirStructure(root).PackDirStructure(WAV格式音乐6278首250GB(双击进分类)).PackDirStructure(其他分类4731首340GB(双击进分类)).PackDirStructure(近年抖音热歌(1288首53.1GB)).PackFile(陈子晴-陪你看星星.wav), sent

2024-05-28 03:32:19,832 <requestor-worker-0:2072188, MainThread:140581993367360> (requestor.py:_fetch_single_sync:156 -> middleware.py:apply_sync:93) from logger `RFC.middleware_content_saver`
[INFO] applying on PackDirStructure(root).PackDirStructure(WAV格式音乐6278首250GB(双击进分类)).PackDirStructure(其他分类4731首340GB(双击进分类)).PackDirStructure(近年抖音热歌(1288首53.1GB)).PackFile(陈奕迅-孤勇者.wav), received

2024-05-28 03:32:22,433 <requestor-worker-0:2072188, MainThread:140581993367360> (requestor.py:_fetch_single_sync:156 -> middleware.py:apply_sync:96) from logger `RFC.middleware_content_saver`
[INFO] applied on PackDirStructure(root).PackDirStructure(WAV格式音乐6278首250GB(双击进分类)).PackDirStructure(其他分类4731首340GB(双击进分类)).PackDirStructure(近年抖音热歌(1288首53.1GB)).PackFile(陈奕迅-孤勇者.wav), sent

2024-05-28 03:33:24,065 <requestor-worker-0:2072188, MainThread:140581993367360> (requestor.py:_fetch_single_sync:156 -> middleware.py:apply_sync:93) from logger `RFC.middleware_content_saver`
[INFO] applying on PackDirStructure(root).PackDirStructure(WAV格式音乐6278首250GB(双击进分类)).PackDirStructure(其他分类4731首340GB(双击进分类)).PackDirStructure(近年抖音热歌(1288首53.1GB)).PackFile(阿梨粤&R7-秒针(Dj版).wav), received

2024-05-28 03:33:24,948 <requestor-worker-0:2072188, MainThread:140581993367360> (requestor.py:_fetch_single_sync:156 -> middleware.py:apply_sync:96) from logger `RFC.middleware_content_saver`
[INFO] applied on PackDirStructure(root).PackDirStructure(WAV格式音乐6278首250GB(双击进分类)).PackDirStructure(其他分类4731首340GB(双击进分类)).PackDirStructure(近年抖音热歌(1288首53.1GB)).PackFile(阿梨粤&R7-秒针(Dj版).wav), sent

2024-05-28 03:34:53,923 <requestor-worker-0:2072188, MainThread:140581993367360> (requestor.py:_fetch_single_sync:156 -> middleware.py:apply_sync:93) from logger `RFC.middleware_content_saver`
[INFO] applying on PackDirStructure(root).PackDirStructure(WAV格式音乐6278首250GB(双击进分类)).PackDirStructure(其他分类4731首340GB(双击进分类)).PackDirStructure(近年抖音热歌(1288首53.1GB)).PackFile(阿悠悠-念旧.wav), received

2024-05-28 03:34:55,578 <requestor-worker-0:2072188, MainThread:140581993367360> (requestor.py:_fetch_single_sync:156 -> middleware.py:apply_sync:96) from logger `RFC.middleware_content_saver`
[INFO] applied on PackDirStructure(root).PackDirStructure(WAV格式音乐6278首250GB(双击进分类)).PackDirStructure(其他分类4731首340GB(双击进分类)).PackDirStructure(近年抖音热歌(1288首53.1GB)).PackFile(阿悠悠-念旧.wav), sent

2024-05-28 03:36:30,044 <requestor-worker-0:2072188, MainThread:140581993367360> (requestor.py:_fetch_single_sync:156 -> middleware.py:apply_sync:93) from logger `RFC.middleware_content_saver`
[INFO] applying on PackDirStructure(root).PackDirStructure(WAV格式音乐6278首250GB(双击进分类)).PackDirStructure(其他分类4731首340GB(双击进分类)).PackDirStructure(近年抖音热歌(1288首53.1GB)).PackFile(阿国哥-暂别离(抖音完整版).wav), received

2024-05-28 03:36:31,729 <requestor-worker-0:2072188, MainThread:140581993367360> (requestor.py:_fetch_single_sync:156 -> middleware.py:apply_sync:96) from logger `RFC.middleware_content_saver`
[INFO] applied on PackDirStructure(root).PackDirStructure(WAV格式音乐6278首250GB(双击进分类)).PackDirStructure(其他分类4731首340GB(双击进分类)).PackDirStructure(近年抖音热歌(1288首53.1GB)).PackFile(阿国哥-暂别离(抖音完整版).wav), sent

2024-05-28 03:38:26,705 <requestor-worker-0:2072188, MainThread:140581993367360> (requestor.py:_fetch_single_sync:156 -> middleware.py:apply_sync:93) from logger `RFC.middleware_content_saver`
[INFO] applying on PackDirStructure(root).PackDirStructure(WAV格式音乐6278首250GB(双击进分类)).PackDirStructure(其他分类4731首340GB(双击进分类)).PackDirStructure(近年抖音热歌(1288首53.1GB)).PackFile(阿YueYue-予君书.wav), received

2024-05-28 03:38:45,004 <requestor-worker-0:2072188, MainThread:140581993367360> (requestor.py:_fetch_single_sync:156 -> middleware.py:apply_sync:96) from logger `RFC.middleware_content_saver`
[INFO] applied on PackDirStructure(root).PackDirStructure(WAV格式音乐6278首250GB(双击进分类)).PackDirStructure(其他分类4731首340GB(双击进分类)).PackDirStructure(近年抖音热歌(1288首53.1GB)).PackFile(阿YueYue-予君书.wav), sent

2024-05-28 03:40:05,947 <requestor-worker-0:2072188, MainThread:140581993367360> (requestor.py:_fetch_single_sync:156 -> middleware.py:apply_sync:93) from logger `RFC.middleware_content_saver`
[INFO] applying on PackDirStructure(root).PackDirStructure(WAV格式音乐6278首250GB(双击进分类)).PackDirStructure(其他分类4731首340GB(双击进分类)).PackDirStructure(近年抖音热歌(1288首53.1GB)).PackFile(闻人听書_-美人画卷.wav), received

2024-05-28 03:40:06,954 <requestor-worker-0:2072188, MainThread:140581993367360> (requestor.py:_fetch_single_sync:156 -> middleware.py:apply_sync:96) from logger `RFC.middleware_content_saver`
[INFO] applied on PackDirStructure(root).PackDirStructure(WAV格式音乐6278首250GB(双击进分类)).PackDirStructure(其他分类4731首340GB(双击进分类)).PackDirStructure(近年抖音热歌(1288首53.1GB)).PackFile(闻人听書_-美人画卷.wav), sent

2024-05-28 03:41:40,129 <requestor-worker-0:2072188, MainThread:140581993367360> (requestor.py:_fetch_single_sync:156 -> middleware.py:apply_sync:93) from logger `RFC.middleware_content_saver`
[INFO] applying on PackDirStructure(root).PackDirStructure(WAV格式音乐6278首250GB(双击进分类)).PackDirStructure(其他分类4731首340GB(双击进分类)).PackDirStructure(近年抖音热歌(1288首53.1GB)).PackFile(锤娜丽莎-我太笨.wav), received

2024-05-28 03:41:41,357 <requestor-worker-0:2072188, MainThread:140581993367360> (requestor.py:_fetch_single_sync:156 -> middleware.py:apply_sync:96) from logger `RFC.middleware_content_saver`
[INFO] applied on PackDirStructure(root).PackDirStructure(WAV格式音乐6278首250GB(双击进分类)).PackDirStructure(其他分类4731首340GB(双击进分类)).PackDirStructure(近年抖音热歌(1288首53.1GB)).PackFile(锤娜丽莎-我太笨.wav), sent

2024-05-28 03:42:49,447 <requestor-worker-0:2072188, MainThread:140581993367360> (requestor.py:_fetch_single_sync:156 -> middleware.py:apply_sync:93) from logger `RFC.middleware_content_saver`
[INFO] applying on PackDirStructure(root).PackDirStructure(WAV格式音乐6278首250GB(双击进分类)).PackDirStructure(其他分类4731首340GB(双击进分类)).PackDirStructure(近年抖音热歌(1288首53.1GB)).PackFile(金润吉-迟来的爱(新版).wav), received

2024-05-28 03:42:50,315 <requestor-worker-0:2072188, MainThread:140581993367360> (requestor.py:_fetch_single_sync:156 -> middleware.py:apply_sync:96) from logger `RFC.middleware_content_saver`
[INFO] applied on PackDirStructure(root).PackDirStructure(WAV格式音乐6278首250GB(双击进分类)).PackDirStructure(其他分类4731首340GB(双击进分类)).PackDirStructure(近年抖音热歌(1288首53.1GB)).PackFile(金润吉-迟来的爱(新版).wav), sent

2024-05-28 03:44:55,634 <requestor-worker-0:2072188, MainThread:140581993367360> (requestor.py:_fetch_single_sync:156 -> middleware.py:apply_sync:93) from logger `RFC.middleware_content_saver`
[INFO] applying on PackDirStructure(root).PackDirStructure(WAV格式音乐6278首250GB(双击进分类)).PackDirStructure(其他分类4731首340GB(双击进分类)).PackDirStructure(近年抖音热歌(1288首53.1GB)).PackFile(金志文-自娱自乐.wav), received

2024-05-28 03:44:57,289 <requestor-worker-0:2072188, MainThread:140581993367360> (requestor.py:_fetch_single_sync:156 -> middleware.py:apply_sync:96) from logger `RFC.middleware_content_saver`
[INFO] applied on PackDirStructure(root).PackDirStructure(WAV格式音乐6278首250GB(双击进分类)).PackDirStructure(其他分类4731首340GB(双击进分类)).PackDirStructure(近年抖音热歌(1288首53.1GB)).PackFile(金志文-自娱自乐.wav), sent

2024-05-28 03:46:24,208 <requestor-worker-0:2072188, MainThread:140581993367360> (requestor.py:_fetch_single_sync:156 -> middleware.py:apply_sync:93) from logger `RFC.middleware_content_saver`
[INFO] applying on PackDirStructure(root).PackDirStructure(WAV格式音乐6278首250GB(双击进分类)).PackDirStructure(其他分类4731首340GB(双击进分类)).PackDirStructure(近年抖音热歌(1288首53.1GB)).PackFile(郭正正&Old crab-你的眼睛像星星.wav), received

2024-05-28 03:46:25,207 <requestor-worker-0:2072188, MainThread:140581993367360> (requestor.py:_fetch_single_sync:156 -> middleware.py:apply_sync:96) from logger `RFC.middleware_content_saver`
[INFO] applied on PackDirStructure(root).PackDirStructure(WAV格式音乐6278首250GB(双击进分类)).PackDirStructure(其他分类4731首340GB(双击进分类)).PackDirStructure(近年抖音热歌(1288首53.1GB)).PackFile(郭正正&Old crab-你的眼睛像星星.wav), sent

2024-05-28 03:47:24,825 <requestor-worker-0:2072188, MainThread:140581993367360> (requestor.py:_fetch_single_sync:156 -> middleware.py:apply_sync:93) from logger `RFC.middleware_content_saver`
[INFO] applying on PackDirStructure(root).PackDirStructure(WAV格式音乐6278首250GB(双击进分类)).PackDirStructure(其他分类4731首340GB(双击进分类)).PackDirStructure(近年抖音热歌(1288首53.1GB)).PackFile(郭凯文-沉醉的青丝.wav), received

2024-05-28 03:47:25,790 <requestor-worker-0:2072188, MainThread:140581993367360> (requestor.py:_fetch_single_sync:156 -> middleware.py:apply_sync:96) from logger `RFC.middleware_content_saver`
[INFO] applied on PackDirStructure(root).PackDirStructure(WAV格式音乐6278首250GB(双击进分类)).PackDirStructure(其他分类4731首340GB(双击进分类)).PackDirStructure(近年抖音热歌(1288首53.1GB)).PackFile(郭凯文-沉醉的青丝.wav), sent

2024-05-28 03:48:56,964 <requestor-worker-0:2072188, MainThread:140581993367360> (requestor.py:_fetch_single_sync:156 -> middleware.py:apply_sync:93) from logger `RFC.middleware_content_saver`
[INFO] applying on PackDirStructure(root).PackDirStructure(WAV格式音乐6278首250GB(双击进分类)).PackDirStructure(其他分类4731首340GB(双击进分类)).PackDirStructure(近年抖音热歌(1288首53.1GB)).PackFile(郑亦辰-相思成灾.wav), received

2024-05-28 03:48:58,449 <requestor-worker-0:2072188, MainThread:140581993367360> (requestor.py:_fetch_single_sync:156 -> middleware.py:apply_sync:96) from logger `RFC.middleware_content_saver`
[INFO] applied on PackDirStructure(root).PackDirStructure(WAV格式音乐6278首250GB(双击进分类)).PackDirStructure(其他分类4731首340GB(双击进分类)).PackDirStructure(近年抖音热歌(1288首53.1GB)).PackFile(郑亦辰-相思成灾.wav), sent

2024-05-28 03:50:40,307 <requestor-worker-0:2072188, MainThread:140581993367360> (requestor.py:_fetch_single_sync:156 -> middleware.py:apply_sync:93) from logger `RFC.middleware_content_saver`
[INFO] applying on PackDirStructure(root).PackDirStructure(WAV格式音乐6278首250GB(双击进分类)).PackDirStructure(其他分类4731首340GB(双击进分类)).PackDirStructure(近年抖音热歌(1288首53.1GB)).PackFile(郁可唯&孟佳&李斯丹妮&沈梦辰&金晨&王霏霏&张含韵-大碗宽面(Live).wav), received

2024-05-28 03:50:41,790 <requestor-worker-0:2072188, MainThread:140581993367360> (requestor.py:_fetch_single_sync:156 -> middleware.py:apply_sync:96) from logger `RFC.middleware_content_saver`
[INFO] applied on PackDirStructure(root).PackDirStructure(WAV格式音乐6278首250GB(双击进分类)).PackDirStructure(其他分类4731首340GB(双击进分类)).PackDirStructure(近年抖音热歌(1288首53.1GB)).PackFile(郁可唯&孟佳&李斯丹妮&沈梦辰&金晨&王霏霏&张含韵-大碗宽面(Live).wav), sent

2024-05-28 03:51:55,265 <requestor-worker-0:2072188, MainThread:140581993367360> (requestor.py:_fetch_single_sync:156 -> middleware.py:apply_sync:93) from logger `RFC.middleware_content_saver`
[INFO] applying on PackDirStructure(root).PackDirStructure(WAV格式音乐6278首250GB(双击进分类)).PackDirStructure(其他分类4731首340GB(双击进分类)).PackDirStructure(近年抖音热歌(1288首53.1GB)).PackFile(邓寓君(等什么君)-误红妆.wav), received

2024-05-28 03:51:56,751 <requestor-worker-0:2072188, MainThread:140581993367360> (requestor.py:_fetch_single_sync:156 -> middleware.py:apply_sync:96) from logger `RFC.middleware_content_saver`
[INFO] applied on PackDirStructure(root).PackDirStructure(WAV格式音乐6278首250GB(双击进分类)).PackDirStructure(其他分类4731首340GB(双击进分类)).PackDirStructure(近年抖音热歌(1288首53.1GB)).PackFile(邓寓君(等什么君)-误红妆.wav), sent

2024-05-28 03:53:05,461 <requestor-worker-0:2072188, MainThread:140581993367360> (requestor.py:_fetch_single_sync:156 -> middleware.py:apply_sync:93) from logger `RFC.middleware_content_saver`
[INFO] applying on PackDirStructure(root).PackDirStructure(WAV格式音乐6278首250GB(双击进分类)).PackDirStructure(其他分类4731首340GB(双击进分类)).PackDirStructure(近年抖音热歌(1288首53.1GB)).PackFile(邓寓君(等什么君)-天下.wav), received

2024-05-28 03:53:06,422 <requestor-worker-0:2072188, MainThread:140581993367360> (requestor.py:_fetch_single_sync:156 -> middleware.py:apply_sync:96) from logger `RFC.middleware_content_saver`
[INFO] applied on PackDirStructure(root).PackDirStructure(WAV格式音乐6278首250GB(双击进分类)).PackDirStructure(其他分类4731首340GB(双击进分类)).PackDirStructure(近年抖音热歌(1288首53.1GB)).PackFile(邓寓君(等什么君)-天下.wav), sent

2024-05-28 03:55:03,019 <requestor-worker-0:2072188, MainThread:140581993367360> (requestor.py:_fetch_single_sync:156 -> middleware.py:apply_sync:93) from logger `RFC.middleware_content_saver`
[INFO] applying on PackDirStructure(root).PackDirStructure(WAV格式音乐6278首250GB(双击进分类)).PackDirStructure(其他分类4731首340GB(双击进分类)).PackDirStructure(近年抖音热歌(1288首53.1GB)).PackFile(邓寓君(等什么君)&FOX胡天渝-踏雪.wav), received

2024-05-28 03:55:05,392 <requestor-worker-0:2072188, MainThread:140581993367360> (requestor.py:_fetch_single_sync:156 -> middleware.py:apply_sync:96) from logger `RFC.middleware_content_saver`
[INFO] applied on PackDirStructure(root).PackDirStructure(WAV格式音乐6278首250GB(双击进分类)).PackDirStructure(其他分类4731首340GB(双击进分类)).PackDirStructure(近年抖音热歌(1288首53.1GB)).PackFile(邓寓君(等什么君)&FOX胡天渝-踏雪.wav), sent

2024-05-28 03:56:31,061 <requestor-worker-0:2072188, MainThread:140581993367360> (requestor.py:_fetch_single_sync:156 -> middleware.py:apply_sync:93) from logger `RFC.middleware_content_saver`
[INFO] applying on PackDirStructure(root).PackDirStructure(WAV格式音乐6278首250GB(双击进分类)).PackDirStructure(其他分类4731首340GB(双击进分类)).PackDirStructure(近年抖音热歌(1288首53.1GB)).PackFile(车继铃-最远的你是我最近的爱.wav), received

2024-05-28 03:56:32,231 <requestor-worker-0:2072188, MainThread:140581993367360> (requestor.py:_fetch_single_sync:156 -> middleware.py:apply_sync:96) from logger `RFC.middleware_content_saver`
[INFO] applied on PackDirStructure(root).PackDirStructure(WAV格式音乐6278首250GB(双击进分类)).PackDirStructure(其他分类4731首340GB(双击进分类)).PackDirStructure(近年抖音热歌(1288首53.1GB)).PackFile(车继铃-最远的你是我最近的爱.wav), sent

2024-05-28 03:57:49,922 <requestor-worker-0:2072188, MainThread:140581993367360> (requestor.py:_fetch_single_sync:156 -> middleware.py:apply_sync:93) from logger `RFC.middleware_content_saver`
[INFO] applying on PackDirStructure(root).PackDirStructure(WAV格式音乐6278首250GB(双击进分类)).PackDirStructure(其他分类4731首340GB(双击进分类)).PackDirStructure(近年抖音热歌(1288首53.1GB)).PackFile(赵让-VIOLET.wav), received

2024-05-28 03:57:50,920 <requestor-worker-0:2072188, MainThread:140581993367360> (requestor.py:_fetch_single_sync:156 -> middleware.py:apply_sync:96) from logger `RFC.middleware_content_saver`
[INFO] applied on PackDirStructure(root).PackDirStructure(WAV格式音乐6278首250GB(双击进分类)).PackDirStructure(其他分类4731首340GB(双击进分类)).PackDirStructure(近年抖音热歌(1288首53.1GB)).PackFile(赵让-VIOLET.wav), sent

2024-05-28 03:59:10,927 <requestor-worker-0:2072188, MainThread:140581993367360> (requestor.py:_fetch_single_sync:156 -> middleware.py:apply_sync:93) from logger `RFC.middleware_content_saver`
[INFO] applying on PackDirStructure(root).PackDirStructure(WAV格式音乐6278首250GB(双击进分类)).PackDirStructure(其他分类4731首340GB(双击进分类)).PackDirStructure(近年抖音热歌(1288首53.1GB)).PackFile(赵英俊-守候.wav), received

2024-05-28 03:59:12,338 <requestor-worker-0:2072188, MainThread:140581993367360> (requestor.py:_fetch_single_sync:156 -> middleware.py:apply_sync:96) from logger `RFC.middleware_content_saver`
[INFO] applied on PackDirStructure(root).PackDirStructure(WAV格式音乐6278首250GB(双击进分类)).PackDirStructure(其他分类4731首340GB(双击进分类)).PackDirStructure(近年抖音热歌(1288首53.1GB)).PackFile(赵英俊-守候.wav), sent

2024-05-28 04:00:49,769 <requestor-worker-0:2072188, MainThread:140581993367360> (requestor.py:_fetch_single_sync:156 -> middleware.py:apply_sync:93) from logger `RFC.middleware_content_saver`
[INFO] applying on PackDirStructure(root).PackDirStructure(WAV格式音乐6278首250GB(双击进分类)).PackDirStructure(其他分类4731首340GB(双击进分类)).PackDirStructure(近年抖音热歌(1288首53.1GB)).PackFile(赵芷彤Cassie-多肉少女(DJ版).wav), received

2024-05-28 04:00:51,210 <requestor-worker-0:2072188, MainThread:140581993367360> (requestor.py:_fetch_single_sync:156 -> middleware.py:apply_sync:96) from logger `RFC.middleware_content_saver`
[INFO] applied on PackDirStructure(root).PackDirStructure(WAV格式音乐6278首250GB(双击进分类)).PackDirStructure(其他分类4731首340GB(双击进分类)).PackDirStructure(近年抖音热歌(1288首53.1GB)).PackFile(赵芷彤Cassie-多肉少女(DJ版).wav), sent

2024-05-28 04:02:46,192 <requestor-worker-0:2072188, MainThread:140581993367360> (requestor.py:_fetch_single_sync:156 -> middleware.py:apply_sync:93) from logger `RFC.middleware_content_saver`
[INFO] applying on PackDirStructure(root).PackDirStructure(WAV格式音乐6278首250GB(双击进分类)).PackDirStructure(其他分类4731首340GB(双击进分类)).PackDirStructure(近年抖音热歌(1288首53.1GB)).PackFile(赵洋-无心的相遇.wav), received

2024-05-28 04:02:47,439 <requestor-worker-0:2072188, MainThread:140581993367360> (requestor.py:_fetch_single_sync:156 -> middleware.py:apply_sync:96) from logger `RFC.middleware_content_saver`
[INFO] applied on PackDirStructure(root).PackDirStructure(WAV格式音乐6278首250GB(双击进分类)).PackDirStructure(其他分类4731首340GB(双击进分类)).PackDirStructure(近年抖音热歌(1288首53.1GB)).PackFile(赵洋-无心的相遇.wav), sent

2024-05-28 04:04:20,675 <requestor-worker-0:2072188, MainThread:140581993367360> (requestor.py:_fetch_single_sync:156 -> middleware.py:apply_sync:93) from logger `RFC.middleware_content_saver`
[INFO] applying on PackDirStructure(root).PackDirStructure(WAV格式音乐6278首250GB(双击进分类)).PackDirStructure(其他分类4731首340GB(双击进分类)).PackDirStructure(近年抖音热歌(1288首53.1GB)).PackFile(赵乃吉-曾经你说.wav), received

2024-05-28 04:04:21,841 <requestor-worker-0:2072188, MainThread:140581993367360> (requestor.py:_fetch_single_sync:156 -> middleware.py:apply_sync:96) from logger `RFC.middleware_content_saver`
[INFO] applied on PackDirStructure(root).PackDirStructure(WAV格式音乐6278首250GB(双击进分类)).PackDirStructure(其他分类4731首340GB(双击进分类)).PackDirStructure(近年抖音热歌(1288首53.1GB)).PackFile(赵乃吉-曾经你说.wav), sent

2024-05-28 04:06:16,488 <requestor-worker-0:2072188, MainThread:140581993367360> (requestor.py:_fetch_single_sync:156 -> middleware.py:apply_sync:93) from logger `RFC.middleware_content_saver`
[INFO] applying on PackDirStructure(root).PackDirStructure(WAV格式音乐6278首250GB(双击进分类)).PackDirStructure(其他分类4731首340GB(双击进分类)).PackDirStructure(近年抖音热歌(1288首53.1GB)).PackFile(贺一航-请先说你好.wav), received

2024-05-28 04:06:17,932 <requestor-worker-0:2072188, MainThread:140581993367360> (requestor.py:_fetch_single_sync:156 -> middleware.py:apply_sync:96) from logger `RFC.middleware_content_saver`
[INFO] applied on PackDirStructure(root).PackDirStructure(WAV格式音乐6278首250GB(双击进分类)).PackDirStructure(其他分类4731首340GB(双击进分类)).PackDirStructure(近年抖音热歌(1288首53.1GB)).PackFile(贺一航-请先说你好.wav), sent

2024-05-28 04:08:12,052 <requestor-worker-0:2072188, MainThread:140581993367360> (requestor.py:_fetch_single_sync:156 -> middleware.py:apply_sync:93) from logger `RFC.middleware_content_saver`
[INFO] applying on PackDirStructure(root).PackDirStructure(WAV格式音乐6278首250GB(双击进分类)).PackDirStructure(其他分类4731首340GB(双击进分类)).PackDirStructure(近年抖音热歌(1288首53.1GB)).PackFile(诸葛孔暗-偏爱.wav), received

2024-05-28 04:08:13,415 <requestor-worker-0:2072188, MainThread:140581993367360> (requestor.py:_fetch_single_sync:156 -> middleware.py:apply_sync:96) from logger `RFC.middleware_content_saver`
[INFO] applied on PackDirStructure(root).PackDirStructure(WAV格式音乐6278首250GB(双击进分类)).PackDirStructure(其他分类4731首340GB(双击进分类)).PackDirStructure(近年抖音热歌(1288首53.1GB)).PackFile(诸葛孔暗-偏爱.wav), sent

2024-05-28 04:10:38,221 <requestor-worker-0:2072188, MainThread:140581993367360> (requestor.py:_fetch_single_sync:156 -> middleware.py:apply_sync:93) from logger `RFC.middleware_content_saver`
[INFO] applying on PackDirStructure(root).PackDirStructure(WAV格式音乐6278首250GB(双击进分类)).PackDirStructure(其他分类4731首340GB(双击进分类)).PackDirStructure(近年抖音热歌(1288首53.1GB)).PackFile(许嵩-放飞.wav), received

2024-05-28 04:10:39,861 <requestor-worker-0:2072188, MainThread:140581993367360> (requestor.py:_fetch_single_sync:156 -> middleware.py:apply_sync:96) from logger `RFC.middleware_content_saver`
[INFO] applied on PackDirStructure(root).PackDirStructure(WAV格式音乐6278首250GB(双击进分类)).PackDirStructure(其他分类4731首340GB(双击进分类)).PackDirStructure(近年抖音热歌(1288首53.1GB)).PackFile(许嵩-放飞.wav), sent

2024-05-28 04:11:51,419 <requestor-worker-0:2072188, MainThread:140581993367360> (requestor.py:_fetch_single_sync:156 -> middleware.py:apply_sync:93) from logger `RFC.middleware_content_saver`
[INFO] applying on PackDirStructure(root).PackDirStructure(WAV格式音乐6278首250GB(双击进分类)).PackDirStructure(其他分类4731首340GB(双击进分类)).PackDirStructure(近年抖音热歌(1288首53.1GB)).PackFile(虞戡平&苏芮-请跟我来.wav), received

2024-05-28 04:11:52,346 <requestor-worker-0:2072188, MainThread:140581993367360> (requestor.py:_fetch_single_sync:156 -> middleware.py:apply_sync:96) from logger `RFC.middleware_content_saver`
[INFO] applied on PackDirStructure(root).PackDirStructure(WAV格式音乐6278首250GB(双击进分类)).PackDirStructure(其他分类4731首340GB(双击进分类)).PackDirStructure(近年抖音热歌(1288首53.1GB)).PackFile(虞戡平&苏芮-请跟我来.wav), sent

2024-05-28 04:13:16,698 <requestor-worker-0:2072188, MainThread:140581993367360> (requestor.py:_fetch_single_sync:156 -> middleware.py:apply_sync:93) from logger `RFC.middleware_content_saver`
[INFO] applying on PackDirStructure(root).PackDirStructure(WAV格式音乐6278首250GB(双击进分类)).PackDirStructure(其他分类4731首340GB(双击进分类)).PackDirStructure(近年抖音热歌(1288首53.1GB)).PackFile(薛之谦-迟迟.wav), received

2024-05-28 04:13:17,791 <requestor-worker-0:2072188, MainThread:140581993367360> (requestor.py:_fetch_single_sync:156 -> middleware.py:apply_sync:96) from logger `RFC.middleware_content_saver`
[INFO] applied on PackDirStructure(root).PackDirStructure(WAV格式音乐6278首250GB(双击进分类)).PackDirStructure(其他分类4731首340GB(双击进分类)).PackDirStructure(近年抖音热歌(1288首53.1GB)).PackFile(薛之谦-迟迟.wav), sent

2024-05-28 04:15:13,123 <requestor-worker-0:2072188, MainThread:140581993367360> (requestor.py:_fetch_single_sync:156 -> middleware.py:apply_sync:93) from logger `RFC.middleware_content_saver`
[INFO] applying on PackDirStructure(root).PackDirStructure(WAV格式音乐6278首250GB(双击进分类)).PackDirStructure(其他分类4731首340GB(双击进分类)).PackDirStructure(近年抖音热歌(1288首53.1GB)).PackFile(薛之谦-你还要我怎样.wav), received

2024-05-28 04:15:14,988 <requestor-worker-0:2072188, MainThread:140581993367360> (requestor.py:_fetch_single_sync:156 -> middleware.py:apply_sync:96) from logger `RFC.middleware_content_saver`
[INFO] applied on PackDirStructure(root).PackDirStructure(WAV格式音乐6278首250GB(双击进分类)).PackDirStructure(其他分类4731首340GB(双击进分类)).PackDirStructure(近年抖音热歌(1288首53.1GB)).PackFile(薛之谦-你还要我怎样.wav), sent

2024-05-28 04:16:31,881 <requestor-worker-0:2072188, MainThread:140581993367360> (requestor.py:_fetch_single_sync:156 -> middleware.py:apply_sync:93) from logger `RFC.middleware_content_saver`
[INFO] applying on PackDirStructure(root).PackDirStructure(WAV格式音乐6278首250GB(双击进分类)).PackDirStructure(其他分类4731首340GB(双击进分类)).PackDirStructure(近年抖音热歌(1288首53.1GB)).PackFile(蔡鹤峰-失忆(男生版).wav), received

2024-05-28 04:16:33,033 <requestor-worker-0:2072188, MainThread:140581993367360> (requestor.py:_fetch_single_sync:156 -> middleware.py:apply_sync:96) from logger `RFC.middleware_content_saver`
[INFO] applied on PackDirStructure(root).PackDirStructure(WAV格式音乐6278首250GB(双击进分类)).PackDirStructure(其他分类4731首340GB(双击进分类)).PackDirStructure(近年抖音热歌(1288首53.1GB)).PackFile(蔡鹤峰-失忆(男生版).wav), sent

2024-05-28 04:17:52,965 <requestor-worker-0:2072188, MainThread:140581993367360> (requestor.py:_fetch_single_sync:156 -> middleware.py:apply_sync:93) from logger `RFC.middleware_content_saver`
[INFO] applying on PackDirStructure(root).PackDirStructure(WAV格式音乐6278首250GB(双击进分类)).PackDirStructure(其他分类4731首340GB(双击进分类)).PackDirStructure(近年抖音热歌(1288首53.1GB)).PackFile(蔡徐坤-Hug me (抱我).wav), received

2024-05-28 04:17:54,341 <requestor-worker-0:2072188, MainThread:140581993367360> (requestor.py:_fetch_single_sync:156 -> middleware.py:apply_sync:96) from logger `RFC.middleware_content_saver`
[INFO] applied on PackDirStructure(root).PackDirStructure(WAV格式音乐6278首250GB(双击进分类)).PackDirStructure(其他分类4731首340GB(双击进分类)).PackDirStructure(近年抖音热歌(1288首53.1GB)).PackFile(蔡徐坤-Hug me (抱我).wav), sent

2024-05-28 04:19:52,208 <requestor-worker-0:2072188, MainThread:140581993367360> (requestor.py:_fetch_single_sync:156 -> middleware.py:apply_sync:93) from logger `RFC.middleware_content_saver`
[INFO] applying on PackDirStructure(root).PackDirStructure(WAV格式音乐6278首250GB(双击进分类)).PackDirStructure(其他分类4731首340GB(双击进分类)).PackDirStructure(近年抖音热歌(1288首53.1GB)).PackFile(蓝心羽-夏天的风.wav), received

2024-05-28 04:19:54,276 <requestor-worker-0:2072188, MainThread:140581993367360> (requestor.py:_fetch_single_sync:156 -> middleware.py:apply_sync:96) from logger `RFC.middleware_content_saver`
[INFO] applied on PackDirStructure(root).PackDirStructure(WAV格式音乐6278首250GB(双击进分类)).PackDirStructure(其他分类4731首340GB(双击进分类)).PackDirStructure(近年抖音热歌(1288首53.1GB)).PackFile(蓝心羽-夏天的风.wav), sent

2024-05-28 04:20:57,432 <requestor-worker-0:2072188, MainThread:140581993367360> (requestor.py:_fetch_single_sync:156 -> middleware.py:apply_sync:93) from logger `RFC.middleware_content_saver`
[INFO] applying on PackDirStructure(root).PackDirStructure(WAV格式音乐6278首250GB(双击进分类)).PackDirStructure(其他分类4731首340GB(双击进分类)).PackDirStructure(近年抖音热歌(1288首53.1GB)).PackFile(葛东琪-悬溺.wav), received

2024-05-28 04:20:58,315 <requestor-worker-0:2072188, MainThread:140581993367360> (requestor.py:_fetch_single_sync:156 -> middleware.py:apply_sync:96) from logger `RFC.middleware_content_saver`
[INFO] applied on PackDirStructure(root).PackDirStructure(WAV格式音乐6278首250GB(双击进分类)).PackDirStructure(其他分类4731首340GB(双击进分类)).PackDirStructure(近年抖音热歌(1288首53.1GB)).PackFile(葛东琪-悬溺.wav), sent

2024-05-28 04:22:06,511 <requestor-worker-0:2072188, MainThread:140581993367360> (requestor.py:_fetch_single_sync:156 -> middleware.py:apply_sync:93) from logger `RFC.middleware_content_saver`
[INFO] applying on PackDirStructure(root).PackDirStructure(WAV格式音乐6278首250GB(双击进分类)).PackDirStructure(其他分类4731首340GB(双击进分类)).PackDirStructure(近年抖音热歌(1288首53.1GB)).PackFile(菲儿-在劫难逃.wav), received

2024-05-28 04:22:07,338 <requestor-worker-0:2072188, MainThread:140581993367360> (requestor.py:_fetch_single_sync:156 -> middleware.py:apply_sync:96) from logger `RFC.middleware_content_saver`
[INFO] applied on PackDirStructure(root).PackDirStructure(WAV格式音乐6278首250GB(双击进分类)).PackDirStructure(其他分类4731首340GB(双击进分类)).PackDirStructure(近年抖音热歌(1288首53.1GB)).PackFile(菲儿-在劫难逃.wav), sent

2024-05-28 04:23:14,486 <requestor-worker-0:2072188, MainThread:140581993367360> (requestor.py:_fetch_single_sync:156 -> middleware.py:apply_sync:93) from logger `RFC.middleware_content_saver`
[INFO] applying on PackDirStructure(root).PackDirStructure(WAV格式音乐6278首250GB(双击进分类)).PackDirStructure(其他分类4731首340GB(双击进分类)).PackDirStructure(近年抖音热歌(1288首53.1GB)).PackFile(莫叫姐姐-你能不能不要离开我(莫叫语版).wav), received

2024-05-28 04:23:19,302 <requestor-worker-0:2072188, MainThread:140581993367360> (requestor.py:_fetch_single_sync:156 -> middleware.py:apply_sync:96) from logger `RFC.middleware_content_saver`
[INFO] applied on PackDirStructure(root).PackDirStructure(WAV格式音乐6278首250GB(双击进分类)).PackDirStructure(其他分类4731首340GB(双击进分类)).PackDirStructure(近年抖音热歌(1288首53.1GB)).PackFile(莫叫姐姐-你能不能不要离开我(莫叫语版).wav), sent

2024-05-28 04:25:05,949 <requestor-worker-0:2072188, MainThread:140581993367360> (requestor.py:_fetch_single_sync:156 -> middleware.py:apply_sync:93) from logger `RFC.middleware_content_saver`
[INFO] applying on PackDirStructure(root).PackDirStructure(WAV格式音乐6278首250GB(双击进分类)).PackDirStructure(其他分类4731首340GB(双击进分类)).PackDirStructure(近年抖音热歌(1288首53.1GB)).PackFile(英雄联盟-不可阻挡 (Burn It All Down).wav), received

2024-05-28 04:25:07,566 <requestor-worker-0:2072188, MainThread:140581993367360> (requestor.py:_fetch_single_sync:156 -> middleware.py:apply_sync:96) from logger `RFC.middleware_content_saver`
[INFO] applied on PackDirStructure(root).PackDirStructure(WAV格式音乐6278首250GB(双击进分类)).PackDirStructure(其他分类4731首340GB(双击进分类)).PackDirStructure(近年抖音热歌(1288首53.1GB)).PackFile(英雄联盟-不可阻挡 (Burn It All Down).wav), sent

2024-05-28 04:26:30,071 <requestor-worker-0:2072188, MainThread:140581993367360> (requestor.py:_fetch_single_sync:156 -> middleware.py:apply_sync:93) from logger `RFC.middleware_content_saver`
[INFO] applying on PackDirStructure(root).PackDirStructure(WAV格式音乐6278首250GB(双击进分类)).PackDirStructure(其他分类4731首340GB(双击进分类)).PackDirStructure(近年抖音热歌(1288首53.1GB)).PackFile(苏若晨-潮人必须带走.wav), received

2024-05-28 04:26:31,177 <requestor-worker-0:2072188, MainThread:140581993367360> (requestor.py:_fetch_single_sync:156 -> middleware.py:apply_sync:96) from logger `RFC.middleware_content_saver`
[INFO] applied on PackDirStructure(root).PackDirStructure(WAV格式音乐6278首250GB(双击进分类)).PackDirStructure(其他分类4731首340GB(双击进分类)).PackDirStructure(近年抖音热歌(1288首53.1GB)).PackFile(苏若晨-潮人必须带走.wav), sent

2024-05-28 04:27:35,301 <requestor-worker-0:2072188, MainThread:140581993367360> (requestor.py:_fetch_single_sync:156 -> middleware.py:apply_sync:93) from logger `RFC.middleware_content_saver`
[INFO] applying on PackDirStructure(root).PackDirStructure(WAV格式音乐6278首250GB(双击进分类)).PackDirStructure(其他分类4731首340GB(双击进分类)).PackDirStructure(近年抖音热歌(1288首53.1GB)).PackFile(苏星婕-失眠播报.wav), received

2024-05-28 04:27:36,972 <requestor-worker-0:2072188, MainThread:140581993367360> (requestor.py:_fetch_single_sync:156 -> middleware.py:apply_sync:96) from logger `RFC.middleware_content_saver`
[INFO] applied on PackDirStructure(root).PackDirStructure(WAV格式音乐6278首250GB(双击进分类)).PackDirStructure(其他分类4731首340GB(双击进分类)).PackDirStructure(近年抖音热歌(1288首53.1GB)).PackFile(苏星婕-失眠播报.wav), sent

2024-05-28 04:29:40,714 <requestor-worker-0:2072188, MainThread:140581993367360> (requestor.py:_fetch_single_sync:156 -> middleware.py:apply_sync:93) from logger `RFC.middleware_content_saver`
[INFO] applying on PackDirStructure(root).PackDirStructure(WAV格式音乐6278首250GB(双击进分类)).PackDirStructure(其他分类4731首340GB(双击进分类)).PackDirStructure(近年抖音热歌(1288首53.1GB)).PackFile(花姐-算了吧.wav), received

2024-05-28 04:29:42,890 <requestor-worker-0:2072188, MainThread:140581993367360> (requestor.py:_fetch_single_sync:156 -> middleware.py:apply_sync:96) from logger `RFC.middleware_content_saver`
[INFO] applied on PackDirStructure(root).PackDirStructure(WAV格式音乐6278首250GB(双击进分类)).PackDirStructure(其他分类4731首340GB(双击进分类)).PackDirStructure(近年抖音热歌(1288首53.1GB)).PackFile(花姐-算了吧.wav), sent

2024-05-28 04:32:46,101 <requestor-worker-0:2072188, MainThread:140581993367360> (requestor.py:_fetch_single_sync:156 -> middleware.py:apply_sync:93) from logger `RFC.middleware_content_saver`
[INFO] applying on PackDirStructure(root).PackDirStructure(WAV格式音乐6278首250GB(双击进分类)).PackDirStructure(其他分类4731首340GB(双击进分类)).PackDirStructure(近年抖音热歌(1288首53.1GB)).PackFile(芮河大對唱-背叛情歌.wav), received

2024-05-28 04:32:47,550 <requestor-worker-0:2072188, MainThread:140581993367360> (requestor.py:_fetch_single_sync:156 -> middleware.py:apply_sync:96) from logger `RFC.middleware_content_saver`
[INFO] applied on PackDirStructure(root).PackDirStructure(WAV格式音乐6278首250GB(双击进分类)).PackDirStructure(其他分类4731首340GB(双击进分类)).PackDirStructure(近年抖音热歌(1288首53.1GB)).PackFile(芮河大對唱-背叛情歌.wav), sent

2024-05-28 04:34:56,749 <requestor-worker-0:2072188, MainThread:140581993367360> (requestor.py:_fetch_single_sync:156 -> middleware.py:apply_sync:93) from logger `RFC.middleware_content_saver`
[INFO] applying on PackDirStructure(root).PackDirStructure(WAV格式音乐6278首250GB(双击进分类)).PackDirStructure(其他分类4731首340GB(双击进分类)).PackDirStructure(近年抖音热歌(1288首53.1GB)).PackFile(胡彦斌&张碧晨-陪你度过漫长岁月(Live).wav), received

2024-05-28 04:34:58,655 <requestor-worker-0:2072188, MainThread:140581993367360> (requestor.py:_fetch_single_sync:156 -> middleware.py:apply_sync:96) from logger `RFC.middleware_content_saver`
[INFO] applied on PackDirStructure(root).PackDirStructure(WAV格式音乐6278首250GB(双击进分类)).PackDirStructure(其他分类4731首340GB(双击进分类)).PackDirStructure(近年抖音热歌(1288首53.1GB)).PackFile(胡彦斌&张碧晨-陪你度过漫长岁月(Live).wav), sent

2024-05-28 04:36:40,515 <requestor-worker-0:2072188, MainThread:140581993367360> (requestor.py:_fetch_single_sync:156 -> middleware.py:apply_sync:93) from logger `RFC.middleware_content_saver`
[INFO] applying on PackDirStructure(root).PackDirStructure(WAV格式音乐6278首250GB(双击进分类)).PackDirStructure(其他分类4731首340GB(双击进分类)).PackDirStructure(近年抖音热歌(1288首53.1GB)).PackFile(胜屿-我们说好的.wav), received

2024-05-28 04:36:41,533 <requestor-worker-0:2072188, MainThread:140581993367360> (requestor.py:_fetch_single_sync:156 -> middleware.py:apply_sync:96) from logger `RFC.middleware_content_saver`
[INFO] applied on PackDirStructure(root).PackDirStructure(WAV格式音乐6278首250GB(双击进分类)).PackDirStructure(其他分类4731首340GB(双击进分类)).PackDirStructure(近年抖音热歌(1288首53.1GB)).PackFile(胜屿-我们说好的.wav), sent

2024-05-28 04:38:16,375 <requestor-worker-0:2072188, MainThread:140581993367360> (requestor.py:_fetch_single_sync:156 -> middleware.py:apply_sync:93) from logger `RFC.middleware_content_saver`
[INFO] applying on PackDirStructure(root).PackDirStructure(WAV格式音乐6278首250GB(双击进分类)).PackDirStructure(其他分类4731首340GB(双击进分类)).PackDirStructure(近年抖音热歌(1288首53.1GB)).PackFile(罗聪-简单的幸福.wav), received

2024-05-28 04:38:18,085 <requestor-worker-0:2072188, MainThread:140581993367360> (requestor.py:_fetch_single_sync:156 -> middleware.py:apply_sync:96) from logger `RFC.middleware_content_saver`
[INFO] applied on PackDirStructure(root).PackDirStructure(WAV格式音乐6278首250GB(双击进分类)).PackDirStructure(其他分类4731首340GB(双击进分类)).PackDirStructure(近年抖音热歌(1288首53.1GB)).PackFile(罗聪-简单的幸福.wav), sent

2024-05-28 04:39:49,615 <requestor-worker-0:2072188, MainThread:140581993367360> (requestor.py:_fetch_single_sync:156 -> middleware.py:apply_sync:93) from logger `RFC.middleware_content_saver`
[INFO] applying on PackDirStructure(root).PackDirStructure(WAV格式音乐6278首250GB(双击进分类)).PackDirStructure(其他分类4731首340GB(双击进分类)).PackDirStructure(近年抖音热歌(1288首53.1GB)).PackFile(红蔷薇-你是陪我走过风雨的人.wav), received

2024-05-28 04:39:50,914 <requestor-worker-0:2072188, MainThread:140581993367360> (requestor.py:_fetch_single_sync:156 -> middleware.py:apply_sync:96) from logger `RFC.middleware_content_saver`
[INFO] applied on PackDirStructure(root).PackDirStructure(WAV格式音乐6278首250GB(双击进分类)).PackDirStructure(其他分类4731首340GB(双击进分类)).PackDirStructure(近年抖音热歌(1288首53.1GB)).PackFile(红蔷薇-你是陪我走过风雨的人.wav), sent

2024-05-28 04:41:39,805 <requestor-worker-0:2072188, MainThread:140581993367360> (requestor.py:_fetch_single_sync:156 -> middleware.py:apply_sync:93) from logger `RFC.middleware_content_saver`
[INFO] applying on PackDirStructure(root).PackDirStructure(WAV格式音乐6278首250GB(双击进分类)).PackDirStructure(其他分类4731首340GB(双击进分类)).PackDirStructure(近年抖音热歌(1288首53.1GB)).PackFile(简弘亦-不染.wav), received

2024-05-28 04:41:41,569 <requestor-worker-0:2072188, MainThread:140581993367360> (requestor.py:_fetch_single_sync:156 -> middleware.py:apply_sync:96) from logger `RFC.middleware_content_saver`
[INFO] applied on PackDirStructure(root).PackDirStructure(WAV格式音乐6278首250GB(双击进分类)).PackDirStructure(其他分类4731首340GB(双击进分类)).PackDirStructure(近年抖音热歌(1288首53.1GB)).PackFile(简弘亦-不染.wav), sent

2024-05-28 04:42:57,142 <requestor-worker-0:2072188, MainThread:140581993367360> (requestor.py:_fetch_single_sync:156 -> middleware.py:apply_sync:93) from logger `RFC.middleware_content_saver`
[INFO] applying on PackDirStructure(root).PackDirStructure(WAV格式音乐6278首250GB(双击进分类)).PackDirStructure(其他分类4731首340GB(双击进分类)).PackDirStructure(近年抖音热歌(1288首53.1GB)).PackFile(程响-想起了你.wav), received

2024-05-28 04:42:57,982 <requestor-worker-0:2072188, MainThread:140581993367360> (requestor.py:_fetch_single_sync:156 -> middleware.py:apply_sync:96) from logger `RFC.middleware_content_saver`
[INFO] applied on PackDirStructure(root).PackDirStructure(WAV格式音乐6278首250GB(双击进分类)).PackDirStructure(其他分类4731首340GB(双击进分类)).PackDirStructure(近年抖音热歌(1288首53.1GB)).PackFile(程响-想起了你.wav), sent

2024-05-28 04:44:18,321 <requestor-worker-0:2072188, MainThread:140581993367360> (requestor.py:_fetch_single_sync:156 -> middleware.py:apply_sync:93) from logger `RFC.middleware_content_saver`
[INFO] applying on PackDirStructure(root).PackDirStructure(WAV格式音乐6278首250GB(双击进分类)).PackDirStructure(其他分类4731首340GB(双击进分类)).PackDirStructure(近年抖音热歌(1288首53.1GB)).PackFile(程响-不再联系.wav), received

2024-05-28 04:44:19,237 <requestor-worker-0:2072188, MainThread:140581993367360> (requestor.py:_fetch_single_sync:156 -> middleware.py:apply_sync:96) from logger `RFC.middleware_content_saver`
[INFO] applied on PackDirStructure(root).PackDirStructure(WAV格式音乐6278首250GB(双击进分类)).PackDirStructure(其他分类4731首340GB(双击进分类)).PackDirStructure(近年抖音热歌(1288首53.1GB)).PackFile(程响-不再联系.wav), sent

2024-05-28 04:46:09,424 <requestor-worker-0:2072188, MainThread:140581993367360> (requestor.py:_fetch_single_sync:156 -> middleware.py:apply_sync:93) from logger `RFC.middleware_content_saver`
[INFO] applying on PackDirStructure(root).PackDirStructure(WAV格式音乐6278首250GB(双击进分类)).PackDirStructure(其他分类4731首340GB(双击进分类)).PackDirStructure(近年抖音热歌(1288首53.1GB)).PackFile(程佳佳-好想抱住你.wav), received

2024-05-28 04:46:11,103 <requestor-worker-0:2072188, MainThread:140581993367360> (requestor.py:_fetch_single_sync:156 -> middleware.py:apply_sync:96) from logger `RFC.middleware_content_saver`
[INFO] applied on PackDirStructure(root).PackDirStructure(WAV格式音乐6278首250GB(双击进分类)).PackDirStructure(其他分类4731首340GB(双击进分类)).PackDirStructure(近年抖音热歌(1288首53.1GB)).PackFile(程佳佳-好想抱住你.wav), sent

2024-05-28 04:47:30,606 <requestor-worker-0:2072188, MainThread:140581993367360> (requestor.py:_fetch_single_sync:156 -> middleware.py:apply_sync:93) from logger `RFC.middleware_content_saver`
[INFO] applying on PackDirStructure(root).PackDirStructure(WAV格式音乐6278首250GB(双击进分类)).PackDirStructure(其他分类4731首340GB(双击进分类)).PackDirStructure(近年抖音热歌(1288首53.1GB)).PackFile(祁隆-人生路.wav), received

2024-05-28 04:47:32,004 <requestor-worker-0:2072188, MainThread:140581993367360> (requestor.py:_fetch_single_sync:156 -> middleware.py:apply_sync:96) from logger `RFC.middleware_content_saver`
[INFO] applied on PackDirStructure(root).PackDirStructure(WAV格式音乐6278首250GB(双击进分类)).PackDirStructure(其他分类4731首340GB(双击进分类)).PackDirStructure(近年抖音热歌(1288首53.1GB)).PackFile(祁隆-人生路.wav), sent

2024-05-28 04:48:34,390 <requestor-worker-0:2072188, MainThread:140581993367360> (requestor.py:_fetch_single_sync:156 -> middleware.py:apply_sync:93) from logger `RFC.middleware_content_saver`
[INFO] applying on PackDirStructure(root).PackDirStructure(WAV格式音乐6278首250GB(双击进分类)).PackDirStructure(其他分类4731首340GB(双击进分类)).PackDirStructure(近年抖音热歌(1288首53.1GB)).PackFile(皮卡丘多多-我的果汁分你一半.wav), received

2024-05-28 04:48:35,637 <requestor-worker-0:2072188, MainThread:140581993367360> (requestor.py:_fetch_single_sync:156 -> middleware.py:apply_sync:96) from logger `RFC.middleware_content_saver`
[INFO] applied on PackDirStructure(root).PackDirStructure(WAV格式音乐6278首250GB(双击进分类)).PackDirStructure(其他分类4731首340GB(双击进分类)).PackDirStructure(近年抖音热歌(1288首53.1GB)).PackFile(皮卡丘多多-我的果汁分你一半.wav), sent

2024-05-28 04:49:51,549 <requestor-worker-0:2072188, MainThread:140581993367360> (requestor.py:_fetch_single_sync:156 -> middleware.py:apply_sync:93) from logger `RFC.middleware_content_saver`
[INFO] applying on PackDirStructure(root).PackDirStructure(WAV格式音乐6278首250GB(双击进分类)).PackDirStructure(其他分类4731首340GB(双击进分类)).PackDirStructure(近年抖音热歌(1288首53.1GB)).PackFile(白小阳-黑手(抖音).wav), received

2024-05-28 04:49:52,747 <requestor-worker-0:2072188, MainThread:140581993367360> (requestor.py:_fetch_single_sync:156 -> middleware.py:apply_sync:96) from logger `RFC.middleware_content_saver`
[INFO] applied on PackDirStructure(root).PackDirStructure(WAV格式音乐6278首250GB(双击进分类)).PackDirStructure(其他分类4731首340GB(双击进分类)).PackDirStructure(近年抖音热歌(1288首53.1GB)).PackFile(白小阳-黑手(抖音).wav), sent

2024-05-28 04:51:11,439 <requestor-worker-0:2072188, MainThread:140581993367360> (requestor.py:_fetch_single_sync:156 -> middleware.py:apply_sync:93) from logger `RFC.middleware_content_saver`
[INFO] applying on PackDirStructure(root).PackDirStructure(WAV格式音乐6278首250GB(双击进分类)).PackDirStructure(其他分类4731首340GB(双击进分类)).PackDirStructure(近年抖音热歌(1288首53.1GB)).PackFile(白嘉峻-夜阑情歌.wav), received

2024-05-28 04:51:12,383 <requestor-worker-0:2072188, MainThread:140581993367360> (requestor.py:_fetch_single_sync:156 -> middleware.py:apply_sync:96) from logger `RFC.middleware_content_saver`
[INFO] applied on PackDirStructure(root).PackDirStructure(WAV格式音乐6278首250GB(双击进分类)).PackDirStructure(其他分类4731首340GB(双击进分类)).PackDirStructure(近年抖音热歌(1288首53.1GB)).PackFile(白嘉峻-夜阑情歌.wav), sent

2024-05-28 04:52:05,742 <requestor-worker-0:2072188, MainThread:140581993367360> (requestor.py:_fetch_single_sync:156 -> middleware.py:apply_sync:93) from logger `RFC.middleware_content_saver`
[INFO] applying on PackDirStructure(root).PackDirStructure(WAV格式音乐6278首250GB(双击进分类)).PackDirStructure(其他分类4731首340GB(双击进分类)).PackDirStructure(近年抖音热歌(1288首53.1GB)).PackFile(王麟-大吉大利中国年.wav), received

2024-05-28 04:52:06,840 <requestor-worker-0:2072188, MainThread:140581993367360> (requestor.py:_fetch_single_sync:156 -> middleware.py:apply_sync:96) from logger `RFC.middleware_content_saver`
[INFO] applied on PackDirStructure(root).PackDirStructure(WAV格式音乐6278首250GB(双击进分类)).PackDirStructure(其他分类4731首340GB(双击进分类)).PackDirStructure(近年抖音热歌(1288首53.1GB)).PackFile(王麟-大吉大利中国年.wav), sent

2024-05-28 04:53:10,384 <requestor-worker-0:2072188, MainThread:140581993367360> (requestor.py:_fetch_single_sync:156 -> middleware.py:apply_sync:93) from logger `RFC.middleware_content_saver`
[INFO] applying on PackDirStructure(root).PackDirStructure(WAV格式音乐6278首250GB(双击进分类)).PackDirStructure(其他分类4731首340GB(双击进分类)).PackDirStructure(近年抖音热歌(1288首53.1GB)).PackFile(王韵-孟婆的碗.wav), received

2024-05-28 04:53:11,048 <requestor-worker-0:2072188, MainThread:140581993367360> (requestor.py:_fetch_single_sync:156 -> middleware.py:apply_sync:96) from logger `RFC.middleware_content_saver`
[INFO] applied on PackDirStructure(root).PackDirStructure(WAV格式音乐6278首250GB(双击进分类)).PackDirStructure(其他分类4731首340GB(双击进分类)).PackDirStructure(近年抖音热歌(1288首53.1GB)).PackFile(王韵-孟婆的碗.wav), sent

2024-05-28 04:54:59,614 <requestor-worker-0:2072188, MainThread:140581993367360> (requestor.py:_fetch_single_sync:156 -> middleware.py:apply_sync:93) from logger `RFC.middleware_content_saver`
[INFO] applying on PackDirStructure(root).PackDirStructure(WAV格式音乐6278首250GB(双击进分类)).PackDirStructure(其他分类4731首340GB(双击进分类)).PackDirStructure(近年抖音热歌(1288首53.1GB)).PackFile(王靖雯-说说话(Live).wav), received

2024-05-28 04:55:01,624 <requestor-worker-0:2072188, MainThread:140581993367360> (requestor.py:_fetch_single_sync:156 -> middleware.py:apply_sync:96) from logger `RFC.middleware_content_saver`
[INFO] applied on PackDirStructure(root).PackDirStructure(WAV格式音乐6278首250GB(双击进分类)).PackDirStructure(其他分类4731首340GB(双击进分类)).PackDirStructure(近年抖音热歌(1288首53.1GB)).PackFile(王靖雯-说说话(Live).wav), sent

2024-05-28 04:57:09,276 <requestor-worker-0:2072188, MainThread:140581993367360> (requestor.py:_fetch_single_sync:156 -> middleware.py:apply_sync:93) from logger `RFC.middleware_content_saver`
[INFO] applying on PackDirStructure(root).PackDirStructure(WAV格式音乐6278首250GB(双击进分类)).PackDirStructure(其他分类4731首340GB(双击进分类)).PackDirStructure(近年抖音热歌(1288首53.1GB)).PackFile(王靖雯-不知所措.wav), received

2024-05-28 04:57:10,946 <requestor-worker-0:2072188, MainThread:140581993367360> (requestor.py:_fetch_single_sync:156 -> middleware.py:apply_sync:96) from logger `RFC.middleware_content_saver`
[INFO] applied on PackDirStructure(root).PackDirStructure(WAV格式音乐6278首250GB(双击进分类)).PackDirStructure(其他分类4731首340GB(双击进分类)).PackDirStructure(近年抖音热歌(1288首53.1GB)).PackFile(王靖雯-不知所措.wav), sent

2024-05-28 04:59:25,343 <requestor-worker-0:2072188, MainThread:140581993367360> (requestor.py:_fetch_single_sync:156 -> middleware.py:apply_sync:93) from logger `RFC.middleware_content_saver`
[INFO] applying on PackDirStructure(root).PackDirStructure(WAV格式音乐6278首250GB(双击进分类)).PackDirStructure(其他分类4731首340GB(双击进分类)).PackDirStructure(近年抖音热歌(1288首53.1GB)).PackFile(王者荣耀同人局-百战成诗（王者荣耀·100英雄群像献礼歌）.wav), received

2024-05-28 04:59:27,264 <requestor-worker-0:2072188, MainThread:140581993367360> (requestor.py:_fetch_single_sync:156 -> middleware.py:apply_sync:96) from logger `RFC.middleware_content_saver`
[INFO] applied on PackDirStructure(root).PackDirStructure(WAV格式音乐6278首250GB(双击进分类)).PackDirStructure(其他分类4731首340GB(双击进分类)).PackDirStructure(近年抖音热歌(1288首53.1GB)).PackFile(王者荣耀同人局-百战成诗（王者荣耀·100英雄群像献礼歌）.wav), sent

2024-05-28 05:00:29,257 <requestor-worker-0:2072188, MainThread:140581993367360> (requestor.py:_fetch_single_sync:156 -> middleware.py:apply_sync:93) from logger `RFC.middleware_content_saver`
[INFO] applying on PackDirStructure(root).PackDirStructure(WAV格式音乐6278首250GB(双击进分类)).PackDirStructure(其他分类4731首340GB(双击进分类)).PackDirStructure(近年抖音热歌(1288首53.1GB)).PackFile(王炫凝-妈妈我饿了.wav), received

2024-05-28 05:00:30,351 <requestor-worker-0:2072188, MainThread:140581993367360> (requestor.py:_fetch_single_sync:156 -> middleware.py:apply_sync:96) from logger `RFC.middleware_content_saver`
[INFO] applied on PackDirStructure(root).PackDirStructure(WAV格式音乐6278首250GB(双击进分类)).PackDirStructure(其他分类4731首340GB(双击进分类)).PackDirStructure(近年抖音热歌(1288首53.1GB)).PackFile(王炫凝-妈妈我饿了.wav), sent

2024-05-28 05:01:17,487 <requestor-worker-0:2072188, MainThread:140581993367360> (requestor.py:_fetch_single_sync:156 -> middleware.py:apply_sync:93) from logger `RFC.middleware_content_saver`
[INFO] applying on PackDirStructure(root).PackDirStructure(WAV格式音乐6278首250GB(双击进分类)).PackDirStructure(其他分类4731首340GB(双击进分类)).PackDirStructure(近年抖音热歌(1288首53.1GB)).PackFile(王梦瑶&王Music-蜜雪冰城(抖音完整原版).wav), received

2024-05-28 05:01:18,156 <requestor-worker-0:2072188, MainThread:140581993367360> (requestor.py:_fetch_single_sync:156 -> middleware.py:apply_sync:96) from logger `RFC.middleware_content_saver`
[INFO] applied on PackDirStructure(root).PackDirStructure(WAV格式音乐6278首250GB(双击进分类)).PackDirStructure(其他分类4731首340GB(双击进分类)).PackDirStructure(近年抖音热歌(1288首53.1GB)).PackFile(王梦瑶&王Music-蜜雪冰城(抖音完整原版).wav), sent

2024-05-28 05:02:49,921 <requestor-worker-0:2072188, MainThread:140581993367360> (requestor.py:_fetch_single_sync:156 -> middleware.py:apply_sync:93) from logger `RFC.middleware_content_saver`
[INFO] applying on PackDirStructure(root).PackDirStructure(WAV格式音乐6278首250GB(双击进分类)).PackDirStructure(其他分类4731首340GB(双击进分类)).PackDirStructure(近年抖音热歌(1288首53.1GB)).PackFile(王忻辰&苏星婕-清空(DJ版).wav), received

2024-05-28 05:02:50,891 <requestor-worker-0:2072188, MainThread:140581993367360> (requestor.py:_fetch_single_sync:156 -> middleware.py:apply_sync:96) from logger `RFC.middleware_content_saver`
[INFO] applied on PackDirStructure(root).PackDirStructure(WAV格式音乐6278首250GB(双击进分类)).PackDirStructure(其他分类4731首340GB(双击进分类)).PackDirStructure(近年抖音热歌(1288首53.1GB)).PackFile(王忻辰&苏星婕-清空(DJ版).wav), sent

2024-05-28 05:04:26,101 <requestor-worker-0:2072188, MainThread:140581993367360> (requestor.py:_fetch_single_sync:156 -> middleware.py:apply_sync:93) from logger `RFC.middleware_content_saver`
[INFO] applying on PackDirStructure(root).PackDirStructure(WAV格式音乐6278首250GB(双击进分类)).PackDirStructure(其他分类4731首340GB(双击进分类)).PackDirStructure(近年抖音热歌(1288首53.1GB)).PackFile(王巨星-情字难(男版).wav), received

2024-05-28 05:04:27,145 <requestor-worker-0:2072188, MainThread:140581993367360> (requestor.py:_fetch_single_sync:156 -> middleware.py:apply_sync:96) from logger `RFC.middleware_content_saver`
[INFO] applied on PackDirStructure(root).PackDirStructure(WAV格式音乐6278首250GB(双击进分类)).PackDirStructure(其他分类4731首340GB(双击进分类)).PackDirStructure(近年抖音热歌(1288首53.1GB)).PackFile(王巨星-情字难(男版).wav), sent

2024-05-28 05:05:48,655 <requestor-worker-0:2072188, MainThread:140581993367360> (requestor.py:_fetch_single_sync:156 -> middleware.py:apply_sync:93) from logger `RFC.middleware_content_saver`
[INFO] applying on PackDirStructure(root).PackDirStructure(WAV格式音乐6278首250GB(双击进分类)).PackDirStructure(其他分类4731首340GB(双击进分类)).PackDirStructure(近年抖音热歌(1288首53.1GB)).PackFile(王小叶-爱过了头心伤透.wav), received

2024-05-28 05:05:50,318 <requestor-worker-0:2072188, MainThread:140581993367360> (requestor.py:_fetch_single_sync:156 -> middleware.py:apply_sync:96) from logger `RFC.middleware_content_saver`
[INFO] applied on PackDirStructure(root).PackDirStructure(WAV格式音乐6278首250GB(双击进分类)).PackDirStructure(其他分类4731首340GB(双击进分类)).PackDirStructure(近年抖音热歌(1288首53.1GB)).PackFile(王小叶-爱过了头心伤透.wav), sent

2024-05-28 05:08:08,490 <requestor-worker-0:2072188, MainThread:140581993367360> (requestor.py:_fetch_single_sync:156 -> middleware.py:apply_sync:93) from logger `RFC.middleware_content_saver`
[INFO] applying on PackDirStructure(root).PackDirStructure(WAV格式音乐6278首250GB(双击进分类)).PackDirStructure(其他分类4731首340GB(双击进分类)).PackDirStructure(近年抖音热歌(1288首53.1GB)).PackFile(王天阳-忽然之间（完整版）.wav), received

2024-05-28 05:08:10,168 <requestor-worker-0:2072188, MainThread:140581993367360> (requestor.py:_fetch_single_sync:156 -> middleware.py:apply_sync:96) from logger `RFC.middleware_content_saver`
[INFO] applied on PackDirStructure(root).PackDirStructure(WAV格式音乐6278首250GB(双击进分类)).PackDirStructure(其他分类4731首340GB(双击进分类)).PackDirStructure(近年抖音热歌(1288首53.1GB)).PackFile(王天阳-忽然之间（完整版）.wav), sent

2024-05-28 05:09:27,085 <requestor-worker-0:2072188, MainThread:140581993367360> (requestor.py:_fetch_single_sync:156 -> middleware.py:apply_sync:93) from logger `RFC.middleware_content_saver`
[INFO] applying on PackDirStructure(root).PackDirStructure(WAV格式音乐6278首250GB(双击进分类)).PackDirStructure(其他分类4731首340GB(双击进分类)).PackDirStructure(近年抖音热歌(1288首53.1GB)).PackFile(王俊凯&星火飞行器&Any安伟&王北车&叶子&逯通&郭锐-想见你想见你想见你.wav), received

2024-05-28 05:09:28,479 <requestor-worker-0:2072188, MainThread:140581993367360> (requestor.py:_fetch_single_sync:156 -> middleware.py:apply_sync:96) from logger `RFC.middleware_content_saver`
[INFO] applied on PackDirStructure(root).PackDirStructure(WAV格式音乐6278首250GB(双击进分类)).PackDirStructure(其他分类4731首340GB(双击进分类)).PackDirStructure(近年抖音热歌(1288首53.1GB)).PackFile(王俊凯&星火飞行器&Any安伟&王北车&叶子&逯通&郭锐-想见你想见你想见你.wav), sent

2024-05-28 05:10:18,612 <requestor-worker-0:2072188, MainThread:140581993367360> (requestor.py:_fetch_single_sync:156 -> middleware.py:apply_sync:93) from logger `RFC.middleware_content_saver`
[INFO] applying on PackDirStructure(root).PackDirStructure(WAV格式音乐6278首250GB(双击进分类)).PackDirStructure(其他分类4731首340GB(双击进分类)).PackDirStructure(近年抖音热歌(1288首53.1GB)).PackFile(王七七-谈恋爱(纯歌版).wav), received

2024-05-28 05:10:19,425 <requestor-worker-0:2072188, MainThread:140581993367360> (requestor.py:_fetch_single_sync:156 -> middleware.py:apply_sync:96) from logger `RFC.middleware_content_saver`
[INFO] applied on PackDirStructure(root).PackDirStructure(WAV格式音乐6278首250GB(双击进分类)).PackDirStructure(其他分类4731首340GB(双击进分类)).PackDirStructure(近年抖音热歌(1288首53.1GB)).PackFile(王七七-谈恋爱(纯歌版).wav), sent

2024-05-28 05:12:16,692 <requestor-worker-0:2072188, MainThread:140581993367360> (requestor.py:_fetch_single_sync:156 -> middleware.py:apply_sync:93) from logger `RFC.middleware_content_saver`
[INFO] applying on PackDirStructure(root).PackDirStructure(WAV格式音乐6278首250GB(双击进分类)).PackDirStructure(其他分类4731首340GB(双击进分类)).PackDirStructure(近年抖音热歌(1288首53.1GB)).PackFile(猫儿-兄弟努力吧.wav), received

2024-05-28 05:12:18,714 <requestor-worker-0:2072188, MainThread:140581993367360> (requestor.py:_fetch_single_sync:156 -> middleware.py:apply_sync:96) from logger `RFC.middleware_content_saver`
[INFO] applied on PackDirStructure(root).PackDirStructure(WAV格式音乐6278首250GB(双击进分类)).PackDirStructure(其他分类4731首340GB(双击进分类)).PackDirStructure(近年抖音热歌(1288首53.1GB)).PackFile(猫儿-兄弟努力吧.wav), sent

2024-05-28 05:13:24,238 <requestor-worker-0:2072188, MainThread:140581993367360> (requestor.py:_fetch_single_sync:156 -> middleware.py:apply_sync:93) from logger `RFC.middleware_content_saver`
[INFO] applying on PackDirStructure(root).PackDirStructure(WAV格式音乐6278首250GB(双击进分类)).PackDirStructure(其他分类4731首340GB(双击进分类)).PackDirStructure(近年抖音热歌(1288首53.1GB)).PackFile(烟嗓-南墙.wav), received

2024-05-28 05:13:25,243 <requestor-worker-0:2072188, MainThread:140581993367360> (requestor.py:_fetch_single_sync:156 -> middleware.py:apply_sync:96) from logger `RFC.middleware_content_saver`
[INFO] applied on PackDirStructure(root).PackDirStructure(WAV格式音乐6278首250GB(双击进分类)).PackDirStructure(其他分类4731首340GB(双击进分类)).PackDirStructure(近年抖音热歌(1288首53.1GB)).PackFile(烟嗓-南墙.wav), sent

2024-05-28 05:15:07,166 <requestor-worker-0:2072188, MainThread:140581993367360> (requestor.py:_fetch_single_sync:156 -> middleware.py:apply_sync:93) from logger `RFC.middleware_content_saver`
[INFO] applying on PackDirStructure(root).PackDirStructure(WAV格式音乐6278首250GB(双击进分类)).PackDirStructure(其他分类4731首340GB(双击进分类)).PackDirStructure(近年抖音热歌(1288首53.1GB)).PackFile(潘玮柏&弦子-不得不爱.wav), received

2024-05-28 05:15:08,814 <requestor-worker-0:2072188, MainThread:140581993367360> (requestor.py:_fetch_single_sync:156 -> middleware.py:apply_sync:96) from logger `RFC.middleware_content_saver`
[INFO] applied on PackDirStructure(root).PackDirStructure(WAV格式音乐6278首250GB(双击进分类)).PackDirStructure(其他分类4731首340GB(双击进分类)).PackDirStructure(近年抖音热歌(1288首53.1GB)).PackFile(潘玮柏&弦子-不得不爱.wav), sent

2024-05-28 05:16:34,385 <requestor-worker-0:2072188, MainThread:140581993367360> (requestor.py:_fetch_single_sync:156 -> middleware.py:apply_sync:93) from logger `RFC.middleware_content_saver`
[INFO] applying on PackDirStructure(root).PackDirStructure(WAV格式音乐6278首250GB(双击进分类)).PackDirStructure(其他分类4731首340GB(双击进分类)).PackDirStructure(近年抖音热歌(1288首53.1GB)).PackFile(添儿呗-烟火人间.wav), received

2024-05-28 05:16:35,493 <requestor-worker-0:2072188, MainThread:140581993367360> (requestor.py:_fetch_single_sync:156 -> middleware.py:apply_sync:96) from logger `RFC.middleware_content_saver`
[INFO] applied on PackDirStructure(root).PackDirStructure(WAV格式音乐6278首250GB(双击进分类)).PackDirStructure(其他分类4731首340GB(双击进分类)).PackDirStructure(近年抖音热歌(1288首53.1GB)).PackFile(添儿呗-烟火人间.wav), sent

2024-05-28 05:17:51,491 <requestor-worker-0:2072188, MainThread:140581993367360> (requestor.py:_fetch_single_sync:156 -> middleware.py:apply_sync:93) from logger `RFC.middleware_content_saver`
[INFO] applying on PackDirStructure(root).PackDirStructure(WAV格式音乐6278首250GB(双击进分类)).PackDirStructure(其他分类4731首340GB(双击进分类)).PackDirStructure(近年抖音热歌(1288首53.1GB)).PackFile(海来阿木-远方有信仰.wav), received

2024-05-28 05:17:52,808 <requestor-worker-0:2072188, MainThread:140581993367360> (requestor.py:_fetch_single_sync:156 -> middleware.py:apply_sync:96) from logger `RFC.middleware_content_saver`
[INFO] applied on PackDirStructure(root).PackDirStructure(WAV格式音乐6278首250GB(双击进分类)).PackDirStructure(其他分类4731首340GB(双击进分类)).PackDirStructure(近年抖音热歌(1288首53.1GB)).PackFile(海来阿木-远方有信仰.wav), sent

2024-05-28 05:19:16,807 <requestor-worker-0:2072188, MainThread:140581993367360> (requestor.py:_fetch_single_sync:156 -> middleware.py:apply_sync:93) from logger `RFC.middleware_content_saver`
[INFO] applying on PackDirStructure(root).PackDirStructure(WAV格式音乐6278首250GB(双击进分类)).PackDirStructure(其他分类4731首340GB(双击进分类)).PackDirStructure(近年抖音热歌(1288首53.1GB)).PackFile(海来阿木-不过人间(DJ沈念版).wav), received

2024-05-28 05:19:18,173 <requestor-worker-0:2072188, MainThread:140581993367360> (requestor.py:_fetch_single_sync:156 -> middleware.py:apply_sync:96) from logger `RFC.middleware_content_saver`
[INFO] applied on PackDirStructure(root).PackDirStructure(WAV格式音乐6278首250GB(双击进分类)).PackDirStructure(其他分类4731首340GB(双击进分类)).PackDirStructure(近年抖音热歌(1288首53.1GB)).PackFile(海来阿木-不过人间(DJ沈念版).wav), sent

2024-05-28 05:20:42,303 <requestor-worker-0:2072188, MainThread:140581993367360> (requestor.py:_fetch_single_sync:156 -> middleware.py:apply_sync:93) from logger `RFC.middleware_content_saver`
[INFO] applying on PackDirStructure(root).PackDirStructure(WAV格式音乐6278首250GB(双击进分类)).PackDirStructure(其他分类4731首340GB(双击进分类)).PackDirStructure(近年抖音热歌(1288首53.1GB)).PackFile(海伦-她很孤独.wav), received

2024-05-28 05:20:43,337 <requestor-worker-0:2072188, MainThread:140581993367360> (requestor.py:_fetch_single_sync:156 -> middleware.py:apply_sync:96) from logger `RFC.middleware_content_saver`
[INFO] applied on PackDirStructure(root).PackDirStructure(WAV格式音乐6278首250GB(双击进分类)).PackDirStructure(其他分类4731首340GB(双击进分类)).PackDirStructure(近年抖音热歌(1288首53.1GB)).PackFile(海伦-她很孤独.wav), sent

2024-05-28 05:22:05,796 <requestor-worker-0:2072188, MainThread:140581993367360> (requestor.py:_fetch_single_sync:156 -> middleware.py:apply_sync:93) from logger `RFC.middleware_content_saver`
[INFO] applying on PackDirStructure(root).PackDirStructure(WAV格式音乐6278首250GB(双击进分类)).PackDirStructure(其他分类4731首340GB(双击进分类)).PackDirStructure(近年抖音热歌(1288首53.1GB)).PackFile(洛先生-孤城.wav), received

2024-05-28 05:22:06,999 <requestor-worker-0:2072188, MainThread:140581993367360> (requestor.py:_fetch_single_sync:156 -> middleware.py:apply_sync:96) from logger `RFC.middleware_content_saver`
[INFO] applied on PackDirStructure(root).PackDirStructure(WAV格式音乐6278首250GB(双击进分类)).PackDirStructure(其他分类4731首340GB(双击进分类)).PackDirStructure(近年抖音热歌(1288首53.1GB)).PackFile(洛先生-孤城.wav), sent

2024-05-28 05:23:12,043 <requestor-worker-0:2072188, MainThread:140581993367360> (requestor.py:_fetch_single_sync:156 -> middleware.py:apply_sync:93) from logger `RFC.middleware_content_saver`
[INFO] applying on PackDirStructure(root).PackDirStructure(WAV格式音乐6278首250GB(双击进分类)).PackDirStructure(其他分类4731首340GB(双击进分类)).PackDirStructure(近年抖音热歌(1288首53.1GB)).PackFile(泽亦龙-Nevada.wav), received

2024-05-28 05:23:13,049 <requestor-worker-0:2072188, MainThread:140581993367360> (requestor.py:_fetch_single_sync:156 -> middleware.py:apply_sync:96) from logger `RFC.middleware_content_saver`
[INFO] applied on PackDirStructure(root).PackDirStructure(WAV格式音乐6278首250GB(双击进分类)).PackDirStructure(其他分类4731首340GB(双击进分类)).PackDirStructure(近年抖音热歌(1288首53.1GB)).PackFile(泽亦龙-Nevada.wav), sent

2024-05-28 05:25:18,075 <requestor-worker-0:2072188, MainThread:140581993367360> (requestor.py:_fetch_single_sync:156 -> middleware.py:apply_sync:93) from logger `RFC.middleware_content_saver`
[INFO] applying on PackDirStructure(root).PackDirStructure(WAV格式音乐6278首250GB(双击进分类)).PackDirStructure(其他分类4731首340GB(双击进分类)).PackDirStructure(近年抖音热歌(1288首53.1GB)).PackFile(汪苏泷-剑魂.wav), received

2024-05-28 05:25:19,870 <requestor-worker-0:2072188, MainThread:140581993367360> (requestor.py:_fetch_single_sync:156 -> middleware.py:apply_sync:96) from logger `RFC.middleware_content_saver`
[INFO] applied on PackDirStructure(root).PackDirStructure(WAV格式音乐6278首250GB(双击进分类)).PackDirStructure(其他分类4731首340GB(双击进分类)).PackDirStructure(近年抖音热歌(1288首53.1GB)).PackFile(汪苏泷-剑魂.wav), sent

2024-05-28 05:26:22,061 <requestor-worker-0:2072188, MainThread:140581993367360> (requestor.py:_fetch_single_sync:156 -> middleware.py:apply_sync:93) from logger `RFC.middleware_content_saver`
[INFO] applying on PackDirStructure(root).PackDirStructure(WAV格式音乐6278首250GB(双击进分类)).PackDirStructure(其他分类4731首340GB(双击进分类)).PackDirStructure(近年抖音热歌(1288首53.1GB)).PackFile(毛宁-晚秋.wav), received

2024-05-28 05:26:22,878 <requestor-worker-0:2072188, MainThread:140581993367360> (requestor.py:_fetch_single_sync:156 -> middleware.py:apply_sync:96) from logger `RFC.middleware_content_saver`
[INFO] applied on PackDirStructure(root).PackDirStructure(WAV格式音乐6278首250GB(双击进分类)).PackDirStructure(其他分类4731首340GB(双击进分类)).PackDirStructure(近年抖音热歌(1288首53.1GB)).PackFile(毛宁-晚秋.wav), sent

2024-05-28 05:28:55,088 <requestor-worker-0:2072188, MainThread:140581993367360> (requestor.py:_fetch_single_sync:156 -> middleware.py:apply_sync:93) from logger `RFC.middleware_content_saver`
[INFO] applying on PackDirStructure(root).PackDirStructure(WAV格式音乐6278首250GB(双击进分类)).PackDirStructure(其他分类4731首340GB(双击进分类)).PackDirStructure(近年抖音热歌(1288首53.1GB)).PackFile(毛不易-如你所想.wav), received

2024-05-28 05:28:57,084 <requestor-worker-0:2072188, MainThread:140581993367360> (requestor.py:_fetch_single_sync:156 -> middleware.py:apply_sync:96) from logger `RFC.middleware_content_saver`
[INFO] applied on PackDirStructure(root).PackDirStructure(WAV格式音乐6278首250GB(双击进分类)).PackDirStructure(其他分类4731首340GB(双击进分类)).PackDirStructure(近年抖音热歌(1288首53.1GB)).PackFile(毛不易-如你所想.wav), sent

2024-05-28 05:30:02,820 <requestor-worker-0:2072188, MainThread:140581993367360> (requestor.py:_fetch_single_sync:156 -> middleware.py:apply_sync:93) from logger `RFC.middleware_content_saver`
[INFO] applying on PackDirStructure(root).PackDirStructure(WAV格式音乐6278首250GB(双击进分类)).PackDirStructure(其他分类4731首340GB(双击进分类)).PackDirStructure(近年抖音热歌(1288首53.1GB)).PackFile(欧阳娜娜-宁夏.wav), received

2024-05-28 05:30:04,028 <requestor-worker-0:2072188, MainThread:140581993367360> (requestor.py:_fetch_single_sync:156 -> middleware.py:apply_sync:96) from logger `RFC.middleware_content_saver`
[INFO] applied on PackDirStructure(root).PackDirStructure(WAV格式音乐6278首250GB(双击进分类)).PackDirStructure(其他分类4731首340GB(双击进分类)).PackDirStructure(近年抖音热歌(1288首53.1GB)).PackFile(欧阳娜娜-宁夏.wav), sent

2024-05-28 05:31:39,960 <requestor-worker-0:2072188, MainThread:140581993367360> (requestor.py:_fetch_single_sync:156 -> middleware.py:apply_sync:93) from logger `RFC.middleware_content_saver`
[INFO] applying on PackDirStructure(root).PackDirStructure(WAV格式音乐6278首250GB(双击进分类)).PackDirStructure(其他分类4731首340GB(双击进分类)).PackDirStructure(近年抖音热歌(1288首53.1GB)).PackFile(梦然-没有你陪伴真的好孤单.wav), received

2024-05-28 05:31:41,038 <requestor-worker-0:2072188, MainThread:140581993367360> (requestor.py:_fetch_single_sync:156 -> middleware.py:apply_sync:96) from logger `RFC.middleware_content_saver`
[INFO] applied on PackDirStructure(root).PackDirStructure(WAV格式音乐6278首250GB(双击进分类)).PackDirStructure(其他分类4731首340GB(双击进分类)).PackDirStructure(近年抖音热歌(1288首53.1GB)).PackFile(梦然-没有你陪伴真的好孤单.wav), sent

2024-05-28 05:33:08,940 <requestor-worker-0:2072188, MainThread:140581993367360> (requestor.py:_fetch_single_sync:156 -> middleware.py:apply_sync:93) from logger `RFC.middleware_content_saver`
[INFO] applying on PackDirStructure(root).PackDirStructure(WAV格式音乐6278首250GB(双击进分类)).PackDirStructure(其他分类4731首340GB(双击进分类)).PackDirStructure(近年抖音热歌(1288首53.1GB)).PackFile(柳欢欢-你弄丢了视你如命的人.wav), received

2024-05-28 05:33:09,992 <requestor-worker-0:2072188, MainThread:140581993367360> (requestor.py:_fetch_single_sync:156 -> middleware.py:apply_sync:96) from logger `RFC.middleware_content_saver`
[INFO] applied on PackDirStructure(root).PackDirStructure(WAV格式音乐6278首250GB(双击进分类)).PackDirStructure(其他分类4731首340GB(双击进分类)).PackDirStructure(近年抖音热歌(1288首53.1GB)).PackFile(柳欢欢-你弄丢了视你如命的人.wav), sent

2024-05-28 05:34:01,755 <requestor-worker-0:2072188, MainThread:140581993367360> (requestor.py:_fetch_single_sync:156 -> middleware.py:apply_sync:93) from logger `RFC.middleware_content_saver`
[INFO] applying on PackDirStructure(root).PackDirStructure(WAV格式音乐6278首250GB(双击进分类)).PackDirStructure(其他分类4731首340GB(双击进分类)).PackDirStructure(近年抖音热歌(1288首53.1GB)).PackFile(柯柯柯啊-姑娘别哭泣(弹唱版).wav), received

2024-05-28 05:34:02,515 <requestor-worker-0:2072188, MainThread:140581993367360> (requestor.py:_fetch_single_sync:156 -> middleware.py:apply_sync:96) from logger `RFC.middleware_content_saver`
[INFO] applied on PackDirStructure(root).PackDirStructure(WAV格式音乐6278首250GB(双击进分类)).PackDirStructure(其他分类4731首340GB(双击进分类)).PackDirStructure(近年抖音热歌(1288首53.1GB)).PackFile(柯柯柯啊-姑娘别哭泣(弹唱版).wav), sent

2024-05-28 05:36:28,915 <requestor-worker-0:2072188, MainThread:140581993367360> (requestor.py:_fetch_single_sync:156 -> middleware.py:apply_sync:93) from logger `RFC.middleware_content_saver`
[INFO] applying on PackDirStructure(root).PackDirStructure(WAV格式音乐6278首250GB(双击进分类)).PackDirStructure(其他分类4731首340GB(双击进分类)).PackDirStructure(近年抖音热歌(1288首53.1GB)).PackFile(林小珂-尘埃.wav), received

2024-05-28 05:36:30,081 <requestor-worker-0:2072188, MainThread:140581993367360> (requestor.py:_fetch_single_sync:156 -> middleware.py:apply_sync:96) from logger `RFC.middleware_content_saver`
[INFO] applied on PackDirStructure(root).PackDirStructure(WAV格式音乐6278首250GB(双击进分类)).PackDirStructure(其他分类4731首340GB(双击进分类)).PackDirStructure(近年抖音热歌(1288首53.1GB)).PackFile(林小珂-尘埃.wav), sent

2024-05-28 05:38:10,762 <requestor-worker-0:2072188, MainThread:140581993367360> (requestor.py:_fetch_single_sync:156 -> middleware.py:apply_sync:93) from logger `RFC.middleware_content_saver`
[INFO] applying on PackDirStructure(root).PackDirStructure(WAV格式音乐6278首250GB(双击进分类)).PackDirStructure(其他分类4731首340GB(双击进分类)).PackDirStructure(近年抖音热歌(1288首53.1GB)).PackFile(林俊杰&G.E.M.邓紫棋-手心的蔷薇.wav), received

2024-05-28 05:38:12,405 <requestor-worker-0:2072188, MainThread:140581993367360> (requestor.py:_fetch_single_sync:156 -> middleware.py:apply_sync:96) from logger `RFC.middleware_content_saver`
[INFO] applied on PackDirStructure(root).PackDirStructure(WAV格式音乐6278首250GB(双击进分类)).PackDirStructure(其他分类4731首340GB(双击进分类)).PackDirStructure(近年抖音热歌(1288首53.1GB)).PackFile(林俊杰&G.E.M.邓紫棋-手心的蔷薇.wav), sent

2024-05-28 05:40:26,510 <requestor-worker-0:2072188, MainThread:140581993367360> (requestor.py:_fetch_single_sync:156 -> middleware.py:apply_sync:93) from logger `RFC.middleware_content_saver`
[INFO] applying on PackDirStructure(root).PackDirStructure(WAV格式音乐6278首250GB(双击进分类)).PackDirStructure(其他分类4731首340GB(双击进分类)).PackDirStructure(近年抖音热歌(1288首53.1GB)).PackFile(杨小壮-我承认我自卑.wav), received

2024-05-28 05:40:28,042 <requestor-worker-0:2072188, MainThread:140581993367360> (requestor.py:_fetch_single_sync:156 -> middleware.py:apply_sync:96) from logger `RFC.middleware_content_saver`
[INFO] applied on PackDirStructure(root).PackDirStructure(WAV格式音乐6278首250GB(双击进分类)).PackDirStructure(其他分类4731首340GB(双击进分类)).PackDirStructure(近年抖音热歌(1288首53.1GB)).PackFile(杨小壮-我承认我自卑.wav), sent

2024-05-28 05:41:34,505 <requestor-worker-0:2072188, MainThread:140581993367360> (requestor.py:_fetch_single_sync:156 -> middleware.py:apply_sync:93) from logger `RFC.middleware_content_saver`
[INFO] applying on PackDirStructure(root).PackDirStructure(WAV格式音乐6278首250GB(双击进分类)).PackDirStructure(其他分类4731首340GB(双击进分类)).PackDirStructure(近年抖音热歌(1288首53.1GB)).PackFile(杨千嬅-处处吻.wav), received

2024-05-28 05:41:35,638 <requestor-worker-0:2072188, MainThread:140581993367360> (requestor.py:_fetch_single_sync:156 -> middleware.py:apply_sync:96) from logger `RFC.middleware_content_saver`
[INFO] applied on PackDirStructure(root).PackDirStructure(WAV格式音乐6278首250GB(双击进分类)).PackDirStructure(其他分类4731首340GB(双击进分类)).PackDirStructure(近年抖音热歌(1288首53.1GB)).PackFile(杨千嬅-处处吻.wav), sent

2024-05-28 05:42:59,742 <requestor-worker-0:2072188, MainThread:140581993367360> (requestor.py:_fetch_single_sync:156 -> middleware.py:apply_sync:93) from logger `RFC.middleware_content_saver`
[INFO] applying on PackDirStructure(root).PackDirStructure(WAV格式音乐6278首250GB(双击进分类)).PackDirStructure(其他分类4731首340GB(双击进分类)).PackDirStructure(近年抖音热歌(1288首53.1GB)).PackFile(杜婧荧-雪(独唱版).wav), received

2024-05-28 05:43:01,248 <requestor-worker-0:2072188, MainThread:140581993367360> (requestor.py:_fetch_single_sync:156 -> middleware.py:apply_sync:96) from logger `RFC.middleware_content_saver`
[INFO] applied on PackDirStructure(root).PackDirStructure(WAV格式音乐6278首250GB(双击进分类)).PackDirStructure(其他分类4731首340GB(双击进分类)).PackDirStructure(近年抖音热歌(1288首53.1GB)).PackFile(杜婧荧-雪(独唱版).wav), sent

2024-05-28 05:44:35,936 <requestor-worker-0:2072188, MainThread:140581993367360> (requestor.py:_fetch_single_sync:156 -> middleware.py:apply_sync:93) from logger `RFC.middleware_content_saver`
[INFO] applying on PackDirStructure(root).PackDirStructure(WAV格式音乐6278首250GB(双击进分类)).PackDirStructure(其他分类4731首340GB(双击进分类)).PackDirStructure(近年抖音热歌(1288首53.1GB)).PackFile(李荣浩-李白.wav), received

2024-05-28 05:44:37,701 <requestor-worker-0:2072188, MainThread:140581993367360> (requestor.py:_fetch_single_sync:156 -> middleware.py:apply_sync:96) from logger `RFC.middleware_content_saver`
[INFO] applied on PackDirStructure(root).PackDirStructure(WAV格式音乐6278首250GB(双击进分类)).PackDirStructure(其他分类4731首340GB(双击进分类)).PackDirStructure(近年抖音热歌(1288首53.1GB)).PackFile(李荣浩-李白.wav), sent

2024-05-28 05:45:40,322 <requestor-worker-0:2072188, MainThread:140581993367360> (requestor.py:_fetch_single_sync:156 -> middleware.py:apply_sync:93) from logger `RFC.middleware_content_saver`
[INFO] applying on PackDirStructure(root).PackDirStructure(WAV格式音乐6278首250GB(双击进分类)).PackDirStructure(其他分类4731首340GB(双击进分类)).PackDirStructure(近年抖音热歌(1288首53.1GB)).PackFile(李殊-人间情多.wav), received

2024-05-28 05:45:41,304 <requestor-worker-0:2072188, MainThread:140581993367360> (requestor.py:_fetch_single_sync:156 -> middleware.py:apply_sync:96) from logger `RFC.middleware_content_saver`
[INFO] applied on PackDirStructure(root).PackDirStructure(WAV格式音乐6278首250GB(双击进分类)).PackDirStructure(其他分类4731首340GB(双击进分类)).PackDirStructure(近年抖音热歌(1288首53.1GB)).PackFile(李殊-人间情多.wav), sent

2024-05-28 05:46:30,684 <requestor-worker-0:2072188, MainThread:140581993367360> (requestor.py:_fetch_single_sync:156 -> middleware.py:apply_sync:93) from logger `RFC.middleware_content_saver`
[INFO] applying on PackDirStructure(root).PackDirStructure(WAV格式音乐6278首250GB(双击进分类)).PackDirStructure(其他分类4731首340GB(双击进分类)).PackDirStructure(近年抖音热歌(1288首53.1GB)).PackFile(李昕融&樊桐舟&李凯稠-你笑起来真好看.wav), received

2024-05-28 05:46:31,393 <requestor-worker-0:2072188, MainThread:140581993367360> (requestor.py:_fetch_single_sync:156 -> middleware.py:apply_sync:96) from logger `RFC.middleware_content_saver`
[INFO] applied on PackDirStructure(root).PackDirStructure(WAV格式音乐6278首250GB(双击进分类)).PackDirStructure(其他分类4731首340GB(双击进分类)).PackDirStructure(近年抖音热歌(1288首53.1GB)).PackFile(李昕融&樊桐舟&李凯稠-你笑起来真好看.wav), sent

2024-05-28 05:47:13,074 <requestor-worker-0:2072188, MainThread:140581993367360> (requestor.py:_fetch_single_sync:156 -> middleware.py:apply_sync:93) from logger `RFC.middleware_content_saver`
[INFO] applying on PackDirStructure(root).PackDirStructure(WAV格式音乐6278首250GB(双击进分类)).PackDirStructure(其他分类4731首340GB(双击进分类)).PackDirStructure(近年抖音热歌(1288首53.1GB)).PackFile(李小贝-小城画师.wav), received

2024-05-28 05:47:13,638 <requestor-worker-0:2072188, MainThread:140581993367360> (requestor.py:_fetch_single_sync:156 -> middleware.py:apply_sync:96) from logger `RFC.middleware_content_saver`
[INFO] applied on PackDirStructure(root).PackDirStructure(WAV格式音乐6278首250GB(双击进分类)).PackDirStructure(其他分类4731首340GB(双击进分类)).PackDirStructure(近年抖音热歌(1288首53.1GB)).PackFile(李小贝-小城画师.wav), sent

2024-05-28 05:49:07,186 <requestor-worker-0:2072188, MainThread:140581993367360> (requestor.py:_fetch_single_sync:156 -> middleware.py:apply_sync:93) from logger `RFC.middleware_content_saver`
[INFO] applying on PackDirStructure(root).PackDirStructure(WAV格式音乐6278首250GB(双击进分类)).PackDirStructure(其他分类4731首340GB(双击进分类)).PackDirStructure(近年抖音热歌(1288首53.1GB)).PackFile(李劲松-奔向大海.wav), received

2024-05-28 05:49:09,101 <requestor-worker-0:2072188, MainThread:140581993367360> (requestor.py:_fetch_single_sync:156 -> middleware.py:apply_sync:96) from logger `RFC.middleware_content_saver`
[INFO] applied on PackDirStructure(root).PackDirStructure(WAV格式音乐6278首250GB(双击进分类)).PackDirStructure(其他分类4731首340GB(双击进分类)).PackDirStructure(近年抖音热歌(1288首53.1GB)).PackFile(李劲松-奔向大海.wav), sent

2024-05-28 05:50:29,679 <requestor-worker-0:2072188, MainThread:140581993367360> (requestor.py:_fetch_single_sync:156 -> middleware.py:apply_sync:93) from logger `RFC.middleware_content_saver`
[INFO] applying on PackDirStructure(root).PackDirStructure(WAV格式音乐6278首250GB(双击进分类)).PackDirStructure(其他分类4731首340GB(双击进分类)).PackDirStructure(近年抖音热歌(1288首53.1GB)).PackFile(李乐乐-失去爱的城市.wav), received

2024-05-28 05:50:30,843 <requestor-worker-0:2072188, MainThread:140581993367360> (requestor.py:_fetch_single_sync:156 -> middleware.py:apply_sync:96) from logger `RFC.middleware_content_saver`
[INFO] applied on PackDirStructure(root).PackDirStructure(WAV格式音乐6278首250GB(双击进分类)).PackDirStructure(其他分类4731首340GB(双击进分类)).PackDirStructure(近年抖音热歌(1288首53.1GB)).PackFile(李乐乐-失去爱的城市.wav), sent

2024-05-28 05:52:04,617 <requestor-worker-0:2072188, MainThread:140581993367360> (requestor.py:_fetch_single_sync:156 -> middleware.py:apply_sync:93) from logger `RFC.middleware_content_saver`
[INFO] applying on PackDirStructure(root).PackDirStructure(WAV格式音乐6278首250GB(双击进分类)).PackDirStructure(其他分类4731首340GB(双击进分类)).PackDirStructure(近年抖音热歌(1288首53.1GB)).PackFile(木杰-醉过多少回.wav), received

2024-05-28 05:52:06,870 <requestor-worker-0:2072188, MainThread:140581993367360> (requestor.py:_fetch_single_sync:156 -> middleware.py:apply_sync:96) from logger `RFC.middleware_content_saver`
[INFO] applied on PackDirStructure(root).PackDirStructure(WAV格式音乐6278首250GB(双击进分类)).PackDirStructure(其他分类4731首340GB(双击进分类)).PackDirStructure(近年抖音热歌(1288首53.1GB)).PackFile(木杰-醉过多少回.wav), sent

2024-05-28 05:53:07,728 <requestor-worker-0:2072188, MainThread:140581993367360> (requestor.py:_fetch_single_sync:156 -> middleware.py:apply_sync:93) from logger `RFC.middleware_content_saver`
[INFO] applying on PackDirStructure(root).PackDirStructure(WAV格式音乐6278首250GB(双击进分类)).PackDirStructure(其他分类4731首340GB(双击进分类)).PackDirStructure(近年抖音热歌(1288首53.1GB)).PackFile(曾妮儿-解药.wav), received

2024-05-28 05:53:08,400 <requestor-worker-0:2072188, MainThread:140581993367360> (requestor.py:_fetch_single_sync:156 -> middleware.py:apply_sync:96) from logger `RFC.middleware_content_saver`
[INFO] applied on PackDirStructure(root).PackDirStructure(WAV格式音乐6278首250GB(双击进分类)).PackDirStructure(其他分类4731首340GB(双击进分类)).PackDirStructure(近年抖音热歌(1288首53.1GB)).PackFile(曾妮儿-解药.wav), sent

2024-05-28 05:54:35,549 <requestor-worker-0:2072188, MainThread:140581993367360> (requestor.py:_fetch_single_sync:156 -> middleware.py:apply_sync:93) from logger `RFC.middleware_content_saver`
[INFO] applying on PackDirStructure(root).PackDirStructure(WAV格式音乐6278首250GB(双击进分类)).PackDirStructure(其他分类4731首340GB(双击进分类)).PackDirStructure(近年抖音热歌(1288首53.1GB)).PackFile(晓山青-喉咙唱的沙哑 (cover： 枯木逢春).wav), received

2024-05-28 05:54:36,668 <requestor-worker-0:2072188, MainThread:140581993367360> (requestor.py:_fetch_single_sync:156 -> middleware.py:apply_sync:96) from logger `RFC.middleware_content_saver`
[INFO] applied on PackDirStructure(root).PackDirStructure(WAV格式音乐6278首250GB(双击进分类)).PackDirStructure(其他分类4731首340GB(双击进分类)).PackDirStructure(近年抖音热歌(1288首53.1GB)).PackFile(晓山青-喉咙唱的沙哑 (cover： 枯木逢春).wav), sent

2024-05-28 05:55:38,945 <requestor-worker-0:2072188, MainThread:140581993367360> (requestor.py:_fetch_single_sync:156 -> middleware.py:apply_sync:93) from logger `RFC.middleware_content_saver`
[INFO] applying on PackDirStructure(root).PackDirStructure(WAV格式音乐6278首250GB(双击进分类)).PackDirStructure(其他分类4731首340GB(双击进分类)).PackDirStructure(近年抖音热歌(1288首53.1GB)).PackFile(旺仔小乔-年轮.wav), received

2024-05-28 05:55:39,600 <requestor-worker-0:2072188, MainThread:140581993367360> (requestor.py:_fetch_single_sync:156 -> middleware.py:apply_sync:96) from logger `RFC.middleware_content_saver`
[INFO] applied on PackDirStructure(root).PackDirStructure(WAV格式音乐6278首250GB(双击进分类)).PackDirStructure(其他分类4731首340GB(双击进分类)).PackDirStructure(近年抖音热歌(1288首53.1GB)).PackFile(旺仔小乔-年轮.wav), sent

2024-05-28 05:56:49,979 <requestor-worker-0:2072188, MainThread:140581993367360> (requestor.py:_fetch_single_sync:156 -> middleware.py:apply_sync:93) from logger `RFC.middleware_content_saver`
[INFO] applying on PackDirStructure(root).PackDirStructure(WAV格式音乐6278首250GB(双击进分类)).PackDirStructure(其他分类4731首340GB(双击进分类)).PackDirStructure(近年抖音热歌(1288首53.1GB)).PackFile(时代少年团-有你.wav), received

2024-05-28 05:56:51,120 <requestor-worker-0:2072188, MainThread:140581993367360> (requestor.py:_fetch_single_sync:156 -> middleware.py:apply_sync:96) from logger `RFC.middleware_content_saver`
[INFO] applied on PackDirStructure(root).PackDirStructure(WAV格式音乐6278首250GB(双击进分类)).PackDirStructure(其他分类4731首340GB(双击进分类)).PackDirStructure(近年抖音热歌(1288首53.1GB)).PackFile(时代少年团-有你.wav), sent

2024-05-28 05:58:26,963 <requestor-worker-0:2072188, MainThread:140581993367360> (requestor.py:_fetch_single_sync:156 -> middleware.py:apply_sync:93) from logger `RFC.middleware_content_saver`
[INFO] applying on PackDirStructure(root).PackDirStructure(WAV格式音乐6278首250GB(双击进分类)).PackDirStructure(其他分类4731首340GB(双击进分类)).PackDirStructure(近年抖音热歌(1288首53.1GB)).PackFile(新地&卢克-我不是刘德华.wav), received

2024-05-28 05:58:28,461 <requestor-worker-0:2072188, MainThread:140581993367360> (requestor.py:_fetch_single_sync:156 -> middleware.py:apply_sync:96) from logger `RFC.middleware_content_saver`
[INFO] applied on PackDirStructure(root).PackDirStructure(WAV格式音乐6278首250GB(双击进分类)).PackDirStructure(其他分类4731首340GB(双击进分类)).PackDirStructure(近年抖音热歌(1288首53.1GB)).PackFile(新地&卢克-我不是刘德华.wav), sent

2024-05-28 05:59:54,182 <requestor-worker-0:2072188, MainThread:140581993367360> (requestor.py:_fetch_single_sync:156 -> middleware.py:apply_sync:93) from logger `RFC.middleware_content_saver`
[INFO] applying on PackDirStructure(root).PackDirStructure(WAV格式音乐6278首250GB(双击进分类)).PackDirStructure(其他分类4731首340GB(双击进分类)).PackDirStructure(近年抖音热歌(1288首53.1GB)).PackFile(拾贰-失恋不怪她阵线联盟.wav), received

2024-05-28 05:59:54,880 <requestor-worker-0:2072188, MainThread:140581993367360> (requestor.py:_fetch_single_sync:156 -> middleware.py:apply_sync:96) from logger `RFC.middleware_content_saver`
[INFO] applied on PackDirStructure(root).PackDirStructure(WAV格式音乐6278首250GB(双击进分类)).PackDirStructure(其他分类4731首340GB(双击进分类)).PackDirStructure(近年抖音热歌(1288首53.1GB)).PackFile(拾贰-失恋不怪她阵线联盟.wav), sent

2024-05-28 06:01:25,195 <requestor-worker-0:2072188, MainThread:140581993367360> (requestor.py:_fetch_single_sync:156 -> middleware.py:apply_sync:93) from logger `RFC.middleware_content_saver`
[INFO] applying on PackDirStructure(root).PackDirStructure(WAV格式音乐6278首250GB(双击进分类)).PackDirStructure(其他分类4731首340GB(双击进分类)).PackDirStructure(近年抖音热歌(1288首53.1GB)).PackFile(拼音师-王者战歌.wav), received

2024-05-28 06:01:26,517 <requestor-worker-0:2072188, MainThread:140581993367360> (requestor.py:_fetch_single_sync:156 -> middleware.py:apply_sync:96) from logger `RFC.middleware_content_saver`
[INFO] applied on PackDirStructure(root).PackDirStructure(WAV格式音乐6278首250GB(双击进分类)).PackDirStructure(其他分类4731首340GB(双击进分类)).PackDirStructure(近年抖音热歌(1288首53.1GB)).PackFile(拼音师-王者战歌.wav), sent

2024-05-28 06:02:44,320 <requestor-worker-0:2072188, MainThread:140581993367360> (requestor.py:_fetch_single_sync:156 -> middleware.py:apply_sync:93) from logger `RFC.middleware_content_saver`
[INFO] applying on PackDirStructure(root).PackDirStructure(WAV格式音乐6278首250GB(双击进分类)).PackDirStructure(其他分类4731首340GB(双击进分类)).PackDirStructure(近年抖音热歌(1288首53.1GB)).PackFile(戚薇&2PM-俊昊-你是对的人.wav), received

2024-05-28 06:02:45,063 <requestor-worker-0:2072188, MainThread:140581993367360> (requestor.py:_fetch_single_sync:156 -> middleware.py:apply_sync:96) from logger `RFC.middleware_content_saver`
[INFO] applied on PackDirStructure(root).PackDirStructure(WAV格式音乐6278首250GB(双击进分类)).PackDirStructure(其他分类4731首340GB(双击进分类)).PackDirStructure(近年抖音热歌(1288首53.1GB)).PackFile(戚薇&2PM-俊昊-你是对的人.wav), sent

2024-05-28 06:04:04,797 <requestor-worker-0:2072188, MainThread:140581993367360> (requestor.py:_fetch_single_sync:156 -> middleware.py:apply_sync:93) from logger `RFC.middleware_content_saver`
[INFO] applying on PackDirStructure(root).PackDirStructure(WAV格式音乐6278首250GB(双击进分类)).PackDirStructure(其他分类4731首340GB(双击进分类)).PackDirStructure(近年抖音热歌(1288首53.1GB)).PackFile(怪阿姨-累了痛了不爱了.wav), received

2024-05-28 06:04:06,441 <requestor-worker-0:2072188, MainThread:140581993367360> (requestor.py:_fetch_single_sync:156 -> middleware.py:apply_sync:96) from logger `RFC.middleware_content_saver`
[INFO] applied on PackDirStructure(root).PackDirStructure(WAV格式音乐6278首250GB(双击进分类)).PackDirStructure(其他分类4731首340GB(双击进分类)).PackDirStructure(近年抖音热歌(1288首53.1GB)).PackFile(怪阿姨-累了痛了不爱了.wav), sent

2024-05-28 06:05:15,925 <requestor-worker-0:2072188, MainThread:140581993367360> (requestor.py:_fetch_single_sync:156 -> middleware.py:apply_sync:93) from logger `RFC.middleware_content_saver`
[INFO] applying on PackDirStructure(root).PackDirStructure(WAV格式音乐6278首250GB(双击进分类)).PackDirStructure(其他分类4731首340GB(双击进分类)).PackDirStructure(近年抖音热歌(1288首53.1GB)).PackFile(彭钧&好好（张轩睿）&小跳蛙合唱团-可爱多.wav), received

2024-05-28 06:05:16,786 <requestor-worker-0:2072188, MainThread:140581993367360> (requestor.py:_fetch_single_sync:156 -> middleware.py:apply_sync:96) from logger `RFC.middleware_content_saver`
[INFO] applied on PackDirStructure(root).PackDirStructure(WAV格式音乐6278首250GB(双击进分类)).PackDirStructure(其他分类4731首340GB(双击进分类)).PackDirStructure(近年抖音热歌(1288首53.1GB)).PackFile(彭钧&好好（张轩睿）&小跳蛙合唱团-可爱多.wav), sent

2024-05-28 06:06:20,745 <requestor-worker-0:2072188, MainThread:140581993367360> (requestor.py:_fetch_single_sync:156 -> middleware.py:apply_sync:93) from logger `RFC.middleware_content_saver`
[INFO] applying on PackDirStructure(root).PackDirStructure(WAV格式音乐6278首250GB(双击进分类)).PackDirStructure(其他分类4731首340GB(双击进分类)).PackDirStructure(近年抖音热歌(1288首53.1GB)).PackFile(张齐山DanieL-幻星岛.wav), received

2024-05-28 06:06:22,176 <requestor-worker-0:2072188, MainThread:140581993367360> (requestor.py:_fetch_single_sync:156 -> middleware.py:apply_sync:96) from logger `RFC.middleware_content_saver`
[INFO] applied on PackDirStructure(root).PackDirStructure(WAV格式音乐6278首250GB(双击进分类)).PackDirStructure(其他分类4731首340GB(双击进分类)).PackDirStructure(近年抖音热歌(1288首53.1GB)).PackFile(张齐山DanieL-幻星岛.wav), sent

2024-05-28 06:07:57,451 <requestor-worker-0:2072188, MainThread:140581993367360> (requestor.py:_fetch_single_sync:156 -> middleware.py:apply_sync:93) from logger `RFC.middleware_content_saver`
[INFO] applying on PackDirStructure(root).PackDirStructure(WAV格式音乐6278首250GB(双击进分类)).PackDirStructure(其他分类4731首340GB(双击进分类)).PackDirStructure(近年抖音热歌(1288首53.1GB)).PackFile(张镐哲-路太远.wav), received

2024-05-28 06:07:58,778 <requestor-worker-0:2072188, MainThread:140581993367360> (requestor.py:_fetch_single_sync:156 -> middleware.py:apply_sync:96) from logger `RFC.middleware_content_saver`
[INFO] applied on PackDirStructure(root).PackDirStructure(WAV格式音乐6278首250GB(双击进分类)).PackDirStructure(其他分类4731首340GB(双击进分类)).PackDirStructure(近年抖音热歌(1288首53.1GB)).PackFile(张镐哲-路太远.wav), sent

2024-05-28 06:09:00,350 <requestor-worker-0:2072188, MainThread:140581993367360> (requestor.py:_fetch_single_sync:156 -> middleware.py:apply_sync:93) from logger `RFC.middleware_content_saver`
[INFO] applying on PackDirStructure(root).PackDirStructure(WAV格式音乐6278首250GB(双击进分类)).PackDirStructure(其他分类4731首340GB(双击进分类)).PackDirStructure(近年抖音热歌(1288首53.1GB)).PackFile(张老板阿-干饭人之歌.wav), received

2024-05-28 06:09:01,296 <requestor-worker-0:2072188, MainThread:140581993367360> (requestor.py:_fetch_single_sync:156 -> middleware.py:apply_sync:96) from logger `RFC.middleware_content_saver`
[INFO] applied on PackDirStructure(root).PackDirStructure(WAV格式音乐6278首250GB(双击进分类)).PackDirStructure(其他分类4731首340GB(双击进分类)).PackDirStructure(近年抖音热歌(1288首53.1GB)).PackFile(张老板阿-干饭人之歌.wav), sent

2024-05-28 06:10:27,731 <requestor-worker-0:2072188, MainThread:140581993367360> (requestor.py:_fetch_single_sync:156 -> middleware.py:apply_sync:93) from logger `RFC.middleware_content_saver`
[INFO] applying on PackDirStructure(root).PackDirStructure(WAV格式音乐6278首250GB(双击进分类)).PackDirStructure(其他分类4731首340GB(双击进分类)).PackDirStructure(近年抖音热歌(1288首53.1GB)).PackFile(张紫豪-可不可以.wav), received

2024-05-28 06:10:29,122 <requestor-worker-0:2072188, MainThread:140581993367360> (requestor.py:_fetch_single_sync:156 -> middleware.py:apply_sync:96) from logger `RFC.middleware_content_saver`
[INFO] applied on PackDirStructure(root).PackDirStructure(WAV格式音乐6278首250GB(双击进分类)).PackDirStructure(其他分类4731首340GB(双击进分类)).PackDirStructure(近年抖音热歌(1288首53.1GB)).PackFile(张紫豪-可不可以.wav), sent

2024-05-28 06:11:49,133 <requestor-worker-0:2072188, MainThread:140581993367360> (requestor.py:_fetch_single_sync:156 -> middleware.py:apply_sync:93) from logger `RFC.middleware_content_saver`
[INFO] applying on PackDirStructure(root).PackDirStructure(WAV格式音乐6278首250GB(双击进分类)).PackDirStructure(其他分类4731首340GB(双击进分类)).PackDirStructure(近年抖音热歌(1288首53.1GB)).PackFile(张泽熙-那个女孩.wav), received

2024-05-28 06:11:50,798 <requestor-worker-0:2072188, MainThread:140581993367360> (requestor.py:_fetch_single_sync:156 -> middleware.py:apply_sync:96) from logger `RFC.middleware_content_saver`
[INFO] applied on PackDirStructure(root).PackDirStructure(WAV格式音乐6278首250GB(双击进分类)).PackDirStructure(其他分类4731首340GB(双击进分类)).PackDirStructure(近年抖音热歌(1288首53.1GB)).PackFile(张泽熙-那个女孩.wav), sent

2024-05-28 06:13:06,316 <requestor-worker-0:2072188, MainThread:140581993367360> (requestor.py:_fetch_single_sync:156 -> middleware.py:apply_sync:93) from logger `RFC.middleware_content_saver`
[INFO] applying on PackDirStructure(root).PackDirStructure(WAV格式音乐6278首250GB(双击进分类)).PackDirStructure(其他分类4731首340GB(双击进分类)).PackDirStructure(近年抖音热歌(1288首53.1GB)).PackFile(张家旺-迟来的情话.wav), received

2024-05-28 06:13:07,521 <requestor-worker-0:2072188, MainThread:140581993367360> (requestor.py:_fetch_single_sync:156 -> middleware.py:apply_sync:96) from logger `RFC.middleware_content_saver`
[INFO] applied on PackDirStructure(root).PackDirStructure(WAV格式音乐6278首250GB(双击进分类)).PackDirStructure(其他分类4731首340GB(双击进分类)).PackDirStructure(近年抖音热歌(1288首53.1GB)).PackFile(张家旺-迟来的情话.wav), sent

2024-05-28 06:14:09,252 <requestor-worker-0:2072188, MainThread:140581993367360> (requestor.py:_fetch_single_sync:156 -> middleware.py:apply_sync:93) from logger `RFC.middleware_content_saver`
[INFO] applying on PackDirStructure(root).PackDirStructure(WAV格式音乐6278首250GB(双击进分类)).PackDirStructure(其他分类4731首340GB(双击进分类)).PackDirStructure(近年抖音热歌(1288首53.1GB)).PackFile(张天枢-呆我眼睛里.wav), received

2024-05-28 06:14:10,324 <requestor-worker-0:2072188, MainThread:140581993367360> (requestor.py:_fetch_single_sync:156 -> middleware.py:apply_sync:96) from logger `RFC.middleware_content_saver`
[INFO] applied on PackDirStructure(root).PackDirStructure(WAV格式音乐6278首250GB(双击进分类)).PackDirStructure(其他分类4731首340GB(双击进分类)).PackDirStructure(近年抖音热歌(1288首53.1GB)).PackFile(张天枢-呆我眼睛里.wav), sent

2024-05-28 06:15:54,901 <requestor-worker-0:2072188, MainThread:140581993367360> (requestor.py:_fetch_single_sync:156 -> middleware.py:apply_sync:93) from logger `RFC.middleware_content_saver`
[INFO] applying on PackDirStructure(root).PackDirStructure(WAV格式音乐6278首250GB(双击进分类)).PackDirStructure(其他分类4731首340GB(双击进分类)).PackDirStructure(近年抖音热歌(1288首53.1GB)).PackFile(张信哲-爱就一个字.wav), received

2024-05-28 06:15:56,320 <requestor-worker-0:2072188, MainThread:140581993367360> (requestor.py:_fetch_single_sync:156 -> middleware.py:apply_sync:96) from logger `RFC.middleware_content_saver`
[INFO] applied on PackDirStructure(root).PackDirStructure(WAV格式音乐6278首250GB(双击进分类)).PackDirStructure(其他分类4731首340GB(双击进分类)).PackDirStructure(近年抖音热歌(1288首53.1GB)).PackFile(张信哲-爱就一个字.wav), sent

2024-05-28 06:20:07,461 <requestor-worker-0:2072188, MainThread:140581993367360> (requestor.py:_fetch_single_sync:156 -> middleware.py:apply_sync:93) from logger `RFC.middleware_content_saver`
[INFO] applying on PackDirStructure(root).PackDirStructure(WAV格式音乐6278首250GB(双击进分类)).PackDirStructure(其他分类4731首340GB(双击进分类)).PackDirStructure(近年抖音热歌(1288首53.1GB)).PackFile(康姆士乐团-你要如何，我们就如何.wav), received

2024-05-28 06:20:10,643 <requestor-worker-0:2072188, MainThread:140581993367360> (requestor.py:_fetch_single_sync:156 -> middleware.py:apply_sync:96) from logger `RFC.middleware_content_saver`
[INFO] applied on PackDirStructure(root).PackDirStructure(WAV格式音乐6278首250GB(双击进分类)).PackDirStructure(其他分类4731首340GB(双击进分类)).PackDirStructure(近年抖音热歌(1288首53.1GB)).PackFile(康姆士乐团-你要如何，我们就如何.wav), sent

2024-05-28 06:21:48,221 <requestor-worker-0:2072188, MainThread:140581993367360> (requestor.py:_fetch_single_sync:156 -> middleware.py:apply_sync:93) from logger `RFC.middleware_content_saver`
[INFO] applying on PackDirStructure(root).PackDirStructure(WAV格式音乐6278首250GB(双击进分类)).PackDirStructure(其他分类4731首340GB(双击进分类)).PackDirStructure(近年抖音热歌(1288首53.1GB)).PackFile(尹昔眠-落在生命里的光.wav), received

2024-05-28 06:21:49,457 <requestor-worker-0:2072188, MainThread:140581993367360> (requestor.py:_fetch_single_sync:156 -> middleware.py:apply_sync:96) from logger `RFC.middleware_content_saver`
[INFO] applied on PackDirStructure(root).PackDirStructure(WAV格式音乐6278首250GB(双击进分类)).PackDirStructure(其他分类4731首340GB(双击进分类)).PackDirStructure(近年抖音热歌(1288首53.1GB)).PackFile(尹昔眠-落在生命里的光.wav), sent

2024-05-28 06:24:32,239 <requestor-worker-0:2072188, MainThread:140581993367360> (requestor.py:_fetch_single_sync:156 -> middleware.py:apply_sync:93) from logger `RFC.middleware_content_saver`
[INFO] applying on PackDirStructure(root).PackDirStructure(WAV格式音乐6278首250GB(双击进分类)).PackDirStructure(其他分类4731首340GB(双击进分类)).PackDirStructure(近年抖音热歌(1288首53.1GB)).PackFile(尹昔眠&小田音乐社-我叫长安,你叫故里.wav), received

2024-05-28 06:24:33,787 <requestor-worker-0:2072188, MainThread:140581993367360> (requestor.py:_fetch_single_sync:156 -> middleware.py:apply_sync:96) from logger `RFC.middleware_content_saver`
[INFO] applied on PackDirStructure(root).PackDirStructure(WAV格式音乐6278首250GB(双击进分类)).PackDirStructure(其他分类4731首340GB(双击进分类)).PackDirStructure(近年抖音热歌(1288首53.1GB)).PackFile(尹昔眠&小田音乐社-我叫长安,你叫故里.wav), sent

2024-05-28 06:27:40,828 <requestor-worker-0:2072188, MainThread:140581993367360> (requestor.py:_fetch_single_sync:156 -> middleware.py:apply_sync:93) from logger `RFC.middleware_content_saver`
[INFO] applying on PackDirStructure(root).PackDirStructure(WAV格式音乐6278首250GB(双击进分类)).PackDirStructure(其他分类4731首340GB(双击进分类)).PackDirStructure(近年抖音热歌(1288首53.1GB)).PackFile(小阿枫-曾经心痛.wav), received

2024-05-28 06:27:43,439 <requestor-worker-0:2072188, MainThread:140581993367360> (requestor.py:_fetch_single_sync:156 -> middleware.py:apply_sync:96) from logger `RFC.middleware_content_saver`
[INFO] applied on PackDirStructure(root).PackDirStructure(WAV格式音乐6278首250GB(双击进分类)).PackDirStructure(其他分类4731首340GB(双击进分类)).PackDirStructure(近年抖音热歌(1288首53.1GB)).PackFile(小阿枫-曾经心痛.wav), sent

2024-05-28 06:29:21,009 <requestor-worker-0:2072188, MainThread:140581993367360> (requestor.py:_fetch_single_sync:156 -> middleware.py:apply_sync:93) from logger `RFC.middleware_content_saver`
[INFO] applying on PackDirStructure(root).PackDirStructure(WAV格式音乐6278首250GB(双击进分类)).PackDirStructure(其他分类4731首340GB(双击进分类)).PackDirStructure(近年抖音热歌(1288首53.1GB)).PackFile(小阿七-沉溺.wav), received

2024-05-28 06:29:22,321 <requestor-worker-0:2072188, MainThread:140581993367360> (requestor.py:_fetch_single_sync:156 -> middleware.py:apply_sync:96) from logger `RFC.middleware_content_saver`
[INFO] applied on PackDirStructure(root).PackDirStructure(WAV格式音乐6278首250GB(双击进分类)).PackDirStructure(其他分类4731首340GB(双击进分类)).PackDirStructure(近年抖音热歌(1288首53.1GB)).PackFile(小阿七-沉溺.wav), sent

2024-05-28 06:30:30,878 <requestor-worker-0:2072188, MainThread:140581993367360> (requestor.py:_fetch_single_sync:156 -> middleware.py:apply_sync:93) from logger `RFC.middleware_content_saver`
[INFO] applying on PackDirStructure(root).PackDirStructure(WAV格式音乐6278首250GB(双击进分类)).PackDirStructure(其他分类4731首340GB(双击进分类)).PackDirStructure(近年抖音热歌(1288首53.1GB)).PackFile(小蓝背心-目及皆是你(心跳版).wav), received

2024-05-28 06:30:31,596 <requestor-worker-0:2072188, MainThread:140581993367360> (requestor.py:_fetch_single_sync:156 -> middleware.py:apply_sync:96) from logger `RFC.middleware_content_saver`
[INFO] applied on PackDirStructure(root).PackDirStructure(WAV格式音乐6278首250GB(双击进分类)).PackDirStructure(其他分类4731首340GB(双击进分类)).PackDirStructure(近年抖音热歌(1288首53.1GB)).PackFile(小蓝背心-目及皆是你(心跳版).wav), sent

2024-05-28 06:31:56,395 <requestor-worker-0:2072188, MainThread:140581993367360> (requestor.py:_fetch_single_sync:156 -> middleware.py:apply_sync:93) from logger `RFC.middleware_content_saver`
[INFO] applying on PackDirStructure(root).PackDirStructure(WAV格式音乐6278首250GB(双击进分类)).PackDirStructure(其他分类4731首340GB(双击进分类)).PackDirStructure(近年抖音热歌(1288首53.1GB)).PackFile(小田音乐社&戾格&懒懒不平凡-狼人游戏.wav), received

2024-05-28 06:31:57,163 <requestor-worker-0:2072188, MainThread:140581993367360> (requestor.py:_fetch_single_sync:156 -> middleware.py:apply_sync:96) from logger `RFC.middleware_content_saver`
[INFO] applied on PackDirStructure(root).PackDirStructure(WAV格式音乐6278首250GB(双击进分类)).PackDirStructure(其他分类4731首340GB(双击进分类)).PackDirStructure(近年抖音热歌(1288首53.1GB)).PackFile(小田音乐社&戾格&懒懒不平凡-狼人游戏.wav), sent

2024-05-28 06:33:48,539 <requestor-worker-0:2072188, MainThread:140581993367360> (requestor.py:_fetch_single_sync:156 -> middleware.py:apply_sync:93) from logger `RFC.middleware_content_saver`
[INFO] applying on PackDirStructure(root).PackDirStructure(WAV格式音乐6278首250GB(双击进分类)).PackDirStructure(其他分类4731首340GB(双击进分类)).PackDirStructure(近年抖音热歌(1288首53.1GB)).PackFile(小洲-爱都爱了.wav), received

2024-05-28 06:33:49,608 <requestor-worker-0:2072188, MainThread:140581993367360> (requestor.py:_fetch_single_sync:156 -> middleware.py:apply_sync:96) from logger `RFC.middleware_content_saver`
[INFO] applied on PackDirStructure(root).PackDirStructure(WAV格式音乐6278首250GB(双击进分类)).PackDirStructure(其他分类4731首340GB(双击进分类)).PackDirStructure(近年抖音热歌(1288首53.1GB)).PackFile(小洲-爱都爱了.wav), sent

2024-05-28 06:35:36,925 <requestor-worker-0:2072188, MainThread:140581993367360> (requestor.py:_fetch_single_sync:156 -> middleware.py:apply_sync:93) from logger `RFC.middleware_content_saver`
[INFO] applying on PackDirStructure(root).PackDirStructure(WAV格式音乐6278首250GB(双击进分类)).PackDirStructure(其他分类4731首340GB(双击进分类)).PackDirStructure(近年抖音热歌(1288首53.1GB)).PackFile(小曼-只要你还需要我.wav), received

2024-05-28 06:35:38,023 <requestor-worker-0:2072188, MainThread:140581993367360> (requestor.py:_fetch_single_sync:156 -> middleware.py:apply_sync:96) from logger `RFC.middleware_content_saver`
[INFO] applied on PackDirStructure(root).PackDirStructure(WAV格式音乐6278首250GB(双击进分类)).PackDirStructure(其他分类4731首340GB(双击进分类)).PackDirStructure(近年抖音热歌(1288首53.1GB)).PackFile(小曼-只要你还需要我.wav), sent

2024-05-28 06:38:47,369 <requestor-worker-0:2072188, MainThread:140581993367360> (requestor.py:_fetch_single_sync:156 -> middleware.py:apply_sync:93) from logger `RFC.middleware_content_saver`
[INFO] applying on PackDirStructure(root).PackDirStructure(WAV格式音乐6278首250GB(双击进分类)).PackDirStructure(其他分类4731首340GB(双击进分类)).PackDirStructure(近年抖音热歌(1288首53.1GB)).PackFile(小倩-想不想能不能该不该.wav), received

2024-05-28 06:38:48,987 <requestor-worker-0:2072188, MainThread:140581993367360> (requestor.py:_fetch_single_sync:156 -> middleware.py:apply_sync:96) from logger `RFC.middleware_content_saver`
[INFO] applied on PackDirStructure(root).PackDirStructure(WAV格式音乐6278首250GB(双击进分类)).PackDirStructure(其他分类4731首340GB(双击进分类)).PackDirStructure(近年抖音热歌(1288首53.1GB)).PackFile(小倩-想不想能不能该不该.wav), sent

2024-05-28 06:42:59,605 <requestor-worker-0:2072188, MainThread:140581993367360> (requestor.py:_fetch_single_sync:156 -> middleware.py:apply_sync:93) from logger `RFC.middleware_content_saver`
[INFO] applying on PackDirStructure(root).PackDirStructure(WAV格式音乐6278首250GB(双击进分类)).PackDirStructure(其他分类4731首340GB(双击进分类)).PackDirStructure(近年抖音热歌(1288首53.1GB)).PackFile(宋宇宁-那年 · 年少(Live).wav), received

2024-05-28 06:43:00,682 <requestor-worker-0:2072188, MainThread:140581993367360> (requestor.py:_fetch_single_sync:156 -> middleware.py:apply_sync:96) from logger `RFC.middleware_content_saver`
[INFO] applied on PackDirStructure(root).PackDirStructure(WAV格式音乐6278首250GB(双击进分类)).PackDirStructure(其他分类4731首340GB(双击进分类)).PackDirStructure(近年抖音热歌(1288首53.1GB)).PackFile(宋宇宁-那年 · 年少(Live).wav), sent

2024-05-28 06:47:55,926 <requestor-worker-0:2072188, MainThread:140581993367360> (requestor.py:_fetch_single_sync:156 -> middleware.py:apply_sync:93) from logger `RFC.middleware_content_saver`
[INFO] applying on PackDirStructure(root).PackDirStructure(WAV格式音乐6278首250GB(双击进分类)).PackDirStructure(其他分类4731首340GB(双击进分类)).PackDirStructure(近年抖音热歌(1288首53.1GB)).PackFile(安儿陈-其实我很累.wav), received

2024-05-28 06:47:57,076 <requestor-worker-0:2072188, MainThread:140581993367360> (requestor.py:_fetch_single_sync:156 -> middleware.py:apply_sync:96) from logger `RFC.middleware_content_saver`
[INFO] applied on PackDirStructure(root).PackDirStructure(WAV格式音乐6278首250GB(双击进分类)).PackDirStructure(其他分类4731首340GB(双击进分类)).PackDirStructure(近年抖音热歌(1288首53.1GB)).PackFile(安儿陈-其实我很累.wav), sent

2024-05-28 06:51:26,397 <requestor-worker-0:2072188, MainThread:140581993367360> (requestor.py:_fetch_single_sync:156 -> middleware.py:apply_sync:93) from logger `RFC.middleware_content_saver`
[INFO] applying on PackDirStructure(root).PackDirStructure(WAV格式音乐6278首250GB(双击进分类)).PackDirStructure(其他分类4731首340GB(双击进分类)).PackDirStructure(近年抖音热歌(1288首53.1GB)).PackFile(孟煦东&庞惠晨-2035去台湾.wav), received

2024-05-28 06:51:27,810 <requestor-worker-0:2072188, MainThread:140581993367360> (requestor.py:_fetch_single_sync:156 -> middleware.py:apply_sync:96) from logger `RFC.middleware_content_saver`
[INFO] applied on PackDirStructure(root).PackDirStructure(WAV格式音乐6278首250GB(双击进分类)).PackDirStructure(其他分类4731首340GB(双击进分类)).PackDirStructure(近年抖音热歌(1288首53.1GB)).PackFile(孟煦东&庞惠晨-2035去台湾.wav), sent

2024-05-28 06:56:21,003 <requestor-worker-0:2072188, MainThread:140581993367360> (requestor.py:_fetch_single_sync:156 -> middleware.py:apply_sync:93) from logger `RFC.middleware_content_saver`
[INFO] applying on PackDirStructure(root).PackDirStructure(WAV格式音乐6278首250GB(双击进分类)).PackDirStructure(其他分类4731首340GB(双击进分类)).PackDirStructure(近年抖音热歌(1288首53.1GB)).PackFile(孙艺琪-伤心的酒吧.wav), received

2024-05-28 06:56:22,344 <requestor-worker-0:2072188, MainThread:140581993367360> (requestor.py:_fetch_single_sync:156 -> middleware.py:apply_sync:96) from logger `RFC.middleware_content_saver`
[INFO] applied on PackDirStructure(root).PackDirStructure(WAV格式音乐6278首250GB(双击进分类)).PackDirStructure(其他分类4731首340GB(双击进分类)).PackDirStructure(近年抖音热歌(1288首53.1GB)).PackFile(孙艺琪-伤心的酒吧.wav), sent

2024-05-28 07:02:46,192 <requestor-worker-0:2072188, MainThread:140581993367360> (requestor.py:_fetch_single_sync:156 -> middleware.py:apply_sync:93) from logger `RFC.middleware_content_saver`
[INFO] applying on PackDirStructure(root).PackDirStructure(WAV格式音乐6278首250GB(双击进分类)).PackDirStructure(其他分类4731首340GB(双击进分类)).PackDirStructure(近年抖音热歌(1288首53.1GB)).PackFile(姜潮&张碧晨-归去来(Live).wav), received

2024-05-28 07:02:47,548 <requestor-worker-0:2072188, MainThread:140581993367360> (requestor.py:_fetch_single_sync:156 -> middleware.py:apply_sync:96) from logger `RFC.middleware_content_saver`
[INFO] applied on PackDirStructure(root).PackDirStructure(WAV格式音乐6278首250GB(双击进分类)).PackDirStructure(其他分类4731首340GB(双击进分类)).PackDirStructure(近年抖音热歌(1288首53.1GB)).PackFile(姜潮&张碧晨-归去来(Live).wav), sent

2024-05-28 07:08:14,238 <requestor-worker-0:2072188, MainThread:140581993367360> (requestor.py:_fetch_single_sync:156 -> middleware.py:apply_sync:93) from logger `RFC.middleware_content_saver`
[INFO] applying on PackDirStructure(root).PackDirStructure(WAV格式音乐6278首250GB(双击进分类)).PackDirStructure(其他分类4731首340GB(双击进分类)).PackDirStructure(近年抖音热歌(1288首53.1GB)).PackFile(好听的歌曲推荐-安子与九妹-布谷鸟.wav), received

2024-05-28 07:08:15,361 <requestor-worker-0:2072188, MainThread:140581993367360> (requestor.py:_fetch_single_sync:156 -> middleware.py:apply_sync:96) from logger `RFC.middleware_content_saver`
[INFO] applied on PackDirStructure(root).PackDirStructure(WAV格式音乐6278首250GB(双击进分类)).PackDirStructure(其他分类4731首340GB(双击进分类)).PackDirStructure(近年抖音热歌(1288首53.1GB)).PackFile(好听的歌曲推荐-安子与九妹-布谷鸟.wav), sent

2024-05-28 07:11:07,323 <requestor-worker-0:2072188, MainThread:140581993367360> (requestor.py:_fetch_single_sync:156 -> middleware.py:apply_sync:93) from logger `RFC.middleware_content_saver`
[INFO] applying on PackDirStructure(root).PackDirStructure(WAV格式音乐6278首250GB(双击进分类)).PackDirStructure(其他分类4731首340GB(双击进分类)).PackDirStructure(近年抖音热歌(1288首53.1GB)).PackFile(大欢-这一程.wav), received

2024-05-28 07:11:09,237 <requestor-worker-0:2072188, MainThread:140581993367360> (requestor.py:_fetch_single_sync:156 -> middleware.py:apply_sync:96) from logger `RFC.middleware_content_saver`
[INFO] applied on PackDirStructure(root).PackDirStructure(WAV格式音乐6278首250GB(双击进分类)).PackDirStructure(其他分类4731首340GB(双击进分类)).PackDirStructure(近年抖音热歌(1288首53.1GB)).PackFile(大欢-这一程.wav), sent

2024-05-28 07:14:01,127 <requestor-worker-0:2072188, MainThread:140581993367360> (requestor.py:_fetch_single_sync:156 -> middleware.py:apply_sync:93) from logger `RFC.middleware_content_saver`
[INFO] applying on PackDirStructure(root).PackDirStructure(WAV格式音乐6278首250GB(双击进分类)).PackDirStructure(其他分类4731首340GB(双击进分类)).PackDirStructure(近年抖音热歌(1288首53.1GB)).PackFile(大壮-伪装.wav), received

2024-05-28 07:14:02,513 <requestor-worker-0:2072188, MainThread:140581993367360> (requestor.py:_fetch_single_sync:156 -> middleware.py:apply_sync:96) from logger `RFC.middleware_content_saver`
[INFO] applied on PackDirStructure(root).PackDirStructure(WAV格式音乐6278首250GB(双击进分类)).PackDirStructure(其他分类4731首340GB(双击进分类)).PackDirStructure(近年抖音热歌(1288首53.1GB)).PackFile(大壮-伪装.wav), sent

2024-05-28 07:17:30,005 <requestor-worker-0:2072188, MainThread:140581993367360> (requestor.py:_fetch_single_sync:156 -> middleware.py:apply_sync:93) from logger `RFC.middleware_content_saver`
[INFO] applying on PackDirStructure(root).PackDirStructure(WAV格式音乐6278首250GB(双击进分类)).PackDirStructure(其他分类4731首340GB(双击进分类)).PackDirStructure(近年抖音热歌(1288首53.1GB)).PackFile(国风新语&浮生梦&汐音社-探窗.wav), received

2024-05-28 07:17:32,641 <requestor-worker-0:2072188, MainThread:140581993367360> (requestor.py:_fetch_single_sync:156 -> middleware.py:apply_sync:96) from logger `RFC.middleware_content_saver`
[INFO] applied on PackDirStructure(root).PackDirStructure(WAV格式音乐6278首250GB(双击进分类)).PackDirStructure(其他分类4731首340GB(双击进分类)).PackDirStructure(近年抖音热歌(1288首53.1GB)).PackFile(国风新语&浮生梦&汐音社-探窗.wav), sent

2024-05-28 07:19:02,417 <requestor-worker-0:2072188, MainThread:140581993367360> (requestor.py:_fetch_single_sync:156 -> middleware.py:apply_sync:93) from logger `RFC.middleware_content_saver`
[INFO] applying on PackDirStructure(root).PackDirStructure(WAV格式音乐6278首250GB(双击进分类)).PackDirStructure(其他分类4731首340GB(双击进分类)).PackDirStructure(近年抖音热歌(1288首53.1GB)).PackFile(唐汉霄-让我留在你身边.wav), received

2024-05-28 07:19:03,645 <requestor-worker-0:2072188, MainThread:140581993367360> (requestor.py:_fetch_single_sync:156 -> middleware.py:apply_sync:96) from logger `RFC.middleware_content_saver`
[INFO] applied on PackDirStructure(root).PackDirStructure(WAV格式音乐6278首250GB(双击进分类)).PackDirStructure(其他分类4731首340GB(双击进分类)).PackDirStructure(近年抖音热歌(1288首53.1GB)).PackFile(唐汉霄-让我留在你身边.wav), sent

2024-05-28 07:21:09,061 <requestor-worker-0:2072188, MainThread:140581993367360> (requestor.py:_fetch_single_sync:156 -> middleware.py:apply_sync:93) from logger `RFC.middleware_content_saver`
[INFO] applying on PackDirStructure(root).PackDirStructure(WAV格式音乐6278首250GB(双击进分类)).PackDirStructure(其他分类4731首340GB(双击进分类)).PackDirStructure(近年抖音热歌(1288首53.1GB)).PackFile(周笔畅-少年无恙（《剑来》广播剧主题曲）.wav), received

2024-05-28 07:21:10,268 <requestor-worker-0:2072188, MainThread:140581993367360> (requestor.py:_fetch_single_sync:156 -> middleware.py:apply_sync:96) from logger `RFC.middleware_content_saver`
[INFO] applied on PackDirStructure(root).PackDirStructure(WAV格式音乐6278首250GB(双击进分类)).PackDirStructure(其他分类4731首340GB(双击进分类)).PackDirStructure(近年抖音热歌(1288首53.1GB)).PackFile(周笔畅-少年无恙（《剑来》广播剧主题曲）.wav), sent

2024-05-28 07:28:34,433 <requestor-worker-0:2072188, MainThread:140581993367360> (requestor.py:_fetch_single_sync:156 -> middleware.py:apply_sync:93) from logger `RFC.middleware_content_saver`
[INFO] applying on PackDirStructure(root).PackDirStructure(WAV格式音乐6278首250GB(双击进分类)).PackDirStructure(其他分类4731首340GB(双击进分类)).PackDirStructure(近年抖音热歌(1288首53.1GB)).PackFile(周深-最好的礼物.wav), received

2024-05-28 07:28:36,503 <requestor-worker-0:2072188, MainThread:140581993367360> (requestor.py:_fetch_single_sync:156 -> middleware.py:apply_sync:96) from logger `RFC.middleware_content_saver`
[INFO] applied on PackDirStructure(root).PackDirStructure(WAV格式音乐6278首250GB(双击进分类)).PackDirStructure(其他分类4731首340GB(双击进分类)).PackDirStructure(近年抖音热歌(1288首53.1GB)).PackFile(周深-最好的礼物.wav), sent

2024-05-28 07:32:41,054 <requestor-worker-0:2072188, MainThread:140581993367360> (requestor.py:_fetch_single_sync:156 -> middleware.py:apply_sync:93) from logger `RFC.middleware_content_saver`
[INFO] applying on PackDirStructure(root).PackDirStructure(WAV格式音乐6278首250GB(双击进分类)).PackDirStructure(其他分类4731首340GB(双击进分类)).PackDirStructure(近年抖音热歌(1288首53.1GB)).PackFile(周杰伦-我是如此相信.wav), received

2024-05-28 07:32:43,203 <requestor-worker-0:2072188, MainThread:140581993367360> (requestor.py:_fetch_single_sync:156 -> middleware.py:apply_sync:96) from logger `RFC.middleware_content_saver`
[INFO] applied on PackDirStructure(root).PackDirStructure(WAV格式音乐6278首250GB(双击进分类)).PackDirStructure(其他分类4731首340GB(双击进分类)).PackDirStructure(近年抖音热歌(1288首53.1GB)).PackFile(周杰伦-我是如此相信.wav), sent

2024-05-28 07:35:02,894 <requestor-worker-0:2072188, MainThread:140581993367360> (requestor.py:_fetch_single_sync:156 -> middleware.py:apply_sync:93) from logger `RFC.middleware_content_saver`
[INFO] applying on PackDirStructure(root).PackDirStructure(WAV格式音乐6278首250GB(双击进分类)).PackDirStructure(其他分类4731首340GB(双击进分类)).PackDirStructure(近年抖音热歌(1288首53.1GB)).PackFile(周华健-风雨无阻.wav), received

2024-05-28 07:35:03,933 <requestor-worker-0:2072188, MainThread:140581993367360> (requestor.py:_fetch_single_sync:156 -> middleware.py:apply_sync:96) from logger `RFC.middleware_content_saver`
[INFO] applied on PackDirStructure(root).PackDirStructure(WAV格式音乐6278首250GB(双击进分类)).PackDirStructure(其他分类4731首340GB(双击进分类)).PackDirStructure(近年抖音热歌(1288首53.1GB)).PackFile(周华健-风雨无阻.wav), sent

2024-05-28 07:39:13,064 <requestor-worker-0:2072188, MainThread:140581993367360> (requestor.py:_fetch_single_sync:156 -> middleware.py:apply_sync:93) from logger `RFC.middleware_content_saver`
[INFO] applying on PackDirStructure(root).PackDirStructure(WAV格式音乐6278首250GB(双击进分类)).PackDirStructure(其他分类4731首340GB(双击进分类)).PackDirStructure(近年抖音热歌(1288首53.1GB)).PackFile(告五人-唯一.wav), received

2024-05-28 07:39:15,263 <requestor-worker-0:2072188, MainThread:140581993367360> (requestor.py:_fetch_single_sync:156 -> middleware.py:apply_sync:96) from logger `RFC.middleware_content_saver`
[INFO] applied on PackDirStructure(root).PackDirStructure(WAV格式音乐6278首250GB(双击进分类)).PackDirStructure(其他分类4731首340GB(双击进分类)).PackDirStructure(近年抖音热歌(1288首53.1GB)).PackFile(告五人-唯一.wav), sent

2024-05-28 07:40:49,286 <requestor-worker-0:2072188, MainThread:140581993367360> (requestor.py:_fetch_single_sync:156 -> middleware.py:apply_sync:93) from logger `RFC.middleware_content_saver`
[INFO] applying on PackDirStructure(root).PackDirStructure(WAV格式音乐6278首250GB(双击进分类)).PackDirStructure(其他分类4731首340GB(双击进分类)).PackDirStructure(近年抖音热歌(1288首53.1GB)).PackFile(吉鹏泽-让你自由.wav), received

2024-05-28 07:40:50,360 <requestor-worker-0:2072188, MainThread:140581993367360> (requestor.py:_fetch_single_sync:156 -> middleware.py:apply_sync:96) from logger `RFC.middleware_content_saver`
[INFO] applied on PackDirStructure(root).PackDirStructure(WAV格式音乐6278首250GB(双击进分类)).PackDirStructure(其他分类4731首340GB(双击进分类)).PackDirStructure(近年抖音热歌(1288首53.1GB)).PackFile(吉鹏泽-让你自由.wav), sent

2024-05-28 07:42:13,124 <requestor-worker-0:2072188, MainThread:140581993367360> (requestor.py:_fetch_single_sync:156 -> middleware.py:apply_sync:93) from logger `RFC.middleware_content_saver`
[INFO] applying on PackDirStructure(root).PackDirStructure(WAV格式音乐6278首250GB(双击进分类)).PackDirStructure(其他分类4731首340GB(双击进分类)).PackDirStructure(近年抖音热歌(1288首53.1GB)).PackFile(叶里-人间惊鸿客.wav), received

2024-05-28 07:42:13,953 <requestor-worker-0:2072188, MainThread:140581993367360> (requestor.py:_fetch_single_sync:156 -> middleware.py:apply_sync:96) from logger `RFC.middleware_content_saver`
[INFO] applied on PackDirStructure(root).PackDirStructure(WAV格式音乐6278首250GB(双击进分类)).PackDirStructure(其他分类4731首340GB(双击进分类)).PackDirStructure(近年抖音热歌(1288首53.1GB)).PackFile(叶里-人间惊鸿客.wav), sent

2024-05-28 07:43:48,332 <requestor-worker-0:2072188, MainThread:140581993367360> (requestor.py:_fetch_single_sync:156 -> middleware.py:apply_sync:93) from logger `RFC.middleware_content_saver`
[INFO] applying on PackDirStructure(root).PackDirStructure(WAV格式音乐6278首250GB(双击进分类)).PackDirStructure(其他分类4731首340GB(双击进分类)).PackDirStructure(近年抖音热歌(1288首53.1GB)).PackFile(叶恨水-分你一半.wav), received

2024-05-28 07:43:49,259 <requestor-worker-0:2072188, MainThread:140581993367360> (requestor.py:_fetch_single_sync:156 -> middleware.py:apply_sync:96) from logger `RFC.middleware_content_saver`
[INFO] applied on PackDirStructure(root).PackDirStructure(WAV格式音乐6278首250GB(双击进分类)).PackDirStructure(其他分类4731首340GB(双击进分类)).PackDirStructure(近年抖音热歌(1288首53.1GB)).PackFile(叶恨水-分你一半.wav), sent

2024-05-28 07:45:36,872 <requestor-worker-0:2072188, MainThread:140581993367360> (requestor.py:_fetch_single_sync:156 -> middleware.py:apply_sync:93) from logger `RFC.middleware_content_saver`
[INFO] applying on PackDirStructure(root).PackDirStructure(WAV格式音乐6278首250GB(双击进分类)).PackDirStructure(其他分类4731首340GB(双击进分类)).PackDirStructure(近年抖音热歌(1288首53.1GB)).PackFile(卦者灵风-阳光开朗大男孩.wav), received

2024-05-28 07:45:37,988 <requestor-worker-0:2072188, MainThread:140581993367360> (requestor.py:_fetch_single_sync:156 -> middleware.py:apply_sync:96) from logger `RFC.middleware_content_saver`
[INFO] applied on PackDirStructure(root).PackDirStructure(WAV格式音乐6278首250GB(双击进分类)).PackDirStructure(其他分类4731首340GB(双击进分类)).PackDirStructure(近年抖音热歌(1288首53.1GB)).PackFile(卦者灵风-阳光开朗大男孩.wav), sent

2024-05-28 07:48:01,553 <requestor-worker-0:2072188, MainThread:140581993367360> (requestor.py:_fetch_single_sync:156 -> middleware.py:apply_sync:93) from logger `RFC.middleware_content_saver`
[INFO] applying on PackDirStructure(root).PackDirStructure(WAV格式音乐6278首250GB(双击进分类)).PackDirStructure(其他分类4731首340GB(双击进分类)).PackDirStructure(近年抖音热歌(1288首53.1GB)).PackFile(单夕-谁家公子.wav), received

2024-05-28 07:48:03,692 <requestor-worker-0:2072188, MainThread:140581993367360> (requestor.py:_fetch_single_sync:156 -> middleware.py:apply_sync:96) from logger `RFC.middleware_content_saver`
[INFO] applied on PackDirStructure(root).PackDirStructure(WAV格式音乐6278首250GB(双击进分类)).PackDirStructure(其他分类4731首340GB(双击进分类)).PackDirStructure(近年抖音热歌(1288首53.1GB)).PackFile(单夕-谁家公子.wav), sent

2024-05-28 07:48:57,927 <requestor-worker-0:2072188, MainThread:140581993367360> (requestor.py:_fetch_single_sync:156 -> middleware.py:apply_sync:93) from logger `RFC.middleware_content_saver`
[INFO] applying on PackDirStructure(root).PackDirStructure(WAV格式音乐6278首250GB(双击进分类)).PackDirStructure(其他分类4731首340GB(双击进分类)).PackDirStructure(近年抖音热歌(1288首53.1GB)).PackFile(华晨宇&郎朗-好想爱这个世界啊(Live).wav), received

2024-05-28 07:48:58,849 <requestor-worker-0:2072188, MainThread:140581993367360> (requestor.py:_fetch_single_sync:156 -> middleware.py:apply_sync:96) from logger `RFC.middleware_content_saver`
[INFO] applied on PackDirStructure(root).PackDirStructure(WAV格式音乐6278首250GB(双击进分类)).PackDirStructure(其他分类4731首340GB(双击进分类)).PackDirStructure(近年抖音热歌(1288首53.1GB)).PackFile(华晨宇&郎朗-好想爱这个世界啊(Live).wav), sent

2024-05-28 07:51:16,033 <requestor-worker-0:2072188, MainThread:140581993367360> (requestor.py:_fetch_single_sync:156 -> middleware.py:apply_sync:93) from logger `RFC.middleware_content_saver`
[INFO] applying on PackDirStructure(root).PackDirStructure(WAV格式音乐6278首250GB(双击进分类)).PackDirStructure(其他分类4731首340GB(双击进分类)).PackDirStructure(近年抖音热歌(1288首53.1GB)).PackFile(半吨兄弟-飞蛾扑火(正式版).wav), received

2024-05-28 07:51:17,060 <requestor-worker-0:2072188, MainThread:140581993367360> (requestor.py:_fetch_single_sync:156 -> middleware.py:apply_sync:96) from logger `RFC.middleware_content_saver`
[INFO] applied on PackDirStructure(root).PackDirStructure(WAV格式音乐6278首250GB(双击进分类)).PackDirStructure(其他分类4731首340GB(双击进分类)).PackDirStructure(近年抖音热歌(1288首53.1GB)).PackFile(半吨兄弟-飞蛾扑火(正式版).wav), sent

2024-05-28 07:53:02,274 <requestor-worker-0:2072188, MainThread:140581993367360> (requestor.py:_fetch_single_sync:156 -> middleware.py:apply_sync:93) from logger `RFC.middleware_content_saver`
[INFO] applying on PackDirStructure(root).PackDirStructure(WAV格式音乐6278首250GB(双击进分类)).PackDirStructure(其他分类4731首340GB(双击进分类)).PackDirStructure(近年抖音热歌(1288首53.1GB)).PackFile(千百顺-很任性.wav), received

2024-05-28 07:53:03,202 <requestor-worker-0:2072188, MainThread:140581993367360> (requestor.py:_fetch_single_sync:156 -> middleware.py:apply_sync:96) from logger `RFC.middleware_content_saver`
[INFO] applied on PackDirStructure(root).PackDirStructure(WAV格式音乐6278首250GB(双击进分类)).PackDirStructure(其他分类4731首340GB(双击进分类)).PackDirStructure(近年抖音热歌(1288首53.1GB)).PackFile(千百顺-很任性.wav), sent

2024-05-28 07:56:34,663 <requestor-worker-0:2072188, MainThread:140581993367360> (requestor.py:_fetch_single_sync:156 -> middleware.py:apply_sync:93) from logger `RFC.middleware_content_saver`
[INFO] applying on PackDirStructure(root).PackDirStructure(WAV格式音乐6278首250GB(双击进分类)).PackDirStructure(其他分类4731首340GB(双击进分类)).PackDirStructure(近年抖音热歌(1288首53.1GB)).PackFile(刘雨昕-练习曲.wav), received

2024-05-28 07:56:36,386 <requestor-worker-0:2072188, MainThread:140581993367360> (requestor.py:_fetch_single_sync:156 -> middleware.py:apply_sync:96) from logger `RFC.middleware_content_saver`
[INFO] applied on PackDirStructure(root).PackDirStructure(WAV格式音乐6278首250GB(双击进分类)).PackDirStructure(其他分类4731首340GB(双击进分类)).PackDirStructure(近年抖音热歌(1288首53.1GB)).PackFile(刘雨昕-练习曲.wav), sent

2024-05-28 07:58:03,054 <requestor-worker-0:2072188, MainThread:140581993367360> (requestor.py:_fetch_single_sync:156 -> middleware.py:apply_sync:93) from logger `RFC.middleware_content_saver`
[INFO] applying on PackDirStructure(root).PackDirStructure(WAV格式音乐6278首250GB(双击进分类)).PackDirStructure(其他分类4731首340GB(双击进分类)).PackDirStructure(近年抖音热歌(1288首53.1GB)).PackFile(刘至佳&韩瞳-时光背面的我.wav), received

2024-05-28 07:58:03,712 <requestor-worker-0:2072188, MainThread:140581993367360> (requestor.py:_fetch_single_sync:156 -> middleware.py:apply_sync:96) from logger `RFC.middleware_content_saver`
[INFO] applied on PackDirStructure(root).PackDirStructure(WAV格式音乐6278首250GB(双击进分类)).PackDirStructure(其他分类4731首340GB(双击进分类)).PackDirStructure(近年抖音热歌(1288首53.1GB)).PackFile(刘至佳&韩瞳-时光背面的我.wav), sent

2024-05-28 08:00:14,264 <requestor-worker-0:2072188, MainThread:140581993367360> (requestor.py:_fetch_single_sync:156 -> middleware.py:apply_sync:93) from logger `RFC.middleware_content_saver`
[INFO] applying on PackDirStructure(root).PackDirStructure(WAV格式音乐6278首250GB(双击进分类)).PackDirStructure(其他分类4731首340GB(双击进分类)).PackDirStructure(近年抖音热歌(1288首53.1GB)).PackFile(刘珂矣-闲庭絮.wav), received

2024-05-28 08:00:15,940 <requestor-worker-0:2072188, MainThread:140581993367360> (requestor.py:_fetch_single_sync:156 -> middleware.py:apply_sync:96) from logger `RFC.middleware_content_saver`
[INFO] applied on PackDirStructure(root).PackDirStructure(WAV格式音乐6278首250GB(双击进分类)).PackDirStructure(其他分类4731首340GB(双击进分类)).PackDirStructure(近年抖音热歌(1288首53.1GB)).PackFile(刘珂矣-闲庭絮.wav), sent

2024-05-28 08:01:59,774 <requestor-worker-0:2072188, MainThread:140581993367360> (requestor.py:_fetch_single_sync:156 -> middleware.py:apply_sync:93) from logger `RFC.middleware_content_saver`
[INFO] applying on PackDirStructure(root).PackDirStructure(WAV格式音乐6278首250GB(双击进分类)).PackDirStructure(其他分类4731首340GB(双击进分类)).PackDirStructure(近年抖音热歌(1288首53.1GB)).PackFile(刘惜君&王赫野-大风吹(Live).wav), received

2024-05-28 08:02:01,513 <requestor-worker-0:2072188, MainThread:140581993367360> (requestor.py:_fetch_single_sync:156 -> middleware.py:apply_sync:96) from logger `RFC.middleware_content_saver`
[INFO] applied on PackDirStructure(root).PackDirStructure(WAV格式音乐6278首250GB(双击进分类)).PackDirStructure(其他分类4731首340GB(双击进分类)).PackDirStructure(近年抖音热歌(1288首53.1GB)).PackFile(刘惜君&王赫野-大风吹(Live).wav), sent

2024-05-28 08:03:31,527 <requestor-worker-0:2072188, MainThread:140581993367360> (requestor.py:_fetch_single_sync:156 -> middleware.py:apply_sync:93) from logger `RFC.middleware_content_saver`
[INFO] applying on PackDirStructure(root).PackDirStructure(WAV格式音乐6278首250GB(双击进分类)).PackDirStructure(其他分类4731首340GB(双击进分类)).PackDirStructure(近年抖音热歌(1288首53.1GB)).PackFile(刘大拿-就忘了吧(DJ版).wav), received

2024-05-28 08:03:32,918 <requestor-worker-0:2072188, MainThread:140581993367360> (requestor.py:_fetch_single_sync:156 -> middleware.py:apply_sync:96) from logger `RFC.middleware_content_saver`
[INFO] applied on PackDirStructure(root).PackDirStructure(WAV格式音乐6278首250GB(双击进分类)).PackDirStructure(其他分类4731首340GB(双击进分类)).PackDirStructure(近年抖音热歌(1288首53.1GB)).PackFile(刘大拿-就忘了吧(DJ版).wav), sent

2024-05-28 08:05:32,922 <requestor-worker-0:2072188, MainThread:140581993367360> (requestor.py:_fetch_single_sync:156 -> middleware.py:apply_sync:93) from logger `RFC.middleware_content_saver`
[INFO] applying on PackDirStructure(root).PackDirStructure(WAV格式音乐6278首250GB(双击进分类)).PackDirStructure(其他分类4731首340GB(双击进分类)).PackDirStructure(近年抖音热歌(1288首53.1GB)).PackFile(刘大壮-信仰.wav), received

2024-05-28 08:05:34,268 <requestor-worker-0:2072188, MainThread:140581993367360> (requestor.py:_fetch_single_sync:156 -> middleware.py:apply_sync:96) from logger `RFC.middleware_content_saver`
[INFO] applied on PackDirStructure(root).PackDirStructure(WAV格式音乐6278首250GB(双击进分类)).PackDirStructure(其他分类4731首340GB(双击进分类)).PackDirStructure(近年抖音热歌(1288首53.1GB)).PackFile(刘大壮-信仰.wav), sent

2024-05-28 08:07:23,332 <requestor-worker-0:2072188, MainThread:140581993367360> (requestor.py:_fetch_single_sync:156 -> middleware.py:apply_sync:93) from logger `RFC.middleware_content_saver`
[INFO] applying on PackDirStructure(root).PackDirStructure(WAV格式音乐6278首250GB(双击进分类)).PackDirStructure(其他分类4731首340GB(双击进分类)).PackDirStructure(近年抖音热歌(1288首53.1GB)).PackFile(凤凰传奇-拜新年.wav), received

2024-05-28 08:07:24,210 <requestor-worker-0:2072188, MainThread:140581993367360> (requestor.py:_fetch_single_sync:156 -> middleware.py:apply_sync:96) from logger `RFC.middleware_content_saver`
[INFO] applied on PackDirStructure(root).PackDirStructure(WAV格式音乐6278首250GB(双击进分类)).PackDirStructure(其他分类4731首340GB(双击进分类)).PackDirStructure(近年抖音热歌(1288首53.1GB)).PackFile(凤凰传奇-拜新年.wav), sent

2024-05-28 08:09:19,135 <requestor-worker-0:2072188, MainThread:140581993367360> (requestor.py:_fetch_single_sync:156 -> middleware.py:apply_sync:93) from logger `RFC.middleware_content_saver`
[INFO] applying on PackDirStructure(root).PackDirStructure(WAV格式音乐6278首250GB(双击进分类)).PackDirStructure(其他分类4731首340GB(双击进分类)).PackDirStructure(近年抖音热歌(1288首53.1GB)).PackFile(冯提莫-谢谢爱过.wav), received

2024-05-28 08:09:20,185 <requestor-worker-0:2072188, MainThread:140581993367360> (requestor.py:_fetch_single_sync:156 -> middleware.py:apply_sync:96) from logger `RFC.middleware_content_saver`
[INFO] applied on PackDirStructure(root).PackDirStructure(WAV格式音乐6278首250GB(双击进分类)).PackDirStructure(其他分类4731首340GB(双击进分类)).PackDirStructure(近年抖音热歌(1288首53.1GB)).PackFile(冯提莫-谢谢爱过.wav), sent

2024-05-28 08:11:17,599 <requestor-worker-0:2072188, MainThread:140581993367360> (requestor.py:_fetch_single_sync:156 -> middleware.py:apply_sync:93) from logger `RFC.middleware_content_saver`
[INFO] applying on PackDirStructure(root).PackDirStructure(WAV格式音乐6278首250GB(双击进分类)).PackDirStructure(其他分类4731首340GB(双击进分类)).PackDirStructure(近年抖音热歌(1288首53.1GB)).PackFile(关剑-都会哭.wav), received

2024-05-28 08:11:19,065 <requestor-worker-0:2072188, MainThread:140581993367360> (requestor.py:_fetch_single_sync:156 -> middleware.py:apply_sync:96) from logger `RFC.middleware_content_saver`
[INFO] applied on PackDirStructure(root).PackDirStructure(WAV格式音乐6278首250GB(双击进分类)).PackDirStructure(其他分类4731首340GB(双击进分类)).PackDirStructure(近年抖音热歌(1288首53.1GB)).PackFile(关剑-都会哭.wav), sent

2024-05-28 08:13:46,381 <requestor-worker-0:2072188, MainThread:140581993367360> (requestor.py:_fetch_single_sync:156 -> middleware.py:apply_sync:93) from logger `RFC.middleware_content_saver`
[INFO] applying on PackDirStructure(root).PackDirStructure(WAV格式音乐6278首250GB(双击进分类)).PackDirStructure(其他分类4731首340GB(双击进分类)).PackDirStructure(近年抖音热歌(1288首53.1GB)).PackFile(傲寒同学-藏墨.wav), received

2024-05-28 08:13:47,680 <requestor-worker-0:2072188, MainThread:140581993367360> (requestor.py:_fetch_single_sync:156 -> middleware.py:apply_sync:96) from logger `RFC.middleware_content_saver`
[INFO] applied on PackDirStructure(root).PackDirStructure(WAV格式音乐6278首250GB(双击进分类)).PackDirStructure(其他分类4731首340GB(双击进分类)).PackDirStructure(近年抖音热歌(1288首53.1GB)).PackFile(傲寒同学-藏墨.wav), sent

2024-05-28 08:16:17,950 <requestor-worker-0:2072188, MainThread:140581993367360> (requestor.py:_fetch_single_sync:156 -> middleware.py:apply_sync:93) from logger `RFC.middleware_content_saver`
[INFO] applying on PackDirStructure(root).PackDirStructure(WAV格式音乐6278首250GB(双击进分类)).PackDirStructure(其他分类4731首340GB(双击进分类)).PackDirStructure(近年抖音热歌(1288首53.1GB)).PackFile(倪浩毅-惊雷.wav), received

2024-05-28 08:16:19,030 <requestor-worker-0:2072188, MainThread:140581993367360> (requestor.py:_fetch_single_sync:156 -> middleware.py:apply_sync:96) from logger `RFC.middleware_content_saver`
[INFO] applied on PackDirStructure(root).PackDirStructure(WAV格式音乐6278首250GB(双击进分类)).PackDirStructure(其他分类4731首340GB(双击进分类)).PackDirStructure(近年抖音热歌(1288首53.1GB)).PackFile(倪浩毅-惊雷.wav), sent

2024-05-28 08:18:11,011 <requestor-worker-0:2072188, MainThread:140581993367360> (requestor.py:_fetch_single_sync:156 -> middleware.py:apply_sync:93) from logger `RFC.middleware_content_saver`
[INFO] applying on PackDirStructure(root).PackDirStructure(WAV格式音乐6278首250GB(双击进分类)).PackDirStructure(其他分类4731首340GB(双击进分类)).PackDirStructure(近年抖音热歌(1288首53.1GB)).PackFile(侯泽润-一句先苦后甜.wav), received

2024-05-28 08:18:12,211 <requestor-worker-0:2072188, MainThread:140581993367360> (requestor.py:_fetch_single_sync:156 -> middleware.py:apply_sync:96) from logger `RFC.middleware_content_saver`
[INFO] applied on PackDirStructure(root).PackDirStructure(WAV格式音乐6278首250GB(双击进分类)).PackDirStructure(其他分类4731首340GB(双击进分类)).PackDirStructure(近年抖音热歌(1288首53.1GB)).PackFile(侯泽润-一句先苦后甜.wav), sent

2024-05-28 08:21:28,385 <requestor-worker-0:2072188, MainThread:140581993367360> (requestor.py:_fetch_single_sync:156 -> middleware.py:apply_sync:93) from logger `RFC.middleware_content_saver`
[INFO] applying on PackDirStructure(root).PackDirStructure(WAV格式音乐6278首250GB(双击进分类)).PackDirStructure(其他分类4731首340GB(双击进分类)).PackDirStructure(近年抖音热歌(1288首53.1GB)).PackFile(何野-天亮以前说再见(DJ版).wav), received

2024-05-28 08:21:29,771 <requestor-worker-0:2072188, MainThread:140581993367360> (requestor.py:_fetch_single_sync:156 -> middleware.py:apply_sync:96) from logger `RFC.middleware_content_saver`
[INFO] applied on PackDirStructure(root).PackDirStructure(WAV格式音乐6278首250GB(双击进分类)).PackDirStructure(其他分类4731首340GB(双击进分类)).PackDirStructure(近年抖音热歌(1288首53.1GB)).PackFile(何野-天亮以前说再见(DJ版).wav), sent

2024-05-28 08:26:08,984 <requestor-worker-0:2072188, MainThread:140581993367360> (requestor.py:_fetch_single_sync:156 -> middleware.py:apply_sync:93) from logger `RFC.middleware_content_saver`
[INFO] applying on PackDirStructure(root).PackDirStructure(WAV格式音乐6278首250GB(双击进分类)).PackDirStructure(其他分类4731首340GB(双击进分类)).PackDirStructure(近年抖音热歌(1288首53.1GB)).PackFile(伍佰 And China Blue-挪威的森林.wav), received

2024-05-28 08:26:10,890 <requestor-worker-0:2072188, MainThread:140581993367360> (requestor.py:_fetch_single_sync:156 -> middleware.py:apply_sync:96) from logger `RFC.middleware_content_saver`
[INFO] applied on PackDirStructure(root).PackDirStructure(WAV格式音乐6278首250GB(双击进分类)).PackDirStructure(其他分类4731首340GB(双击进分类)).PackDirStructure(近年抖音热歌(1288首53.1GB)).PackFile(伍佰 And China Blue-挪威的森林.wav), sent

2024-05-28 08:29:07,254 <requestor-worker-0:2072188, MainThread:140581993367360> (requestor.py:_fetch_single_sync:156 -> middleware.py:apply_sync:93) from logger `RFC.middleware_content_saver`
[INFO] applying on PackDirStructure(root).PackDirStructure(WAV格式音乐6278首250GB(双击进分类)).PackDirStructure(其他分类4731首340GB(双击进分类)).PackDirStructure(近年抖音热歌(1288首53.1GB)).PackFile(任然-雀跃.wav), received

2024-05-28 08:29:08,575 <requestor-worker-0:2072188, MainThread:140581993367360> (requestor.py:_fetch_single_sync:156 -> middleware.py:apply_sync:96) from logger `RFC.middleware_content_saver`
[INFO] applied on PackDirStructure(root).PackDirStructure(WAV格式音乐6278首250GB(双击进分类)).PackDirStructure(其他分类4731首340GB(双击进分类)).PackDirStructure(近年抖音热歌(1288首53.1GB)).PackFile(任然-雀跃.wav), sent

2024-05-28 08:32:54,930 <requestor-worker-0:2072188, MainThread:140581993367360> (requestor.py:_fetch_single_sync:156 -> middleware.py:apply_sync:93) from logger `RFC.middleware_content_saver`
[INFO] applying on PackDirStructure(root).PackDirStructure(WAV格式音乐6278首250GB(双击进分类)).PackDirStructure(其他分类4731首340GB(双击进分类)).PackDirStructure(近年抖音热歌(1288首53.1GB)).PackFile(任然-山外小楼夜听雨.wav), received

2024-05-28 08:32:56,143 <requestor-worker-0:2072188, MainThread:140581993367360> (requestor.py:_fetch_single_sync:156 -> middleware.py:apply_sync:96) from logger `RFC.middleware_content_saver`
[INFO] applied on PackDirStructure(root).PackDirStructure(WAV格式音乐6278首250GB(双击进分类)).PackDirStructure(其他分类4731首340GB(双击进分类)).PackDirStructure(近年抖音热歌(1288首53.1GB)).PackFile(任然-山外小楼夜听雨.wav), sent

2024-05-28 08:35:19,866 <requestor-worker-0:2072188, MainThread:140581993367360> (requestor.py:_fetch_single_sync:156 -> middleware.py:apply_sync:93) from logger `RFC.middleware_content_saver`
[INFO] applying on PackDirStructure(root).PackDirStructure(WAV格式音乐6278首250GB(双击进分类)).PackDirStructure(其他分类4731首340GB(双击进分类)).PackDirStructure(近年抖音热歌(1288首53.1GB)).PackFile(任夏-九十九朵泪花.wav), received

2024-05-28 08:35:21,027 <requestor-worker-0:2072188, MainThread:140581993367360> (requestor.py:_fetch_single_sync:156 -> middleware.py:apply_sync:96) from logger `RFC.middleware_content_saver`
[INFO] applied on PackDirStructure(root).PackDirStructure(WAV格式音乐6278首250GB(双击进分类)).PackDirStructure(其他分类4731首340GB(双击进分类)).PackDirStructure(近年抖音热歌(1288首53.1GB)).PackFile(任夏-九十九朵泪花.wav), sent

2024-05-28 08:39:01,075 <requestor-worker-0:2072188, MainThread:140581993367360> (requestor.py:_fetch_single_sync:156 -> middleware.py:apply_sync:93) from logger `RFC.middleware_content_saver`
[INFO] applying on PackDirStructure(root).PackDirStructure(WAV格式音乐6278首250GB(双击进分类)).PackDirStructure(其他分类4731首340GB(双击进分类)).PackDirStructure(近年抖音热歌(1288首53.1GB)).PackFile(付汶昊-生人回避(抖音原版).wav), received

2024-05-28 08:39:02,080 <requestor-worker-0:2072188, MainThread:140581993367360> (requestor.py:_fetch_single_sync:156 -> middleware.py:apply_sync:96) from logger `RFC.middleware_content_saver`
[INFO] applied on PackDirStructure(root).PackDirStructure(WAV格式音乐6278首250GB(双击进分类)).PackDirStructure(其他分类4731首340GB(双击进分类)).PackDirStructure(近年抖音热歌(1288首53.1GB)).PackFile(付汶昊-生人回避(抖音原版).wav), sent

2024-05-28 08:43:08,122 <requestor-worker-0:2072188, MainThread:140581993367360> (requestor.py:_fetch_single_sync:156 -> middleware.py:apply_sync:93) from logger `RFC.middleware_content_saver`
[INFO] applying on PackDirStructure(root).PackDirStructure(WAV格式音乐6278首250GB(双击进分类)).PackDirStructure(其他分类4731首340GB(双击进分类)).PackDirStructure(近年抖音热歌(1288首53.1GB)).PackFile(亦伊-怪我吧.wav), received

2024-05-28 08:43:09,729 <requestor-worker-0:2072188, MainThread:140581993367360> (requestor.py:_fetch_single_sync:156 -> middleware.py:apply_sync:96) from logger `RFC.middleware_content_saver`
[INFO] applied on PackDirStructure(root).PackDirStructure(WAV格式音乐6278首250GB(双击进分类)).PackDirStructure(其他分类4731首340GB(双击进分类)).PackDirStructure(近年抖音热歌(1288首53.1GB)).PackFile(亦伊-怪我吧.wav), sent

2024-05-28 08:49:38,016 <requestor-worker-0:2072188, MainThread:140581993367360> (requestor.py:_fetch_single_sync:156 -> middleware.py:apply_sync:93) from logger `RFC.middleware_content_saver`
[INFO] applying on PackDirStructure(root).PackDirStructure(WAV格式音乐6278首250GB(双击进分类)).PackDirStructure(其他分类4731首340GB(双击进分类)).PackDirStructure(近年抖音热歌(1288首53.1GB)).PackFile(五月天-后来的我们.wav), received

2024-05-28 08:49:41,015 <requestor-worker-0:2072188, MainThread:140581993367360> (requestor.py:_fetch_single_sync:156 -> middleware.py:apply_sync:96) from logger `RFC.middleware_content_saver`
[INFO] applied on PackDirStructure(root).PackDirStructure(WAV格式音乐6278首250GB(双击进分类)).PackDirStructure(其他分类4731首340GB(双击进分类)).PackDirStructure(近年抖音热歌(1288首53.1GB)).PackFile(五月天-后来的我们.wav), sent

2024-05-28 08:51:52,440 <requestor-worker-0:2072188, MainThread:140581993367360> (requestor.py:_fetch_single_sync:156 -> middleware.py:apply_sync:93) from logger `RFC.middleware_content_saver`
[INFO] applying on PackDirStructure(root).PackDirStructure(WAV格式音乐6278首250GB(双击进分类)).PackDirStructure(其他分类4731首340GB(双击进分类)).PackDirStructure(近年抖音热歌(1288首53.1GB)).PackFile(于冬然-从前怕.wav), received

2024-05-28 08:51:53,563 <requestor-worker-0:2072188, MainThread:140581993367360> (requestor.py:_fetch_single_sync:156 -> middleware.py:apply_sync:96) from logger `RFC.middleware_content_saver`
[INFO] applied on PackDirStructure(root).PackDirStructure(WAV格式音乐6278首250GB(双击进分类)).PackDirStructure(其他分类4731首340GB(双击进分类)).PackDirStructure(近年抖音热歌(1288首53.1GB)).PackFile(于冬然-从前怕.wav), sent

2024-05-28 08:54:25,693 <requestor-worker-0:2072188, MainThread:140581993367360> (requestor.py:_fetch_single_sync:156 -> middleware.py:apply_sync:93) from logger `RFC.middleware_content_saver`
[INFO] applying on PackDirStructure(root).PackDirStructure(WAV格式音乐6278首250GB(双击进分类)).PackDirStructure(其他分类4731首340GB(双击进分类)).PackDirStructure(近年抖音热歌(1288首53.1GB)).PackFile(乔佳旭-我偏偏.wav), received

2024-05-28 08:54:27,684 <requestor-worker-0:2072188, MainThread:140581993367360> (requestor.py:_fetch_single_sync:156 -> middleware.py:apply_sync:96) from logger `RFC.middleware_content_saver`
[INFO] applied on PackDirStructure(root).PackDirStructure(WAV格式音乐6278首250GB(双击进分类)).PackDirStructure(其他分类4731首340GB(双击进分类)).PackDirStructure(近年抖音热歌(1288首53.1GB)).PackFile(乔佳旭-我偏偏.wav), sent

2024-05-28 08:57:18,325 <requestor-worker-0:2072188, MainThread:140581993367360> (requestor.py:_fetch_single_sync:156 -> middleware.py:apply_sync:93) from logger `RFC.middleware_content_saver`
[INFO] applying on PackDirStructure(root).PackDirStructure(WAV格式音乐6278首250GB(双击进分类)).PackDirStructure(其他分类4731首340GB(双击进分类)).PackDirStructure(近年抖音热歌(1288首53.1GB)).PackFile(不才-化身孤岛的鲸.wav), received

2024-05-28 08:57:19,478 <requestor-worker-0:2072188, MainThread:140581993367360> (requestor.py:_fetch_single_sync:156 -> middleware.py:apply_sync:96) from logger `RFC.middleware_content_saver`
[INFO] applied on PackDirStructure(root).PackDirStructure(WAV格式音乐6278首250GB(双击进分类)).PackDirStructure(其他分类4731首340GB(双击进分类)).PackDirStructure(近年抖音热歌(1288首53.1GB)).PackFile(不才-化身孤岛的鲸.wav), sent

2024-05-28 09:00:05,133 <requestor-worker-0:2072188, MainThread:140581993367360> (requestor.py:_fetch_single_sync:156 -> middleware.py:apply_sync:93) from logger `RFC.middleware_content_saver`
[INFO] applying on PackDirStructure(root).PackDirStructure(WAV格式音乐6278首250GB(双击进分类)).PackDirStructure(其他分类4731首340GB(双击进分类)).PackDirStructure(近年抖音热歌(1288首53.1GB)).PackFile(三楠-晚风作酒.wav), received

2024-05-28 09:00:05,960 <requestor-worker-0:2072188, MainThread:140581993367360> (requestor.py:_fetch_single_sync:156 -> middleware.py:apply_sync:96) from logger `RFC.middleware_content_saver`
[INFO] applied on PackDirStructure(root).PackDirStructure(WAV格式音乐6278首250GB(双击进分类)).PackDirStructure(其他分类4731首340GB(双击进分类)).PackDirStructure(近年抖音热歌(1288首53.1GB)).PackFile(三楠-晚风作酒.wav), sent

2024-05-28 09:01:43,774 <requestor-worker-0:2072188, MainThread:140581993367360> (requestor.py:_fetch_single_sync:156 -> middleware.py:apply_sync:93) from logger `RFC.middleware_content_saver`
[INFO] applying on PackDirStructure(root).PackDirStructure(WAV格式音乐6278首250GB(双击进分类)).PackDirStructure(其他分类4731首340GB(双击进分类)).PackDirStructure(近年抖音热歌(1288首53.1GB)).PackFile(七叔（叶泽浩）-诛神诀.wav), received

2024-05-28 09:01:44,776 <requestor-worker-0:2072188, MainThread:140581993367360> (requestor.py:_fetch_single_sync:156 -> middleware.py:apply_sync:96) from logger `RFC.middleware_content_saver`
[INFO] applied on PackDirStructure(root).PackDirStructure(WAV格式音乐6278首250GB(双击进分类)).PackDirStructure(其他分类4731首340GB(双击进分类)).PackDirStructure(近年抖音热歌(1288首53.1GB)).PackFile(七叔（叶泽浩）-诛神诀.wav), sent

2024-05-28 09:03:36,682 <requestor-worker-0:2072188, MainThread:140581993367360> (requestor.py:_fetch_single_sync:156 -> middleware.py:apply_sync:93) from logger `RFC.middleware_content_saver`
[INFO] applying on PackDirStructure(root).PackDirStructure(WAV格式音乐6278首250GB(双击进分类)).PackDirStructure(其他分类4731首340GB(双击进分类)).PackDirStructure(近年抖音热歌(1288首53.1GB)).PackFile(七叔（叶泽浩）-客子光阴.wav), received

2024-05-28 09:03:37,611 <requestor-worker-0:2072188, MainThread:140581993367360> (requestor.py:_fetch_single_sync:156 -> middleware.py:apply_sync:96) from logger `RFC.middleware_content_saver`
[INFO] applied on PackDirStructure(root).PackDirStructure(WAV格式音乐6278首250GB(双击进分类)).PackDirStructure(其他分类4731首340GB(双击进分类)).PackDirStructure(近年抖音热歌(1288首53.1GB)).PackFile(七叔（叶泽浩）-客子光阴.wav), sent

2024-05-28 09:04:49,521 <requestor-worker-0:2072188, MainThread:140581993367360> (requestor.py:_fetch_single_sync:156 -> middleware.py:apply_sync:93) from logger `RFC.middleware_content_saver`
[INFO] applying on PackDirStructure(root).PackDirStructure(WAV格式音乐6278首250GB(双击进分类)).PackDirStructure(其他分类4731首340GB(双击进分类)).PackDirStructure(近年抖音热歌(1288首53.1GB)).PackFile(一口甜-是心动啊 (Cover：IU 、 High4).wav), received

2024-05-28 09:04:50,188 <requestor-worker-0:2072188, MainThread:140581993367360> (requestor.py:_fetch_single_sync:156 -> middleware.py:apply_sync:96) from logger `RFC.middleware_content_saver`
[INFO] applied on PackDirStructure(root).PackDirStructure(WAV格式音乐6278首250GB(双击进分类)).PackDirStructure(其他分类4731首340GB(双击进分类)).PackDirStructure(近年抖音热歌(1288首53.1GB)).PackFile(一口甜-是心动啊 (Cover：IU 、 High4).wav), sent

2024-05-28 09:07:45,541 <requestor-worker-0:2072188, MainThread:140581993367360> (requestor.py:_fetch_single_sync:156 -> middleware.py:apply_sync:93) from logger `RFC.middleware_content_saver`
[INFO] applying on PackDirStructure(root).PackDirStructure(WAV格式音乐6278首250GB(双击进分类)).PackDirStructure(其他分类4731首340GB(双击进分类)).PackDirStructure(近年抖音热歌(1288首53.1GB)).PackFile(Zyboy忠宇-堕.wav), received

2024-05-28 09:07:46,990 <requestor-worker-0:2072188, MainThread:140581993367360> (requestor.py:_fetch_single_sync:156 -> middleware.py:apply_sync:96) from logger `RFC.middleware_content_saver`
[INFO] applied on PackDirStructure(root).PackDirStructure(WAV格式音乐6278首250GB(双击进分类)).PackDirStructure(其他分类4731首340GB(双击进分类)).PackDirStructure(近年抖音热歌(1288首53.1GB)).PackFile(Zyboy忠宇-堕.wav), sent

2024-05-28 09:09:15,359 <requestor-worker-0:2072188, MainThread:140581993367360> (requestor.py:_fetch_single_sync:156 -> middleware.py:apply_sync:93) from logger `RFC.middleware_content_saver`
[INFO] applying on PackDirStructure(root).PackDirStructure(WAV格式音乐6278首250GB(双击进分类)).PackDirStructure(其他分类4731首340GB(双击进分类)).PackDirStructure(近年抖音热歌(1288首53.1GB)).PackFile(xxxmiracle&Aioz-夏日晚风.wav), received

2024-05-28 09:09:16,838 <requestor-worker-0:2072188, MainThread:140581993367360> (requestor.py:_fetch_single_sync:156 -> middleware.py:apply_sync:96) from logger `RFC.middleware_content_saver`
[INFO] applied on PackDirStructure(root).PackDirStructure(WAV格式音乐6278首250GB(双击进分类)).PackDirStructure(其他分类4731首340GB(双击进分类)).PackDirStructure(近年抖音热歌(1288首53.1GB)).PackFile(xxxmiracle&Aioz-夏日晚风.wav), sent

2024-05-28 09:13:04,893 <requestor-worker-0:2072188, MainThread:140581993367360> (requestor.py:_fetch_single_sync:156 -> middleware.py:apply_sync:93) from logger `RFC.middleware_content_saver`
[INFO] applying on PackDirStructure(root).PackDirStructure(WAV格式音乐6278首250GB(双击进分类)).PackDirStructure(其他分类4731首340GB(双击进分类)).PackDirStructure(近年抖音热歌(1288首53.1GB)).PackFile(Uu（刘梦妤）-夏天的风.wav), received

2024-05-28 09:13:06,867 <requestor-worker-0:2072188, MainThread:140581993367360> (requestor.py:_fetch_single_sync:156 -> middleware.py:apply_sync:96) from logger `RFC.middleware_content_saver`
[INFO] applied on PackDirStructure(root).PackDirStructure(WAV格式音乐6278首250GB(双击进分类)).PackDirStructure(其他分类4731首340GB(双击进分类)).PackDirStructure(近年抖音热歌(1288首53.1GB)).PackFile(Uu（刘梦妤）-夏天的风.wav), sent

2024-05-28 09:14:59,647 <requestor-worker-0:2072188, MainThread:140581993367360> (requestor.py:_fetch_single_sync:156 -> middleware.py:apply_sync:93) from logger `RFC.middleware_content_saver`
[INFO] applying on PackDirStructure(root).PackDirStructure(WAV格式音乐6278首250GB(双击进分类)).PackDirStructure(其他分类4731首340GB(双击进分类)).PackDirStructure(近年抖音热歌(1288首53.1GB)).PackFile(Slander&Dylan Matthew-Love Is Gone (feat. Dylan Matthew)(Acoustic).wav), received

2024-05-28 09:15:00,768 <requestor-worker-0:2072188, MainThread:140581993367360> (requestor.py:_fetch_single_sync:156 -> middleware.py:apply_sync:96) from logger `RFC.middleware_content_saver`
[INFO] applied on PackDirStructure(root).PackDirStructure(WAV格式音乐6278首250GB(双击进分类)).PackDirStructure(其他分类4731首340GB(双击进分类)).PackDirStructure(近年抖音热歌(1288首53.1GB)).PackFile(Slander&Dylan Matthew-Love Is Gone (feat. Dylan Matthew)(Acoustic).wav), sent

2024-05-28 09:16:24,262 <requestor-worker-0:2072188, MainThread:140581993367360> (requestor.py:_fetch_single_sync:156 -> middleware.py:apply_sync:93) from logger `RFC.middleware_content_saver`
[INFO] applying on PackDirStructure(root).PackDirStructure(WAV格式音乐6278首250GB(双击进分类)).PackDirStructure(其他分类4731首340GB(双击进分类)).PackDirStructure(近年抖音热歌(1288首53.1GB)).PackFile(pro-等不来花开.wav), received

2024-05-28 09:16:24,970 <requestor-worker-0:2072188, MainThread:140581993367360> (requestor.py:_fetch_single_sync:156 -> middleware.py:apply_sync:96) from logger `RFC.middleware_content_saver`
[INFO] applied on PackDirStructure(root).PackDirStructure(WAV格式音乐6278首250GB(双击进分类)).PackDirStructure(其他分类4731首340GB(双击进分类)).PackDirStructure(近年抖音热歌(1288首53.1GB)).PackFile(pro-等不来花开.wav), sent

2024-05-28 09:17:14,353 <requestor-worker-0:2072188, MainThread:140581993367360> (requestor.py:_fetch_single_sync:156 -> middleware.py:apply_sync:93) from logger `RFC.middleware_content_saver`
[INFO] applying on PackDirStructure(root).PackDirStructure(WAV格式音乐6278首250GB(双击进分类)).PackDirStructure(其他分类4731首340GB(双击进分类)).PackDirStructure(近年抖音热歌(1288首53.1GB)).PackFile(MC九局-我已经爱上你.wav), received

2024-05-28 09:17:14,620 <requestor-worker-0:2072188, MainThread:140581993367360> (requestor.py:_fetch_single_sync:156 -> middleware.py:apply_sync:96) from logger `RFC.middleware_content_saver`
[INFO] applied on PackDirStructure(root).PackDirStructure(WAV格式音乐6278首250GB(双击进分类)).PackDirStructure(其他分类4731首340GB(双击进分类)).PackDirStructure(近年抖音热歌(1288首53.1GB)).PackFile(MC九局-我已经爱上你.wav), sent

2024-05-28 09:19:16,622 <requestor-worker-0:2072188, MainThread:140581993367360> (requestor.py:_fetch_single_sync:156 -> middleware.py:apply_sync:93) from logger `RFC.middleware_content_saver`
[INFO] applying on PackDirStructure(root).PackDirStructure(WAV格式音乐6278首250GB(双击进分类)).PackDirStructure(其他分类4731首340GB(双击进分类)).PackDirStructure(近年抖音热歌(1288首53.1GB)).PackFile(Lil笑笑-山茶花读不懂白玫瑰.wav), received

2024-05-28 09:19:17,549 <requestor-worker-0:2072188, MainThread:140581993367360> (requestor.py:_fetch_single_sync:156 -> middleware.py:apply_sync:96) from logger `RFC.middleware_content_saver`
[INFO] applied on PackDirStructure(root).PackDirStructure(WAV格式音乐6278首250GB(双击进分类)).PackDirStructure(其他分类4731首340GB(双击进分类)).PackDirStructure(近年抖音热歌(1288首53.1GB)).PackFile(Lil笑笑-山茶花读不懂白玫瑰.wav), sent

2024-05-28 09:21:51,896 <requestor-worker-0:2072188, MainThread:140581993367360> (requestor.py:_fetch_single_sync:156 -> middleware.py:apply_sync:93) from logger `RFC.middleware_content_saver`
[INFO] applying on PackDirStructure(root).PackDirStructure(WAV格式音乐6278首250GB(双击进分类)).PackDirStructure(其他分类4731首340GB(双击进分类)).PackDirStructure(近年抖音热歌(1288首53.1GB)).PackFile(LF路飞-听(DJ阿哲版).wav), received

2024-05-28 09:21:53,161 <requestor-worker-0:2072188, MainThread:140581993367360> (requestor.py:_fetch_single_sync:156 -> middleware.py:apply_sync:96) from logger `RFC.middleware_content_saver`
[INFO] applied on PackDirStructure(root).PackDirStructure(WAV格式音乐6278首250GB(双击进分类)).PackDirStructure(其他分类4731首340GB(双击进分类)).PackDirStructure(近年抖音热歌(1288首53.1GB)).PackFile(LF路飞-听(DJ阿哲版).wav), sent

2024-05-28 09:24:57,039 <requestor-worker-0:2072188, MainThread:140581993367360> (requestor.py:_fetch_single_sync:156 -> middleware.py:apply_sync:93) from logger `RFC.middleware_content_saver`
[INFO] applying on PackDirStructure(root).PackDirStructure(WAV格式音乐6278首250GB(双击进分类)).PackDirStructure(其他分类4731首340GB(双击进分类)).PackDirStructure(近年抖音热歌(1288首53.1GB)).PackFile(Kevin Rater-I Love U.wav), received

2024-05-28 09:24:58,541 <requestor-worker-0:2072188, MainThread:140581993367360> (requestor.py:_fetch_single_sync:156 -> middleware.py:apply_sync:96) from logger `RFC.middleware_content_saver`
[INFO] applied on PackDirStructure(root).PackDirStructure(WAV格式音乐6278首250GB(双击进分类)).PackDirStructure(其他分类4731首340GB(双击进分类)).PackDirStructure(近年抖音热歌(1288首53.1GB)).PackFile(Kevin Rater-I Love U.wav), sent

2024-05-28 09:27:35,258 <requestor-worker-0:2072188, MainThread:140581993367360> (requestor.py:_fetch_single_sync:156 -> middleware.py:apply_sync:93) from logger `RFC.middleware_content_saver`
[INFO] applying on PackDirStructure(root).PackDirStructure(WAV格式音乐6278首250GB(双击进分类)).PackDirStructure(其他分类4731首340GB(双击进分类)).PackDirStructure(近年抖音热歌(1288首53.1GB)).PackFile(IN-K&王忻辰-落差.wav), received

2024-05-28 09:27:36,324 <requestor-worker-0:2072188, MainThread:140581993367360> (requestor.py:_fetch_single_sync:156 -> middleware.py:apply_sync:96) from logger `RFC.middleware_content_saver`
[INFO] applied on PackDirStructure(root).PackDirStructure(WAV格式音乐6278首250GB(双击进分类)).PackDirStructure(其他分类4731首340GB(双击进分类)).PackDirStructure(近年抖音热歌(1288首53.1GB)).PackFile(IN-K&王忻辰-落差.wav), sent

2024-05-28 09:32:16,304 <requestor-worker-0:2072188, MainThread:140581993367360> (requestor.py:_fetch_single_sync:156 -> middleware.py:apply_sync:93) from logger `RFC.middleware_content_saver`
[INFO] applying on PackDirStructure(root).PackDirStructure(WAV格式音乐6278首250GB(双击进分类)).PackDirStructure(其他分类4731首340GB(双击进分类)).PackDirStructure(近年抖音热歌(1288首53.1GB)).PackFile(HITA-赤伶.wav), received

2024-05-28 09:32:18,361 <requestor-worker-0:2072188, MainThread:140581993367360> (requestor.py:_fetch_single_sync:156 -> middleware.py:apply_sync:96) from logger `RFC.middleware_content_saver`
[INFO] applied on PackDirStructure(root).PackDirStructure(WAV格式音乐6278首250GB(双击进分类)).PackDirStructure(其他分类4731首340GB(双击进分类)).PackDirStructure(近年抖音热歌(1288首53.1GB)).PackFile(HITA-赤伶.wav), sent

2024-05-28 09:34:32,434 <requestor-worker-0:2072188, MainThread:140581993367360> (requestor.py:_fetch_single_sync:156 -> middleware.py:apply_sync:93) from logger `RFC.middleware_content_saver`
[INFO] applying on PackDirStructure(root).PackDirStructure(WAV格式音乐6278首250GB(双击进分类)).PackDirStructure(其他分类4731首340GB(双击进分类)).PackDirStructure(近年抖音热歌(1288首53.1GB)).PackFile(G.E.M.邓紫棋-来自天堂的魔鬼.wav), received

2024-05-28 09:34:33,493 <requestor-worker-0:2072188, MainThread:140581993367360> (requestor.py:_fetch_single_sync:156 -> middleware.py:apply_sync:96) from logger `RFC.middleware_content_saver`
[INFO] applied on PackDirStructure(root).PackDirStructure(WAV格式音乐6278首250GB(双击进分类)).PackDirStructure(其他分类4731首340GB(双击进分类)).PackDirStructure(近年抖音热歌(1288首53.1GB)).PackFile(G.E.M.邓紫棋-来自天堂的魔鬼.wav), sent

2024-05-28 09:39:18,116 <requestor-worker-0:2072188, MainThread:140581993367360> (requestor.py:_fetch_single_sync:156 -> middleware.py:apply_sync:93) from logger `RFC.middleware_content_saver`
[INFO] applying on PackDirStructure(root).PackDirStructure(WAV格式音乐6278首250GB(双击进分类)).PackDirStructure(其他分类4731首340GB(双击进分类)).PackDirStructure(近年抖音热歌(1288首53.1GB)).PackFile(en-间距.wav), received

2024-05-28 09:39:21,363 <requestor-worker-0:2072188, MainThread:140581993367360> (requestor.py:_fetch_single_sync:156 -> middleware.py:apply_sync:96) from logger `RFC.middleware_content_saver`
[INFO] applied on PackDirStructure(root).PackDirStructure(WAV格式音乐6278首250GB(双击进分类)).PackDirStructure(其他分类4731首340GB(双击进分类)).PackDirStructure(近年抖音热歌(1288首53.1GB)).PackFile(en-间距.wav), sent

2024-05-28 09:41:19,377 <requestor-worker-0:2072188, MainThread:140581993367360> (requestor.py:_fetch_single_sync:156 -> middleware.py:apply_sync:93) from logger `RFC.middleware_content_saver`
[INFO] applying on PackDirStructure(root).PackDirStructure(WAV格式音乐6278首250GB(双击进分类)).PackDirStructure(其他分类4731首340GB(双击进分类)).PackDirStructure(近年抖音热歌(1288首53.1GB)).PackFile(DJ小鱼儿-她会魔法吧（DJR7版）.wav), received

2024-05-28 09:41:20,270 <requestor-worker-0:2072188, MainThread:140581993367360> (requestor.py:_fetch_single_sync:156 -> middleware.py:apply_sync:96) from logger `RFC.middleware_content_saver`
[INFO] applied on PackDirStructure(root).PackDirStructure(WAV格式音乐6278首250GB(双击进分类)).PackDirStructure(其他分类4731首340GB(双击进分类)).PackDirStructure(近年抖音热歌(1288首53.1GB)).PackFile(DJ小鱼儿-她会魔法吧（DJR7版）.wav), sent

2024-05-28 09:44:10,496 <requestor-worker-0:2072188, MainThread:140581993367360> (requestor.py:_fetch_single_sync:156 -> middleware.py:apply_sync:93) from logger `RFC.middleware_content_saver`
[INFO] applying on PackDirStructure(root).PackDirStructure(WAV格式音乐6278首250GB(双击进分类)).PackDirStructure(其他分类4731首340GB(双击进分类)).PackDirStructure(近年抖音热歌(1288首53.1GB)).PackFile(DJ小鱼儿-人潮里拥抱.wav), received

2024-05-28 09:44:11,647 <requestor-worker-0:2072188, MainThread:140581993367360> (requestor.py:_fetch_single_sync:156 -> middleware.py:apply_sync:96) from logger `RFC.middleware_content_saver`
[INFO] applied on PackDirStructure(root).PackDirStructure(WAV格式音乐6278首250GB(双击进分类)).PackDirStructure(其他分类4731首340GB(双击进分类)).PackDirStructure(近年抖音热歌(1288首53.1GB)).PackFile(DJ小鱼儿-人潮里拥抱.wav), sent

2024-05-28 09:45:49,590 <requestor-worker-0:2072188, MainThread:140581993367360> (requestor.py:_fetch_single_sync:156 -> middleware.py:apply_sync:93) from logger `RFC.middleware_content_saver`
[INFO] applying on PackDirStructure(root).PackDirStructure(WAV格式音乐6278首250GB(双击进分类)).PackDirStructure(其他分类4731首340GB(双击进分类)).PackDirStructure(近年抖音热歌(1288首53.1GB)).PackFile(CORSAK胡梦周&马吟吟-溯 (Reverse) feat. 马吟吟.wav), received

2024-05-28 09:45:50,563 <requestor-worker-0:2072188, MainThread:140581993367360> (requestor.py:_fetch_single_sync:156 -> middleware.py:apply_sync:96) from logger `RFC.middleware_content_saver`
[INFO] applied on PackDirStructure(root).PackDirStructure(WAV格式音乐6278首250GB(双击进分类)).PackDirStructure(其他分类4731首340GB(双击进分类)).PackDirStructure(近年抖音热歌(1288首53.1GB)).PackFile(CORSAK胡梦周&马吟吟-溯 (Reverse) feat. 马吟吟.wav), sent

2024-05-28 09:47:41,384 <requestor-worker-0:2072188, MainThread:140581993367360> (requestor.py:_fetch_single_sync:156 -> middleware.py:apply_sync:93) from logger `RFC.middleware_content_saver`
[INFO] applying on PackDirStructure(root).PackDirStructure(WAV格式音乐6278首250GB(双击进分类)).PackDirStructure(其他分类4731首340GB(双击进分类)).PackDirStructure(近年抖音热歌(1288首53.1GB)).PackFile(C..HφPE-沉沦与遐想.wav), received

2024-05-28 09:47:42,470 <requestor-worker-0:2072188, MainThread:140581993367360> (requestor.py:_fetch_single_sync:156 -> middleware.py:apply_sync:96) from logger `RFC.middleware_content_saver`
[INFO] applied on PackDirStructure(root).PackDirStructure(WAV格式音乐6278首250GB(双击进分类)).PackDirStructure(其他分类4731首340GB(双击进分类)).PackDirStructure(近年抖音热歌(1288首53.1GB)).PackFile(C..HφPE-沉沦与遐想.wav), sent

2024-05-28 10:10:22,143 <requestor-worker-0:2072188, MainThread:140581993367360> (requestor.py:_fetch_single_sync:156 -> middleware.py:apply_sync:93) from logger `RFC.middleware_content_saver`
[INFO] applying on PackDirStructure(root).PackDirStructure(AVI视频3760首226GB(双击进分类)).PackDirStructure(相声小品二人转MV视频(468首54.8GB)).PackDirStructure(赵本山小品).PackFile(2011.赵本山.小沈阳.王小利.李林-同桌的你.avi), received

2024-05-28 10:10:27,234 <requestor-worker-0:2072188, MainThread:140581993367360> (requestor.py:_fetch_single_sync:156 -> middleware.py:apply_sync:96) from logger `RFC.middleware_content_saver`
[INFO] applied on PackDirStructure(root).PackDirStructure(AVI视频3760首226GB(双击进分类)).PackDirStructure(相声小品二人转MV视频(468首54.8GB)).PackDirStructure(赵本山小品).PackFile(2011.赵本山.小沈阳.王小利.李林-同桌的你.avi), sent

2024-05-28 10:26:10,193 <requestor-worker-0:2072188, MainThread:140581993367360> (requestor.py:_fetch_single_sync:156 -> middleware.py:apply_sync:93) from logger `RFC.middleware_content_saver`
[INFO] applying on PackDirStructure(root).PackDirStructure(AVI视频3760首226GB(双击进分类)).PackDirStructure(相声小品二人转MV视频(468首54.8GB)).PackDirStructure(赵本山小品).PackFile(2007.赵本山.宋丹丹.牛群_策 划.avi), received

2024-05-28 10:26:15,262 <requestor-worker-0:2072188, MainThread:140581993367360> (requestor.py:_fetch_single_sync:156 -> middleware.py:apply_sync:96) from logger `RFC.middleware_content_saver`
[INFO] applied on PackDirStructure(root).PackDirStructure(AVI视频3760首226GB(双击进分类)).PackDirStructure(相声小品二人转MV视频(468首54.8GB)).PackDirStructure(赵本山小品).PackFile(2007.赵本山.宋丹丹.牛群_策 划.avi), sent

2024-05-28 10:52:28,156 <requestor-worker-0:2072188, MainThread:140581993367360> (requestor.py:_fetch_single_sync:156 -> middleware.py:apply_sync:93) from logger `RFC.middleware_content_saver`
[INFO] applying on PackDirStructure(root).PackDirStructure(AVI视频3760首226GB(双击进分类)).PackDirStructure(相声小品二人转MV视频(468首54.8GB)).PackDirStructure(赵本山小品).PackFile(14.-.送水工(2004).avi), received

2024-05-28 10:52:33,707 <requestor-worker-0:2072188, MainThread:140581993367360> (requestor.py:_fetch_single_sync:156 -> middleware.py:apply_sync:96) from logger `RFC.middleware_content_saver`
[INFO] applied on PackDirStructure(root).PackDirStructure(AVI视频3760首226GB(双击进分类)).PackDirStructure(相声小品二人转MV视频(468首54.8GB)).PackDirStructure(赵本山小品).PackFile(14.-.送水工(2004).avi), sent

2024-05-28 11:08:29,822 <requestor-worker-0:2072188, MainThread:140581993367360> (requestor.py:_fetch_single_sync:156 -> middleware.py:apply_sync:93) from logger `RFC.middleware_content_saver`
[INFO] applying on PackDirStructure(root).PackDirStructure(AVI视频3760首226GB(双击进分类)).PackDirStructure(相声小品二人转MV视频(468首54.8GB)).PackDirStructure(赵本山小品).PackFile(02.-.小九老乐(1991).avi), received

2024-05-28 11:08:34,678 <requestor-worker-0:2072188, MainThread:140581993367360> (requestor.py:_fetch_single_sync:156 -> middleware.py:apply_sync:96) from logger `RFC.middleware_content_saver`
[INFO] applied on PackDirStructure(root).PackDirStructure(AVI视频3760首226GB(双击进分类)).PackDirStructure(相声小品二人转MV视频(468首54.8GB)).PackDirStructure(赵本山小品).PackFile(02.-.小九老乐(1991).avi), sent

2024-05-28 11:12:35,725 <requestor-worker-0:2072188, MainThread:140581993367360> (requestor.py:_fetch_single_sync:156 -> middleware.py:apply_sync:93) from logger `RFC.middleware_content_saver`
[INFO] applying on PackDirStructure(root).PackDirStructure(AVI视频3760首226GB(双击进分类)).PackDirStructure(相声小品二人转MV视频(468首54.8GB)).PackDirStructure(相声小品2).PackFile(158 二人转 刘畅 大西厢.avi), received

2024-05-28 11:12:37,341 <requestor-worker-0:2072188, MainThread:140581993367360> (requestor.py:_fetch_single_sync:156 -> middleware.py:apply_sync:96) from logger `RFC.middleware_content_saver`
[INFO] applied on PackDirStructure(root).PackDirStructure(AVI视频3760首226GB(双击进分类)).PackDirStructure(相声小品二人转MV视频(468首54.8GB)).PackDirStructure(相声小品2).PackFile(158 二人转 刘畅 大西厢.avi), sent

2024-05-28 11:24:12,573 <requestor-worker-0:2072188, MainThread:140581993367360> (requestor.py:_fetch_single_sync:156 -> middleware.py:apply_sync:93) from logger `RFC.middleware_content_saver`
[INFO] applying on PackDirStructure(root).PackDirStructure(AVI视频3760首226GB(双击进分类)).PackDirStructure(相声小品二人转MV视频(468首54.8GB)).PackDirStructure(相声小品2).PackFile(157 二人转 龙江风组合 回家.avi), received

2024-05-28 11:24:15,939 <requestor-worker-0:2072188, MainThread:140581993367360> (requestor.py:_fetch_single_sync:156 -> middleware.py:apply_sync:96) from logger `RFC.middleware_content_saver`
[INFO] applied on PackDirStructure(root).PackDirStructure(AVI视频3760首226GB(双击进分类)).PackDirStructure(相声小品二人转MV视频(468首54.8GB)).PackDirStructure(相声小品2).PackFile(157 二人转 龙江风组合 回家.avi), sent

2024-05-28 11:26:19,428 <requestor-worker-0:2072188, MainThread:140581993367360> (requestor.py:_fetch_single_sync:156 -> middleware.py:apply_sync:93) from logger `RFC.middleware_content_saver`
[INFO] applying on PackDirStructure(root).PackDirStructure(AVI视频3760首226GB(双击进分类)).PackDirStructure(相声小品二人转MV视频(468首54.8GB)).PackDirStructure(相声小品2).PackFile(149 二人转 小娜 探妹.avi), received

2024-05-28 11:26:19,923 <requestor-worker-0:2072188, MainThread:140581993367360> (requestor.py:_fetch_single_sync:156 -> middleware.py:apply_sync:96) from logger `RFC.middleware_content_saver`
[INFO] applied on PackDirStructure(root).PackDirStructure(AVI视频3760首226GB(双击进分类)).PackDirStructure(相声小品二人转MV视频(468首54.8GB)).PackDirStructure(相声小品2).PackFile(149 二人转 小娜 探妹.avi), sent

2024-05-28 11:36:43,457 <requestor-worker-0:2072188, MainThread:140581993367360> (requestor.py:_fetch_single_sync:156 -> middleware.py:apply_sync:93) from logger `RFC.middleware_content_saver`
[INFO] applying on PackDirStructure(root).PackDirStructure(AVI视频3760首226GB(双击进分类)).PackDirStructure(相声小品二人转MV视频(468首54.8GB)).PackDirStructure(相声小品2).PackFile(144 小品 赵海燕 宋小宝 纯爷们.avi), received

2024-05-28 11:36:46,097 <requestor-worker-0:2072188, MainThread:140581993367360> (requestor.py:_fetch_single_sync:156 -> middleware.py:apply_sync:96) from logger `RFC.middleware_content_saver`
[INFO] applied on PackDirStructure(root).PackDirStructure(AVI视频3760首226GB(双击进分类)).PackDirStructure(相声小品二人转MV视频(468首54.8GB)).PackDirStructure(相声小品2).PackFile(144 小品 赵海燕 宋小宝 纯爷们.avi), sent

2024-05-28 13:40:43,971 <requestor-worker-0:2072188, MainThread:140581993367360> (requestor.py:_fetch_single_sync:156 -> middleware.py:apply_sync:93) from logger `RFC.middleware_content_saver`
[INFO] applying on PackDirStructure(root).PackDirStructure(AVI视频3760首226GB(双击进分类)).PackDirStructure(相声小品二人转MV视频(468首54.8GB)).PackDirStructure(相声小品2).PackFile(141 本山选谁上春晚 140115.AVI), received

2024-05-28 13:40:49,533 <requestor-worker-0:2072188, MainThread:140581993367360> (requestor.py:_fetch_single_sync:156 -> middleware.py:apply_sync:96) from logger `RFC.middleware_content_saver`
[INFO] applied on PackDirStructure(root).PackDirStructure(AVI视频3760首226GB(双击进分类)).PackDirStructure(相声小品二人转MV视频(468首54.8GB)).PackDirStructure(相声小品2).PackFile(141 本山选谁上春晚 140115.AVI), sent

2024-05-28 15:44:52,378 <requestor-worker-0:2072188, MainThread:140581993367360> (requestor.py:_fetch_single_sync:156 -> middleware.py:apply_sync:93) from logger `RFC.middleware_content_saver`
[INFO] applying on PackDirStructure(root).PackDirStructure(AVI视频3760首226GB(双击进分类)).PackDirStructure(相声小品二人转MV视频(468首54.8GB)).PackDirStructure(相声小品2).PackFile(135 本山选谁上春晚 131212.AVI), received

2024-05-28 15:44:57,653 <requestor-worker-0:2072188, MainThread:140581993367360> (requestor.py:_fetch_single_sync:156 -> middleware.py:apply_sync:96) from logger `RFC.middleware_content_saver`
[INFO] applied on PackDirStructure(root).PackDirStructure(AVI视频3760首226GB(双击进分类)).PackDirStructure(相声小品二人转MV视频(468首54.8GB)).PackDirStructure(相声小品2).PackFile(135 本山选谁上春晚 131212.AVI), sent

2024-05-28 15:58:08,526 <requestor-worker-0:2072188, MainThread:140581993367360> (requestor.py:_fetch_single_sync:156 -> middleware.py:apply_sync:93) from logger `RFC.middleware_content_saver`
[INFO] applying on PackDirStructure(root).PackDirStructure(AVI视频3760首226GB(双击进分类)).PackDirStructure(相声小品二人转MV视频(468首54.8GB)).PackDirStructure(经典小品二人转).PackFile(111二人转 王小虎搞笑集.avi), received

2024-05-28 15:58:11,809 <requestor-worker-0:2072188, MainThread:140581993367360> (requestor.py:_fetch_single_sync:156 -> middleware.py:apply_sync:96) from logger `RFC.middleware_content_saver`
[INFO] applied on PackDirStructure(root).PackDirStructure(AVI视频3760首226GB(双击进分类)).PackDirStructure(相声小品二人转MV视频(468首54.8GB)).PackDirStructure(经典小品二人转).PackFile(111二人转 王小虎搞笑集.avi), sent

2024-05-28 16:08:08,046 <requestor-worker-0:2072188, MainThread:140581993367360> (requestor.py:_fetch_single_sync:156 -> middleware.py:apply_sync:93) from logger `RFC.middleware_content_saver`
[INFO] applying on PackDirStructure(root).PackDirStructure(AVI视频3760首226GB(双击进分类)).PackDirStructure(相声小品二人转MV视频(468首54.8GB)).PackDirStructure(相声小品2).PackFile(123 【郭德纲相声】28.AVI), received

2024-05-28 16:08:11,333 <requestor-worker-0:2072188, MainThread:140581993367360> (requestor.py:_fetch_single_sync:156 -> middleware.py:apply_sync:96) from logger `RFC.middleware_content_saver`
[INFO] applied on PackDirStructure(root).PackDirStructure(AVI视频3760首226GB(双击进分类)).PackDirStructure(相声小品二人转MV视频(468首54.8GB)).PackDirStructure(相声小品2).PackFile(123 【郭德纲相声】28.AVI), sent

2024-05-28 16:12:32,448 <requestor-worker-0:2072188, MainThread:140581993367360> (requestor.py:_fetch_single_sync:156 -> middleware.py:apply_sync:93) from logger `RFC.middleware_content_saver`
[INFO] applying on PackDirStructure(root).PackDirStructure(AVI视频3760首226GB(双击进分类)).PackDirStructure(相声小品二人转MV视频(468首54.8GB)).PackDirStructure(经典小品二人转).PackFile(108爆笑《二人转》傻子开洋荤.avi), received

2024-05-28 16:12:33,885 <requestor-worker-0:2072188, MainThread:140581993367360> (requestor.py:_fetch_single_sync:156 -> middleware.py:apply_sync:96) from logger `RFC.middleware_content_saver`
[INFO] applied on PackDirStructure(root).PackDirStructure(AVI视频3760首226GB(双击进分类)).PackDirStructure(相声小品二人转MV视频(468首54.8GB)).PackDirStructure(经典小品二人转).PackFile(108爆笑《二人转》傻子开洋荤.avi), sent

2024-05-28 16:18:48,474 <requestor-worker-0:2072188, MainThread:140581993367360> (requestor.py:_fetch_single_sync:156 -> middleware.py:apply_sync:93) from logger `RFC.middleware_content_saver`
[INFO] applying on PackDirStructure(root).PackDirStructure(AVI视频3760首226GB(双击进分类)).PackDirStructure(相声小品二人转MV视频(468首54.8GB)).PackDirStructure(经典小品二人转).PackFile(107陈小六二人转巧儿交线.avi), received

2024-05-28 16:18:50,287 <requestor-worker-0:2072188, MainThread:140581993367360> (requestor.py:_fetch_single_sync:156 -> middleware.py:apply_sync:96) from logger `RFC.middleware_content_saver`
[INFO] applied on PackDirStructure(root).PackDirStructure(AVI视频3760首226GB(双击进分类)).PackDirStructure(相声小品二人转MV视频(468首54.8GB)).PackDirStructure(经典小品二人转).PackFile(107陈小六二人转巧儿交线.avi), sent

2024-05-28 16:37:23,644 <requestor-worker-0:2072188, MainThread:140581993367360> (requestor.py:_fetch_single_sync:156 -> middleware.py:apply_sync:93) from logger `RFC.middleware_content_saver`
[INFO] applying on PackDirStructure(root).PackDirStructure(AVI视频3760首226GB(双击进分类)).PackDirStructure(相声小品二人转MV视频(468首54.8GB)).PackDirStructure(相声小品2).PackFile(119 【郭德纲相声】24.AVI), received

2024-05-28 16:37:28,783 <requestor-worker-0:2072188, MainThread:140581993367360> (requestor.py:_fetch_single_sync:156 -> middleware.py:apply_sync:96) from logger `RFC.middleware_content_saver`
[INFO] applied on PackDirStructure(root).PackDirStructure(AVI视频3760首226GB(双击进分类)).PackDirStructure(相声小品二人转MV视频(468首54.8GB)).PackDirStructure(相声小品2).PackFile(119 【郭德纲相声】24.AVI), sent

2024-05-28 16:49:47,053 <requestor-worker-0:2072188, MainThread:140581993367360> (requestor.py:_fetch_single_sync:156 -> middleware.py:apply_sync:93) from logger `RFC.middleware_content_saver`
[INFO] applying on PackDirStructure(root).PackDirStructure(AVI视频3760首226GB(双击进分类)).PackDirStructure(相声小品二人转MV视频(468首54.8GB)).PackDirStructure(相声小品2).PackFile(117 【郭德纲相声】22.AVI), received

2024-05-28 16:49:50,905 <requestor-worker-0:2072188, MainThread:140581993367360> (requestor.py:_fetch_single_sync:156 -> middleware.py:apply_sync:96) from logger `RFC.middleware_content_saver`
[INFO] applied on PackDirStructure(root).PackDirStructure(AVI视频3760首226GB(双击进分类)).PackDirStructure(相声小品二人转MV视频(468首54.8GB)).PackDirStructure(相声小品2).PackFile(117 【郭德纲相声】22.AVI), sent

2024-05-28 17:02:12,637 <requestor-worker-0:2072188, MainThread:140581993367360> (requestor.py:_fetch_single_sync:156 -> middleware.py:apply_sync:93) from logger `RFC.middleware_content_saver`
[INFO] applying on PackDirStructure(root).PackDirStructure(AVI视频3760首226GB(双击进分类)).PackDirStructure(相声小品二人转MV视频(468首54.8GB)).PackDirStructure(相声小品2).PackFile(115 【郭德纲相声】20.AVI), received

2024-05-28 17:02:13,433 <requestor-worker-0:2072188, MainThread:140581993367360> (requestor.py:_fetch_single_sync:156 -> middleware.py:apply_sync:96) from logger `RFC.middleware_content_saver`
[INFO] applied on PackDirStructure(root).PackDirStructure(AVI视频3760首226GB(双击进分类)).PackDirStructure(相声小品二人转MV视频(468首54.8GB)).PackDirStructure(相声小品2).PackFile(115 【郭德纲相声】20.AVI), sent

2024-05-28 17:03:31,243 <requestor-worker-0:2072188, MainThread:140581993367360> (requestor.py:_fetch_single_sync:156 -> middleware.py:apply_sync:93) from logger `RFC.middleware_content_saver`
[INFO] applying on PackDirStructure(root).PackDirStructure(AVI视频3760首226GB(双击进分类)).PackDirStructure(相声小品二人转MV视频(468首54.8GB)).PackDirStructure(经典小品二人转).PackFile(99沙家浜.avi), received

2024-05-28 17:03:31,253 <requestor-worker-0:2072188, MainThread:140581993367360> (requestor.py:_fetch_single_sync:156 -> middleware.py:apply_sync:96) from logger `RFC.middleware_content_saver`
[INFO] applied on PackDirStructure(root).PackDirStructure(AVI视频3760首226GB(双击进分类)).PackDirStructure(相声小品二人转MV视频(468首54.8GB)).PackDirStructure(经典小品二人转).PackFile(99沙家浜.avi), sent

2024-05-28 17:18:46,613 <requestor-worker-0:2072188, MainThread:140581993367360> (requestor.py:_fetch_single_sync:156 -> middleware.py:apply_sync:93) from logger `RFC.middleware_content_saver`
[INFO] applying on PackDirStructure(root).PackDirStructure(AVI视频3760首226GB(双击进分类)).PackDirStructure(相声小品二人转MV视频(468首54.8GB)).PackDirStructure(相声小品2).PackFile(112 【郭德纲相声】17.AVI), received

2024-05-28 17:18:47,987 <requestor-worker-0:2072188, MainThread:140581993367360> (requestor.py:_fetch_single_sync:156 -> middleware.py:apply_sync:96) from logger `RFC.middleware_content_saver`
[INFO] applied on PackDirStructure(root).PackDirStructure(AVI视频3760首226GB(双击进分类)).PackDirStructure(相声小品二人转MV视频(468首54.8GB)).PackDirStructure(相声小品2).PackFile(112 【郭德纲相声】17.AVI), sent

2024-05-28 17:44:13,060 <requestor-worker-0:2072188, MainThread:140581993367360> (requestor.py:_fetch_single_sync:156 -> middleware.py:apply_sync:93) from logger `RFC.middleware_content_saver`
[INFO] applying on PackDirStructure(root).PackDirStructure(AVI视频3760首226GB(双击进分类)).PackDirStructure(相声小品二人转MV视频(468首54.8GB)).PackDirStructure(相声小品2).PackFile(109 【郭德纲相声】14.AVI), received

2024-05-28 17:44:15,937 <requestor-worker-0:2072188, MainThread:140581993367360> (requestor.py:_fetch_single_sync:156 -> middleware.py:apply_sync:96) from logger `RFC.middleware_content_saver`
[INFO] applied on PackDirStructure(root).PackDirStructure(AVI视频3760首226GB(双击进分类)).PackDirStructure(相声小品二人转MV视频(468首54.8GB)).PackDirStructure(相声小品2).PackFile(109 【郭德纲相声】14.AVI), sent

2024-05-28 18:02:45,641 <requestor-worker-0:2072188, MainThread:140581993367360> (requestor.py:_fetch_single_sync:156 -> middleware.py:apply_sync:93) from logger `RFC.middleware_content_saver`
[INFO] applying on PackDirStructure(root).PackDirStructure(AVI视频3760首226GB(双击进分类)).PackDirStructure(相声小品二人转MV视频(468首54.8GB)).PackDirStructure(经典小品二人转).PackFile(92儿子大了.avi), received

2024-05-28 18:02:47,040 <requestor-worker-0:2072188, MainThread:140581993367360> (requestor.py:_fetch_single_sync:156 -> middleware.py:apply_sync:96) from logger `RFC.middleware_content_saver`
[INFO] applied on PackDirStructure(root).PackDirStructure(AVI视频3760首226GB(双击进分类)).PackDirStructure(相声小品二人转MV视频(468首54.8GB)).PackDirStructure(经典小品二人转).PackFile(92儿子大了.avi), sent

2024-05-28 18:09:25,676 <requestor-worker-0:2072188, MainThread:140581993367360> (requestor.py:_fetch_single_sync:156 -> middleware.py:apply_sync:93) from logger `RFC.middleware_content_saver`
[INFO] applying on PackDirStructure(root).PackDirStructure(AVI视频3760首226GB(双击进分类)).PackDirStructure(相声小品二人转MV视频(468首54.8GB)).PackDirStructure(经典小品二人转).PackFile(88洛桑学艺7.avi), received

2024-05-28 18:09:25,734 <requestor-worker-0:2072188, MainThread:140581993367360> (requestor.py:_fetch_single_sync:156 -> middleware.py:apply_sync:96) from logger `RFC.middleware_content_saver`
[INFO] applied on PackDirStructure(root).PackDirStructure(AVI视频3760首226GB(双击进分类)).PackDirStructure(相声小品二人转MV视频(468首54.8GB)).PackDirStructure(经典小品二人转).PackFile(88洛桑学艺7.avi), sent

2024-05-28 18:18:15,700 <requestor-worker-0:2072188, MainThread:140581993367360> (requestor.py:_fetch_single_sync:156 -> middleware.py:apply_sync:93) from logger `RFC.middleware_content_saver`
[INFO] applying on PackDirStructure(root).PackDirStructure(AVI视频3760首226GB(双击进分类)).PackDirStructure(相声小品二人转MV视频(468首54.8GB)).PackDirStructure(经典小品二人转).PackFile(87洛桑学艺6.avi), received

2024-05-28 18:18:16,820 <requestor-worker-0:2072188, MainThread:140581993367360> (requestor.py:_fetch_single_sync:156 -> middleware.py:apply_sync:96) from logger `RFC.middleware_content_saver`
[INFO] applied on PackDirStructure(root).PackDirStructure(AVI视频3760首226GB(双击进分类)).PackDirStructure(相声小品二人转MV视频(468首54.8GB)).PackDirStructure(经典小品二人转).PackFile(87洛桑学艺6.avi), sent

2024-05-28 18:27:55,378 <requestor-worker-0:2072188, MainThread:140581993367360> (requestor.py:_fetch_single_sync:156 -> middleware.py:apply_sync:93) from logger `RFC.middleware_content_saver`
[INFO] applying on PackDirStructure(root).PackDirStructure(AVI视频3760首226GB(双击进分类)).PackDirStructure(相声小品二人转MV视频(468首54.8GB)).PackDirStructure(经典小品二人转).PackFile(84洛桑学艺02.avi), received

2024-05-28 18:27:55,714 <requestor-worker-0:2072188, MainThread:140581993367360> (requestor.py:_fetch_single_sync:156 -> middleware.py:apply_sync:96) from logger `RFC.middleware_content_saver`
[INFO] applied on PackDirStructure(root).PackDirStructure(AVI视频3760首226GB(双击进分类)).PackDirStructure(相声小品二人转MV视频(468首54.8GB)).PackDirStructure(经典小品二人转).PackFile(84洛桑学艺02.avi), sent

2024-05-28 18:34:13,471 <requestor-worker-0:2072188, MainThread:140581993367360> (requestor.py:_fetch_single_sync:156 -> middleware.py:apply_sync:93) from logger `RFC.middleware_content_saver`
[INFO] applying on PackDirStructure(root).PackDirStructure(AVI视频3760首226GB(双击进分类)).PackDirStructure(相声小品二人转MV视频(468首54.8GB)).PackDirStructure(相声小品2).PackFile(084 二人转 放风筝.avi), received

2024-05-28 18:34:13,496 <requestor-worker-0:2072188, MainThread:140581993367360> (requestor.py:_fetch_single_sync:156 -> middleware.py:apply_sync:96) from logger `RFC.middleware_content_saver`
[INFO] applied on PackDirStructure(root).PackDirStructure(AVI视频3760首226GB(双击进分类)).PackDirStructure(相声小品二人转MV视频(468首54.8GB)).PackDirStructure(相声小品2).PackFile(084 二人转 放风筝.avi), sent

2024-05-28 18:48:33,743 <requestor-worker-0:2072188, MainThread:140581993367360> (requestor.py:_fetch_single_sync:156 -> middleware.py:apply_sync:93) from logger `RFC.middleware_content_saver`
[INFO] applying on PackDirStructure(root).PackDirStructure(AVI视频3760首226GB(双击进分类)).PackDirStructure(相声小品二人转MV视频(468首54.8GB)).PackDirStructure(相声小品2).PackFile(082 胡椒面 [春晚精选].avi), received

2024-05-28 18:48:34,869 <requestor-worker-0:2072188, MainThread:140581993367360> (requestor.py:_fetch_single_sync:156 -> middleware.py:apply_sync:96) from logger `RFC.middleware_content_saver`
[INFO] applied on PackDirStructure(root).PackDirStructure(AVI视频3760首226GB(双击进分类)).PackDirStructure(相声小品二人转MV视频(468首54.8GB)).PackDirStructure(相声小品2).PackFile(082 胡椒面 [春晚精选].avi), sent

2024-05-28 19:08:58,627 <requestor-worker-0:2072188, MainThread:140581993367360> (requestor.py:_fetch_single_sync:156 -> middleware.py:apply_sync:93) from logger `RFC.middleware_content_saver`
[INFO] applying on PackDirStructure(root).PackDirStructure(AVI视频3760首226GB(双击进分类)).PackDirStructure(相声小品二人转MV视频(468首54.8GB)).PackDirStructure(相声小品2).PackFile(079 考验 [春晚精选].avi), received

2024-05-28 19:09:01,861 <requestor-worker-0:2072188, MainThread:140581993367360> (requestor.py:_fetch_single_sync:156 -> middleware.py:apply_sync:96) from logger `RFC.middleware_content_saver`
[INFO] applied on PackDirStructure(root).PackDirStructure(AVI视频3760首226GB(双击进分类)).PackDirStructure(相声小品二人转MV视频(468首54.8GB)).PackDirStructure(相声小品2).PackFile(079 考验 [春晚精选].avi), sent

2024-05-28 19:17:11,340 <requestor-worker-0:2072188, MainThread:140581993367360> (requestor.py:_fetch_single_sync:156 -> middleware.py:apply_sync:93) from logger `RFC.middleware_content_saver`
[INFO] applying on PackDirStructure(root).PackDirStructure(AVI视频3760首226GB(双击进分类)).PackDirStructure(相声小品二人转MV视频(468首54.8GB)).PackDirStructure(经典小品二人转).PackFile(72冯巩 陶虹 小品 《家中有贼》.avi), received

2024-05-28 19:17:11,901 <requestor-worker-0:2072188, MainThread:140581993367360> (requestor.py:_fetch_single_sync:156 -> middleware.py:apply_sync:96) from logger `RFC.middleware_content_saver`
[INFO] applied on PackDirStructure(root).PackDirStructure(AVI视频3760首226GB(双击进分类)).PackDirStructure(相声小品二人转MV视频(468首54.8GB)).PackDirStructure(经典小品二人转).PackFile(72冯巩 陶虹 小品 《家中有贼》.avi), sent

2024-05-28 19:23:41,926 <requestor-worker-0:2072188, MainThread:140581993367360> (requestor.py:_fetch_single_sync:156 -> middleware.py:apply_sync:93) from logger `RFC.middleware_content_saver`
[INFO] applying on PackDirStructure(root).PackDirStructure(AVI视频3760首226GB(双击进分类)).PackDirStructure(相声小品二人转MV视频(468首54.8GB)).PackDirStructure(经典小品二人转).PackFile(69冯巩 吕丽萍 小品 《心愿》.avi), received

2024-05-28 19:23:42,174 <requestor-worker-0:2072188, MainThread:140581993367360> (requestor.py:_fetch_single_sync:156 -> middleware.py:apply_sync:96) from logger `RFC.middleware_content_saver`
[INFO] applied on PackDirStructure(root).PackDirStructure(AVI视频3760首226GB(双击进分类)).PackDirStructure(相声小品二人转MV视频(468首54.8GB)).PackDirStructure(经典小品二人转).PackFile(69冯巩 吕丽萍 小品 《心愿》.avi), sent

2024-05-28 19:25:50,741 <requestor-worker-0:2072188, MainThread:140581993367360> (requestor.py:_fetch_single_sync:156 -> middleware.py:apply_sync:93) from logger `RFC.middleware_content_saver`
[INFO] applying on PackDirStructure(root).PackDirStructure(AVI视频3760首226GB(双击进分类)).PackDirStructure(相声小品二人转MV视频(468首54.8GB)).PackDirStructure(经典小品二人转).PackFile(67.文松系列喜剧 《出租车》.avi), received

2024-05-28 19:25:50,751 <requestor-worker-0:2072188, MainThread:140581993367360> (requestor.py:_fetch_single_sync:156 -> middleware.py:apply_sync:96) from logger `RFC.middleware_content_saver`
[INFO] applied on PackDirStructure(root).PackDirStructure(AVI视频3760首226GB(双击进分类)).PackDirStructure(相声小品二人转MV视频(468首54.8GB)).PackDirStructure(经典小品二人转).PackFile(67.文松系列喜剧 《出租车》.avi), sent

2024-05-28 19:27:28,558 <requestor-worker-0:2072188, MainThread:140581993367360> (requestor.py:_fetch_single_sync:156 -> middleware.py:apply_sync:93) from logger `RFC.middleware_content_saver`
[INFO] applying on PackDirStructure(root).PackDirStructure(AVI视频3760首226GB(双击进分类)).PackDirStructure(相声小品二人转MV视频(468首54.8GB)).PackDirStructure(经典小品二人转).PackFile(66.玩偶系列喜剧 《帮帮忙》.avi), received

2024-05-28 19:27:28,600 <requestor-worker-0:2072188, MainThread:140581993367360> (requestor.py:_fetch_single_sync:156 -> middleware.py:apply_sync:96) from logger `RFC.middleware_content_saver`
[INFO] applied on PackDirStructure(root).PackDirStructure(AVI视频3760首226GB(双击进分类)).PackDirStructure(相声小品二人转MV视频(468首54.8GB)).PackDirStructure(经典小品二人转).PackFile(66.玩偶系列喜剧 《帮帮忙》.avi), sent

2024-05-28 19:28:27,113 <requestor-worker-0:2072188, MainThread:140581993367360> (requestor.py:_fetch_single_sync:156 -> middleware.py:apply_sync:93) from logger `RFC.middleware_content_saver`
[INFO] applying on PackDirStructure(root).PackDirStructure(AVI视频3760首226GB(双击进分类)).PackDirStructure(相声小品二人转MV视频(468首54.8GB)).PackDirStructure(经典小品二人转).PackFile(65.洋洋 小品 《拍照》.avi), received

2024-05-28 19:28:27,120 <requestor-worker-0:2072188, MainThread:140581993367360> (requestor.py:_fetch_single_sync:156 -> middleware.py:apply_sync:96) from logger `RFC.middleware_content_saver`
[INFO] applied on PackDirStructure(root).PackDirStructure(AVI视频3760首226GB(双击进分类)).PackDirStructure(相声小品二人转MV视频(468首54.8GB)).PackDirStructure(经典小品二人转).PackFile(65.洋洋 小品 《拍照》.avi), sent

