2024-04-04 00:10:42,564 <requestor-worker-9:4140868, MainThread:140046854821696> (requestor.py:_fetch_single_async:199 -> session.py:request:318) from logger `RFC.session_aiohttp`
[INFO] session requesting PapersCoolPaperPage(venue_EMNLP.2020).PapersCoolPaperKimiSection(venue_EMNLP.2020_=2020.emnlp-main.182@ACL)

2024-04-04 00:10:42,600 <requestor-worker-9:4140868, MainThread:140046854821696> (requestor.py:_fetch_single_async:199 -> session.py:request:318) from logger `RFC.session_aiohttp`
[INFO] session requesting PapersCoolPaperPage(venue_ICCV.2019).PapersCoolPaperKimiSection(venue_ICCV.2019_=Wurfl_Estimating_the_Fundamental_Matrix_Without_Point_Correspondences_With_Application_to@ICCV2019@CVF)

2024-04-04 00:10:42,602 <requestor-worker-9:4140868, MainThread:140046854821696> (requestor.py:_fetch_single_async:199 -> session.py:request:318) from logger `RFC.session_aiohttp`
[INFO] session requesting PapersCoolPaperPage(venue_CVPR.2023).PapersCoolPaperKimiSection(venue_CVPR.2023_=Vidit_Learning_Transformations_To_Reduce_the_Geometric_Shift_in_Object_Detection@CVPR2023@CVF)

2024-04-04 00:10:42,604 <requestor-worker-9:4140868, MainThread:140046854821696> (requestor.py:_fetch_single_async:199 -> session.py:request:318) from logger `RFC.session_aiohttp`
[INFO] session requesting PapersCoolPaperPage(venue_EMNLP.2022).PapersCoolPaperKimiSection(venue_EMNLP.2022_=2022.emnlp-main.518@ACL)

2024-04-04 00:10:42,606 <requestor-worker-9:4140868, MainThread:140046854821696> (requestor.py:_fetch_single_async:199 -> session.py:request:318) from logger `RFC.session_aiohttp`
[INFO] session requesting PapersCoolPaperPage(venue_NeurIPS.2021).PapersCoolPaperKimiSection(venue_NeurIPS.2021_=Kb26p7chwhf@OpenReview)

2024-04-04 00:10:42,608 <requestor-worker-9:4140868, MainThread:140046854821696> (requestor.py:_fetch_single_async:199 -> session.py:request:318) from logger `RFC.session_aiohttp`
[INFO] session requesting PapersCoolPaperPage(venue_EMNLP.2020).PapersCoolPaperKimiSection(venue_EMNLP.2020_=2020.emnlp-main.179@ACL)

2024-04-04 00:10:42,609 <requestor-worker-9:4140868, MainThread:140046854821696> (requestor.py:_fetch_single_async:199 -> session.py:request:318) from logger `RFC.session_aiohttp`
[INFO] session requesting PapersCoolPaperPage(venue_INTERSPEECH.2022).PapersCoolPaperKimiSection(venue_INTERSPEECH.2022_=abeysinghe22@interspeech_2022@ISCA)

2024-04-04 00:10:42,611 <requestor-worker-9:4140868, MainThread:140046854821696> (requestor.py:_fetch_single_async:199 -> session.py:request:318) from logger `RFC.session_aiohttp`
[INFO] session requesting PapersCoolPaperPage(venue_EMNLP.2023).PapersCoolPaperKimiSection(venue_EMNLP.2023_=2023.findings-emnlp.82@ACL)

2024-04-04 00:10:42,612 <requestor-worker-9:4140868, MainThread:140046854821696> (requestor.py:_fetch_single_async:199 -> session.py:request:318) from logger `RFC.session_aiohttp`
[INFO] session requesting PapersCoolPaperPage(venue_ICML.2021).PapersCoolPaperKimiSection(venue_ICML.2021_=li21h@v139@PMLR)

2024-04-04 00:10:42,614 <requestor-worker-9:4140868, MainThread:140046854821696> (requestor.py:_fetch_single_async:199 -> session.py:request:318) from logger `RFC.session_aiohttp`
[INFO] session requesting PapersCoolPaperPage(venue_EMNLP.2022).PapersCoolPaperKimiSection(venue_EMNLP.2022_=2022.emnlp-main.515@ACL)

2024-04-04 00:10:42,617 <requestor-worker-9:4140868, MainThread:140046854821696> (requestor.py:_fetch_single_async:199 -> session.py:request:318) from logger `RFC.session_aiohttp`
[INFO] session requesting PapersCoolPaperPage(venue_ICML.2022).PapersCoolPaperKimiSection(venue_ICML.2022_=majumder22a@v162@PMLR)

2024-04-04 00:10:42,636 <requestor-worker-9:4140868, MainThread:140046854821696> (requestor.py:_fetch_single_async:199 -> session.py:request:318) from logger `RFC.session_aiohttp`
[INFO] session requesting PapersCoolPaperPage(venue_ACL.2023).PapersCoolPaperKimiSection(venue_ACL.2023_=2023.findings-acl.212@ACL)

2024-04-04 00:10:42,649 <requestor-worker-9:4140868, MainThread:140046854821696> (requestor.py:_fetch_single_async:199 -> session.py:request:318) from logger `RFC.session_aiohttp`
[INFO] session requesting PapersCoolPaperPage(venue_ACL.2023).PapersCoolPaperKimiSection(venue_ACL.2023_=2023.findings-acl.211@ACL)

2024-04-04 00:10:42,660 <requestor-worker-9:4140868, MainThread:140046854821696> (requestor.py:_fetch_single_async:199 -> session.py:request:318) from logger `RFC.session_aiohttp`
[INFO] session requesting PapersCoolPaperPage(venue_ICML.2022).PapersCoolPaperKimiSection(venue_ICML.2022_=hu22d@v162@PMLR)

2024-04-04 00:10:42,664 <requestor-worker-9:4140868, MainThread:140046854821696> (requestor.py:_fetch_single_async:199 -> session.py:request:318) from logger `RFC.session_aiohttp`
[INFO] session requesting PapersCoolPaperPage(venue_NeurIPS.2023).PapersCoolPaperKimiSection(venue_NeurIPS.2023_=38dQv3OwN3@OpenReview)

2024-04-04 00:10:43,296 <requestor-worker-9:4140868, MainThread:140046854821696> (requestor.py:_fetch_single_async:199 -> session.py:request:318) from logger `RFC.session_aiohttp`
[INFO] session requesting PapersCoolPaperPage(venue_ICML.2022).PapersCoolPaperKimiSection(venue_ICML.2022_=wei22a@v162@PMLR)

2024-04-04 00:10:43,300 <requestor-worker-9:4140868, MainThread:140046854821696> (requestor.py:_fetch_single_async:199 -> session.py:request:318) from logger `RFC.session_aiohttp`
[INFO] session requesting PapersCoolPaperPage(venue_NeurIPS.2023).PapersCoolPaperKimiSection(venue_NeurIPS.2023_=trHfuGQyyr@OpenReview)

2024-04-04 00:10:43,386 <requestor-worker-9:4140868, MainThread:140046854821696> (requestor.py:_fetch_single_async:199 -> session.py:request:318) from logger `RFC.session_aiohttp`
[INFO] session requesting PapersCoolPaperPage(venue_EMNLP.2023).PapersCoolPaperKimiSection(venue_EMNLP.2023_=2023.findings-emnlp.60@ACL)

2024-04-04 00:10:43,389 <requestor-worker-9:4140868, MainThread:140046854821696> (requestor.py:_fetch_single_async:199 -> session.py:request:318) from logger `RFC.session_aiohttp`
[INFO] session requesting PapersCoolPaperPage(venue_ACL.2020).PapersCoolPaperKimiSection(venue_ACL.2020_=2020.acl-main.129@ACL)

2024-04-04 00:10:43,400 <requestor-worker-9:4140868, MainThread:140046854821696> (requestor.py:_fetch_single_async:199 -> session.py:request:318) from logger `RFC.session_aiohttp`
[INFO] session requesting PapersCoolPaperPage(venue_EMNLP.2023).PapersCoolPaperKimiSection(venue_EMNLP.2023_=2023.findings-emnlp.59@ACL)

2024-04-04 00:10:43,409 <requestor-worker-9:4140868, MainThread:140046854821696> (requestor.py:_fetch_single_async:199 -> session.py:request:318) from logger `RFC.session_aiohttp`
[INFO] session requesting PapersCoolPaperPage(venue_NeurIPS.2022).PapersCoolPaperKimiSection(venue_NeurIPS.2022_=_7bphw9JosH@OpenReview)

2024-04-04 00:10:43,413 <requestor-worker-9:4140868, MainThread:140046854821696> (requestor.py:_fetch_single_async:199 -> session.py:request:318) from logger `RFC.session_aiohttp`
[INFO] session requesting PapersCoolPaperPage(venue_INTERSPEECH.2022).PapersCoolPaperKimiSection(venue_INTERSPEECH.2022_=lim22@interspeech_2022@ISCA)

2024-04-04 00:10:43,417 <requestor-worker-9:4140868, MainThread:140046854821696> (requestor.py:_fetch_single_async:199 -> session.py:request:318) from logger `RFC.session_aiohttp`
[INFO] session requesting PapersCoolPaperPage(venue_ICML.2022).PapersCoolPaperKimiSection(venue_ICML.2022_=bensadoun22a@v162@PMLR)

2024-04-04 00:10:43,420 <requestor-worker-9:4140868, MainThread:140046854821696> (requestor.py:_fetch_single_async:199 -> session.py:request:318) from logger `RFC.session_aiohttp`
[INFO] session requesting PapersCoolPaperPage(venue_ICML.2021).PapersCoolPaperKimiSection(venue_ICML.2021_=lupu21a@v139@PMLR)

2024-04-04 00:10:44,626 <requestor-worker-9:4140868, MainThread:140046854821696> (requestor.py:_fetch_single_async:199 -> session.py:request:318) from logger `RFC.session_aiohttp`
[INFO] session requesting PapersCoolPaperPage(venue_ICCV.2021).PapersCoolPaperKimiSection(venue_ICCV.2021_=Yin_Hierarchical_Graph_Attention_Network_for_Few-Shot_Visual-Semantic_Learning@ICCV2021@CVF)

2024-04-04 00:10:44,629 <requestor-worker-9:4140868, MainThread:140046854821696> (requestor.py:_fetch_single_async:199 -> session.py:request:318) from logger `RFC.session_aiohttp`
[INFO] session requesting PapersCoolPaperPage(venue_EMNLP.2022).PapersCoolPaperKimiSection(venue_EMNLP.2022_=2022.emnlp-main.464@ACL)

2024-04-04 00:10:44,631 <requestor-worker-9:4140868, MainThread:140046854821696> (requestor.py:_fetch_single_async:199 -> session.py:request:318) from logger `RFC.session_aiohttp`
[INFO] session requesting PapersCoolPaperPage(venue_ACL.2021).PapersCoolPaperKimiSection(venue_ACL.2021_=2021.acl-long.230@ACL)

2024-04-04 00:10:44,633 <requestor-worker-9:4140868, MainThread:140046854821696> (requestor.py:_fetch_single_async:199 -> session.py:request:318) from logger `RFC.session_aiohttp`
[INFO] session requesting PapersCoolPaperPage(venue_ACL.2023).PapersCoolPaperKimiSection(venue_ACL.2023_=2023.findings-acl.171@ACL)

2024-04-04 00:10:44,635 <requestor-worker-9:4140868, MainThread:140046854821696> (requestor.py:_fetch_single_async:199 -> session.py:request:318) from logger `RFC.session_aiohttp`
[INFO] session requesting PapersCoolPaperPage(venue_CVPR.2021).PapersCoolPaperKimiSection(venue_CVPR.2021_=Lee_Regularization_Strategy_for_Point_Cloud_via_Rigidly_Mixed_Sample@CVPR2021@CVF)

2024-04-04 00:10:44,637 <requestor-worker-9:4140868, MainThread:140046854821696> (requestor.py:_fetch_single_async:199 -> session.py:request:318) from logger `RFC.session_aiohttp`
[INFO] session requesting PapersCoolPaperPage(venue_ACL.2022).PapersCoolPaperKimiSection(venue_ACL.2022_=2022.acl-long.319@ACL)

2024-04-04 00:10:44,639 <requestor-worker-9:4140868, MainThread:140046854821696> (requestor.py:_fetch_single_async:199 -> session.py:request:318) from logger `RFC.session_aiohttp`
[INFO] session requesting PapersCoolPaperPage(venue_EMNLP.2022).PapersCoolPaperKimiSection(venue_EMNLP.2022_=2022.emnlp-main.461@ACL)

2024-04-04 00:10:44,673 <requestor-worker-9:4140868, MainThread:140046854821696> (requestor.py:_fetch_single_async:199 -> session.py:request:318) from logger `RFC.session_aiohttp`
[INFO] session requesting PapersCoolPaperPage(venue_ACL.2021).PapersCoolPaperKimiSection(venue_ACL.2021_=2021.acl-long.227@ACL)

2024-04-04 00:10:44,677 <requestor-worker-9:4140868, MainThread:140046854821696> (requestor.py:_fetch_single_async:199 -> session.py:request:318) from logger `RFC.session_aiohttp`
[INFO] session requesting PapersCoolPaperPage(venue_EMNLP.2022).PapersCoolPaperKimiSection(venue_EMNLP.2022_=2022.emnlp-main.460@ACL)

2024-04-04 00:10:44,679 <requestor-worker-9:4140868, MainThread:140046854821696> (requestor.py:_fetch_single_async:199 -> session.py:request:318) from logger `RFC.session_aiohttp`
[INFO] session requesting PapersCoolPaperPage(venue_ACL.2023).PapersCoolPaperKimiSection(venue_ACL.2023_=2023.findings-acl.168@ACL)

2024-04-04 00:10:44,681 <requestor-worker-9:4140868, MainThread:140046854821696> (requestor.py:_fetch_single_async:199 -> session.py:request:318) from logger `RFC.session_aiohttp`
[INFO] session requesting PapersCoolPaperPage(venue_NeurIPS.2022).PapersCoolPaperKimiSection(venue_NeurIPS.2022_=yoBaCtx_a3@OpenReview)

2024-04-04 00:10:44,683 <requestor-worker-9:4140868, MainThread:140046854821696> (requestor.py:_fetch_single_async:199 -> session.py:request:318) from logger `RFC.session_aiohttp`
[INFO] session requesting PapersCoolPaperPage(venue_ICML.2022).PapersCoolPaperKimiSection(venue_ICML.2022_=paischer22a@v162@PMLR)

2024-04-04 00:10:44,685 <requestor-worker-9:4140868, MainThread:140046854821696> (requestor.py:_fetch_single_async:199 -> session.py:request:318) from logger `RFC.session_aiohttp`
[INFO] session requesting PapersCoolPaperPage(venue_ACL.2022).PapersCoolPaperKimiSection(venue_ACL.2022_=2022.acl-long.317@ACL)

2024-04-04 00:10:44,687 <requestor-worker-9:4140868, MainThread:140046854821696> (requestor.py:_fetch_single_async:199 -> session.py:request:318) from logger `RFC.session_aiohttp`
[INFO] session requesting PapersCoolPaperPage(venue_EMNLP.2023).PapersCoolPaperKimiSection(venue_EMNLP.2023_=2023.findings-emnlp.19@ACL)

2024-04-04 00:10:44,689 <requestor-worker-9:4140868, MainThread:140046854821696> (requestor.py:_fetch_single_async:199 -> session.py:request:318) from logger `RFC.session_aiohttp`
[INFO] session requesting PapersCoolPaperPage(venue_NeurIPS.2021).PapersCoolPaperKimiSection(venue_NeurIPS.2021_=PYcdGhnZQJh@OpenReview)

2024-04-04 00:10:45,388 <requestor-worker-9:4140868, MainThread:140046854821696> (requestor.py:_fetch_single_async:199 -> session.py:request:318) from logger `RFC.session_aiohttp`
[INFO] session requesting PapersCoolPaperPage(venue_ACL.2023).PapersCoolPaperKimiSection(venue_ACL.2023_=2023.findings-acl.156@ACL)

2024-04-04 00:10:45,393 <requestor-worker-9:4140868, MainThread:140046854821696> (requestor.py:_fetch_single_async:199 -> session.py:request:318) from logger `RFC.session_aiohttp`
[INFO] session requesting PapersCoolPaperPage(venue_ICCV.2021).PapersCoolPaperKimiSection(venue_ICCV.2021_=Meng_Learning_Compatible_Embeddings@ICCV2021@CVF)

2024-04-04 00:10:45,396 <requestor-worker-9:4140868, MainThread:140046854821696> (requestor.py:_fetch_single_async:199 -> session.py:request:318) from logger `RFC.session_aiohttp`
[INFO] session requesting PapersCoolPaperPage(venue_ACL.2020).PapersCoolPaperKimiSection(venue_ACL.2020_=2020.acl-main.96@ACL)

2024-04-04 00:10:45,399 <requestor-worker-9:4140868, MainThread:140046854821696> (requestor.py:_fetch_single_async:199 -> session.py:request:318) from logger `RFC.session_aiohttp`
[INFO] session requesting PapersCoolPaperPage(venue_ICCV.2019).PapersCoolPaperKimiSection(venue_ICCV.2019_=Balakrishnan_Visual_Deprojection_Probabilistic_Recovery_of_Collapsed_Dimensions@ICCV2019@CVF)

2024-04-04 00:10:45,402 <requestor-worker-9:4140868, MainThread:140046854821696> (requestor.py:_fetch_single_async:199 -> session.py:request:318) from logger `RFC.session_aiohttp`
[INFO] session requesting PapersCoolPaperPage(venue_ICML.2022).PapersCoolPaperKimiSection(venue_ICML.2022_=das22a@v162@PMLR)

2024-04-04 00:10:45,417 <requestor-worker-9:4140868, MainThread:140046854821696> (requestor.py:_fetch_single_async:199 -> session.py:request:318) from logger `RFC.session_aiohttp`
[INFO] session requesting PapersCoolPaperPage(venue_ACL.2023).PapersCoolPaperKimiSection(venue_ACL.2023_=2023.findings-acl.154@ACL)

2024-04-04 00:10:45,440 <requestor-worker-9:4140868, MainThread:140046854821696> (requestor.py:_fetch_single_async:199 -> session.py:request:318) from logger `RFC.session_aiohttp`
[INFO] session requesting PapersCoolPaperPage(venue_ACL.2020).PapersCoolPaperKimiSection(venue_ACL.2020_=2020.acl-main.95@ACL)

2024-04-04 00:10:45,445 <requestor-worker-9:4140868, MainThread:140046854821696> (requestor.py:_fetch_single_async:199 -> session.py:request:318) from logger `RFC.session_aiohttp`
[INFO] session requesting PapersCoolPaperPage(venue_ICCV.2023).PapersCoolPaperKimiSection(venue_ICCV.2023_=Zhao_Masked_Retraining_Teacher-Student_Framework_for_Domain_Adaptive_Object_Detection@ICCV2023@CVF)

2024-04-04 00:10:45,449 <requestor-worker-9:4140868, MainThread:140046854821696> (requestor.py:_fetch_single_async:199 -> session.py:request:318) from logger `RFC.session_aiohttp`
[INFO] session requesting PapersCoolPaperPage(venue_NeurIPS.2022).PapersCoolPaperKimiSection(venue_NeurIPS.2022_=JCbLxJ1E6SO@OpenReview)

2024-04-04 00:10:46,589 <requestor-worker-9:4140868, MainThread:140046854821696> (requestor.py:_fetch_single_async:199 -> session.py:request:318) from logger `RFC.session_aiohttp`
[INFO] session requesting PapersCoolPaperPage(venue_ACL.2021).PapersCoolPaperKimiSection(venue_ACL.2021_=2021.acl-long.168@ACL)

2024-04-04 00:10:46,591 <requestor-worker-9:4140868, MainThread:140046854821696> (requestor.py:_fetch_single_async:199 -> session.py:request:318) from logger `RFC.session_aiohttp`
[INFO] session requesting PapersCoolPaperPage(venue_CVPR.2023).PapersCoolPaperKimiSection(venue_CVPR.2023_=Yang_Complementary_Intrinsics_From_Neural_Radiance_Fields_and_CNNs_for_Outdoor@CVPR2023@CVF)

2024-04-04 00:10:46,593 <requestor-worker-9:4140868, MainThread:140046854821696> (requestor.py:_fetch_single_async:199 -> session.py:request:318) from logger `RFC.session_aiohttp`
[INFO] session requesting PapersCoolPaperPage(venue_EMNLP.2022).PapersCoolPaperKimiSection(venue_EMNLP.2022_=2022.emnlp-main.403@ACL)

2024-04-04 00:10:46,595 <requestor-worker-9:4140868, MainThread:140046854821696> (requestor.py:_fetch_single_async:199 -> session.py:request:318) from logger `RFC.session_aiohttp`
[INFO] session requesting PapersCoolPaperPage(venue_ACL.2020).PapersCoolPaperKimiSection(venue_ACL.2020_=2020.acl-main.76@ACL)

2024-04-04 00:10:46,597 <requestor-worker-9:4140868, MainThread:140046854821696> (requestor.py:_fetch_single_async:199 -> session.py:request:318) from logger `RFC.session_aiohttp`
[INFO] session requesting PapersCoolPaperPage(venue_EMNLP.2022).PapersCoolPaperKimiSection(venue_EMNLP.2022_=2022.emnlp-main.402@ACL)

2024-04-04 00:10:46,598 <requestor-worker-9:4140868, MainThread:140046854821696> (requestor.py:_fetch_single_async:199 -> session.py:request:318) from logger `RFC.session_aiohttp`
[INFO] session requesting PapersCoolPaperPage(venue_NeurIPS.2023).PapersCoolPaperKimiSection(venue_NeurIPS.2023_=wv3bHyQbX7@OpenReview)

2024-04-04 00:10:46,600 <requestor-worker-9:4140868, MainThread:140046854821696> (requestor.py:_fetch_single_async:199 -> session.py:request:318) from logger `RFC.session_aiohttp`
[INFO] session requesting PapersCoolPaperPage(venue_CVPR.2022).PapersCoolPaperKimiSection(venue_CVPR.2022_=Zhang_Implicit_Sample_Extension_for_Unsupervised_Person_Re-Identification@CVPR2022@CVF)

2024-04-04 00:10:46,603 <requestor-worker-9:4140868, MainThread:140046854821696> (requestor.py:_fetch_single_async:199 -> session.py:request:318) from logger `RFC.session_aiohttp`
[INFO] session requesting PapersCoolPaperPage(venue_NeurIPS.2023).PapersCoolPaperKimiSection(venue_NeurIPS.2023_=vnTUuecp2v@OpenReview)

2024-04-04 00:10:46,604 <requestor-worker-9:4140868, MainThread:140046854821696> (requestor.py:_fetch_single_async:199 -> session.py:request:318) from logger `RFC.session_aiohttp`
[INFO] session requesting PapersCoolPaperPage(venue_ACL.2020).PapersCoolPaperKimiSection(venue_ACL.2020_=2020.acl-main.75@ACL)

2024-04-04 00:10:46,607 <requestor-worker-9:4140868, MainThread:140046854821696> (requestor.py:_fetch_single_async:199 -> session.py:request:318) from logger `RFC.session_aiohttp`
[INFO] session requesting PapersCoolPaperPage(venue_ICCV.2023).PapersCoolPaperKimiSection(venue_ICCV.2023_=Zheng_Empowering_Low-Light_Image_Enhancer_through_Customized_Learnable_Priors@ICCV2023@CVF)

2024-04-04 00:10:46,622 <requestor-worker-9:4140868, MainThread:140046854821696> (requestor.py:_fetch_single_async:199 -> session.py:request:318) from logger `RFC.session_aiohttp`
[INFO] session requesting PapersCoolPaperPage(venue_ICML.2022).PapersCoolPaperKimiSection(venue_ICML.2022_=ben-hamu22a@v162@PMLR)

2024-04-04 00:10:46,635 <requestor-worker-9:4140868, MainThread:140046854821696> (requestor.py:_fetch_single_async:199 -> session.py:request:318) from logger `RFC.session_aiohttp`
[INFO] session requesting PapersCoolPaperPage(venue_CVPR.2021).PapersCoolPaperKimiSection(venue_CVPR.2021_=Nam_Reducing_Domain_Gap_by_Reducing_Style_Bias@CVPR2021@CVF)

2024-04-04 00:10:46,637 <requestor-worker-9:4140868, MainThread:140046854821696> (requestor.py:_fetch_single_async:199 -> session.py:request:318) from logger `RFC.session_aiohttp`
[INFO] session requesting PapersCoolPaperPage(venue_ICCV.2023).PapersCoolPaperKimiSection(venue_ICCV.2023_=Zhang_DeformToon3D_Deformable_Neural_Radiance_Fields_for_3D_Toonification@ICCV2023@CVF)

2024-04-04 00:10:46,639 <requestor-worker-9:4140868, MainThread:140046854821696> (requestor.py:_fetch_single_async:199 -> session.py:request:318) from logger `RFC.session_aiohttp`
[INFO] session requesting PapersCoolPaperPage(venue_ACL.2021).PapersCoolPaperKimiSection(venue_ACL.2021_=2021.acl-long.160@ACL)

2024-04-04 00:10:46,640 <requestor-worker-9:4140868, MainThread:140046854821696> (requestor.py:_fetch_single_async:199 -> session.py:request:318) from logger `RFC.session_aiohttp`
[INFO] session requesting PapersCoolPaperPage(venue_CVPR.2022).PapersCoolPaperKimiSection(venue_CVPR.2022_=Alfasly_Learnable_Irrelevant_Modality_Dropout_for_Multimodal_Action_Recognition_on_Modality-Specific@CVPR2022@CVF)

2024-04-04 00:10:47,426 <requestor-worker-9:4140868, MainThread:140046854821696> (requestor.py:_fetch_single_async:199 -> session.py:request:318) from logger `RFC.session_aiohttp`
[INFO] session requesting PapersCoolPaperPage(venue_EMNLP.2020).PapersCoolPaperKimiSection(venue_EMNLP.2020_=2020.emnlp-main.26@ACL)

2024-04-04 00:10:47,428 <requestor-worker-9:4140868, MainThread:140046854821696> (requestor.py:_fetch_single_async:199 -> session.py:request:318) from logger `RFC.session_aiohttp`
[INFO] session requesting PapersCoolPaperPage(venue_ICML.2021).PapersCoolPaperKimiSection(venue_ICML.2021_=zhuang21a@v139@PMLR)

2024-04-04 00:10:47,430 <requestor-worker-9:4140868, MainThread:140046854821696> (requestor.py:_fetch_single_async:199 -> session.py:request:318) from logger `RFC.session_aiohttp`
[INFO] session requesting PapersCoolPaperPage(venue_NeurIPS.2023).PapersCoolPaperKimiSection(venue_NeurIPS.2023_=IyWpP2e0bF@OpenReview)

2024-04-04 00:10:47,431 <requestor-worker-9:4140868, MainThread:140046854821696> (requestor.py:_fetch_single_async:199 -> session.py:request:318) from logger `RFC.session_aiohttp`
[INFO] session requesting PapersCoolPaperPage(venue_ICCV.2021).PapersCoolPaperKimiSection(venue_ICCV.2021_=Zhao_Contrastive_Learning_for_Label_Efficient_Semantic_Segmentation@ICCV2021@CVF)

2024-04-04 00:10:47,433 <requestor-worker-9:4140868, MainThread:140046854821696> (requestor.py:_fetch_single_async:199 -> session.py:request:318) from logger `RFC.session_aiohttp`
[INFO] session requesting PapersCoolPaperPage(venue_CVPR.2022).PapersCoolPaperKimiSection(venue_CVPR.2022_=Li_SIGMA_Semantic-Complete_Graph_Matching_for_Domain_Adaptive_Object_Detection@CVPR2022@CVF)

2024-04-04 00:10:47,434 <requestor-worker-9:4140868, MainThread:140046854821696> (requestor.py:_fetch_single_async:199 -> session.py:request:318) from logger `RFC.session_aiohttp`
[INFO] session requesting PapersCoolPaperPage(venue_CVPR.2021).PapersCoolPaperKimiSection(venue_CVPR.2021_=Khan_Differentiable_Diffusion_for_Dense_Depth_Estimation_From_Multi-View_Images@CVPR2021@CVF)

2024-04-04 00:10:47,436 <requestor-worker-9:4140868, MainThread:140046854821696> (requestor.py:_fetch_single_async:199 -> session.py:request:318) from logger `RFC.session_aiohttp`
[INFO] session requesting PapersCoolPaperPage(venue_NeurIPS.2022).PapersCoolPaperKimiSection(venue_NeurIPS.2022_=r6_zHM2POTd@OpenReview)

2024-04-04 00:10:47,437 <requestor-worker-9:4140868, MainThread:140046854821696> (requestor.py:_fetch_single_async:199 -> session.py:request:318) from logger `RFC.session_aiohttp`
[INFO] session requesting PapersCoolPaperPage(venue_NeurIPS.2021).PapersCoolPaperKimiSection(venue_NeurIPS.2021_=vBYwwBxVcsE@OpenReview)

2024-04-04 00:10:47,439 <requestor-worker-9:4140868, MainThread:140046854821696> (requestor.py:_fetch_single_async:199 -> session.py:request:318) from logger `RFC.session_aiohttp`
[INFO] session requesting PapersCoolPaperPage(venue_EMNLP.2020).PapersCoolPaperKimiSection(venue_EMNLP.2020_=2020.emnlp-main.23@ACL)

2024-04-04 00:10:48,812 <requestor-worker-9:4140868, MainThread:140046854821696> (requestor.py:_fetch_single_async:199 -> session.py:request:318) from logger `RFC.session_aiohttp`
[INFO] session requesting PapersCoolPaperPage(venue_ICML.2022).PapersCoolPaperKimiSection(venue_ICML.2022_=evci22a@v162@PMLR)

2024-04-04 00:10:48,816 <requestor-worker-9:4140868, MainThread:140046854821696> (requestor.py:_fetch_single_async:199 -> session.py:request:318) from logger `RFC.session_aiohttp`
[INFO] session requesting PapersCoolPaperPage(venue_ICCV.2021).PapersCoolPaperKimiSection(venue_ICCV.2021_=Verbin_Field_of_Junctions_Extracting_Boundary_Structure_at_Low_SNR@ICCV2021@CVF)

2024-04-04 00:10:48,821 <requestor-worker-9:4140868, MainThread:140046854821696> (requestor.py:_fetch_single_async:199 -> session.py:request:318) from logger `RFC.session_aiohttp`
[INFO] session requesting PapersCoolPaperPage(venue_ICML.2021).PapersCoolPaperKimiSection(venue_ICML.2021_=vreugdenhil21a@v139@PMLR)

2024-04-04 00:10:48,830 <requestor-worker-9:4140868, MainThread:140046854821696> (requestor.py:_fetch_single_async:199 -> session.py:request:318) from logger `RFC.session_aiohttp`
[INFO] session requesting PapersCoolPaperPage(venue_ACL.2021).PapersCoolPaperKimiSection(venue_ACL.2021_=2021.acl-long.94@ACL)

2024-04-04 00:10:48,832 <requestor-worker-9:4140868, MainThread:140046854821696> (requestor.py:_fetch_single_async:199 -> session.py:request:318) from logger `RFC.session_aiohttp`
[INFO] session requesting PapersCoolPaperPage(venue_CVPR.2022).PapersCoolPaperKimiSection(venue_CVPR.2022_=Li_AutoLoss-Zero_Searching_Loss_Functions_From_Scratch_for_Generic_Tasks@CVPR2022@CVF)

2024-04-04 00:10:48,834 <requestor-worker-9:4140868, MainThread:140046854821696> (requestor.py:_fetch_single_async:199 -> session.py:request:318) from logger `RFC.session_aiohttp`
[INFO] session requesting PapersCoolPaperPage(venue_ICML.2021).PapersCoolPaperKimiSection(venue_ICML.2021_=guminov21a@v139@PMLR)

2024-04-04 00:10:48,835 <requestor-worker-9:4140868, MainThread:140046854821696> (requestor.py:_fetch_single_async:199 -> session.py:request:318) from logger `RFC.session_aiohttp`
[INFO] session requesting PapersCoolPaperPage(venue_NeurIPS.2022).PapersCoolPaperKimiSection(venue_NeurIPS.2022_=1xqE9fRZch5@OpenReview)

2024-04-04 00:10:48,844 <requestor-worker-9:4140868, MainThread:140046854821696> (requestor.py:_fetch_single_async:199 -> session.py:request:318) from logger `RFC.session_aiohttp`
[INFO] session requesting PapersCoolPaperPage(venue_ACL.2023).PapersCoolPaperKimiSection(venue_ACL.2023_=2023.findings-acl.78@ACL)

2024-04-04 00:10:48,846 <requestor-worker-9:4140868, MainThread:140046854821696> (requestor.py:_fetch_single_async:199 -> session.py:request:318) from logger `RFC.session_aiohttp`
[INFO] session requesting PapersCoolPaperPage(venue_ICML.2021).PapersCoolPaperKimiSection(venue_ICML.2021_=gorbunov21a@v139@PMLR)

2024-04-04 00:10:48,848 <requestor-worker-9:4140868, MainThread:140046854821696> (requestor.py:_fetch_single_async:199 -> session.py:request:318) from logger `RFC.session_aiohttp`
[INFO] session requesting PapersCoolPaperPage(venue_ACL.2021).PapersCoolPaperKimiSection(venue_ACL.2021_=2021.acl-long.91@ACL)

2024-04-04 00:10:48,849 <requestor-worker-9:4140868, MainThread:140046854821696> (requestor.py:_fetch_single_async:199 -> session.py:request:318) from logger `RFC.session_aiohttp`
[INFO] session requesting PapersCoolPaperPage(venue_ICML.2022).PapersCoolPaperKimiSection(venue_ICML.2022_=han22g@v162@PMLR)

2024-04-04 00:10:48,851 <requestor-worker-9:4140868, MainThread:140046854821696> (requestor.py:_fetch_single_async:199 -> session.py:request:318) from logger `RFC.session_aiohttp`
[INFO] session requesting PapersCoolPaperPage(venue_CVPR.2021).PapersCoolPaperKimiSection(venue_CVPR.2021_=Lee_Restore_From_Restored_Video_Restoration_With_Pseudo_Clean_Video@CVPR2021@CVF)

2024-04-04 00:10:48,852 <requestor-worker-9:4140868, MainThread:140046854821696> (requestor.py:_fetch_single_async:199 -> session.py:request:318) from logger `RFC.session_aiohttp`
[INFO] session requesting PapersCoolPaperPage(venue_ICML.2021).PapersCoolPaperKimiSection(venue_ICML.2021_=gentzel21a@v139@PMLR)

2024-04-04 00:10:48,854 <requestor-worker-9:4140868, MainThread:140046854821696> (requestor.py:_fetch_single_async:199 -> session.py:request:318) from logger `RFC.session_aiohttp`
[INFO] session requesting PapersCoolPaperPage(venue_ACL.2023).PapersCoolPaperKimiSection(venue_ACL.2023_=2023.findings-acl.77@ACL)

2024-04-04 00:10:48,855 <requestor-worker-9:4140868, MainThread:140046854821696> (requestor.py:_fetch_single_async:199 -> session.py:request:318) from logger `RFC.session_aiohttp`
[INFO] session requesting PapersCoolPaperPage(venue_ICML.2022).PapersCoolPaperKimiSection(venue_ICML.2022_=luo22a@v162@PMLR)

2024-04-04 00:10:49,479 <requestor-worker-9:4140868, MainThread:140046854821696> (requestor.py:_fetch_single_async:199 -> session.py:request:318) from logger `RFC.session_aiohttp`
[INFO] session requesting PapersCoolPaperPage(venue_ACL.2020).PapersCoolPaperKimiSection(venue_ACL.2020_=2020.acl-main.25@ACL)

2024-04-04 00:10:49,483 <requestor-worker-9:4140868, MainThread:140046854821696> (requestor.py:_fetch_single_async:199 -> session.py:request:318) from logger `RFC.session_aiohttp`
[INFO] session requesting PapersCoolPaperPage(venue_ICML.2022).PapersCoolPaperKimiSection(venue_ICML.2022_=guo22d@v162@PMLR)

2024-04-04 00:10:49,485 <requestor-worker-9:4140868, MainThread:140046854821696> (requestor.py:_fetch_single_async:199 -> session.py:request:318) from logger `RFC.session_aiohttp`
[INFO] session requesting PapersCoolPaperPage(venue_NeurIPS.2021).PapersCoolPaperKimiSection(venue_NeurIPS.2021_=luGpyKCzOPI@OpenReview)

2024-04-04 00:10:49,487 <requestor-worker-9:4140868, MainThread:140046854821696> (requestor.py:_fetch_single_async:199 -> session.py:request:318) from logger `RFC.session_aiohttp`
[INFO] session requesting PapersCoolPaperPage(venue_CVPR.2021).PapersCoolPaperKimiSection(venue_CVPR.2021_=Zhang_Repetitive_Activity_Counting_by_Sight_and_Sound@CVPR2021@CVF)

2024-04-04 00:10:49,488 <requestor-worker-9:4140868, MainThread:140046854821696> (requestor.py:_fetch_single_async:199 -> session.py:request:318) from logger `RFC.session_aiohttp`
[INFO] session requesting PapersCoolPaperPage(venue_ICCV.2021).PapersCoolPaperKimiSection(venue_ICCV.2021_=Lan_DiscoBox_Weakly_Supervised_Instance_Segmentation_and_Semantic_Correspondence_From_Box@ICCV2021@CVF)

2024-04-04 00:10:49,490 <requestor-worker-9:4140868, MainThread:140046854821696> (requestor.py:_fetch_single_async:199 -> session.py:request:318) from logger `RFC.session_aiohttp`
[INFO] session requesting PapersCoolPaperPage(venue_NeurIPS.2022).PapersCoolPaperKimiSection(venue_NeurIPS.2022_=rP9xfRSF4F@OpenReview)

2024-04-04 00:10:49,492 <requestor-worker-9:4140868, MainThread:140046854821696> (requestor.py:_fetch_single_async:199 -> session.py:request:318) from logger `RFC.session_aiohttp`
[INFO] session requesting PapersCoolPaperPage(venue_EMNLP.2022).PapersCoolPaperKimiSection(venue_EMNLP.2022_=2022.emnlp-main.307@ACL)

2024-04-04 00:10:49,493 <requestor-worker-9:4140868, MainThread:140046854821696> (requestor.py:_fetch_single_async:199 -> session.py:request:318) from logger `RFC.session_aiohttp`
[INFO] session requesting PapersCoolPaperPage(venue_EMNLP.2023).PapersCoolPaperKimiSection(venue_EMNLP.2023_=2023.emnlp-tutorial.4@ACL)

2024-04-04 00:10:49,495 <requestor-worker-9:4140868, MainThread:140046854821696> (requestor.py:_fetch_single_async:199 -> session.py:request:318) from logger `RFC.session_aiohttp`
[INFO] session requesting PapersCoolPaperPage(venue_ACL.2020).PapersCoolPaperKimiSection(venue_ACL.2020_=2020.acl-main.23@ACL)

2024-04-04 00:10:50,821 <requestor-worker-9:4140868, MainThread:140046854821696> (requestor.py:_fetch_single_async:199 -> session.py:request:318) from logger `RFC.session_aiohttp`
[INFO] session requesting PapersCoolPaperPage(venue_ACL.2020).PapersCoolPaperKimiSection(venue_ACL.2020_=2020.acl-main.8@ACL)

2024-04-04 00:10:50,825 <requestor-worker-9:4140868, MainThread:140046854821696> (requestor.py:_fetch_single_async:199 -> session.py:request:318) from logger `RFC.session_aiohttp`
[INFO] session requesting PapersCoolPaperPage(venue_ICCV.2021).PapersCoolPaperKimiSection(venue_ICCV.2021_=Yao_A_Latent_Transformer_for_Disentangled_Face_Editing_in_Images_and@ICCV2021@CVF)

2024-04-04 00:10:50,827 <requestor-worker-9:4140868, MainThread:140046854821696> (requestor.py:_fetch_single_async:199 -> session.py:request:318) from logger `RFC.session_aiohttp`
[INFO] session requesting PapersCoolPaperPage(venue_EMNLP.2022).PapersCoolPaperKimiSection(venue_EMNLP.2022_=2022.emnlp-main.271@ACL)

2024-04-04 00:10:50,828 <requestor-worker-9:4140868, MainThread:140046854821696> (requestor.py:_fetch_single_async:199 -> session.py:request:318) from logger `RFC.session_aiohttp`
[INFO] session requesting PapersCoolPaperPage(venue_NeurIPS.2022).PapersCoolPaperKimiSection(venue_NeurIPS.2022_=Y1sWzKW0k4L@OpenReview)

2024-04-04 00:10:50,830 <requestor-worker-9:4140868, MainThread:140046854821696> (requestor.py:_fetch_single_async:199 -> session.py:request:318) from logger `RFC.session_aiohttp`
[INFO] session requesting PapersCoolPaperPage(venue_NeurIPS.2021).PapersCoolPaperKimiSection(venue_NeurIPS.2021_=nWz-Si-uTzt@OpenReview)

2024-04-04 00:10:50,832 <requestor-worker-9:4140868, MainThread:140046854821696> (requestor.py:_fetch_single_async:199 -> session.py:request:318) from logger `RFC.session_aiohttp`
[INFO] session requesting PapersCoolPaperPage(venue_ACL.2021).PapersCoolPaperKimiSection(venue_ACL.2021_=2021.acl-long.30@ACL)

2024-04-04 00:10:50,845 <requestor-worker-9:4140868, MainThread:140046854821696> (requestor.py:_fetch_single_async:199 -> session.py:request:318) from logger `RFC.session_aiohttp`
[INFO] session requesting PapersCoolPaperPage(venue_EMNLP.2022).PapersCoolPaperKimiSection(venue_EMNLP.2022_=2022.emnlp-main.268@ACL)

2024-04-04 00:10:50,848 <requestor-worker-9:4140868, MainThread:140046854821696> (requestor.py:_fetch_single_async:199 -> session.py:request:318) from logger `RFC.session_aiohttp`
[INFO] session requesting PapersCoolPaperPage(venue_EMNLP.2023).PapersCoolPaperKimiSection(venue_EMNLP.2023_=2023.emnlp-main.1013@ACL)

2024-04-04 00:10:50,852 <requestor-worker-9:4140868, MainThread:140046854821696> (requestor.py:_fetch_single_async:199 -> session.py:request:318) from logger `RFC.session_aiohttp`
[INFO] session requesting PapersCoolPaperPage(venue_CVPR.2022).PapersCoolPaperKimiSection(venue_CVPR.2022_=Jeong_Imposing_Consistency_for_Optical_Flow_Estimation@CVPR2022@CVF)

2024-04-04 00:10:50,856 <requestor-worker-9:4140868, MainThread:140046854821696> (requestor.py:_fetch_single_async:199 -> session.py:request:318) from logger `RFC.session_aiohttp`
[INFO] session requesting PapersCoolPaperPage(venue_ACL.2020).PapersCoolPaperKimiSection(venue_ACL.2020_=2020.acl-main.4@ACL)

2024-04-04 00:10:50,859 <requestor-worker-9:4140868, MainThread:140046854821696> (requestor.py:_fetch_single_async:199 -> session.py:request:318) from logger `RFC.session_aiohttp`
[INFO] session requesting PapersCoolPaperPage(venue_EMNLP.2022).PapersCoolPaperKimiSection(venue_EMNLP.2022_=2022.emnlp-main.265@ACL)

2024-04-04 00:10:50,861 <requestor-worker-9:4140868, MainThread:140046854821696> (requestor.py:_fetch_single_async:199 -> session.py:request:318) from logger `RFC.session_aiohttp`
[INFO] session requesting PapersCoolPaperPage(venue_ACL.2023).PapersCoolPaperKimiSection(venue_ACL.2023_=2023.findings-acl.36@ACL)

2024-04-04 00:10:50,870 <requestor-worker-9:4140868, MainThread:140046854821696> (requestor.py:_fetch_single_async:199 -> session.py:request:318) from logger `RFC.session_aiohttp`
[INFO] session requesting PapersCoolPaperPage(venue_ACL.2021).PapersCoolPaperKimiSection(venue_ACL.2021_=2021.acl-long.25@ACL)

2024-04-04 00:10:50,873 <requestor-worker-9:4140868, MainThread:140046854821696> (requestor.py:_fetch_single_async:199 -> session.py:request:318) from logger `RFC.session_aiohttp`
[INFO] session requesting PapersCoolPaperPage(venue_CVPR.2021).PapersCoolPaperKimiSection(venue_CVPR.2021_=Qing_Temporal_Context_Aggregation_Network_for_Temporal_Action_Proposal_Refinement@CVPR2021@CVF)

2024-04-04 00:10:50,877 <requestor-worker-9:4140868, MainThread:140046854821696> (requestor.py:_fetch_single_async:199 -> session.py:request:318) from logger `RFC.session_aiohttp`
[INFO] session requesting PapersCoolPaperPage(venue_ACL.2021).PapersCoolPaperKimiSection(venue_ACL.2021_=2021.acl-long.23@ACL)

2024-04-04 00:10:51,479 <requestor-worker-9:4140868, MainThread:140046854821696> (requestor.py:_fetch_single_async:199 -> session.py:request:318) from logger `RFC.session_aiohttp`
[INFO] session requesting PapersCoolPaperPage(venue_ACL.2023).PapersCoolPaperKimiSection(venue_ACL.2023_=2023.findings-acl.23@ACL)

2024-04-04 00:10:51,480 <requestor-worker-9:4140868, MainThread:140046854821696> (requestor.py:_fetch_single_async:199 -> session.py:request:318) from logger `RFC.session_aiohttp`
[INFO] session requesting PapersCoolPaperPage(venue_CVPR.2022).PapersCoolPaperKimiSection(venue_CVPR.2022_=Rao_Towards_Better_Understanding_Attribution_Methods@CVPR2022@CVF)

2024-04-04 00:10:51,482 <requestor-worker-9:4140868, MainThread:140046854821696> (requestor.py:_fetch_single_async:199 -> session.py:request:318) from logger `RFC.session_aiohttp`
[INFO] session requesting PapersCoolPaperPage(venue_NeurIPS.2023).PapersCoolPaperKimiSection(venue_NeurIPS.2023_=g6We1SwaY9@OpenReview)

2024-04-04 00:10:51,483 <requestor-worker-9:4140868, MainThread:140046854821696> (requestor.py:_fetch_single_async:199 -> session.py:request:318) from logger `RFC.session_aiohttp`
[INFO] session requesting PapersCoolPaperPage(venue_ACL.2021).PapersCoolPaperKimiSection(venue_ACL.2021_=2021.acl-long.5@ACL)

2024-04-04 00:10:51,485 <requestor-worker-9:4140868, MainThread:140046854821696> (requestor.py:_fetch_single_async:199 -> session.py:request:318) from logger `RFC.session_aiohttp`
[INFO] session requesting PapersCoolPaperPage(venue_EMNLP.2023).PapersCoolPaperKimiSection(venue_EMNLP.2023_=2023.emnlp-main.990@ACL)

2024-04-04 00:10:51,486 <requestor-worker-9:4140868, MainThread:140046854821696> (requestor.py:_fetch_single_async:199 -> session.py:request:318) from logger `RFC.session_aiohttp`
[INFO] session requesting PapersCoolPaperPage(venue_NeurIPS.2022).PapersCoolPaperKimiSection(venue_NeurIPS.2022_=yZ_JlZaOCzv@OpenReview)

2024-04-04 00:10:51,488 <requestor-worker-9:4140868, MainThread:140046854821696> (requestor.py:_fetch_single_async:199 -> session.py:request:318) from logger `RFC.session_aiohttp`
[INFO] session requesting PapersCoolPaperPage(venue_NeurIPS.2023).PapersCoolPaperKimiSection(venue_NeurIPS.2023_=deaHiTb6Cu@OpenReview)

2024-04-04 00:10:51,490 <requestor-worker-9:4140868, MainThread:140046854821696> (requestor.py:_fetch_single_async:199 -> session.py:request:318) from logger `RFC.session_aiohttp`
[INFO] session requesting PapersCoolPaperPage(venue_NeurIPS.2022).PapersCoolPaperKimiSection(venue_NeurIPS.2022_=XIDSEPE68yO@OpenReview)

2024-04-04 00:10:51,491 <requestor-worker-9:4140868, MainThread:140046854821696> (requestor.py:_fetch_single_async:199 -> session.py:request:318) from logger `RFC.session_aiohttp`
[INFO] session requesting PapersCoolPaperPage(venue_NeurIPS.2023).PapersCoolPaperKimiSection(venue_NeurIPS.2023_=d1wjMBYbP1@OpenReview)

2024-04-04 00:10:52,507 <requestor-worker-9:4140868, MainThread:140046854821696> (requestor.py:_fetch_single_async:199 -> session.py:request:318) from logger `RFC.session_aiohttp`
[INFO] session requesting PapersCoolPaperPage(venue_NeurIPS.2022).PapersCoolPaperKimiSection(venue_NeurIPS.2022_=sBrS3M5lT2w@OpenReview)

2024-04-04 00:10:52,536 <requestor-worker-9:4140868, MainThread:140046854821696> (requestor.py:_fetch_single_async:199 -> session.py:request:318) from logger `RFC.session_aiohttp`
[INFO] session requesting PapersCoolPaperPage(venue_CVPR.2021).PapersCoolPaperKimiSection(venue_CVPR.2021_=He_Towards_Fast_and_Accurate_Real-World_Depth_Super-Resolution_Benchmark_Dataset_and@CVPR2021@CVF)

2024-04-04 00:10:52,542 <requestor-worker-9:4140868, MainThread:140046854821696> (requestor.py:_fetch_single_async:199 -> session.py:request:318) from logger `RFC.session_aiohttp`
[INFO] session requesting PapersCoolPaperPage(venue_ICCV.2023).PapersCoolPaperKimiSection(venue_ICCV.2023_=Sun_MixSynthFormer_A_Transformer_Encoder-like_Structure_with_Mixed_Synthetic_Self-attention_for@ICCV2023@CVF)

2024-04-04 00:10:52,544 <requestor-worker-9:4140868, MainThread:140046854821696> (requestor.py:_fetch_single_async:199 -> session.py:request:318) from logger `RFC.session_aiohttp`
[INFO] session requesting PapersCoolPaperPage(venue_EMNLP.2023).PapersCoolPaperKimiSection(venue_EMNLP.2023_=2023.emnlp-main.957@ACL)

2024-04-04 00:10:52,546 <requestor-worker-9:4140868, MainThread:140046854821696> (requestor.py:_fetch_single_async:199 -> session.py:request:318) from logger `RFC.session_aiohttp`
[INFO] session requesting PapersCoolPaperPage(venue_ACL.2023).PapersCoolPaperKimiSection(venue_ACL.2023_=2023.acl-tutorials.6@ACL)

2024-04-04 00:10:52,549 <requestor-worker-9:4140868, MainThread:140046854821696> (requestor.py:_fetch_single_async:199 -> session.py:request:318) from logger `RFC.session_aiohttp`
[INFO] session requesting PapersCoolPaperPage(venue_EMNLP.2023).PapersCoolPaperKimiSection(venue_EMNLP.2023_=2023.emnlp-main.956@ACL)

2024-04-04 00:10:52,556 <requestor-worker-9:4140868, MainThread:140046854821696> (requestor.py:_fetch_single_async:199 -> session.py:request:318) from logger `RFC.session_aiohttp`
[INFO] session requesting PapersCoolPaperPage(venue_ICML.2021).PapersCoolPaperKimiSection(venue_ICML.2021_=shui21a@v139@PMLR)

2024-04-04 00:10:52,558 <requestor-worker-9:4140868, MainThread:140046854821696> (requestor.py:_fetch_single_async:199 -> session.py:request:318) from logger `RFC.session_aiohttp`
[INFO] session requesting PapersCoolPaperPage(venue_CVPR.2021).PapersCoolPaperKimiSection(venue_CVPR.2021_=Sun_Deep_Video_Matting_via_Spatio-Temporal_Alignment_and_Aggregation@CVPR2021@CVF)

2024-04-04 00:10:52,559 <requestor-worker-9:4140868, MainThread:140046854821696> (requestor.py:_fetch_single_async:199 -> session.py:request:318) from logger `RFC.session_aiohttp`
[INFO] session requesting PapersCoolPaperPage(venue_EMNLP.2023).PapersCoolPaperKimiSection(venue_EMNLP.2023_=2023.emnlp-main.955@ACL)

2024-04-04 00:10:52,561 <requestor-worker-9:4140868, MainThread:140046854821696> (requestor.py:_fetch_single_async:199 -> session.py:request:318) from logger `RFC.session_aiohttp`
[INFO] session requesting PapersCoolPaperPage(venue_CVPR.2021).PapersCoolPaperKimiSection(venue_CVPR.2021_=Kim_HOTR_End-to-End_Human-Object_Interaction_Detection_With_Transformers@CVPR2021@CVF)

2024-04-04 00:10:52,563 <requestor-worker-9:4140868, MainThread:140046854821696> (requestor.py:_fetch_single_async:199 -> session.py:request:318) from logger `RFC.session_aiohttp`
[INFO] session requesting PapersCoolPaperPage(venue_EMNLP.2021).PapersCoolPaperKimiSection(venue_EMNLP.2021_=2021.emnlp-main.10@ACL)

2024-04-04 00:10:52,564 <requestor-worker-9:4140868, MainThread:140046854821696> (requestor.py:_fetch_single_async:199 -> session.py:request:318) from logger `RFC.session_aiohttp`
[INFO] session requesting PapersCoolPaperPage(venue_ACL.2022).PapersCoolPaperKimiSection(venue_ACL.2022_=2022.acl-long.144@ACL)

2024-04-04 00:10:52,566 <requestor-worker-9:4140868, MainThread:140046854821696> (requestor.py:_fetch_single_async:199 -> session.py:request:318) from logger `RFC.session_aiohttp`
[INFO] session requesting PapersCoolPaperPage(venue_ICCV.2021).PapersCoolPaperKimiSection(venue_ICCV.2021_=Ji_Full-Duplex_Strategy_for_Video_Object_Segmentation@ICCV2021@CVF)

2024-04-04 00:10:52,568 <requestor-worker-9:4140868, MainThread:140046854821696> (requestor.py:_fetch_single_async:199 -> session.py:request:318) from logger `RFC.session_aiohttp`
[INFO] session requesting PapersCoolPaperPage(venue_ICML.2021).PapersCoolPaperKimiSection(venue_ICML.2021_=gauthier21a@v139@PMLR)

2024-04-04 00:10:52,569 <requestor-worker-9:4140868, MainThread:140046854821696> (requestor.py:_fetch_single_async:199 -> session.py:request:318) from logger `RFC.session_aiohttp`
[INFO] session requesting PapersCoolPaperPage(venue_CVPR.2021).PapersCoolPaperKimiSection(venue_CVPR.2021_=Li_POSEFusion_Pose-Guided_Selective_Fusion_for_Single-View_Human_Volumetric_Capture@CVPR2021@CVF)

2024-04-04 00:10:53,313 <requestor-worker-9:4140868, MainThread:140046854821696> (requestor.py:_fetch_single_async:199 -> session.py:request:318) from logger `RFC.session_aiohttp`
[INFO] session requesting PapersCoolPaperPage(venue_NeurIPS.2023).PapersCoolPaperKimiSection(venue_NeurIPS.2023_=e1l4ZYprQH@OpenReview)

2024-04-04 00:10:53,320 <requestor-worker-9:4140868, MainThread:140046854821696> (requestor.py:_fetch_single_async:199 -> session.py:request:318) from logger `RFC.session_aiohttp`
[INFO] session requesting PapersCoolPaperPage(venue_ICML.2021).PapersCoolPaperKimiSection(venue_ICML.2021_=nguyen21i@v139@PMLR)

2024-04-04 00:10:53,324 <requestor-worker-9:4140868, MainThread:140046854821696> (requestor.py:_fetch_single_async:199 -> session.py:request:318) from logger `RFC.session_aiohttp`
[INFO] session requesting PapersCoolPaperPage(venue_NeurIPS.2023).PapersCoolPaperKimiSection(venue_NeurIPS.2023_=dz5X8hnfJc@OpenReview)

2024-04-04 00:10:53,327 <requestor-worker-9:4140868, MainThread:140046854821696> (requestor.py:_fetch_single_async:199 -> session.py:request:318) from logger `RFC.session_aiohttp`
[INFO] session requesting PapersCoolPaperPage(venue_CVPR.2023).PapersCoolPaperKimiSection(venue_CVPR.2023_=Cen_Enlarging_Instance-Specific_and_Class-Specific_Information_for_Open-Set_Action_Recognition@CVPR2023@CVF)

2024-04-04 00:10:53,331 <requestor-worker-9:4140868, MainThread:140046854821696> (requestor.py:_fetch_single_async:199 -> session.py:request:318) from logger `RFC.session_aiohttp`
[INFO] session requesting PapersCoolPaperPage(venue_NeurIPS.2022).PapersCoolPaperKimiSection(venue_NeurIPS.2022_=4F0Pd2Wjl0@OpenReview)

2024-04-04 00:10:53,344 <requestor-worker-9:4140868, MainThread:140046854821696> (requestor.py:_fetch_single_async:199 -> session.py:request:318) from logger `RFC.session_aiohttp`
[INFO] session requesting PapersCoolPaperPage(venue_ICCV.2023).PapersCoolPaperKimiSection(venue_ICCV.2023_=Abati_ResQ_Residual_Quantization_for_Video_Perception@ICCV2023@CVF)

2024-04-04 00:10:53,348 <requestor-worker-9:4140868, MainThread:140046854821696> (requestor.py:_fetch_single_async:199 -> session.py:request:318) from logger `RFC.session_aiohttp`
[INFO] session requesting PapersCoolPaperPage(venue_ACL.2023).PapersCoolPaperKimiSection(venue_ACL.2023_=2023.acl-industry.61@ACL)

2024-04-04 00:10:53,351 <requestor-worker-9:4140868, MainThread:140046854821696> (requestor.py:_fetch_single_async:199 -> session.py:request:318) from logger `RFC.session_aiohttp`
[INFO] session requesting PapersCoolPaperPage(venue_ICCV.2023).PapersCoolPaperKimiSection(venue_ICCV.2023_=Tian_Non-Semantics_Suppressed_Mask_Learning_for_Unsupervised_Video_Semantic_Compression@ICCV2023@CVF)

2024-04-04 00:10:53,355 <requestor-worker-9:4140868, MainThread:140046854821696> (requestor.py:_fetch_single_async:199 -> session.py:request:318) from logger `RFC.session_aiohttp`
[INFO] session requesting PapersCoolPaperPage(venue_CVPR.2023).PapersCoolPaperKimiSection(venue_CVPR.2023_=Xie_Category_Query_Learning_for_Human-Object_Interaction_Classification@CVPR2023@CVF)

2024-04-04 00:10:54,858 <requestor-worker-9:4140868, MainThread:140046854821696> (requestor.py:_fetch_single_async:199 -> session.py:request:318) from logger `RFC.session_aiohttp`
[INFO] session requesting PapersCoolPaperPage(venue_NeurIPS.2021).PapersCoolPaperKimiSection(venue_NeurIPS.2021_=9B0JMeySlZM@OpenReview)

2024-04-04 00:10:54,860 <requestor-worker-9:4140868, MainThread:140046854821696> (requestor.py:_fetch_single_async:199 -> session.py:request:318) from logger `RFC.session_aiohttp`
[INFO] session requesting PapersCoolPaperPage(venue_NeurIPS.2023).PapersCoolPaperKimiSection(venue_NeurIPS.2023_=s8QsYV1VZ2@OpenReview)

2024-04-04 00:10:54,861 <requestor-worker-9:4140868, MainThread:140046854821696> (requestor.py:_fetch_single_async:199 -> session.py:request:318) from logger `RFC.session_aiohttp`
[INFO] session requesting PapersCoolPaperPage(venue_EMNLP.2023).PapersCoolPaperKimiSection(venue_EMNLP.2023_=2023.emnlp-main.872@ACL)

2024-04-04 00:10:54,863 <requestor-worker-9:4140868, MainThread:140046854821696> (requestor.py:_fetch_single_async:199 -> session.py:request:318) from logger `RFC.session_aiohttp`
[INFO] session requesting PapersCoolPaperPage(venue_ACL.2022).PapersCoolPaperKimiSection(venue_ACL.2022_=2022.acl-long.92@ACL)

2024-04-04 00:10:54,865 <requestor-worker-9:4140868, MainThread:140046854821696> (requestor.py:_fetch_single_async:199 -> session.py:request:318) from logger `RFC.session_aiohttp`
[INFO] session requesting PapersCoolPaperPage(venue_ICML.2021).PapersCoolPaperKimiSection(venue_ICML.2021_=lee21e@v139@PMLR)

2024-04-04 00:10:54,866 <requestor-worker-9:4140868, MainThread:140046854821696> (requestor.py:_fetch_single_async:199 -> session.py:request:318) from logger `RFC.session_aiohttp`
[INFO] session requesting PapersCoolPaperPage(venue_CVPR.2021).PapersCoolPaperKimiSection(venue_CVPR.2021_=Hu_Distilling_Causal_Effect_of_Data_in_Class-Incremental_Learning@CVPR2021@CVF)

2024-04-04 00:10:54,868 <requestor-worker-9:4140868, MainThread:140046854821696> (requestor.py:_fetch_single_async:199 -> session.py:request:318) from logger `RFC.session_aiohttp`
[INFO] session requesting PapersCoolPaperPage(venue_ACL.2023).PapersCoolPaperKimiSection(venue_ACL.2023_=2023.acl-industry.32@ACL)

2024-04-04 00:10:54,869 <requestor-worker-9:4140868, MainThread:140046854821696> (requestor.py:_fetch_single_async:199 -> session.py:request:318) from logger `RFC.session_aiohttp`
[INFO] session requesting PapersCoolPaperPage(venue_CVPR.2021).PapersCoolPaperKimiSection(venue_CVPR.2021_=Lee_Large-Scale_Localization_Datasets_in_Crowded_Indoor_Spaces@CVPR2021@CVF)

2024-04-04 00:10:54,871 <requestor-worker-9:4140868, MainThread:140046854821696> (requestor.py:_fetch_single_async:199 -> session.py:request:318) from logger `RFC.session_aiohttp`
[INFO] session requesting PapersCoolPaperPage(venue_NeurIPS.2022).PapersCoolPaperKimiSection(venue_NeurIPS.2022_=cJ006qBE8Uv@OpenReview)

2024-04-04 00:10:54,873 <requestor-worker-9:4140868, MainThread:140046854821696> (requestor.py:_fetch_single_async:199 -> session.py:request:318) from logger `RFC.session_aiohttp`
[INFO] session requesting PapersCoolPaperPage(venue_ICML.2021).PapersCoolPaperKimiSection(venue_ICML.2021_=verma21b@v139@PMLR)

2024-04-04 00:10:54,874 <requestor-worker-9:4140868, MainThread:140046854821696> (requestor.py:_fetch_single_async:199 -> session.py:request:318) from logger `RFC.session_aiohttp`
[INFO] session requesting PapersCoolPaperPage(venue_NeurIPS.2022).PapersCoolPaperKimiSection(venue_NeurIPS.2022_=huT1G2dtSr@OpenReview)

2024-04-04 00:10:54,876 <requestor-worker-9:4140868, MainThread:140046854821696> (requestor.py:_fetch_single_async:199 -> session.py:request:318) from logger `RFC.session_aiohttp`
[INFO] session requesting PapersCoolPaperPage(venue_NeurIPS.2023).PapersCoolPaperKimiSection(venue_NeurIPS.2023_=n6ztJ3Lrdj@OpenReview)

2024-04-04 00:10:54,890 <requestor-worker-9:4140868, MainThread:140046854821696> (requestor.py:_fetch_single_async:199 -> session.py:request:318) from logger `RFC.session_aiohttp`
[INFO] session requesting PapersCoolPaperPage(venue_EMNLP.2023).PapersCoolPaperKimiSection(venue_EMNLP.2023_=2023.emnlp-main.866@ACL)

2024-04-04 00:10:54,892 <requestor-worker-9:4140868, MainThread:140046854821696> (requestor.py:_fetch_single_async:199 -> session.py:request:318) from logger `RFC.session_aiohttp`
[INFO] session requesting PapersCoolPaperPage(venue_NeurIPS.2023).PapersCoolPaperKimiSection(venue_NeurIPS.2023_=mHsxsrLl0y@OpenReview)

2024-04-04 00:10:54,894 <requestor-worker-9:4140868, MainThread:140046854821696> (requestor.py:_fetch_single_async:199 -> session.py:request:318) from logger `RFC.session_aiohttp`
[INFO] session requesting PapersCoolPaperPage(venue_EMNLP.2022).PapersCoolPaperKimiSection(venue_EMNLP.2022_=2022.emnlp-main.113@ACL)

2024-04-04 00:10:55,486 <requestor-worker-9:4140868, MainThread:140046854821696> (requestor.py:_fetch_single_async:199 -> session.py:request:318) from logger `RFC.session_aiohttp`
[INFO] session requesting PapersCoolPaperPage(venue_NeurIPS.2021).PapersCoolPaperKimiSection(venue_NeurIPS.2021_=-1OkHh56c2m@OpenReview)

2024-04-04 00:10:55,488 <requestor-worker-9:4140868, MainThread:140046854821696> (requestor.py:_fetch_single_async:199 -> session.py:request:318) from logger `RFC.session_aiohttp`
[INFO] session requesting PapersCoolPaperPage(venue_NeurIPS.2023).PapersCoolPaperKimiSection(venue_NeurIPS.2023_=dikH9tdPi2@OpenReview)

2024-04-04 00:10:55,490 <requestor-worker-9:4140868, MainThread:140046854821696> (requestor.py:_fetch_single_async:199 -> session.py:request:318) from logger `RFC.session_aiohttp`
[INFO] session requesting PapersCoolPaperPage(venue_CVPR.2021).PapersCoolPaperKimiSection(venue_CVPR.2021_=Zhang_UnrealPerson_An_Adaptive_Pipeline_Towards_Costless_Person_Re-Identification@CVPR2021@CVF)

2024-04-04 00:10:55,491 <requestor-worker-9:4140868, MainThread:140046854821696> (requestor.py:_fetch_single_async:199 -> session.py:request:318) from logger `RFC.session_aiohttp`
[INFO] session requesting PapersCoolPaperPage(venue_NeurIPS.2021).PapersCoolPaperKimiSection(venue_NeurIPS.2021_=dUk5Foj5CLf@OpenReview)

2024-04-04 00:10:55,492 <requestor-worker-9:4140868, MainThread:140046854821696> (requestor.py:_fetch_single_async:199 -> session.py:request:318) from logger `RFC.session_aiohttp`
[INFO] session requesting PapersCoolPaperPage(venue_EMNLP.2022).PapersCoolPaperKimiSection(venue_EMNLP.2022_=2022.emnlp-main.89@ACL)

2024-04-04 00:10:55,494 <requestor-worker-9:4140868, MainThread:140046854821696> (requestor.py:_fetch_single_async:199 -> session.py:request:318) from logger `RFC.session_aiohttp`
[INFO] session requesting PapersCoolPaperPage(venue_ACL.2022).PapersCoolPaperKimiSection(venue_ACL.2022_=2022.acl-long.77@ACL)

2024-04-04 00:10:55,495 <requestor-worker-9:4140868, MainThread:140046854821696> (requestor.py:_fetch_single_async:199 -> session.py:request:318) from logger `RFC.session_aiohttp`
[INFO] session requesting PapersCoolPaperPage(venue_CVPR.2022).PapersCoolPaperKimiSection(venue_CVPR.2022_=Yang_Full-Range_Virtual_Try-On_With_Recurrent_Tri-Level_Transform@CVPR2022@CVF)

2024-04-04 00:10:55,498 <requestor-worker-9:4140868, MainThread:140046854821696> (requestor.py:_fetch_single_async:199 -> session.py:request:318) from logger `RFC.session_aiohttp`
[INFO] session requesting PapersCoolPaperPage(venue_CVPR.2021).PapersCoolPaperKimiSection(venue_CVPR.2021_=Wang_Bi-GCN_Binary_Graph_Convolutional_Network@CVPR2021@CVF)

2024-04-04 00:10:55,507 <requestor-worker-9:4140868, MainThread:140046854821696> (requestor.py:_fetch_single_async:199 -> session.py:request:318) from logger `RFC.session_aiohttp`
[INFO] session requesting PapersCoolPaperPage(venue_EMNLP.2022).PapersCoolPaperKimiSection(venue_EMNLP.2022_=2022.emnlp-main.87@ACL)

2024-04-04 00:10:56,518 <requestor-worker-9:4140868, MainThread:140046854821696> (requestor.py:_fetch_single_async:199 -> session.py:request:318) from logger `RFC.session_aiohttp`
[INFO] session requesting PapersCoolPaperPage(venue_ACL.2023).PapersCoolPaperKimiSection(venue_ACL.2023_=2023.acl-srw.44@ACL)

2024-04-04 00:10:56,520 <requestor-worker-9:4140868, MainThread:140046854821696> (requestor.py:_fetch_single_async:199 -> session.py:request:318) from logger `RFC.session_aiohttp`
[INFO] session requesting PapersCoolPaperPage(venue_ICML.2021).PapersCoolPaperKimiSection(venue_ICML.2021_=swamy21a@v139@PMLR)

2024-04-04 00:10:56,521 <requestor-worker-9:4140868, MainThread:140046854821696> (requestor.py:_fetch_single_async:199 -> session.py:request:318) from logger `RFC.session_aiohttp`
[INFO] session requesting PapersCoolPaperPage(venue_ACL.2023).PapersCoolPaperKimiSection(venue_ACL.2023_=2023.acl-srw.43@ACL)

2024-04-04 00:10:56,523 <requestor-worker-9:4140868, MainThread:140046854821696> (requestor.py:_fetch_single_async:199 -> session.py:request:318) from logger `RFC.session_aiohttp`
[INFO] session requesting PapersCoolPaperPage(venue_NeurIPS.2022).PapersCoolPaperKimiSection(venue_NeurIPS.2022_=SCD0hn3kMHw@OpenReview)

2024-04-04 00:10:56,525 <requestor-worker-9:4140868, MainThread:140046854821696> (requestor.py:_fetch_single_async:199 -> session.py:request:318) from logger `RFC.session_aiohttp`
[INFO] session requesting PapersCoolPaperPage(venue_ICCV.2023).PapersCoolPaperKimiSection(venue_ICCV.2023_=Srivatsan_FLIP_Cross-domain_Face_Anti-spoofing_with_Language_Guidance@ICCV2023@CVF)

2024-04-04 00:10:56,526 <requestor-worker-9:4140868, MainThread:140046854821696> (requestor.py:_fetch_single_async:199 -> session.py:request:318) from logger `RFC.session_aiohttp`
[INFO] session requesting PapersCoolPaperPage(venue_ACL.2023).PapersCoolPaperKimiSection(venue_ACL.2023_=2023.acl-srw.38@ACL)

2024-04-04 00:10:56,529 <requestor-worker-9:4140868, MainThread:140046854821696> (requestor.py:_fetch_single_async:199 -> session.py:request:318) from logger `RFC.session_aiohttp`
[INFO] session requesting PapersCoolPaperPage(venue_NeurIPS.2023).PapersCoolPaperKimiSection(venue_NeurIPS.2023_=Af5GvIj3T5@OpenReview)

2024-04-04 00:10:56,532 <requestor-worker-9:4140868, MainThread:140046854821696> (requestor.py:_fetch_single_async:199 -> session.py:request:318) from logger `RFC.session_aiohttp`
[INFO] session requesting PapersCoolPaperPage(venue_EMNLP.2022).PapersCoolPaperKimiSection(venue_EMNLP.2022_=2022.emnlp-main.50@ACL)

2024-04-04 00:10:56,537 <requestor-worker-9:4140868, MainThread:140046854821696> (requestor.py:_fetch_single_async:199 -> session.py:request:318) from logger `RFC.session_aiohttp`
[INFO] session requesting PapersCoolPaperPage(venue_NeurIPS.2023).PapersCoolPaperKimiSection(venue_NeurIPS.2023_=9cF6RUwMe7@OpenReview)

2024-04-04 00:10:56,541 <requestor-worker-9:4140868, MainThread:140046854821696> (requestor.py:_fetch_single_async:199 -> session.py:request:318) from logger `RFC.session_aiohttp`
[INFO] session requesting PapersCoolPaperPage(venue_NeurIPS.2021).PapersCoolPaperKimiSection(venue_NeurIPS.2021_=-646c8bpgPl@OpenReview)

2024-04-04 00:10:56,545 <requestor-worker-9:4140868, MainThread:140046854821696> (requestor.py:_fetch_single_async:199 -> session.py:request:318) from logger `RFC.session_aiohttp`
[INFO] session requesting PapersCoolPaperPage(venue_ACL.2023).PapersCoolPaperKimiSection(venue_ACL.2023_=2023.acl-srw.37@ACL)

2024-04-04 00:10:56,548 <requestor-worker-9:4140868, MainThread:140046854821696> (requestor.py:_fetch_single_async:199 -> session.py:request:318) from logger `RFC.session_aiohttp`
[INFO] session requesting PapersCoolPaperPage(venue_NeurIPS.2021).PapersCoolPaperKimiSection(venue_NeurIPS.2021_=q6h7jVe0wE3@OpenReview)

2024-04-04 00:10:56,551 <requestor-worker-9:4140868, MainThread:140046854821696> (requestor.py:_fetch_single_async:199 -> session.py:request:318) from logger `RFC.session_aiohttp`
[INFO] session requesting PapersCoolPaperPage(venue_ACL.2023).PapersCoolPaperKimiSection(venue_ACL.2023_=2023.acl-srw.36@ACL)

2024-04-04 00:10:56,553 <requestor-worker-9:4140868, MainThread:140046854821696> (requestor.py:_fetch_single_async:199 -> session.py:request:318) from logger `RFC.session_aiohttp`
[INFO] session requesting PapersCoolPaperPage(venue_ICCV.2023).PapersCoolPaperKimiSection(venue_ICCV.2023_=Hong_Hyperbolic_Audio-visual_Zero-shot_Learning@ICCV2023@CVF)

2024-04-04 00:10:56,555 <requestor-worker-9:4140868, MainThread:140046854821696> (requestor.py:_fetch_single_async:199 -> session.py:request:318) from logger `RFC.session_aiohttp`
[INFO] session requesting PapersCoolPaperPage(venue_NeurIPS.2023).PapersCoolPaperKimiSection(venue_NeurIPS.2023_=9AcG3Tsyoq@OpenReview)

2024-04-04 00:10:57,203 <requestor-worker-9:4140868, MainThread:140046854821696> (requestor.py:_fetch_single_async:199 -> session.py:request:318) from logger `RFC.session_aiohttp`
[INFO] session requesting PapersCoolPaperPage(venue_NeurIPS.2021).PapersCoolPaperKimiSection(venue_NeurIPS.2021_=dFRbxGpNWw5@OpenReview)

2024-04-04 00:10:57,205 <requestor-worker-9:4140868, MainThread:140046854821696> (requestor.py:_fetch_single_async:199 -> session.py:request:318) from logger `RFC.session_aiohttp`
[INFO] session requesting PapersCoolPaperPage(venue_ICCV.2023).PapersCoolPaperKimiSection(venue_ICCV.2023_=He_Candidate-aware_Selective_Disambiguation_Based_On_Normalized_Entropy_for_Instance-dependent_Partial-label@ICCV2023@CVF)

2024-04-04 00:10:57,207 <requestor-worker-9:4140868, MainThread:140046854821696> (requestor.py:_fetch_single_async:199 -> session.py:request:318) from logger `RFC.session_aiohttp`
[INFO] session requesting PapersCoolPaperPage(venue_EMNLP.2022).PapersCoolPaperKimiSection(venue_EMNLP.2022_=2022.emnlp-main.23@ACL)

2024-04-04 00:10:57,209 <requestor-worker-9:4140868, MainThread:140046854821696> (requestor.py:_fetch_single_async:199 -> session.py:request:318) from logger `RFC.session_aiohttp`
[INFO] session requesting PapersCoolPaperPage(venue_NeurIPS.2021).PapersCoolPaperKimiSection(venue_NeurIPS.2021_=u9RvlvaBC7@OpenReview)

2024-04-04 00:10:57,218 <requestor-worker-9:4140868, MainThread:140046854821696> (requestor.py:_fetch_single_async:199 -> session.py:request:318) from logger `RFC.session_aiohttp`
[INFO] session requesting PapersCoolPaperPage(venue_EMNLP.2022).PapersCoolPaperKimiSection(venue_EMNLP.2022_=2022.emnlp-main.22@ACL)

2024-04-04 00:10:57,221 <requestor-worker-9:4140868, MainThread:140046854821696> (requestor.py:_fetch_single_async:199 -> session.py:request:318) from logger `RFC.session_aiohttp`
[INFO] session requesting PapersCoolPaperPage(venue_ICML.2021).PapersCoolPaperKimiSection(venue_ICML.2021_=lang21a@v139@PMLR)

2024-04-04 00:10:57,235 <requestor-worker-9:4140868, MainThread:140046854821696> (requestor.py:_fetch_single_async:199 -> session.py:request:318) from logger `RFC.session_aiohttp`
[INFO] session requesting PapersCoolPaperPage(venue_NeurIPS.2021).PapersCoolPaperKimiSection(venue_NeurIPS.2021_=fxHzZlo4dxe@OpenReview)

2024-04-04 00:10:57,237 <requestor-worker-9:4140868, MainThread:140046854821696> (requestor.py:_fetch_single_async:199 -> session.py:request:318) from logger `RFC.session_aiohttp`
[INFO] session requesting PapersCoolPaperPage(venue_ICCV.2023).PapersCoolPaperKimiSection(venue_ICCV.2023_=Chen_Size_Does_Matter_Size-aware_Virtual_Try-on_via_Clothing-oriented_Transformation_Try-on@ICCV2023@CVF)

2024-04-04 00:10:57,239 <requestor-worker-9:4140868, MainThread:140046854821696> (requestor.py:_fetch_single_async:199 -> session.py:request:318) from logger `RFC.session_aiohttp`
[INFO] session requesting PapersCoolPaperPage(venue_ICCV.2021).PapersCoolPaperKimiSection(venue_ICCV.2021_=Yuksel_LatentCLR_A_Contrastive_Learning_Approach_for_Unsupervised_Discovery_of_Interpretable@ICCV2021@CVF)

2024-04-04 00:10:58,633 <requestor-worker-9:4140868, MainThread:140046854821696> (requestor.py:_fetch_single_async:199 -> session.py:request:318) from logger `RFC.session_aiohttp`
[INFO] session requesting PapersCoolPaperPage(venue_ACL.2022).PapersCoolPaperKimiSection(venue_ACL.2022_=2022.acl-long.12@ACL)

2024-04-04 00:10:58,634 <requestor-worker-9:4140868, MainThread:140046854821696> (requestor.py:_fetch_single_async:199 -> session.py:request:318) from logger `RFC.session_aiohttp`
[INFO] session requesting PapersCoolPaperPage(venue_ICCV.2023).PapersCoolPaperKimiSection(venue_ICCV.2023_=Reza_CGBA_Curvature-aware_Geometric_Black-box_Attack@ICCV2023@CVF)

2024-04-04 00:10:58,636 <requestor-worker-9:4140868, MainThread:140046854821696> (requestor.py:_fetch_single_async:199 -> session.py:request:318) from logger `RFC.session_aiohttp`
[INFO] session requesting PapersCoolPaperPage(venue_EMNLP.2023).PapersCoolPaperKimiSection(venue_EMNLP.2023_=2023.emnlp-main.733@ACL)

2024-04-04 00:10:58,638 <requestor-worker-9:4140868, MainThread:140046854821696> (requestor.py:_fetch_single_async:199 -> session.py:request:318) from logger `RFC.session_aiohttp`
[INFO] session requesting PapersCoolPaperPage(venue_NeurIPS.2021).PapersCoolPaperKimiSection(venue_NeurIPS.2021_=zHj5fx11jQC@OpenReview)

2024-04-04 00:10:58,639 <requestor-worker-9:4140868, MainThread:140046854821696> (requestor.py:_fetch_single_async:199 -> session.py:request:318) from logger `RFC.session_aiohttp`
[INFO] session requesting PapersCoolPaperPage(venue_NeurIPS.2023).PapersCoolPaperKimiSection(venue_NeurIPS.2023_=AV3iZlDrzF@OpenReview)

2024-04-04 00:10:58,641 <requestor-worker-9:4140868, MainThread:140046854821696> (requestor.py:_fetch_single_async:199 -> session.py:request:318) from logger `RFC.session_aiohttp`
[INFO] session requesting PapersCoolPaperPage(venue_ACL.2022).PapersCoolPaperKimiSection(venue_ACL.2022_=2022.acl-long.11@ACL)

2024-04-04 00:10:58,644 <requestor-worker-9:4140868, MainThread:140046854821696> (requestor.py:_fetch_single_async:199 -> session.py:request:318) from logger `RFC.session_aiohttp`
[INFO] session requesting PapersCoolPaperPage(venue_NeurIPS.2023).PapersCoolPaperKimiSection(venue_NeurIPS.2023_=9iafshF7s3@OpenReview)

2024-04-04 00:10:58,647 <requestor-worker-9:4140868, MainThread:140046854821696> (requestor.py:_fetch_single_async:199 -> session.py:request:318) from logger `RFC.session_aiohttp`
[INFO] session requesting PapersCoolPaperPage(venue_CVPR.2022).PapersCoolPaperKimiSection(venue_CVPR.2022_=Badamdorj_Contrastive_Learning_for_Unsupervised_Video_Highlight_Detection@CVPR2022@CVF)

2024-04-04 00:10:58,651 <requestor-worker-9:4140868, MainThread:140046854821696> (requestor.py:_fetch_single_async:199 -> session.py:request:318) from logger `RFC.session_aiohttp`
[INFO] session requesting PapersCoolPaperPage(venue_ICCV.2023).PapersCoolPaperKimiSection(venue_ICCV.2023_=Wang_ReFit_Recurrent_Fitting_Network_for_3D_Human_Recovery@ICCV2023@CVF)

2024-04-04 00:10:58,654 <requestor-worker-9:4140868, MainThread:140046854821696> (requestor.py:_fetch_single_async:199 -> session.py:request:318) from logger `RFC.session_aiohttp`
[INFO] session requesting PapersCoolPaperPage(venue_EMNLP.2023).PapersCoolPaperKimiSection(venue_EMNLP.2023_=2023.emnlp-main.731@ACL)

2024-04-04 00:10:58,668 <requestor-worker-9:4140868, MainThread:140046854821696> (requestor.py:_fetch_single_async:199 -> session.py:request:318) from logger `RFC.session_aiohttp`
[INFO] session requesting PapersCoolPaperPage(venue_ICCV.2021).PapersCoolPaperKimiSection(venue_ICCV.2021_=Hu_Contrast_and_Order_Representations_for_Video_Self-Supervised_Learning@ICCV2021@CVF)

2024-04-04 00:10:58,679 <requestor-worker-9:4140868, MainThread:140046854821696> (requestor.py:_fetch_single_async:199 -> session.py:request:318) from logger `RFC.session_aiohttp`
[INFO] session requesting PapersCoolPaperPage(venue_NeurIPS.2021).PapersCoolPaperKimiSection(venue_NeurIPS.2021_=tUeeRzMXJZ@OpenReview)

2024-04-04 00:10:58,685 <requestor-worker-9:4140868, MainThread:140046854821696> (requestor.py:_fetch_single_async:199 -> session.py:request:318) from logger `RFC.session_aiohttp`
[INFO] session requesting PapersCoolPaperPage(venue_ACL.2023).PapersCoolPaperKimiSection(venue_ACL.2023_=2023.acl-demo.45@ACL)

2024-04-04 00:10:58,702 <requestor-worker-9:4140868, MainThread:140046854821696> (requestor.py:_fetch_single_async:199 -> session.py:request:318) from logger `RFC.session_aiohttp`
[INFO] session requesting PapersCoolPaperPage(venue_CVPR.2021).PapersCoolPaperKimiSection(venue_CVPR.2021_=Liu_Mask-Embedded_Discriminator_With_Region-Based_Semantic_Regularization_for_Semi-Supervised_Class-Conditional_Image@CVPR2021@CVF)

2024-04-04 00:10:58,707 <requestor-worker-9:4140868, MainThread:140046854821696> (requestor.py:_fetch_single_async:199 -> session.py:request:318) from logger `RFC.session_aiohttp`
[INFO] session requesting PapersCoolPaperPage(venue_ICCV.2023).PapersCoolPaperKimiSection(venue_ICCV.2023_=Yang_Towards_Grand_Unified_Representation_Learning_for_Unsupervised_Visible-Infrared_Person_Re-Identification@ICCV2023@CVF)

2024-04-04 00:10:59,328 <requestor-worker-9:4140868, MainThread:140046854821696> (requestor.py:_fetch_single_async:199 -> session.py:request:318) from logger `RFC.session_aiohttp`
[INFO] session requesting PapersCoolPaperPage(venue_ICML.2021).PapersCoolPaperKimiSection(venue_ICML.2021_=du21a@v139@PMLR)

2024-04-04 00:10:59,336 <requestor-worker-9:4140868, MainThread:140046854821696> (requestor.py:_fetch_single_async:199 -> session.py:request:318) from logger `RFC.session_aiohttp`
[INFO] session requesting PapersCoolPaperPage(venue_NeurIPS.2022).PapersCoolPaperKimiSection(venue_NeurIPS.2022_=8rfYWE3nyXl@OpenReview)

2024-04-04 00:10:59,339 <requestor-worker-9:4140868, MainThread:140046854821696> (requestor.py:_fetch_single_async:199 -> session.py:request:318) from logger `RFC.session_aiohttp`
[INFO] session requesting PapersCoolPaperPage(venue_ICCV.2021).PapersCoolPaperKimiSection(venue_ICCV.2021_=Jia_Spatial_and_Semantic_Consistency_Regularizations_for_Pedestrian_Attribute_Recognition@ICCV2021@CVF)

2024-04-04 00:10:59,343 <requestor-worker-9:4140868, MainThread:140046854821696> (requestor.py:_fetch_single_async:199 -> session.py:request:318) from logger `RFC.session_aiohttp`
[INFO] session requesting PapersCoolPaperPage(venue_CVPR.2021).PapersCoolPaperKimiSection(venue_CVPR.2021_=Meng_MagFace_A_Universal_Representation_for_Face_Recognition_and_Quality_Assessment@CVPR2021@CVF)

2024-04-04 00:10:59,347 <requestor-worker-9:4140868, MainThread:140046854821696> (requestor.py:_fetch_single_async:199 -> session.py:request:318) from logger `RFC.session_aiohttp`
[INFO] session requesting PapersCoolPaperPage(venue_ICCV.2023).PapersCoolPaperKimiSection(venue_ICCV.2023_=Gu_Class-relation_Knowledge_Distillation_for_Novel_Class_Discovery@ICCV2023@CVF)

2024-04-04 00:10:59,349 <requestor-worker-9:4140868, MainThread:140046854821696> (requestor.py:_fetch_single_async:199 -> session.py:request:318) from logger `RFC.session_aiohttp`
[INFO] session requesting PapersCoolPaperPage(venue_CVPR.2023).PapersCoolPaperKimiSection(venue_CVPR.2023_=Zhang_Blind_Image_Quality_Assessment_via_Vision-Language_Correspondence_A_Multitask_Learning@CVPR2023@CVF)

2024-04-04 00:10:59,352 <requestor-worker-9:4140868, MainThread:140046854821696> (requestor.py:_fetch_single_async:199 -> session.py:request:318) from logger `RFC.session_aiohttp`
[INFO] session requesting PapersCoolPaperPage(venue_ICML.2021).PapersCoolPaperKimiSection(venue_ICML.2021_=ross21a@v139@PMLR)

2024-04-04 00:10:59,355 <requestor-worker-9:4140868, MainThread:140046854821696> (requestor.py:_fetch_single_async:199 -> session.py:request:318) from logger `RFC.session_aiohttp`
[INFO] session requesting PapersCoolPaperPage(venue_EMNLP.2023).PapersCoolPaperKimiSection(venue_EMNLP.2023_=2023.emnlp-main.699@ACL)

2024-04-04 00:10:59,358 <requestor-worker-9:4140868, MainThread:140046854821696> (requestor.py:_fetch_single_async:199 -> session.py:request:318) from logger `RFC.session_aiohttp`
[INFO] session requesting PapersCoolPaperPage(venue_NeurIPS.2023).PapersCoolPaperKimiSection(venue_NeurIPS.2023_=Z57JrmubNl@OpenReview)

2024-04-04 00:11:00,260 <requestor-worker-9:4140868, MainThread:140046854821696> (requestor.py:_fetch_single_async:199 -> session.py:request:318) from logger `RFC.session_aiohttp`
[INFO] session requesting PapersCoolPaperPage(venue_NeurIPS.2023).PapersCoolPaperKimiSection(venue_NeurIPS.2023_=A6X9y8n4sT@OpenReview)

2024-04-04 00:11:00,262 <requestor-worker-9:4140868, MainThread:140046854821696> (requestor.py:_fetch_single_async:199 -> session.py:request:318) from logger `RFC.session_aiohttp`
[INFO] session requesting PapersCoolPaperPage(venue_NeurIPS.2022).PapersCoolPaperKimiSection(venue_NeurIPS.2022_=kHrE2vi5Rvs@OpenReview)

2024-04-04 00:11:00,264 <requestor-worker-9:4140868, MainThread:140046854821696> (requestor.py:_fetch_single_async:199 -> session.py:request:318) from logger `RFC.session_aiohttp`
[INFO] session requesting PapersCoolPaperPage(venue_ICCV.2023).PapersCoolPaperKimiSection(venue_ICCV.2023_=Ma_DetZero_Rethinking_Offboard_3D_Object_Detection_with_Long-term_Sequential_Point@ICCV2023@CVF)

2024-04-04 00:11:00,265 <requestor-worker-9:4140868, MainThread:140046854821696> (requestor.py:_fetch_single_async:199 -> session.py:request:318) from logger `RFC.session_aiohttp`
[INFO] session requesting PapersCoolPaperPage(venue_ICCV.2021).PapersCoolPaperKimiSection(venue_ICCV.2021_=Cong_Spatial-Temporal_Transformer_for_Dynamic_Scene_Graph_Generation@ICCV2021@CVF)

2024-04-04 00:11:00,267 <requestor-worker-9:4140868, MainThread:140046854821696> (requestor.py:_fetch_single_async:199 -> session.py:request:318) from logger `RFC.session_aiohttp`
[INFO] session requesting PapersCoolPaperPage(venue_CVPR.2021).PapersCoolPaperKimiSection(venue_CVPR.2021_=Jiang_Regressive_Domain_Adaptation_for_Unsupervised_Keypoint_Detection@CVPR2021@CVF)

2024-04-04 00:11:00,268 <requestor-worker-9:4140868, MainThread:140046854821696> (requestor.py:_fetch_single_async:199 -> session.py:request:318) from logger `RFC.session_aiohttp`
[INFO] session requesting PapersCoolPaperPage(venue_EMNLP.2023).PapersCoolPaperKimiSection(venue_EMNLP.2023_=2023.emnlp-main.657@ACL)

2024-04-04 00:11:00,270 <requestor-worker-9:4140868, MainThread:140046854821696> (requestor.py:_fetch_single_async:199 -> session.py:request:318) from logger `RFC.session_aiohttp`
[INFO] session requesting PapersCoolPaperPage(venue_NeurIPS.2022).PapersCoolPaperKimiSection(venue_NeurIPS.2022_=VQ9fogN1q6e@OpenReview)

2024-04-04 00:11:00,271 <requestor-worker-9:4140868, MainThread:140046854821696> (requestor.py:_fetch_single_async:199 -> session.py:request:318) from logger `RFC.session_aiohttp`
[INFO] session requesting PapersCoolPaperPage(venue_ICML.2021).PapersCoolPaperKimiSection(venue_ICML.2021_=ruan21a@v139@PMLR)

2024-04-04 00:11:00,281 <requestor-worker-9:4140868, MainThread:140046854821696> (requestor.py:_fetch_single_async:199 -> session.py:request:318) from logger `RFC.session_aiohttp`
[INFO] session requesting PapersCoolPaperPage(venue_NeurIPS.2021).PapersCoolPaperKimiSection(venue_NeurIPS.2021_=nRBZWEUhIhW@OpenReview)

2024-04-04 00:11:00,292 <requestor-worker-9:4140868, MainThread:140046854821696> (requestor.py:_fetch_single_async:199 -> session.py:request:318) from logger `RFC.session_aiohttp`
[INFO] session requesting PapersCoolPaperPage(venue_ICCV.2023).PapersCoolPaperKimiSection(venue_ICCV.2023_=Lindenberger_LightGlue_Local_Feature_Matching_at_Light_Speed@ICCV2023@CVF)

2024-04-04 00:11:00,295 <requestor-worker-9:4140868, MainThread:140046854821696> (requestor.py:_fetch_single_async:199 -> session.py:request:318) from logger `RFC.session_aiohttp`
[INFO] session requesting PapersCoolPaperPage(venue_ICCV.2021).PapersCoolPaperKimiSection(venue_ICCV.2021_=Qiao_Light_Source_Guided_Single-Image_Flare_Removal_From_Unpaired_Data@ICCV2021@CVF)

2024-04-04 00:11:00,298 <requestor-worker-9:4140868, MainThread:140046854821696> (requestor.py:_fetch_single_async:199 -> session.py:request:318) from logger `RFC.session_aiohttp`
[INFO] session requesting PapersCoolPaperPage(venue_NeurIPS.2021).PapersCoolPaperKimiSection(venue_NeurIPS.2021_=jeATherHHGj@OpenReview)

2024-04-04 00:11:00,299 <requestor-worker-9:4140868, MainThread:140046854821696> (requestor.py:_fetch_single_async:199 -> session.py:request:318) from logger `RFC.session_aiohttp`
[INFO] session requesting PapersCoolPaperPage(venue_ICML.2021).PapersCoolPaperKimiSection(venue_ICML.2021_=graf21a@v139@PMLR)

2024-04-04 00:11:00,301 <requestor-worker-9:4140868, MainThread:140046854821696> (requestor.py:_fetch_single_async:199 -> session.py:request:318) from logger `RFC.session_aiohttp`
[INFO] session requesting PapersCoolPaperPage(venue_CVPR.2023).PapersCoolPaperKimiSection(venue_CVPR.2023_=Singh_Multi_Domain_Learning_for_Motion_Magnification@CVPR2023@CVF)

2024-04-04 00:11:00,303 <requestor-worker-9:4140868, MainThread:140046854821696> (requestor.py:_fetch_single_async:199 -> session.py:request:318) from logger `RFC.session_aiohttp`
[INFO] session requesting PapersCoolPaperPage(venue_ICCV.2021).PapersCoolPaperKimiSection(venue_ICCV.2021_=Wang_Pyramid_Vision_Transformer_A_Versatile_Backbone_for_Dense_Prediction_Without@ICCV2021@CVF)

2024-04-04 00:11:00,942 <requestor-worker-9:4140868, MainThread:140046854821696> (requestor.py:_fetch_single_async:199 -> session.py:request:318) from logger `RFC.session_aiohttp`
[INFO] session requesting PapersCoolPaperPage(venue_ICCV.2023).PapersCoolPaperKimiSection(venue_ICCV.2023_=Ding_3DMOTFormer_Graph_Transformer_for_Online_3D_Multi-Object_Tracking@ICCV2023@CVF)

2024-04-04 00:11:00,944 <requestor-worker-9:4140868, MainThread:140046854821696> (requestor.py:_fetch_single_async:199 -> session.py:request:318) from logger `RFC.session_aiohttp`
[INFO] session requesting PapersCoolPaperPage(venue_EMNLP.2023).PapersCoolPaperKimiSection(venue_EMNLP.2023_=2023.emnlp-main.637@ACL)

2024-04-04 00:11:00,945 <requestor-worker-9:4140868, MainThread:140046854821696> (requestor.py:_fetch_single_async:199 -> session.py:request:318) from logger `RFC.session_aiohttp`
[INFO] session requesting PapersCoolPaperPage(venue_ICCV.2021).PapersCoolPaperKimiSection(venue_ICCV.2021_=Kong_OpenGAN_Open-Set_Recognition_via_Open_Data_Generation@ICCV2021@CVF)

2024-04-04 00:11:00,947 <requestor-worker-9:4140868, MainThread:140046854821696> (requestor.py:_fetch_single_async:199 -> session.py:request:318) from logger `RFC.session_aiohttp`
[INFO] session requesting PapersCoolPaperPage(venue_CVPR.2023).PapersCoolPaperKimiSection(venue_CVPR.2023_=Berges_Galactic_Scaling_End-to-End_Reinforcement_Learning_for_Rearrangement_at_100k_Steps-per-Second@CVPR2023@CVF)

2024-04-04 00:11:00,949 <requestor-worker-9:4140868, MainThread:140046854821696> (requestor.py:_fetch_single_async:199 -> session.py:request:318) from logger `RFC.session_aiohttp`
[INFO] session requesting PapersCoolPaperPage(venue_ICCV.2021).PapersCoolPaperKimiSection(venue_ICCV.2021_=Barron_Mip-NeRF_A_Multiscale_Representation_for_Anti-Aliasing_Neural_Radiance_Fields@ICCV2021@CVF)

2024-04-04 00:11:00,950 <requestor-worker-9:4140868, MainThread:140046854821696> (requestor.py:_fetch_single_async:199 -> session.py:request:318) from logger `RFC.session_aiohttp`
[INFO] session requesting PapersCoolPaperPage(venue_CVPR.2023).PapersCoolPaperKimiSection(venue_CVPR.2023_=Li_An_In-Depth_Exploration_of_Person_Re-Identification_and_Gait_Recognition_in@CVPR2023@CVF)

2024-04-04 00:11:00,952 <requestor-worker-9:4140868, MainThread:140046854821696> (requestor.py:_fetch_single_async:199 -> session.py:request:318) from logger `RFC.session_aiohttp`
[INFO] session requesting PapersCoolPaperPage(venue_ICML.2021).PapersCoolPaperKimiSection(venue_ICML.2021_=foster21a@v139@PMLR)

2024-04-04 00:11:00,953 <requestor-worker-9:4140868, MainThread:140046854821696> (requestor.py:_fetch_single_async:199 -> session.py:request:318) from logger `RFC.session_aiohttp`
[INFO] session requesting PapersCoolPaperPage(venue_NeurIPS.2023).PapersCoolPaperKimiSection(venue_NeurIPS.2023_=jfsjKBDB1z@OpenReview)

2024-04-04 00:11:00,957 <requestor-worker-9:4140868, MainThread:140046854821696> (requestor.py:_fetch_single_async:199 -> session.py:request:318) from logger `RFC.session_aiohttp`
[INFO] session requesting PapersCoolPaperPage(venue_NeurIPS.2021).PapersCoolPaperKimiSection(venue_NeurIPS.2021_=MTs2adH_Qq@OpenReview)

2024-04-04 00:11:02,078 <requestor-worker-9:4140868, MainThread:140046854821696> (requestor.py:_fetch_single_async:199 -> session.py:request:318) from logger `RFC.session_aiohttp`
[INFO] session requesting PapersCoolPaperPage(venue_EMNLP.2023).PapersCoolPaperKimiSection(venue_EMNLP.2023_=2023.emnlp-main.575@ACL)

2024-04-04 00:11:02,095 <requestor-worker-9:4140868, MainThread:140046854821696> (requestor.py:_fetch_single_async:199 -> session.py:request:318) from logger `RFC.session_aiohttp`
[INFO] session requesting PapersCoolPaperPage(venue_NeurIPS.2021).PapersCoolPaperKimiSection(venue_NeurIPS.2021_=-1AAgrS5FF@OpenReview)

2024-04-04 00:11:02,097 <requestor-worker-9:4140868, MainThread:140046854821696> (requestor.py:_fetch_single_async:199 -> session.py:request:318) from logger `RFC.session_aiohttp`
[INFO] session requesting PapersCoolPaperPage(venue_NeurIPS.2023).PapersCoolPaperKimiSection(venue_NeurIPS.2023_=cczH4Xl7Zo@OpenReview)

2024-04-04 00:11:02,106 <requestor-worker-9:4140868, MainThread:140046854821696> (requestor.py:_fetch_single_async:199 -> session.py:request:318) from logger `RFC.session_aiohttp`
[INFO] session requesting PapersCoolPaperPage(venue_CVPR.2021).PapersCoolPaperKimiSection(venue_CVPR.2021_=Chen_I3Net_Implicit_Instance-Invariant_Network_for_Adapting_One-Stage_Object_Detectors@CVPR2021@CVF)

2024-04-04 00:11:02,122 <requestor-worker-9:4140868, MainThread:140046854821696> (requestor.py:_fetch_single_async:199 -> session.py:request:318) from logger `RFC.session_aiohttp`
[INFO] session requesting PapersCoolPaperPage(venue_NeurIPS.2021).PapersCoolPaperKimiSection(venue_NeurIPS.2021_=ZBhZDNaiww@OpenReview)

2024-04-04 00:11:02,134 <requestor-worker-9:4140868, MainThread:140046854821696> (requestor.py:_fetch_single_async:199 -> session.py:request:318) from logger `RFC.session_aiohttp`
[INFO] session requesting PapersCoolPaperPage(venue_EMNLP.2023).PapersCoolPaperKimiSection(venue_EMNLP.2023_=2023.emnlp-main.573@ACL)

2024-04-04 00:11:02,137 <requestor-worker-9:4140868, MainThread:140046854821696> (requestor.py:_fetch_single_async:199 -> session.py:request:318) from logger `RFC.session_aiohttp`
[INFO] session requesting PapersCoolPaperPage(venue_CVPR.2023).PapersCoolPaperKimiSection(venue_CVPR.2023_=de_Silva_Edirimuni_IterativePFN_True_Iterative_Point_Cloud_Filtering@CVPR2023@CVF)

2024-04-04 00:11:02,140 <requestor-worker-9:4140868, MainThread:140046854821696> (requestor.py:_fetch_single_async:199 -> session.py:request:318) from logger `RFC.session_aiohttp`
[INFO] session requesting PapersCoolPaperPage(venue_CVPR.2022).PapersCoolPaperKimiSection(venue_CVPR.2022_=Kousha_Modeling_sRGB_Camera_Noise_With_Normalizing_Flows@CVPR2022@CVF)

2024-04-04 00:11:02,152 <requestor-worker-9:4140868, MainThread:140046854821696> (requestor.py:_fetch_single_async:199 -> session.py:request:318) from logger `RFC.session_aiohttp`
[INFO] session requesting PapersCoolPaperPage(venue_ICCV.2023).PapersCoolPaperKimiSection(venue_ICCV.2023_=Yu_Video_State-Changing_Object_Segmentation@ICCV2023@CVF)

2024-04-04 00:11:02,156 <requestor-worker-9:4140868, MainThread:140046854821696> (requestor.py:_fetch_single_async:199 -> session.py:request:318) from logger `RFC.session_aiohttp`
[INFO] session requesting PapersCoolPaperPage(venue_NeurIPS.2023).PapersCoolPaperKimiSection(venue_NeurIPS.2023_=kChEBODIx9@OpenReview)

2024-04-04 00:11:02,159 <requestor-worker-9:4140868, MainThread:140046854821696> (requestor.py:_fetch_single_async:199 -> session.py:request:318) from logger `RFC.session_aiohttp`
[INFO] session requesting PapersCoolPaperPage(venue_NeurIPS.2021).PapersCoolPaperKimiSection(venue_NeurIPS.2021_=VJQMp5xu24@OpenReview)

2024-04-04 00:11:02,161 <requestor-worker-9:4140868, MainThread:140046854821696> (requestor.py:_fetch_single_async:199 -> session.py:request:318) from logger `RFC.session_aiohttp`
[INFO] session requesting PapersCoolPaperPage(venue_CVPR.2023).PapersCoolPaperKimiSection(venue_CVPR.2023_=Wang_DSVT_Dynamic_Sparse_Voxel_Transformer_With_Rotated_Sets@CVPR2023@CVF)

2024-04-04 00:11:02,163 <requestor-worker-9:4140868, MainThread:140046854821696> (requestor.py:_fetch_single_async:199 -> session.py:request:318) from logger `RFC.session_aiohttp`
[INFO] session requesting PapersCoolPaperPage(venue_EMNLP.2023).PapersCoolPaperKimiSection(venue_EMNLP.2023_=2023.emnlp-main.569@ACL)

2024-04-04 00:11:02,164 <requestor-worker-9:4140868, MainThread:140046854821696> (requestor.py:_fetch_single_async:199 -> session.py:request:318) from logger `RFC.session_aiohttp`
[INFO] session requesting PapersCoolPaperPage(venue_EMNLP.2023).PapersCoolPaperKimiSection(venue_EMNLP.2023_=2023.emnlp-main.580@ACL)

2024-04-04 00:11:02,166 <requestor-worker-9:4140868, MainThread:140046854821696> (requestor.py:_fetch_single_async:199 -> session.py:request:318) from logger `RFC.session_aiohttp`
[INFO] session requesting PapersCoolPaperPage(venue_CVPR.2021).PapersCoolPaperKimiSection(venue_CVPR.2021_=Feng_Removing_Diffraction_Image_Artifacts_in_Under-Display_Camera_via_Dynamic_Skip@CVPR2021@CVF)

2024-04-04 00:11:02,762 <requestor-worker-9:4140868, MainThread:140046854821696> (requestor.py:_fetch_single_async:199 -> session.py:request:318) from logger `RFC.session_aiohttp`
[INFO] session requesting PapersCoolPaperPage(venue_CVPR.2021).PapersCoolPaperKimiSection(venue_CVPR.2021_=Li_OpenRooms_An_Open_Framework_for_Photorealistic_Indoor_Scene_Datasets@CVPR2021@CVF)

2024-04-04 00:11:02,765 <requestor-worker-9:4140868, MainThread:140046854821696> (requestor.py:_fetch_single_async:199 -> session.py:request:318) from logger `RFC.session_aiohttp`
[INFO] session requesting PapersCoolPaperPage(venue_ICCV.2023).PapersCoolPaperKimiSection(venue_ICCV.2023_=Fang_Tracing_the_Origin_of_Adversarial_Attack_for_Forensic_Investigation_and@ICCV2023@CVF)

2024-04-04 00:11:02,772 <requestor-worker-9:4140868, MainThread:140046854821696> (requestor.py:_fetch_single_async:199 -> session.py:request:318) from logger `RFC.session_aiohttp`
[INFO] session requesting PapersCoolPaperPage(venue_NeurIPS.2022).PapersCoolPaperKimiSection(venue_NeurIPS.2022_=2ndfW2bw4mi@OpenReview)

2024-04-04 00:11:02,774 <requestor-worker-9:4140868, MainThread:140046854821696> (requestor.py:_fetch_single_async:199 -> session.py:request:318) from logger `RFC.session_aiohttp`
[INFO] session requesting PapersCoolPaperPage(venue_NeurIPS.2023).PapersCoolPaperKimiSection(venue_NeurIPS.2023_=1h7Uh9zUXc@OpenReview)

2024-04-04 00:11:02,775 <requestor-worker-9:4140868, MainThread:140046854821696> (requestor.py:_fetch_single_async:199 -> session.py:request:318) from logger `RFC.session_aiohttp`
[INFO] session requesting PapersCoolPaperPage(venue_ACL.2023).PapersCoolPaperKimiSection(venue_ACL.2023_=2023.acl-short.123@ACL)

2024-04-04 00:11:02,780 <requestor-worker-9:4140868, MainThread:140046854821696> (requestor.py:_fetch_single_async:199 -> session.py:request:318) from logger `RFC.session_aiohttp`
[INFO] session requesting PapersCoolPaperPage(venue_ICCV.2023).PapersCoolPaperKimiSection(venue_ICCV.2023_=Yu_LaPE_Layer-adaptive_Position_Embedding_for_Vision_Transformers_with_Independent_Layer@ICCV2023@CVF)

2024-04-04 00:11:02,783 <requestor-worker-9:4140868, MainThread:140046854821696> (requestor.py:_fetch_single_async:199 -> session.py:request:318) from logger `RFC.session_aiohttp`
[INFO] session requesting PapersCoolPaperPage(venue_EMNLP.2023).PapersCoolPaperKimiSection(venue_EMNLP.2023_=2023.emnlp-main.532@ACL)

2024-04-04 00:11:02,787 <requestor-worker-9:4140868, MainThread:140046854821696> (requestor.py:_fetch_single_async:199 -> session.py:request:318) from logger `RFC.session_aiohttp`
[INFO] session requesting PapersCoolPaperPage(venue_ICCV.2023).PapersCoolPaperKimiSection(venue_ICCV.2023_=Huang_CLIP2Point_Transfer_CLIP_to_Point_Cloud_Classification_with_Image-Depth_Pre-Training@ICCV2023@CVF)

2024-04-04 00:11:02,790 <requestor-worker-9:4140868, MainThread:140046854821696> (requestor.py:_fetch_single_async:199 -> session.py:request:318) from logger `RFC.session_aiohttp`
[INFO] session requesting PapersCoolPaperPage(venue_NeurIPS.2023).PapersCoolPaperKimiSection(venue_NeurIPS.2023_=0N73P8pH2l@OpenReview)

2024-04-04 00:11:03,918 <requestor-worker-9:4140868, MainThread:140046854821696> (requestor.py:_fetch_single_async:199 -> session.py:request:318) from logger `RFC.session_aiohttp`
[INFO] session requesting PapersCoolPaperPage(venue_NeurIPS.2022).PapersCoolPaperKimiSection(venue_NeurIPS.2022_=tX_dIvk4j-s@OpenReview)

2024-04-04 00:11:03,921 <requestor-worker-9:4140868, MainThread:140046854821696> (requestor.py:_fetch_single_async:199 -> session.py:request:318) from logger `RFC.session_aiohttp`
[INFO] session requesting PapersCoolPaperPage(venue_NeurIPS.2021).PapersCoolPaperKimiSection(venue_NeurIPS.2021_=xLExSzfIDmo@OpenReview)

2024-04-04 00:11:03,924 <requestor-worker-9:4140868, MainThread:140046854821696> (requestor.py:_fetch_single_async:199 -> session.py:request:318) from logger `RFC.session_aiohttp`
[INFO] session requesting PapersCoolPaperPage(venue_NeurIPS.2022).PapersCoolPaperKimiSection(venue_NeurIPS.2022_=tuC6teLFZD@OpenReview)

2024-04-04 00:11:03,927 <requestor-worker-9:4140868, MainThread:140046854821696> (requestor.py:_fetch_single_async:199 -> session.py:request:318) from logger `RFC.session_aiohttp`
[INFO] session requesting PapersCoolPaperPage(venue_NeurIPS.2023).PapersCoolPaperKimiSection(venue_NeurIPS.2023_=4KZhZJSPYU@OpenReview)

2024-04-04 00:11:03,929 <requestor-worker-9:4140868, MainThread:140046854821696> (requestor.py:_fetch_single_async:199 -> session.py:request:318) from logger `RFC.session_aiohttp`
[INFO] session requesting PapersCoolPaperPage(venue_ACL.2023).PapersCoolPaperKimiSection(venue_ACL.2023_=2023.acl-short.93@ACL)

2024-04-04 00:11:03,931 <requestor-worker-9:4140868, MainThread:140046854821696> (requestor.py:_fetch_single_async:199 -> session.py:request:318) from logger `RFC.session_aiohttp`
[INFO] session requesting PapersCoolPaperPage(venue_EMNLP.2023).PapersCoolPaperKimiSection(venue_EMNLP.2023_=2023.emnlp-main.467@ACL)

2024-04-04 00:11:03,934 <requestor-worker-9:4140868, MainThread:140046854821696> (requestor.py:_fetch_single_async:199 -> session.py:request:318) from logger `RFC.session_aiohttp`
[INFO] session requesting PapersCoolPaperPage(venue_NeurIPS.2021).PapersCoolPaperKimiSection(venue_NeurIPS.2021_=F93Z9Au6HxE@OpenReview)

2024-04-04 00:11:03,936 <requestor-worker-9:4140868, MainThread:140046854821696> (requestor.py:_fetch_single_async:199 -> session.py:request:318) from logger `RFC.session_aiohttp`
[INFO] session requesting PapersCoolPaperPage(venue_EMNLP.2023).PapersCoolPaperKimiSection(venue_EMNLP.2023_=2023.emnlp-main.469@ACL)

2024-04-04 00:11:03,941 <requestor-worker-9:4140868, MainThread:140046854821696> (requestor.py:_fetch_single_async:199 -> session.py:request:318) from logger `RFC.session_aiohttp`
[INFO] session requesting PapersCoolPaperPage(venue_NeurIPS.2023).PapersCoolPaperKimiSection(venue_NeurIPS.2023_=5aeyKAZr0L@OpenReview)

2024-04-04 00:11:03,947 <requestor-worker-9:4140868, MainThread:140046854821696> (requestor.py:_fetch_single_async:199 -> session.py:request:318) from logger `RFC.session_aiohttp`
[INFO] session requesting PapersCoolPaperPage(venue_CVPR.2022).PapersCoolPaperKimiSection(venue_CVPR.2022_=Herath_Neural_Inertial_Localization@CVPR2022@CVF)

2024-04-04 00:11:03,954 <requestor-worker-9:4140868, MainThread:140046854821696> (requestor.py:_fetch_single_async:199 -> session.py:request:318) from logger `RFC.session_aiohttp`
[INFO] session requesting PapersCoolPaperPage(venue_NeurIPS.2023).PapersCoolPaperKimiSection(venue_NeurIPS.2023_=1uirUsR9E7@OpenReview)

2024-04-04 00:11:03,958 <requestor-worker-9:4140868, MainThread:140046854821696> (requestor.py:_fetch_single_async:199 -> session.py:request:318) from logger `RFC.session_aiohttp`
[INFO] session requesting PapersCoolPaperPage(venue_ACL.2023).PapersCoolPaperKimiSection(venue_ACL.2023_=2023.acl-short.92@ACL)

2024-04-04 00:11:03,962 <requestor-worker-9:4140868, MainThread:140046854821696> (requestor.py:_fetch_single_async:199 -> session.py:request:318) from logger `RFC.session_aiohttp`
[INFO] session requesting PapersCoolPaperPage(venue_NeurIPS.2022).PapersCoolPaperKimiSection(venue_NeurIPS.2022_=Ypp6z77A6_@OpenReview)

2024-04-04 00:11:03,965 <requestor-worker-9:4140868, MainThread:140046854821696> (requestor.py:_fetch_single_async:199 -> session.py:request:318) from logger `RFC.session_aiohttp`
[INFO] session requesting PapersCoolPaperPage(venue_ICCV.2023).PapersCoolPaperKimiSection(venue_ICCV.2023_=Seo_FlipNeRF_Flipped_Reflection_Rays_for_Few-shot_Novel_View_Synthesis@ICCV2023@CVF)

2024-04-04 00:11:03,969 <requestor-worker-9:4140868, MainThread:140046854821696> (requestor.py:_fetch_single_async:199 -> session.py:request:318) from logger `RFC.session_aiohttp`
[INFO] session requesting PapersCoolPaperPage(venue_NeurIPS.2023).PapersCoolPaperKimiSection(venue_NeurIPS.2023_=1jhmWkZGy6@OpenReview)

2024-04-04 00:11:04,497 <requestor-worker-9:4140868, MainThread:140046854821696> (requestor.py:_fetch_single_async:199 -> session.py:request:318) from logger `RFC.session_aiohttp`
[INFO] session requesting PapersCoolPaperPage(venue_EMNLP.2023).PapersCoolPaperKimiSection(venue_EMNLP.2023_=2023.emnlp-main.434@ACL)

2024-04-04 00:11:04,498 <requestor-worker-9:4140868, MainThread:140046854821696> (requestor.py:_fetch_single_async:199 -> session.py:request:318) from logger `RFC.session_aiohttp`
[INFO] session requesting PapersCoolPaperPage(venue_EMNLP.2023).PapersCoolPaperKimiSection(venue_EMNLP.2023_=2023.emnlp-main.456@ACL)

2024-04-04 00:11:04,501 <requestor-worker-9:4140868, MainThread:140046854821696> (requestor.py:_fetch_single_async:199 -> session.py:request:318) from logger `RFC.session_aiohttp`
[INFO] session requesting PapersCoolPaperPage(venue_EMNLP.2023).PapersCoolPaperKimiSection(venue_EMNLP.2023_=2023.emnlp-main.433@ACL)

2024-04-04 00:11:04,504 <requestor-worker-9:4140868, MainThread:140046854821696> (requestor.py:_fetch_single_async:199 -> session.py:request:318) from logger `RFC.session_aiohttp`
[INFO] session requesting PapersCoolPaperPage(venue_NeurIPS.2023).PapersCoolPaperKimiSection(venue_NeurIPS.2023_=ONwL9ucoYG@OpenReview)

2024-04-04 00:11:04,507 <requestor-worker-9:4140868, MainThread:140046854821696> (requestor.py:_fetch_single_async:199 -> session.py:request:318) from logger `RFC.session_aiohttp`
[INFO] session requesting PapersCoolPaperPage(venue_NeurIPS.2023).PapersCoolPaperKimiSection(venue_NeurIPS.2023_=OFDApY678F@OpenReview)

2024-04-04 00:11:04,508 <requestor-worker-9:4140868, MainThread:140046854821696> (requestor.py:_fetch_single_async:199 -> session.py:request:318) from logger `RFC.session_aiohttp`
[INFO] session requesting PapersCoolPaperPage(venue_ICCV.2023).PapersCoolPaperKimiSection(venue_ICCV.2023_=Chattopadhyay_PASTA_Proportional_Amplitude_Spectrum_Training_Augmentation_for_Syn-to-Real_Domain_Generalization@ICCV2023@CVF)

2024-04-04 00:11:04,510 <requestor-worker-9:4140868, MainThread:140046854821696> (requestor.py:_fetch_single_async:199 -> session.py:request:318) from logger `RFC.session_aiohttp`
[INFO] session requesting PapersCoolPaperPage(venue_NeurIPS.2021).PapersCoolPaperKimiSection(venue_NeurIPS.2021_=CI0T_3l-n1@OpenReview)

2024-04-04 00:11:04,513 <requestor-worker-9:4140868, MainThread:140046854821696> (requestor.py:_fetch_single_async:199 -> session.py:request:318) from logger `RFC.session_aiohttp`
[INFO] session requesting PapersCoolPaperPage(venue_ACL.2023).PapersCoolPaperKimiSection(venue_ACL.2023_=2023.acl-short.74@ACL)

2024-04-04 00:11:04,519 <requestor-worker-9:4140868, MainThread:140046854821696> (requestor.py:_fetch_single_async:199 -> session.py:request:318) from logger `RFC.session_aiohttp`
[INFO] session requesting PapersCoolPaperPage(venue_ICCV.2023).PapersCoolPaperKimiSection(venue_ICCV.2023_=Shao_Data-free_Knowledge_Distillation_for_Fine-grained_Visual_Categorization@ICCV2023@CVF)

2024-04-04 00:11:05,581 <requestor-worker-9:4140868, MainThread:140046854821696> (requestor.py:_fetch_single_async:199 -> session.py:request:318) from logger `RFC.session_aiohttp`
[INFO] session requesting PapersCoolPaperPage(venue_NeurIPS.2022).PapersCoolPaperKimiSection(venue_NeurIPS.2022_=7yUxTNWyQGf@OpenReview)

2024-04-04 00:11:05,583 <requestor-worker-9:4140868, MainThread:140046854821696> (requestor.py:_fetch_single_async:199 -> session.py:request:318) from logger `RFC.session_aiohttp`
[INFO] session requesting PapersCoolPaperPage(venue_EMNLP.2023).PapersCoolPaperKimiSection(venue_EMNLP.2023_=2023.emnlp-main.373@ACL)

2024-04-04 00:11:05,585 <requestor-worker-9:4140868, MainThread:140046854821696> (requestor.py:_fetch_single_async:199 -> session.py:request:318) from logger `RFC.session_aiohttp`
[INFO] session requesting PapersCoolPaperPage(venue_CVPR.2023).PapersCoolPaperKimiSection(venue_CVPR.2023_=Jain_Enhanced_Stable_View_Synthesis@CVPR2023@CVF)

2024-04-04 00:11:05,587 <requestor-worker-9:4140868, MainThread:140046854821696> (requestor.py:_fetch_single_async:199 -> session.py:request:318) from logger `RFC.session_aiohttp`
[INFO] session requesting PapersCoolPaperPage(venue_NeurIPS.2023).PapersCoolPaperKimiSection(venue_NeurIPS.2023_=czwZnNf60r@OpenReview)

2024-04-04 00:11:05,588 <requestor-worker-9:4140868, MainThread:140046854821696> (requestor.py:_fetch_single_async:199 -> session.py:request:318) from logger `RFC.session_aiohttp`
[INFO] session requesting PapersCoolPaperPage(venue_CVPR.2022).PapersCoolPaperKimiSection(venue_CVPR.2022_=Mok_Affine_Medical_Image_Registration_With_Coarse-To-Fine_Vision_Transformer@CVPR2022@CVF)

2024-04-04 00:11:05,598 <requestor-worker-9:4140868, MainThread:140046854821696> (requestor.py:_fetch_single_async:199 -> session.py:request:318) from logger `RFC.session_aiohttp`
[INFO] session requesting PapersCoolPaperPage(venue_EMNLP.2023).PapersCoolPaperKimiSection(venue_EMNLP.2023_=2023.emnlp-main.371@ACL)

2024-04-04 00:11:05,606 <requestor-worker-9:4140868, MainThread:140046854821696> (requestor.py:_fetch_single_async:199 -> session.py:request:318) from logger `RFC.session_aiohttp`
[INFO] session requesting PapersCoolPaperPage(venue_NeurIPS.2022).PapersCoolPaperKimiSection(venue_NeurIPS.2022_=kI_kL5vq6Oa@OpenReview)

2024-04-04 00:11:05,618 <requestor-worker-9:4140868, MainThread:140046854821696> (requestor.py:_fetch_single_async:199 -> session.py:request:318) from logger `RFC.session_aiohttp`
[INFO] session requesting PapersCoolPaperPage(venue_NeurIPS.2023).PapersCoolPaperKimiSection(venue_NeurIPS.2023_=cm53OBkctM@OpenReview)

2024-04-04 00:11:05,620 <requestor-worker-9:4140868, MainThread:140046854821696> (requestor.py:_fetch_single_async:199 -> session.py:request:318) from logger `RFC.session_aiohttp`
[INFO] session requesting PapersCoolPaperPage(venue_ICCV.2023).PapersCoolPaperKimiSection(venue_ICCV.2023_=Gralnik_Semantify_Simplifying_the_Control_of_3D_Morphable_Models_Using_CLIP@ICCV2023@CVF)

2024-04-04 00:11:05,622 <requestor-worker-9:4140868, MainThread:140046854821696> (requestor.py:_fetch_single_async:199 -> session.py:request:318) from logger `RFC.session_aiohttp`
[INFO] session requesting PapersCoolPaperPage(venue_NeurIPS.2021).PapersCoolPaperKimiSection(venue_NeurIPS.2021_=XP9SZpjZkq@OpenReview)

2024-04-04 00:11:05,624 <requestor-worker-9:4140868, MainThread:140046854821696> (requestor.py:_fetch_single_async:199 -> session.py:request:318) from logger `RFC.session_aiohttp`
[INFO] session requesting PapersCoolPaperPage(venue_EMNLP.2023).PapersCoolPaperKimiSection(venue_EMNLP.2023_=2023.emnlp-main.370@ACL)

2024-04-04 00:11:05,625 <requestor-worker-9:4140868, MainThread:140046854821696> (requestor.py:_fetch_single_async:199 -> session.py:request:318) from logger `RFC.session_aiohttp`
[INFO] session requesting PapersCoolPaperPage(venue_NeurIPS.2022).PapersCoolPaperKimiSection(venue_NeurIPS.2022_=L3uTDctm3s9@OpenReview)

2024-04-04 00:11:05,627 <requestor-worker-9:4140868, MainThread:140046854821696> (requestor.py:_fetch_single_async:199 -> session.py:request:318) from logger `RFC.session_aiohttp`
[INFO] session requesting PapersCoolPaperPage(venue_ACL.2023).PapersCoolPaperKimiSection(venue_ACL.2023_=2023.acl-short.52@ACL)

2024-04-04 00:11:05,629 <requestor-worker-9:4140868, MainThread:140046854821696> (requestor.py:_fetch_single_async:199 -> session.py:request:318) from logger `RFC.session_aiohttp`
[INFO] session requesting PapersCoolPaperPage(venue_EMNLP.2023).PapersCoolPaperKimiSection(venue_EMNLP.2023_=2023.emnlp-main.474@ACL)

2024-04-04 00:11:05,653 <requestor-worker-9:4140868, MainThread:140046854821696> (requestor.py:_fetch_single_async:199 -> session.py:request:318) from logger `RFC.session_aiohttp`
[INFO] session requesting PapersCoolPaperPage(venue_EMNLP.2023).PapersCoolPaperKimiSection(venue_EMNLP.2023_=2023.emnlp-main.368@ACL)

2024-04-04 00:11:06,461 <requestor-worker-9:4140868, MainThread:140046854821696> (requestor.py:_fetch_single_async:199 -> session.py:request:318) from logger `RFC.session_aiohttp`
[INFO] session requesting PapersCoolPaperPage(venue_NeurIPS.2023).PapersCoolPaperKimiSection(venue_NeurIPS.2023_=WpGLxnOWhn@OpenReview)

2024-04-04 00:11:06,467 <requestor-worker-9:4140868, MainThread:140046854821696> (requestor.py:_fetch_single_async:199 -> session.py:request:318) from logger `RFC.session_aiohttp`
[INFO] session requesting PapersCoolPaperPage(venue_NeurIPS.2021).PapersCoolPaperKimiSection(venue_NeurIPS.2021_=0lz4QxW2tDf@OpenReview)

2024-04-04 00:11:06,474 <requestor-worker-9:4140868, MainThread:140046854821696> (requestor.py:_fetch_single_async:199 -> session.py:request:318) from logger `RFC.session_aiohttp`
[INFO] session requesting PapersCoolPaperPage(venue_NeurIPS.2023).PapersCoolPaperKimiSection(venue_NeurIPS.2023_=VqclD6Nfaj@OpenReview)

2024-04-04 00:11:06,480 <requestor-worker-9:4140868, MainThread:140046854821696> (requestor.py:_fetch_single_async:199 -> session.py:request:318) from logger `RFC.session_aiohttp`
[INFO] session requesting PapersCoolPaperPage(venue_NeurIPS.2022).PapersCoolPaperKimiSection(venue_NeurIPS.2022_=XiwkvDTU10Y@OpenReview)

2024-04-04 00:11:06,484 <requestor-worker-9:4140868, MainThread:140046854821696> (requestor.py:_fetch_single_async:199 -> session.py:request:318) from logger `RFC.session_aiohttp`
[INFO] session requesting PapersCoolPaperPage(venue_EMNLP.2023).PapersCoolPaperKimiSection(venue_EMNLP.2023_=2023.emnlp-main.495@ACL)

2024-04-04 00:11:06,488 <requestor-worker-9:4140868, MainThread:140046854821696> (requestor.py:_fetch_single_async:199 -> session.py:request:318) from logger `RFC.session_aiohttp`
[INFO] session requesting PapersCoolPaperPage(venue_EMNLP.2023).PapersCoolPaperKimiSection(venue_EMNLP.2023_=2023.emnlp-main.496@ACL)

2024-04-04 00:11:06,491 <requestor-worker-9:4140868, MainThread:140046854821696> (requestor.py:_fetch_single_async:199 -> session.py:request:318) from logger `RFC.session_aiohttp`
[INFO] session requesting PapersCoolPaperPage(venue_NeurIPS.2022).PapersCoolPaperKimiSection(venue_NeurIPS.2022_=_3ELRdg2sgI@OpenReview)

2024-04-04 00:11:06,496 <requestor-worker-9:4140868, MainThread:140046854821696> (requestor.py:_fetch_single_async:199 -> session.py:request:318) from logger `RFC.session_aiohttp`
[INFO] session requesting PapersCoolPaperPage(venue_NeurIPS.2023).PapersCoolPaperKimiSection(venue_NeurIPS.2023_=x6cOcxRnxG@OpenReview)

2024-04-04 00:11:06,501 <requestor-worker-9:4140868, MainThread:140046854821696> (requestor.py:_fetch_single_async:199 -> session.py:request:318) from logger `RFC.session_aiohttp`
[INFO] session requesting PapersCoolPaperPage(venue_NeurIPS.2022).PapersCoolPaperKimiSection(venue_NeurIPS.2022_=Rqe-fJQtExY@OpenReview)

2024-04-04 00:11:07,543 <requestor-worker-9:4140868, MainThread:140046854821696> (requestor.py:_fetch_single_async:199 -> session.py:request:318) from logger `RFC.session_aiohttp`
[INFO] session requesting PapersCoolPaperPage(venue_ICCV.2023).PapersCoolPaperKimiSection(venue_ICCV.2023_=Kim_Joint_Demosaicing_and_Deghosting_of_Time-Varying_Exposures_for_Single-Shot_HDR@ICCV2023@CVF)

2024-04-04 00:11:07,546 <requestor-worker-9:4140868, MainThread:140046854821696> (requestor.py:_fetch_single_async:199 -> session.py:request:318) from logger `RFC.session_aiohttp`
[INFO] session requesting PapersCoolPaperPage(venue_NeurIPS.2021).PapersCoolPaperKimiSection(venue_NeurIPS.2021_=PcpExudEmDd@OpenReview)

2024-04-04 00:11:07,549 <requestor-worker-9:4140868, MainThread:140046854821696> (requestor.py:_fetch_single_async:199 -> session.py:request:318) from logger `RFC.session_aiohttp`
[INFO] session requesting PapersCoolPaperPage(venue_ACL.2023).PapersCoolPaperKimiSection(venue_ACL.2023_=2023.acl-short.9@ACL)

2024-04-04 00:11:07,552 <requestor-worker-9:4140868, MainThread:140046854821696> (requestor.py:_fetch_single_async:199 -> session.py:request:318) from logger `RFC.session_aiohttp`
[INFO] session requesting PapersCoolPaperPage(venue_NeurIPS.2023).PapersCoolPaperKimiSection(venue_NeurIPS.2023_=iSd8g75QvP@OpenReview)

2024-04-04 00:11:07,554 <requestor-worker-9:4140868, MainThread:140046854821696> (requestor.py:_fetch_single_async:199 -> session.py:request:318) from logger `RFC.session_aiohttp`
[INFO] session requesting PapersCoolPaperPage(venue_NeurIPS.2022).PapersCoolPaperKimiSection(venue_NeurIPS.2022_=ZXoSAAlBnW8@OpenReview)

2024-04-04 00:11:07,557 <requestor-worker-9:4140868, MainThread:140046854821696> (requestor.py:_fetch_single_async:199 -> session.py:request:318) from logger `RFC.session_aiohttp`
[INFO] session requesting PapersCoolPaperPage(venue_NeurIPS.2023).PapersCoolPaperKimiSection(venue_NeurIPS.2023_=muVKSb8gi5@OpenReview)

2024-04-04 00:11:07,558 <requestor-worker-9:4140868, MainThread:140046854821696> (requestor.py:_fetch_single_async:199 -> session.py:request:318) from logger `RFC.session_aiohttp`
[INFO] session requesting PapersCoolPaperPage(venue_NeurIPS.2021).PapersCoolPaperKimiSection(venue_NeurIPS.2021_=u7oKU1iXTa9@OpenReview)

2024-04-04 00:11:07,743 <requestor-worker-9:4140868, MainThread:140046854821696> (requestor.py:_fetch_single_async:199 -> session.py:request:318) from logger `RFC.session_aiohttp`
[INFO] session requesting PapersCoolPaperPage(venue_ICCV.2023).PapersCoolPaperKimiSection(venue_ICCV.2023_=Li_Unify_Align_and_Refine_Multi-Level_Semantic_Alignment_for_Radiology_Report@ICCV2023@CVF)

2024-04-04 00:11:07,748 <requestor-worker-9:4140868, MainThread:140046854821696> (requestor.py:_fetch_single_async:199 -> session.py:request:318) from logger `RFC.session_aiohttp`
[INFO] session requesting PapersCoolPaperPage(venue_NeurIPS.2022).PapersCoolPaperKimiSection(venue_NeurIPS.2022_=pNEisJqGuei@OpenReview)

2024-04-04 00:11:07,752 <requestor-worker-9:4140868, MainThread:140046854821696> (requestor.py:_fetch_single_async:199 -> session.py:request:318) from logger `RFC.session_aiohttp`
[INFO] session requesting PapersCoolPaperPage(venue_EMNLP.2023).PapersCoolPaperKimiSection(venue_EMNLP.2023_=2023.emnlp-main.270@ACL)

2024-04-04 00:11:07,755 <requestor-worker-9:4140868, MainThread:140046854821696> (requestor.py:_fetch_single_async:199 -> session.py:request:318) from logger `RFC.session_aiohttp`
[INFO] session requesting PapersCoolPaperPage(venue_ICCV.2023).PapersCoolPaperKimiSection(venue_ICCV.2023_=Shoouri_Efficient_Computation_Sharing_for_Multi-Task_Visual_Scene_Understanding@ICCV2023@CVF)

2024-04-04 00:11:07,758 <requestor-worker-9:4140868, MainThread:140046854821696> (requestor.py:_fetch_single_async:199 -> session.py:request:318) from logger `RFC.session_aiohttp`
[INFO] session requesting PapersCoolPaperPage(venue_NeurIPS.2022).PapersCoolPaperKimiSection(venue_NeurIPS.2022_=Vt3_mJNrjt@OpenReview)

2024-04-04 00:11:07,762 <requestor-worker-9:4140868, MainThread:140046854821696> (requestor.py:_fetch_single_async:199 -> session.py:request:318) from logger `RFC.session_aiohttp`
[INFO] session requesting PapersCoolPaperPage(venue_NeurIPS.2023).PapersCoolPaperKimiSection(venue_NeurIPS.2023_=gdwcoBCMVi@OpenReview)

2024-04-04 00:11:07,766 <requestor-worker-9:4140868, MainThread:140046854821696> (requestor.py:_fetch_single_async:199 -> session.py:request:318) from logger `RFC.session_aiohttp`
[INFO] session requesting PapersCoolPaperPage(venue_NeurIPS.2021).PapersCoolPaperKimiSection(venue_NeurIPS.2021_=EHUsTBGIP17@OpenReview)

2024-04-04 00:11:07,792 <requestor-worker-9:4140868, MainThread:140046854821696> (requestor.py:_fetch_single_async:199 -> session.py:request:318) from logger `RFC.session_aiohttp`
[INFO] session requesting PapersCoolPaperPage(venue_ICCV.2023).PapersCoolPaperKimiSection(venue_ICCV.2023_=Lin_Preparing_the_Future_for_Continual_Semantic_Segmentation@ICCV2023@CVF)

2024-04-04 00:11:08,372 <requestor-worker-9:4140868, MainThread:140046854821696> (requestor.py:_fetch_single_async:199 -> session.py:request:318) from logger `RFC.session_aiohttp`
[INFO] session requesting PapersCoolPaperPage(venue_CVPR.2022).PapersCoolPaperKimiSection(venue_CVPR.2022_=Zhang_Kernelized_Few-Shot_Object_Detection_With_Efficient_Integral_Aggregation@CVPR2022@CVF)

2024-04-04 00:11:08,380 <requestor-worker-9:4140868, MainThread:140046854821696> (requestor.py:_fetch_single_async:199 -> session.py:request:318) from logger `RFC.session_aiohttp`
[INFO] session requesting PapersCoolPaperPage(venue_NeurIPS.2021).PapersCoolPaperKimiSection(venue_NeurIPS.2021_=MDMV2SxCboX@OpenReview)

2024-04-04 00:11:08,392 <requestor-worker-9:4140868, MainThread:140046854821696> (requestor.py:_fetch_single_async:199 -> session.py:request:318) from logger `RFC.session_aiohttp`
[INFO] session requesting PapersCoolPaperPage(venue_CVPR.2023).PapersCoolPaperKimiSection(venue_CVPR.2023_=Tan_Learning_on_Gradients_Generalized_Artifacts_Representation_for_GAN-Generated_Images_Detection@CVPR2023@CVF)

2024-04-04 00:11:08,397 <requestor-worker-9:4140868, MainThread:140046854821696> (requestor.py:_fetch_single_async:199 -> session.py:request:318) from logger `RFC.session_aiohttp`
[INFO] session requesting PapersCoolPaperPage(venue_NeurIPS.2023).PapersCoolPaperKimiSection(venue_NeurIPS.2023_=ViFTWelHVZ@OpenReview)

2024-04-04 00:11:08,401 <requestor-worker-9:4140868, MainThread:140046854821696> (requestor.py:_fetch_single_async:199 -> session.py:request:318) from logger `RFC.session_aiohttp`
[INFO] session requesting PapersCoolPaperPage(venue_NeurIPS.2022).PapersCoolPaperKimiSection(venue_NeurIPS.2022_=bot35zOudq@OpenReview)

2024-04-04 00:11:08,412 <requestor-worker-9:4140868, MainThread:140046854821696> (requestor.py:_fetch_single_async:199 -> session.py:request:318) from logger `RFC.session_aiohttp`
[INFO] session requesting PapersCoolPaperPage(venue_ICCV.2023).PapersCoolPaperKimiSection(venue_ICCV.2023_=Fu_GPGait_Generalized_Pose-based_Gait_Recognition@ICCV2023@CVF)

2024-04-04 00:11:08,426 <requestor-worker-9:4140868, MainThread:140046854821696> (requestor.py:_fetch_single_async:199 -> session.py:request:318) from logger `RFC.session_aiohttp`
[INFO] session requesting PapersCoolPaperPage(venue_NeurIPS.2021).PapersCoolPaperKimiSection(venue_NeurIPS.2021_=e2gqGkFjDHg@OpenReview)

2024-04-04 00:11:08,428 <requestor-worker-9:4140868, MainThread:140046854821696> (requestor.py:_fetch_single_async:199 -> session.py:request:318) from logger `RFC.session_aiohttp`
[INFO] session requesting PapersCoolPaperPage(venue_NeurIPS.2023).PapersCoolPaperKimiSection(venue_NeurIPS.2023_=2cYxNWNzk3@OpenReview)

2024-04-04 00:11:08,429 <requestor-worker-9:4140868, MainThread:140046854821696> (requestor.py:_fetch_single_async:199 -> session.py:request:318) from logger `RFC.session_aiohttp`
[INFO] session requesting PapersCoolPaperPage(venue_NeurIPS.2023).PapersCoolPaperKimiSection(venue_NeurIPS.2023_=2bRG4Hj8qd@OpenReview)

2024-04-04 00:11:09,594 <requestor-worker-9:4140868, MainThread:140046854821696> (requestor.py:_fetch_single_async:199 -> session.py:request:318) from logger `RFC.session_aiohttp`
[INFO] session requesting PapersCoolPaperPage(venue_ACL.2023).PapersCoolPaperKimiSection(venue_ACL.2023_=2023.acl-long.863@ACL)

2024-04-04 00:11:09,596 <requestor-worker-9:4140868, MainThread:140046854821696> (requestor.py:_fetch_single_async:199 -> session.py:request:318) from logger `RFC.session_aiohttp`
[INFO] session requesting PapersCoolPaperPage(venue_CVPR.2022).PapersCoolPaperKimiSection(venue_CVPR.2022_=Patakin_Single-Stage_3D_Geometry-Preserving_Depth_Estimation_Model_Training_on_Dataset_Mixtures@CVPR2022@CVF)

2024-04-04 00:11:09,598 <requestor-worker-9:4140868, MainThread:140046854821696> (requestor.py:_fetch_single_async:199 -> session.py:request:318) from logger `RFC.session_aiohttp`
[INFO] session requesting PapersCoolPaperPage(venue_NeurIPS.2023).PapersCoolPaperKimiSection(venue_NeurIPS.2023_=2gn9WFlqJ4@OpenReview)

2024-04-04 00:11:09,600 <requestor-worker-9:4140868, MainThread:140046854821696> (requestor.py:_fetch_single_async:199 -> session.py:request:318) from logger `RFC.session_aiohttp`
[INFO] session requesting PapersCoolPaperPage(venue_NeurIPS.2023).PapersCoolPaperKimiSection(venue_NeurIPS.2023_=iAAXq60Bw1@OpenReview)

2024-04-04 00:11:09,601 <requestor-worker-9:4140868, MainThread:140046854821696> (requestor.py:_fetch_single_async:199 -> session.py:request:318) from logger `RFC.session_aiohttp`
[INFO] session requesting PapersCoolPaperPage(venue_NeurIPS.2021).PapersCoolPaperKimiSection(venue_NeurIPS.2021_=MtvKv_BDVV@OpenReview)

2024-04-04 00:11:09,603 <requestor-worker-9:4140868, MainThread:140046854821696> (requestor.py:_fetch_single_async:199 -> session.py:request:318) from logger `RFC.session_aiohttp`
[INFO] session requesting PapersCoolPaperPage(venue_CVPR.2022).PapersCoolPaperKimiSection(venue_CVPR.2022_=Toldo_Bring_Evanescent_Representations_to_Life_in_Lifelong_Class_Incremental_Learning@CVPR2022@CVF)

2024-04-04 00:11:09,604 <requestor-worker-9:4140868, MainThread:140046854821696> (requestor.py:_fetch_single_async:199 -> session.py:request:318) from logger `RFC.session_aiohttp`
[INFO] session requesting PapersCoolPaperPage(venue_ICCV.2023).PapersCoolPaperKimiSection(venue_ICCV.2023_=Wu_LPFF_A_Portrait_Dataset_for_Face_Generators_Across_Large_Poses@ICCV2023@CVF)

2024-04-04 00:11:09,606 <requestor-worker-9:4140868, MainThread:140046854821696> (requestor.py:_fetch_single_async:199 -> session.py:request:318) from logger `RFC.session_aiohttp`
[INFO] session requesting PapersCoolPaperPage(venue_ICCV.2023).PapersCoolPaperKimiSection(venue_ICCV.2023_=Yang_Spatio-Temporal_Domain_Awareness_for_Multi-Agent_Collaborative_Perception@ICCV2023@CVF)

2024-04-04 00:11:09,607 <requestor-worker-9:4140868, MainThread:140046854821696> (requestor.py:_fetch_single_async:199 -> session.py:request:318) from logger `RFC.session_aiohttp`
[INFO] session requesting PapersCoolPaperPage(venue_ACL.2023).PapersCoolPaperKimiSection(venue_ACL.2023_=2023.acl-long.862@ACL)

2024-04-04 00:11:09,613 <requestor-worker-9:4140868, MainThread:140046854821696> (requestor.py:_fetch_single_async:199 -> session.py:request:318) from logger `RFC.session_aiohttp`
[INFO] session requesting PapersCoolPaperPage(venue_NeurIPS.2021).PapersCoolPaperKimiSection(venue_NeurIPS.2021_=MxE7xFzv0N8@OpenReview)

2024-04-04 00:11:09,616 <requestor-worker-9:4140868, MainThread:140046854821696> (requestor.py:_fetch_single_async:199 -> session.py:request:318) from logger `RFC.session_aiohttp`
[INFO] session requesting PapersCoolPaperPage(venue_NeurIPS.2023).PapersCoolPaperKimiSection(venue_NeurIPS.2023_=hN4qpvGzWn@OpenReview)

2024-04-04 00:11:09,620 <requestor-worker-9:4140868, MainThread:140046854821696> (requestor.py:_fetch_single_async:199 -> session.py:request:318) from logger `RFC.session_aiohttp`
[INFO] session requesting PapersCoolPaperPage(venue_ICCV.2023).PapersCoolPaperKimiSection(venue_ICCV.2023_=Xu_NeRF-Det_Learning_Geometry-Aware_Volumetric_Representation_for_Multi-View_3D_Object_Detection@ICCV2023@CVF)

2024-04-04 00:11:09,622 <requestor-worker-9:4140868, MainThread:140046854821696> (requestor.py:_fetch_single_async:199 -> session.py:request:318) from logger `RFC.session_aiohttp`
[INFO] session requesting PapersCoolPaperPage(venue_NeurIPS.2023).PapersCoolPaperKimiSection(venue_NeurIPS.2023_=ffFcRPpnWx@OpenReview)

2024-04-04 00:11:09,624 <requestor-worker-9:4140868, MainThread:140046854821696> (requestor.py:_fetch_single_async:199 -> session.py:request:318) from logger `RFC.session_aiohttp`
[INFO] session requesting PapersCoolPaperPage(venue_ACL.2023).PapersCoolPaperKimiSection(venue_ACL.2023_=2023.acl-long.861@ACL)

2024-04-04 00:11:09,626 <requestor-worker-9:4140868, MainThread:140046854821696> (requestor.py:_fetch_single_async:199 -> session.py:request:318) from logger `RFC.session_aiohttp`
[INFO] session requesting PapersCoolPaperPage(venue_NeurIPS.2021).PapersCoolPaperKimiSection(venue_NeurIPS.2021_=_IY3_4psXuf@OpenReview)

2024-04-04 00:11:10,312 <requestor-worker-9:4140868, MainThread:140046854821696> (requestor.py:_fetch_single_async:199 -> session.py:request:318) from logger `RFC.session_aiohttp`
[INFO] session requesting PapersCoolPaperPage(venue_ICCV.2023).PapersCoolPaperKimiSection(venue_ICCV.2023_=Xu_TALL_Thumbnail_Layout_for_Deepfake_Video_Detection@ICCV2023@CVF)

2024-04-04 00:11:10,314 <requestor-worker-9:4140868, MainThread:140046854821696> (requestor.py:_fetch_single_async:199 -> session.py:request:318) from logger `RFC.session_aiohttp`
[INFO] session requesting PapersCoolPaperPage(venue_EMNLP.2023).PapersCoolPaperKimiSection(venue_EMNLP.2023_=2023.emnlp-main.115@ACL)

2024-04-04 00:11:10,316 <requestor-worker-9:4140868, MainThread:140046854821696> (requestor.py:_fetch_single_async:199 -> session.py:request:318) from logger `RFC.session_aiohttp`
[INFO] session requesting PapersCoolPaperPage(venue_NeurIPS.2021).PapersCoolPaperKimiSection(venue_NeurIPS.2021_=oepSB9bsoCF@OpenReview)

2024-04-04 00:11:10,318 <requestor-worker-9:4140868, MainThread:140046854821696> (requestor.py:_fetch_single_async:199 -> session.py:request:318) from logger `RFC.session_aiohttp`
[INFO] session requesting PapersCoolPaperPage(venue_CVPR.2022).PapersCoolPaperKimiSection(venue_CVPR.2022_=Liu_Adaptive_Early-Learning_Correction_for_Segmentation_From_Noisy_Annotations@CVPR2022@CVF)

2024-04-04 00:11:10,319 <requestor-worker-9:4140868, MainThread:140046854821696> (requestor.py:_fetch_single_async:199 -> session.py:request:318) from logger `RFC.session_aiohttp`
[INFO] session requesting PapersCoolPaperPage(venue_EMNLP.2023).PapersCoolPaperKimiSection(venue_EMNLP.2023_=2023.emnlp-main.265@ACL)

2024-04-04 00:11:10,321 <requestor-worker-9:4140868, MainThread:140046854821696> (requestor.py:_fetch_single_async:199 -> session.py:request:318) from logger `RFC.session_aiohttp`
[INFO] session requesting PapersCoolPaperPage(venue_ACL.2023).PapersCoolPaperKimiSection(venue_ACL.2023_=2023.acl-long.850@ACL)

2024-04-04 00:11:10,323 <requestor-worker-9:4140868, MainThread:140046854821696> (requestor.py:_fetch_single_async:199 -> session.py:request:318) from logger `RFC.session_aiohttp`
[INFO] session requesting PapersCoolPaperPage(venue_ICCV.2023).PapersCoolPaperKimiSection(venue_ICCV.2023_=Zhang_Learning_in_Imperfect_Environment_Multi-Label_Classification_with_Long-Tailed_Distribution_and@ICCV2023@CVF)

2024-04-04 00:11:10,324 <requestor-worker-9:4140868, MainThread:140046854821696> (requestor.py:_fetch_single_async:199 -> session.py:request:318) from logger `RFC.session_aiohttp`
[INFO] session requesting PapersCoolPaperPage(venue_NeurIPS.2023).PapersCoolPaperKimiSection(venue_NeurIPS.2023_=Wff6DWFY2W@OpenReview)

2024-04-04 00:11:10,357 <requestor-worker-9:4140868, MainThread:140046854821696> (requestor.py:_fetch_single_async:199 -> session.py:request:318) from logger `RFC.session_aiohttp`
[INFO] session requesting PapersCoolPaperPage(venue_EMNLP.2023).PapersCoolPaperKimiSection(venue_EMNLP.2023_=2023.emnlp-main.110@ACL)

2024-04-04 00:11:11,359 <requestor-worker-9:4140868, MainThread:140046854821696> (requestor.py:_fetch_single_async:199 -> session.py:request:318) from logger `RFC.session_aiohttp`
[INFO] session requesting PapersCoolPaperPage(venue_NeurIPS.2021).PapersCoolPaperKimiSection(venue_NeurIPS.2021_=EnmG3G5SYR@OpenReview)

2024-04-04 00:11:11,370 <requestor-worker-9:4140868, MainThread:140046854821696> (requestor.py:_fetch_single_async:199 -> session.py:request:318) from logger `RFC.session_aiohttp`
[INFO] session requesting PapersCoolPaperPage(venue_NeurIPS.2022).PapersCoolPaperKimiSection(venue_NeurIPS.2022_=EvtEGQmXe3@OpenReview)

2024-04-04 00:11:11,374 <requestor-worker-9:4140868, MainThread:140046854821696> (requestor.py:_fetch_single_async:199 -> session.py:request:318) from logger `RFC.session_aiohttp`
[INFO] session requesting PapersCoolPaperPage(venue_NeurIPS.2023).PapersCoolPaperKimiSection(venue_NeurIPS.2023_=wRhLd65bDt@OpenReview)

2024-04-04 00:11:11,378 <requestor-worker-9:4140868, MainThread:140046854821696> (requestor.py:_fetch_single_async:199 -> session.py:request:318) from logger `RFC.session_aiohttp`
[INFO] session requesting PapersCoolPaperPage(venue_ACL.2023).PapersCoolPaperKimiSection(venue_ACL.2023_=2023.acl-long.830@ACL)

2024-04-04 00:11:11,398 <requestor-worker-9:4140868, MainThread:140046854821696> (requestor.py:_fetch_single_async:199 -> session.py:request:318) from logger `RFC.session_aiohttp`
[INFO] session requesting PapersCoolPaperPage(venue_NeurIPS.2021).PapersCoolPaperKimiSection(venue_NeurIPS.2021_=dsmxf7FKiaY@OpenReview)

2024-04-04 00:11:11,412 <requestor-worker-9:4140868, MainThread:140046854821696> (requestor.py:_fetch_single_async:199 -> session.py:request:318) from logger `RFC.session_aiohttp`
[INFO] session requesting PapersCoolPaperPage(venue_NeurIPS.2022).PapersCoolPaperKimiSection(venue_NeurIPS.2022_=nZRTRevUO-@OpenReview)

2024-04-04 00:11:11,414 <requestor-worker-9:4140868, MainThread:140046854821696> (requestor.py:_fetch_single_async:199 -> session.py:request:318) from logger `RFC.session_aiohttp`
[INFO] session requesting PapersCoolPaperPage(venue_EMNLP.2023).PapersCoolPaperKimiSection(venue_EMNLP.2023_=2023.emnlp-main.54@ACL)

2024-04-04 00:11:11,416 <requestor-worker-9:4140868, MainThread:140046854821696> (requestor.py:_fetch_single_async:199 -> session.py:request:318) from logger `RFC.session_aiohttp`
[INFO] session requesting PapersCoolPaperPage(venue_NeurIPS.2023).PapersCoolPaperKimiSection(venue_NeurIPS.2023_=vAElhFcKW6@OpenReview)

2024-04-04 00:11:11,419 <requestor-worker-9:4140868, MainThread:140046854821696> (requestor.py:_fetch_single_async:199 -> session.py:request:318) from logger `RFC.session_aiohttp`
[INFO] session requesting PapersCoolPaperPage(venue_EMNLP.2023).PapersCoolPaperKimiSection(venue_EMNLP.2023_=2023.emnlp-main.53@ACL)

2024-04-04 00:11:11,421 <requestor-worker-9:4140868, MainThread:140046854821696> (requestor.py:_fetch_single_async:199 -> session.py:request:318) from logger `RFC.session_aiohttp`
[INFO] session requesting PapersCoolPaperPage(venue_ICML.2021).PapersCoolPaperKimiSection(venue_ICML.2021_=yang21g@v139@PMLR)

2024-04-04 00:11:11,428 <requestor-worker-9:4140868, MainThread:140046854821696> (requestor.py:_fetch_single_async:199 -> session.py:request:318) from logger `RFC.session_aiohttp`
[INFO] session requesting PapersCoolPaperPage(venue_ICML.2021).PapersCoolPaperKimiSection(venue_ICML.2021_=hsieh21a@v139@PMLR)

2024-04-04 00:11:11,431 <requestor-worker-9:4140868, MainThread:140046854821696> (requestor.py:_fetch_single_async:199 -> session.py:request:318) from logger `RFC.session_aiohttp`
[INFO] session requesting PapersCoolPaperPage(venue_NeurIPS.2021).PapersCoolPaperKimiSection(venue_NeurIPS.2021_=0OWwNh-4in1@OpenReview)

2024-04-04 00:11:11,436 <requestor-worker-9:4140868, MainThread:140046854821696> (requestor.py:_fetch_single_async:199 -> session.py:request:318) from logger `RFC.session_aiohttp`
[INFO] session requesting PapersCoolPaperPage(venue_ACL.2023).PapersCoolPaperKimiSection(venue_ACL.2023_=2023.acl-demo.21@ACL)

2024-04-04 00:11:11,453 <requestor-worker-9:4140868, MainThread:140046854821696> (requestor.py:_fetch_single_async:199 -> session.py:request:318) from logger `RFC.session_aiohttp`
[INFO] session requesting PapersCoolPaperPage(venue_NeurIPS.2023).PapersCoolPaperKimiSection(venue_NeurIPS.2023_=rG1M3kOVba@OpenReview)

2024-04-04 00:11:11,463 <requestor-worker-9:4140868, MainThread:140046854821696> (requestor.py:_fetch_single_async:199 -> session.py:request:318) from logger `RFC.session_aiohttp`
[INFO] session requesting PapersCoolPaperPage(venue_NeurIPS.2023).PapersCoolPaperKimiSection(venue_NeurIPS.2023_=IyYyKov0Aj@OpenReview)

2024-04-04 00:11:12,146 <requestor-worker-9:4140868, MainThread:140046854821696> (requestor.py:_fetch_single_async:199 -> session.py:request:318) from logger `RFC.session_aiohttp`
[INFO] session requesting PapersCoolPaperPage(venue_NeurIPS.2022).PapersCoolPaperKimiSection(venue_NeurIPS.2022_=xatjGRWLRO@OpenReview)

2024-04-04 00:11:12,151 <requestor-worker-9:4140868, MainThread:140046854821696> (requestor.py:_fetch_single_async:199 -> session.py:request:318) from logger `RFC.session_aiohttp`
[INFO] session requesting PapersCoolPaperPage(venue_EMNLP.2023).PapersCoolPaperKimiSection(venue_EMNLP.2023_=2023.emnlp-main.11@ACL)

2024-04-04 00:11:12,154 <requestor-worker-9:4140868, MainThread:140046854821696> (requestor.py:_fetch_single_async:199 -> session.py:request:318) from logger `RFC.session_aiohttp`
[INFO] session requesting PapersCoolPaperPage(venue_ACL.2022).PapersCoolPaperKimiSection(venue_ACL.2022_=2022.acl-long.3@ACL)

2024-04-04 00:11:12,158 <requestor-worker-9:4140868, MainThread:140046854821696> (requestor.py:_fetch_single_async:199 -> session.py:request:318) from logger `RFC.session_aiohttp`
[INFO] session requesting PapersCoolPaperPage(venue_EMNLP.2023).PapersCoolPaperKimiSection(venue_EMNLP.2023_=2023.emnlp-main.10@ACL)

2024-04-04 00:11:12,162 <requestor-worker-9:4140868, MainThread:140046854821696> (requestor.py:_fetch_single_async:199 -> session.py:request:318) from logger `RFC.session_aiohttp`
[INFO] session requesting PapersCoolPaperPage(venue_NeurIPS.2021).PapersCoolPaperKimiSection(venue_NeurIPS.2021_=6PoupJO89MG@OpenReview)

2024-04-04 00:11:12,165 <requestor-worker-9:4140868, MainThread:140046854821696> (requestor.py:_fetch_single_async:199 -> session.py:request:318) from logger `RFC.session_aiohttp`
[INFO] session requesting PapersCoolPaperPage(venue_CVPR.2021).PapersCoolPaperKimiSection(venue_CVPR.2021_=Chen_One-Shot_Neural_Ensemble_Architecture_Search_by_Diversity-Guided_Search_Space_Shrinking@CVPR2021@CVF)

2024-04-04 00:11:12,168 <requestor-worker-9:4140868, MainThread:140046854821696> (requestor.py:_fetch_single_async:199 -> session.py:request:318) from logger `RFC.session_aiohttp`
[INFO] session requesting PapersCoolPaperPage(venue_NeurIPS.2022).PapersCoolPaperKimiSection(venue_NeurIPS.2022_=m8vzptcFKsT@OpenReview)

2024-04-04 00:11:12,171 <requestor-worker-9:4140868, MainThread:140046854821696> (requestor.py:_fetch_single_async:199 -> session.py:request:318) from logger `RFC.session_aiohttp`
[INFO] session requesting PapersCoolPaperPage(venue_ACL.2023).PapersCoolPaperKimiSection(venue_ACL.2023_=2023.acl-long.815@ACL)

2024-04-04 00:11:12,175 <requestor-worker-9:4140868, MainThread:140046854821696> (requestor.py:_fetch_single_async:199 -> session.py:request:318) from logger `RFC.session_aiohttp`
[INFO] session requesting PapersCoolPaperPage(venue_CVPR.2023).PapersCoolPaperKimiSection(venue_CVPR.2023_=Ni_NUWA-LIP_Language-Guided_Image_Inpainting_With_Defect-Free_VQGAN@CVPR2023@CVF)

2024-04-04 00:11:13,484 <requestor-worker-9:4140868, MainThread:140046854821696> (requestor.py:_fetch_single_async:199 -> session.py:request:318) from logger `RFC.session_aiohttp`
[INFO] session requesting PapersCoolPaperPage(venue_CVPR.2023).PapersCoolPaperKimiSection(venue_CVPR.2023_=Shen_StructVPR_Distill_Structural_Knowledge_With_Weighting_Samples_for_Visual_Place@CVPR2023@CVF)

2024-04-04 00:11:13,492 <requestor-worker-9:4140868, MainThread:140046854821696> (requestor.py:_fetch_single_async:199 -> session.py:request:318) from logger `RFC.session_aiohttp`
[INFO] session requesting PapersCoolPaperPage(venue_CVPR.2022).PapersCoolPaperKimiSection(venue_CVPR.2022_=Hersche_Constrained_Few-Shot_Class-Incremental_Learning@CVPR2022@CVF)

2024-04-04 00:11:13,499 <requestor-worker-9:4140868, MainThread:140046854821696> (requestor.py:_fetch_single_async:199 -> session.py:request:318) from logger `RFC.session_aiohttp`
[INFO] session requesting PapersCoolPaperPage(venue_NeurIPS.2023).PapersCoolPaperKimiSection(venue_NeurIPS.2023_=bv9mmH0LGF@OpenReview)

2024-04-04 00:11:13,506 <requestor-worker-9:4140868, MainThread:140046854821696> (requestor.py:_fetch_single_async:199 -> session.py:request:318) from logger `RFC.session_aiohttp`
[INFO] session requesting PapersCoolPaperPage(venue_ACL.2023).PapersCoolPaperKimiSection(venue_ACL.2023_=2023.acl-demo.52@ACL)

2024-04-04 00:11:13,510 <requestor-worker-9:4140868, MainThread:140046854821696> (requestor.py:_fetch_single_async:199 -> session.py:request:318) from logger `RFC.session_aiohttp`
[INFO] session requesting PapersCoolPaperPage(venue_NeurIPS.2021).PapersCoolPaperKimiSection(venue_NeurIPS.2021_=an8FSGbuCw@OpenReview)

2024-04-04 00:11:13,672 <requestor-worker-9:4140868, MainThread:140046854821696> (requestor.py:_fetch_single_async:199 -> session.py:request:318) from logger `RFC.session_aiohttp`
[INFO] session requesting PapersCoolPaperPage(venue_CVPR.2022).PapersCoolPaperKimiSection(venue_CVPR.2022_=Lee_Threshold_Matters_in_WSSS_Manipulating_the_Activation_for_the_Robust@CVPR2022@CVF)

2024-04-04 00:11:13,676 <requestor-worker-9:4140868, MainThread:140046854821696> (requestor.py:_fetch_single_async:199 -> session.py:request:318) from logger `RFC.session_aiohttp`
[INFO] session requesting PapersCoolPaperPage(venue_CVPR.2023).PapersCoolPaperKimiSection(venue_CVPR.2023_=Wang_Learning_Conditional_Attributes_for_Compositional_Zero-Shot_Learning@CVPR2023@CVF)

2024-04-04 00:11:13,681 <requestor-worker-9:4140868, MainThread:140046854821696> (requestor.py:_fetch_single_async:199 -> session.py:request:318) from logger `RFC.session_aiohttp`
[INFO] session requesting PapersCoolPaperPage(venue_NeurIPS.2021).PapersCoolPaperKimiSection(venue_NeurIPS.2021_=nPHA8fGicZk@OpenReview)

2024-04-04 00:11:13,686 <requestor-worker-9:4140868, MainThread:140046854821696> (requestor.py:_fetch_single_async:199 -> session.py:request:318) from logger `RFC.session_aiohttp`
[INFO] session requesting PapersCoolPaperPage(venue_NeurIPS.2021).PapersCoolPaperKimiSection(venue_NeurIPS.2021_=YIyYkoJX2eA@OpenReview)

2024-04-04 00:11:13,690 <requestor-worker-9:4140868, MainThread:140046854821696> (requestor.py:_fetch_single_async:199 -> session.py:request:318) from logger `RFC.session_aiohttp`
[INFO] session requesting PapersCoolPaperPage(venue_NeurIPS.2022).PapersCoolPaperKimiSection(venue_NeurIPS.2022_=Q_WPshXgGI9@OpenReview)

2024-04-04 00:11:13,695 <requestor-worker-9:4140868, MainThread:140046854821696> (requestor.py:_fetch_single_async:199 -> session.py:request:318) from logger `RFC.session_aiohttp`
[INFO] session requesting PapersCoolPaperPage(venue_NeurIPS.2021).PapersCoolPaperKimiSection(venue_NeurIPS.2021_=FyOhThdDBM@OpenReview)

2024-04-04 00:11:13,699 <requestor-worker-9:4140868, MainThread:140046854821696> (requestor.py:_fetch_single_async:199 -> session.py:request:318) from logger `RFC.session_aiohttp`
[INFO] session requesting PapersCoolPaperPage(venue_ICCV.2021).PapersCoolPaperKimiSection(venue_ICCV.2021_=Li_Audio2Gestures_Generating_Diverse_Gestures_From_Speech_Audio_With_Conditional_Variational@ICCV2021@CVF)

2024-04-04 00:11:13,703 <requestor-worker-9:4140868, MainThread:140046854821696> (requestor.py:_fetch_single_async:199 -> session.py:request:318) from logger `RFC.session_aiohttp`
[INFO] session requesting PapersCoolPaperPage(venue_ACL.2023).PapersCoolPaperKimiSection(venue_ACL.2023_=2023.acl-long.787@ACL)

2024-04-04 00:11:13,706 <requestor-worker-9:4140868, MainThread:140046854821696> (requestor.py:_fetch_single_async:199 -> session.py:request:318) from logger `RFC.session_aiohttp`
[INFO] session requesting PapersCoolPaperPage(venue_CVPR.2022).PapersCoolPaperKimiSection(venue_CVPR.2022_=Khakzar_Do_Explanations_Explain_Model_Knows_Best@CVPR2022@CVF)

2024-04-04 00:11:13,710 <requestor-worker-9:4140868, MainThread:140046854821696> (requestor.py:_fetch_single_async:199 -> session.py:request:318) from logger `RFC.session_aiohttp`
[INFO] session requesting PapersCoolPaperPage(venue_NeurIPS.2021).PapersCoolPaperKimiSection(venue_NeurIPS.2021_=026hEw26i3-@OpenReview)

2024-04-04 00:11:14,241 <requestor-worker-9:4140868, MainThread:140046854821696> (requestor.py:_fetch_single_async:199 -> session.py:request:318) from logger `RFC.session_aiohttp`
[INFO] session requesting PapersCoolPaperPage(venue_NeurIPS.2023).PapersCoolPaperKimiSection(venue_NeurIPS.2023_=znudaK78u8@OpenReview)

2024-04-04 00:11:14,246 <requestor-worker-9:4140868, MainThread:140046854821696> (requestor.py:_fetch_single_async:199 -> session.py:request:318) from logger `RFC.session_aiohttp`
[INFO] session requesting PapersCoolPaperPage(venue_ACL.2023).PapersCoolPaperKimiSection(venue_ACL.2023_=2023.acl-long.775@ACL)

2024-04-04 00:11:14,253 <requestor-worker-9:4140868, MainThread:140046854821696> (requestor.py:_fetch_single_async:199 -> session.py:request:318) from logger `RFC.session_aiohttp`
[INFO] session requesting PapersCoolPaperPage(venue_NeurIPS.2022).PapersCoolPaperKimiSection(venue_NeurIPS.2022_=v3yM5zVzP4C@OpenReview)

2024-04-04 00:11:14,257 <requestor-worker-9:4140868, MainThread:140046854821696> (requestor.py:_fetch_single_async:199 -> session.py:request:318) from logger `RFC.session_aiohttp`
[INFO] session requesting PapersCoolPaperPage(venue_NeurIPS.2023).PapersCoolPaperKimiSection(venue_NeurIPS.2023_=p9k5MS0JAL@OpenReview)

2024-04-04 00:11:14,261 <requestor-worker-9:4140868, MainThread:140046854821696> (requestor.py:_fetch_single_async:199 -> session.py:request:318) from logger `RFC.session_aiohttp`
[INFO] session requesting PapersCoolPaperPage(venue_CVPR.2021).PapersCoolPaperKimiSection(venue_CVPR.2021_=Xu_Learning_Dynamic_Alignment_via_Meta-Filter_for_Few-Shot_Learning@CVPR2021@CVF)

2024-04-04 00:11:14,266 <requestor-worker-9:4140868, MainThread:140046854821696> (requestor.py:_fetch_single_async:199 -> session.py:request:318) from logger `RFC.session_aiohttp`
[INFO] session requesting PapersCoolPaperPage(venue_NeurIPS.2022).PapersCoolPaperKimiSection(venue_NeurIPS.2022_=u46CbCaLufp@OpenReview)

2024-04-04 00:11:14,269 <requestor-worker-9:4140868, MainThread:140046854821696> (requestor.py:_fetch_single_async:199 -> session.py:request:318) from logger `RFC.session_aiohttp`
[INFO] session requesting PapersCoolPaperPage(venue_ICCV.2023).PapersCoolPaperKimiSection(venue_ICCV.2023_=Ko_Open-vocabulary_Video_Question_Answering_A_New_Benchmark_for_Evaluating_the@ICCV2023@CVF)

2024-04-04 00:11:14,272 <requestor-worker-9:4140868, MainThread:140046854821696> (requestor.py:_fetch_single_async:199 -> session.py:request:318) from logger `RFC.session_aiohttp`
[INFO] session requesting PapersCoolPaperPage(venue_ICML.2021).PapersCoolPaperKimiSection(venue_ICML.2021_=yi21b@v139@PMLR)

2024-04-04 00:11:14,275 <requestor-worker-9:4140868, MainThread:140046854821696> (requestor.py:_fetch_single_async:199 -> session.py:request:318) from logger `RFC.session_aiohttp`
[INFO] session requesting PapersCoolPaperPage(venue_NeurIPS.2023).PapersCoolPaperKimiSection(venue_NeurIPS.2023_=9_hCoP3LXwy@OpenReview)

2024-04-04 00:11:15,259 <requestor-worker-9:4140868, MainThread:140046854821696> (requestor.py:_fetch_single_async:199 -> session.py:request:318) from logger `RFC.session_aiohttp`
[INFO] session requesting PapersCoolPaperPage(venue_NeurIPS.2022).PapersCoolPaperKimiSection(venue_NeurIPS.2022_=BqnMaAvTNVq@OpenReview)

2024-04-04 00:11:15,260 <requestor-worker-9:4140868, MainThread:140046854821696> (requestor.py:_fetch_single_async:199 -> session.py:request:318) from logger `RFC.session_aiohttp`
[INFO] session requesting PapersCoolPaperPage(venue_ICML.2021).PapersCoolPaperKimiSection(venue_ICML.2021_=holderrieth21a@v139@PMLR)

2024-04-04 00:11:15,264 <requestor-worker-9:4140868, MainThread:140046854821696> (requestor.py:_fetch_single_async:199 -> session.py:request:318) from logger `RFC.session_aiohttp`
[INFO] session requesting PapersCoolPaperPage(venue_ACL.2023).PapersCoolPaperKimiSection(venue_ACL.2023_=2023.acl-long.756@ACL)

2024-04-04 00:11:15,266 <requestor-worker-9:4140868, MainThread:140046854821696> (requestor.py:_fetch_single_async:199 -> session.py:request:318) from logger `RFC.session_aiohttp`
[INFO] session requesting PapersCoolPaperPage(venue_NeurIPS.2023).PapersCoolPaperKimiSection(venue_NeurIPS.2023_=ePkLqJh5kw@OpenReview)

2024-04-04 00:11:15,270 <requestor-worker-9:4140868, MainThread:140046854821696> (requestor.py:_fetch_single_async:199 -> session.py:request:318) from logger `RFC.session_aiohttp`
[INFO] session requesting PapersCoolPaperPage(venue_CVPR.2023).PapersCoolPaperKimiSection(venue_CVPR.2023_=Yu_CelebV-Text_A_Large-Scale_Facial_Text-Video_Dataset@CVPR2023@CVF)

2024-04-04 00:11:15,273 <requestor-worker-9:4140868, MainThread:140046854821696> (requestor.py:_fetch_single_async:199 -> session.py:request:318) from logger `RFC.session_aiohttp`
[INFO] session requesting PapersCoolPaperPage(venue_EMNLP.2023).PapersCoolPaperKimiSection(venue_EMNLP.2023_=2023.emnlp-main.840@ACL)

2024-04-04 00:11:15,276 <requestor-worker-9:4140868, MainThread:140046854821696> (requestor.py:_fetch_single_async:199 -> session.py:request:318) from logger `RFC.session_aiohttp`
[INFO] session requesting PapersCoolPaperPage(venue_ICCV.2023).PapersCoolPaperKimiSection(venue_ICCV.2023_=Lu_A_Large-Scale_Outdoor_Multi-Modal_Dataset_and_Benchmark_for_Novel_View@ICCV2023@CVF)

2024-04-04 00:11:15,280 <requestor-worker-9:4140868, MainThread:140046854821696> (requestor.py:_fetch_single_async:199 -> session.py:request:318) from logger `RFC.session_aiohttp`
[INFO] session requesting PapersCoolPaperPage(venue_ACL.2023).PapersCoolPaperKimiSection(venue_ACL.2023_=2023.acl-industry.15@ACL)

2024-04-04 00:11:15,283 <requestor-worker-9:4140868, MainThread:140046854821696> (requestor.py:_fetch_single_async:199 -> session.py:request:318) from logger `RFC.session_aiohttp`
[INFO] session requesting PapersCoolPaperPage(venue_NeurIPS.2022).PapersCoolPaperKimiSection(venue_NeurIPS.2022_=ttC9p-CtYT@OpenReview)

2024-04-04 00:11:15,291 <requestor-worker-9:4140868, MainThread:140046854821696> (requestor.py:_fetch_single_async:199 -> session.py:request:318) from logger `RFC.session_aiohttp`
[INFO] session requesting PapersCoolPaperPage(venue_NeurIPS.2022).PapersCoolPaperKimiSection(venue_NeurIPS.2022_=2xfJ26BuFP@OpenReview)

2024-04-04 00:11:15,295 <requestor-worker-9:4140868, MainThread:140046854821696> (requestor.py:_fetch_single_async:199 -> session.py:request:318) from logger `RFC.session_aiohttp`
[INFO] session requesting PapersCoolPaperPage(venue_CVPR.2021).PapersCoolPaperKimiSection(venue_CVPR.2021_=Zhu_Complementary_Relation_Contrastive_Distillation@CVPR2021@CVF)

2024-04-04 00:11:15,299 <requestor-worker-9:4140868, MainThread:140046854821696> (requestor.py:_fetch_single_async:199 -> session.py:request:318) from logger `RFC.session_aiohttp`
[INFO] session requesting PapersCoolPaperPage(venue_NeurIPS.2023).PapersCoolPaperKimiSection(venue_NeurIPS.2023_=bt7pQ7o7zG@OpenReview)

2024-04-04 00:11:15,302 <requestor-worker-9:4140868, MainThread:140046854821696> (requestor.py:_fetch_single_async:199 -> session.py:request:318) from logger `RFC.session_aiohttp`
[INFO] session requesting PapersCoolPaperPage(venue_NeurIPS.2022).PapersCoolPaperKimiSection(venue_NeurIPS.2022_=jglXPY6gH-1@OpenReview)

2024-04-04 00:11:15,305 <requestor-worker-9:4140868, MainThread:140046854821696> (requestor.py:_fetch_single_async:199 -> session.py:request:318) from logger `RFC.session_aiohttp`
[INFO] session requesting PapersCoolPaperPage(venue_NeurIPS.2023).PapersCoolPaperKimiSection(venue_NeurIPS.2023_=dLmDPVv19z@OpenReview)

2024-04-04 00:11:15,308 <requestor-worker-9:4140868, MainThread:140046854821696> (requestor.py:_fetch_single_async:199 -> session.py:request:318) from logger `RFC.session_aiohttp`
[INFO] session requesting PapersCoolPaperPage(venue_CVPR.2023).PapersCoolPaperKimiSection(venue_CVPR.2023_=Yu_Learning_Procedure-Aware_Video_Representation_From_Instructional_Videos_and_Their_Narrations@CVPR2023@CVF)

2024-04-04 00:11:15,823 <requestor-worker-9:4140868, MainThread:140046854821696> (requestor.py:_fetch_single_async:199 -> session.py:request:318) from logger `RFC.session_aiohttp`
[INFO] session requesting PapersCoolPaperPage(venue_NeurIPS.2023).PapersCoolPaperKimiSection(venue_NeurIPS.2023_=rXi13M3PKc@OpenReview)

2024-04-04 00:11:15,827 <requestor-worker-9:4140868, MainThread:140046854821696> (requestor.py:_fetch_single_async:199 -> session.py:request:318) from logger `RFC.session_aiohttp`
[INFO] session requesting PapersCoolPaperPage(venue_NeurIPS.2021).PapersCoolPaperKimiSection(venue_NeurIPS.2021_=ZdV8fv_7fPt@OpenReview)

2024-04-04 00:11:15,831 <requestor-worker-9:4140868, MainThread:140046854821696> (requestor.py:_fetch_single_async:199 -> session.py:request:318) from logger `RFC.session_aiohttp`
[INFO] session requesting PapersCoolPaperPage(venue_ACL.2022).PapersCoolPaperKimiSection(venue_ACL.2022_=2022.acl-long.98@ACL)

2024-04-04 00:11:15,835 <requestor-worker-9:4140868, MainThread:140046854821696> (requestor.py:_fetch_single_async:199 -> session.py:request:318) from logger `RFC.session_aiohttp`
[INFO] session requesting PapersCoolPaperPage(venue_CVPR.2021).PapersCoolPaperKimiSection(venue_CVPR.2021_=Zhu_Learning_Neural_Representation_of_Camera_Pose_with_Matrix_Representation_of@CVPR2021@CVF)

2024-04-04 00:11:15,839 <requestor-worker-9:4140868, MainThread:140046854821696> (requestor.py:_fetch_single_async:199 -> session.py:request:318) from logger `RFC.session_aiohttp`
[INFO] session requesting PapersCoolPaperPage(venue_ICCV.2023).PapersCoolPaperKimiSection(venue_ICCV.2023_=Xu_Multi-Task_Learning_with_Knowledge_Distillation_for_Dense_Prediction@ICCV2023@CVF)

2024-04-04 00:11:15,845 <requestor-worker-9:4140868, MainThread:140046854821696> (requestor.py:_fetch_single_async:199 -> session.py:request:318) from logger `RFC.session_aiohttp`
[INFO] session requesting PapersCoolPaperPage(venue_NeurIPS.2022).PapersCoolPaperKimiSection(venue_NeurIPS.2022_=VVCI8-PYYv@OpenReview)

2024-04-04 00:11:15,852 <requestor-worker-9:4140868, MainThread:140046854821696> (requestor.py:_fetch_single_async:199 -> session.py:request:318) from logger `RFC.session_aiohttp`
[INFO] session requesting PapersCoolPaperPage(venue_NeurIPS.2021).PapersCoolPaperKimiSection(venue_NeurIPS.2021_=e5RK939Zz1S@OpenReview)

2024-04-04 00:11:15,856 <requestor-worker-9:4140868, MainThread:140046854821696> (requestor.py:_fetch_single_async:199 -> session.py:request:318) from logger `RFC.session_aiohttp`
[INFO] session requesting PapersCoolPaperPage(venue_NeurIPS.2023).PapersCoolPaperKimiSection(venue_NeurIPS.2023_=HuG4eOFLO9@OpenReview)

2024-04-04 00:11:15,861 <requestor-worker-9:4140868, MainThread:140046854821696> (requestor.py:_fetch_single_async:199 -> session.py:request:318) from logger `RFC.session_aiohttp`
[INFO] session requesting PapersCoolPaperPage(venue_CVPR.2022).PapersCoolPaperKimiSection(venue_CVPR.2022_=Fu_Sequential_Voting_With_Relational_Box_Fields_for_Active_Object_Detection@CVPR2022@CVF)

2024-04-04 00:11:16,960 <requestor-worker-9:4140868, MainThread:140046854821696> (requestor.py:_fetch_single_async:199 -> session.py:request:318) from logger `RFC.session_aiohttp`
[INFO] session requesting PapersCoolPaperPage(venue_ACL.2023).PapersCoolPaperKimiSection(venue_ACL.2023_=2023.acl-long.720@ACL)

2024-04-04 00:11:16,965 <requestor-worker-9:4140868, MainThread:140046854821696> (requestor.py:_fetch_single_async:199 -> session.py:request:318) from logger `RFC.session_aiohttp`
[INFO] session requesting PapersCoolPaperPage(venue_ACL.2022).PapersCoolPaperKimiSection(venue_ACL.2022_=2022.acl-long.114@ACL)

2024-04-04 00:11:16,987 <requestor-worker-9:4140868, MainThread:140046854821696> (requestor.py:_fetch_single_async:199 -> session.py:request:318) from logger `RFC.session_aiohttp`
[INFO] session requesting PapersCoolPaperPage(venue_ACL.2023).PapersCoolPaperKimiSection(venue_ACL.2023_=2023.acl-industry.54@ACL)

2024-04-04 00:11:16,993 <requestor-worker-9:4140868, MainThread:140046854821696> (requestor.py:_fetch_single_async:199 -> session.py:request:318) from logger `RFC.session_aiohttp`
[INFO] session requesting PapersCoolPaperPage(venue_EMNLP.2023).PapersCoolPaperKimiSection(venue_EMNLP.2023_=2023.emnlp-main.911@ACL)

2024-04-04 00:11:17,001 <requestor-worker-9:4140868, MainThread:140046854821696> (requestor.py:_fetch_single_async:199 -> session.py:request:318) from logger `RFC.session_aiohttp`
[INFO] session requesting PapersCoolPaperPage(venue_NeurIPS.2022).PapersCoolPaperKimiSection(venue_NeurIPS.2022_=6avZnPpk7m9@OpenReview)

2024-04-04 00:11:17,008 <requestor-worker-9:4140868, MainThread:140046854821696> (requestor.py:_fetch_single_async:199 -> session.py:request:318) from logger `RFC.session_aiohttp`
[INFO] session requesting PapersCoolPaperPage(venue_NeurIPS.2022).PapersCoolPaperKimiSection(venue_NeurIPS.2022_=uP9RiC4uVcR@OpenReview)

2024-04-04 00:11:17,014 <requestor-worker-9:4140868, MainThread:140046854821696> (requestor.py:_fetch_single_async:199 -> session.py:request:318) from logger `RFC.session_aiohttp`
[INFO] session requesting PapersCoolPaperPage(venue_NeurIPS.2023).PapersCoolPaperKimiSection(venue_NeurIPS.2023_=G560qr59Gi@OpenReview)

2024-04-04 00:11:17,021 <requestor-worker-9:4140868, MainThread:140046854821696> (requestor.py:_fetch_single_async:199 -> session.py:request:318) from logger `RFC.session_aiohttp`
[INFO] session requesting PapersCoolPaperPage(venue_ICCV.2023).PapersCoolPaperKimiSection(venue_ICCV.2023_=Liu_Learning_to_Upsample_by_Learning_to_Sample@ICCV2023@CVF)

2024-04-04 00:11:17,025 <requestor-worker-9:4140868, MainThread:140046854821696> (requestor.py:_fetch_single_async:199 -> session.py:request:318) from logger `RFC.session_aiohttp`
[INFO] session requesting PapersCoolPaperPage(venue_CVPR.2021).PapersCoolPaperKimiSection(venue_CVPR.2021_=Tian_Farewell_to_Mutual_Information_Variational_Distillation_for_Cross-Modal_Person_Re-Identification@CVPR2021@CVF)

2024-04-04 00:11:17,027 <requestor-worker-9:4140868, MainThread:140046854821696> (requestor.py:_fetch_single_async:199 -> session.py:request:318) from logger `RFC.session_aiohttp`
[INFO] session requesting PapersCoolPaperPage(venue_ACL.2023).PapersCoolPaperKimiSection(venue_ACL.2023_=2023.acl-long.719@ACL)

2024-04-04 00:11:17,029 <requestor-worker-9:4140868, MainThread:140046854821696> (requestor.py:_fetch_single_async:199 -> session.py:request:318) from logger `RFC.session_aiohttp`
[INFO] session requesting PapersCoolPaperPage(venue_EMNLP.2023).PapersCoolPaperKimiSection(venue_EMNLP.2023_=2023.emnlp-main.915@ACL)

2024-04-04 00:11:17,042 <requestor-worker-9:4140868, MainThread:140046854821696> (requestor.py:_fetch_single_async:199 -> session.py:request:318) from logger `RFC.session_aiohttp`
[INFO] session requesting PapersCoolPaperPage(venue_CVPR.2022).PapersCoolPaperKimiSection(venue_CVPR.2022_=Fei_DeeCap_Dynamic_Early_Exiting_for_Efficient_Image_Captioning@CVPR2022@CVF)

2024-04-04 00:11:17,044 <requestor-worker-9:4140868, MainThread:140046854821696> (requestor.py:_fetch_single_async:199 -> session.py:request:318) from logger `RFC.session_aiohttp`
[INFO] session requesting PapersCoolPaperPage(venue_ACL.2022).PapersCoolPaperKimiSection(venue_ACL.2022_=2022.acl-long.118@ACL)

2024-04-04 00:11:17,051 <requestor-worker-9:4140868, MainThread:140046854821696> (requestor.py:_fetch_single_async:199 -> session.py:request:318) from logger `RFC.session_aiohttp`
[INFO] session requesting PapersCoolPaperPage(venue_ICML.2021).PapersCoolPaperKimiSection(venue_ICML.2021_=wang21o@v139@PMLR)

2024-04-04 00:11:17,585 <requestor-worker-9:4140868, MainThread:140046854821696> (requestor.py:_fetch_single_async:199 -> session.py:request:318) from logger `RFC.session_aiohttp`
[INFO] session requesting PapersCoolPaperPage(venue_NeurIPS.2023).PapersCoolPaperKimiSection(venue_NeurIPS.2023_=NKdtztladR@OpenReview)

2024-04-04 00:11:17,588 <requestor-worker-9:4140868, MainThread:140046854821696> (requestor.py:_fetch_single_async:199 -> session.py:request:318) from logger `RFC.session_aiohttp`
[INFO] session requesting PapersCoolPaperPage(venue_NeurIPS.2023).PapersCoolPaperKimiSection(venue_NeurIPS.2023_=NJK3aSB0z4@OpenReview)

2024-04-04 00:11:17,591 <requestor-worker-9:4140868, MainThread:140046854821696> (requestor.py:_fetch_single_async:199 -> session.py:request:318) from logger `RFC.session_aiohttp`
[INFO] session requesting PapersCoolPaperPage(venue_NeurIPS.2022).PapersCoolPaperKimiSection(venue_NeurIPS.2022_=UmFSx2c4ubT@OpenReview)

2024-04-04 00:11:17,594 <requestor-worker-9:4140868, MainThread:140046854821696> (requestor.py:_fetch_single_async:199 -> session.py:request:318) from logger `RFC.session_aiohttp`
[INFO] session requesting PapersCoolPaperPage(venue_NeurIPS.2022).PapersCoolPaperKimiSection(venue_NeurIPS.2022_=DdxNka9tMRd@OpenReview)

2024-04-04 00:11:17,597 <requestor-worker-9:4140868, MainThread:140046854821696> (requestor.py:_fetch_single_async:199 -> session.py:request:318) from logger `RFC.session_aiohttp`
[INFO] session requesting PapersCoolPaperPage(venue_NeurIPS.2022).PapersCoolPaperKimiSection(venue_NeurIPS.2022_=7TleYo6Tmlo@OpenReview)

2024-04-04 00:11:17,600 <requestor-worker-9:4140868, MainThread:140046854821696> (requestor.py:_fetch_single_async:199 -> session.py:request:318) from logger `RFC.session_aiohttp`
[INFO] session requesting PapersCoolPaperPage(venue_ACL.2022).PapersCoolPaperKimiSection(venue_ACL.2022_=2022.acl-long.142@ACL)

2024-04-04 00:11:17,602 <requestor-worker-9:4140868, MainThread:140046854821696> (requestor.py:_fetch_single_async:199 -> session.py:request:318) from logger `RFC.session_aiohttp`
[INFO] session requesting PapersCoolPaperPage(venue_NeurIPS.2022).PapersCoolPaperKimiSection(venue_NeurIPS.2022_=kUnHCGiILeU@OpenReview)

2024-04-04 00:11:17,605 <requestor-worker-9:4140868, MainThread:140046854821696> (requestor.py:_fetch_single_async:199 -> session.py:request:318) from logger `RFC.session_aiohttp`
[INFO] session requesting PapersCoolPaperPage(venue_ACL.2023).PapersCoolPaperKimiSection(venue_ACL.2023_=2023.acl-tutorials.1@ACL)

2024-04-04 00:11:17,607 <requestor-worker-9:4140868, MainThread:140046854821696> (requestor.py:_fetch_single_async:199 -> session.py:request:318) from logger `RFC.session_aiohttp`
[INFO] session requesting PapersCoolPaperPage(venue_NeurIPS.2022).PapersCoolPaperKimiSection(venue_NeurIPS.2022_=YxUdazpgweG@OpenReview)

2024-04-04 00:11:17,610 <requestor-worker-9:4140868, MainThread:140046854821696> (requestor.py:_fetch_single_async:199 -> session.py:request:318) from logger `RFC.session_aiohttp`
[INFO] session requesting PapersCoolPaperPage(venue_ICCV.2023).PapersCoolPaperKimiSection(venue_ICCV.2023_=Zhang_Decoupled_DETR_Spatially_Disentangling_Localization_and_Classification_for_Improved_End-to-End@ICCV2023@CVF)

2024-04-04 00:11:19,181 <requestor-worker-9:4140868, MainThread:140046854821696> (requestor.py:_fetch_single_async:199 -> session.py:request:318) from logger `RFC.session_aiohttp`
[INFO] session requesting PapersCoolPaperPage(venue_NeurIPS.2023).PapersCoolPaperKimiSection(venue_NeurIPS.2023_=oqDSDKLd3S@OpenReview)

2024-04-04 00:11:19,183 <requestor-worker-9:4140868, MainThread:140046854821696> (requestor.py:_fetch_single_async:199 -> session.py:request:318) from logger `RFC.session_aiohttp`
[INFO] session requesting PapersCoolPaperPage(venue_ACL.2023).PapersCoolPaperKimiSection(venue_ACL.2023_=2023.acl-long.679@ACL)

2024-04-04 00:11:19,202 <requestor-worker-9:4140868, MainThread:140046854821696> (requestor.py:_fetch_single_async:199 -> session.py:request:318) from logger `RFC.session_aiohttp`
[INFO] session requesting PapersCoolPaperPage(venue_NeurIPS.2023).PapersCoolPaperKimiSection(venue_NeurIPS.2023_=qS9aHF8bXz@OpenReview)

2024-04-04 00:11:19,205 <requestor-worker-9:4140868, MainThread:140046854821696> (requestor.py:_fetch_single_async:199 -> session.py:request:318) from logger `RFC.session_aiohttp`
[INFO] session requesting PapersCoolPaperPage(venue_NeurIPS.2022).PapersCoolPaperKimiSection(venue_NeurIPS.2022_=FlWdTyUznCc@OpenReview)

2024-04-04 00:11:19,209 <requestor-worker-9:4140868, MainThread:140046854821696> (requestor.py:_fetch_single_async:199 -> session.py:request:318) from logger `RFC.session_aiohttp`
[INFO] session requesting PapersCoolPaperPage(venue_CVPR.2022).PapersCoolPaperKimiSection(venue_CVPR.2022_=Tseng_Automatic_Synthesis_of_Diverse_Weak_Supervision_Sources_for_Behavior_Analysis@CVPR2022@CVF)

2024-04-04 00:11:19,214 <requestor-worker-9:4140868, MainThread:140046854821696> (requestor.py:_fetch_single_async:199 -> session.py:request:318) from logger `RFC.session_aiohttp`
[INFO] session requesting PapersCoolPaperPage(venue_NeurIPS.2023).PapersCoolPaperKimiSection(venue_NeurIPS.2023_=mookk2nLO9@OpenReview)

2024-04-04 00:11:19,236 <requestor-worker-9:4140868, MainThread:140046854821696> (requestor.py:_fetch_single_async:199 -> session.py:request:318) from logger `RFC.session_aiohttp`
[INFO] session requesting PapersCoolPaperPage(venue_ACL.2023).PapersCoolPaperKimiSection(venue_ACL.2023_=2023.acl-long.676@ACL)

2024-04-04 00:11:19,238 <requestor-worker-9:4140868, MainThread:140046854821696> (requestor.py:_fetch_single_async:199 -> session.py:request:318) from logger `RFC.session_aiohttp`
[INFO] session requesting PapersCoolPaperPage(venue_NeurIPS.2022).PapersCoolPaperKimiSection(venue_NeurIPS.2022_=dMK7EwoTYp@OpenReview)

2024-04-04 00:11:19,241 <requestor-worker-9:4140868, MainThread:140046854821696> (requestor.py:_fetch_single_async:199 -> session.py:request:318) from logger `RFC.session_aiohttp`
[INFO] session requesting PapersCoolPaperPage(venue_CVPR.2022).PapersCoolPaperKimiSection(venue_CVPR.2022_=Truong_DirecFormer_A_Directed_Attention_in_Transformer_Approach_to_Robust_Action@CVPR2022@CVF)

2024-04-04 00:11:19,245 <requestor-worker-9:4140868, MainThread:140046854821696> (requestor.py:_fetch_single_async:199 -> session.py:request:318) from logger `RFC.session_aiohttp`
[INFO] session requesting PapersCoolPaperPage(venue_NeurIPS.2023).PapersCoolPaperKimiSection(venue_NeurIPS.2023_=loixpHDZKj@OpenReview)

2024-04-04 00:11:19,248 <requestor-worker-9:4140868, MainThread:140046854821696> (requestor.py:_fetch_single_async:199 -> session.py:request:318) from logger `RFC.session_aiohttp`
[INFO] session requesting PapersCoolPaperPage(venue_CVPR.2022).PapersCoolPaperKimiSection(venue_CVPR.2022_=Xiao_Hierarchical_Self-Supervised_Representation_Learning_for_Movie_Understanding@CVPR2022@CVF)

2024-04-04 00:11:19,252 <requestor-worker-9:4140868, MainThread:140046854821696> (requestor.py:_fetch_single_async:199 -> session.py:request:318) from logger `RFC.session_aiohttp`
[INFO] session requesting PapersCoolPaperPage(venue_CVPR.2022).PapersCoolPaperKimiSection(venue_CVPR.2022_=Jourabloo_Robust_Egocentric_Photo-Realistic_Facial_Expression_Transfer_for_Virtual_Reality@CVPR2022@CVF)

2024-04-04 00:11:19,256 <requestor-worker-9:4140868, MainThread:140046854821696> (requestor.py:_fetch_single_async:199 -> session.py:request:318) from logger `RFC.session_aiohttp`
[INFO] session requesting PapersCoolPaperPage(venue_CVPR.2022).PapersCoolPaperKimiSection(venue_CVPR.2022_=Yamada_Does_Robustness_on_ImageNet_Transfer_to_Downstream_Tasks@CVPR2022@CVF)

2024-04-04 00:11:19,260 <requestor-worker-9:4140868, MainThread:140046854821696> (requestor.py:_fetch_single_async:199 -> session.py:request:318) from logger `RFC.session_aiohttp`
[INFO] session requesting PapersCoolPaperPage(venue_NeurIPS.2022).PapersCoolPaperKimiSection(venue_NeurIPS.2022_=8li9SYYY3eQ@OpenReview)

2024-04-04 00:11:19,883 <requestor-worker-9:4140868, MainThread:140046854821696> (requestor.py:_fetch_single_async:199 -> session.py:request:318) from logger `RFC.session_aiohttp`
[INFO] session requesting PapersCoolPaperPage(venue_ACL.2023).PapersCoolPaperKimiSection(venue_ACL.2023_=2023.acl-long.659@ACL)

2024-04-04 00:11:19,886 <requestor-worker-9:4140868, MainThread:140046854821696> (requestor.py:_fetch_single_async:199 -> session.py:request:318) from logger `RFC.session_aiohttp`
[INFO] session requesting PapersCoolPaperPage(venue_ICML.2022).PapersCoolPaperKimiSection(venue_ICML.2022_=zhao22b@v162@PMLR)

2024-04-04 00:11:19,889 <requestor-worker-9:4140868, MainThread:140046854821696> (requestor.py:_fetch_single_async:199 -> session.py:request:318) from logger `RFC.session_aiohttp`
[INFO] session requesting PapersCoolPaperPage(venue_NeurIPS.2021).PapersCoolPaperKimiSection(venue_NeurIPS.2021_=Q_64PF6XNut@OpenReview)

2024-04-04 00:11:19,890 <requestor-worker-9:4140868, MainThread:140046854821696> (requestor.py:_fetch_single_async:199 -> session.py:request:318) from logger `RFC.session_aiohttp`
[INFO] session requesting PapersCoolPaperPage(venue_NeurIPS.2023).PapersCoolPaperKimiSection(venue_NeurIPS.2023_=AwhpBEqmyo@OpenReview)

2024-04-04 00:11:19,892 <requestor-worker-9:4140868, MainThread:140046854821696> (requestor.py:_fetch_single_async:199 -> session.py:request:318) from logger `RFC.session_aiohttp`
[INFO] session requesting PapersCoolPaperPage(venue_ICCV.2021).PapersCoolPaperKimiSection(venue_ICCV.2021_=Chen_Variational_Attention_Propagating_Domain-Specific_Knowledge_for_Multi-Domain_Learning_in_Crowd@ICCV2021@CVF)

2024-04-04 00:11:19,894 <requestor-worker-9:4140868, MainThread:140046854821696> (requestor.py:_fetch_single_async:199 -> session.py:request:318) from logger `RFC.session_aiohttp`
[INFO] session requesting PapersCoolPaperPage(venue_NeurIPS.2021).PapersCoolPaperKimiSection(venue_NeurIPS.2021_=MwFdqFRxIF0@OpenReview)

2024-04-04 00:11:19,895 <requestor-worker-9:4140868, MainThread:140046854821696> (requestor.py:_fetch_single_async:199 -> session.py:request:318) from logger `RFC.session_aiohttp`
[INFO] session requesting PapersCoolPaperPage(venue_ICCV.2021).PapersCoolPaperKimiSection(venue_ICCV.2021_=Hou_Pri3D_Can_3D_Priors_Help_2D_Representation_Learning@ICCV2021@CVF)

2024-04-04 00:11:19,897 <requestor-worker-9:4140868, MainThread:140046854821696> (requestor.py:_fetch_single_async:199 -> session.py:request:318) from logger `RFC.session_aiohttp`
[INFO] session requesting PapersCoolPaperPage(venue_ICML.2021).PapersCoolPaperKimiSection(venue_ICML.2021_=ambrogioni21a@v139@PMLR)

2024-04-04 00:11:19,918 <requestor-worker-9:4140868, MainThread:140046854821696> (requestor.py:_fetch_single_async:199 -> session.py:request:318) from logger `RFC.session_aiohttp`
[INFO] session requesting PapersCoolPaperPage(venue_EMNLP.2023).PapersCoolPaperKimiSection(venue_EMNLP.2023_=2023.emnlp-main.1008@ACL)

2024-04-04 00:11:19,922 <requestor-worker-9:4140868, MainThread:140046854821696> (requestor.py:_fetch_single_async:199 -> session.py:request:318) from logger `RFC.session_aiohttp`
[INFO] session requesting PapersCoolPaperPage(venue_EMNLP.2022).PapersCoolPaperKimiSection(venue_EMNLP.2022_=2022.emnlp-main.262@ACL)

2024-04-04 00:11:20,658 <requestor-worker-9:4140868, MainThread:140046854821696> (requestor.py:_fetch_single_async:199 -> session.py:request:318) from logger `RFC.session_aiohttp`
[INFO] session requesting PapersCoolPaperPage(venue_ICML.2022).PapersCoolPaperKimiSection(venue_ICML.2022_=nagel22a@v162@PMLR)

2024-04-04 00:11:20,669 <requestor-worker-9:4140868, MainThread:140046854821696> (requestor.py:_fetch_single_async:199 -> session.py:request:318) from logger `RFC.session_aiohttp`
[INFO] session requesting PapersCoolPaperPage(venue_NeurIPS.2023).PapersCoolPaperKimiSection(venue_NeurIPS.2023_=KoQgA0coZ9@OpenReview)

2024-04-04 00:11:20,676 <requestor-worker-9:4140868, MainThread:140046854821696> (requestor.py:_fetch_single_async:199 -> session.py:request:318) from logger `RFC.session_aiohttp`
[INFO] session requesting PapersCoolPaperPage(venue_ACL.2023).PapersCoolPaperKimiSection(venue_ACL.2023_=2023.acl-long.642@ACL)

2024-04-04 00:11:20,685 <requestor-worker-9:4140868, MainThread:140046854821696> (requestor.py:_fetch_single_async:199 -> session.py:request:318) from logger `RFC.session_aiohttp`
[INFO] session requesting PapersCoolPaperPage(venue_CVPR.2023).PapersCoolPaperKimiSection(venue_CVPR.2023_=Wang_Pixels_Regions_and_Objects_Multiple_Enhancement_for_Salient_Object_Detection@CVPR2023@CVF)

2024-04-04 00:11:20,689 <requestor-worker-9:4140868, MainThread:140046854821696> (requestor.py:_fetch_single_async:199 -> session.py:request:318) from logger `RFC.session_aiohttp`
[INFO] session requesting PapersCoolPaperPage(venue_EMNLP.2021).PapersCoolPaperKimiSection(venue_EMNLP.2021_=2021.emnlp-main.91@ACL)

2024-04-04 00:11:20,692 <requestor-worker-9:4140868, MainThread:140046854821696> (requestor.py:_fetch_single_async:199 -> session.py:request:318) from logger `RFC.session_aiohttp`
[INFO] session requesting PapersCoolPaperPage(venue_NeurIPS.2022).PapersCoolPaperKimiSection(venue_NeurIPS.2022_=KSioDlJiUaz@OpenReview)

2024-04-04 00:11:20,698 <requestor-worker-9:4140868, MainThread:140046854821696> (requestor.py:_fetch_single_async:199 -> session.py:request:318) from logger `RFC.session_aiohttp`
[INFO] session requesting PapersCoolPaperPage(venue_NeurIPS.2022).PapersCoolPaperKimiSection(venue_NeurIPS.2022_=JGLW4DvX11F@OpenReview)

2024-04-04 00:11:20,699 <requestor-worker-9:4140868, MainThread:140046854821696> (requestor.py:_fetch_single_async:199 -> session.py:request:318) from logger `RFC.session_aiohttp`
[INFO] session requesting PapersCoolPaperPage(venue_NeurIPS.2023).PapersCoolPaperKimiSection(venue_NeurIPS.2023_=J6Niv3yrMq@OpenReview)

2024-04-04 00:11:20,701 <requestor-worker-9:4140868, MainThread:140046854821696> (requestor.py:_fetch_single_async:199 -> session.py:request:318) from logger `RFC.session_aiohttp`
[INFO] session requesting PapersCoolPaperPage(venue_NeurIPS.2021).PapersCoolPaperKimiSection(venue_NeurIPS.2021_=8p46f7pYckL@OpenReview)

2024-04-04 00:11:20,702 <requestor-worker-9:4140868, MainThread:140046854821696> (requestor.py:_fetch_single_async:199 -> session.py:request:318) from logger `RFC.session_aiohttp`
[INFO] session requesting PapersCoolPaperPage(venue_ACL.2022).PapersCoolPaperKimiSection(venue_ACL.2022_=2022.acl-long.199@ACL)

2024-04-04 00:11:20,704 <requestor-worker-9:4140868, MainThread:140046854821696> (requestor.py:_fetch_single_async:199 -> session.py:request:318) from logger `RFC.session_aiohttp`
[INFO] session requesting PapersCoolPaperPage(venue_ACL.2023).PapersCoolPaperKimiSection(venue_ACL.2023_=2023.findings-acl.53@ACL)

2024-04-04 00:11:20,706 <requestor-worker-9:4140868, MainThread:140046854821696> (requestor.py:_fetch_single_async:199 -> session.py:request:318) from logger `RFC.session_aiohttp`
[INFO] session requesting PapersCoolPaperPage(venue_EMNLP.2021).PapersCoolPaperKimiSection(venue_EMNLP.2021_=2021.emnlp-main.92@ACL)

2024-04-04 00:11:20,707 <requestor-worker-9:4140868, MainThread:140046854821696> (requestor.py:_fetch_single_async:199 -> session.py:request:318) from logger `RFC.session_aiohttp`
[INFO] session requesting PapersCoolPaperPage(venue_NeurIPS.2022).PapersCoolPaperKimiSection(venue_NeurIPS.2022_=dLL4KXzKUpS@OpenReview)

2024-04-04 00:11:20,718 <requestor-worker-9:4140868, MainThread:140046854821696> (requestor.py:_fetch_single_async:199 -> session.py:request:318) from logger `RFC.session_aiohttp`
[INFO] session requesting PapersCoolPaperPage(venue_NeurIPS.2023).PapersCoolPaperKimiSection(venue_NeurIPS.2023_=EqpR9Vtt13@OpenReview)

2024-04-04 00:11:21,248 <requestor-worker-9:4140868, MainThread:140046854821696> (requestor.py:_fetch_single_async:199 -> session.py:request:318) from logger `RFC.session_aiohttp`
[INFO] session requesting PapersCoolPaperPage(venue_ACL.2023).PapersCoolPaperKimiSection(venue_ACL.2023_=2023.acl-long.628@ACL)

2024-04-04 00:11:21,253 <requestor-worker-9:4140868, MainThread:140046854821696> (requestor.py:_fetch_single_async:199 -> session.py:request:318) from logger `RFC.session_aiohttp`
[INFO] session requesting PapersCoolPaperPage(venue_NeurIPS.2022).PapersCoolPaperKimiSection(venue_NeurIPS.2022_=JyXuBiBTR6m@OpenReview)

2024-04-04 00:11:21,256 <requestor-worker-9:4140868, MainThread:140046854821696> (requestor.py:_fetch_single_async:199 -> session.py:request:318) from logger `RFC.session_aiohttp`
[INFO] session requesting PapersCoolPaperPage(venue_CVPR.2023).PapersCoolPaperKimiSection(venue_CVPR.2023_=Zhang_Quantum-Inspired_Spectral-Spatial_Pyramid_Network_for_Hyperspectral_Image_Classification@CVPR2023@CVF)

2024-04-04 00:11:21,260 <requestor-worker-9:4140868, MainThread:140046854821696> (requestor.py:_fetch_single_async:199 -> session.py:request:318) from logger `RFC.session_aiohttp`
[INFO] session requesting PapersCoolPaperPage(venue_NeurIPS.2023).PapersCoolPaperKimiSection(venue_NeurIPS.2023_=SHyVaWGTO4@OpenReview)

2024-04-04 00:11:21,264 <requestor-worker-9:4140868, MainThread:140046854821696> (requestor.py:_fetch_single_async:199 -> session.py:request:318) from logger `RFC.session_aiohttp`
[INFO] session requesting PapersCoolPaperPage(venue_NeurIPS.2022).PapersCoolPaperKimiSection(venue_NeurIPS.2022_=3MZnNARib5@OpenReview)

2024-04-04 00:11:21,268 <requestor-worker-9:4140868, MainThread:140046854821696> (requestor.py:_fetch_single_async:199 -> session.py:request:318) from logger `RFC.session_aiohttp`
[INFO] session requesting PapersCoolPaperPage(venue_CVPR.2023).PapersCoolPaperKimiSection(venue_CVPR.2023_=Liu_Class_Adaptive_Network_Calibration@CVPR2023@CVF)

2024-04-04 00:11:21,273 <requestor-worker-9:4140868, MainThread:140046854821696> (requestor.py:_fetch_single_async:199 -> session.py:request:318) from logger `RFC.session_aiohttp`
[INFO] session requesting PapersCoolPaperPage(venue_ACL.2023).PapersCoolPaperKimiSection(venue_ACL.2023_=2023.acl-long.627@ACL)

2024-04-04 00:11:21,279 <requestor-worker-9:4140868, MainThread:140046854821696> (requestor.py:_fetch_single_async:199 -> session.py:request:318) from logger `RFC.session_aiohttp`
[INFO] session requesting PapersCoolPaperPage(venue_NeurIPS.2023).PapersCoolPaperKimiSection(venue_NeurIPS.2023_=PaSpImjKm2@OpenReview)

2024-04-04 00:11:21,284 <requestor-worker-9:4140868, MainThread:140046854821696> (requestor.py:_fetch_single_async:199 -> session.py:request:318) from logger `RFC.session_aiohttp`
[INFO] session requesting PapersCoolPaperPage(venue_CVPR.2022).PapersCoolPaperKimiSection(venue_CVPR.2022_=Peebles_GAN-Supervised_Dense_Visual_Alignment@CVPR2022@CVF)

2024-04-04 00:11:21,291 <requestor-worker-9:4140868, MainThread:140046854821696> (requestor.py:_fetch_single_async:199 -> session.py:request:318) from logger `RFC.session_aiohttp`
[INFO] session requesting PapersCoolPaperPage(venue_NeurIPS.2022).PapersCoolPaperKimiSection(venue_NeurIPS.2022_=pkfpkWU536D@OpenReview)

2024-04-04 00:11:22,214 <requestor-worker-9:4140868, MainThread:140046854821696> (requestor.py:_fetch_single_async:199 -> session.py:request:318) from logger `RFC.session_aiohttp`
[INFO] session requesting PapersCoolPaperPage(venue_NeurIPS.2023).PapersCoolPaperKimiSection(venue_NeurIPS.2023_=k4ZCORSFEd@OpenReview)

2024-04-04 00:11:22,217 <requestor-worker-9:4140868, MainThread:140046854821696> (requestor.py:_fetch_single_async:199 -> session.py:request:318) from logger `RFC.session_aiohttp`
[INFO] session requesting PapersCoolPaperPage(venue_ACL.2023).PapersCoolPaperKimiSection(venue_ACL.2023_=2023.acl-long.610@ACL)

2024-04-04 00:11:22,222 <requestor-worker-9:4140868, MainThread:140046854821696> (requestor.py:_fetch_single_async:199 -> session.py:request:318) from logger `RFC.session_aiohttp`
[INFO] session requesting PapersCoolPaperPage(venue_NeurIPS.2022).PapersCoolPaperKimiSection(venue_NeurIPS.2022_=ocViyp73pFO@OpenReview)

2024-04-04 00:11:22,226 <requestor-worker-9:4140868, MainThread:140046854821696> (requestor.py:_fetch_single_async:199 -> session.py:request:318) from logger `RFC.session_aiohttp`
[INFO] session requesting PapersCoolPaperPage(venue_ACL.2022).PapersCoolPaperKimiSection(venue_ACL.2022_=2022.acl-long.227@ACL)

2024-04-04 00:11:22,231 <requestor-worker-9:4140868, MainThread:140046854821696> (requestor.py:_fetch_single_async:199 -> session.py:request:318) from logger `RFC.session_aiohttp`
[INFO] session requesting PapersCoolPaperPage(venue_ACL.2022).PapersCoolPaperKimiSection(venue_ACL.2022_=2022.acl-long.228@ACL)

2024-04-04 00:11:22,244 <requestor-worker-9:4140868, MainThread:140046854821696> (requestor.py:_fetch_single_async:199 -> session.py:request:318) from logger `RFC.session_aiohttp`
[INFO] session requesting PapersCoolPaperPage(venue_NeurIPS.2021).PapersCoolPaperKimiSection(venue_NeurIPS.2021_=Yu8Q6341U7W@OpenReview)

2024-04-04 00:11:22,258 <requestor-worker-9:4140868, MainThread:140046854821696> (requestor.py:_fetch_single_async:199 -> session.py:request:318) from logger `RFC.session_aiohttp`
[INFO] session requesting PapersCoolPaperPage(venue_NeurIPS.2023).PapersCoolPaperKimiSection(venue_NeurIPS.2023_=fwvfxDbUFw@OpenReview)

2024-04-04 00:11:22,262 <requestor-worker-9:4140868, MainThread:140046854821696> (requestor.py:_fetch_single_async:199 -> session.py:request:318) from logger `RFC.session_aiohttp`
[INFO] session requesting PapersCoolPaperPage(venue_ACL.2023).PapersCoolPaperKimiSection(venue_ACL.2023_=2023.acl-long.609@ACL)

2024-04-04 00:11:22,265 <requestor-worker-9:4140868, MainThread:140046854821696> (requestor.py:_fetch_single_async:199 -> session.py:request:318) from logger `RFC.session_aiohttp`
[INFO] session requesting PapersCoolPaperPage(venue_NeurIPS.2022).PapersCoolPaperKimiSection(venue_NeurIPS.2022_=hH9ohGbhyv@OpenReview)

2024-04-04 00:11:22,269 <requestor-worker-9:4140868, MainThread:140046854821696> (requestor.py:_fetch_single_async:199 -> session.py:request:318) from logger `RFC.session_aiohttp`
[INFO] session requesting PapersCoolPaperPage(venue_NeurIPS.2023).PapersCoolPaperKimiSection(venue_NeurIPS.2023_=ftPoVcm821@OpenReview)

2024-04-04 00:11:22,273 <requestor-worker-9:4140868, MainThread:140046854821696> (requestor.py:_fetch_single_async:199 -> session.py:request:318) from logger `RFC.session_aiohttp`
[INFO] session requesting PapersCoolPaperPage(venue_NeurIPS.2023).PapersCoolPaperKimiSection(venue_NeurIPS.2023_=znY173SCxu@OpenReview)

2024-04-04 00:11:22,276 <requestor-worker-9:4140868, MainThread:140046854821696> (requestor.py:_fetch_single_async:199 -> session.py:request:318) from logger `RFC.session_aiohttp`
[INFO] session requesting PapersCoolPaperPage(venue_ICCV.2021).PapersCoolPaperKimiSection(venue_ICCV.2021_=Lee_Learning_Action_Completeness_From_Points_for_Weakly-Supervised_Temporal_Action_Localization@ICCV2021@CVF)

2024-04-04 00:11:22,280 <requestor-worker-9:4140868, MainThread:140046854821696> (requestor.py:_fetch_single_async:199 -> session.py:request:318) from logger `RFC.session_aiohttp`
[INFO] session requesting PapersCoolPaperPage(venue_ACL.2022).PapersCoolPaperKimiSection(venue_ACL.2022_=2022.acl-long.230@ACL)

2024-04-04 00:11:22,283 <requestor-worker-9:4140868, MainThread:140046854821696> (requestor.py:_fetch_single_async:199 -> session.py:request:318) from logger `RFC.session_aiohttp`
[INFO] session requesting PapersCoolPaperPage(venue_NeurIPS.2023).PapersCoolPaperKimiSection(venue_NeurIPS.2023_=e7MK5Vq44Q@OpenReview)

2024-04-04 00:11:23,226 <requestor-worker-9:4140868, MainThread:140046854821696> (requestor.py:_fetch_single_async:199 -> session.py:request:318) from logger `RFC.session_aiohttp`
[INFO] session requesting PapersCoolPaperPage(venue_NeurIPS.2022).PapersCoolPaperKimiSection(venue_NeurIPS.2022_=QRp6viwPRaX@OpenReview)

2024-04-04 00:11:23,232 <requestor-worker-9:4140868, MainThread:140046854821696> (requestor.py:_fetch_single_async:199 -> session.py:request:318) from logger `RFC.session_aiohttp`
[INFO] session requesting PapersCoolPaperPage(venue_NeurIPS.2023).PapersCoolPaperKimiSection(venue_NeurIPS.2023_=l3HUgVHqGQ@OpenReview)

2024-04-04 00:11:23,240 <requestor-worker-9:4140868, MainThread:140046854821696> (requestor.py:_fetch_single_async:199 -> session.py:request:318) from logger `RFC.session_aiohttp`
[INFO] session requesting PapersCoolPaperPage(venue_NeurIPS.2023).PapersCoolPaperKimiSection(venue_NeurIPS.2023_=gUlcyeHzw1@OpenReview)

2024-04-04 00:11:23,249 <requestor-worker-9:4140868, MainThread:140046854821696> (requestor.py:_fetch_single_async:199 -> session.py:request:318) from logger `RFC.session_aiohttp`
[INFO] session requesting PapersCoolPaperPage(venue_NeurIPS.2023).PapersCoolPaperKimiSection(venue_NeurIPS.2023_=GTYaYNsFyv@OpenReview)

2024-04-04 00:11:23,257 <requestor-worker-9:4140868, MainThread:140046854821696> (requestor.py:_fetch_single_async:199 -> session.py:request:318) from logger `RFC.session_aiohttp`
[INFO] session requesting PapersCoolPaperPage(venue_CVPR.2022).PapersCoolPaperKimiSection(venue_CVPR.2022_=Zhu_Balanced_Contrastive_Learning_for_Long-Tailed_Visual_Recognition@CVPR2022@CVF)

2024-04-04 00:11:23,261 <requestor-worker-9:4140868, MainThread:140046854821696> (requestor.py:_fetch_single_async:199 -> session.py:request:318) from logger `RFC.session_aiohttp`
[INFO] session requesting PapersCoolPaperPage(venue_NeurIPS.2023).PapersCoolPaperKimiSection(venue_NeurIPS.2023_=ekMLUoC2sq@OpenReview)

2024-04-04 00:11:23,268 <requestor-worker-9:4140868, MainThread:140046854821696> (requestor.py:_fetch_single_async:199 -> session.py:request:318) from logger `RFC.session_aiohttp`
[INFO] session requesting PapersCoolPaperPage(venue_NeurIPS.2023).PapersCoolPaperKimiSection(venue_NeurIPS.2023_=INS3ltgjg7@OpenReview)

2024-04-04 00:11:23,290 <requestor-worker-9:4140868, MainThread:140046854821696> (requestor.py:_fetch_single_async:199 -> session.py:request:318) from logger `RFC.session_aiohttp`
[INFO] session requesting PapersCoolPaperPage(venue_CVPR.2022).PapersCoolPaperKimiSection(venue_CVPR.2022_=Meng_Slimmable_Domain_Adaptation@CVPR2022@CVF)

2024-04-04 00:11:23,293 <requestor-worker-9:4140868, MainThread:140046854821696> (requestor.py:_fetch_single_async:199 -> session.py:request:318) from logger `RFC.session_aiohttp`
[INFO] session requesting PapersCoolPaperPage(venue_ACL.2023).PapersCoolPaperKimiSection(venue_ACL.2023_=2023.acl-long.568@ACL)

2024-04-04 00:11:23,295 <requestor-worker-9:4140868, MainThread:140046854821696> (requestor.py:_fetch_single_async:199 -> session.py:request:318) from logger `RFC.session_aiohttp`
[INFO] session requesting PapersCoolPaperPage(venue_NeurIPS.2023).PapersCoolPaperKimiSection(venue_NeurIPS.2023_=KtHquQuyA5@OpenReview)

2024-04-04 00:11:24,422 <requestor-worker-9:4140868, MainThread:140046854821696> (requestor.py:_fetch_single_async:199 -> session.py:request:318) from logger `RFC.session_aiohttp`
[INFO] session requesting PapersCoolPaperPage(venue_ICCV.2023).PapersCoolPaperKimiSection(venue_ICCV.2023_=Liu_Learning_to_Identify_Critical_States_for_Reinforcement_Learning_from_Videos@ICCV2023@CVF)

2024-04-04 00:11:24,429 <requestor-worker-9:4140868, MainThread:140046854821696> (requestor.py:_fetch_single_async:199 -> session.py:request:318) from logger `RFC.session_aiohttp`
[INFO] session requesting PapersCoolPaperPage(venue_NeurIPS.2023).PapersCoolPaperKimiSection(venue_NeurIPS.2023_=IjZa2fQ8tL@OpenReview)

2024-04-04 00:11:24,443 <requestor-worker-9:4140868, MainThread:140046854821696> (requestor.py:_fetch_single_async:199 -> session.py:request:318) from logger `RFC.session_aiohttp`
[INFO] session requesting PapersCoolPaperPage(venue_CVPR.2021).PapersCoolPaperKimiSection(venue_CVPR.2021_=Zheng_Deep_Compositional_Metric_Learning@CVPR2021@CVF)

2024-04-04 00:11:24,447 <requestor-worker-9:4140868, MainThread:140046854821696> (requestor.py:_fetch_single_async:199 -> session.py:request:318) from logger `RFC.session_aiohttp`
[INFO] session requesting PapersCoolPaperPage(venue_EMNLP.2021).PapersCoolPaperKimiSection(venue_EMNLP.2021_=2021.emnlp-main.179@ACL)

2024-04-04 00:11:24,451 <requestor-worker-9:4140868, MainThread:140046854821696> (requestor.py:_fetch_single_async:199 -> session.py:request:318) from logger `RFC.session_aiohttp`
[INFO] session requesting PapersCoolPaperPage(venue_ACL.2022).PapersCoolPaperKimiSection(venue_ACL.2022_=2022.acl-long.253@ACL)

2024-04-04 00:11:24,456 <requestor-worker-9:4140868, MainThread:140046854821696> (requestor.py:_fetch_single_async:199 -> session.py:request:318) from logger `RFC.session_aiohttp`
[INFO] session requesting PapersCoolPaperPage(venue_CVPR.2022).PapersCoolPaperKimiSection(venue_CVPR.2022_=Chen_Quarantine_Sparsity_Can_Uncover_the_Trojan_Attack_Trigger_for_Free@CVPR2022@CVF)

2024-04-04 00:11:24,468 <requestor-worker-9:4140868, MainThread:140046854821696> (requestor.py:_fetch_single_async:199 -> session.py:request:318) from logger `RFC.session_aiohttp`
[INFO] session requesting PapersCoolPaperPage(venue_ACL.2023).PapersCoolPaperKimiSection(venue_ACL.2023_=2023.acl-long.539@ACL)

2024-04-04 00:11:24,472 <requestor-worker-9:4140868, MainThread:140046854821696> (requestor.py:_fetch_single_async:199 -> session.py:request:318) from logger `RFC.session_aiohttp`
[INFO] session requesting PapersCoolPaperPage(venue_NeurIPS.2023).PapersCoolPaperKimiSection(venue_NeurIPS.2023_=cslnCXE9XA@OpenReview)

2024-04-04 00:11:24,479 <requestor-worker-9:4140868, MainThread:140046854821696> (requestor.py:_fetch_single_async:199 -> session.py:request:318) from logger `RFC.session_aiohttp`
[INFO] session requesting PapersCoolPaperPage(venue_CVPR.2023).PapersCoolPaperKimiSection(venue_CVPR.2023_=Feng_Dynamic_Generative_Targeted_Attacks_With_Pattern_Injection@CVPR2023@CVF)

2024-04-04 00:11:24,483 <requestor-worker-9:4140868, MainThread:140046854821696> (requestor.py:_fetch_single_async:199 -> session.py:request:318) from logger `RFC.session_aiohttp`
[INFO] session requesting PapersCoolPaperPage(venue_EMNLP.2020).PapersCoolPaperKimiSection(venue_EMNLP.2020_=2020.emnlp-main.25@ACL)

2024-04-04 00:11:24,496 <requestor-worker-9:4140868, MainThread:140046854821696> (requestor.py:_fetch_single_async:199 -> session.py:request:318) from logger `RFC.session_aiohttp`
[INFO] session requesting PapersCoolPaperPage(venue_ACL.2023).PapersCoolPaperKimiSection(venue_ACL.2023_=2023.findings-acl.106@ACL)

2024-04-04 00:11:24,499 <requestor-worker-9:4140868, MainThread:140046854821696> (requestor.py:_fetch_single_async:199 -> session.py:request:318) from logger `RFC.session_aiohttp`
[INFO] session requesting PapersCoolPaperPage(venue_CVPR.2023).PapersCoolPaperKimiSection(venue_CVPR.2023_=Zhang_Towards_Unsupervised_Object_Detection_From_LiDAR_Point_Clouds@CVPR2023@CVF)

2024-04-04 00:11:24,504 <requestor-worker-9:4140868, MainThread:140046854821696> (requestor.py:_fetch_single_async:199 -> session.py:request:318) from logger `RFC.session_aiohttp`
[INFO] session requesting PapersCoolPaperPage(venue_ICCV.2023).PapersCoolPaperKimiSection(venue_ICCV.2023_=Zhang_OCHID-Fi_Occlusion-Robust_Hand_Pose_Estimation_in_3D_via_RF-Vision@ICCV2023@CVF)

2024-04-04 00:11:24,508 <requestor-worker-9:4140868, MainThread:140046854821696> (requestor.py:_fetch_single_async:199 -> session.py:request:318) from logger `RFC.session_aiohttp`
[INFO] session requesting PapersCoolPaperPage(venue_ACL.2020).PapersCoolPaperKimiSection(venue_ACL.2020_=2020.acl-main.60@ACL)

2024-04-04 00:11:25,073 <requestor-worker-9:4140868, MainThread:140046854821696> (requestor.py:_fetch_single_async:199 -> session.py:request:318) from logger `RFC.session_aiohttp`
[INFO] session requesting PapersCoolPaperPage(venue_CVPR.2023).PapersCoolPaperKimiSection(venue_CVPR.2023_=Hong_3D_Concept_Learning_and_Reasoning_From_Multi-View_Images@CVPR2023@CVF)

2024-04-04 00:11:25,093 <requestor-worker-9:4140868, MainThread:140046854821696> (requestor.py:_fetch_single_async:199 -> session.py:request:318) from logger `RFC.session_aiohttp`
[INFO] session requesting PapersCoolPaperPage(venue_NeurIPS.2023).PapersCoolPaperKimiSection(venue_NeurIPS.2023_=1tviRBNxI9@OpenReview)

2024-04-04 00:11:25,101 <requestor-worker-9:4140868, MainThread:140046854821696> (requestor.py:_fetch_single_async:199 -> session.py:request:318) from logger `RFC.session_aiohttp`
[INFO] session requesting PapersCoolPaperPage(venue_CVPR.2023).PapersCoolPaperKimiSection(venue_CVPR.2023_=Yang_ContraNeRF_Generalizable_Neural_Radiance_Fields_for_Synthetic-to-Real_Novel_View_Synthesis@CVPR2023@CVF)

2024-04-04 00:11:25,107 <requestor-worker-9:4140868, MainThread:140046854821696> (requestor.py:_fetch_single_async:199 -> session.py:request:318) from logger `RFC.session_aiohttp`
[INFO] session requesting PapersCoolPaperPage(venue_NeurIPS.2023).PapersCoolPaperKimiSection(venue_NeurIPS.2023_=fpHfRD3f4N@OpenReview)

2024-04-04 00:11:25,115 <requestor-worker-9:4140868, MainThread:140046854821696> (requestor.py:_fetch_single_async:199 -> session.py:request:318) from logger `RFC.session_aiohttp`
[INFO] session requesting PapersCoolPaperPage(venue_ACL.2022).PapersCoolPaperKimiSection(venue_ACL.2022_=2022.acl-long.271@ACL)

2024-04-04 00:11:25,146 <requestor-worker-9:4140868, MainThread:140046854821696> (requestor.py:_fetch_single_async:199 -> session.py:request:318) from logger `RFC.session_aiohttp`
[INFO] session requesting PapersCoolPaperPage(venue_ICCV.2021).PapersCoolPaperKimiSection(venue_ICCV.2021_=Li_Else-Net_Elastic_Semantic_Network_for_Continual_Action_Recognition_From_Skeleton@ICCV2021@CVF)

2024-04-04 00:11:25,156 <requestor-worker-9:4140868, MainThread:140046854821696> (requestor.py:_fetch_single_async:199 -> session.py:request:318) from logger `RFC.session_aiohttp`
[INFO] session requesting PapersCoolPaperPage(venue_NeurIPS.2022).PapersCoolPaperKimiSection(venue_NeurIPS.2022_=KSKyVYcgp1u@OpenReview)

2024-04-04 00:11:25,171 <requestor-worker-9:4140868, MainThread:140046854821696> (requestor.py:_fetch_single_async:199 -> session.py:request:318) from logger `RFC.session_aiohttp`
[INFO] session requesting PapersCoolPaperPage(venue_NeurIPS.2023).PapersCoolPaperKimiSection(venue_NeurIPS.2023_=0K1ZTfHZ0N@OpenReview)

2024-04-04 00:11:25,173 <requestor-worker-9:4140868, MainThread:140046854821696> (requestor.py:_fetch_single_async:199 -> session.py:request:318) from logger `RFC.session_aiohttp`
[INFO] session requesting PapersCoolPaperPage(venue_ICML.2021).PapersCoolPaperKimiSection(venue_ICML.2021_=moshkovitz21a@v139@PMLR)

2024-04-04 00:11:25,175 <requestor-worker-9:4140868, MainThread:140046854821696> (requestor.py:_fetch_single_async:199 -> session.py:request:318) from logger `RFC.session_aiohttp`
[INFO] session requesting PapersCoolPaperPage(venue_ACL.2020).PapersCoolPaperKimiSection(venue_ACL.2020_=2020.acl-main.69@ACL)

2024-04-04 00:11:25,887 <requestor-worker-9:4140868, MainThread:140046854821696> (requestor.py:_fetch_single_async:199 -> session.py:request:318) from logger `RFC.session_aiohttp`
[INFO] session requesting PapersCoolPaperPage(venue_NeurIPS.2023).PapersCoolPaperKimiSection(venue_NeurIPS.2023_=iWWLgcUTZU@OpenReview)

2024-04-04 00:11:25,889 <requestor-worker-9:4140868, MainThread:140046854821696> (requestor.py:_fetch_single_async:199 -> session.py:request:318) from logger `RFC.session_aiohttp`
[INFO] session requesting PapersCoolPaperPage(venue_ACL.2023).PapersCoolPaperKimiSection(venue_ACL.2023_=2023.acl-long.506@ACL)

2024-04-04 00:11:25,894 <requestor-worker-9:4140868, MainThread:140046854821696> (requestor.py:_fetch_single_async:199 -> session.py:request:318) from logger `RFC.session_aiohttp`
[INFO] session requesting PapersCoolPaperPage(venue_NeurIPS.2023).PapersCoolPaperKimiSection(venue_NeurIPS.2023_=aZ9hvpnp0k@OpenReview)

2024-04-04 00:11:25,905 <requestor-worker-9:4140868, MainThread:140046854821696> (requestor.py:_fetch_single_async:199 -> session.py:request:318) from logger `RFC.session_aiohttp`
[INFO] session requesting PapersCoolPaperPage(venue_CVPR.2023).PapersCoolPaperKimiSection(venue_CVPR.2023_=Tian_Multi-Object_Manipulation_via_Object-Centric_Neural_Scattering_Functions@CVPR2023@CVF)

2024-04-04 00:11:25,909 <requestor-worker-9:4140868, MainThread:140046854821696> (requestor.py:_fetch_single_async:199 -> session.py:request:318) from logger `RFC.session_aiohttp`
[INFO] session requesting PapersCoolPaperPage(venue_ICCV.2023).PapersCoolPaperKimiSection(venue_ICCV.2023_=Karnewar_HoloFusion_Towards_Photo-realistic_3D_Generative_Modeling@ICCV2023@CVF)

2024-04-04 00:11:25,921 <requestor-worker-9:4140868, MainThread:140046854821696> (requestor.py:_fetch_single_async:199 -> session.py:request:318) from logger `RFC.session_aiohttp`
[INFO] session requesting PapersCoolPaperPage(venue_ICCV.2021).PapersCoolPaperKimiSection(venue_ICCV.2021_=Cui_Multitask_AET_With_Orthogonal_Tangent_Regularity_for_Dark_Object_Detection@ICCV2021@CVF)

2024-04-04 00:11:25,926 <requestor-worker-9:4140868, MainThread:140046854821696> (requestor.py:_fetch_single_async:199 -> session.py:request:318) from logger `RFC.session_aiohttp`
[INFO] session requesting PapersCoolPaperPage(venue_EMNLP.2020).PapersCoolPaperKimiSection(venue_EMNLP.2020_=2020.emnlp-main.81@ACL)

2024-04-04 00:11:25,928 <requestor-worker-9:4140868, MainThread:140046854821696> (requestor.py:_fetch_single_async:199 -> session.py:request:318) from logger `RFC.session_aiohttp`
[INFO] session requesting PapersCoolPaperPage(venue_NeurIPS.2023).PapersCoolPaperKimiSection(venue_NeurIPS.2023_=SE73LzWNjr@OpenReview)

2024-04-04 00:11:25,931 <requestor-worker-9:4140868, MainThread:140046854821696> (requestor.py:_fetch_single_async:199 -> session.py:request:318) from logger `RFC.session_aiohttp`
[INFO] session requesting PapersCoolPaperPage(venue_ACL.2023).PapersCoolPaperKimiSection(venue_ACL.2023_=2023.acl-long.505@ACL)

2024-04-04 00:11:25,935 <requestor-worker-9:4140868, MainThread:140046854821696> (requestor.py:_fetch_single_async:199 -> session.py:request:318) from logger `RFC.session_aiohttp`
[INFO] session requesting PapersCoolPaperPage(venue_NeurIPS.2023).PapersCoolPaperKimiSection(venue_NeurIPS.2023_=3tbTw2ga8K@OpenReview)

2024-04-04 00:11:25,942 <requestor-worker-9:4140868, MainThread:140046854821696> (requestor.py:_fetch_single_async:199 -> session.py:request:318) from logger `RFC.session_aiohttp`
[INFO] session requesting PapersCoolPaperPage(venue_CVPR.2021).PapersCoolPaperKimiSection(venue_CVPR.2021_=Blattmann_Behavior-Driven_Synthesis_of_Human_Dynamics@CVPR2021@CVF)

2024-04-04 00:11:25,947 <requestor-worker-9:4140868, MainThread:140046854821696> (requestor.py:_fetch_single_async:199 -> session.py:request:318) from logger `RFC.session_aiohttp`
[INFO] session requesting PapersCoolPaperPage(venue_CVPR.2022).PapersCoolPaperKimiSection(venue_CVPR.2022_=Wang_Hybrid_Relation_Guided_Set_Matching_for_Few-Shot_Action_Recognition@CVPR2022@CVF)

2024-04-04 00:11:25,956 <requestor-worker-9:4140868, MainThread:140046854821696> (requestor.py:_fetch_single_async:199 -> session.py:request:318) from logger `RFC.session_aiohttp`
[INFO] session requesting PapersCoolPaperPage(venue_EMNLP.2023).PapersCoolPaperKimiSection(venue_EMNLP.2023_=2023.emnlp-industry.66@ACL)

2024-04-04 00:11:25,959 <requestor-worker-9:4140868, MainThread:140046854821696> (requestor.py:_fetch_single_async:199 -> session.py:request:318) from logger `RFC.session_aiohttp`
[INFO] session requesting PapersCoolPaperPage(venue_NeurIPS.2021).PapersCoolPaperKimiSection(venue_NeurIPS.2021_=GAiM0RXrMfF@OpenReview)

2024-04-04 00:11:26,543 <requestor-worker-9:4140868, MainThread:140046854821696> (requestor.py:_fetch_single_async:199 -> session.py:request:318) from logger `RFC.session_aiohttp`
[INFO] session requesting PapersCoolPaperPage(venue_NeurIPS.2023).PapersCoolPaperKimiSection(venue_NeurIPS.2023_=fShubymWrc@OpenReview)

2024-04-04 00:11:26,553 <requestor-worker-9:4140868, MainThread:140046854821696> (requestor.py:_fetch_single_async:199 -> session.py:request:318) from logger `RFC.session_aiohttp`
[INFO] session requesting PapersCoolPaperPage(venue_ACL.2023).PapersCoolPaperKimiSection(venue_ACL.2023_=2023.acl-long.490@ACL)

2024-04-04 00:11:26,565 <requestor-worker-9:4140868, MainThread:140046854821696> (requestor.py:_fetch_single_async:199 -> session.py:request:318) from logger `RFC.session_aiohttp`
[INFO] session requesting PapersCoolPaperPage(venue_NeurIPS.2023).PapersCoolPaperKimiSection(venue_NeurIPS.2023_=jSuhnO9QJv@OpenReview)

2024-04-04 00:11:26,571 <requestor-worker-9:4140868, MainThread:140046854821696> (requestor.py:_fetch_single_async:199 -> session.py:request:318) from logger `RFC.session_aiohttp`
[INFO] session requesting PapersCoolPaperPage(venue_NeurIPS.2023).PapersCoolPaperKimiSection(venue_NeurIPS.2023_=FskZtRvMJI@OpenReview)

2024-04-04 00:11:26,577 <requestor-worker-9:4140868, MainThread:140046854821696> (requestor.py:_fetch_single_async:199 -> session.py:request:318) from logger `RFC.session_aiohttp`
[INFO] session requesting PapersCoolPaperPage(venue_ACL.2023).PapersCoolPaperKimiSection(venue_ACL.2023_=2023.acl-long.489@ACL)

2024-04-04 00:11:26,582 <requestor-worker-9:4140868, MainThread:140046854821696> (requestor.py:_fetch_single_async:199 -> session.py:request:318) from logger `RFC.session_aiohttp`
[INFO] session requesting PapersCoolPaperPage(venue_ICCV.2021).PapersCoolPaperKimiSection(venue_ICCV.2021_=Lee_DeepPRO_Deep_Partial_Point_Cloud_Registration_of_Objects@ICCV2021@CVF)

2024-04-04 00:11:26,593 <requestor-worker-9:4140868, MainThread:140046854821696> (requestor.py:_fetch_single_async:199 -> session.py:request:318) from logger `RFC.session_aiohttp`
[INFO] session requesting PapersCoolPaperPage(venue_ICCV.2023).PapersCoolPaperKimiSection(venue_ICCV.2023_=Xu_Deformable_Model-Driven_Neural_Rendering_for_High-Fidelity_3D_Reconstruction_of_Human@ICCV2023@CVF)

2024-04-04 00:11:26,596 <requestor-worker-9:4140868, MainThread:140046854821696> (requestor.py:_fetch_single_async:199 -> session.py:request:318) from logger `RFC.session_aiohttp`
[INFO] session requesting PapersCoolPaperPage(venue_ICML.2021).PapersCoolPaperKimiSection(venue_ICML.2021_=chen21j@v139@PMLR)

2024-04-04 00:11:26,604 <requestor-worker-9:4140868, MainThread:140046854821696> (requestor.py:_fetch_single_async:199 -> session.py:request:318) from logger `RFC.session_aiohttp`
[INFO] session requesting PapersCoolPaperPage(venue_EMNLP.2020).PapersCoolPaperKimiSection(venue_EMNLP.2020_=2020.emnlp-main.105@ACL)

2024-04-04 00:11:26,608 <requestor-worker-9:4140868, MainThread:140046854821696> (requestor.py:_fetch_single_async:199 -> session.py:request:318) from logger `RFC.session_aiohttp`
[INFO] session requesting PapersCoolPaperPage(venue_EMNLP.2021).PapersCoolPaperKimiSection(venue_EMNLP.2021_=2021.emnlp-main.256@ACL)

2024-04-04 00:11:27,479 <requestor-worker-9:4140868, MainThread:140046854821696> (requestor.py:_fetch_single_async:199 -> session.py:request:318) from logger `RFC.session_aiohttp`
[INFO] session requesting PapersCoolPaperPage(venue_NeurIPS.2023).PapersCoolPaperKimiSection(venue_NeurIPS.2023_=gO60SSGOMy@OpenReview)

2024-04-04 00:11:27,482 <requestor-worker-9:4140868, MainThread:140046854821696> (requestor.py:_fetch_single_async:199 -> session.py:request:318) from logger `RFC.session_aiohttp`
[INFO] session requesting PapersCoolPaperPage(venue_EMNLP.2021).PapersCoolPaperKimiSection(venue_EMNLP.2021_=2021.emnlp-main.287@ACL)

2024-04-04 00:11:27,485 <requestor-worker-9:4140868, MainThread:140046854821696> (requestor.py:_fetch_single_async:199 -> session.py:request:318) from logger `RFC.session_aiohttp`
[INFO] session requesting PapersCoolPaperPage(venue_EMNLP.2020).PapersCoolPaperKimiSection(venue_EMNLP.2020_=2020.emnlp-main.135@ACL)

2024-04-04 00:11:27,488 <requestor-worker-9:4140868, MainThread:140046854821696> (requestor.py:_fetch_single_async:199 -> session.py:request:318) from logger `RFC.session_aiohttp`
[INFO] session requesting PapersCoolPaperPage(venue_NeurIPS.2021).PapersCoolPaperKimiSection(venue_NeurIPS.2021_=yxsak5ND2pA@OpenReview)

2024-04-04 00:11:27,491 <requestor-worker-9:4140868, MainThread:140046854821696> (requestor.py:_fetch_single_async:199 -> session.py:request:318) from logger `RFC.session_aiohttp`
[INFO] session requesting PapersCoolPaperPage(venue_ACL.2021).PapersCoolPaperKimiSection(venue_ACL.2021_=2021.acl-long.245@ACL)

2024-04-04 00:11:27,494 <requestor-worker-9:4140868, MainThread:140046854821696> (requestor.py:_fetch_single_async:199 -> session.py:request:318) from logger `RFC.session_aiohttp`
[INFO] session requesting PapersCoolPaperPage(venue_EMNLP.2021).PapersCoolPaperKimiSection(venue_EMNLP.2021_=2021.emnlp-main.288@ACL)

2024-04-04 00:11:27,497 <requestor-worker-9:4140868, MainThread:140046854821696> (requestor.py:_fetch_single_async:199 -> session.py:request:318) from logger `RFC.session_aiohttp`
[INFO] session requesting PapersCoolPaperPage(venue_ICCV.2023).PapersCoolPaperKimiSection(venue_ICCV.2023_=Tanaka_Role-Aware_Interaction_Generation_from_Textual_Description@ICCV2023@CVF)

2024-04-04 00:11:27,500 <requestor-worker-9:4140868, MainThread:140046854821696> (requestor.py:_fetch_single_async:199 -> session.py:request:318) from logger `RFC.session_aiohttp`
[INFO] session requesting PapersCoolPaperPage(venue_ACL.2020).PapersCoolPaperKimiSection(venue_ACL.2020_=2020.acl-main.121@ACL)

2024-04-04 00:11:27,504 <requestor-worker-9:4140868, MainThread:140046854821696> (requestor.py:_fetch_single_async:199 -> session.py:request:318) from logger `RFC.session_aiohttp`
[INFO] session requesting PapersCoolPaperPage(venue_ICML.2022).PapersCoolPaperKimiSection(venue_ICML.2022_=mandi22a@v162@PMLR)

2024-04-04 00:11:27,507 <requestor-worker-9:4140868, MainThread:140046854821696> (requestor.py:_fetch_single_async:199 -> session.py:request:318) from logger `RFC.session_aiohttp`
[INFO] session requesting PapersCoolPaperPage(venue_NeurIPS.2023).PapersCoolPaperKimiSection(venue_NeurIPS.2023_=wRJqZRxDEX@OpenReview)

2024-04-04 00:11:27,511 <requestor-worker-9:4140868, MainThread:140046854821696> (requestor.py:_fetch_single_async:199 -> session.py:request:318) from logger `RFC.session_aiohttp`
[INFO] session requesting PapersCoolPaperPage(venue_CVPR.2022).PapersCoolPaperKimiSection(venue_CVPR.2022_=Li_Deep_Hyperspectral-Depth_Reconstruction_Using_Single_Color-Dot_Projection@CVPR2022@CVF)

2024-04-04 00:11:27,514 <requestor-worker-9:4140868, MainThread:140046854821696> (requestor.py:_fetch_single_async:199 -> session.py:request:318) from logger `RFC.session_aiohttp`
[INFO] session requesting PapersCoolPaperPage(venue_ICCV.2021).PapersCoolPaperKimiSection(venue_ICCV.2021_=Koh_Pathdreamer_A_World_Model_for_Indoor_Navigation@ICCV2021@CVF)

2024-04-04 00:11:27,516 <requestor-worker-9:4140868, MainThread:140046854821696> (requestor.py:_fetch_single_async:199 -> session.py:request:318) from logger `RFC.session_aiohttp`
[INFO] session requesting PapersCoolPaperPage(venue_EMNLP.2021).PapersCoolPaperKimiSection(venue_EMNLP.2021_=2021.emnlp-main.290@ACL)

2024-04-04 00:11:27,520 <requestor-worker-9:4140868, MainThread:140046854821696> (requestor.py:_fetch_single_async:199 -> session.py:request:318) from logger `RFC.session_aiohttp`
[INFO] session requesting PapersCoolPaperPage(venue_ACL.2023).PapersCoolPaperKimiSection(venue_ACL.2023_=2023.acl-long.462@ACL)

2024-04-04 00:11:28,180 <requestor-worker-9:4140868, MainThread:140046854821696> (requestor.py:_fetch_single_async:199 -> session.py:request:318) from logger `RFC.session_aiohttp`
[INFO] session requesting PapersCoolPaperPage(venue_ICCV.2019).PapersCoolPaperKimiSection(venue_ICCV.2019_=Wang_Distill_Knowledge_From_NRSfM_for_Weakly_Supervised_3D_Pose_Learning@ICCV2019@CVF)

2024-04-04 00:11:28,184 <requestor-worker-9:4140868, MainThread:140046854821696> (requestor.py:_fetch_single_async:199 -> session.py:request:318) from logger `RFC.session_aiohttp`
[INFO] session requesting PapersCoolPaperPage(venue_ICML.2021).PapersCoolPaperKimiSection(venue_ICML.2021_=liu21v@v139@PMLR)

2024-04-04 00:11:28,188 <requestor-worker-9:4140868, MainThread:140046854821696> (requestor.py:_fetch_single_async:199 -> session.py:request:318) from logger `RFC.session_aiohttp`
[INFO] session requesting PapersCoolPaperPage(venue_ACL.2022).PapersCoolPaperKimiSection(venue_ACL.2022_=2022.acl-long.338@ACL)

2024-04-04 00:11:28,191 <requestor-worker-9:4140868, MainThread:140046854821696> (requestor.py:_fetch_single_async:199 -> session.py:request:318) from logger `RFC.session_aiohttp`
[INFO] session requesting PapersCoolPaperPage(venue_CVPR.2023).PapersCoolPaperKimiSection(venue_CVPR.2023_=Lin_Cross-Domain_3D_Hand_Pose_Estimation_With_Dual_Modalities@CVPR2023@CVF)

2024-04-04 00:11:28,195 <requestor-worker-9:4140868, MainThread:140046854821696> (requestor.py:_fetch_single_async:199 -> session.py:request:318) from logger `RFC.session_aiohttp`
[INFO] session requesting PapersCoolPaperPage(venue_EMNLP.2022).PapersCoolPaperKimiSection(venue_EMNLP.2022_=2022.emnlp-main.490@ACL)

2024-04-04 00:11:28,198 <requestor-worker-9:4140868, MainThread:140046854821696> (requestor.py:_fetch_single_async:199 -> session.py:request:318) from logger `RFC.session_aiohttp`
[INFO] session requesting PapersCoolPaperPage(venue_EMNLP.2021).PapersCoolPaperKimiSection(venue_EMNLP.2021_=2021.emnlp-main.301@ACL)

2024-04-04 00:11:28,201 <requestor-worker-9:4140868, MainThread:140046854821696> (requestor.py:_fetch_single_async:199 -> session.py:request:318) from logger `RFC.session_aiohttp`
[INFO] session requesting PapersCoolPaperPage(venue_ICCV.2019).PapersCoolPaperKimiSection(venue_ICCV.2019_=Yao_MONET_Multiview_Semi-Supervised_Keypoint_Detection_via_Epipolar_Divergence@ICCV2019@CVF)

2024-04-04 00:11:28,203 <requestor-worker-9:4140868, MainThread:140046854821696> (requestor.py:_fetch_single_async:199 -> session.py:request:318) from logger `RFC.session_aiohttp`
[INFO] session requesting PapersCoolPaperPage(venue_EMNLP.2020).PapersCoolPaperKimiSection(venue_EMNLP.2020_=2020.emnlp-main.149@ACL)

2024-04-04 00:11:28,212 <requestor-worker-9:4140868, MainThread:140046854821696> (requestor.py:_fetch_single_async:199 -> session.py:request:318) from logger `RFC.session_aiohttp`
[INFO] session requesting PapersCoolPaperPage(venue_NeurIPS.2023).PapersCoolPaperKimiSection(venue_NeurIPS.2023_=c2eedxSlPJ@OpenReview)

2024-04-04 00:11:28,228 <requestor-worker-9:4140868, MainThread:140046854821696> (requestor.py:_fetch_single_async:199 -> session.py:request:318) from logger `RFC.session_aiohttp`
[INFO] session requesting PapersCoolPaperPage(venue_ACL.2023).PapersCoolPaperKimiSection(venue_ACL.2023_=2023.acl-long.436@ACL)

2024-04-04 00:11:28,816 <requestor-worker-9:4140868, MainThread:140046854821696> (requestor.py:_fetch_single_async:199 -> session.py:request:318) from logger `RFC.session_aiohttp`
[INFO] session requesting PapersCoolPaperPage(venue_CVPR.2022).PapersCoolPaperKimiSection(venue_CVPR.2022_=Atzmon_Frame_Averaging_for_Equivariant_Shape_Space_Learning@CVPR2022@CVF)

2024-04-04 00:11:28,820 <requestor-worker-9:4140868, MainThread:140046854821696> (requestor.py:_fetch_single_async:199 -> session.py:request:318) from logger `RFC.session_aiohttp`
[INFO] session requesting PapersCoolPaperPage(venue_ICML.2021).PapersCoolPaperKimiSection(venue_ICML.2021_=bodnar21a@v139@PMLR)

2024-04-04 00:11:28,824 <requestor-worker-9:4140868, MainThread:140046854821696> (requestor.py:_fetch_single_async:199 -> session.py:request:318) from logger `RFC.session_aiohttp`
[INFO] session requesting PapersCoolPaperPage(venue_EMNLP.2022).PapersCoolPaperKimiSection(venue_EMNLP.2022_=2022.emnlp-main.510@ACL)

2024-04-04 00:11:28,828 <requestor-worker-9:4140868, MainThread:140046854821696> (requestor.py:_fetch_single_async:199 -> session.py:request:318) from logger `RFC.session_aiohttp`
[INFO] session requesting PapersCoolPaperPage(venue_EMNLP.2020).PapersCoolPaperKimiSection(venue_EMNLP.2020_=2020.emnlp-main.172@ACL)

2024-04-04 00:11:28,832 <requestor-worker-9:4140868, MainThread:140046854821696> (requestor.py:_fetch_single_async:199 -> session.py:request:318) from logger `RFC.session_aiohttp`
[INFO] session requesting PapersCoolPaperPage(venue_NeurIPS.2023).PapersCoolPaperKimiSection(venue_NeurIPS.2023_=aINqoP32cb@OpenReview)

2024-04-04 00:11:28,836 <requestor-worker-9:4140868, MainThread:140046854821696> (requestor.py:_fetch_single_async:199 -> session.py:request:318) from logger `RFC.session_aiohttp`
[INFO] session requesting PapersCoolPaperPage(venue_ACL.2023).PapersCoolPaperKimiSection(venue_ACL.2023_=2023.findings-acl.208@ACL)

2024-04-04 00:11:28,839 <requestor-worker-9:4140868, MainThread:140046854821696> (requestor.py:_fetch_single_async:199 -> session.py:request:318) from logger `RFC.session_aiohttp`
[INFO] session requesting PapersCoolPaperPage(venue_CVPR.2022).PapersCoolPaperKimiSection(venue_CVPR.2022_=Song_Transformer_Tracking_With_Cyclic_Shifting_Window_Attention@CVPR2022@CVF)

2024-04-04 00:11:28,854 <requestor-worker-9:4140868, MainThread:140046854821696> (requestor.py:_fetch_single_async:199 -> session.py:request:318) from logger `RFC.session_aiohttp`
[INFO] session requesting PapersCoolPaperPage(venue_ICCV.2019).PapersCoolPaperKimiSection(venue_ICCV.2019_=Du_SSF-DAN_Separated_Semantic_Feature_Based_Domain_Adaptation_Network_for_Semantic@ICCV2019@CVF)

2024-04-04 00:11:28,856 <requestor-worker-9:4140868, MainThread:140046854821696> (requestor.py:_fetch_single_async:199 -> session.py:request:318) from logger `RFC.session_aiohttp`
[INFO] session requesting PapersCoolPaperPage(venue_EMNLP.2022).PapersCoolPaperKimiSection(venue_EMNLP.2022_=2022.emnlp-main.511@ACL)

2024-04-04 00:11:28,860 <requestor-worker-9:4140868, MainThread:140046854821696> (requestor.py:_fetch_single_async:199 -> session.py:request:318) from logger `RFC.session_aiohttp`
[INFO] session requesting PapersCoolPaperPage(venue_NeurIPS.2023).PapersCoolPaperKimiSection(venue_NeurIPS.2023_=RUCFAKNDb2@OpenReview)

2024-04-04 00:11:28,864 <requestor-worker-9:4140868, MainThread:140046854821696> (requestor.py:_fetch_single_async:199 -> session.py:request:318) from logger `RFC.session_aiohttp`
[INFO] session requesting PapersCoolPaperPage(venue_ICML.2022).PapersCoolPaperKimiSection(venue_ICML.2022_=kuzina22a@v162@PMLR)

2024-04-04 00:11:28,867 <requestor-worker-9:4140868, MainThread:140046854821696> (requestor.py:_fetch_single_async:199 -> session.py:request:318) from logger `RFC.session_aiohttp`
[INFO] session requesting PapersCoolPaperPage(venue_CVPR.2023).PapersCoolPaperKimiSection(venue_CVPR.2023_=Kim_NeuralField-LDM_Scene_Generation_With_Hierarchical_Latent_Diffusion_Models@CVPR2023@CVF)

2024-04-04 00:11:28,870 <requestor-worker-9:4140868, MainThread:140046854821696> (requestor.py:_fetch_single_async:199 -> session.py:request:318) from logger `RFC.session_aiohttp`
[INFO] session requesting PapersCoolPaperPage(venue_EMNLP.2020).PapersCoolPaperKimiSection(venue_EMNLP.2020_=2020.emnlp-main.173@ACL)

2024-04-04 00:11:28,872 <requestor-worker-9:4140868, MainThread:140046854821696> (requestor.py:_fetch_single_async:199 -> session.py:request:318) from logger `RFC.session_aiohttp`
[INFO] session requesting PapersCoolPaperPage(venue_NeurIPS.2023).PapersCoolPaperKimiSection(venue_NeurIPS.2023_=LGqIAn2OaZ@OpenReview)

2024-04-04 00:11:29,661 <requestor-worker-9:4140868, MainThread:140046854821696> (requestor.py:_fetch_single_async:199 -> session.py:request:318) from logger `RFC.session_aiohttp`
[INFO] session requesting PapersCoolPaperPage(venue_NeurIPS.2023).PapersCoolPaperKimiSection(venue_NeurIPS.2023_=KgqucdSwIe@OpenReview)

2024-04-04 00:11:29,664 <requestor-worker-9:4140868, MainThread:140046854821696> (requestor.py:_fetch_single_async:199 -> session.py:request:318) from logger `RFC.session_aiohttp`
[INFO] session requesting PapersCoolPaperPage(venue_ACL.2023).PapersCoolPaperKimiSection(venue_ACL.2023_=2023.acl-long.398@ACL)

2024-04-04 00:11:29,668 <requestor-worker-9:4140868, MainThread:140046854821696> (requestor.py:_fetch_single_async:199 -> session.py:request:318) from logger `RFC.session_aiohttp`
[INFO] session requesting PapersCoolPaperPage(venue_NeurIPS.2023).PapersCoolPaperKimiSection(venue_NeurIPS.2023_=1IOU2329Za@OpenReview)

2024-04-04 00:11:29,671 <requestor-worker-9:4140868, MainThread:140046854821696> (requestor.py:_fetch_single_async:199 -> session.py:request:318) from logger `RFC.session_aiohttp`
[INFO] session requesting PapersCoolPaperPage(venue_NeurIPS.2023).PapersCoolPaperKimiSection(venue_NeurIPS.2023_=yKCLfOOIL7@OpenReview)

2024-04-04 00:11:29,674 <requestor-worker-9:4140868, MainThread:140046854821696> (requestor.py:_fetch_single_async:199 -> session.py:request:318) from logger `RFC.session_aiohttp`
[INFO] session requesting PapersCoolPaperPage(venue_ACL.2023).PapersCoolPaperKimiSection(venue_ACL.2023_=2023.acl-long.399@ACL)

2024-04-04 00:11:29,677 <requestor-worker-9:4140868, MainThread:140046854821696> (requestor.py:_fetch_single_async:199 -> session.py:request:318) from logger `RFC.session_aiohttp`
[INFO] session requesting PapersCoolPaperPage(venue_NeurIPS.2023).PapersCoolPaperKimiSection(venue_NeurIPS.2023_=917crxqJdA@OpenReview)

2024-04-04 00:11:29,680 <requestor-worker-9:4140868, MainThread:140046854821696> (requestor.py:_fetch_single_async:199 -> session.py:request:318) from logger `RFC.session_aiohttp`
[INFO] session requesting PapersCoolPaperPage(venue_ACL.2023).PapersCoolPaperKimiSection(venue_ACL.2023_=2023.acl-long.397@ACL)

2024-04-04 00:11:29,697 <requestor-worker-9:4140868, MainThread:140046854821696> (requestor.py:_fetch_single_async:199 -> session.py:request:318) from logger `RFC.session_aiohttp`
[INFO] session requesting PapersCoolPaperPage(venue_CVPR.2022).PapersCoolPaperKimiSection(venue_CVPR.2022_=Singh_FLAVA_A_Foundational_Language_and_Vision_Alignment_Model@CVPR2022@CVF)

2024-04-04 00:11:29,701 <requestor-worker-9:4140868, MainThread:140046854821696> (requestor.py:_fetch_single_async:199 -> session.py:request:318) from logger `RFC.session_aiohttp`
[INFO] session requesting PapersCoolPaperPage(venue_CVPR.2023).PapersCoolPaperKimiSection(venue_CVPR.2023_=Wang_Neural_Fields_Meet_Explicit_Geometric_Representations_for_Inverse_Rendering_of@CVPR2023@CVF)

2024-04-04 00:11:30,157 <requestor-worker-9:4140868, MainThread:140046854821696> (requestor.py:_fetch_single_async:199 -> session.py:request:318) from logger `RFC.session_aiohttp`
[INFO] session requesting PapersCoolPaperPage(venue_NeurIPS.2023).PapersCoolPaperKimiSection(venue_NeurIPS.2023_=6EaLIw3W7c@OpenReview)

2024-04-04 00:11:31,571 <requestor-worker-9:4140868, MainThread:140046854821696> (requestor.py:_fetch_single_async:199 -> session.py:request:318) from logger `RFC.session_aiohttp`
[INFO] session requesting PapersCoolPaperPage(venue_NeurIPS.2023).PapersCoolPaperKimiSection(venue_NeurIPS.2023_=ygjQCOyNfh@OpenReview)

2024-04-04 00:11:31,574 <requestor-worker-9:4140868, MainThread:140046854821696> (requestor.py:_fetch_single_async:199 -> session.py:request:318) from logger `RFC.session_aiohttp`
[INFO] session requesting PapersCoolPaperPage(venue_NeurIPS.2023).PapersCoolPaperKimiSection(venue_NeurIPS.2023_=EmYWJsyad4@OpenReview)

2024-04-04 00:11:31,577 <requestor-worker-9:4140868, MainThread:140046854821696> (requestor.py:_fetch_single_async:199 -> session.py:request:318) from logger `RFC.session_aiohttp`
[INFO] session requesting PapersCoolPaperPage(venue_ACL.2023).PapersCoolPaperKimiSection(venue_ACL.2023_=2023.acl-long.314@ACL)

2024-04-04 00:11:31,581 <requestor-worker-9:4140868, MainThread:140046854821696> (requestor.py:_fetch_single_async:199 -> session.py:request:318) from logger `RFC.session_aiohttp`
[INFO] session requesting PapersCoolPaperPage(venue_NeurIPS.2023).PapersCoolPaperKimiSection(venue_NeurIPS.2023_=rwbzMiuFQl@OpenReview)

2024-04-04 00:11:31,584 <requestor-worker-9:4140868, MainThread:140046854821696> (requestor.py:_fetch_single_async:199 -> session.py:request:318) from logger `RFC.session_aiohttp`
[INFO] session requesting PapersCoolPaperPage(venue_CVPR.2022).PapersCoolPaperKimiSection(venue_CVPR.2022_=Hu_Spatial-Temporal_Space_Hand-in-Hand_Spatial-Temporal_Video_Super-Resolution_via_Cycle-Projected_Mutual_Learning@CVPR2022@CVF)

2024-04-04 00:11:31,587 <requestor-worker-9:4140868, MainThread:140046854821696> (requestor.py:_fetch_single_async:199 -> session.py:request:318) from logger `RFC.session_aiohttp`
[INFO] session requesting PapersCoolPaperPage(venue_ACL.2023).PapersCoolPaperKimiSection(venue_ACL.2023_=2023.acl-long.315@ACL)

2024-04-04 00:11:31,589 <requestor-worker-9:4140868, MainThread:140046854821696> (requestor.py:_fetch_single_async:199 -> session.py:request:318) from logger `RFC.session_aiohttp`
[INFO] session requesting PapersCoolPaperPage(venue_CVPR.2023).PapersCoolPaperKimiSection(venue_CVPR.2023_=Zhmoginov_Decentralized_Learning_With_Multi-Headed_Distillation@CVPR2023@CVF)

2024-04-04 00:11:31,592 <requestor-worker-9:4140868, MainThread:140046854821696> (requestor.py:_fetch_single_async:199 -> session.py:request:318) from logger `RFC.session_aiohttp`
[INFO] session requesting PapersCoolPaperPage(venue_NeurIPS.2023).PapersCoolPaperKimiSection(venue_NeurIPS.2023_=p40XRfBX96@OpenReview)

2024-04-04 00:11:31,595 <requestor-worker-9:4140868, MainThread:140046854821696> (requestor.py:_fetch_single_async:199 -> session.py:request:318) from logger `RFC.session_aiohttp`
[INFO] session requesting PapersCoolPaperPage(venue_NeurIPS.2023).PapersCoolPaperKimiSection(venue_NeurIPS.2023_=pb1OwZNgr2@OpenReview)

2024-04-04 00:11:31,609 <requestor-worker-9:4140868, MainThread:140046854821696> (requestor.py:_fetch_single_async:199 -> session.py:request:318) from logger `RFC.session_aiohttp`
[INFO] session requesting PapersCoolPaperPage(venue_ACL.2023).PapersCoolPaperKimiSection(venue_ACL.2023_=2023.acl-long.316@ACL)

2024-04-04 00:11:31,613 <requestor-worker-9:4140868, MainThread:140046854821696> (requestor.py:_fetch_single_async:199 -> session.py:request:318) from logger `RFC.session_aiohttp`
[INFO] session requesting PapersCoolPaperPage(venue_ACL.2023).PapersCoolPaperKimiSection(venue_ACL.2023_=2023.acl-long.317@ACL)

2024-04-04 00:11:31,617 <requestor-worker-9:4140868, MainThread:140046854821696> (requestor.py:_fetch_single_async:199 -> session.py:request:318) from logger `RFC.session_aiohttp`
[INFO] session requesting PapersCoolPaperPage(venue_ACL.2023).PapersCoolPaperKimiSection(venue_ACL.2023_=2023.acl-long.286@ACL)

2024-04-04 00:11:31,621 <requestor-worker-9:4140868, MainThread:140046854821696> (requestor.py:_fetch_single_async:199 -> session.py:request:318) from logger `RFC.session_aiohttp`
[INFO] session requesting PapersCoolPaperPage(venue_ACL.2023).PapersCoolPaperKimiSection(venue_ACL.2023_=2023.acl-long.321@ACL)

2024-04-04 00:11:31,624 <requestor-worker-9:4140868, MainThread:140046854821696> (requestor.py:_fetch_single_async:199 -> session.py:request:318) from logger `RFC.session_aiohttp`
[INFO] session requesting PapersCoolPaperPage(venue_NeurIPS.2023).PapersCoolPaperKimiSection(venue_NeurIPS.2023_=ZvDmna23r3@OpenReview)

2024-04-04 00:11:33,014 <requestor-worker-9:4140868, MainThread:140046854821696> (requestor.py:_fetch_single_async:199 -> session.py:request:318) from logger `RFC.session_aiohttp`
[INFO] session requesting PapersCoolPaperPage(venue_NeurIPS.2023).PapersCoolPaperKimiSection(venue_NeurIPS.2023_=y8UAQQHVTX@OpenReview)

2024-04-04 00:11:33,015 <requestor-worker-9:4140868, MainThread:140046854821696> (requestor.py:_fetch_single_async:199 -> session.py:request:318) from logger `RFC.session_aiohttp`
[INFO] session requesting PapersCoolPaperPage(venue_CVPR.2022).PapersCoolPaperKimiSection(venue_CVPR.2022_=Wang_Counterfactual_Cycle-Consistent_Learning_for_Instruction_Following_and_Generation_in_Vision-Language@CVPR2022@CVF)

2024-04-04 00:11:33,396 <requestor-worker-9:4140868, MainThread:140046854821696> (requestor.py:_fetch_single_async:199 -> session.py:request:318) from logger `RFC.session_aiohttp`
[INFO] session requesting PapersCoolPaperPage(venue_CVPR.2023).PapersCoolPaperKimiSection(venue_CVPR.2023_=Zhang_Class_Relationship_Embedded_Learning_for_Source-Free_Unsupervised_Domain_Adaptation@CVPR2023@CVF)

2024-04-04 00:11:33,402 <requestor-worker-9:4140868, MainThread:140046854821696> (requestor.py:_fetch_single_async:199 -> session.py:request:318) from logger `RFC.session_aiohttp`
[INFO] session requesting PapersCoolPaperPage(venue_CVPR.2022).PapersCoolPaperKimiSection(venue_CVPR.2022_=Teney_Evading_the_Simplicity_Bias_Training_a_Diverse_Set_of_Models@CVPR2022@CVF)

2024-04-04 00:11:33,407 <requestor-worker-9:4140868, MainThread:140046854821696> (requestor.py:_fetch_single_async:199 -> session.py:request:318) from logger `RFC.session_aiohttp`
[INFO] session requesting PapersCoolPaperPage(venue_CVPR.2023).PapersCoolPaperKimiSection(venue_CVPR.2023_=Wang_FeatureBooster_Boosting_Feature_Descriptors_With_a_Lightweight_Neural_Network@CVPR2023@CVF)

2024-04-04 00:11:33,411 <requestor-worker-9:4140868, MainThread:140046854821696> (requestor.py:_fetch_single_async:199 -> session.py:request:318) from logger `RFC.session_aiohttp`
[INFO] session requesting PapersCoolPaperPage(venue_CVPR.2022).PapersCoolPaperKimiSection(venue_CVPR.2022_=Sener_Assembly101_A_Large-Scale_Multi-View_Video_Dataset_for_Understanding_Procedural_Activities@CVPR2022@CVF)

2024-04-04 00:11:33,415 <requestor-worker-9:4140868, MainThread:140046854821696> (requestor.py:_fetch_single_async:199 -> session.py:request:318) from logger `RFC.session_aiohttp`
[INFO] session requesting PapersCoolPaperPage(venue_NeurIPS.2023).PapersCoolPaperKimiSection(venue_NeurIPS.2023_=yC3q7vInux@OpenReview)

2024-04-04 00:11:33,423 <requestor-worker-9:4140868, MainThread:140046854821696> (requestor.py:_fetch_single_async:199 -> session.py:request:318) from logger `RFC.session_aiohttp`
[INFO] session requesting PapersCoolPaperPage(venue_NeurIPS.2023).PapersCoolPaperKimiSection(venue_NeurIPS.2023_=W5If9P1xqO@OpenReview)

2024-04-04 00:11:33,447 <requestor-worker-9:4140868, MainThread:140046854821696> (requestor.py:_fetch_single_async:199 -> session.py:request:318) from logger `RFC.session_aiohttp`
[INFO] session requesting PapersCoolPaperPage(venue_ACL.2023).PapersCoolPaperKimiSection(venue_ACL.2023_=2023.acl-long.204@ACL)

2024-04-04 00:11:33,449 <requestor-worker-9:4140868, MainThread:140046854821696> (requestor.py:_fetch_single_async:199 -> session.py:request:318) from logger `RFC.session_aiohttp`
[INFO] session requesting PapersCoolPaperPage(venue_NeurIPS.2023).PapersCoolPaperKimiSection(venue_NeurIPS.2023_=dVaWCDMBof@OpenReview)

2024-04-04 00:11:34,080 <requestor-worker-9:4140868, MainThread:140046854821696> (requestor.py:_fetch_single_async:199 -> session.py:request:318) from logger `RFC.session_aiohttp`
[INFO] session requesting PapersCoolPaperPage(venue_CVPR.2023).PapersCoolPaperKimiSection(venue_CVPR.2023_=Liu_A_Soma_Segmentation_Benchmark_in_Full_Adult_Fly_Brain@CVPR2023@CVF)

2024-04-04 00:11:34,083 <requestor-worker-9:4140868, MainThread:140046854821696> (requestor.py:_fetch_single_async:199 -> session.py:request:318) from logger `RFC.session_aiohttp`
[INFO] session requesting PapersCoolPaperPage(venue_ACL.2023).PapersCoolPaperKimiSection(venue_ACL.2023_=2023.findings-acl.238@ACL)

2024-04-04 00:11:34,086 <requestor-worker-9:4140868, MainThread:140046854821696> (requestor.py:_fetch_single_async:199 -> session.py:request:318) from logger `RFC.session_aiohttp`
[INFO] session requesting PapersCoolPaperPage(venue_NeurIPS.2021).PapersCoolPaperKimiSection(venue_NeurIPS.2021_=k9iBo3RmCFd@OpenReview)

2024-04-04 00:11:34,090 <requestor-worker-9:4140868, MainThread:140046854821696> (requestor.py:_fetch_single_async:199 -> session.py:request:318) from logger `RFC.session_aiohttp`
[INFO] session requesting PapersCoolPaperPage(venue_ICCV.2019).PapersCoolPaperKimiSection(venue_ICCV.2019_=Tung_Similarity-Preserving_Knowledge_Distillation@ICCV2019@CVF)

2024-04-04 00:11:34,094 <requestor-worker-9:4140868, MainThread:140046854821696> (requestor.py:_fetch_single_async:199 -> session.py:request:318) from logger `RFC.session_aiohttp`
[INFO] session requesting PapersCoolPaperPage(venue_ACL.2023).PapersCoolPaperKimiSection(venue_ACL.2023_=2023.findings-acl.239@ACL)

2024-04-04 00:11:34,097 <requestor-worker-9:4140868, MainThread:140046854821696> (requestor.py:_fetch_single_async:199 -> session.py:request:318) from logger `RFC.session_aiohttp`
[INFO] session requesting PapersCoolPaperPage(venue_ICCV.2021).PapersCoolPaperKimiSection(venue_ICCV.2021_=Huang_FaPN_Feature-Aligned_Pyramid_Network_for_Dense_Image_Prediction@ICCV2021@CVF)

2024-04-04 00:11:34,105 <requestor-worker-9:4140868, MainThread:140046854821696> (requestor.py:_fetch_single_async:199 -> session.py:request:318) from logger `RFC.session_aiohttp`
[INFO] session requesting PapersCoolPaperPage(venue_EMNLP.2023).PapersCoolPaperKimiSection(venue_EMNLP.2023_=2023.findings-emnlp.116@ACL)

2024-04-04 00:11:34,125 <requestor-worker-9:4140868, MainThread:140046854821696> (requestor.py:_fetch_single_async:199 -> session.py:request:318) from logger `RFC.session_aiohttp`
[INFO] session requesting PapersCoolPaperPage(venue_INTERSPEECH.2022).PapersCoolPaperKimiSection(venue_INTERSPEECH.2022_=liu22c@interspeech_2022@ISCA)

2024-04-04 00:11:34,128 <requestor-worker-9:4140868, MainThread:140046854821696> (requestor.py:_fetch_single_async:199 -> session.py:request:318) from logger `RFC.session_aiohttp`
[INFO] session requesting PapersCoolPaperPage(venue_EMNLP.2021).PapersCoolPaperKimiSection(venue_EMNLP.2021_=2021.emnlp-main.361@ACL)

2024-04-04 00:11:34,131 <requestor-worker-9:4140868, MainThread:140046854821696> (requestor.py:_fetch_single_async:199 -> session.py:request:318) from logger `RFC.session_aiohttp`
[INFO] session requesting PapersCoolPaperPage(venue_ICCV.2019).PapersCoolPaperKimiSection(venue_ICCV.2019_=Bragman_Stochastic_Filter_Groups_for_Multi-Task_CNNs_Learning_Specialist_and_Generalist@ICCV2019@CVF)

2024-04-04 00:11:34,135 <requestor-worker-9:4140868, MainThread:140046854821696> (requestor.py:_fetch_single_async:199 -> session.py:request:318) from logger `RFC.session_aiohttp`
[INFO] session requesting PapersCoolPaperPage(venue_EMNLP.2020).PapersCoolPaperKimiSection(venue_EMNLP.2020_=2020.emnlp-main.212@ACL)

2024-04-04 00:11:34,138 <requestor-worker-9:4140868, MainThread:140046854821696> (requestor.py:_fetch_single_async:199 -> session.py:request:318) from logger `RFC.session_aiohttp`
[INFO] session requesting PapersCoolPaperPage(venue_CVPR.2022).PapersCoolPaperKimiSection(venue_CVPR.2022_=Mangalam_Reversible_Vision_Transformers@CVPR2022@CVF)

2024-04-04 00:11:34,141 <requestor-worker-9:4140868, MainThread:140046854821696> (requestor.py:_fetch_single_async:199 -> session.py:request:318) from logger `RFC.session_aiohttp`
[INFO] session requesting PapersCoolPaperPage(venue_ACL.2023).PapersCoolPaperKimiSection(venue_ACL.2023_=2023.acl-long.180@ACL)

2024-04-04 00:11:34,145 <requestor-worker-9:4140868, MainThread:140046854821696> (requestor.py:_fetch_single_async:199 -> session.py:request:318) from logger `RFC.session_aiohttp`
[INFO] session requesting PapersCoolPaperPage(venue_CVPR.2022).PapersCoolPaperKimiSection(venue_CVPR.2022_=Fan_GrainSpace_A_Large-Scale_Dataset_for_Fine-Grained_and_Domain-Adaptive_Recognition_of@CVPR2022@CVF)

2024-04-04 00:11:35,255 <requestor-worker-9:4140868, MainThread:140046854821696> (requestor.py:_fetch_single_async:199 -> session.py:request:318) from logger `RFC.session_aiohttp`
[INFO] session requesting PapersCoolPaperPage(venue_CVPR.2023).PapersCoolPaperKimiSection(venue_CVPR.2023_=Wang_Rethinking_the_Correlation_in_Few-Shot_Segmentation_A_Buoys_View@CVPR2023@CVF)

2024-04-04 00:11:35,261 <requestor-worker-9:4140868, MainThread:140046854821696> (requestor.py:_fetch_single_async:199 -> session.py:request:318) from logger `RFC.session_aiohttp`
[INFO] session requesting PapersCoolPaperPage(venue_ACL.2021).PapersCoolPaperKimiSection(venue_ACL.2021_=2021.acl-long.335@ACL)

2024-04-04 00:11:35,273 <requestor-worker-9:4140868, MainThread:140046854821696> (requestor.py:_fetch_single_async:199 -> session.py:request:318) from logger `RFC.session_aiohttp`
[INFO] session requesting PapersCoolPaperPage(venue_CVPR.2022).PapersCoolPaperKimiSection(venue_CVPR.2022_=Li_Exploring_Denoised_Cross-Video_Contrast_for_Weakly-Supervised_Temporal_Action_Localization@CVPR2022@CVF)

2024-04-04 00:11:35,276 <requestor-worker-9:4140868, MainThread:140046854821696> (requestor.py:_fetch_single_async:199 -> session.py:request:318) from logger `RFC.session_aiohttp`
[INFO] session requesting PapersCoolPaperPage(venue_EMNLP.2020).PapersCoolPaperKimiSection(venue_EMNLP.2020_=2020.emnlp-main.227@ACL)

2024-04-04 00:11:35,279 <requestor-worker-9:4140868, MainThread:140046854821696> (requestor.py:_fetch_single_async:199 -> session.py:request:318) from logger `RFC.session_aiohttp`
[INFO] session requesting PapersCoolPaperPage(venue_ACL.2020).PapersCoolPaperKimiSection(venue_ACL.2020_=2020.acl-main.168@ACL)

2024-04-04 00:11:35,282 <requestor-worker-9:4140868, MainThread:140046854821696> (requestor.py:_fetch_single_async:199 -> session.py:request:318) from logger `RFC.session_aiohttp`
[INFO] session requesting PapersCoolPaperPage(venue_NeurIPS.2022).PapersCoolPaperKimiSection(venue_NeurIPS.2022_=pNHT6oBaPr8@OpenReview)

2024-04-04 00:11:35,284 <requestor-worker-9:4140868, MainThread:140046854821696> (requestor.py:_fetch_single_async:199 -> session.py:request:318) from logger `RFC.session_aiohttp`
[INFO] session requesting PapersCoolPaperPage(venue_CVPR.2021).PapersCoolPaperKimiSection(venue_CVPR.2021_=Zhong_OpenMix_Reviving_Known_Knowledge_for_Discovering_Novel_Visual_Categories_in@CVPR2021@CVF)

2024-04-04 00:11:35,287 <requestor-worker-9:4140868, MainThread:140046854821696> (requestor.py:_fetch_single_async:199 -> session.py:request:318) from logger `RFC.session_aiohttp`
[INFO] session requesting PapersCoolPaperPage(venue_ICCV.2019).PapersCoolPaperKimiSection(venue_ICCV.2019_=Esteves_Equivariant_Multi-View_Networks@ICCV2019@CVF)

2024-04-04 00:11:35,290 <requestor-worker-9:4140868, MainThread:140046854821696> (requestor.py:_fetch_single_async:199 -> session.py:request:318) from logger `RFC.session_aiohttp`
[INFO] session requesting PapersCoolPaperPage(venue_ACL.2021).PapersCoolPaperKimiSection(venue_ACL.2021_=2021.acl-long.336@ACL)

2024-04-04 00:11:35,294 <requestor-worker-9:4140868, MainThread:140046854821696> (requestor.py:_fetch_single_async:199 -> session.py:request:318) from logger `RFC.session_aiohttp`
[INFO] session requesting PapersCoolPaperPage(venue_EMNLP.2022).PapersCoolPaperKimiSection(venue_EMNLP.2022_=2022.emnlp-main.565@ACL)

2024-04-04 00:11:36,021 <requestor-worker-9:4140868, MainThread:140046854821696> (requestor.py:_fetch_single_async:199 -> session.py:request:318) from logger `RFC.session_aiohttp`
[INFO] session requesting PapersCoolPaperPage(venue_ACL.2023).PapersCoolPaperKimiSection(venue_ACL.2023_=2023.acl-long.125@ACL)

2024-04-04 00:11:36,024 <requestor-worker-9:4140868, MainThread:140046854821696> (requestor.py:_fetch_single_async:199 -> session.py:request:318) from logger `RFC.session_aiohttp`
[INFO] session requesting PapersCoolPaperPage(venue_ICCV.2019).PapersCoolPaperKimiSection(venue_ICCV.2019_=Radosavovic_On_Network_Design_Spaces_for_Visual_Recognition@ICCV2019@CVF)

2024-04-04 00:11:36,026 <requestor-worker-9:4140868, MainThread:140046854821696> (requestor.py:_fetch_single_async:199 -> session.py:request:318) from logger `RFC.session_aiohttp`
[INFO] session requesting PapersCoolPaperPage(venue_EMNLP.2020).PapersCoolPaperKimiSection(venue_EMNLP.2020_=2020.emnlp-main.261@ACL)

2024-04-04 00:11:36,030 <requestor-worker-9:4140868, MainThread:140046854821696> (requestor.py:_fetch_single_async:199 -> session.py:request:318) from logger `RFC.session_aiohttp`
[INFO] session requesting PapersCoolPaperPage(venue_ICML.2022).PapersCoolPaperKimiSection(venue_ICML.2022_=kohs22a@v162@PMLR)

2024-04-04 00:11:36,034 <requestor-worker-9:4140868, MainThread:140046854821696> (requestor.py:_fetch_single_async:199 -> session.py:request:318) from logger `RFC.session_aiohttp`
[INFO] session requesting PapersCoolPaperPage(venue_NeurIPS.2021).PapersCoolPaperKimiSection(venue_NeurIPS.2021_=hhkyM3ib9e6@OpenReview)

2024-04-04 00:11:36,038 <requestor-worker-9:4140868, MainThread:140046854821696> (requestor.py:_fetch_single_async:199 -> session.py:request:318) from logger `RFC.session_aiohttp`
[INFO] session requesting PapersCoolPaperPage(venue_ACL.2021).PapersCoolPaperKimiSection(venue_ACL.2021_=2021.acl-long.369@ACL)

2024-04-04 00:11:36,041 <requestor-worker-9:4140868, MainThread:140046854821696> (requestor.py:_fetch_single_async:199 -> session.py:request:318) from logger `RFC.session_aiohttp`
[INFO] session requesting PapersCoolPaperPage(venue_NeurIPS.2023).PapersCoolPaperKimiSection(venue_NeurIPS.2023_=eXubleMT0q@OpenReview)

2024-04-04 00:11:36,045 <requestor-worker-9:4140868, MainThread:140046854821696> (requestor.py:_fetch_single_async:199 -> session.py:request:318) from logger `RFC.session_aiohttp`
[INFO] session requesting PapersCoolPaperPage(venue_ICML.2022).PapersCoolPaperKimiSection(venue_ICML.2022_=qin22a@v162@PMLR)

2024-04-04 00:11:36,048 <requestor-worker-9:4140868, MainThread:140046854821696> (requestor.py:_fetch_single_async:199 -> session.py:request:318) from logger `RFC.session_aiohttp`
[INFO] session requesting PapersCoolPaperPage(venue_EMNLP.2021).PapersCoolPaperKimiSection(venue_EMNLP.2021_=2021.emnlp-main.408@ACL)

2024-04-04 00:11:36,051 <requestor-worker-9:4140868, MainThread:140046854821696> (requestor.py:_fetch_single_async:199 -> session.py:request:318) from logger `RFC.session_aiohttp`
[INFO] session requesting PapersCoolPaperPage(venue_ACL.2023).PapersCoolPaperKimiSection(venue_ACL.2023_=2023.acl-long.124@ACL)

2024-04-04 00:11:36,053 <requestor-worker-9:4140868, MainThread:140046854821696> (requestor.py:_fetch_single_async:199 -> session.py:request:318) from logger `RFC.session_aiohttp`
[INFO] session requesting PapersCoolPaperPage(venue_ICCV.2021).PapersCoolPaperKimiSection(venue_ICCV.2021_=Kim_Viewpoint-Agnostic_Change_Captioning_With_Cycle_Consistency@ICCV2021@CVF)

2024-04-04 00:11:36,056 <requestor-worker-9:4140868, MainThread:140046854821696> (requestor.py:_fetch_single_async:199 -> session.py:request:318) from logger `RFC.session_aiohttp`
[INFO] session requesting PapersCoolPaperPage(venue_ACL.2022).PapersCoolPaperKimiSection(venue_ACL.2022_=2022.acl-long.416@ACL)

2024-04-04 00:11:36,059 <requestor-worker-9:4140868, MainThread:140046854821696> (requestor.py:_fetch_single_async:199 -> session.py:request:318) from logger `RFC.session_aiohttp`
[INFO] session requesting PapersCoolPaperPage(venue_CVPR.2022).PapersCoolPaperKimiSection(venue_CVPR.2022_=Xue_GIRAFFE_HD_A_High-Resolution_3D-Aware_Generative_Model@CVPR2022@CVF)

2024-04-04 00:11:36,062 <requestor-worker-9:4140868, MainThread:140046854821696> (requestor.py:_fetch_single_async:199 -> session.py:request:318) from logger `RFC.session_aiohttp`
[INFO] session requesting PapersCoolPaperPage(venue_ICML.2022).PapersCoolPaperKimiSection(venue_ICML.2022_=mu22a@v162@PMLR)

2024-04-04 00:11:36,715 <requestor-worker-9:4140868, MainThread:140046854821696> (requestor.py:_fetch_single_async:199 -> session.py:request:318) from logger `RFC.session_aiohttp`
[INFO] session requesting PapersCoolPaperPage(venue_NeurIPS.2021).PapersCoolPaperKimiSection(venue_NeurIPS.2021_=nqutwR1WDBY@OpenReview)

2024-04-04 00:11:36,718 <requestor-worker-9:4140868, MainThread:140046854821696> (requestor.py:_fetch_single_async:199 -> session.py:request:318) from logger `RFC.session_aiohttp`
[INFO] session requesting PapersCoolPaperPage(venue_ICCV.2021).PapersCoolPaperKimiSection(venue_ICCV.2021_=Tang_Disentangled_High_Quality_Salient_Object_Detection@ICCV2021@CVF)

2024-04-04 00:11:36,721 <requestor-worker-9:4140868, MainThread:140046854821696> (requestor.py:_fetch_single_async:199 -> session.py:request:318) from logger `RFC.session_aiohttp`
[INFO] session requesting PapersCoolPaperPage(venue_EMNLP.2022).PapersCoolPaperKimiSection(venue_EMNLP.2022_=2022.emnlp-main.625@ACL)

2024-04-04 00:11:36,724 <requestor-worker-9:4140868, MainThread:140046854821696> (requestor.py:_fetch_single_async:199 -> session.py:request:318) from logger `RFC.session_aiohttp`
[INFO] session requesting PapersCoolPaperPage(venue_ACL.2022).PapersCoolPaperKimiSection(venue_ACL.2022_=2022.acl-long.436@ACL)

2024-04-04 00:11:36,728 <requestor-worker-9:4140868, MainThread:140046854821696> (requestor.py:_fetch_single_async:199 -> session.py:request:318) from logger `RFC.session_aiohttp`
[INFO] session requesting PapersCoolPaperPage(venue_ICCV.2023).PapersCoolPaperKimiSection(venue_ICCV.2023_=Han_Open-Vocabulary_Semantic_Segmentation_with_Decoupled_One-Pass_Network@ICCV2023@CVF)

2024-04-04 00:11:36,731 <requestor-worker-9:4140868, MainThread:140046854821696> (requestor.py:_fetch_single_async:199 -> session.py:request:318) from logger `RFC.session_aiohttp`
[INFO] session requesting PapersCoolPaperPage(venue_ACL.2020).PapersCoolPaperKimiSection(venue_ACL.2020_=2020.acl-main.200@ACL)

2024-04-04 00:11:36,734 <requestor-worker-9:4140868, MainThread:140046854821696> (requestor.py:_fetch_single_async:199 -> session.py:request:318) from logger `RFC.session_aiohttp`
[INFO] session requesting PapersCoolPaperPage(venue_ACL.2021).PapersCoolPaperKimiSection(venue_ACL.2021_=2021.acl-long.398@ACL)

2024-04-04 00:11:36,737 <requestor-worker-9:4140868, MainThread:140046854821696> (requestor.py:_fetch_single_async:199 -> session.py:request:318) from logger `RFC.session_aiohttp`
[INFO] session requesting PapersCoolPaperPage(venue_EMNLP.2023).PapersCoolPaperKimiSection(venue_EMNLP.2023_=2023.findings-emnlp.196@ACL)

2024-04-04 00:11:36,740 <requestor-worker-9:4140868, MainThread:140046854821696> (requestor.py:_fetch_single_async:199 -> session.py:request:318) from logger `RFC.session_aiohttp`
[INFO] session requesting PapersCoolPaperPage(venue_ICML.2022).PapersCoolPaperKimiSection(venue_ICML.2022_=yao22a@v162@PMLR)

2024-04-04 00:11:36,761 <requestor-worker-9:4140868, MainThread:140046854821696> (requestor.py:_fetch_single_async:199 -> session.py:request:318) from logger `RFC.session_aiohttp`
[INFO] session requesting PapersCoolPaperPage(venue_ACL.2021).PapersCoolPaperKimiSection(venue_ACL.2021_=2021.acl-long.399@ACL)

2024-04-04 00:11:38,424 <requestor-worker-9:4140868, MainThread:140046854821696> (requestor.py:_fetch_single_async:199 -> session.py:request:318) from logger `RFC.session_aiohttp`
[INFO] session requesting PapersCoolPaperPage(venue_ACL.2023).PapersCoolPaperKimiSection(venue_ACL.2023_=2023.acl-long.81@ACL)

2024-04-04 00:11:38,428 <requestor-worker-9:4140868, MainThread:140046854821696> (requestor.py:_fetch_single_async:199 -> session.py:request:318) from logger `RFC.session_aiohttp`
[INFO] session requesting PapersCoolPaperPage(venue_CVPR.2023).PapersCoolPaperKimiSection(venue_CVPR.2023_=Huang_QuantArt_Quantizing_Image_Style_Transfer_Towards_High_Visual_Fidelity@CVPR2023@CVF)

2024-04-04 00:11:38,432 <requestor-worker-9:4140868, MainThread:140046854821696> (requestor.py:_fetch_single_async:199 -> session.py:request:318) from logger `RFC.session_aiohttp`
[INFO] session requesting PapersCoolPaperPage(venue_CVPR.2023).PapersCoolPaperKimiSection(venue_CVPR.2023_=Xie_An_Actor-Centric_Causality_Graph_for_Asynchronous_Temporal_Inference_in_Group@CVPR2023@CVF)

2024-04-04 00:11:38,436 <requestor-worker-9:4140868, MainThread:140046854821696> (requestor.py:_fetch_single_async:199 -> session.py:request:318) from logger `RFC.session_aiohttp`
[INFO] session requesting PapersCoolPaperPage(venue_CVPR.2023).PapersCoolPaperKimiSection(venue_CVPR.2023_=Hwang_Meta-Explore_Exploratory_Hierarchical_Vision-and-Language_Navigation_Using_Scene_Object_Spectrum_Grounding@CVPR2023@CVF)

2024-04-04 00:11:38,439 <requestor-worker-9:4140868, MainThread:140046854821696> (requestor.py:_fetch_single_async:199 -> session.py:request:318) from logger `RFC.session_aiohttp`
[INFO] session requesting PapersCoolPaperPage(venue_CVPR.2023).PapersCoolPaperKimiSection(venue_CVPR.2023_=Yao_Visual-Language_Prompt_Tuning_With_Knowledge-Guided_Context_Optimization@CVPR2023@CVF)

2024-04-04 00:11:38,442 <requestor-worker-9:4140868, MainThread:140046854821696> (requestor.py:_fetch_single_async:199 -> session.py:request:318) from logger `RFC.session_aiohttp`
[INFO] session requesting PapersCoolPaperPage(venue_CVPR.2023).PapersCoolPaperKimiSection(venue_CVPR.2023_=Ji_Seeing_What_You_Miss_Vision-Language_Pre-Training_With_Semantic_Completion_Learning@CVPR2023@CVF)

2024-04-04 00:11:38,444 <requestor-worker-9:4140868, MainThread:140046854821696> (requestor.py:_fetch_single_async:199 -> session.py:request:318) from logger `RFC.session_aiohttp`
[INFO] session requesting PapersCoolPaperPage(venue_ACL.2022).PapersCoolPaperKimiSection(venue_ACL.2022_=2022.acl-long.449@ACL)

2024-04-04 00:11:38,449 <requestor-worker-9:4140868, MainThread:140046854821696> (requestor.py:_fetch_single_async:199 -> session.py:request:318) from logger `RFC.session_aiohttp`
[INFO] session requesting PapersCoolPaperPage(venue_NeurIPS.2022).PapersCoolPaperKimiSection(venue_NeurIPS.2022_=mwIPkVDeFg@OpenReview)

2024-04-04 00:11:38,453 <requestor-worker-9:4140868, MainThread:140046854821696> (requestor.py:_fetch_single_async:199 -> session.py:request:318) from logger `RFC.session_aiohttp`
[INFO] session requesting PapersCoolPaperPage(venue_INTERSPEECH.2022).PapersCoolPaperKimiSection(venue_INTERSPEECH.2022_=liu22m@interspeech_2022@ISCA)

2024-04-04 00:11:38,459 <requestor-worker-9:4140868, MainThread:140046854821696> (requestor.py:_fetch_single_async:199 -> session.py:request:318) from logger `RFC.session_aiohttp`
[INFO] session requesting PapersCoolPaperPage(venue_ICML.2021).PapersCoolPaperKimiSection(venue_ICML.2021_=wang21aa@v139@PMLR)

2024-04-04 00:11:38,473 <requestor-worker-9:4140868, MainThread:140046854821696> (requestor.py:_fetch_single_async:199 -> session.py:request:318) from logger `RFC.session_aiohttp`
[INFO] session requesting PapersCoolPaperPage(venue_NeurIPS.2023).PapersCoolPaperKimiSection(venue_NeurIPS.2023_=kAU6Cdq1gV@OpenReview)

2024-04-04 00:11:38,482 <requestor-worker-9:4140868, MainThread:140046854821696> (requestor.py:_fetch_single_async:199 -> session.py:request:318) from logger `RFC.session_aiohttp`
[INFO] session requesting PapersCoolPaperPage(venue_ICCV.2021).PapersCoolPaperKimiSection(venue_ICCV.2021_=Schwettmann_Toward_a_Visual_Concept_Vocabulary_for_GAN_Latent_Space@ICCV2021@CVF)

2024-04-04 00:11:38,486 <requestor-worker-9:4140868, MainThread:140046854821696> (requestor.py:_fetch_single_async:199 -> session.py:request:318) from logger `RFC.session_aiohttp`
[INFO] session requesting PapersCoolPaperPage(venue_EMNLP.2020).PapersCoolPaperKimiSection(venue_EMNLP.2020_=2020.emnlp-main.305@ACL)

2024-04-04 00:11:38,497 <requestor-worker-9:4140868, MainThread:140046854821696> (requestor.py:_fetch_single_async:199 -> session.py:request:318) from logger `RFC.session_aiohttp`
[INFO] session requesting PapersCoolPaperPage(venue_ACL.2023).PapersCoolPaperKimiSection(venue_ACL.2023_=2023.acl-long.80@ACL)

2024-04-04 00:11:38,990 <requestor-worker-9:4140868, MainThread:140046854821696> (requestor.py:_fetch_single_async:199 -> session.py:request:318) from logger `RFC.session_aiohttp`
[INFO] session requesting PapersCoolPaperPage(venue_NeurIPS.2023).PapersCoolPaperKimiSection(venue_NeurIPS.2023_=V5cQH7JbGo@OpenReview)

2024-04-04 00:11:38,992 <requestor-worker-9:4140868, MainThread:140046854821696> (requestor.py:_fetch_single_async:199 -> session.py:request:318) from logger `RFC.session_aiohttp`
[INFO] session requesting PapersCoolPaperPage(venue_ACL.2020).PapersCoolPaperKimiSection(venue_ACL.2020_=2020.acl-main.214@ACL)

2024-04-04 00:11:38,995 <requestor-worker-9:4140868, MainThread:140046854821696> (requestor.py:_fetch_single_async:199 -> session.py:request:318) from logger `RFC.session_aiohttp`
[INFO] session requesting PapersCoolPaperPage(venue_EMNLP.2020).PapersCoolPaperKimiSection(venue_EMNLP.2020_=2020.emnlp-main.322@ACL)

2024-04-04 00:11:39,006 <requestor-worker-9:4140868, MainThread:140046854821696> (requestor.py:_fetch_single_async:199 -> session.py:request:318) from logger `RFC.session_aiohttp`
[INFO] session requesting PapersCoolPaperPage(venue_ACL.2022).PapersCoolPaperKimiSection(venue_ACL.2022_=2022.acl-long.459@ACL)

2024-04-04 00:11:39,013 <requestor-worker-9:4140868, MainThread:140046854821696> (requestor.py:_fetch_single_async:199 -> session.py:request:318) from logger `RFC.session_aiohttp`
[INFO] session requesting PapersCoolPaperPage(venue_ACL.2021).PapersCoolPaperKimiSection(venue_ACL.2021_=2021.acl-long.426@ACL)

2024-04-04 00:11:39,023 <requestor-worker-9:4140868, MainThread:140046854821696> (requestor.py:_fetch_single_async:199 -> session.py:request:318) from logger `RFC.session_aiohttp`
[INFO] session requesting PapersCoolPaperPage(venue_NeurIPS.2022).PapersCoolPaperKimiSection(venue_NeurIPS.2022_=H3Gv7XEGzYV@OpenReview)

2024-04-04 00:11:39,031 <requestor-worker-9:4140868, MainThread:140046854821696> (requestor.py:_fetch_single_async:199 -> session.py:request:318) from logger `RFC.session_aiohttp`
[INFO] session requesting PapersCoolPaperPage(venue_ACL.2023).PapersCoolPaperKimiSection(venue_ACL.2023_=2023.findings-acl.311@ACL)

2024-04-04 00:11:39,041 <requestor-worker-9:4140868, MainThread:140046854821696> (requestor.py:_fetch_single_async:199 -> session.py:request:318) from logger `RFC.session_aiohttp`
[INFO] session requesting PapersCoolPaperPage(venue_EMNLP.2021).PapersCoolPaperKimiSection(venue_EMNLP.2021_=2021.emnlp-main.469@ACL)

2024-04-04 00:11:39,049 <requestor-worker-9:4140868, MainThread:140046854821696> (requestor.py:_fetch_single_async:199 -> session.py:request:318) from logger `RFC.session_aiohttp`
[INFO] session requesting PapersCoolPaperPage(venue_EMNLP.2020).PapersCoolPaperKimiSection(venue_EMNLP.2020_=2020.emnlp-main.323@ACL)

2024-04-04 00:11:39,059 <requestor-worker-9:4140868, MainThread:140046854821696> (requestor.py:_fetch_single_async:199 -> session.py:request:318) from logger `RFC.session_aiohttp`
[INFO] session requesting PapersCoolPaperPage(venue_INTERSPEECH.2022).PapersCoolPaperKimiSection(venue_INTERSPEECH.2022_=song22b@interspeech_2022@ISCA)

2024-04-04 00:11:40,369 <requestor-worker-9:4140868, MainThread:140046854821696> (requestor.py:_fetch_single_async:199 -> session.py:request:318) from logger `RFC.session_aiohttp`
[INFO] session requesting PapersCoolPaperPage(venue_ACL.2023).PapersCoolPaperKimiSection(venue_ACL.2023_=2023.acl-long.36@ACL)

2024-04-04 00:11:40,374 <requestor-worker-9:4140868, MainThread:140046854821696> (requestor.py:_fetch_single_async:199 -> session.py:request:318) from logger `RFC.session_aiohttp`
[INFO] session requesting PapersCoolPaperPage(venue_EMNLP.2023).PapersCoolPaperKimiSection(venue_EMNLP.2023_=2023.findings-emnlp.252@ACL)

2024-04-04 00:11:40,383 <requestor-worker-9:4140868, MainThread:140046854821696> (requestor.py:_fetch_single_async:199 -> session.py:request:318) from logger `RFC.session_aiohttp`
[INFO] session requesting PapersCoolPaperPage(venue_NeurIPS.2023).PapersCoolPaperKimiSection(venue_NeurIPS.2023_=wiv21EJ0Vd@OpenReview)

2024-04-04 00:11:40,386 <requestor-worker-9:4140868, MainThread:140046854821696> (requestor.py:_fetch_single_async:199 -> session.py:request:318) from logger `RFC.session_aiohttp`
[INFO] session requesting PapersCoolPaperPage(venue_ICML.2022).PapersCoolPaperKimiSection(venue_ICML.2022_=trabucco22b@v162@PMLR)

2024-04-04 00:11:40,388 <requestor-worker-9:4140868, MainThread:140046854821696> (requestor.py:_fetch_single_async:199 -> session.py:request:318) from logger `RFC.session_aiohttp`
[INFO] session requesting PapersCoolPaperPage(venue_ACL.2020).PapersCoolPaperKimiSection(venue_ACL.2020_=2020.acl-main.233@ACL)

2024-04-04 00:11:40,390 <requestor-worker-9:4140868, MainThread:140046854821696> (requestor.py:_fetch_single_async:199 -> session.py:request:318) from logger `RFC.session_aiohttp`
[INFO] session requesting PapersCoolPaperPage(venue_EMNLP.2021).PapersCoolPaperKimiSection(venue_EMNLP.2021_=2021.emnlp-main.500@ACL)

2024-04-04 00:11:40,391 <requestor-worker-9:4140868, MainThread:140046854821696> (requestor.py:_fetch_single_async:199 -> session.py:request:318) from logger `RFC.session_aiohttp`
[INFO] session requesting PapersCoolPaperPage(venue_ICCV.2023).PapersCoolPaperKimiSection(venue_ICCV.2023_=Zhou_Gloss-Free_Sign_Language_Translation_Improving_from_Visual-Language_Pretraining@ICCV2023@CVF)

2024-04-04 00:11:40,394 <requestor-worker-9:4140868, MainThread:140046854821696> (requestor.py:_fetch_single_async:199 -> session.py:request:318) from logger `RFC.session_aiohttp`
[INFO] session requesting PapersCoolPaperPage(venue_EMNLP.2023).PapersCoolPaperKimiSection(venue_EMNLP.2023_=2023.findings-emnlp.253@ACL)

2024-04-04 00:11:40,397 <requestor-worker-9:4140868, MainThread:140046854821696> (requestor.py:_fetch_single_async:199 -> session.py:request:318) from logger `RFC.session_aiohttp`
[INFO] session requesting PapersCoolPaperPage(venue_NeurIPS.2023).PapersCoolPaperKimiSection(venue_NeurIPS.2023_=EY4OHikuBm@OpenReview)

2024-04-04 00:11:40,400 <requestor-worker-9:4140868, MainThread:140046854821696> (requestor.py:_fetch_single_async:199 -> session.py:request:318) from logger `RFC.session_aiohttp`
[INFO] session requesting PapersCoolPaperPage(venue_ACL.2023).PapersCoolPaperKimiSection(venue_ACL.2023_=2023.acl-long.35@ACL)

2024-04-04 00:11:40,404 <requestor-worker-9:4140868, MainThread:140046854821696> (requestor.py:_fetch_single_async:199 -> session.py:request:318) from logger `RFC.session_aiohttp`
[INFO] session requesting PapersCoolPaperPage(venue_ICML.2022).PapersCoolPaperKimiSection(venue_ICML.2022_=zaffran22a@v162@PMLR)

2024-04-04 00:11:40,407 <requestor-worker-9:4140868, MainThread:140046854821696> (requestor.py:_fetch_single_async:199 -> session.py:request:318) from logger `RFC.session_aiohttp`
[INFO] session requesting PapersCoolPaperPage(venue_EMNLP.2021).PapersCoolPaperKimiSection(venue_EMNLP.2021_=2021.emnlp-main.501@ACL)

2024-04-04 00:11:40,410 <requestor-worker-9:4140868, MainThread:140046854821696> (requestor.py:_fetch_single_async:199 -> session.py:request:318) from logger `RFC.session_aiohttp`
[INFO] session requesting PapersCoolPaperPage(venue_NeurIPS.2023).PapersCoolPaperKimiSection(venue_NeurIPS.2023_=cAPMmCl2f3@OpenReview)

2024-04-04 00:11:40,412 <requestor-worker-9:4140868, MainThread:140046854821696> (requestor.py:_fetch_single_async:199 -> session.py:request:318) from logger `RFC.session_aiohttp`
[INFO] session requesting PapersCoolPaperPage(venue_ACL.2021).PapersCoolPaperKimiSection(venue_ACL.2021_=2021.acl-long.459@ACL)

2024-04-04 00:11:40,862 <requestor-worker-9:4140868, MainThread:140046854821696> (requestor.py:_fetch_single_async:199 -> session.py:request:318) from logger `RFC.session_aiohttp`
[INFO] session requesting PapersCoolPaperPage(venue_ACL.2023).PapersCoolPaperKimiSection(venue_ACL.2023_=2023.acl-long.24@ACL)

2024-04-04 00:11:40,865 <requestor-worker-9:4140868, MainThread:140046854821696> (requestor.py:_fetch_single_async:199 -> session.py:request:318) from logger `RFC.session_aiohttp`
[INFO] session requesting PapersCoolPaperPage(venue_CVPR.2022).PapersCoolPaperKimiSection(venue_CVPR.2022_=Rajasegaran_Tracking_People_by_Predicting_3D_Appearance_Location_and_Pose@CVPR2022@CVF)

2024-04-04 00:11:40,867 <requestor-worker-9:4140868, MainThread:140046854821696> (requestor.py:_fetch_single_async:199 -> session.py:request:318) from logger `RFC.session_aiohttp`
[INFO] session requesting PapersCoolPaperPage(venue_EMNLP.2021).PapersCoolPaperKimiSection(venue_EMNLP.2021_=2021.emnlp-main.517@ACL)

2024-04-04 00:11:40,872 <requestor-worker-9:4140868, MainThread:140046854821696> (requestor.py:_fetch_single_async:199 -> session.py:request:318) from logger `RFC.session_aiohttp`
[INFO] session requesting PapersCoolPaperPage(venue_CVPR.2021).PapersCoolPaperKimiSection(venue_CVPR.2021_=Wang_Seesaw_Loss_for_Long-Tailed_Instance_Segmentation@CVPR2021@CVF)

2024-04-04 00:11:40,876 <requestor-worker-9:4140868, MainThread:140046854821696> (requestor.py:_fetch_single_async:199 -> session.py:request:318) from logger `RFC.session_aiohttp`
[INFO] session requesting PapersCoolPaperPage(venue_ICCV.2019).PapersCoolPaperKimiSection(venue_ICCV.2019_=Li_Recover_and_Identify_A_Generative_Dual_Model_for_Cross-Resolution_Person@ICCV2019@CVF)

2024-04-04 00:11:40,880 <requestor-worker-9:4140868, MainThread:140046854821696> (requestor.py:_fetch_single_async:199 -> session.py:request:318) from logger `RFC.session_aiohttp`
[INFO] session requesting PapersCoolPaperPage(venue_CVPR.2023).PapersCoolPaperKimiSection(venue_CVPR.2023_=Jung_Devils_on_the_Edges_Selective_Quad_Attention_for_Scene_Graph@CVPR2023@CVF)

2024-04-04 00:11:40,882 <requestor-worker-9:4140868, MainThread:140046854821696> (requestor.py:_fetch_single_async:199 -> session.py:request:318) from logger `RFC.session_aiohttp`
[INFO] session requesting PapersCoolPaperPage(venue_CVPR.2021).PapersCoolPaperKimiSection(venue_CVPR.2021_=Gafni_Dynamic_Neural_Radiance_Fields_for_Monocular_4D_Facial_Avatar_Reconstruction@CVPR2021@CVF)

2024-04-04 00:11:40,885 <requestor-worker-9:4140868, MainThread:140046854821696> (requestor.py:_fetch_single_async:199 -> session.py:request:318) from logger `RFC.session_aiohttp`
[INFO] session requesting PapersCoolPaperPage(venue_NeurIPS.2021).PapersCoolPaperKimiSection(venue_NeurIPS.2021_=Qsd05NmZHIZ@OpenReview)

2024-04-04 00:11:40,889 <requestor-worker-9:4140868, MainThread:140046854821696> (requestor.py:_fetch_single_async:199 -> session.py:request:318) from logger `RFC.session_aiohttp`
[INFO] session requesting PapersCoolPaperPage(venue_ACL.2023).PapersCoolPaperKimiSection(venue_ACL.2023_=2023.acl-long.23@ACL)

2024-04-04 00:11:40,892 <requestor-worker-9:4140868, MainThread:140046854821696> (requestor.py:_fetch_single_async:199 -> session.py:request:318) from logger `RFC.session_aiohttp`
[INFO] session requesting PapersCoolPaperPage(venue_ACL.2021).PapersCoolPaperKimiSection(venue_ACL.2021_=2021.acl-long.476@ACL)

2024-04-04 00:11:41,533 <requestor-worker-9:4140868, MainThread:140046854821696> (requestor.py:_fetch_single_async:199 -> session.py:request:318) from logger `RFC.session_aiohttp`
[INFO] session requesting PapersCoolPaperPage(venue_ICCV.2021).PapersCoolPaperKimiSection(venue_ICCV.2021_=Babiloni_Poly-NL_Linear_Complexity_Non-Local_Layers_With_3rd_Order_Polynomials@ICCV2021@CVF)

2024-04-04 00:11:41,535 <requestor-worker-9:4140868, MainThread:140046854821696> (requestor.py:_fetch_single_async:199 -> session.py:request:318) from logger `RFC.session_aiohttp`
[INFO] session requesting PapersCoolPaperPage(venue_ICCV.2019).PapersCoolPaperKimiSection(venue_ICCV.2019_=Choi_Variable_Rate_Deep_Image_Compression_With_a_Conditional_Autoencoder@ICCV2019@CVF)

2024-04-04 00:11:41,537 <requestor-worker-9:4140868, MainThread:140046854821696> (requestor.py:_fetch_single_async:199 -> session.py:request:318) from logger `RFC.session_aiohttp`
[INFO] session requesting PapersCoolPaperPage(venue_EMNLP.2020).PapersCoolPaperKimiSection(venue_EMNLP.2020_=2020.emnlp-main.398@ACL)

2024-04-04 00:11:41,540 <requestor-worker-9:4140868, MainThread:140046854821696> (requestor.py:_fetch_single_async:199 -> session.py:request:318) from logger `RFC.session_aiohttp`
[INFO] session requesting PapersCoolPaperPage(venue_ACL.2021).PapersCoolPaperKimiSection(venue_ACL.2021_=2021.acl-long.501@ACL)

2024-04-04 00:11:41,547 <requestor-worker-9:4140868, MainThread:140046854821696> (requestor.py:_fetch_single_async:199 -> session.py:request:318) from logger `RFC.session_aiohttp`
[INFO] session requesting PapersCoolPaperPage(venue_ICCV.2019).PapersCoolPaperKimiSection(venue_ICCV.2019_=Anwar_Real_Image_Denoising_With_Feature_Attention@ICCV2019@CVF)

2024-04-04 00:11:41,553 <requestor-worker-9:4140868, MainThread:140046854821696> (requestor.py:_fetch_single_async:199 -> session.py:request:318) from logger `RFC.session_aiohttp`
[INFO] session requesting PapersCoolPaperPage(venue_ACL.2023).PapersCoolPaperKimiSection(venue_ACL.2023_=2023.acl-long.6@ACL)

2024-04-04 00:11:41,556 <requestor-worker-9:4140868, MainThread:140046854821696> (requestor.py:_fetch_single_async:199 -> session.py:request:318) from logger `RFC.session_aiohttp`
[INFO] session requesting PapersCoolPaperPage(venue_ICCV.2023).PapersCoolPaperKimiSection(venue_ICCV.2023_=Chang_DETRDistill_A_Universal_Knowledge_Distillation_Framework_for_DETR-families@ICCV2023@CVF)

2024-04-04 00:11:41,560 <requestor-worker-9:4140868, MainThread:140046854821696> (requestor.py:_fetch_single_async:199 -> session.py:request:318) from logger `RFC.session_aiohttp`
[INFO] session requesting PapersCoolPaperPage(venue_NeurIPS.2021).PapersCoolPaperKimiSection(venue_NeurIPS.2021_=DtXBYsSOxCD@OpenReview)

2024-04-04 00:11:41,567 <requestor-worker-9:4140868, MainThread:140046854821696> (requestor.py:_fetch_single_async:199 -> session.py:request:318) from logger `RFC.session_aiohttp`
[INFO] session requesting PapersCoolPaperPage(venue_ACL.2022).PapersCoolPaperKimiSection(venue_ACL.2022_=2022.acl-long.513@ACL)

2024-04-04 00:11:41,574 <requestor-worker-9:4140868, MainThread:140046854821696> (requestor.py:_fetch_single_async:199 -> session.py:request:318) from logger `RFC.session_aiohttp`
[INFO] session requesting PapersCoolPaperPage(venue_NeurIPS.2022).PapersCoolPaperKimiSection(venue_NeurIPS.2022_=6y0lgLb9tny@OpenReview)

2024-04-04 00:11:41,583 <requestor-worker-9:4140868, MainThread:140046854821696> (requestor.py:_fetch_single_async:199 -> session.py:request:318) from logger `RFC.session_aiohttp`
[INFO] session requesting PapersCoolPaperPage(venue_ICCV.2021).PapersCoolPaperKimiSection(venue_ICCV.2021_=Min_Distinctiveness_Oriented_Positional_Equilibrium_for_Point_Cloud_Registration@ICCV2021@CVF)

2024-04-04 00:11:41,593 <requestor-worker-9:4140868, MainThread:140046854821696> (requestor.py:_fetch_single_async:199 -> session.py:request:318) from logger `RFC.session_aiohttp`
[INFO] session requesting PapersCoolPaperPage(venue_CVPR.2023).PapersCoolPaperKimiSection(venue_CVPR.2023_=Rana_Hybrid_Active_Learning_via_Deep_Clustering_for_Video_Action_Detection@CVPR2023@CVF)

2024-04-04 00:11:41,598 <requestor-worker-9:4140868, MainThread:140046854821696> (requestor.py:_fetch_single_async:199 -> session.py:request:318) from logger `RFC.session_aiohttp`
[INFO] session requesting PapersCoolPaperPage(venue_EMNLP.2023).PapersCoolPaperKimiSection(venue_EMNLP.2023_=2023.findings-emnlp.299@ACL)

2024-04-04 00:11:41,618 <requestor-worker-9:4140868, MainThread:140046854821696> (requestor.py:_fetch_single_async:199 -> session.py:request:318) from logger `RFC.session_aiohttp`
[INFO] session requesting PapersCoolPaperPage(venue_INTERSPEECH.2022).PapersCoolPaperKimiSection(venue_INTERSPEECH.2022_=lin22e@interspeech_2022@ISCA)

2024-04-04 00:11:41,959 <requestor-worker-9:4140868, MainThread:140046854821696> (requestor.py:_fetch_single_async:199 -> session.py:request:318) from logger `RFC.session_aiohttp`
[INFO] session requesting PapersCoolPaperPage(venue_ICCV.2019).PapersCoolPaperKimiSection(venue_ICCV.2019_=Bello_Attention_Augmented_Convolutional_Networks@ICCV2019@CVF)

2024-04-04 00:11:41,961 <requestor-worker-9:4140868, MainThread:140046854821696> (requestor.py:_fetch_single_async:199 -> session.py:request:318) from logger `RFC.session_aiohttp`
[INFO] session requesting PapersCoolPaperPage(venue_CVPR.2021).PapersCoolPaperKimiSection(venue_CVPR.2021_=Wang_A_Self-Boosting_Framework_for_Automated_Radiographic_Report_Generation@CVPR2021@CVF)

2024-04-04 00:11:41,963 <requestor-worker-9:4140868, MainThread:140046854821696> (requestor.py:_fetch_single_async:199 -> session.py:request:318) from logger `RFC.session_aiohttp`
[INFO] session requesting PapersCoolPaperPage(venue_NeurIPS.2023).PapersCoolPaperKimiSection(venue_NeurIPS.2023_=nrQif5tH7O@OpenReview)

2024-04-04 00:11:41,964 <requestor-worker-9:4140868, MainThread:140046854821696> (requestor.py:_fetch_single_async:199 -> session.py:request:318) from logger `RFC.session_aiohttp`
[INFO] session requesting PapersCoolPaperPage(venue_CVPR.2022).PapersCoolPaperKimiSection(venue_CVPR.2022_=Davari_Probing_Representation_Forgetting_in_Supervised_and_Unsupervised_Continual_Learning@CVPR2022@CVF)

2024-04-04 00:11:41,966 <requestor-worker-9:4140868, MainThread:140046854821696> (requestor.py:_fetch_single_async:199 -> session.py:request:318) from logger `RFC.session_aiohttp`
[INFO] session requesting PapersCoolPaperPage(venue_EMNLP.2021).PapersCoolPaperKimiSection(venue_EMNLP.2021_=2021.emnlp-main.563@ACL)

2024-04-04 00:11:41,968 <requestor-worker-9:4140868, MainThread:140046854821696> (requestor.py:_fetch_single_async:199 -> session.py:request:318) from logger `RFC.session_aiohttp`
[INFO] session requesting PapersCoolPaperPage(venue_NeurIPS.2022).PapersCoolPaperKimiSection(venue_NeurIPS.2022_=OQs0pLKGGpS@OpenReview)

2024-04-04 00:11:41,969 <requestor-worker-9:4140868, MainThread:140046854821696> (requestor.py:_fetch_single_async:199 -> session.py:request:318) from logger `RFC.session_aiohttp`
[INFO] session requesting PapersCoolPaperPage(venue_CVPR.2023).PapersCoolPaperKimiSection(venue_CVPR.2023_=Pei_CLIPPING_Distilling_CLIP-Based_Models_With_a_Student_Base_for_Video-Language@CVPR2023@CVF)

2024-04-04 00:11:41,971 <requestor-worker-9:4140868, MainThread:140046854821696> (requestor.py:_fetch_single_async:199 -> session.py:request:318) from logger `RFC.session_aiohttp`
[INFO] session requesting PapersCoolPaperPage(venue_ACL.2023).PapersCoolPaperKimiSection(venue_ACL.2023_=2023.findings-acl.371@ACL)

2024-04-04 00:11:41,972 <requestor-worker-9:4140868, MainThread:140046854821696> (requestor.py:_fetch_single_async:199 -> session.py:request:318) from logger `RFC.session_aiohttp`
[INFO] session requesting PapersCoolPaperPage(venue_ICCV.2023).PapersCoolPaperKimiSection(venue_ICCV.2023_=Yoo_Video_Object_Segmentation-aware_Video_Frame_Interpolation@ICCV2023@CVF)

2024-04-04 00:11:41,974 <requestor-worker-9:4140868, MainThread:140046854821696> (requestor.py:_fetch_single_async:199 -> session.py:request:318) from logger `RFC.session_aiohttp`
[INFO] session requesting PapersCoolPaperPage(venue_CVPR.2021).PapersCoolPaperKimiSection(venue_CVPR.2021_=Teed_RAFT-3D_Scene_Flow_Using_Rigid-Motion_Embeddings@CVPR2021@CVF)

2024-04-04 00:11:42,215 <requestor-worker-9:4140868, MainThread:140046854821696> (requestor.py:_fetch_single_async:199 -> session.py:request:318) from logger `RFC.session_aiohttp`
[INFO] session requesting PapersCoolPaperPage(venue_CVPR.2022).PapersCoolPaperKimiSection(venue_CVPR.2022_=Huang_Weakly_Supervised_Temporal_Action_Localization_via_Representative_Snippet_Knowledge_Propagation@CVPR2022@CVF)

2024-04-04 00:11:42,217 <requestor-worker-9:4140868, MainThread:140046854821696> (requestor.py:_fetch_single_async:199 -> session.py:request:318) from logger `RFC.session_aiohttp`
[INFO] session requesting PapersCoolPaperPage(venue_ACL.2020).PapersCoolPaperKimiSection(venue_ACL.2020_=2020.acl-main.276@ACL)

2024-04-04 00:11:42,218 <requestor-worker-9:4140868, MainThread:140046854821696> (requestor.py:_fetch_single_async:199 -> session.py:request:318) from logger `RFC.session_aiohttp`
[INFO] session requesting PapersCoolPaperPage(venue_ICML.2021).PapersCoolPaperKimiSection(venue_ICML.2021_=kidger21a@v139@PMLR)

2024-04-04 00:11:42,220 <requestor-worker-9:4140868, MainThread:140046854821696> (requestor.py:_fetch_single_async:199 -> session.py:request:318) from logger `RFC.session_aiohttp`
[INFO] session requesting PapersCoolPaperPage(venue_EMNLP.2020).PapersCoolPaperKimiSection(venue_EMNLP.2020_=2020.emnlp-main.427@ACL)

2024-04-04 00:11:42,221 <requestor-worker-9:4140868, MainThread:140046854821696> (requestor.py:_fetch_single_async:199 -> session.py:request:318) from logger `RFC.session_aiohttp`
[INFO] session requesting PapersCoolPaperPage(venue_CVPR.2021).PapersCoolPaperKimiSection(venue_CVPR.2021_=Xu_A_Fourier-Based_Framework_for_Domain_Generalization@CVPR2021@CVF)

2024-04-04 00:11:42,223 <requestor-worker-9:4140868, MainThread:140046854821696> (requestor.py:_fetch_single_async:199 -> session.py:request:318) from logger `RFC.session_aiohttp`
[INFO] session requesting PapersCoolPaperPage(venue_NeurIPS.2021).PapersCoolPaperKimiSection(venue_NeurIPS.2021_=HEVfOwxrmQh@OpenReview)

2024-04-04 00:11:42,225 <requestor-worker-9:4140868, MainThread:140046854821696> (requestor.py:_fetch_single_async:199 -> session.py:request:318) from logger `RFC.session_aiohttp`
[INFO] session requesting PapersCoolPaperPage(venue_ICCV.2019).PapersCoolPaperKimiSection(venue_ICCV.2019_=Khandelwal_AttentionRNN_A_Structured_Spatial_Attention_Mechanism@ICCV2019@CVF)

2024-04-04 00:11:42,226 <requestor-worker-9:4140868, MainThread:140046854821696> (requestor.py:_fetch_single_async:199 -> session.py:request:318) from logger `RFC.session_aiohttp`
[INFO] session requesting PapersCoolPaperPage(venue_ICCV.2021).PapersCoolPaperKimiSection(venue_ICCV.2021_=Dai_Dynamic_DETR_End-to-End_Object_Detection_With_Dynamic_Attention@ICCV2021@CVF)

2024-04-04 00:11:42,228 <requestor-worker-9:4140868, MainThread:140046854821696> (requestor.py:_fetch_single_async:199 -> session.py:request:318) from logger `RFC.session_aiohttp`
[INFO] session requesting PapersCoolPaperPage(venue_ICML.2022).PapersCoolPaperKimiSection(venue_ICML.2022_=melnychuk22a@v162@PMLR)

2024-04-04 00:11:42,229 <requestor-worker-9:4140868, MainThread:140046854821696> (requestor.py:_fetch_single_async:199 -> session.py:request:318) from logger `RFC.session_aiohttp`
[INFO] session requesting PapersCoolPaperPage(venue_INTERSPEECH.2022).PapersCoolPaperKimiSection(venue_INTERSPEECH.2022_=johnson22@interspeech_2022@ISCA)

2024-04-04 00:11:42,231 <requestor-worker-9:4140868, MainThread:140046854821696> (requestor.py:_fetch_single_async:199 -> session.py:request:318) from logger `RFC.session_aiohttp`
[INFO] session requesting PapersCoolPaperPage(venue_EMNLP.2023).PapersCoolPaperKimiSection(venue_EMNLP.2023_=2023.findings-emnlp.327@ACL)

2024-04-04 00:11:42,233 <requestor-worker-9:4140868, MainThread:140046854821696> (requestor.py:_fetch_single_async:199 -> session.py:request:318) from logger `RFC.session_aiohttp`
[INFO] session requesting PapersCoolPaperPage(venue_ACL.2019).PapersCoolPaperKimiSection(venue_ACL.2019_=P19-1069@ACL)

2024-04-04 00:11:42,235 <requestor-worker-9:4140868, MainThread:140046854821696> (requestor.py:_fetch_single_async:199 -> session.py:request:318) from logger `RFC.session_aiohttp`
[INFO] session requesting PapersCoolPaperPage(venue_ACL.2023).PapersCoolPaperKimiSection(venue_ACL.2023_=2023.findings-acl.378@ACL)

2024-04-04 00:11:42,236 <requestor-worker-9:4140868, MainThread:140046854821696> (requestor.py:_fetch_single_async:199 -> session.py:request:318) from logger `RFC.session_aiohttp`
[INFO] session requesting PapersCoolPaperPage(venue_NeurIPS.2023).PapersCoolPaperKimiSection(venue_NeurIPS.2023_=k2UVKezeWn@OpenReview)

2024-04-04 00:11:42,455 <requestor-worker-9:4140868, MainThread:140046854821696> (requestor.py:_fetch_single_async:199 -> session.py:request:318) from logger `RFC.session_aiohttp`
[INFO] session requesting PapersCoolPaperPage(venue_EMNLP.2022).PapersCoolPaperKimiSection(venue_EMNLP.2022_=2022.emnlp-main.766@ACL)

2024-04-04 00:11:42,457 <requestor-worker-9:4140868, MainThread:140046854821696> (requestor.py:_fetch_single_async:199 -> session.py:request:318) from logger `RFC.session_aiohttp`
[INFO] session requesting PapersCoolPaperPage(venue_ACL.2022).PapersCoolPaperKimiSection(venue_ACL.2022_=2022.acl-long.539@ACL)

2024-04-04 00:11:42,459 <requestor-worker-9:4140868, MainThread:140046854821696> (requestor.py:_fetch_single_async:199 -> session.py:request:318) from logger `RFC.session_aiohttp`
[INFO] session requesting PapersCoolPaperPage(venue_NeurIPS.2021).PapersCoolPaperKimiSection(venue_NeurIPS.2021_=nqSLT0WcZq@OpenReview)

2024-04-04 00:11:42,460 <requestor-worker-9:4140868, MainThread:140046854821696> (requestor.py:_fetch_single_async:199 -> session.py:request:318) from logger `RFC.session_aiohttp`
[INFO] session requesting PapersCoolPaperPage(venue_EMNLP.2023).PapersCoolPaperKimiSection(venue_EMNLP.2023_=2023.findings-emnlp.335@ACL)

2024-04-04 00:11:42,462 <requestor-worker-9:4140868, MainThread:140046854821696> (requestor.py:_fetch_single_async:199 -> session.py:request:318) from logger `RFC.session_aiohttp`
[INFO] session requesting PapersCoolPaperPage(venue_EMNLP.2021).PapersCoolPaperKimiSection(venue_EMNLP.2021_=2021.emnlp-main.585@ACL)

2024-04-04 00:11:42,464 <requestor-worker-9:4140868, MainThread:140046854821696> (requestor.py:_fetch_single_async:199 -> session.py:request:318) from logger `RFC.session_aiohttp`
[INFO] session requesting PapersCoolPaperPage(venue_CVPR.2021).PapersCoolPaperKimiSection(venue_CVPR.2021_=Feng_Optimal_Gradient_Checkpoint_Search_for_Arbitrary_Computation_Graphs@CVPR2021@CVF)

2024-04-04 00:11:42,465 <requestor-worker-9:4140868, MainThread:140046854821696> (requestor.py:_fetch_single_async:199 -> session.py:request:318) from logger `RFC.session_aiohttp`
[INFO] session requesting PapersCoolPaperPage(venue_ACL.2021).PapersCoolPaperKimiSection(venue_ACL.2021_=2021.acl-long.540@ACL)

2024-04-04 00:11:42,467 <requestor-worker-9:4140868, MainThread:140046854821696> (requestor.py:_fetch_single_async:199 -> session.py:request:318) from logger `RFC.session_aiohttp`
[INFO] session requesting PapersCoolPaperPage(venue_CVPR.2023).PapersCoolPaperKimiSection(venue_CVPR.2023_=Chen_Understanding_and_Improving_Visual_Prompting_A_Label-Mapping_Perspective@CVPR2023@CVF)

2024-04-04 00:11:42,468 <requestor-worker-9:4140868, MainThread:140046854821696> (requestor.py:_fetch_single_async:199 -> session.py:request:318) from logger `RFC.session_aiohttp`
[INFO] session requesting PapersCoolPaperPage(venue_INTERSPEECH.2022).PapersCoolPaperKimiSection(venue_INTERSPEECH.2022_=jeon22@interspeech_2022@ISCA)

2024-04-04 00:11:42,470 <requestor-worker-9:4140868, MainThread:140046854821696> (requestor.py:_fetch_single_async:199 -> session.py:request:318) from logger `RFC.session_aiohttp`
[INFO] session requesting PapersCoolPaperPage(venue_ICCV.2019).PapersCoolPaperKimiSection(venue_ICCV.2019_=Chen_Data-Free_Learning_of_Student_Networks@ICCV2019@CVF)

2024-04-04 00:11:42,748 <requestor-worker-9:4140868, MainThread:140046854821696> (requestor.py:_fetch_single_async:199 -> session.py:request:318) from logger `RFC.session_aiohttp`
[INFO] session requesting PapersCoolPaperPage(venue_ICCV.2021).PapersCoolPaperKimiSection(venue_ICCV.2021_=Jain_Putting_NeRF_on_a_Diet_Semantically_Consistent_Few-Shot_View_Synthesis@ICCV2021@CVF)

2024-04-04 00:11:42,750 <requestor-worker-9:4140868, MainThread:140046854821696> (requestor.py:_fetch_single_async:199 -> session.py:request:318) from logger `RFC.session_aiohttp`
[INFO] session requesting PapersCoolPaperPage(venue_ACL.2021).PapersCoolPaperKimiSection(venue_ACL.2021_=2021.acl-long.549@ACL)

2024-04-04 00:11:42,752 <requestor-worker-9:4140868, MainThread:140046854821696> (requestor.py:_fetch_single_async:199 -> session.py:request:318) from logger `RFC.session_aiohttp`
[INFO] session requesting PapersCoolPaperPage(venue_EMNLP.2021).PapersCoolPaperKimiSection(venue_EMNLP.2021_=2021.emnlp-main.595@ACL)

2024-04-04 00:11:42,754 <requestor-worker-9:4140868, MainThread:140046854821696> (requestor.py:_fetch_single_async:199 -> session.py:request:318) from logger `RFC.session_aiohttp`
[INFO] session requesting PapersCoolPaperPage(venue_EMNLP.2023).PapersCoolPaperKimiSection(venue_EMNLP.2023_=2023.findings-emnlp.345@ACL)

2024-04-04 00:11:42,756 <requestor-worker-9:4140868, MainThread:140046854821696> (requestor.py:_fetch_single_async:199 -> session.py:request:318) from logger `RFC.session_aiohttp`
[INFO] session requesting PapersCoolPaperPage(venue_ICCV.2021).PapersCoolPaperKimiSection(venue_ICCV.2021_=Qiu_CrossDet_Crossline_Representation_for_Object_Detection@ICCV2021@CVF)

2024-04-04 00:11:42,758 <requestor-worker-9:4140868, MainThread:140046854821696> (requestor.py:_fetch_single_async:199 -> session.py:request:318) from logger `RFC.session_aiohttp`
[INFO] session requesting PapersCoolPaperPage(venue_ICCV.2019).PapersCoolPaperKimiSection(venue_ICCV.2019_=Zhai_Deep_Multiple-Attribute-Perceived_Network_for_Real-World_Texture_Recognition@ICCV2019@CVF)

2024-04-04 00:11:42,760 <requestor-worker-9:4140868, MainThread:140046854821696> (requestor.py:_fetch_single_async:199 -> session.py:request:318) from logger `RFC.session_aiohttp`
[INFO] session requesting PapersCoolPaperPage(venue_NeurIPS.2023).PapersCoolPaperKimiSection(venue_NeurIPS.2023_=WUott1ZvRj@OpenReview)

2024-04-04 00:11:42,762 <requestor-worker-9:4140868, MainThread:140046854821696> (requestor.py:_fetch_single_async:199 -> session.py:request:318) from logger `RFC.session_aiohttp`
[INFO] session requesting PapersCoolPaperPage(venue_CVPR.2021).PapersCoolPaperKimiSection(venue_CVPR.2021_=VS_MeGA-CDA_Memory_Guided_Attention_for_Category-Aware_Unsupervised_Domain_Adaptive_Object@CVPR2021@CVF)

2024-04-04 00:11:42,765 <requestor-worker-9:4140868, MainThread:140046854821696> (requestor.py:_fetch_single_async:199 -> session.py:request:318) from logger `RFC.session_aiohttp`
[INFO] session requesting PapersCoolPaperPage(venue_EMNLP.2022).PapersCoolPaperKimiSection(venue_EMNLP.2022_=2022.emnlp-main.777@ACL)

2024-04-04 00:11:42,767 <requestor-worker-9:4140868, MainThread:140046854821696> (requestor.py:_fetch_single_async:199 -> session.py:request:318) from logger `RFC.session_aiohttp`
[INFO] session requesting PapersCoolPaperPage(venue_NeurIPS.2022).PapersCoolPaperKimiSection(venue_NeurIPS.2022_=dTTKMy00PTJ@OpenReview)

2024-04-04 00:11:42,769 <requestor-worker-9:4140868, MainThread:140046854821696> (requestor.py:_fetch_single_async:199 -> session.py:request:318) from logger `RFC.session_aiohttp`
[INFO] session requesting PapersCoolPaperPage(venue_EMNLP.2023).PapersCoolPaperKimiSection(venue_EMNLP.2023_=2023.findings-emnlp.347@ACL)

2024-04-04 00:11:42,771 <requestor-worker-9:4140868, MainThread:140046854821696> (requestor.py:_fetch_single_async:199 -> session.py:request:318) from logger `RFC.session_aiohttp`
[INFO] session requesting PapersCoolPaperPage(venue_CVPR.2022).PapersCoolPaperKimiSection(venue_CVPR.2022_=Ma_Surface_Reconstruction_From_Point_Clouds_by_Learning_Predictive_Context_Priors@CVPR2022@CVF)

2024-04-04 00:11:42,773 <requestor-worker-9:4140868, MainThread:140046854821696> (requestor.py:_fetch_single_async:199 -> session.py:request:318) from logger `RFC.session_aiohttp`
[INFO] session requesting PapersCoolPaperPage(venue_ICML.2021).PapersCoolPaperKimiSection(venue_ICML.2021_=luo21a@v139@PMLR)

2024-04-04 00:11:42,775 <requestor-worker-9:4140868, MainThread:140046854821696> (requestor.py:_fetch_single_async:199 -> session.py:request:318) from logger `RFC.session_aiohttp`
[INFO] session requesting PapersCoolPaperPage(venue_NeurIPS.2023).PapersCoolPaperKimiSection(venue_NeurIPS.2023_=BkQM8huiIc@OpenReview)

2024-04-04 00:11:42,991 <requestor-worker-9:4140868, MainThread:140046854821696> (requestor.py:_fetch_single_async:199 -> session.py:request:318) from logger `RFC.session_aiohttp`
[INFO] session requesting PapersCoolPaperPage(venue_ACL.2021).PapersCoolPaperKimiSection(venue_ACL.2021_=2021.acl-long.562@ACL)

2024-04-04 00:11:42,993 <requestor-worker-9:4140868, MainThread:140046854821696> (requestor.py:_fetch_single_async:199 -> session.py:request:318) from logger `RFC.session_aiohttp`
[INFO] session requesting PapersCoolPaperPage(venue_ACL.2019).PapersCoolPaperKimiSection(venue_ACL.2019_=P19-1098@ACL)

2024-04-04 00:11:42,995 <requestor-worker-9:4140868, MainThread:140046854821696> (requestor.py:_fetch_single_async:199 -> session.py:request:318) from logger `RFC.session_aiohttp`
[INFO] session requesting PapersCoolPaperPage(venue_ACL.2023).PapersCoolPaperKimiSection(venue_ACL.2023_=2023.findings-acl.398@ACL)

2024-04-04 00:11:42,996 <requestor-worker-9:4140868, MainThread:140046854821696> (requestor.py:_fetch_single_async:199 -> session.py:request:318) from logger `RFC.session_aiohttp`
[INFO] session requesting PapersCoolPaperPage(venue_EMNLP.2021).PapersCoolPaperKimiSection(venue_EMNLP.2021_=2021.emnlp-main.607@ACL)

2024-04-04 00:11:42,998 <requestor-worker-9:4140868, MainThread:140046854821696> (requestor.py:_fetch_single_async:199 -> session.py:request:318) from logger `RFC.session_aiohttp`
[INFO] session requesting PapersCoolPaperPage(venue_EMNLP.2022).PapersCoolPaperKimiSection(venue_EMNLP.2022_=2022.emnlp-main.787@ACL)

2024-04-04 00:11:43,000 <requestor-worker-9:4140868, MainThread:140046854821696> (requestor.py:_fetch_single_async:199 -> session.py:request:318) from logger `RFC.session_aiohttp`
[INFO] session requesting PapersCoolPaperPage(venue_ICCV.2019).PapersCoolPaperKimiSection(venue_ICCV.2019_=Xu_Enhancing_2D_Representation_via_Adjacent_Views_for_3D_Shape_Retrieval@ICCV2019@CVF)

2024-04-04 00:11:43,001 <requestor-worker-9:4140868, MainThread:140046854821696> (requestor.py:_fetch_single_async:199 -> session.py:request:318) from logger `RFC.session_aiohttp`
[INFO] session requesting PapersCoolPaperPage(venue_ICML.2022).PapersCoolPaperKimiSection(venue_ICML.2022_=gong22b@v162@PMLR)

2024-04-04 00:11:43,003 <requestor-worker-9:4140868, MainThread:140046854821696> (requestor.py:_fetch_single_async:199 -> session.py:request:318) from logger `RFC.session_aiohttp`
[INFO] session requesting PapersCoolPaperPage(venue_CVPR.2021).PapersCoolPaperKimiSection(venue_CVPR.2021_=Su_Prioritized_Architecture_Sampling_With_Monto-Carlo_Tree_Search@CVPR2021@CVF)

2024-04-04 00:11:43,005 <requestor-worker-9:4140868, MainThread:140046854821696> (requestor.py:_fetch_single_async:199 -> session.py:request:318) from logger `RFC.session_aiohttp`
[INFO] session requesting PapersCoolPaperPage(venue_ICCV.2023).PapersCoolPaperKimiSection(venue_ICCV.2023_=Thoker_Tubelet-Contrastive_Self-Supervision_for_Video-Efficient_Generalization@ICCV2023@CVF)

2024-04-04 00:11:43,007 <requestor-worker-9:4140868, MainThread:140046854821696> (requestor.py:_fetch_single_async:199 -> session.py:request:318) from logger `RFC.session_aiohttp`
[INFO] session requesting PapersCoolPaperPage(venue_NeurIPS.2022).PapersCoolPaperKimiSection(venue_NeurIPS.2022_=ZJ7Lrtd12x_@OpenReview)

2024-04-04 00:11:43,246 <requestor-worker-9:4140868, MainThread:140046854821696> (requestor.py:_fetch_single_async:199 -> session.py:request:318) from logger `RFC.session_aiohttp`
[INFO] session requesting PapersCoolPaperPage(venue_EMNLP.2023).PapersCoolPaperKimiSection(venue_EMNLP.2023_=2023.findings-emnlp.368@ACL)

2024-04-04 00:11:43,249 <requestor-worker-9:4140868, MainThread:140046854821696> (requestor.py:_fetch_single_async:199 -> session.py:request:318) from logger `RFC.session_aiohttp`
[INFO] session requesting PapersCoolPaperPage(venue_EMNLP.2019).PapersCoolPaperKimiSection(venue_EMNLP.2019_=D19-1031@ACL)

2024-04-04 00:11:43,251 <requestor-worker-9:4140868, MainThread:140046854821696> (requestor.py:_fetch_single_async:199 -> session.py:request:318) from logger `RFC.session_aiohttp`
[INFO] session requesting PapersCoolPaperPage(venue_ICML.2022).PapersCoolPaperKimiSection(venue_ICML.2022_=wang22v@v162@PMLR)

2024-04-04 00:11:43,253 <requestor-worker-9:4140868, MainThread:140046854821696> (requestor.py:_fetch_single_async:199 -> session.py:request:318) from logger `RFC.session_aiohttp`
[INFO] session requesting PapersCoolPaperPage(venue_ACL.2019).PapersCoolPaperKimiSection(venue_ACL.2019_=P19-1110@ACL)

2024-04-04 00:11:43,255 <requestor-worker-9:4140868, MainThread:140046854821696> (requestor.py:_fetch_single_async:199 -> session.py:request:318) from logger `RFC.session_aiohttp`
[INFO] session requesting PapersCoolPaperPage(venue_ICCV.2023).PapersCoolPaperKimiSection(venue_ICCV.2023_=Chen_CuNeRF_Cube-Based_Neural_Radiance_Field_for_Zero-Shot_Medical_Image_Arbitrary-Scale@ICCV2023@CVF)

2024-04-04 00:11:43,257 <requestor-worker-9:4140868, MainThread:140046854821696> (requestor.py:_fetch_single_async:199 -> session.py:request:318) from logger `RFC.session_aiohttp`
[INFO] session requesting PapersCoolPaperPage(venue_ICCV.2021).PapersCoolPaperKimiSection(venue_ICCV.2021_=Li_SCOUTER_Slot_Attention-Based_Classifier_for_Explainable_Image_Recognition@ICCV2021@CVF)

2024-04-04 00:11:43,259 <requestor-worker-9:4140868, MainThread:140046854821696> (requestor.py:_fetch_single_async:199 -> session.py:request:318) from logger `RFC.session_aiohttp`
[INFO] session requesting PapersCoolPaperPage(venue_ACL.2021).PapersCoolPaperKimiSection(venue_ACL.2021_=2021.acl-short.4@ACL)

2024-04-04 00:11:43,261 <requestor-worker-9:4140868, MainThread:140046854821696> (requestor.py:_fetch_single_async:199 -> session.py:request:318) from logger `RFC.session_aiohttp`
[INFO] session requesting PapersCoolPaperPage(venue_NeurIPS.2021).PapersCoolPaperKimiSection(venue_NeurIPS.2021_=8tgchc2XhD@OpenReview)

2024-04-04 00:11:43,263 <requestor-worker-9:4140868, MainThread:140046854821696> (requestor.py:_fetch_single_async:199 -> session.py:request:318) from logger `RFC.session_aiohttp`
[INFO] session requesting PapersCoolPaperPage(venue_INTERSPEECH.2022).PapersCoolPaperKimiSection(venue_INTERSPEECH.2022_=yue22b@interspeech_2022@ISCA)

2024-04-04 00:11:43,265 <requestor-worker-9:4140868, MainThread:140046854821696> (requestor.py:_fetch_single_async:199 -> session.py:request:318) from logger `RFC.session_aiohttp`
[INFO] session requesting PapersCoolPaperPage(venue_CVPR.2023).PapersCoolPaperKimiSection(venue_CVPR.2023_=Ye_DeepSolo_Let_Transformer_Decoder_With_Explicit_Points_Solo_for_Text@CVPR2023@CVF)

2024-04-04 00:11:43,267 <requestor-worker-9:4140868, MainThread:140046854821696> (requestor.py:_fetch_single_async:199 -> session.py:request:318) from logger `RFC.session_aiohttp`
[INFO] session requesting PapersCoolPaperPage(venue_ACL.2019).PapersCoolPaperKimiSection(venue_ACL.2019_=P19-1111@ACL)

2024-04-04 00:11:43,269 <requestor-worker-9:4140868, MainThread:140046854821696> (requestor.py:_fetch_single_async:199 -> session.py:request:318) from logger `RFC.session_aiohttp`
[INFO] session requesting PapersCoolPaperPage(venue_EMNLP.2022).PapersCoolPaperKimiSection(venue_EMNLP.2022_=2022.emnlp-main.799@ACL)

2024-04-04 00:11:43,272 <requestor-worker-9:4140868, MainThread:140046854821696> (requestor.py:_fetch_single_async:199 -> session.py:request:318) from logger `RFC.session_aiohttp`
[INFO] session requesting PapersCoolPaperPage(venue_ACL.2022).PapersCoolPaperKimiSection(venue_ACL.2022_=2022.acl-long.564@ACL)

2024-04-04 00:11:43,274 <requestor-worker-9:4140868, MainThread:140046854821696> (requestor.py:_fetch_single_async:199 -> session.py:request:318) from logger `RFC.session_aiohttp`
[INFO] session requesting PapersCoolPaperPage(venue_INTERSPEECH.2022).PapersCoolPaperKimiSection(venue_INTERSPEECH.2022_=yang22r@interspeech_2022@ISCA)

2024-04-04 00:11:43,592 <requestor-worker-9:4140868, MainThread:140046854821696> (requestor.py:_fetch_single_async:199 -> session.py:request:318) from logger `RFC.session_aiohttp`
[INFO] session requesting PapersCoolPaperPage(venue_CVPR.2022).PapersCoolPaperKimiSection(venue_CVPR.2022_=Zhou_Rethinking_Reconstruction_Autoencoder-Based_Out-of-Distribution_Detection@CVPR2022@CVF)

2024-04-04 00:11:43,594 <requestor-worker-9:4140868, MainThread:140046854821696> (requestor.py:_fetch_single_async:199 -> session.py:request:318) from logger `RFC.session_aiohttp`
[INFO] session requesting PapersCoolPaperPage(venue_ICCV.2019).PapersCoolPaperKimiSection(venue_ICCV.2019_=Lin_BMN_Boundary-Matching_Network_for_Temporal_Action_Proposal_Generation@ICCV2019@CVF)

2024-04-04 00:11:43,595 <requestor-worker-9:4140868, MainThread:140046854821696> (requestor.py:_fetch_single_async:199 -> session.py:request:318) from logger `RFC.session_aiohttp`
[INFO] session requesting PapersCoolPaperPage(venue_EMNLP.2022).PapersCoolPaperKimiSection(venue_EMNLP.2022_=2022.emnlp-main.802@ACL)

2024-04-04 00:11:43,597 <requestor-worker-9:4140868, MainThread:140046854821696> (requestor.py:_fetch_single_async:199 -> session.py:request:318) from logger `RFC.session_aiohttp`
[INFO] session requesting PapersCoolPaperPage(venue_ICCV.2023).PapersCoolPaperKimiSection(venue_ICCV.2023_=Zhu_EgoObjects_A_Large-Scale_Egocentric_Dataset_for_Fine-Grained_Object_Understanding@ICCV2023@CVF)

2024-04-04 00:11:43,599 <requestor-worker-9:4140868, MainThread:140046854821696> (requestor.py:_fetch_single_async:199 -> session.py:request:318) from logger `RFC.session_aiohttp`
[INFO] session requesting PapersCoolPaperPage(venue_CVPR.2021).PapersCoolPaperKimiSection(venue_CVPR.2021_=Shi_ZeroScatter_Domain_Transfer_for_Long_Distance_Imaging_and_Vision_Through@CVPR2021@CVF)

2024-04-04 00:11:43,601 <requestor-worker-9:4140868, MainThread:140046854821696> (requestor.py:_fetch_single_async:199 -> session.py:request:318) from logger `RFC.session_aiohttp`
[INFO] session requesting PapersCoolPaperPage(venue_ICCV.2021).PapersCoolPaperKimiSection(venue_ICCV.2021_=Jiang_Focal_Frequency_Loss_for_Image_Reconstruction_and_Synthesis@ICCV2021@CVF)

2024-04-04 00:11:43,602 <requestor-worker-9:4140868, MainThread:140046854821696> (requestor.py:_fetch_single_async:199 -> session.py:request:318) from logger `RFC.session_aiohttp`
[INFO] session requesting PapersCoolPaperPage(venue_ACL.2021).PapersCoolPaperKimiSection(venue_ACL.2021_=2021.acl-short.8@ACL)

2024-04-04 00:11:43,604 <requestor-worker-9:4140868, MainThread:140046854821696> (requestor.py:_fetch_single_async:199 -> session.py:request:318) from logger `RFC.session_aiohttp`
[INFO] session requesting PapersCoolPaperPage(venue_NeurIPS.2022).PapersCoolPaperKimiSection(venue_NeurIPS.2022_=w6fj2r62r_H@OpenReview)

2024-04-04 00:11:43,605 <requestor-worker-9:4140868, MainThread:140046854821696> (requestor.py:_fetch_single_async:199 -> session.py:request:318) from logger `RFC.session_aiohttp`
[INFO] session requesting PapersCoolPaperPage(venue_EMNLP.2021).PapersCoolPaperKimiSection(venue_EMNLP.2021_=2021.emnlp-main.623@ACL)

2024-04-04 00:11:43,607 <requestor-worker-9:4140868, MainThread:140046854821696> (requestor.py:_fetch_single_async:199 -> session.py:request:318) from logger `RFC.session_aiohttp`
[INFO] session requesting PapersCoolPaperPage(venue_ACL.2019).PapersCoolPaperKimiSection(venue_ACL.2019_=P19-1115@ACL)

2024-04-04 00:11:45,331 <requestor-worker-9:4140868, MainThread:140046854821696> (requestor.py:_fetch_single_async:199 -> session.py:request:318) from logger `RFC.session_aiohttp`
[INFO] session requesting PapersCoolPaperPage(venue_CVPR.2023).PapersCoolPaperKimiSection(venue_CVPR.2023_=Lamb_Fantastic_Breaks_A_Dataset_of_Paired_3D_Scans_of_Real-World@CVPR2023@CVF)

2024-04-04 00:11:45,332 <requestor-worker-9:4140868, MainThread:140046854821696> (requestor.py:_fetch_single_async:199 -> session.py:request:318) from logger `RFC.session_aiohttp`
[INFO] session requesting PapersCoolPaperPage(venue_CVPR.2022).PapersCoolPaperKimiSection(venue_CVPR.2022_=Yew_REGTR_End-to-End_Point_Cloud_Correspondences_With_Transformers@CVPR2022@CVF)

2024-04-04 00:11:45,334 <requestor-worker-9:4140868, MainThread:140046854821696> (requestor.py:_fetch_single_async:199 -> session.py:request:318) from logger `RFC.session_aiohttp`
[INFO] session requesting PapersCoolPaperPage(venue_CVPR.2023).PapersCoolPaperKimiSection(venue_CVPR.2023_=Tan_Distilling_Neural_Fields_for_Real-Time_Articulated_Shape_Reconstruction@CVPR2023@CVF)

2024-04-04 00:11:45,336 <requestor-worker-9:4140868, MainThread:140046854821696> (requestor.py:_fetch_single_async:199 -> session.py:request:318) from logger `RFC.session_aiohttp`
[INFO] session requesting PapersCoolPaperPage(venue_CVPR.2022).PapersCoolPaperKimiSection(venue_CVPR.2022_=Guo_Neural_3D_Scene_Reconstruction_With_the_Manhattan-World_Assumption@CVPR2022@CVF)

2024-04-04 00:11:45,337 <requestor-worker-9:4140868, MainThread:140046854821696> (requestor.py:_fetch_single_async:199 -> session.py:request:318) from logger `RFC.session_aiohttp`
[INFO] session requesting PapersCoolPaperPage(venue_CVPR.2023).PapersCoolPaperKimiSection(venue_CVPR.2023_=Guo_GANmouflage_3D_Object_Nondetection_With_Texture_Fields@CVPR2023@CVF)

2024-04-04 00:11:45,339 <requestor-worker-9:4140868, MainThread:140046854821696> (requestor.py:_fetch_single_async:199 -> session.py:request:318) from logger `RFC.session_aiohttp`
[INFO] session requesting PapersCoolPaperPage(venue_CVPR.2022).PapersCoolPaperKimiSection(venue_CVPR.2022_=Chen_V2C_Visual_Voice_Cloning@CVPR2022@CVF)

2024-04-04 00:11:45,340 <requestor-worker-9:4140868, MainThread:140046854821696> (requestor.py:_fetch_single_async:199 -> session.py:request:318) from logger `RFC.session_aiohttp`
[INFO] session requesting PapersCoolPaperPage(venue_CVPR.2023).PapersCoolPaperKimiSection(venue_CVPR.2023_=Tripathi_3D_Human_Pose_Estimation_via_Intuitive_Physics@CVPR2023@CVF)

2024-04-04 00:11:45,342 <requestor-worker-9:4140868, MainThread:140046854821696> (requestor.py:_fetch_single_async:199 -> session.py:request:318) from logger `RFC.session_aiohttp`
[INFO] session requesting PapersCoolPaperPage(venue_CVPR.2022).PapersCoolPaperKimiSection(venue_CVPR.2022_=Xu_Revisiting_AP_Loss_for_Dense_Object_Detection_Adaptive_Ranking_Pair@CVPR2022@CVF)

2024-04-04 00:11:45,343 <requestor-worker-9:4140868, MainThread:140046854821696> (requestor.py:_fetch_single_async:199 -> session.py:request:318) from logger `RFC.session_aiohttp`
[INFO] session requesting PapersCoolPaperPage(venue_CVPR.2023).PapersCoolPaperKimiSection(venue_CVPR.2023_=Petrov_Object_Pop-Up_Can_We_Infer_3D_Objects_and_Their_Poses@CVPR2023@CVF)

2024-04-04 00:11:45,345 <requestor-worker-9:4140868, MainThread:140046854821696> (requestor.py:_fetch_single_async:199 -> session.py:request:318) from logger `RFC.session_aiohttp`
[INFO] session requesting PapersCoolPaperPage(venue_CVPR.2022).PapersCoolPaperKimiSection(venue_CVPR.2022_=S._3DeformRS_Certifying_Spatial_Deformations_on_Point_Clouds@CVPR2022@CVF)

2024-04-04 00:11:45,346 <requestor-worker-9:4140868, MainThread:140046854821696> (requestor.py:_fetch_single_async:199 -> session.py:request:318) from logger `RFC.session_aiohttp`
[INFO] session requesting PapersCoolPaperPage(venue_CVPR.2023).PapersCoolPaperKimiSection(venue_CVPR.2023_=Xu_UniDexGrasp_Universal_Robotic_Dexterous_Grasping_via_Learning_Diverse_Proposal_Generation@CVPR2023@CVF)

2024-04-04 00:11:45,348 <requestor-worker-9:4140868, MainThread:140046854821696> (requestor.py:_fetch_single_async:199 -> session.py:request:318) from logger `RFC.session_aiohttp`
[INFO] session requesting PapersCoolPaperPage(venue_CVPR.2023).PapersCoolPaperKimiSection(venue_CVPR.2023_=Luo_Constrained_Evolutionary_Diffusion_Filter_for_Monocular_Endoscope_Tracking@CVPR2023@CVF)

2024-04-04 00:11:45,349 <requestor-worker-9:4140868, MainThread:140046854821696> (requestor.py:_fetch_single_async:199 -> session.py:request:318) from logger `RFC.session_aiohttp`
[INFO] session requesting PapersCoolPaperPage(venue_CVPR.2022).PapersCoolPaperKimiSection(venue_CVPR.2022_=Soldan_MAD_A_Scalable_Dataset_for_Language_Grounding_in_Videos_From@CVPR2022@CVF)

2024-04-04 00:11:45,351 <requestor-worker-9:4140868, MainThread:140046854821696> (requestor.py:_fetch_single_async:199 -> session.py:request:318) from logger `RFC.session_aiohttp`
[INFO] session requesting PapersCoolPaperPage(venue_CVPR.2023).PapersCoolPaperKimiSection(venue_CVPR.2023_=Xie_Visibility_Aware_Human-Object_Interaction_Tracking_From_Single_RGB_Camera@CVPR2023@CVF)

2024-04-04 00:11:45,777 <requestor-worker-9:4140868, MainThread:140046854821696> (requestor.py:_fetch_single_async:199 -> session.py:request:318) from logger `RFC.session_aiohttp`
[INFO] session requesting PapersCoolPaperPage(venue_ICCV.2023).PapersCoolPaperKimiSection(venue_ICCV.2023_=Chen_Dynamic_Residual_Classifier_for_Class_Incremental_Learning@ICCV2023@CVF)

2024-04-04 00:11:45,779 <requestor-worker-9:4140868, MainThread:140046854821696> (requestor.py:_fetch_single_async:199 -> session.py:request:318) from logger `RFC.session_aiohttp`
[INFO] session requesting PapersCoolPaperPage(venue_NeurIPS.2023).PapersCoolPaperKimiSection(venue_NeurIPS.2023_=UpN2wfrLec@OpenReview)

2024-04-04 00:11:45,780 <requestor-worker-9:4140868, MainThread:140046854821696> (requestor.py:_fetch_single_async:199 -> session.py:request:318) from logger `RFC.session_aiohttp`
[INFO] session requesting PapersCoolPaperPage(venue_EMNLP.2022).PapersCoolPaperKimiSection(venue_EMNLP.2022_=2022.emnlp-main.817@ACL)

2024-04-04 00:11:45,782 <requestor-worker-9:4140868, MainThread:140046854821696> (requestor.py:_fetch_single_async:199 -> session.py:request:318) from logger `RFC.session_aiohttp`
[INFO] session requesting PapersCoolPaperPage(venue_ACL.2023).PapersCoolPaperKimiSection(venue_ACL.2023_=2023.findings-acl.424@ACL)

2024-04-04 00:11:45,784 <requestor-worker-9:4140868, MainThread:140046854821696> (requestor.py:_fetch_single_async:199 -> session.py:request:318) from logger `RFC.session_aiohttp`
[INFO] session requesting PapersCoolPaperPage(venue_ACL.2019).PapersCoolPaperKimiSection(venue_ACL.2019_=P19-1130@ACL)

2024-04-04 00:11:45,785 <requestor-worker-9:4140868, MainThread:140046854821696> (requestor.py:_fetch_single_async:199 -> session.py:request:318) from logger `RFC.session_aiohttp`
[INFO] session requesting PapersCoolPaperPage(venue_ICCV.2019).PapersCoolPaperKimiSection(venue_ICCV.2019_=Miao_l-Net_Reconstruct_Hyperspectral_Images_From_a_Snapshot_Measurement@ICCV2019@CVF)

2024-04-04 00:11:45,787 <requestor-worker-9:4140868, MainThread:140046854821696> (requestor.py:_fetch_single_async:199 -> session.py:request:318) from logger `RFC.session_aiohttp`
[INFO] session requesting PapersCoolPaperPage(venue_CVPR.2022).PapersCoolPaperKimiSection(venue_CVPR.2022_=Li_MAT_Mask-Aware_Transformer_for_Large_Hole_Image_Inpainting@CVPR2022@CVF)

2024-04-04 00:11:45,788 <requestor-worker-9:4140868, MainThread:140046854821696> (requestor.py:_fetch_single_async:199 -> session.py:request:318) from logger `RFC.session_aiohttp`
[INFO] session requesting PapersCoolPaperPage(venue_ICML.2022).PapersCoolPaperKimiSection(venue_ICML.2022_=kamigaito22a@v162@PMLR)

2024-04-04 00:11:45,790 <requestor-worker-9:4140868, MainThread:140046854821696> (requestor.py:_fetch_single_async:199 -> session.py:request:318) from logger `RFC.session_aiohttp`
[INFO] session requesting PapersCoolPaperPage(venue_EMNLP.2023).PapersCoolPaperKimiSection(venue_EMNLP.2023_=2023.findings-emnlp.388@ACL)

2024-04-04 00:11:45,792 <requestor-worker-9:4140868, MainThread:140046854821696> (requestor.py:_fetch_single_async:199 -> session.py:request:318) from logger `RFC.session_aiohttp`
[INFO] session requesting PapersCoolPaperPage(venue_ICCV.2019).PapersCoolPaperKimiSection(venue_ICCV.2019_=Kashiwagi_Deep_Depth_From_Aberration_Map@ICCV2019@CVF)

2024-04-04 00:11:46,059 <requestor-worker-9:4140868, MainThread:140046854821696> (requestor.py:_fetch_single_async:199 -> session.py:request:318) from logger `RFC.session_aiohttp`
[INFO] session requesting PapersCoolPaperPage(venue_ACL.2019).PapersCoolPaperKimiSection(venue_ACL.2019_=P19-1139@ACL)

2024-04-04 00:11:46,061 <requestor-worker-9:4140868, MainThread:140046854821696> (requestor.py:_fetch_single_async:199 -> session.py:request:318) from logger `RFC.session_aiohttp`
[INFO] session requesting PapersCoolPaperPage(venue_ICML.2021).PapersCoolPaperKimiSection(venue_ICML.2021_=ghalme21a@v139@PMLR)

2024-04-04 00:11:46,062 <requestor-worker-9:4140868, MainThread:140046854821696> (requestor.py:_fetch_single_async:199 -> session.py:request:318) from logger `RFC.session_aiohttp`
[INFO] session requesting PapersCoolPaperPage(venue_EMNLP.2020).PapersCoolPaperKimiSection(venue_EMNLP.2020_=2020.emnlp-main.500@ACL)

2024-04-04 00:11:46,064 <requestor-worker-9:4140868, MainThread:140046854821696> (requestor.py:_fetch_single_async:199 -> session.py:request:318) from logger `RFC.session_aiohttp`
[INFO] session requesting PapersCoolPaperPage(venue_NeurIPS.2021).PapersCoolPaperKimiSection(venue_NeurIPS.2021_=ZfIO21FYv4@OpenReview)

2024-04-04 00:11:46,066 <requestor-worker-9:4140868, MainThread:140046854821696> (requestor.py:_fetch_single_async:199 -> session.py:request:318) from logger `RFC.session_aiohttp`
[INFO] session requesting PapersCoolPaperPage(venue_ACL.2020).PapersCoolPaperKimiSection(venue_ACL.2020_=2020.acl-main.314@ACL)

2024-04-04 00:11:46,068 <requestor-worker-9:4140868, MainThread:140046854821696> (requestor.py:_fetch_single_async:199 -> session.py:request:318) from logger `RFC.session_aiohttp`
[INFO] session requesting PapersCoolPaperPage(venue_ACL.2023).PapersCoolPaperKimiSection(venue_ACL.2023_=2023.findings-acl.432@ACL)

2024-04-04 00:11:46,069 <requestor-worker-9:4140868, MainThread:140046854821696> (requestor.py:_fetch_single_async:199 -> session.py:request:318) from logger `RFC.session_aiohttp`
[INFO] session requesting PapersCoolPaperPage(venue_ACL.2019).PapersCoolPaperKimiSection(venue_ACL.2019_=P19-1140@ACL)

2024-04-04 00:11:46,071 <requestor-worker-9:4140868, MainThread:140046854821696> (requestor.py:_fetch_single_async:199 -> session.py:request:318) from logger `RFC.session_aiohttp`
[INFO] session requesting PapersCoolPaperPage(venue_NeurIPS.2022).PapersCoolPaperKimiSection(venue_NeurIPS.2022_=d0stFTU2dTI@OpenReview)

2024-04-04 00:11:46,073 <requestor-worker-9:4140868, MainThread:140046854821696> (requestor.py:_fetch_single_async:199 -> session.py:request:318) from logger `RFC.session_aiohttp`
[INFO] session requesting PapersCoolPaperPage(venue_EMNLP.2020).PapersCoolPaperKimiSection(venue_EMNLP.2020_=2020.emnlp-main.501@ACL)

2024-04-04 00:11:46,075 <requestor-worker-9:4140868, MainThread:140046854821696> (requestor.py:_fetch_single_async:199 -> session.py:request:318) from logger `RFC.session_aiohttp`
[INFO] session requesting PapersCoolPaperPage(venue_NeurIPS.2023).PapersCoolPaperKimiSection(venue_NeurIPS.2023_=IgDa5Ynm9l@OpenReview)

2024-04-04 00:11:46,076 <requestor-worker-9:4140868, MainThread:140046854821696> (requestor.py:_fetch_single_async:199 -> session.py:request:318) from logger `RFC.session_aiohttp`
[INFO] session requesting PapersCoolPaperPage(venue_ACL.2022).PapersCoolPaperKimiSection(venue_ACL.2022_=2022.acl-long.584@ACL)

2024-04-04 00:11:46,078 <requestor-worker-9:4140868, MainThread:140046854821696> (requestor.py:_fetch_single_async:199 -> session.py:request:318) from logger `RFC.session_aiohttp`
[INFO] session requesting PapersCoolPaperPage(venue_EMNLP.2022).PapersCoolPaperKimiSection(venue_EMNLP.2022_=2022.emnlp-main.827@ACL)

2024-04-04 00:11:46,080 <requestor-worker-9:4140868, MainThread:140046854821696> (requestor.py:_fetch_single_async:199 -> session.py:request:318) from logger `RFC.session_aiohttp`
[INFO] session requesting PapersCoolPaperPage(venue_ICML.2022).PapersCoolPaperKimiSection(venue_ICML.2022_=rezazadeh22a@v162@PMLR)

2024-04-04 00:11:46,081 <requestor-worker-9:4140868, MainThread:140046854821696> (requestor.py:_fetch_single_async:199 -> session.py:request:318) from logger `RFC.session_aiohttp`
[INFO] session requesting PapersCoolPaperPage(venue_NeurIPS.2022).PapersCoolPaperKimiSection(venue_NeurIPS.2022_=9GXoMs__ckJ@OpenReview)

2024-04-04 00:11:46,309 <requestor-worker-9:4140868, MainThread:140046854821696> (requestor.py:_fetch_single_async:199 -> session.py:request:318) from logger `RFC.session_aiohttp`
[INFO] session requesting PapersCoolPaperPage(venue_CVPR.2023).PapersCoolPaperKimiSection(venue_CVPR.2023_=Dong_Fast_Monocular_Scene_Reconstruction_With_Global-Sparse_Local-Dense_Grids@CVPR2023@CVF)

2024-04-04 00:11:46,311 <requestor-worker-9:4140868, MainThread:140046854821696> (requestor.py:_fetch_single_async:199 -> session.py:request:318) from logger `RFC.session_aiohttp`
[INFO] session requesting PapersCoolPaperPage(venue_EMNLP.2021).PapersCoolPaperKimiSection(venue_EMNLP.2021_=2021.emnlp-main.661@ACL)

2024-04-04 00:11:46,313 <requestor-worker-9:4140868, MainThread:140046854821696> (requestor.py:_fetch_single_async:199 -> session.py:request:318) from logger `RFC.session_aiohttp`
[INFO] session requesting PapersCoolPaperPage(venue_EMNLP.2019).PapersCoolPaperKimiSection(venue_EMNLP.2019_=D19-1072@ACL)

2024-04-04 00:11:46,315 <requestor-worker-9:4140868, MainThread:140046854821696> (requestor.py:_fetch_single_async:199 -> session.py:request:318) from logger `RFC.session_aiohttp`
[INFO] session requesting PapersCoolPaperPage(venue_ACL.2023).PapersCoolPaperKimiSection(venue_ACL.2023_=2023.findings-acl.439@ACL)

2024-04-04 00:11:46,316 <requestor-worker-9:4140868, MainThread:140046854821696> (requestor.py:_fetch_single_async:199 -> session.py:request:318) from logger `RFC.session_aiohttp`
[INFO] session requesting PapersCoolPaperPage(venue_NeurIPS.2023).PapersCoolPaperKimiSection(venue_NeurIPS.2023_=e8i7OaPj0q@OpenReview)

2024-04-04 00:11:46,318 <requestor-worker-9:4140868, MainThread:140046854821696> (requestor.py:_fetch_single_async:199 -> session.py:request:318) from logger `RFC.session_aiohttp`
[INFO] session requesting PapersCoolPaperPage(venue_EMNLP.2020).PapersCoolPaperKimiSection(venue_EMNLP.2020_=2020.emnlp-main.514@ACL)

2024-04-04 00:11:46,320 <requestor-worker-9:4140868, MainThread:140046854821696> (requestor.py:_fetch_single_async:199 -> session.py:request:318) from logger `RFC.session_aiohttp`
[INFO] session requesting PapersCoolPaperPage(venue_NeurIPS.2022).PapersCoolPaperKimiSection(venue_NeurIPS.2022_=NkK4i91VWp@OpenReview)

2024-04-04 00:11:46,322 <requestor-worker-9:4140868, MainThread:140046854821696> (requestor.py:_fetch_single_async:199 -> session.py:request:318) from logger `RFC.session_aiohttp`
[INFO] session requesting PapersCoolPaperPage(venue_ACL.2019).PapersCoolPaperKimiSection(venue_ACL.2019_=P19-1152@ACL)

2024-04-04 00:11:46,323 <requestor-worker-9:4140868, MainThread:140046854821696> (requestor.py:_fetch_single_async:199 -> session.py:request:318) from logger `RFC.session_aiohttp`
[INFO] session requesting PapersCoolPaperPage(venue_ICML.2021).PapersCoolPaperKimiSection(venue_ICML.2021_=malach21a@v139@PMLR)

2024-04-04 00:11:46,325 <requestor-worker-9:4140868, MainThread:140046854821696> (requestor.py:_fetch_single_async:199 -> session.py:request:318) from logger `RFC.session_aiohttp`
[INFO] session requesting PapersCoolPaperPage(venue_ICCV.2021).PapersCoolPaperKimiSection(venue_ICCV.2021_=Chen_An_Elastica_Geodesic_Approach_With_Convexity_Shape_Prior@ICCV2021@CVF)

2024-04-04 00:11:46,553 <requestor-worker-9:4140868, MainThread:140046854821696> (requestor.py:_fetch_single_async:199 -> session.py:request:318) from logger `RFC.session_aiohttp`
[INFO] session requesting PapersCoolPaperPage(venue_EMNLP.2019).PapersCoolPaperKimiSection(venue_EMNLP.2019_=D19-1079@ACL)

2024-04-04 00:11:46,555 <requestor-worker-9:4140868, MainThread:140046854821696> (requestor.py:_fetch_single_async:199 -> session.py:request:318) from logger `RFC.session_aiohttp`
[INFO] session requesting PapersCoolPaperPage(venue_EMNLP.2023).PapersCoolPaperKimiSection(venue_EMNLP.2023_=2023.findings-emnlp.417@ACL)

2024-04-04 00:11:46,557 <requestor-worker-9:4140868, MainThread:140046854821696> (requestor.py:_fetch_single_async:199 -> session.py:request:318) from logger `RFC.session_aiohttp`
[INFO] session requesting PapersCoolPaperPage(venue_CVPR.2023).PapersCoolPaperKimiSection(venue_CVPR.2023_=Zhu_ScaleKD_Distilling_Scale-Aware_Knowledge_in_Small_Object_Detector@CVPR2023@CVF)

2024-04-04 00:11:46,559 <requestor-worker-9:4140868, MainThread:140046854821696> (requestor.py:_fetch_single_async:199 -> session.py:request:318) from logger `RFC.session_aiohttp`
[INFO] session requesting PapersCoolPaperPage(venue_EMNLP.2021).PapersCoolPaperKimiSection(venue_EMNLP.2021_=2021.emnlp-main.668@ACL)

2024-04-04 00:11:46,561 <requestor-worker-9:4140868, MainThread:140046854821696> (requestor.py:_fetch_single_async:199 -> session.py:request:318) from logger `RFC.session_aiohttp`
[INFO] session requesting PapersCoolPaperPage(venue_INTERSPEECH.2022).PapersCoolPaperKimiSection(venue_INTERSPEECH.2022_=bhattacharya22b@interspeech_2022@ISCA)

2024-04-04 00:11:46,562 <requestor-worker-9:4140868, MainThread:140046854821696> (requestor.py:_fetch_single_async:199 -> session.py:request:318) from logger `RFC.session_aiohttp`
[INFO] session requesting PapersCoolPaperPage(venue_ICCV.2019).PapersCoolPaperKimiSection(venue_ICCV.2019_=Qiu_Cross_View_Fusion_for_3D_Human_Pose_Estimation@ICCV2019@CVF)

2024-04-04 00:11:46,564 <requestor-worker-9:4140868, MainThread:140046854821696> (requestor.py:_fetch_single_async:199 -> session.py:request:318) from logger `RFC.session_aiohttp`
[INFO] session requesting PapersCoolPaperPage(venue_ICCV.2023).PapersCoolPaperKimiSection(venue_ICCV.2023_=Qiao_March_in_Chat_Interactive_Prompting_for_Remote_Embodied_Referring_Expression@ICCV2023@CVF)

2024-04-04 00:11:46,566 <requestor-worker-9:4140868, MainThread:140046854821696> (requestor.py:_fetch_single_async:199 -> session.py:request:318) from logger `RFC.session_aiohttp`
[INFO] session requesting PapersCoolPaperPage(venue_ICCV.2021).PapersCoolPaperKimiSection(venue_ICCV.2021_=Katircioglu_Human_Detection_and_Segmentation_via_Multi-View_Consensus@ICCV2021@CVF)

2024-04-04 00:11:46,567 <requestor-worker-9:4140868, MainThread:140046854821696> (requestor.py:_fetch_single_async:199 -> session.py:request:318) from logger `RFC.session_aiohttp`
[INFO] session requesting PapersCoolPaperPage(venue_CVPR.2021).PapersCoolPaperKimiSection(venue_CVPR.2021_=Wang_Hijack-GAN_Unintended-Use_of_Pretrained_Black-Box_GANs@CVPR2021@CVF)

2024-04-04 00:11:46,569 <requestor-worker-9:4140868, MainThread:140046854821696> (requestor.py:_fetch_single_async:199 -> session.py:request:318) from logger `RFC.session_aiohttp`
[INFO] session requesting PapersCoolPaperPage(venue_EMNLP.2022).PapersCoolPaperKimiSection(venue_EMNLP.2022_=2022.emnlp-demos.10@ACL)

2024-04-04 00:11:46,571 <requestor-worker-9:4140868, MainThread:140046854821696> (requestor.py:_fetch_single_async:199 -> session.py:request:318) from logger `RFC.session_aiohttp`
[INFO] session requesting PapersCoolPaperPage(venue_EMNLP.2020).PapersCoolPaperKimiSection(venue_EMNLP.2020_=2020.emnlp-main.520@ACL)

2024-04-04 00:11:46,573 <requestor-worker-9:4140868, MainThread:140046854821696> (requestor.py:_fetch_single_async:199 -> session.py:request:318) from logger `RFC.session_aiohttp`
[INFO] session requesting PapersCoolPaperPage(venue_NeurIPS.2021).PapersCoolPaperKimiSection(venue_NeurIPS.2021_=h8flNv9x8v-@OpenReview)

2024-04-04 00:11:46,574 <requestor-worker-9:4140868, MainThread:140046854821696> (requestor.py:_fetch_single_async:199 -> session.py:request:318) from logger `RFC.session_aiohttp`
[INFO] session requesting PapersCoolPaperPage(venue_EMNLP.2021).PapersCoolPaperKimiSection(venue_EMNLP.2021_=2021.emnlp-main.669@ACL)

2024-04-04 00:11:46,576 <requestor-worker-9:4140868, MainThread:140046854821696> (requestor.py:_fetch_single_async:199 -> session.py:request:318) from logger `RFC.session_aiohttp`
[INFO] session requesting PapersCoolPaperPage(venue_EMNLP.2023).PapersCoolPaperKimiSection(venue_EMNLP.2023_=2023.findings-emnlp.418@ACL)

2024-04-04 00:11:46,767 <requestor-worker-9:4140868, MainThread:140046854821696> (requestor.py:_fetch_single_async:199 -> session.py:request:318) from logger `RFC.session_aiohttp`
[INFO] session requesting PapersCoolPaperPage(venue_ICCV.2019).PapersCoolPaperKimiSection(venue_ICCV.2019_=Oh_Onion-Peel_Networks_for_Deep_Video_Completion@ICCV2019@CVF)

2024-04-04 00:11:46,769 <requestor-worker-9:4140868, MainThread:140046854821696> (requestor.py:_fetch_single_async:199 -> session.py:request:318) from logger `RFC.session_aiohttp`
[INFO] session requesting PapersCoolPaperPage(venue_EMNLP.2023).PapersCoolPaperKimiSection(venue_EMNLP.2023_=2023.findings-emnlp.425@ACL)

2024-04-04 00:11:46,771 <requestor-worker-9:4140868, MainThread:140046854821696> (requestor.py:_fetch_single_async:199 -> session.py:request:318) from logger `RFC.session_aiohttp`
[INFO] session requesting PapersCoolPaperPage(venue_EMNLP.2020).PapersCoolPaperKimiSection(venue_EMNLP.2020_=2020.emnlp-main.526@ACL)

2024-04-04 00:11:46,773 <requestor-worker-9:4140868, MainThread:140046854821696> (requestor.py:_fetch_single_async:199 -> session.py:request:318) from logger `RFC.session_aiohttp`
[INFO] session requesting PapersCoolPaperPage(venue_ICCV.2021).PapersCoolPaperKimiSection(venue_ICCV.2021_=Tanaka_Learning_To_Bundle-Adjust_A_Graph_Network_Approach_to_Faster_Optimization@ICCV2021@CVF)

2024-04-04 00:11:46,775 <requestor-worker-9:4140868, MainThread:140046854821696> (requestor.py:_fetch_single_async:199 -> session.py:request:318) from logger `RFC.session_aiohttp`
[INFO] session requesting PapersCoolPaperPage(venue_EMNLP.2022).PapersCoolPaperKimiSection(venue_EMNLP.2022_=2022.emnlp-demos.16@ACL)

2024-04-04 00:11:46,777 <requestor-worker-9:4140868, MainThread:140046854821696> (requestor.py:_fetch_single_async:199 -> session.py:request:318) from logger `RFC.session_aiohttp`
[INFO] session requesting PapersCoolPaperPage(venue_EMNLP.2019).PapersCoolPaperKimiSection(venue_EMNLP.2019_=D19-1087@ACL)

2024-04-04 00:11:46,779 <requestor-worker-9:4140868, MainThread:140046854821696> (requestor.py:_fetch_single_async:199 -> session.py:request:318) from logger `RFC.session_aiohttp`
[INFO] session requesting PapersCoolPaperPage(venue_CVPR.2022).PapersCoolPaperKimiSection(venue_CVPR.2022_=Gu_XYLayoutLM_Towards_Layout-Aware_Multimodal_Networks_for_Visually-Rich_Document_Understanding@CVPR2022@CVF)

2024-04-04 00:11:46,781 <requestor-worker-9:4140868, MainThread:140046854821696> (requestor.py:_fetch_single_async:199 -> session.py:request:318) from logger `RFC.session_aiohttp`
[INFO] session requesting PapersCoolPaperPage(venue_ICCV.2023).PapersCoolPaperKimiSection(venue_ICCV.2023_=Lee_Efficient_Unified_Demosaicing_for_Bayer_and_Non-Bayer_Patterned_Image_Sensors@ICCV2023@CVF)

2024-04-04 00:11:46,783 <requestor-worker-9:4140868, MainThread:140046854821696> (requestor.py:_fetch_single_async:199 -> session.py:request:318) from logger `RFC.session_aiohttp`
[INFO] session requesting PapersCoolPaperPage(venue_ACL.2019).PapersCoolPaperKimiSection(venue_ACL.2019_=P19-1164@ACL)

2024-04-04 00:11:46,785 <requestor-worker-9:4140868, MainThread:140046854821696> (requestor.py:_fetch_single_async:199 -> session.py:request:318) from logger `RFC.session_aiohttp`
[INFO] session requesting PapersCoolPaperPage(venue_EMNLP.2018).PapersCoolPaperKimiSection(venue_EMNLP.2018_=D18-1034@ACL)

2024-04-04 00:11:47,013 <requestor-worker-9:4140868, MainThread:140046854821696> (requestor.py:_fetch_single_async:199 -> session.py:request:318) from logger `RFC.session_aiohttp`
[INFO] session requesting PapersCoolPaperPage(venue_ICCV.2021).PapersCoolPaperKimiSection(venue_ICCV.2021_=Chen_Extreme-Quality_Computational_Imaging_via_Degradation_Framework@ICCV2021@CVF)

2024-04-04 00:11:47,015 <requestor-worker-9:4140868, MainThread:140046854821696> (requestor.py:_fetch_single_async:199 -> session.py:request:318) from logger `RFC.session_aiohttp`
[INFO] session requesting PapersCoolPaperPage(venue_CVPR.2022).PapersCoolPaperKimiSection(venue_CVPR.2022_=Phan_Class_Similarity_Weighted_Knowledge_Distillation_for_Continual_Semantic_Segmentation@CVPR2022@CVF)

2024-04-04 00:11:47,017 <requestor-worker-9:4140868, MainThread:140046854821696> (requestor.py:_fetch_single_async:199 -> session.py:request:318) from logger `RFC.session_aiohttp`
[INFO] session requesting PapersCoolPaperPage(venue_EMNLP.2019).PapersCoolPaperKimiSection(venue_EMNLP.2019_=D19-1091@ACL)

2024-04-04 00:11:47,019 <requestor-worker-9:4140868, MainThread:140046854821696> (requestor.py:_fetch_single_async:199 -> session.py:request:318) from logger `RFC.session_aiohttp`
[INFO] session requesting PapersCoolPaperPage(venue_NeurIPS.2021).PapersCoolPaperKimiSection(venue_NeurIPS.2021_=0V2Xd-26Kj@OpenReview)

2024-04-04 00:11:47,021 <requestor-worker-9:4140868, MainThread:140046854821696> (requestor.py:_fetch_single_async:199 -> session.py:request:318) from logger `RFC.session_aiohttp`
[INFO] session requesting PapersCoolPaperPage(venue_ICCV.2021).PapersCoolPaperKimiSection(venue_ICCV.2021_=Liu_Direct_Differentiable_Augmentation_Search@ICCV2021@CVF)

2024-04-04 00:11:47,022 <requestor-worker-9:4140868, MainThread:140046854821696> (requestor.py:_fetch_single_async:199 -> session.py:request:318) from logger `RFC.session_aiohttp`
[INFO] session requesting PapersCoolPaperPage(venue_ACL.2019).PapersCoolPaperKimiSection(venue_ACL.2019_=P19-1168@ACL)

2024-04-04 00:11:47,024 <requestor-worker-9:4140868, MainThread:140046854821696> (requestor.py:_fetch_single_async:199 -> session.py:request:318) from logger `RFC.session_aiohttp`
[INFO] session requesting PapersCoolPaperPage(venue_NeurIPS.2023).PapersCoolPaperKimiSection(venue_NeurIPS.2023_=UOB1UgPjuG@OpenReview)

2024-04-04 00:11:47,026 <requestor-worker-9:4140868, MainThread:140046854821696> (requestor.py:_fetch_single_async:199 -> session.py:request:318) from logger `RFC.session_aiohttp`
[INFO] session requesting PapersCoolPaperPage(venue_ICCV.2019).PapersCoolPaperKimiSection(venue_ICCV.2019_=Abdal_Image2StyleGAN_How_to_Embed_Images_Into_the_StyleGAN_Latent_Space@ICCV2019@CVF)

2024-04-04 00:11:47,027 <requestor-worker-9:4140868, MainThread:140046854821696> (requestor.py:_fetch_single_async:199 -> session.py:request:318) from logger `RFC.session_aiohttp`
[INFO] session requesting PapersCoolPaperPage(venue_EMNLP.2022).PapersCoolPaperKimiSection(venue_EMNLP.2022_=2022.emnlp-demos.20@ACL)

2024-04-04 00:11:47,029 <requestor-worker-9:4140868, MainThread:140046854821696> (requestor.py:_fetch_single_async:199 -> session.py:request:318) from logger `RFC.session_aiohttp`
[INFO] session requesting PapersCoolPaperPage(venue_EMNLP.2020).PapersCoolPaperKimiSection(venue_EMNLP.2020_=2020.emnlp-main.532@ACL)

2024-04-04 00:11:47,031 <requestor-worker-9:4140868, MainThread:140046854821696> (requestor.py:_fetch_single_async:199 -> session.py:request:318) from logger `RFC.session_aiohttp`
[INFO] session requesting PapersCoolPaperPage(venue_ACL.2023).PapersCoolPaperKimiSection(venue_ACL.2023_=2023.findings-acl.453@ACL)

2024-04-04 00:11:47,258 <requestor-worker-9:4140868, MainThread:140046854821696> (requestor.py:_fetch_single_async:199 -> session.py:request:318) from logger `RFC.session_aiohttp`
[INFO] session requesting PapersCoolPaperPage(venue_CVPR.2023).PapersCoolPaperKimiSection(venue_CVPR.2023_=Zheng_TrojViT_Trojan_Insertion_in_Vision_Transformers@CVPR2023@CVF)

2024-04-04 00:11:47,260 <requestor-worker-9:4140868, MainThread:140046854821696> (requestor.py:_fetch_single_async:199 -> session.py:request:318) from logger `RFC.session_aiohttp`
[INFO] session requesting PapersCoolPaperPage(venue_CVPR.2022).PapersCoolPaperKimiSection(venue_CVPR.2022_=Dong_Node_Representation_Learning_in_Graph_via_Node-to-Neighbourhood_Mutual_Information_Maximization@CVPR2022@CVF)

2024-04-04 00:11:47,261 <requestor-worker-9:4140868, MainThread:140046854821696> (requestor.py:_fetch_single_async:199 -> session.py:request:318) from logger `RFC.session_aiohttp`
[INFO] session requesting PapersCoolPaperPage(venue_EMNLP.2022).PapersCoolPaperKimiSection(venue_EMNLP.2022_=2022.emnlp-demos.27@ACL)

2024-04-04 00:11:47,263 <requestor-worker-9:4140868, MainThread:140046854821696> (requestor.py:_fetch_single_async:199 -> session.py:request:318) from logger `RFC.session_aiohttp`
[INFO] session requesting PapersCoolPaperPage(venue_EMNLP.2019).PapersCoolPaperKimiSection(venue_EMNLP.2019_=D19-1098@ACL)

2024-04-04 00:11:47,264 <requestor-worker-9:4140868, MainThread:140046854821696> (requestor.py:_fetch_single_async:199 -> session.py:request:318) from logger `RFC.session_aiohttp`
[INFO] session requesting PapersCoolPaperPage(venue_ACL.2021).PapersCoolPaperKimiSection(venue_ACL.2021_=2021.acl-short.71@ACL)

2024-04-04 00:11:47,266 <requestor-worker-9:4140868, MainThread:140046854821696> (requestor.py:_fetch_single_async:199 -> session.py:request:318) from logger `RFC.session_aiohttp`
[INFO] session requesting PapersCoolPaperPage(venue_ACL.2023).PapersCoolPaperKimiSection(venue_ACL.2023_=2023.findings-acl.458@ACL)

2024-04-04 00:11:47,267 <requestor-worker-9:4140868, MainThread:140046854821696> (requestor.py:_fetch_single_async:199 -> session.py:request:318) from logger `RFC.session_aiohttp`
[INFO] session requesting PapersCoolPaperPage(venue_ICCV.2023).PapersCoolPaperKimiSection(venue_ICCV.2023_=Wang_Homography_Guided_Temporal_Fusion_for_Road_Line_and_Marking_Segmentation@ICCV2023@CVF)

2024-04-04 00:11:47,269 <requestor-worker-9:4140868, MainThread:140046854821696> (requestor.py:_fetch_single_async:199 -> session.py:request:318) from logger `RFC.session_aiohttp`
[INFO] session requesting PapersCoolPaperPage(venue_EMNLP.2021).PapersCoolPaperKimiSection(venue_EMNLP.2021_=2021.emnlp-main.687@ACL)

2024-04-04 00:11:47,271 <requestor-worker-9:4140868, MainThread:140046854821696> (requestor.py:_fetch_single_async:199 -> session.py:request:318) from logger `RFC.session_aiohttp`
[INFO] session requesting PapersCoolPaperPage(venue_CVPR.2021).PapersCoolPaperKimiSection(venue_CVPR.2021_=Truong_Data-Free_Model_Extraction@CVPR2021@CVF)

2024-04-04 00:11:47,272 <requestor-worker-9:4140868, MainThread:140046854821696> (requestor.py:_fetch_single_async:199 -> session.py:request:318) from logger `RFC.session_aiohttp`
[INFO] session requesting PapersCoolPaperPage(venue_EMNLP.2022).PapersCoolPaperKimiSection(venue_EMNLP.2022_=2022.emnlp-demos.29@ACL)

2024-04-04 00:11:47,274 <requestor-worker-9:4140868, MainThread:140046854821696> (requestor.py:_fetch_single_async:199 -> session.py:request:318) from logger `RFC.session_aiohttp`
[INFO] session requesting PapersCoolPaperPage(venue_ACL.2020).PapersCoolPaperKimiSection(venue_ACL.2020_=2020.acl-main.340@ACL)

2024-04-04 00:11:47,275 <requestor-worker-9:4140868, MainThread:140046854821696> (requestor.py:_fetch_single_async:199 -> session.py:request:318) from logger `RFC.session_aiohttp`
[INFO] session requesting PapersCoolPaperPage(venue_ACL.2022).PapersCoolPaperKimiSection(venue_ACL.2022_=2022.acl-short.8@ACL)

2024-04-04 00:11:47,277 <requestor-worker-9:4140868, MainThread:140046854821696> (requestor.py:_fetch_single_async:199 -> session.py:request:318) from logger `RFC.session_aiohttp`
[INFO] session requesting PapersCoolPaperPage(venue_CVPR.2023).PapersCoolPaperKimiSection(venue_CVPR.2023_=Chou_How_to_Backdoor_Diffusion_Models@CVPR2023@CVF)

2024-04-04 00:11:47,461 <requestor-worker-9:4140868, MainThread:140046854821696> (requestor.py:_fetch_single_async:199 -> session.py:request:318) from logger `RFC.session_aiohttp`
[INFO] session requesting PapersCoolPaperPage(venue_EMNLP.2019).PapersCoolPaperKimiSection(venue_EMNLP.2019_=D19-1106@ACL)

2024-04-04 00:11:47,465 <requestor-worker-9:4140868, MainThread:140046854821696> (requestor.py:_fetch_single_async:199 -> session.py:request:318) from logger `RFC.session_aiohttp`
[INFO] session requesting PapersCoolPaperPage(venue_EMNLP.2021).PapersCoolPaperKimiSection(venue_EMNLP.2021_=2021.emnlp-main.693@ACL)

2024-04-04 00:11:47,468 <requestor-worker-9:4140868, MainThread:140046854821696> (requestor.py:_fetch_single_async:199 -> session.py:request:318) from logger `RFC.session_aiohttp`
[INFO] session requesting PapersCoolPaperPage(venue_CVPR.2023).PapersCoolPaperKimiSection(venue_CVPR.2023_=Kim_HIER_Metric_Learning_Beyond_Class_Labels_via_Hierarchical_Regularization@CVPR2023@CVF)

2024-04-04 00:11:47,471 <requestor-worker-9:4140868, MainThread:140046854821696> (requestor.py:_fetch_single_async:199 -> session.py:request:318) from logger `RFC.session_aiohttp`
[INFO] session requesting PapersCoolPaperPage(venue_ACL.2023).PapersCoolPaperKimiSection(venue_ACL.2023_=2023.findings-acl.465@ACL)

2024-04-04 00:11:47,474 <requestor-worker-9:4140868, MainThread:140046854821696> (requestor.py:_fetch_single_async:199 -> session.py:request:318) from logger `RFC.session_aiohttp`
[INFO] session requesting PapersCoolPaperPage(venue_EMNLP.2023).PapersCoolPaperKimiSection(venue_EMNLP.2023_=2023.findings-emnlp.446@ACL)

2024-04-04 00:11:47,476 <requestor-worker-9:4140868, MainThread:140046854821696> (requestor.py:_fetch_single_async:199 -> session.py:request:318) from logger `RFC.session_aiohttp`
[INFO] session requesting PapersCoolPaperPage(venue_ACL.2021).PapersCoolPaperKimiSection(venue_ACL.2021_=2021.acl-short.79@ACL)

2024-04-04 00:11:47,478 <requestor-worker-9:4140868, MainThread:140046854821696> (requestor.py:_fetch_single_async:199 -> session.py:request:318) from logger `RFC.session_aiohttp`
[INFO] session requesting PapersCoolPaperPage(venue_EMNLP.2019).PapersCoolPaperKimiSection(venue_EMNLP.2019_=D19-1107@ACL)

2024-04-04 00:11:47,480 <requestor-worker-9:4140868, MainThread:140046854821696> (requestor.py:_fetch_single_async:199 -> session.py:request:318) from logger `RFC.session_aiohttp`
[INFO] session requesting PapersCoolPaperPage(venue_ACL.2020).PapersCoolPaperKimiSection(venue_ACL.2020_=2020.acl-main.346@ACL)

2024-04-04 00:11:47,482 <requestor-worker-9:4140868, MainThread:140046854821696> (requestor.py:_fetch_single_async:199 -> session.py:request:318) from logger `RFC.session_aiohttp`
[INFO] session requesting PapersCoolPaperPage(venue_EMNLP.2022).PapersCoolPaperKimiSection(venue_EMNLP.2022_=2022.emnlp-demos.37@ACL)

2024-04-04 00:11:47,484 <requestor-worker-9:4140868, MainThread:140046854821696> (requestor.py:_fetch_single_async:199 -> session.py:request:318) from logger `RFC.session_aiohttp`
[INFO] session requesting PapersCoolPaperPage(venue_NeurIPS.2022).PapersCoolPaperKimiSection(venue_NeurIPS.2022_=21-0419@v23@JMLR)

2024-04-04 00:11:47,486 <requestor-worker-9:4140868, MainThread:140046854821696> (requestor.py:_fetch_single_async:199 -> session.py:request:318) from logger `RFC.session_aiohttp`
[INFO] session requesting PapersCoolPaperPage(venue_CVPR.2022).PapersCoolPaperKimiSection(venue_CVPR.2022_=Zou_Dreaming_To_Prune_Image_Deraining_Networks@CVPR2022@CVF)

2024-04-04 00:11:47,699 <requestor-worker-9:4140868, MainThread:140046854821696> (requestor.py:_fetch_single_async:199 -> session.py:request:318) from logger `RFC.session_aiohttp`
[INFO] session requesting PapersCoolPaperPage(venue_ICCV.2019).PapersCoolPaperKimiSection(venue_ICCV.2019_=Yang_A_Fast_and_Accurate_One-Stage_Approach_to_Visual_Grounding@ICCV2019@CVF)

2024-04-04 00:11:47,700 <requestor-worker-9:4140868, MainThread:140046854821696> (requestor.py:_fetch_single_async:199 -> session.py:request:318) from logger `RFC.session_aiohttp`
[INFO] session requesting PapersCoolPaperPage(venue_EMNLP.2020).PapersCoolPaperKimiSection(venue_EMNLP.2020_=2020.emnlp-main.557@ACL)

2024-04-04 00:11:47,702 <requestor-worker-9:4140868, MainThread:140046854821696> (requestor.py:_fetch_single_async:199 -> session.py:request:318) from logger `RFC.session_aiohttp`
[INFO] session requesting PapersCoolPaperPage(venue_ACL.2022).PapersCoolPaperKimiSection(venue_ACL.2022_=2022.acl-short.21@ACL)

2024-04-04 00:11:47,704 <requestor-worker-9:4140868, MainThread:140046854821696> (requestor.py:_fetch_single_async:199 -> session.py:request:318) from logger `RFC.session_aiohttp`
[INFO] session requesting PapersCoolPaperPage(venue_CVPR.2023).PapersCoolPaperKimiSection(venue_CVPR.2023_=Dong_Federated_Incremental_Semantic_Segmentation@CVPR2023@CVF)

2024-04-04 00:11:47,706 <requestor-worker-9:4140868, MainThread:140046854821696> (requestor.py:_fetch_single_async:199 -> session.py:request:318) from logger `RFC.session_aiohttp`
[INFO] session requesting PapersCoolPaperPage(venue_ACL.2019).PapersCoolPaperKimiSection(venue_ACL.2019_=P19-1194@ACL)

2024-04-04 00:11:47,707 <requestor-worker-9:4140868, MainThread:140046854821696> (requestor.py:_fetch_single_async:199 -> session.py:request:318) from logger `RFC.session_aiohttp`
[INFO] session requesting PapersCoolPaperPage(venue_ACL.2020).PapersCoolPaperKimiSection(venue_ACL.2020_=2020.acl-main.354@ACL)

2024-04-04 00:11:47,709 <requestor-worker-9:4140868, MainThread:140046854821696> (requestor.py:_fetch_single_async:199 -> session.py:request:318) from logger `RFC.session_aiohttp`
[INFO] session requesting PapersCoolPaperPage(venue_NeurIPS.2023).PapersCoolPaperKimiSection(venue_NeurIPS.2023_=yVMlYSL1Bp@OpenReview)

2024-04-04 00:11:47,711 <requestor-worker-9:4140868, MainThread:140046854821696> (requestor.py:_fetch_single_async:199 -> session.py:request:318) from logger `RFC.session_aiohttp`
[INFO] session requesting PapersCoolPaperPage(venue_ACL.2021).PapersCoolPaperKimiSection(venue_ACL.2021_=2021.acl-short.88@ACL)

2024-04-04 00:11:47,713 <requestor-worker-9:4140868, MainThread:140046854821696> (requestor.py:_fetch_single_async:199 -> session.py:request:318) from logger `RFC.session_aiohttp`
[INFO] session requesting PapersCoolPaperPage(venue_NeurIPS.2022).PapersCoolPaperKimiSection(venue_NeurIPS.2022_=oWqWiazEb62@OpenReview)

2024-04-04 00:11:47,714 <requestor-worker-9:4140868, MainThread:140046854821696> (requestor.py:_fetch_single_async:199 -> session.py:request:318) from logger `RFC.session_aiohttp`
[INFO] session requesting PapersCoolPaperPage(venue_ICML.2021).PapersCoolPaperKimiSection(venue_ICML.2021_=huang21d@v139@PMLR)

2024-04-04 00:11:47,716 <requestor-worker-9:4140868, MainThread:140046854821696> (requestor.py:_fetch_single_async:199 -> session.py:request:318) from logger `RFC.session_aiohttp`
[INFO] session requesting PapersCoolPaperPage(venue_ICCV.2023).PapersCoolPaperKimiSection(venue_ICCV.2023_=Jia_DriveAdapter_Breaking_the_Coupling_Barrier_of_Perception_and_Planning_in@ICCV2023@CVF)

2024-04-04 00:11:47,718 <requestor-worker-9:4140868, MainThread:140046854821696> (requestor.py:_fetch_single_async:199 -> session.py:request:318) from logger `RFC.session_aiohttp`
[INFO] session requesting PapersCoolPaperPage(venue_ACL.2023).PapersCoolPaperKimiSection(venue_ACL.2023_=2023.findings-acl.474@ACL)

2024-04-04 00:11:47,903 <requestor-worker-9:4140868, MainThread:140046854821696> (requestor.py:_fetch_single_async:199 -> session.py:request:318) from logger `RFC.session_aiohttp`
[INFO] session requesting PapersCoolPaperPage(venue_CVPR.2022).PapersCoolPaperKimiSection(venue_CVPR.2022_=He_Style-Based_Global_Appearance_Flow_for_Virtual_Try-On@CVPR2022@CVF)

2024-04-04 00:11:47,905 <requestor-worker-9:4140868, MainThread:140046854821696> (requestor.py:_fetch_single_async:199 -> session.py:request:318) from logger `RFC.session_aiohttp`
[INFO] session requesting PapersCoolPaperPage(venue_ICCV.2023).PapersCoolPaperKimiSection(venue_ICCV.2023_=Liu_Detection_Transformer_with_Stable_Matching@ICCV2023@CVF)

2024-04-04 00:11:47,906 <requestor-worker-9:4140868, MainThread:140046854821696> (requestor.py:_fetch_single_async:199 -> session.py:request:318) from logger `RFC.session_aiohttp`
[INFO] session requesting PapersCoolPaperPage(venue_EMNLP.2020).PapersCoolPaperKimiSection(venue_EMNLP.2020_=2020.emnlp-main.563@ACL)

2024-04-04 00:11:47,908 <requestor-worker-9:4140868, MainThread:140046854821696> (requestor.py:_fetch_single_async:199 -> session.py:request:318) from logger `RFC.session_aiohttp`
[INFO] session requesting PapersCoolPaperPage(venue_INTERSPEECH.2022).PapersCoolPaperKimiSection(venue_INTERSPEECH.2022_=ng22@interspeech_2022@ISCA)

2024-04-04 00:11:47,913 <requestor-worker-9:4140868, MainThread:140046854821696> (requestor.py:_fetch_single_async:199 -> session.py:request:318) from logger `RFC.session_aiohttp`
[INFO] session requesting PapersCoolPaperPage(venue_ACL.2019).PapersCoolPaperKimiSection(venue_ACL.2019_=P19-1200@ACL)

2024-04-04 00:11:47,915 <requestor-worker-9:4140868, MainThread:140046854821696> (requestor.py:_fetch_single_async:199 -> session.py:request:318) from logger `RFC.session_aiohttp`
[INFO] session requesting PapersCoolPaperPage(venue_NeurIPS.2022).PapersCoolPaperKimiSection(venue_NeurIPS.2022_=XSNfXG9HBAu@OpenReview)

2024-04-04 00:11:47,917 <requestor-worker-9:4140868, MainThread:140046854821696> (requestor.py:_fetch_single_async:199 -> session.py:request:318) from logger `RFC.session_aiohttp`
[INFO] session requesting PapersCoolPaperPage(venue_EMNLP.2021).PapersCoolPaperKimiSection(venue_EMNLP.2021_=2021.emnlp-main.710@ACL)

2024-04-04 00:11:47,918 <requestor-worker-9:4140868, MainThread:140046854821696> (requestor.py:_fetch_single_async:199 -> session.py:request:318) from logger `RFC.session_aiohttp`
[INFO] session requesting PapersCoolPaperPage(venue_EMNLP.2023).PapersCoolPaperKimiSection(venue_EMNLP.2023_=2023.findings-emnlp.464@ACL)

2024-04-04 00:11:47,920 <requestor-worker-9:4140868, MainThread:140046854821696> (requestor.py:_fetch_single_async:199 -> session.py:request:318) from logger `RFC.session_aiohttp`
[INFO] session requesting PapersCoolPaperPage(venue_ICCV.2023).PapersCoolPaperKimiSection(venue_ICCV.2023_=Chen_Be_Everywhere_-_Hear_Everything_BEE_Audio_Scene_Reconstruction_by@ICCV2023@CVF)

2024-04-04 00:11:47,922 <requestor-worker-9:4140868, MainThread:140046854821696> (requestor.py:_fetch_single_async:199 -> session.py:request:318) from logger `RFC.session_aiohttp`
[INFO] session requesting PapersCoolPaperPage(venue_ICCV.2021).PapersCoolPaperKimiSection(venue_ICCV.2021_=Kaufmann_EM-POSE_3D_Human_Pose_Estimation_From_Sparse_Electromagnetic_Trackers@ICCV2021@CVF)

2024-04-04 00:11:47,923 <requestor-worker-9:4140868, MainThread:140046854821696> (requestor.py:_fetch_single_async:199 -> session.py:request:318) from logger `RFC.session_aiohttp`
[INFO] session requesting PapersCoolPaperPage(venue_EMNLP.2020).PapersCoolPaperKimiSection(venue_EMNLP.2020_=2020.emnlp-main.564@ACL)

2024-04-04 00:11:47,925 <requestor-worker-9:4140868, MainThread:140046854821696> (requestor.py:_fetch_single_async:199 -> session.py:request:318) from logger `RFC.session_aiohttp`
[INFO] session requesting PapersCoolPaperPage(venue_ACL.2020).PapersCoolPaperKimiSection(venue_ACL.2020_=2020.acl-main.360@ACL)

2024-04-04 00:11:48,122 <requestor-worker-9:4140868, MainThread:140046854821696> (requestor.py:_fetch_single_async:199 -> session.py:request:318) from logger `RFC.session_aiohttp`
[INFO] session requesting PapersCoolPaperPage(venue_EMNLP.2023).PapersCoolPaperKimiSection(venue_EMNLP.2023_=2023.findings-emnlp.470@ACL)

2024-04-04 00:11:48,124 <requestor-worker-9:4140868, MainThread:140046854821696> (requestor.py:_fetch_single_async:199 -> session.py:request:318) from logger `RFC.session_aiohttp`
[INFO] session requesting PapersCoolPaperPage(venue_CVPR.2022).PapersCoolPaperKimiSection(venue_CVPR.2022_=Zhang_Exploring_and_Evaluating_Image_Restoration_Potential_in_Dynamic_Scenes@CVPR2022@CVF)

2024-04-04 00:11:48,126 <requestor-worker-9:4140868, MainThread:140046854821696> (requestor.py:_fetch_single_async:199 -> session.py:request:318) from logger `RFC.session_aiohttp`
[INFO] session requesting PapersCoolPaperPage(venue_ACL.2021).PapersCoolPaperKimiSection(venue_ACL.2021_=2021.acl-short.101@ACL)

2024-04-04 00:11:48,128 <requestor-worker-9:4140868, MainThread:140046854821696> (requestor.py:_fetch_single_async:199 -> session.py:request:318) from logger `RFC.session_aiohttp`
[INFO] session requesting PapersCoolPaperPage(venue_EMNLP.2019).PapersCoolPaperKimiSection(venue_EMNLP.2019_=D19-1129@ACL)

2024-04-04 00:11:48,131 <requestor-worker-9:4140868, MainThread:140046854821696> (requestor.py:_fetch_single_async:199 -> session.py:request:318) from logger `RFC.session_aiohttp`
[INFO] session requesting PapersCoolPaperPage(venue_EMNLP.2022).PapersCoolPaperKimiSection(venue_EMNLP.2022_=2022.emnlp-industry.19@ACL)

2024-04-04 00:11:48,133 <requestor-worker-9:4140868, MainThread:140046854821696> (requestor.py:_fetch_single_async:199 -> session.py:request:318) from logger `RFC.session_aiohttp`
[INFO] session requesting PapersCoolPaperPage(venue_NeurIPS.2022).PapersCoolPaperKimiSection(venue_NeurIPS.2022_=303XqIQ5c_d@OpenReview)

2024-04-04 00:11:48,135 <requestor-worker-9:4140868, MainThread:140046854821696> (requestor.py:_fetch_single_async:199 -> session.py:request:318) from logger `RFC.session_aiohttp`
[INFO] session requesting PapersCoolPaperPage(venue_ACL.2023).PapersCoolPaperKimiSection(venue_ACL.2023_=2023.findings-acl.484@ACL)

2024-04-04 00:11:48,137 <requestor-worker-9:4140868, MainThread:140046854821696> (requestor.py:_fetch_single_async:199 -> session.py:request:318) from logger `RFC.session_aiohttp`
[INFO] session requesting PapersCoolPaperPage(venue_ICML.2021).PapersCoolPaperKimiSection(venue_ICML.2021_=liu21w@v139@PMLR)

2024-04-04 00:11:48,139 <requestor-worker-9:4140868, MainThread:140046854821696> (requestor.py:_fetch_single_async:199 -> session.py:request:318) from logger `RFC.session_aiohttp`
[INFO] session requesting PapersCoolPaperPage(venue_EMNLP.2020).PapersCoolPaperKimiSection(venue_EMNLP.2020_=2020.emnlp-main.570@ACL)

2024-04-04 00:11:48,372 <requestor-worker-9:4140868, MainThread:140046854821696> (requestor.py:_fetch_single_async:199 -> session.py:request:318) from logger `RFC.session_aiohttp`
[INFO] session requesting PapersCoolPaperPage(venue_NeurIPS.2023).PapersCoolPaperKimiSection(venue_NeurIPS.2023_=tfyr2zRVoK@OpenReview)

2024-04-04 00:11:48,374 <requestor-worker-9:4140868, MainThread:140046854821696> (requestor.py:_fetch_single_async:199 -> session.py:request:318) from logger `RFC.session_aiohttp`
[INFO] session requesting PapersCoolPaperPage(venue_EMNLP.2018).PapersCoolPaperKimiSection(venue_EMNLP.2018_=D18-1071@ACL)

2024-04-04 00:11:48,375 <requestor-worker-9:4140868, MainThread:140046854821696> (requestor.py:_fetch_single_async:199 -> session.py:request:318) from logger `RFC.session_aiohttp`
[INFO] session requesting PapersCoolPaperPage(venue_ACL.2021).PapersCoolPaperKimiSection(venue_ACL.2021_=2021.acl-short.110@ACL)

2024-04-04 00:11:48,377 <requestor-worker-9:4140868, MainThread:140046854821696> (requestor.py:_fetch_single_async:199 -> session.py:request:318) from logger `RFC.session_aiohttp`
[INFO] session requesting PapersCoolPaperPage(venue_ACL.2020).PapersCoolPaperKimiSection(venue_ACL.2020_=2020.acl-main.371@ACL)

2024-04-04 00:11:48,378 <requestor-worker-9:4140868, MainThread:140046854821696> (requestor.py:_fetch_single_async:199 -> session.py:request:318) from logger `RFC.session_aiohttp`
[INFO] session requesting PapersCoolPaperPage(venue_ICCV.2023).PapersCoolPaperKimiSection(venue_ICCV.2023_=Wei_Temporal-Coded_Spiking_Neural_Networks_with_Dynamic_Firing_Threshold_Learning_with@ICCV2023@CVF)

2024-04-04 00:11:48,380 <requestor-worker-9:4140868, MainThread:140046854821696> (requestor.py:_fetch_single_async:199 -> session.py:request:318) from logger `RFC.session_aiohttp`
[INFO] session requesting PapersCoolPaperPage(venue_ICML.2021).PapersCoolPaperKimiSection(venue_ICML.2021_=bahri21a@v139@PMLR)

2024-04-04 00:11:48,381 <requestor-worker-9:4140868, MainThread:140046854821696> (requestor.py:_fetch_single_async:199 -> session.py:request:318) from logger `RFC.session_aiohttp`
[INFO] session requesting PapersCoolPaperPage(venue_NeurIPS.2021).PapersCoolPaperKimiSection(venue_NeurIPS.2021_=h1-ilmYbdea@OpenReview)

2024-04-04 00:11:48,383 <requestor-worker-9:4140868, MainThread:140046854821696> (requestor.py:_fetch_single_async:199 -> session.py:request:318) from logger `RFC.session_aiohttp`
[INFO] session requesting PapersCoolPaperPage(venue_ICML.2021).PapersCoolPaperKimiSection(venue_ICML.2021_=yeche21a@v139@PMLR)

2024-04-04 00:11:48,384 <requestor-worker-9:4140868, MainThread:140046854821696> (requestor.py:_fetch_single_async:199 -> session.py:request:318) from logger `RFC.session_aiohttp`
[INFO] session requesting PapersCoolPaperPage(venue_ICCV.2019).PapersCoolPaperKimiSection(venue_ICCV.2019_=Gu_Bayesian_Optimized_1-Bit_CNNs@ICCV2019@CVF)

2024-04-04 00:11:48,385 <requestor-worker-9:4140868, MainThread:140046854821696> (requestor.py:_fetch_single_async:199 -> session.py:request:318) from logger `RFC.session_aiohttp`
[INFO] session requesting PapersCoolPaperPage(venue_NeurIPS.2023).PapersCoolPaperKimiSection(venue_NeurIPS.2023_=tGuMwFnRZX@OpenReview)

2024-04-04 00:11:48,387 <requestor-worker-9:4140868, MainThread:140046854821696> (requestor.py:_fetch_single_async:199 -> session.py:request:318) from logger `RFC.session_aiohttp`
[INFO] session requesting PapersCoolPaperPage(venue_INTERSPEECH.2022).PapersCoolPaperKimiSection(venue_INTERSPEECH.2022_=ridouane22@interspeech_2022@ISCA)

2024-04-04 00:11:48,389 <requestor-worker-9:4140868, MainThread:140046854821696> (requestor.py:_fetch_single_async:199 -> session.py:request:318) from logger `RFC.session_aiohttp`
[INFO] session requesting PapersCoolPaperPage(venue_ACL.2019).PapersCoolPaperKimiSection(venue_ACL.2019_=P19-1216@ACL)

2024-04-04 00:11:48,390 <requestor-worker-9:4140868, MainThread:140046854821696> (requestor.py:_fetch_single_async:199 -> session.py:request:318) from logger `RFC.session_aiohttp`
[INFO] session requesting PapersCoolPaperPage(venue_ICCV.2021).PapersCoolPaperKimiSection(venue_ICCV.2021_=Friji_Geometric_Deep_Neural_Network_Using_Rigid_and_Non-Rigid_Transformations_for@ICCV2021@CVF)

2024-04-04 00:11:48,573 <requestor-worker-9:4140868, MainThread:140046854821696> (requestor.py:_fetch_single_async:199 -> session.py:request:318) from logger `RFC.session_aiohttp`
[INFO] session requesting PapersCoolPaperPage(venue_CVPR.2023).PapersCoolPaperKimiSection(venue_CVPR.2023_=Wang_Sharpness-Aware_Gradient_Matching_for_Domain_Generalization@CVPR2023@CVF)

2024-04-04 00:11:48,575 <requestor-worker-9:4140868, MainThread:140046854821696> (requestor.py:_fetch_single_async:199 -> session.py:request:318) from logger `RFC.session_aiohttp`
[INFO] session requesting PapersCoolPaperPage(venue_ICCV.2021).PapersCoolPaperKimiSection(venue_ICCV.2021_=Cui_Whos_Waldo_Linking_People_Across_Text_and_Images@ICCV2021@CVF)

2024-04-04 00:11:48,576 <requestor-worker-9:4140868, MainThread:140046854821696> (requestor.py:_fetch_single_async:199 -> session.py:request:318) from logger `RFC.session_aiohttp`
[INFO] session requesting PapersCoolPaperPage(venue_EMNLP.2020).PapersCoolPaperKimiSection(venue_EMNLP.2020_=2020.emnlp-main.585@ACL)

2024-04-04 00:11:48,578 <requestor-worker-9:4140868, MainThread:140046854821696> (requestor.py:_fetch_single_async:199 -> session.py:request:318) from logger `RFC.session_aiohttp`
[INFO] session requesting PapersCoolPaperPage(venue_ICML.2022).PapersCoolPaperKimiSection(venue_ICML.2022_=oskarsson22a@v162@PMLR)

2024-04-04 00:11:48,580 <requestor-worker-9:4140868, MainThread:140046854821696> (requestor.py:_fetch_single_async:199 -> session.py:request:318) from logger `RFC.session_aiohttp`
[INFO] session requesting PapersCoolPaperPage(venue_ICCV.2023).PapersCoolPaperKimiSection(venue_ICCV.2023_=Kim_PODIA-3D_Domain_Adaptation_of_3D_Generative_Model_Across_Large_Domain@ICCV2023@CVF)

2024-04-04 00:11:48,581 <requestor-worker-9:4140868, MainThread:140046854821696> (requestor.py:_fetch_single_async:199 -> session.py:request:318) from logger `RFC.session_aiohttp`
[INFO] session requesting PapersCoolPaperPage(venue_EMNLP.2022).PapersCoolPaperKimiSection(venue_EMNLP.2022_=2022.emnlp-industry.34@ACL)

2024-04-04 00:11:48,583 <requestor-worker-9:4140868, MainThread:140046854821696> (requestor.py:_fetch_single_async:199 -> session.py:request:318) from logger `RFC.session_aiohttp`
[INFO] session requesting PapersCoolPaperPage(venue_ACL.2021).PapersCoolPaperKimiSection(venue_ACL.2021_=2021.acl-short.116@ACL)

2024-04-04 00:11:48,584 <requestor-worker-9:4140868, MainThread:140046854821696> (requestor.py:_fetch_single_async:199 -> session.py:request:318) from logger `RFC.session_aiohttp`
[INFO] session requesting PapersCoolPaperPage(venue_NeurIPS.2023).PapersCoolPaperKimiSection(venue_NeurIPS.2023_=UK8mA3DRnb@OpenReview)

2024-04-04 00:11:48,586 <requestor-worker-9:4140868, MainThread:140046854821696> (requestor.py:_fetch_single_async:199 -> session.py:request:318) from logger `RFC.session_aiohttp`
[INFO] session requesting PapersCoolPaperPage(venue_ICCV.2019).PapersCoolPaperKimiSection(venue_ICCV.2019_=Pang_Mask-Guided_Attention_Network_for_Occluded_Pedestrian_Detection@ICCV2019@CVF)

2024-04-04 00:11:48,588 <requestor-worker-9:4140868, MainThread:140046854821696> (requestor.py:_fetch_single_async:199 -> session.py:request:318) from logger `RFC.session_aiohttp`
[INFO] session requesting PapersCoolPaperPage(venue_ACL.2019).PapersCoolPaperKimiSection(venue_ACL.2019_=P19-1222@ACL)

2024-04-04 00:11:48,589 <requestor-worker-9:4140868, MainThread:140046854821696> (requestor.py:_fetch_single_async:199 -> session.py:request:318) from logger `RFC.session_aiohttp`
[INFO] session requesting PapersCoolPaperPage(venue_NeurIPS.2022).PapersCoolPaperKimiSection(venue_NeurIPS.2022_=Wo1HF2wWNZb@OpenReview)

2024-04-04 00:11:48,772 <requestor-worker-9:4140868, MainThread:140046854821696> (requestor.py:_fetch_single_async:199 -> session.py:request:318) from logger `RFC.session_aiohttp`
[INFO] session requesting PapersCoolPaperPage(venue_CVPR.2022).PapersCoolPaperKimiSection(venue_CVPR.2022_=Li_Contextual_Outpainting_With_Object-Level_Contrastive_Learning@CVPR2022@CVF)

2024-04-04 00:11:48,774 <requestor-worker-9:4140868, MainThread:140046854821696> (requestor.py:_fetch_single_async:199 -> session.py:request:318) from logger `RFC.session_aiohttp`
[INFO] session requesting PapersCoolPaperPage(venue_EMNLP.2019).PapersCoolPaperKimiSection(venue_EMNLP.2019_=D19-1150@ACL)

2024-04-04 00:11:48,775 <requestor-worker-9:4140868, MainThread:140046854821696> (requestor.py:_fetch_single_async:199 -> session.py:request:318) from logger `RFC.session_aiohttp`
[INFO] session requesting PapersCoolPaperPage(venue_CVPR.2022).PapersCoolPaperKimiSection(venue_CVPR.2022_=Ruiz_Simulated_Adversarial_Testing_of_Face_Recognition_Models@CVPR2022@CVF)

2024-04-04 00:11:48,777 <requestor-worker-9:4140868, MainThread:140046854821696> (requestor.py:_fetch_single_async:199 -> session.py:request:318) from logger `RFC.session_aiohttp`
[INFO] session requesting PapersCoolPaperPage(venue_ICCV.2019).PapersCoolPaperKimiSection(venue_ICCV.2019_=Tolias_Targeted_Mismatch_Adversarial_Attack_Query_With_a_Flower_to_Retrieve@ICCV2019@CVF)

2024-04-04 00:11:48,779 <requestor-worker-9:4140868, MainThread:140046854821696> (requestor.py:_fetch_single_async:199 -> session.py:request:318) from logger `RFC.session_aiohttp`
[INFO] session requesting PapersCoolPaperPage(venue_CVPR.2023).PapersCoolPaperKimiSection(venue_CVPR.2023_=Zhao_Rethinking_Gradient_Projection_Continual_Learning_Stability__Plasticity_Feature_Space@CVPR2023@CVF)

2024-04-04 00:11:48,780 <requestor-worker-9:4140868, MainThread:140046854821696> (requestor.py:_fetch_single_async:199 -> session.py:request:318) from logger `RFC.session_aiohttp`
[INFO] session requesting PapersCoolPaperPage(venue_ACL.2023).PapersCoolPaperKimiSection(venue_ACL.2023_=2023.findings-acl.501@ACL)

2024-04-04 00:11:48,782 <requestor-worker-9:4140868, MainThread:140046854821696> (requestor.py:_fetch_single_async:199 -> session.py:request:318) from logger `RFC.session_aiohttp`
[INFO] session requesting PapersCoolPaperPage(venue_INTERSPEECH.2022).PapersCoolPaperKimiSection(venue_INTERSPEECH.2022_=barker22@interspeech_2022@ISCA)

2024-04-04 00:11:48,784 <requestor-worker-9:4140868, MainThread:140046854821696> (requestor.py:_fetch_single_async:199 -> session.py:request:318) from logger `RFC.session_aiohttp`
[INFO] session requesting PapersCoolPaperPage(venue_EMNLP.2021).PapersCoolPaperKimiSection(venue_EMNLP.2021_=2021.emnlp-main.738@ACL)

2024-04-04 00:11:48,984 <requestor-worker-9:4140868, MainThread:140046854821696> (requestor.py:_fetch_single_async:199 -> session.py:request:318) from logger `RFC.session_aiohttp`
[INFO] session requesting PapersCoolPaperPage(venue_NeurIPS.2021).PapersCoolPaperKimiSection(venue_NeurIPS.2021_=j7YA-y0P3-@OpenReview)

2024-04-04 00:11:48,986 <requestor-worker-9:4140868, MainThread:140046854821696> (requestor.py:_fetch_single_async:199 -> session.py:request:318) from logger `RFC.session_aiohttp`
[INFO] session requesting PapersCoolPaperPage(venue_EMNLP.2023).PapersCoolPaperKimiSection(venue_EMNLP.2023_=2023.findings-emnlp.500@ACL)

2024-04-04 00:11:48,987 <requestor-worker-9:4140868, MainThread:140046854821696> (requestor.py:_fetch_single_async:199 -> session.py:request:318) from logger `RFC.session_aiohttp`
[INFO] session requesting PapersCoolPaperPage(venue_ACL.2020).PapersCoolPaperKimiSection(venue_ACL.2020_=2020.acl-main.385@ACL)

2024-04-04 00:11:48,988 <requestor-worker-9:4140868, MainThread:140046854821696> (requestor.py:_fetch_single_async:199 -> session.py:request:318) from logger `RFC.session_aiohttp`
[INFO] session requesting PapersCoolPaperPage(venue_ACL.2019).PapersCoolPaperKimiSection(venue_ACL.2019_=P19-1237@ACL)

2024-04-04 00:11:48,990 <requestor-worker-9:4140868, MainThread:140046854821696> (requestor.py:_fetch_single_async:199 -> session.py:request:318) from logger `RFC.session_aiohttp`
[INFO] session requesting PapersCoolPaperPage(venue_CVPR.2021).PapersCoolPaperKimiSection(venue_CVPR.2021_=Chen_Wide-Baseline_Relative_Camera_Pose_Estimation_With_Directional_Learning@CVPR2021@CVF)

2024-04-04 00:11:48,991 <requestor-worker-9:4140868, MainThread:140046854821696> (requestor.py:_fetch_single_async:199 -> session.py:request:318) from logger `RFC.session_aiohttp`
[INFO] session requesting PapersCoolPaperPage(venue_CVPR.2022).PapersCoolPaperKimiSection(venue_CVPR.2022_=Katsumata_OSSGAN_Open-Set_Semi-Supervised_Image_Generation@CVPR2022@CVF)

2024-04-04 00:11:48,993 <requestor-worker-9:4140868, MainThread:140046854821696> (requestor.py:_fetch_single_async:199 -> session.py:request:318) from logger `RFC.session_aiohttp`
[INFO] session requesting PapersCoolPaperPage(venue_ICCV.2019).PapersCoolPaperKimiSection(venue_ICCV.2019_=Zhang_Weakly_Aligned_Cross-Modal_Learning_for_Multispectral_Pedestrian_Detection@ICCV2019@CVF)

2024-04-04 00:11:48,994 <requestor-worker-9:4140868, MainThread:140046854821696> (requestor.py:_fetch_single_async:199 -> session.py:request:318) from logger `RFC.session_aiohttp`
[INFO] session requesting PapersCoolPaperPage(venue_NeurIPS.2022).PapersCoolPaperKimiSection(venue_NeurIPS.2022_=ZwnPdpCw6d@OpenReview)

2024-04-04 00:11:48,996 <requestor-worker-9:4140868, MainThread:140046854821696> (requestor.py:_fetch_single_async:199 -> session.py:request:318) from logger `RFC.session_aiohttp`
[INFO] session requesting PapersCoolPaperPage(venue_ACL.2021).PapersCoolPaperKimiSection(venue_ACL.2021_=2021.acl-short.132@ACL)

2024-04-04 00:11:48,997 <requestor-worker-9:4140868, MainThread:140046854821696> (requestor.py:_fetch_single_async:199 -> session.py:request:318) from logger `RFC.session_aiohttp`
[INFO] session requesting PapersCoolPaperPage(venue_NeurIPS.2021).PapersCoolPaperKimiSection(venue_NeurIPS.2021_=1oRFmD0Fl-5@OpenReview)

2024-04-04 00:11:49,198 <requestor-worker-9:4140868, MainThread:140046854821696> (requestor.py:_fetch_single_async:199 -> session.py:request:318) from logger `RFC.session_aiohttp`
[INFO] session requesting PapersCoolPaperPage(venue_ACL.2020).PapersCoolPaperKimiSection(venue_ACL.2020_=2020.acl-main.389@ACL)

2024-04-04 00:11:49,200 <requestor-worker-9:4140868, MainThread:140046854821696> (requestor.py:_fetch_single_async:199 -> session.py:request:318) from logger `RFC.session_aiohttp`
[INFO] session requesting PapersCoolPaperPage(venue_ACL.2022).PapersCoolPaperKimiSection(venue_ACL.2022_=2022.acl-short.57@ACL)

2024-04-04 00:11:49,202 <requestor-worker-9:4140868, MainThread:140046854821696> (requestor.py:_fetch_single_async:199 -> session.py:request:318) from logger `RFC.session_aiohttp`
[INFO] session requesting PapersCoolPaperPage(venue_CVPR.2022).PapersCoolPaperKimiSection(venue_CVPR.2022_=Ng_NinjaDesc_Content-Concealing_Visual_Descriptors_via_Adversarial_Learning@CVPR2022@CVF)

2024-04-04 00:11:49,204 <requestor-worker-9:4140868, MainThread:140046854821696> (requestor.py:_fetch_single_async:199 -> session.py:request:318) from logger `RFC.session_aiohttp`
[INFO] session requesting PapersCoolPaperPage(venue_ACL.2021).PapersCoolPaperKimiSection(venue_ACL.2021_=2021.acl-short.138@ACL)

2024-04-04 00:11:49,206 <requestor-worker-9:4140868, MainThread:140046854821696> (requestor.py:_fetch_single_async:199 -> session.py:request:318) from logger `RFC.session_aiohttp`
[INFO] session requesting PapersCoolPaperPage(venue_ACL.2019).PapersCoolPaperKimiSection(venue_ACL.2019_=P19-1244@ACL)

2024-04-04 00:11:49,207 <requestor-worker-9:4140868, MainThread:140046854821696> (requestor.py:_fetch_single_async:199 -> session.py:request:318) from logger `RFC.session_aiohttp`
[INFO] session requesting PapersCoolPaperPage(venue_NeurIPS.2021).PapersCoolPaperKimiSection(venue_NeurIPS.2021_=q_fMLfwTAJY@OpenReview)

2024-04-04 00:11:49,209 <requestor-worker-9:4140868, MainThread:140046854821696> (requestor.py:_fetch_single_async:199 -> session.py:request:318) from logger `RFC.session_aiohttp`
[INFO] session requesting PapersCoolPaperPage(venue_EMNLP.2023).PapersCoolPaperKimiSection(venue_EMNLP.2023_=2023.findings-emnlp.509@ACL)

2024-04-04 00:11:49,211 <requestor-worker-9:4140868, MainThread:140046854821696> (requestor.py:_fetch_single_async:199 -> session.py:request:318) from logger `RFC.session_aiohttp`
[INFO] session requesting PapersCoolPaperPage(venue_CVPR.2023).PapersCoolPaperKimiSection(venue_CVPR.2023_=Liao_EMT-NASTransferring_Architectural_Knowledge_Between_Tasks_From_Different_Datasets@CVPR2023@CVF)

2024-04-04 00:11:49,212 <requestor-worker-9:4140868, MainThread:140046854821696> (requestor.py:_fetch_single_async:199 -> session.py:request:318) from logger `RFC.session_aiohttp`
[INFO] session requesting PapersCoolPaperPage(venue_ACL.2020).PapersCoolPaperKimiSection(venue_ACL.2020_=2020.acl-main.390@ACL)

2024-04-04 00:11:49,214 <requestor-worker-9:4140868, MainThread:140046854821696> (requestor.py:_fetch_single_async:199 -> session.py:request:318) from logger `RFC.session_aiohttp`
[INFO] session requesting PapersCoolPaperPage(venue_CVPR.2023).PapersCoolPaperKimiSection(venue_CVPR.2023_=Garg_Samples_With_Low_Loss_Curvature_Improve_Data_Efficiency@CVPR2023@CVF)

2024-04-04 00:11:49,216 <requestor-worker-9:4140868, MainThread:140046854821696> (requestor.py:_fetch_single_async:199 -> session.py:request:318) from logger `RFC.session_aiohttp`
[INFO] session requesting PapersCoolPaperPage(venue_EMNLP.2020).PapersCoolPaperKimiSection(venue_EMNLP.2020_=2020.emnlp-main.608@ACL)

2024-04-04 00:11:49,218 <requestor-worker-9:4140868, MainThread:140046854821696> (requestor.py:_fetch_single_async:199 -> session.py:request:318) from logger `RFC.session_aiohttp`
[INFO] session requesting PapersCoolPaperPage(venue_NeurIPS.2023).PapersCoolPaperKimiSection(venue_NeurIPS.2023_=q3fCWoC9l0@OpenReview)

2024-04-04 00:11:49,219 <requestor-worker-9:4140868, MainThread:140046854821696> (requestor.py:_fetch_single_async:199 -> session.py:request:318) from logger `RFC.session_aiohttp`
[INFO] session requesting PapersCoolPaperPage(venue_EMNLP.2019).PapersCoolPaperKimiSection(venue_EMNLP.2019_=D19-1166@ACL)

2024-04-04 00:11:50,541 <requestor-worker-9:4140868, MainThread:140046854821696> (requestor.py:_fetch_single_async:199 -> session.py:request:318) from logger `RFC.session_aiohttp`
[INFO] session requesting PapersCoolPaperPage(venue_CVPR.2023).PapersCoolPaperKimiSection(venue_CVPR.2023_=Li_Dynamic_Graph_Enhanced_Contrastive_Learning_for_Chest_X-Ray_Report_Generation@CVPR2023@CVF)

2024-04-04 00:11:50,542 <requestor-worker-9:4140868, MainThread:140046854821696> (requestor.py:_fetch_single_async:199 -> session.py:request:318) from logger `RFC.session_aiohttp`
[INFO] session requesting PapersCoolPaperPage(venue_ACL.2021).PapersCoolPaperKimiSection(venue_ACL.2021_=2021.acl-srw.3@ACL)

2024-04-04 00:11:50,544 <requestor-worker-9:4140868, MainThread:140046854821696> (requestor.py:_fetch_single_async:199 -> session.py:request:318) from logger `RFC.session_aiohttp`
[INFO] session requesting PapersCoolPaperPage(venue_EMNLP.2023).PapersCoolPaperKimiSection(venue_EMNLP.2023_=2023.findings-emnlp.513@ACL)

2024-04-04 00:11:50,545 <requestor-worker-9:4140868, MainThread:140046854821696> (requestor.py:_fetch_single_async:199 -> session.py:request:318) from logger `RFC.session_aiohttp`
[INFO] session requesting PapersCoolPaperPage(venue_ICCV.2019).PapersCoolPaperKimiSection(venue_ICCV.2019_=Siam_AMP_Adaptive_Masked_Proxies_for_Few-Shot_Segmentation@ICCV2019@CVF)

2024-04-04 00:11:50,547 <requestor-worker-9:4140868, MainThread:140046854821696> (requestor.py:_fetch_single_async:199 -> session.py:request:318) from logger `RFC.session_aiohttp`
[INFO] session requesting PapersCoolPaperPage(venue_EMNLP.2022).PapersCoolPaperKimiSection(venue_EMNLP.2022_=2022.emnlp-industry.61@ACL)

2024-04-04 00:11:50,548 <requestor-worker-9:4140868, MainThread:140046854821696> (requestor.py:_fetch_single_async:199 -> session.py:request:318) from logger `RFC.session_aiohttp`
[INFO] session requesting PapersCoolPaperPage(venue_CVPR.2022).PapersCoolPaperKimiSection(venue_CVPR.2022_=He_Attribute_Surrogates_Learning_and_Spectral_Tokens_Pooling_in_Transformers_for@CVPR2022@CVF)

2024-04-04 00:11:50,550 <requestor-worker-9:4140868, MainThread:140046854821696> (requestor.py:_fetch_single_async:199 -> session.py:request:318) from logger `RFC.session_aiohttp`
[INFO] session requesting PapersCoolPaperPage(venue_ICML.2022).PapersCoolPaperKimiSection(venue_ICML.2022_=hou22b@v162@PMLR)

2024-04-04 00:11:50,551 <requestor-worker-9:4140868, MainThread:140046854821696> (requestor.py:_fetch_single_async:199 -> session.py:request:318) from logger `RFC.session_aiohttp`
[INFO] session requesting PapersCoolPaperPage(venue_CVPR.2023).PapersCoolPaperKimiSection(venue_CVPR.2023_=Liu_NoisyQuant_Noisy_Bias-Enhanced_Post-Training_Activation_Quantization_for_Vision_Transformers@CVPR2023@CVF)

2024-04-04 00:11:50,553 <requestor-worker-9:4140868, MainThread:140046854821696> (requestor.py:_fetch_single_async:199 -> session.py:request:318) from logger `RFC.session_aiohttp`
[INFO] session requesting PapersCoolPaperPage(venue_NeurIPS.2022).PapersCoolPaperKimiSection(venue_NeurIPS.2022_=dz79MhQXWvg@OpenReview)

2024-04-04 00:11:50,554 <requestor-worker-9:4140868, MainThread:140046854821696> (requestor.py:_fetch_single_async:199 -> session.py:request:318) from logger `RFC.session_aiohttp`
[INFO] session requesting PapersCoolPaperPage(venue_ACL.2019).PapersCoolPaperKimiSection(venue_ACL.2019_=P19-1249@ACL)

2024-04-04 00:11:50,556 <requestor-worker-9:4140868, MainThread:140046854821696> (requestor.py:_fetch_single_async:199 -> session.py:request:318) from logger `RFC.session_aiohttp`
[INFO] session requesting PapersCoolPaperPage(venue_EMNLP.2019).PapersCoolPaperKimiSection(venue_EMNLP.2019_=D19-1169@ACL)

2024-04-04 00:11:50,763 <requestor-worker-9:4140868, MainThread:140046854821696> (requestor.py:_fetch_single_async:199 -> session.py:request:318) from logger `RFC.session_aiohttp`
[INFO] session requesting PapersCoolPaperPage(venue_CVPR.2021).PapersCoolPaperKimiSection(venue_CVPR.2021_=Zhu_Where_and_What_Examining_Interpretable_Disentangled_Representations@CVPR2021@CVF)

2024-04-04 00:11:50,765 <requestor-worker-9:4140868, MainThread:140046854821696> (requestor.py:_fetch_single_async:199 -> session.py:request:318) from logger `RFC.session_aiohttp`
[INFO] session requesting PapersCoolPaperPage(venue_EMNLP.2023).PapersCoolPaperKimiSection(venue_EMNLP.2023_=2023.findings-emnlp.515@ACL)

2024-04-04 00:11:50,767 <requestor-worker-9:4140868, MainThread:140046854821696> (requestor.py:_fetch_single_async:199 -> session.py:request:318) from logger `RFC.session_aiohttp`
[INFO] session requesting PapersCoolPaperPage(venue_NeurIPS.2022).PapersCoolPaperKimiSection(venue_NeurIPS.2022_=YR-s5leIvh@OpenReview)

2024-04-04 00:11:50,768 <requestor-worker-9:4140868, MainThread:140046854821696> (requestor.py:_fetch_single_async:199 -> session.py:request:318) from logger `RFC.session_aiohttp`
[INFO] session requesting PapersCoolPaperPage(venue_EMNLP.2022).PapersCoolPaperKimiSection(venue_EMNLP.2022_=2022.emnlp-industry.63@ACL)

2024-04-04 00:11:50,770 <requestor-worker-9:4140868, MainThread:140046854821696> (requestor.py:_fetch_single_async:199 -> session.py:request:318) from logger `RFC.session_aiohttp`
[INFO] session requesting PapersCoolPaperPage(venue_EMNLP.2021).PapersCoolPaperKimiSection(venue_EMNLP.2021_=2021.emnlp-main.761@ACL)

2024-04-04 00:11:50,771 <requestor-worker-9:4140868, MainThread:140046854821696> (requestor.py:_fetch_single_async:199 -> session.py:request:318) from logger `RFC.session_aiohttp`
[INFO] session requesting PapersCoolPaperPage(venue_CVPR.2022).PapersCoolPaperKimiSection(venue_CVPR.2022_=Wang_Efficient_Multi-View_Stereo_by_Iterative_Dynamic_Cost_Volume@CVPR2022@CVF)

2024-04-04 00:11:50,773 <requestor-worker-9:4140868, MainThread:140046854821696> (requestor.py:_fetch_single_async:199 -> session.py:request:318) from logger `RFC.session_aiohttp`
[INFO] session requesting PapersCoolPaperPage(venue_EMNLP.2023).PapersCoolPaperKimiSection(venue_EMNLP.2023_=2023.findings-emnlp.516@ACL)

2024-04-04 00:11:50,774 <requestor-worker-9:4140868, MainThread:140046854821696> (requestor.py:_fetch_single_async:199 -> session.py:request:318) from logger `RFC.session_aiohttp`
[INFO] session requesting PapersCoolPaperPage(venue_EMNLP.2022).PapersCoolPaperKimiSection(venue_EMNLP.2022_=2022.emnlp-industry.64@ACL)

2024-04-04 00:11:50,776 <requestor-worker-9:4140868, MainThread:140046854821696> (requestor.py:_fetch_single_async:199 -> session.py:request:318) from logger `RFC.session_aiohttp`
[INFO] session requesting PapersCoolPaperPage(venue_EMNLP.2020).PapersCoolPaperKimiSection(venue_EMNLP.2020_=2020.emnlp-main.613@ACL)

2024-04-04 00:11:50,777 <requestor-worker-9:4140868, MainThread:140046854821696> (requestor.py:_fetch_single_async:199 -> session.py:request:318) from logger `RFC.session_aiohttp`
[INFO] session requesting PapersCoolPaperPage(venue_ICML.2022).PapersCoolPaperKimiSection(venue_ICML.2022_=wang22i@v162@PMLR)

2024-04-04 00:11:50,779 <requestor-worker-9:4140868, MainThread:140046854821696> (requestor.py:_fetch_single_async:199 -> session.py:request:318) from logger `RFC.session_aiohttp`
[INFO] session requesting PapersCoolPaperPage(venue_ACL.2019).PapersCoolPaperKimiSection(venue_ACL.2019_=P19-1253@ACL)

2024-04-04 00:11:50,780 <requestor-worker-9:4140868, MainThread:140046854821696> (requestor.py:_fetch_single_async:199 -> session.py:request:318) from logger `RFC.session_aiohttp`
[INFO] session requesting PapersCoolPaperPage(venue_NeurIPS.2023).PapersCoolPaperKimiSection(venue_NeurIPS.2023_=pT8DIhsJCw@OpenReview)

2024-04-04 00:11:50,782 <requestor-worker-9:4140868, MainThread:140046854821696> (requestor.py:_fetch_single_async:199 -> session.py:request:318) from logger `RFC.session_aiohttp`
[INFO] session requesting PapersCoolPaperPage(venue_EMNLP.2019).PapersCoolPaperKimiSection(venue_EMNLP.2019_=D19-1173@ACL)

2024-04-04 00:11:50,975 <requestor-worker-9:4140868, MainThread:140046854821696> (requestor.py:_fetch_single_async:199 -> session.py:request:318) from logger `RFC.session_aiohttp`
[INFO] session requesting PapersCoolPaperPage(venue_EMNLP.2023).PapersCoolPaperKimiSection(venue_EMNLP.2023_=2023.findings-emnlp.524@ACL)

2024-04-04 00:11:50,977 <requestor-worker-9:4140868, MainThread:140046854821696> (requestor.py:_fetch_single_async:199 -> session.py:request:318) from logger `RFC.session_aiohttp`
[INFO] session requesting PapersCoolPaperPage(venue_EMNLP.2021).PapersCoolPaperKimiSection(venue_EMNLP.2021_=2021.emnlp-main.770@ACL)

2024-04-04 00:11:50,979 <requestor-worker-9:4140868, MainThread:140046854821696> (requestor.py:_fetch_single_async:199 -> session.py:request:318) from logger `RFC.session_aiohttp`
[INFO] session requesting PapersCoolPaperPage(venue_CVPR.2023).PapersCoolPaperKimiSection(venue_CVPR.2023_=Qin_Reliable_and_Interpretable_Personalized_Federated_Learning@CVPR2023@CVF)

2024-04-04 00:11:50,981 <requestor-worker-9:4140868, MainThread:140046854821696> (requestor.py:_fetch_single_async:199 -> session.py:request:318) from logger `RFC.session_aiohttp`
[INFO] session requesting PapersCoolPaperPage(venue_NeurIPS.2021).PapersCoolPaperKimiSection(venue_NeurIPS.2021_=xRLT28nnlFV@OpenReview)

2024-04-04 00:11:50,983 <requestor-worker-9:4140868, MainThread:140046854821696> (requestor.py:_fetch_single_async:199 -> session.py:request:318) from logger `RFC.session_aiohttp`
[INFO] session requesting PapersCoolPaperPage(venue_EMNLP.2019).PapersCoolPaperKimiSection(venue_EMNLP.2019_=D19-1180@ACL)

2024-04-04 00:11:50,985 <requestor-worker-9:4140868, MainThread:140046854821696> (requestor.py:_fetch_single_async:199 -> session.py:request:318) from logger `RFC.session_aiohttp`
[INFO] session requesting PapersCoolPaperPage(venue_INTERSPEECH.2022).PapersCoolPaperKimiSection(venue_INTERSPEECH.2022_=huckvale22@interspeech_2022@ISCA)

2024-04-04 00:11:50,987 <requestor-worker-9:4140868, MainThread:140046854821696> (requestor.py:_fetch_single_async:199 -> session.py:request:318) from logger `RFC.session_aiohttp`
[INFO] session requesting PapersCoolPaperPage(venue_EMNLP.2023).PapersCoolPaperKimiSection(venue_EMNLP.2023_=2023.findings-emnlp.525@ACL)

2024-04-04 00:11:50,989 <requestor-worker-9:4140868, MainThread:140046854821696> (requestor.py:_fetch_single_async:199 -> session.py:request:318) from logger `RFC.session_aiohttp`
[INFO] session requesting PapersCoolPaperPage(venue_EMNLP.2022).PapersCoolPaperKimiSection(venue_EMNLP.2022_=2022.findings-emnlp.8@ACL)

2024-04-04 00:11:50,991 <requestor-worker-9:4140868, MainThread:140046854821696> (requestor.py:_fetch_single_async:199 -> session.py:request:318) from logger `RFC.session_aiohttp`
[INFO] session requesting PapersCoolPaperPage(venue_NeurIPS.2022).PapersCoolPaperKimiSection(venue_NeurIPS.2022_=q-FRENiEP_d@OpenReview)

2024-04-04 00:11:50,993 <requestor-worker-9:4140868, MainThread:140046854821696> (requestor.py:_fetch_single_async:199 -> session.py:request:318) from logger `RFC.session_aiohttp`
[INFO] session requesting PapersCoolPaperPage(venue_ICML.2022).PapersCoolPaperKimiSection(venue_ICML.2022_=gat22a@v162@PMLR)

2024-04-04 00:11:50,995 <requestor-worker-9:4140868, MainThread:140046854821696> (requestor.py:_fetch_single_async:199 -> session.py:request:318) from logger `RFC.session_aiohttp`
[INFO] session requesting PapersCoolPaperPage(venue_ACL.2023).PapersCoolPaperKimiSection(venue_ACL.2023_=2023.findings-acl.525@ACL)

2024-04-04 00:11:51,193 <requestor-worker-9:4140868, MainThread:140046854821696> (requestor.py:_fetch_single_async:199 -> session.py:request:318) from logger `RFC.session_aiohttp`
[INFO] session requesting PapersCoolPaperPage(venue_EMNLP.2018).PapersCoolPaperKimiSection(venue_EMNLP.2018_=D18-1106@ACL)

2024-04-04 00:11:51,195 <requestor-worker-9:4140868, MainThread:140046854821696> (requestor.py:_fetch_single_async:199 -> session.py:request:318) from logger `RFC.session_aiohttp`
[INFO] session requesting PapersCoolPaperPage(venue_CVPR.2021).PapersCoolPaperKimiSection(venue_CVPR.2021_=Sun_Dynamic_Metric_Learning_Towards_a_Scalable_Metric_Space_To_Accommodate@CVPR2021@CVF)

2024-04-04 00:11:51,196 <requestor-worker-9:4140868, MainThread:140046854821696> (requestor.py:_fetch_single_async:199 -> session.py:request:318) from logger `RFC.session_aiohttp`
[INFO] session requesting PapersCoolPaperPage(venue_ACL.2019).PapersCoolPaperKimiSection(venue_ACL.2019_=P19-1270@ACL)

2024-04-04 00:11:51,198 <requestor-worker-9:4140868, MainThread:140046854821696> (requestor.py:_fetch_single_async:199 -> session.py:request:318) from logger `RFC.session_aiohttp`
[INFO] session requesting PapersCoolPaperPage(venue_EMNLP.2021).PapersCoolPaperKimiSection(venue_EMNLP.2021_=2021.emnlp-main.778@ACL)

2024-04-04 00:11:51,200 <requestor-worker-9:4140868, MainThread:140046854821696> (requestor.py:_fetch_single_async:199 -> session.py:request:318) from logger `RFC.session_aiohttp`
[INFO] session requesting PapersCoolPaperPage(venue_ICCV.2019).PapersCoolPaperKimiSection(venue_ICCV.2019_=Martinez_Action_Recognition_With_Spatial-Temporal_Discriminative_Filter_Banks@ICCV2019@CVF)

2024-04-04 00:11:51,201 <requestor-worker-9:4140868, MainThread:140046854821696> (requestor.py:_fetch_single_async:199 -> session.py:request:318) from logger `RFC.session_aiohttp`
[INFO] session requesting PapersCoolPaperPage(venue_CVPR.2021).PapersCoolPaperKimiSection(venue_CVPR.2021_=Yan_Primitive_Representation_Learning_for_Scene_Text_Recognition@CVPR2021@CVF)

2024-04-04 00:11:51,203 <requestor-worker-9:4140868, MainThread:140046854821696> (requestor.py:_fetch_single_async:199 -> session.py:request:318) from logger `RFC.session_aiohttp`
[INFO] session requesting PapersCoolPaperPage(venue_ACL.2021).PapersCoolPaperKimiSection(venue_ACL.2021_=2021.acl-srw.25@ACL)

2024-04-04 00:11:51,204 <requestor-worker-9:4140868, MainThread:140046854821696> (requestor.py:_fetch_single_async:199 -> session.py:request:318) from logger `RFC.session_aiohttp`
[INFO] session requesting PapersCoolPaperPage(venue_ACL.2020).PapersCoolPaperKimiSection(venue_ACL.2020_=2020.acl-main.404@ACL)

2024-04-04 00:11:51,206 <requestor-worker-9:4140868, MainThread:140046854821696> (requestor.py:_fetch_single_async:199 -> session.py:request:318) from logger `RFC.session_aiohttp`
[INFO] session requesting PapersCoolPaperPage(venue_EMNLP.2022).PapersCoolPaperKimiSection(venue_EMNLP.2022_=2022.findings-emnlp.18@ACL)

2024-04-04 00:11:51,425 <requestor-worker-9:4140868, MainThread:140046854821696> (requestor.py:_fetch_single_async:199 -> session.py:request:318) from logger `RFC.session_aiohttp`
[INFO] session requesting PapersCoolPaperPage(venue_ACL.2022).PapersCoolPaperKimiSection(venue_ACL.2022_=2022.acl-short.84@ACL)

2024-04-04 00:11:51,427 <requestor-worker-9:4140868, MainThread:140046854821696> (requestor.py:_fetch_single_async:199 -> session.py:request:318) from logger `RFC.session_aiohttp`
[INFO] session requesting PapersCoolPaperPage(venue_ICCV.2021).PapersCoolPaperKimiSection(venue_ICCV.2021_=Ji_Meta_Pairwise_Relationship_Distillation_for_Unsupervised_Person_Re-Identification@ICCV2021@CVF)

2024-04-04 00:11:51,428 <requestor-worker-9:4140868, MainThread:140046854821696> (requestor.py:_fetch_single_async:199 -> session.py:request:318) from logger `RFC.session_aiohttp`
[INFO] session requesting PapersCoolPaperPage(venue_ACL.2020).PapersCoolPaperKimiSection(venue_ACL.2020_=2020.acl-main.408@ACL)

2024-04-04 00:11:51,430 <requestor-worker-9:4140868, MainThread:140046854821696> (requestor.py:_fetch_single_async:199 -> session.py:request:318) from logger `RFC.session_aiohttp`
[INFO] session requesting PapersCoolPaperPage(venue_NeurIPS.2022).PapersCoolPaperKimiSection(venue_NeurIPS.2022_=PCQyUvAmKs@OpenReview)

2024-04-04 00:11:51,432 <requestor-worker-9:4140868, MainThread:140046854821696> (requestor.py:_fetch_single_async:199 -> session.py:request:318) from logger `RFC.session_aiohttp`
[INFO] session requesting PapersCoolPaperPage(venue_EMNLP.2018).PapersCoolPaperKimiSection(venue_EMNLP.2018_=D18-1114@ACL)

2024-04-04 00:11:51,434 <requestor-worker-9:4140868, MainThread:140046854821696> (requestor.py:_fetch_single_async:199 -> session.py:request:318) from logger `RFC.session_aiohttp`
[INFO] session requesting PapersCoolPaperPage(venue_EMNLP.2020).PapersCoolPaperKimiSection(venue_EMNLP.2020_=2020.emnlp-main.638@ACL)

2024-04-04 00:11:51,435 <requestor-worker-9:4140868, MainThread:140046854821696> (requestor.py:_fetch_single_async:199 -> session.py:request:318) from logger `RFC.session_aiohttp`
[INFO] session requesting PapersCoolPaperPage(venue_NeurIPS.2021).PapersCoolPaperKimiSection(venue_NeurIPS.2021_=MSXDyfli9vy@OpenReview)

2024-04-04 00:11:51,437 <requestor-worker-9:4140868, MainThread:140046854821696> (requestor.py:_fetch_single_async:199 -> session.py:request:318) from logger `RFC.session_aiohttp`
[INFO] session requesting PapersCoolPaperPage(venue_ACL.2022).PapersCoolPaperKimiSection(venue_ACL.2022_=2022.acl-short.85@ACL)

2024-04-04 00:11:51,439 <requestor-worker-9:4140868, MainThread:140046854821696> (requestor.py:_fetch_single_async:199 -> session.py:request:318) from logger `RFC.session_aiohttp`
[INFO] session requesting PapersCoolPaperPage(venue_ACL.2019).PapersCoolPaperKimiSection(venue_ACL.2019_=P19-1278@ACL)

2024-04-04 00:11:51,440 <requestor-worker-9:4140868, MainThread:140046854821696> (requestor.py:_fetch_single_async:199 -> session.py:request:318) from logger `RFC.session_aiohttp`
[INFO] session requesting PapersCoolPaperPage(venue_CVPR.2021).PapersCoolPaperKimiSection(venue_CVPR.2021_=Li_On_Feature_Normalization_and_Data_Augmentation@CVPR2021@CVF)

2024-04-04 00:11:51,442 <requestor-worker-9:4140868, MainThread:140046854821696> (requestor.py:_fetch_single_async:199 -> session.py:request:318) from logger `RFC.session_aiohttp`
[INFO] session requesting PapersCoolPaperPage(venue_EMNLP.2023).PapersCoolPaperKimiSection(venue_EMNLP.2023_=2023.findings-emnlp.544@ACL)

2024-04-04 00:11:51,444 <requestor-worker-9:4140868, MainThread:140046854821696> (requestor.py:_fetch_single_async:199 -> session.py:request:318) from logger `RFC.session_aiohttp`
[INFO] session requesting PapersCoolPaperPage(venue_EMNLP.2021).PapersCoolPaperKimiSection(venue_EMNLP.2021_=2021.emnlp-main.786@ACL)

2024-04-04 00:11:51,446 <requestor-worker-9:4140868, MainThread:140046854821696> (requestor.py:_fetch_single_async:199 -> session.py:request:318) from logger `RFC.session_aiohttp`
[INFO] session requesting PapersCoolPaperPage(venue_EMNLP.2018).PapersCoolPaperKimiSection(venue_EMNLP.2018_=D18-1115@ACL)

2024-04-04 00:11:51,448 <requestor-worker-9:4140868, MainThread:140046854821696> (requestor.py:_fetch_single_async:199 -> session.py:request:318) from logger `RFC.session_aiohttp`
[INFO] session requesting PapersCoolPaperPage(venue_NeurIPS.2023).PapersCoolPaperKimiSection(venue_NeurIPS.2023_=oMm1dfo3tK@OpenReview)

2024-04-04 00:11:51,449 <requestor-worker-9:4140868, MainThread:140046854821696> (requestor.py:_fetch_single_async:199 -> session.py:request:318) from logger `RFC.session_aiohttp`
[INFO] session requesting PapersCoolPaperPage(venue_CVPR.2023).PapersCoolPaperKimiSection(venue_CVPR.2023_=Cheng_BoxTeacher_Exploring_High-Quality_Pseudo_Labels_for_Weakly_Supervised_Instance_Segmentation@CVPR2023@CVF)

2024-04-04 00:11:51,602 <requestor-worker-9:4140868, MainThread:140046854821696> (requestor.py:_fetch_single_async:199 -> session.py:request:318) from logger `RFC.session_aiohttp`
[INFO] session requesting PapersCoolPaperPage(venue_EMNLP.2022).PapersCoolPaperKimiSection(venue_EMNLP.2022_=2022.findings-emnlp.31@ACL)

2024-04-04 00:11:51,604 <requestor-worker-9:4140868, MainThread:140046854821696> (requestor.py:_fetch_single_async:199 -> session.py:request:318) from logger `RFC.session_aiohttp`
[INFO] session requesting PapersCoolPaperPage(venue_NeurIPS.2022).PapersCoolPaperKimiSection(venue_NeurIPS.2022_=HjwK-Tc_Bc@OpenReview)

2024-04-04 00:11:51,605 <requestor-worker-9:4140868, MainThread:140046854821696> (requestor.py:_fetch_single_async:199 -> session.py:request:318) from logger `RFC.session_aiohttp`
[INFO] session requesting PapersCoolPaperPage(venue_ICCV.2019).PapersCoolPaperKimiSection(venue_ICCV.2019_=Li_Learning_Filter_Basis_for_Convolutional_Neural_Network_Compression@ICCV2019@CVF)

2024-04-04 00:11:51,607 <requestor-worker-9:4140868, MainThread:140046854821696> (requestor.py:_fetch_single_async:199 -> session.py:request:318) from logger `RFC.session_aiohttp`
[INFO] session requesting PapersCoolPaperPage(venue_EMNLP.2020).PapersCoolPaperKimiSection(venue_EMNLP.2020_=2020.emnlp-main.644@ACL)

2024-04-04 00:11:51,608 <requestor-worker-9:4140868, MainThread:140046854821696> (requestor.py:_fetch_single_async:199 -> session.py:request:318) from logger `RFC.session_aiohttp`
[INFO] session requesting PapersCoolPaperPage(venue_ICML.2022).PapersCoolPaperKimiSection(venue_ICML.2022_=shen22e@v162@PMLR)

2024-04-04 00:11:51,610 <requestor-worker-9:4140868, MainThread:140046854821696> (requestor.py:_fetch_single_async:199 -> session.py:request:318) from logger `RFC.session_aiohttp`
[INFO] session requesting PapersCoolPaperPage(venue_EMNLP.2021).PapersCoolPaperKimiSection(venue_EMNLP.2021_=2021.emnlp-main.791@ACL)

2024-04-04 00:11:51,611 <requestor-worker-9:4140868, MainThread:140046854821696> (requestor.py:_fetch_single_async:199 -> session.py:request:318) from logger `RFC.session_aiohttp`
[INFO] session requesting PapersCoolPaperPage(venue_CVPR.2021).PapersCoolPaperKimiSection(venue_CVPR.2021_=Bokhovkin_Towards_Part-Based_Understanding_of_RGB-D_Scans@CVPR2021@CVF)

2024-04-04 00:11:51,613 <requestor-worker-9:4140868, MainThread:140046854821696> (requestor.py:_fetch_single_async:199 -> session.py:request:318) from logger `RFC.session_aiohttp`
[INFO] session requesting PapersCoolPaperPage(venue_ICML.2021).PapersCoolPaperKimiSection(venue_ICML.2021_=kerdreux21a@v139@PMLR)

2024-04-04 00:11:51,614 <requestor-worker-9:4140868, MainThread:140046854821696> (requestor.py:_fetch_single_async:199 -> session.py:request:318) from logger `RFC.session_aiohttp`
[INFO] session requesting PapersCoolPaperPage(venue_ICCV.2021).PapersCoolPaperKimiSection(venue_ICCV.2021_=Zhao_Deep_Symmetric_Network_for_Underexposed_Image_Enhancement_With_Recurrent_Attentional@ICCV2021@CVF)

2024-04-04 00:11:51,827 <requestor-worker-9:4140868, MainThread:140046854821696> (requestor.py:_fetch_single_async:199 -> session.py:request:318) from logger `RFC.session_aiohttp`
[INFO] session requesting PapersCoolPaperPage(venue_CVPR.2022).PapersCoolPaperKimiSection(venue_CVPR.2022_=Jang_Pooling_Revisited_Your_Receptive_Field_Is_Suboptimal@CVPR2022@CVF)

2024-04-04 00:11:51,889 <requestor-worker-9:4140868, MainThread:140046854821696> (requestor.py:_fetch_single_async:199 -> session.py:request:318) from logger `RFC.session_aiohttp`
[INFO] session requesting PapersCoolPaperPage(venue_ICML.2022).PapersCoolPaperKimiSection(venue_ICML.2022_=goyal22a@v162@PMLR)

2024-04-04 00:11:51,891 <requestor-worker-9:4140868, MainThread:140046854821696> (requestor.py:_fetch_single_async:199 -> session.py:request:318) from logger `RFC.session_aiohttp`
[INFO] session requesting PapersCoolPaperPage(venue_ICCV.2021).PapersCoolPaperKimiSection(venue_ICCV.2021_=Mostafavi_Event-Intensity_Stereo_Estimating_Depth_by_the_Best_of_Both_Worlds@ICCV2021@CVF)

2024-04-04 00:11:51,893 <requestor-worker-9:4140868, MainThread:140046854821696> (requestor.py:_fetch_single_async:199 -> session.py:request:318) from logger `RFC.session_aiohttp`
[INFO] session requesting PapersCoolPaperPage(venue_ICML.2021).PapersCoolPaperKimiSection(venue_ICML.2021_=fujimoto21a@v139@PMLR)

2024-04-04 00:11:51,894 <requestor-worker-9:4140868, MainThread:140046854821696> (requestor.py:_fetch_single_async:199 -> session.py:request:318) from logger `RFC.session_aiohttp`
[INFO] session requesting PapersCoolPaperPage(venue_EMNLP.2018).PapersCoolPaperKimiSection(venue_EMNLP.2018_=D18-1123@ACL)

2024-04-04 00:11:51,896 <requestor-worker-9:4140868, MainThread:140046854821696> (requestor.py:_fetch_single_async:199 -> session.py:request:318) from logger `RFC.session_aiohttp`
[INFO] session requesting PapersCoolPaperPage(venue_EMNLP.2020).PapersCoolPaperKimiSection(venue_EMNLP.2020_=2020.emnlp-main.651@ACL)

2024-04-04 00:11:51,898 <requestor-worker-9:4140868, MainThread:140046854821696> (requestor.py:_fetch_single_async:199 -> session.py:request:318) from logger `RFC.session_aiohttp`
[INFO] session requesting PapersCoolPaperPage(venue_CVPR.2022).PapersCoolPaperKimiSection(venue_CVPR.2022_=Wang_C2AM_Loss_Chasing_a_Better_Decision_Boundary_for_Long-Tail_Object@CVPR2022@CVF)

2024-04-04 00:11:51,900 <requestor-worker-9:4140868, MainThread:140046854821696> (requestor.py:_fetch_single_async:199 -> session.py:request:318) from logger `RFC.session_aiohttp`
[INFO] session requesting PapersCoolPaperPage(venue_ACL.2020).PapersCoolPaperKimiSection(venue_ACL.2020_=2020.acl-main.418@ACL)

2024-04-04 00:11:51,902 <requestor-worker-9:4140868, MainThread:140046854821696> (requestor.py:_fetch_single_async:199 -> session.py:request:318) from logger `RFC.session_aiohttp`
[INFO] session requesting PapersCoolPaperPage(venue_NeurIPS.2021).PapersCoolPaperKimiSection(venue_NeurIPS.2021_=vERYhbX_6Y@OpenReview)

2024-04-04 00:11:52,062 <requestor-worker-9:4140868, MainThread:140046854821696> (requestor.py:_fetch_single_async:199 -> session.py:request:318) from logger `RFC.session_aiohttp`
[INFO] session requesting PapersCoolPaperPage(venue_CVPR.2022).PapersCoolPaperKimiSection(venue_CVPR.2022_=Hu_Make_It_Move_Controllable_Image-to-Video_Generation_With_Text_Descriptions@CVPR2022@CVF)

2024-04-04 00:11:52,064 <requestor-worker-9:4140868, MainThread:140046854821696> (requestor.py:_fetch_single_async:199 -> session.py:request:318) from logger `RFC.session_aiohttp`
[INFO] session requesting PapersCoolPaperPage(venue_EMNLP.2019).PapersCoolPaperKimiSection(venue_EMNLP.2019_=D19-1212@ACL)

2024-04-04 00:11:52,066 <requestor-worker-9:4140868, MainThread:140046854821696> (requestor.py:_fetch_single_async:199 -> session.py:request:318) from logger `RFC.session_aiohttp`
[INFO] session requesting PapersCoolPaperPage(venue_CVPR.2023).PapersCoolPaperKimiSection(venue_CVPR.2023_=Rho_Masked_Wavelet_Representation_for_Compact_Neural_Radiance_Fields@CVPR2023@CVF)

2024-04-04 00:11:52,068 <requestor-worker-9:4140868, MainThread:140046854821696> (requestor.py:_fetch_single_async:199 -> session.py:request:318) from logger `RFC.session_aiohttp`
[INFO] session requesting PapersCoolPaperPage(venue_ICML.2021).PapersCoolPaperKimiSection(venue_ICML.2021_=niwa21a@v139@PMLR)

2024-04-04 00:11:52,070 <requestor-worker-9:4140868, MainThread:140046854821696> (requestor.py:_fetch_single_async:199 -> session.py:request:318) from logger `RFC.session_aiohttp`
[INFO] session requesting PapersCoolPaperPage(venue_ICML.2022).PapersCoolPaperKimiSection(venue_ICML.2022_=lindner22a@v162@PMLR)

2024-04-04 00:11:52,072 <requestor-worker-9:4140868, MainThread:140046854821696> (requestor.py:_fetch_single_async:199 -> session.py:request:318) from logger `RFC.session_aiohttp`
[INFO] session requesting PapersCoolPaperPage(venue_ACL.2019).PapersCoolPaperKimiSection(venue_ACL.2019_=P19-1293@ACL)

2024-04-04 00:11:52,090 <requestor-worker-9:4140868, MainThread:140046854821696> (requestor.py:_fetch_single_async:199 -> session.py:request:318) from logger `RFC.session_aiohttp`
[INFO] session requesting PapersCoolPaperPage(venue_ACL.2019).PapersCoolPaperKimiSection(venue_ACL.2019_=P19-1298@ACL)

2024-04-04 00:11:52,092 <requestor-worker-9:4140868, MainThread:140046854821696> (requestor.py:_fetch_single_async:199 -> session.py:request:318) from logger `RFC.session_aiohttp`
[INFO] session requesting PapersCoolPaperPage(venue_ICML.2021).PapersCoolPaperKimiSection(venue_ICML.2021_=dawkins21a@v139@PMLR)

2024-04-04 00:11:52,093 <requestor-worker-9:4140868, MainThread:140046854821696> (requestor.py:_fetch_single_async:199 -> session.py:request:318) from logger `RFC.session_aiohttp`
[INFO] session requesting PapersCoolPaperPage(venue_EMNLP.2020).PapersCoolPaperKimiSection(venue_EMNLP.2020_=2020.emnlp-main.660@ACL)

2024-04-04 00:11:52,095 <requestor-worker-9:4140868, MainThread:140046854821696> (requestor.py:_fetch_single_async:199 -> session.py:request:318) from logger `RFC.session_aiohttp`
[INFO] session requesting PapersCoolPaperPage(venue_EMNLP.2021).PapersCoolPaperKimiSection(venue_EMNLP.2021_=2021.emnlp-main.806@ACL)

2024-04-04 00:11:52,097 <requestor-worker-9:4140868, MainThread:140046854821696> (requestor.py:_fetch_single_async:199 -> session.py:request:318) from logger `RFC.session_aiohttp`
[INFO] session requesting PapersCoolPaperPage(venue_CVPR.2022).PapersCoolPaperKimiSection(venue_CVPR.2022_=Ma_Multi-Objective_Diverse_Human_Motion_Prediction_With_Knowledge_Distillation@CVPR2022@CVF)

2024-04-04 00:11:52,099 <requestor-worker-9:4140868, MainThread:140046854821696> (requestor.py:_fetch_single_async:199 -> session.py:request:318) from logger `RFC.session_aiohttp`
[INFO] session requesting PapersCoolPaperPage(venue_NeurIPS.2022).PapersCoolPaperKimiSection(venue_NeurIPS.2022_=6dfYc2IUj4@OpenReview)

2024-04-04 00:11:52,100 <requestor-worker-9:4140868, MainThread:140046854821696> (requestor.py:_fetch_single_async:199 -> session.py:request:318) from logger `RFC.session_aiohttp`
[INFO] session requesting PapersCoolPaperPage(venue_ICCV.2023).PapersCoolPaperKimiSection(venue_ICCV.2023_=Everaert_Diffusion_in_Style@ICCV2023@CVF)

2024-04-04 00:11:52,102 <requestor-worker-9:4140868, MainThread:140046854821696> (requestor.py:_fetch_single_async:199 -> session.py:request:318) from logger `RFC.session_aiohttp`
[INFO] session requesting PapersCoolPaperPage(venue_EMNLP.2023).PapersCoolPaperKimiSection(venue_EMNLP.2023_=2023.findings-emnlp.566@ACL)

2024-04-04 00:11:52,104 <requestor-worker-9:4140868, MainThread:140046854821696> (requestor.py:_fetch_single_async:199 -> session.py:request:318) from logger `RFC.session_aiohttp`
[INFO] session requesting PapersCoolPaperPage(venue_EMNLP.2020).PapersCoolPaperKimiSection(venue_EMNLP.2020_=2020.emnlp-main.661@ACL)

2024-04-04 00:11:52,208 <requestor-worker-9:4140868, MainThread:140046854821696> (requestor.py:_fetch_single_async:199 -> session.py:request:318) from logger `RFC.session_aiohttp`
[INFO] session requesting PapersCoolPaperPage(venue_NeurIPS.2022).PapersCoolPaperKimiSection(venue_NeurIPS.2022_=20-617@v23@JMLR)

2024-04-04 00:11:52,210 <requestor-worker-9:4140868, MainThread:140046854821696> (requestor.py:_fetch_single_async:199 -> session.py:request:318) from logger `RFC.session_aiohttp`
[INFO] session requesting PapersCoolPaperPage(venue_EMNLP.2020).PapersCoolPaperKimiSection(venue_EMNLP.2020_=2020.emnlp-main.666@ACL)

2024-04-04 00:11:52,269 <requestor-worker-9:4140868, MainThread:140046854821696> (requestor.py:_fetch_single_async:199 -> session.py:request:318) from logger `RFC.session_aiohttp`
[INFO] session requesting PapersCoolPaperPage(venue_NeurIPS.2021).PapersCoolPaperKimiSection(venue_NeurIPS.2021_=luWTh5Q63e@OpenReview)

2024-04-04 00:11:52,270 <requestor-worker-9:4140868, MainThread:140046854821696> (requestor.py:_fetch_single_async:199 -> session.py:request:318) from logger `RFC.session_aiohttp`
[INFO] session requesting PapersCoolPaperPage(venue_ICML.2022).PapersCoolPaperKimiSection(venue_ICML.2022_=wiltzer22a@v162@PMLR)

2024-04-04 00:11:52,272 <requestor-worker-9:4140868, MainThread:140046854821696> (requestor.py:_fetch_single_async:199 -> session.py:request:318) from logger `RFC.session_aiohttp`
[INFO] session requesting PapersCoolPaperPage(venue_CVPR.2021).PapersCoolPaperKimiSection(venue_CVPR.2021_=Feng_Siamese_Natural_Language_Tracker_Tracking_by_Natural_Language_Descriptions_With@CVPR2021@CVF)

2024-04-04 00:11:52,274 <requestor-worker-9:4140868, MainThread:140046854821696> (requestor.py:_fetch_single_async:199 -> session.py:request:318) from logger `RFC.session_aiohttp`
[INFO] session requesting PapersCoolPaperPage(venue_ICCV.2019).PapersCoolPaperKimiSection(venue_ICCV.2019_=Strecke_EM-Fusion_Dynamic_Object-Level_SLAM_With_Probabilistic_Data_Association@ICCV2019@CVF)

2024-04-04 00:11:52,275 <requestor-worker-9:4140868, MainThread:140046854821696> (requestor.py:_fetch_single_async:199 -> session.py:request:318) from logger `RFC.session_aiohttp`
[INFO] session requesting PapersCoolPaperPage(venue_EMNLP.2021).PapersCoolPaperKimiSection(venue_EMNLP.2021_=2021.emnlp-main.814@ACL)

2024-04-04 00:11:52,277 <requestor-worker-9:4140868, MainThread:140046854821696> (requestor.py:_fetch_single_async:199 -> session.py:request:318) from logger `RFC.session_aiohttp`
[INFO] session requesting PapersCoolPaperPage(venue_ACL.2023).PapersCoolPaperKimiSection(venue_ACL.2023_=2023.findings-acl.559@ACL)

2024-04-04 00:11:52,278 <requestor-worker-9:4140868, MainThread:140046854821696> (requestor.py:_fetch_single_async:199 -> session.py:request:318) from logger `RFC.session_aiohttp`
[INFO] session requesting PapersCoolPaperPage(venue_ACL.2021).PapersCoolPaperKimiSection(venue_ACL.2021_=2021.acl-demo.27@ACL)

2024-04-04 00:11:52,440 <requestor-worker-9:4140868, MainThread:140046854821696> (requestor.py:_fetch_single_async:199 -> session.py:request:318) from logger `RFC.session_aiohttp`
[INFO] session requesting PapersCoolPaperPage(venue_EMNLP.2023).PapersCoolPaperKimiSection(venue_EMNLP.2023_=2023.findings-emnlp.578@ACL)

2024-04-04 00:11:52,442 <requestor-worker-9:4140868, MainThread:140046854821696> (requestor.py:_fetch_single_async:199 -> session.py:request:318) from logger `RFC.session_aiohttp`
[INFO] session requesting PapersCoolPaperPage(venue_ICCV.2019).PapersCoolPaperKimiSection(venue_ICCV.2019_=Liu_Liquid_Warping_GAN_A_Unified_Framework_for_Human_Motion_Imitation@ICCV2019@CVF)

2024-04-04 00:11:52,444 <requestor-worker-9:4140868, MainThread:140046854821696> (requestor.py:_fetch_single_async:199 -> session.py:request:318) from logger `RFC.session_aiohttp`
[INFO] session requesting PapersCoolPaperPage(venue_ICML.2022).PapersCoolPaperKimiSection(venue_ICML.2022_=agussurja22a@v162@PMLR)

2024-04-04 00:11:52,446 <requestor-worker-9:4140868, MainThread:140046854821696> (requestor.py:_fetch_single_async:199 -> session.py:request:318) from logger `RFC.session_aiohttp`
[INFO] session requesting PapersCoolPaperPage(venue_ICCV.2019).PapersCoolPaperKimiSection(venue_ICCV.2019_=Wu_RelGAN_Multi-Domain_Image-to-Image_Translation_via_Relative_Attributes@ICCV2019@CVF)

2024-04-04 00:11:52,567 <requestor-worker-9:4140868, MainThread:140046854821696> (requestor.py:_fetch_single_async:199 -> session.py:request:318) from logger `RFC.session_aiohttp`
[INFO] session requesting PapersCoolPaperPage(venue_ACL.2019).PapersCoolPaperKimiSection(venue_ACL.2019_=P19-1313@ACL)

2024-04-04 00:11:52,711 <requestor-worker-9:4140868, MainThread:140046854821696> (requestor.py:_fetch_single_async:199 -> session.py:request:318) from logger `RFC.session_aiohttp`
[INFO] session requesting PapersCoolPaperPage(venue_EMNLP.2023).PapersCoolPaperKimiSection(venue_EMNLP.2023_=2023.findings-emnlp.586@ACL)

2024-04-04 00:11:52,713 <requestor-worker-9:4140868, MainThread:140046854821696> (requestor.py:_fetch_single_async:199 -> session.py:request:318) from logger `RFC.session_aiohttp`
[INFO] session requesting PapersCoolPaperPage(venue_EMNLP.2021).PapersCoolPaperKimiSection(venue_EMNLP.2021_=2021.emnlp-main.825@ACL)

2024-04-04 00:11:52,715 <requestor-worker-9:4140868, MainThread:140046854821696> (requestor.py:_fetch_single_async:199 -> session.py:request:318) from logger `RFC.session_aiohttp`
[INFO] session requesting PapersCoolPaperPage(venue_ICCV.2019).PapersCoolPaperKimiSection(venue_ICCV.2019_=Sinha_Variational_Adversarial_Active_Learning@ICCV2019@CVF)

2024-04-04 00:11:52,717 <requestor-worker-9:4140868, MainThread:140046854821696> (requestor.py:_fetch_single_async:199 -> session.py:request:318) from logger `RFC.session_aiohttp`
[INFO] session requesting PapersCoolPaperPage(venue_ICML.2021).PapersCoolPaperKimiSection(venue_ICML.2021_=xie21c@v139@PMLR)

2024-04-04 00:11:52,718 <requestor-worker-9:4140868, MainThread:140046854821696> (requestor.py:_fetch_single_async:199 -> session.py:request:318) from logger `RFC.session_aiohttp`
[INFO] session requesting PapersCoolPaperPage(venue_NeurIPS.2021).PapersCoolPaperKimiSection(venue_NeurIPS.2021_=LWH-C1HoQG_@OpenReview)

2024-04-04 00:11:52,720 <requestor-worker-9:4140868, MainThread:140046854821696> (requestor.py:_fetch_single_async:199 -> session.py:request:318) from logger `RFC.session_aiohttp`
[INFO] session requesting PapersCoolPaperPage(venue_NeurIPS.2022).PapersCoolPaperKimiSection(venue_NeurIPS.2022_=wiGXs_kS_X@OpenReview)

2024-04-04 00:11:52,722 <requestor-worker-9:4140868, MainThread:140046854821696> (requestor.py:_fetch_single_async:199 -> session.py:request:318) from logger `RFC.session_aiohttp`
[INFO] session requesting PapersCoolPaperPage(venue_ICML.2021).PapersCoolPaperKimiSection(venue_ICML.2021_=liu21o@v139@PMLR)

2024-04-04 00:11:52,723 <requestor-worker-9:4140868, MainThread:140046854821696> (requestor.py:_fetch_single_async:199 -> session.py:request:318) from logger `RFC.session_aiohttp`
[INFO] session requesting PapersCoolPaperPage(venue_ICCV.2019).PapersCoolPaperKimiSection(venue_ICCV.2019_=Ryou_Anchor_Loss_Modulating_Loss_Scale_Based_on_Prediction_Difficulty@ICCV2019@CVF)

2024-04-04 00:11:52,725 <requestor-worker-9:4140868, MainThread:140046854821696> (requestor.py:_fetch_single_async:199 -> session.py:request:318) from logger `RFC.session_aiohttp`
[INFO] session requesting PapersCoolPaperPage(venue_ICML.2022).PapersCoolPaperKimiSection(venue_ICML.2022_=hansen22a@v162@PMLR)

2024-04-04 00:11:52,727 <requestor-worker-9:4140868, MainThread:140046854821696> (requestor.py:_fetch_single_async:199 -> session.py:request:318) from logger `RFC.session_aiohttp`
[INFO] session requesting PapersCoolPaperPage(venue_ACL.2023).PapersCoolPaperKimiSection(venue_ACL.2023_=2023.findings-acl.567@ACL)

2024-04-04 00:11:52,729 <requestor-worker-9:4140868, MainThread:140046854821696> (requestor.py:_fetch_single_async:199 -> session.py:request:318) from logger `RFC.session_aiohttp`
[INFO] session requesting PapersCoolPaperPage(venue_EMNLP.2021).PapersCoolPaperKimiSection(venue_EMNLP.2021_=2021.emnlp-main.827@ACL)

2024-04-04 00:11:52,730 <requestor-worker-9:4140868, MainThread:140046854821696> (requestor.py:_fetch_single_async:199 -> session.py:request:318) from logger `RFC.session_aiohttp`
[INFO] session requesting PapersCoolPaperPage(venue_ICCV.2021).PapersCoolPaperKimiSection(venue_ICCV.2021_=Wang_Real-Time_Image_Enhancer_via_Learnable_Spatial-Aware_3D_Lookup_Tables@ICCV2021@CVF)

2024-04-04 00:11:52,744 <requestor-worker-9:4140868, MainThread:140046854821696> (requestor.py:_fetch_single_async:199 -> session.py:request:318) from logger `RFC.session_aiohttp`
[INFO] session requesting PapersCoolPaperPage(venue_ACL.2019).PapersCoolPaperKimiSection(venue_ACL.2019_=P19-1323@ACL)

2024-04-04 00:11:52,746 <requestor-worker-9:4140868, MainThread:140046854821696> (requestor.py:_fetch_single_async:199 -> session.py:request:318) from logger `RFC.session_aiohttp`
[INFO] session requesting PapersCoolPaperPage(venue_ICCV.2021).PapersCoolPaperKimiSection(venue_ICCV.2021_=Wang_Reconcile_Prediction_Consistency_for_Balanced_Object_Detection@ICCV2021@CVF)

2024-04-04 00:11:52,748 <requestor-worker-9:4140868, MainThread:140046854821696> (requestor.py:_fetch_single_async:199 -> session.py:request:318) from logger `RFC.session_aiohttp`
[INFO] session requesting PapersCoolPaperPage(venue_EMNLP.2018).PapersCoolPaperKimiSection(venue_EMNLP.2018_=D18-1148@ACL)

2024-04-04 00:11:52,750 <requestor-worker-9:4140868, MainThread:140046854821696> (requestor.py:_fetch_single_async:199 -> session.py:request:318) from logger `RFC.session_aiohttp`
[INFO] session requesting PapersCoolPaperPage(venue_EMNLP.2019).PapersCoolPaperKimiSection(venue_EMNLP.2019_=D19-1244@ACL)

2024-04-04 00:11:52,752 <requestor-worker-9:4140868, MainThread:140046854821696> (requestor.py:_fetch_single_async:199 -> session.py:request:318) from logger `RFC.session_aiohttp`
[INFO] session requesting PapersCoolPaperPage(venue_NeurIPS.2021).PapersCoolPaperKimiSection(venue_NeurIPS.2021_=ykN3tbJ0qmX@OpenReview)

2024-04-04 00:11:52,753 <requestor-worker-9:4140868, MainThread:140046854821696> (requestor.py:_fetch_single_async:199 -> session.py:request:318) from logger `RFC.session_aiohttp`
[INFO] session requesting PapersCoolPaperPage(venue_EMNLP.2021).PapersCoolPaperKimiSection(venue_EMNLP.2021_=2021.emnlp-main.832@ACL)

2024-04-04 00:11:52,755 <requestor-worker-9:4140868, MainThread:140046854821696> (requestor.py:_fetch_single_async:199 -> session.py:request:318) from logger `RFC.session_aiohttp`
[INFO] session requesting PapersCoolPaperPage(venue_EMNLP.2023).PapersCoolPaperKimiSection(venue_EMNLP.2023_=2023.findings-emnlp.593@ACL)

2024-04-04 00:11:52,845 <requestor-worker-9:4140868, MainThread:140046854821696> (requestor.py:_fetch_single_async:199 -> session.py:request:318) from logger `RFC.session_aiohttp`
[INFO] session requesting PapersCoolPaperPage(venue_ACL.2018).PapersCoolPaperKimiSection(venue_ACL.2018_=P18-1010@ACL)

2024-04-04 00:11:52,847 <requestor-worker-9:4140868, MainThread:140046854821696> (requestor.py:_fetch_single_async:199 -> session.py:request:318) from logger `RFC.session_aiohttp`
[INFO] session requesting PapersCoolPaperPage(venue_CVPR.2021).PapersCoolPaperKimiSection(venue_CVPR.2021_=Xu_Inferring_CAD_Modeling_Sequences_Using_Zone_Graphs@CVPR2021@CVF)

2024-04-04 00:11:52,849 <requestor-worker-9:4140868, MainThread:140046854821696> (requestor.py:_fetch_single_async:199 -> session.py:request:318) from logger `RFC.session_aiohttp`
[INFO] session requesting PapersCoolPaperPage(venue_ACL.2021).PapersCoolPaperKimiSection(venue_ACL.2021_=2021.acl-tutorials.4@ACL)

2024-04-04 00:11:52,850 <requestor-worker-9:4140868, MainThread:140046854821696> (requestor.py:_fetch_single_async:199 -> session.py:request:318) from logger `RFC.session_aiohttp`
[INFO] session requesting PapersCoolPaperPage(venue_ACL.2022).PapersCoolPaperKimiSection(venue_ACL.2022_=2022.acl-srw.23@ACL)

2024-04-04 00:11:52,854 <requestor-worker-9:4140868, MainThread:140046854821696> (requestor.py:_fetch_single_async:199 -> session.py:request:318) from logger `RFC.session_aiohttp`
[INFO] session requesting PapersCoolPaperPage(venue_NeurIPS.2022).PapersCoolPaperKimiSection(venue_NeurIPS.2022_=IIDC-pVqkrf@OpenReview)

2024-04-04 00:11:52,936 <requestor-worker-9:4140868, MainThread:140046854821696> (requestor.py:_fetch_single_async:199 -> session.py:request:318) from logger `RFC.session_aiohttp`
[INFO] session requesting PapersCoolPaperPage(venue_ACL.2020).PapersCoolPaperKimiSection(venue_ACL.2020_=2020.acl-main.445@ACL)

2024-04-04 00:11:53,182 <requestor-worker-9:4140868, MainThread:140046854821696> (requestor.py:_fetch_single_async:199 -> session.py:request:318) from logger `RFC.session_aiohttp`
[INFO] session requesting PapersCoolPaperPage(venue_ICML.2022).PapersCoolPaperKimiSection(venue_ICML.2022_=wang22j@v162@PMLR)

2024-04-04 00:11:53,184 <requestor-worker-9:4140868, MainThread:140046854821696> (requestor.py:_fetch_single_async:199 -> session.py:request:318) from logger `RFC.session_aiohttp`
[INFO] session requesting PapersCoolPaperPage(venue_EMNLP.2019).PapersCoolPaperKimiSection(venue_EMNLP.2019_=D19-1256@ACL)

2024-04-04 00:11:53,186 <requestor-worker-9:4140868, MainThread:140046854821696> (requestor.py:_fetch_single_async:199 -> session.py:request:318) from logger `RFC.session_aiohttp`
[INFO] session requesting PapersCoolPaperPage(venue_NeurIPS.2023).PapersCoolPaperKimiSection(venue_NeurIPS.2023_=exPzwOhBgx@OpenReview)

2024-04-04 00:11:53,187 <requestor-worker-9:4140868, MainThread:140046854821696> (requestor.py:_fetch_single_async:199 -> session.py:request:318) from logger `RFC.session_aiohttp`
[INFO] session requesting PapersCoolPaperPage(venue_EMNLP.2023).PapersCoolPaperKimiSection(venue_EMNLP.2023_=2023.findings-emnlp.605@ACL)

2024-04-04 00:11:53,189 <requestor-worker-9:4140868, MainThread:140046854821696> (requestor.py:_fetch_single_async:199 -> session.py:request:318) from logger `RFC.session_aiohttp`
[INFO] session requesting PapersCoolPaperPage(venue_ACL.2019).PapersCoolPaperKimiSection(venue_ACL.2019_=P19-1335@ACL)

2024-04-04 00:11:53,190 <requestor-worker-9:4140868, MainThread:140046854821696> (requestor.py:_fetch_single_async:199 -> session.py:request:318) from logger `RFC.session_aiohttp`
[INFO] session requesting PapersCoolPaperPage(venue_ACL.2021).PapersCoolPaperKimiSection(venue_ACL.2021_=2021.findings-acl.8@ACL)

2024-04-04 00:11:53,192 <requestor-worker-9:4140868, MainThread:140046854821696> (requestor.py:_fetch_single_async:199 -> session.py:request:318) from logger `RFC.session_aiohttp`
[INFO] session requesting PapersCoolPaperPage(venue_INTERSPEECH.2022).PapersCoolPaperKimiSection(venue_INTERSPEECH.2022_=chinen22@interspeech_2022@ISCA)

2024-04-04 00:11:53,193 <requestor-worker-9:4140868, MainThread:140046854821696> (requestor.py:_fetch_single_async:199 -> session.py:request:318) from logger `RFC.session_aiohttp`
[INFO] session requesting PapersCoolPaperPage(venue_ACL.2023).PapersCoolPaperKimiSection(venue_ACL.2023_=2023.findings-acl.581@ACL)

2024-04-04 00:11:53,195 <requestor-worker-9:4140868, MainThread:140046854821696> (requestor.py:_fetch_single_async:199 -> session.py:request:318) from logger `RFC.session_aiohttp`
[INFO] session requesting PapersCoolPaperPage(venue_ICCV.2019).PapersCoolPaperKimiSection(venue_ICCV.2019_=Chu_FAMNet_Joint_Learning_of_Feature_Affinity_and_Multi-Dimensional_Assignment_for@ICCV2019@CVF)

2024-04-04 00:11:53,196 <requestor-worker-9:4140868, MainThread:140046854821696> (requestor.py:_fetch_single_async:199 -> session.py:request:318) from logger `RFC.session_aiohttp`
[INFO] session requesting PapersCoolPaperPage(venue_NeurIPS.2023).PapersCoolPaperKimiSection(venue_NeurIPS.2023_=esy7pkZmKn@OpenReview)

2024-04-04 00:11:53,202 <requestor-worker-9:4140868, MainThread:140046854821696> (requestor.py:_fetch_single_async:199 -> session.py:request:318) from logger `RFC.session_aiohttp`
[INFO] session requesting PapersCoolPaperPage(venue_CVPR.2021).PapersCoolPaperKimiSection(venue_CVPR.2021_=Huang_Revisiting_Knowledge_Distillation_An_Inheritance_and_Exploration_Framework@CVPR2021@CVF)

2024-04-04 00:11:53,204 <requestor-worker-9:4140868, MainThread:140046854821696> (requestor.py:_fetch_single_async:199 -> session.py:request:318) from logger `RFC.session_aiohttp`
[INFO] session requesting PapersCoolPaperPage(venue_EMNLP.2018).PapersCoolPaperKimiSection(venue_EMNLP.2018_=D18-1158@ACL)

2024-04-04 00:11:53,356 <requestor-worker-9:4140868, MainThread:140046854821696> (requestor.py:_fetch_single_async:199 -> session.py:request:318) from logger `RFC.session_aiohttp`
[INFO] session requesting PapersCoolPaperPage(venue_EMNLP.2023).PapersCoolPaperKimiSection(venue_EMNLP.2023_=2023.findings-emnlp.609@ACL)

2024-04-04 00:11:53,358 <requestor-worker-9:4140868, MainThread:140046854821696> (requestor.py:_fetch_single_async:199 -> session.py:request:318) from logger `RFC.session_aiohttp`
[INFO] session requesting PapersCoolPaperPage(venue_EMNLP.2020).PapersCoolPaperKimiSection(venue_EMNLP.2020_=2020.emnlp-main.701@ACL)

2024-04-04 00:11:53,360 <requestor-worker-9:4140868, MainThread:140046854821696> (requestor.py:_fetch_single_async:199 -> session.py:request:318) from logger `RFC.session_aiohttp`
[INFO] session requesting PapersCoolPaperPage(venue_EMNLP.2019).PapersCoolPaperKimiSection(venue_EMNLP.2019_=D19-1261@ACL)

2024-04-04 00:11:53,361 <requestor-worker-9:4140868, MainThread:140046854821696> (requestor.py:_fetch_single_async:199 -> session.py:request:318) from logger `RFC.session_aiohttp`
[INFO] session requesting PapersCoolPaperPage(venue_CVPR.2023).PapersCoolPaperKimiSection(venue_CVPR.2023_=Fu_Auto-CARD_Efficient_and_Robust_Codec_Avatar_Driving_for_Real-Time_Mobile@CVPR2023@CVF)

2024-04-04 00:11:53,363 <requestor-worker-9:4140868, MainThread:140046854821696> (requestor.py:_fetch_single_async:199 -> session.py:request:318) from logger `RFC.session_aiohttp`
[INFO] session requesting PapersCoolPaperPage(venue_EMNLP.2022).PapersCoolPaperKimiSection(venue_EMNLP.2022_=2022.findings-emnlp.91@ACL)

2024-04-04 00:11:53,365 <requestor-worker-9:4140868, MainThread:140046854821696> (requestor.py:_fetch_single_async:199 -> session.py:request:318) from logger `RFC.session_aiohttp`
[INFO] session requesting PapersCoolPaperPage(venue_ICCV.2019).PapersCoolPaperKimiSection(venue_ICCV.2019_=Wang_Generative_Multi-View_Human_Action_Recognition@ICCV2019@CVF)

2024-04-04 00:11:53,366 <requestor-worker-9:4140868, MainThread:140046854821696> (requestor.py:_fetch_single_async:199 -> session.py:request:318) from logger `RFC.session_aiohttp`
[INFO] session requesting PapersCoolPaperPage(venue_ACL.2021).PapersCoolPaperKimiSection(venue_ACL.2021_=2021.findings-acl.12@ACL)

2024-04-04 00:11:53,368 <requestor-worker-9:4140868, MainThread:140046854821696> (requestor.py:_fetch_single_async:199 -> session.py:request:318) from logger `RFC.session_aiohttp`
[INFO] session requesting PapersCoolPaperPage(venue_ICCV.2021).PapersCoolPaperKimiSection(venue_ICCV.2021_=Girish_Towards_Discovery_and_Attribution_of_Open-World_GAN_Generated_Images@ICCV2021@CVF)

2024-04-04 00:11:53,370 <requestor-worker-9:4140868, MainThread:140046854821696> (requestor.py:_fetch_single_async:199 -> session.py:request:318) from logger `RFC.session_aiohttp`
[INFO] session requesting PapersCoolPaperPage(venue_ACL.2023).PapersCoolPaperKimiSection(venue_ACL.2023_=2023.findings-acl.584@ACL)

2024-04-04 00:11:53,372 <requestor-worker-9:4140868, MainThread:140046854821696> (requestor.py:_fetch_single_async:199 -> session.py:request:318) from logger `RFC.session_aiohttp`
[INFO] session requesting PapersCoolPaperPage(venue_ACL.2019).PapersCoolPaperKimiSection(venue_ACL.2019_=P19-1340@ACL)

2024-04-04 00:11:53,373 <requestor-worker-9:4140868, MainThread:140046854821696> (requestor.py:_fetch_single_async:199 -> session.py:request:318) from logger `RFC.session_aiohttp`
[INFO] session requesting PapersCoolPaperPage(venue_EMNLP.2023).PapersCoolPaperKimiSection(venue_EMNLP.2023_=2023.findings-emnlp.610@ACL)

2024-04-04 00:11:53,375 <requestor-worker-9:4140868, MainThread:140046854821696> (requestor.py:_fetch_single_async:199 -> session.py:request:318) from logger `RFC.session_aiohttp`
[INFO] session requesting PapersCoolPaperPage(venue_EMNLP.2019).PapersCoolPaperKimiSection(venue_EMNLP.2019_=D19-1262@ACL)

2024-04-04 00:11:53,405 <requestor-worker-9:4140868, MainThread:140046854821696> (requestor.py:_fetch_single_async:199 -> session.py:request:318) from logger `RFC.session_aiohttp`
[INFO] session requesting PapersCoolPaperPage(venue_EMNLP.2020).PapersCoolPaperKimiSection(venue_EMNLP.2020_=2020.emnlp-main.705@ACL)

2024-04-04 00:11:53,547 <requestor-worker-9:4140868, MainThread:140046854821696> (requestor.py:_fetch_single_async:199 -> session.py:request:318) from logger `RFC.session_aiohttp`
[INFO] session requesting PapersCoolPaperPage(venue_EMNLP.2020).PapersCoolPaperKimiSection(venue_EMNLP.2020_=2020.emnlp-main.710@ACL)

2024-04-04 00:11:53,549 <requestor-worker-9:4140868, MainThread:140046854821696> (requestor.py:_fetch_single_async:199 -> session.py:request:318) from logger `RFC.session_aiohttp`
[INFO] session requesting PapersCoolPaperPage(venue_EMNLP.2021).PapersCoolPaperKimiSection(venue_EMNLP.2021_=2021.emnlp-demo.11@ACL)

2024-04-04 00:11:53,550 <requestor-worker-9:4140868, MainThread:140046854821696> (requestor.py:_fetch_single_async:199 -> session.py:request:318) from logger `RFC.session_aiohttp`
[INFO] session requesting PapersCoolPaperPage(venue_CVPR.2021).PapersCoolPaperKimiSection(venue_CVPR.2021_=Yang_Partially_View-Aligned_Representation_Learning_With_Noise-Robust_Contrastive_Loss@CVPR2021@CVF)

2024-04-04 00:11:53,552 <requestor-worker-9:4140868, MainThread:140046854821696> (requestor.py:_fetch_single_async:199 -> session.py:request:318) from logger `RFC.session_aiohttp`
[INFO] session requesting PapersCoolPaperPage(venue_ACL.2023).PapersCoolPaperKimiSection(venue_ACL.2023_=2023.findings-acl.589@ACL)

2024-04-04 00:11:53,553 <requestor-worker-9:4140868, MainThread:140046854821696> (requestor.py:_fetch_single_async:199 -> session.py:request:318) from logger `RFC.session_aiohttp`
[INFO] session requesting PapersCoolPaperPage(venue_ICML.2022).PapersCoolPaperKimiSection(venue_ICML.2022_=zhu22b@v162@PMLR)

2024-04-04 00:11:53,555 <requestor-worker-9:4140868, MainThread:140046854821696> (requestor.py:_fetch_single_async:199 -> session.py:request:318) from logger `RFC.session_aiohttp`
[INFO] session requesting PapersCoolPaperPage(venue_ACL.2019).PapersCoolPaperKimiSection(venue_ACL.2019_=P19-1349@ACL)

2024-04-04 00:11:53,556 <requestor-worker-9:4140868, MainThread:140046854821696> (requestor.py:_fetch_single_async:199 -> session.py:request:318) from logger `RFC.session_aiohttp`
[INFO] session requesting PapersCoolPaperPage(venue_ICCV.2021).PapersCoolPaperKimiSection(venue_ICCV.2021_=Miao_Robust_2D3D_Vehicle_Parsing_in_Arbitrary_Camera_Views_for_CVIS@ICCV2021@CVF)

2024-04-04 00:11:53,558 <requestor-worker-9:4140868, MainThread:140046854821696> (requestor.py:_fetch_single_async:199 -> session.py:request:318) from logger `RFC.session_aiohttp`
[INFO] session requesting PapersCoolPaperPage(venue_NeurIPS.2021).PapersCoolPaperKimiSection(venue_NeurIPS.2021_=ion6Lo5tKtJ@OpenReview)

2024-04-04 00:11:53,698 <requestor-worker-9:4140868, MainThread:140046854821696> (requestor.py:_fetch_single_async:199 -> session.py:request:318) from logger `RFC.session_aiohttp`
[INFO] session requesting PapersCoolPaperPage(venue_CVPR.2023).PapersCoolPaperKimiSection(venue_CVPR.2023_=Jin_RefCLIP_A_Universal_Teacher_for_Weakly_Supervised_Referring_Expression_Comprehension@CVPR2023@CVF)

2024-04-04 00:11:53,700 <requestor-worker-9:4140868, MainThread:140046854821696> (requestor.py:_fetch_single_async:199 -> session.py:request:318) from logger `RFC.session_aiohttp`
[INFO] session requesting PapersCoolPaperPage(venue_CVPR.2022).PapersCoolPaperKimiSection(venue_CVPR.2022_=Collins_ABO_Dataset_and_Benchmarks_for_Real-World_3D_Object_Understanding@CVPR2022@CVF)

2024-04-04 00:11:53,702 <requestor-worker-9:4140868, MainThread:140046854821696> (requestor.py:_fetch_single_async:199 -> session.py:request:318) from logger `RFC.session_aiohttp`
[INFO] session requesting PapersCoolPaperPage(venue_ACL.2023).PapersCoolPaperKimiSection(venue_ACL.2023_=2023.findings-acl.595@ACL)

2024-04-04 00:11:53,704 <requestor-worker-9:4140868, MainThread:140046854821696> (requestor.py:_fetch_single_async:199 -> session.py:request:318) from logger `RFC.session_aiohttp`
[INFO] session requesting PapersCoolPaperPage(venue_CVPR.2021).PapersCoolPaperKimiSection(venue_CVPR.2021_=Su_The_Affective_Growth_of_Computer_Vision@CVPR2021@CVF)

2024-04-04 00:11:53,706 <requestor-worker-9:4140868, MainThread:140046854821696> (requestor.py:_fetch_single_async:199 -> session.py:request:318) from logger `RFC.session_aiohttp`
[INFO] session requesting PapersCoolPaperPage(venue_NeurIPS.2022).PapersCoolPaperKimiSection(venue_NeurIPS.2022_=lXuZaxEaI7@OpenReview)

2024-04-04 00:11:53,873 <requestor-worker-9:4140868, MainThread:140046854821696> (requestor.py:_fetch_single_async:199 -> session.py:request:318) from logger `RFC.session_aiohttp`
[INFO] session requesting PapersCoolPaperPage(venue_CVPR.2023).PapersCoolPaperKimiSection(venue_CVPR.2023_=Doveh_Teaching_Structured_Vision__Language_Concepts_to_Vision__Language@CVPR2023@CVF)

2024-04-04 00:11:53,874 <requestor-worker-9:4140868, MainThread:140046854821696> (requestor.py:_fetch_single_async:199 -> session.py:request:318) from logger `RFC.session_aiohttp`
[INFO] session requesting PapersCoolPaperPage(venue_CVPR.2022).PapersCoolPaperKimiSection(venue_CVPR.2022_=Murphy_Learning_ABCs_Approximate_Bijective_Correspondence_for_Isolating_Factors_of_Variation@CVPR2022@CVF)

2024-04-04 00:11:53,876 <requestor-worker-9:4140868, MainThread:140046854821696> (requestor.py:_fetch_single_async:199 -> session.py:request:318) from logger `RFC.session_aiohttp`
[INFO] session requesting PapersCoolPaperPage(venue_INTERSPEECH.2022).PapersCoolPaperKimiSection(venue_INTERSPEECH.2022_=wang22h@interspeech_2022@ISCA)

2024-04-04 00:11:53,878 <requestor-worker-9:4140868, MainThread:140046854821696> (requestor.py:_fetch_single_async:199 -> session.py:request:318) from logger `RFC.session_aiohttp`
[INFO] session requesting PapersCoolPaperPage(venue_ICML.2022).PapersCoolPaperKimiSection(venue_ICML.2022_=yang22n@v162@PMLR)

2024-04-04 00:11:53,879 <requestor-worker-9:4140868, MainThread:140046854821696> (requestor.py:_fetch_single_async:199 -> session.py:request:318) from logger `RFC.session_aiohttp`
[INFO] session requesting PapersCoolPaperPage(venue_ICCV.2019).PapersCoolPaperKimiSection(venue_ICCV.2019_=Liu_Spectral_Regularization_for_Combating_Mode_Collapse_in_GANs@ICCV2019@CVF)

2024-04-04 00:11:53,881 <requestor-worker-9:4140868, MainThread:140046854821696> (requestor.py:_fetch_single_async:199 -> session.py:request:318) from logger `RFC.session_aiohttp`
[INFO] session requesting PapersCoolPaperPage(venue_ACL.2022).PapersCoolPaperKimiSection(venue_ACL.2022_=2022.acl-demo.4@ACL)

2024-04-04 00:11:53,883 <requestor-worker-9:4140868, MainThread:140046854821696> (requestor.py:_fetch_single_async:199 -> session.py:request:318) from logger `RFC.session_aiohttp`
[INFO] session requesting PapersCoolPaperPage(venue_NeurIPS.2021).PapersCoolPaperKimiSection(venue_NeurIPS.2021_=-ioMuxJ6ud9@OpenReview)

2024-04-04 00:11:53,884 <requestor-worker-9:4140868, MainThread:140046854821696> (requestor.py:_fetch_single_async:199 -> session.py:request:318) from logger `RFC.session_aiohttp`
[INFO] session requesting PapersCoolPaperPage(venue_EMNLP.2023).PapersCoolPaperKimiSection(venue_EMNLP.2023_=2023.findings-emnlp.628@ACL)

2024-04-04 00:11:53,886 <requestor-worker-9:4140868, MainThread:140046854821696> (requestor.py:_fetch_single_async:199 -> session.py:request:318) from logger `RFC.session_aiohttp`
[INFO] session requesting PapersCoolPaperPage(venue_EMNLP.2019).PapersCoolPaperKimiSection(venue_EMNLP.2019_=D19-1279@ACL)

2024-04-04 00:11:53,887 <requestor-worker-9:4140868, MainThread:140046854821696> (requestor.py:_fetch_single_async:199 -> session.py:request:318) from logger `RFC.session_aiohttp`
[INFO] session requesting PapersCoolPaperPage(venue_ICML.2022).PapersCoolPaperKimiSection(venue_ICML.2022_=jin22c@v162@PMLR)

2024-04-04 00:11:53,889 <requestor-worker-9:4140868, MainThread:140046854821696> (requestor.py:_fetch_single_async:199 -> session.py:request:318) from logger `RFC.session_aiohttp`
[INFO] session requesting PapersCoolPaperPage(venue_NeurIPS.2022).PapersCoolPaperKimiSection(venue_NeurIPS.2022_=kvtVrzQPvgb@OpenReview)

2024-04-04 00:11:53,962 <requestor-worker-9:4140868, MainThread:140046854821696> (requestor.py:_fetch_single_async:199 -> session.py:request:318) from logger `RFC.session_aiohttp`
[INFO] session requesting PapersCoolPaperPage(venue_EMNLP.2020).PapersCoolPaperKimiSection(venue_EMNLP.2020_=2020.emnlp-main.723@ACL)

2024-04-04 00:11:53,964 <requestor-worker-9:4140868, MainThread:140046854821696> (requestor.py:_fetch_single_async:199 -> session.py:request:318) from logger `RFC.session_aiohttp`
[INFO] session requesting PapersCoolPaperPage(venue_ACL.2021).PapersCoolPaperKimiSection(venue_ACL.2021_=2021.findings-acl.34@ACL)

2024-04-04 00:11:53,965 <requestor-worker-9:4140868, MainThread:140046854821696> (requestor.py:_fetch_single_async:199 -> session.py:request:318) from logger `RFC.session_aiohttp`
[INFO] session requesting PapersCoolPaperPage(venue_NeurIPS.2022).PapersCoolPaperKimiSection(venue_NeurIPS.2022_=Qx6UPW0r9Lf@OpenReview)

2024-04-04 00:11:53,967 <requestor-worker-9:4140868, MainThread:140046854821696> (requestor.py:_fetch_single_async:199 -> session.py:request:318) from logger `RFC.session_aiohttp`
[INFO] session requesting PapersCoolPaperPage(venue_EMNLP.2022).PapersCoolPaperKimiSection(venue_EMNLP.2022_=2022.findings-emnlp.110@ACL)

2024-04-04 00:11:54,049 <requestor-worker-9:4140868, MainThread:140046854821696> (requestor.py:_fetch_single_async:199 -> session.py:request:318) from logger `RFC.session_aiohttp`
[INFO] session requesting PapersCoolPaperPage(venue_ICCV.2019).PapersCoolPaperKimiSection(venue_ICCV.2019_=Qian_SoftTriple_Loss_Deep_Metric_Learning_Without_Triplet_Sampling@ICCV2019@CVF)

2024-04-04 00:11:54,051 <requestor-worker-9:4140868, MainThread:140046854821696> (requestor.py:_fetch_single_async:199 -> session.py:request:318) from logger `RFC.session_aiohttp`
[INFO] session requesting PapersCoolPaperPage(venue_CVPR.2023).PapersCoolPaperKimiSection(venue_CVPR.2023_=Araujo_CIRCLE_Capture_in_Rich_Contextual_Environments@CVPR2023@CVF)

2024-04-04 00:11:54,053 <requestor-worker-9:4140868, MainThread:140046854821696> (requestor.py:_fetch_single_async:199 -> session.py:request:318) from logger `RFC.session_aiohttp`
[INFO] session requesting PapersCoolPaperPage(venue_CVPR.2022).PapersCoolPaperKimiSection(venue_CVPR.2022_=Wortsman_Robust_Fine-Tuning_of_Zero-Shot_Models@CVPR2022@CVF)

2024-04-04 00:11:54,055 <requestor-worker-9:4140868, MainThread:140046854821696> (requestor.py:_fetch_single_async:199 -> session.py:request:318) from logger `RFC.session_aiohttp`
[INFO] session requesting PapersCoolPaperPage(venue_EMNLP.2020).PapersCoolPaperKimiSection(venue_EMNLP.2020_=2020.emnlp-main.726@ACL)

2024-04-04 00:11:54,067 <requestor-worker-9:4140868, MainThread:140046854821696> (requestor.py:_fetch_single_async:199 -> session.py:request:318) from logger `RFC.session_aiohttp`
[INFO] session requesting PapersCoolPaperPage(venue_ACL.2022).PapersCoolPaperKimiSection(venue_ACL.2022_=2022.acl-demo.9@ACL)

2024-04-04 00:11:54,069 <requestor-worker-9:4140868, MainThread:140046854821696> (requestor.py:_fetch_single_async:199 -> session.py:request:318) from logger `RFC.session_aiohttp`
[INFO] session requesting PapersCoolPaperPage(venue_NeurIPS.2023).PapersCoolPaperKimiSection(venue_NeurIPS.2023_=ZKVxABGJ6r@OpenReview)

2024-04-04 00:11:54,071 <requestor-worker-9:4140868, MainThread:140046854821696> (requestor.py:_fetch_single_async:199 -> session.py:request:318) from logger `RFC.session_aiohttp`
[INFO] session requesting PapersCoolPaperPage(venue_ICML.2021).PapersCoolPaperKimiSection(venue_ICML.2021_=oberst21a@v139@PMLR)

2024-04-04 00:11:54,073 <requestor-worker-9:4140868, MainThread:140046854821696> (requestor.py:_fetch_single_async:199 -> session.py:request:318) from logger `RFC.session_aiohttp`
[INFO] session requesting PapersCoolPaperPage(venue_EMNLP.2020).PapersCoolPaperKimiSection(venue_EMNLP.2020_=2020.emnlp-main.730@ACL)

2024-04-04 00:11:54,075 <requestor-worker-9:4140868, MainThread:140046854821696> (requestor.py:_fetch_single_async:199 -> session.py:request:318) from logger `RFC.session_aiohttp`
[INFO] session requesting PapersCoolPaperPage(venue_EMNLP.2021).PapersCoolPaperKimiSection(venue_EMNLP.2021_=2021.emnlp-demo.30@ACL)

2024-04-04 00:11:54,216 <requestor-worker-9:4140868, MainThread:140046854821696> (requestor.py:_fetch_single_async:199 -> session.py:request:318) from logger `RFC.session_aiohttp`
[INFO] session requesting PapersCoolPaperPage(venue_ACL.2020).PapersCoolPaperKimiSection(venue_ACL.2020_=2020.acl-main.474@ACL)

2024-04-04 00:11:54,218 <requestor-worker-9:4140868, MainThread:140046854821696> (requestor.py:_fetch_single_async:199 -> session.py:request:318) from logger `RFC.session_aiohttp`
[INFO] session requesting PapersCoolPaperPage(venue_ICCV.2023).PapersCoolPaperKimiSection(venue_ICCV.2023_=Paiss_Teaching_CLIP_to_Count_to_Ten@ICCV2023@CVF)

2024-04-04 00:11:54,219 <requestor-worker-9:4140868, MainThread:140046854821696> (requestor.py:_fetch_single_async:199 -> session.py:request:318) from logger `RFC.session_aiohttp`
[INFO] session requesting PapersCoolPaperPage(venue_CVPR.2022).PapersCoolPaperKimiSection(venue_CVPR.2022_=Dave_SPAct_Self-Supervised_Privacy_Preservation_for_Action_Recognition@CVPR2022@CVF)

2024-04-04 00:11:54,604 <requestor-worker-9:4140868, MainThread:140046854821696> (requestor.py:_fetch_single_async:199 -> session.py:request:318) from logger `RFC.session_aiohttp`
[INFO] session requesting PapersCoolPaperPage(venue_CVPR.2023).PapersCoolPaperKimiSection(venue_CVPR.2023_=Du_Object-Goal_Visual_Navigation_via_Effective_Exploration_of_Relations_Among_Historical@CVPR2023@CVF)

2024-04-04 00:11:54,825 <requestor-worker-9:4140868, MainThread:140046854821696> (requestor.py:_fetch_single_async:199 -> session.py:request:318) from logger `RFC.session_aiohttp`
[INFO] session requesting PapersCoolPaperPage(venue_CVPR.2023).PapersCoolPaperKimiSection(venue_CVPR.2023_=Du_Conditional_Generation_of_Audio_From_Video_via_Foley_Analogies@CVPR2023@CVF)

2024-04-04 00:11:54,827 <requestor-worker-9:4140868, MainThread:140046854821696> (requestor.py:_fetch_single_async:199 -> session.py:request:318) from logger `RFC.session_aiohttp`
[INFO] session requesting PapersCoolPaperPage(venue_CVPR.2022).PapersCoolPaperKimiSection(venue_CVPR.2022_=Qu_Rethinking_Architecture_Design_for_Tackling_Data_Heterogeneity_in_Federated_Learning@CVPR2022@CVF)

2024-04-04 00:11:54,829 <requestor-worker-9:4140868, MainThread:140046854821696> (requestor.py:_fetch_single_async:199 -> session.py:request:318) from logger `RFC.session_aiohttp`
[INFO] session requesting PapersCoolPaperPage(venue_EMNLP.2023).PapersCoolPaperKimiSection(venue_EMNLP.2023_=2023.findings-emnlp.647@ACL)

2024-04-04 00:11:54,830 <requestor-worker-9:4140868, MainThread:140046854821696> (requestor.py:_fetch_single_async:199 -> session.py:request:318) from logger `RFC.session_aiohttp`
[INFO] session requesting PapersCoolPaperPage(venue_ACL.2021).PapersCoolPaperKimiSection(venue_ACL.2021_=2021.findings-acl.49@ACL)

2024-04-04 00:11:54,832 <requestor-worker-9:4140868, MainThread:140046854821696> (requestor.py:_fetch_single_async:199 -> session.py:request:318) from logger `RFC.session_aiohttp`
[INFO] session requesting PapersCoolPaperPage(venue_INTERSPEECH.2022).PapersCoolPaperKimiSection(venue_INTERSPEECH.2022_=kasun22@interspeech_2022@ISCA)

2024-04-04 00:11:54,833 <requestor-worker-9:4140868, MainThread:140046854821696> (requestor.py:_fetch_single_async:199 -> session.py:request:318) from logger `RFC.session_aiohttp`
[INFO] session requesting PapersCoolPaperPage(venue_ICCV.2019).PapersCoolPaperKimiSection(venue_ICCV.2019_=Duan_CenterNet_Keypoint_Triplets_for_Object_Detection@ICCV2019@CVF)

2024-04-04 00:11:54,835 <requestor-worker-9:4140868, MainThread:140046854821696> (requestor.py:_fetch_single_async:199 -> session.py:request:318) from logger `RFC.session_aiohttp`
[INFO] session requesting PapersCoolPaperPage(venue_CVPR.2022).PapersCoolPaperKimiSection(venue_CVPR.2022_=Li_Fisher_Information_Guidance_for_Learned_Time-of-Flight_Imaging@CVPR2022@CVF)

2024-04-04 00:11:54,836 <requestor-worker-9:4140868, MainThread:140046854821696> (requestor.py:_fetch_single_async:199 -> session.py:request:318) from logger `RFC.session_aiohttp`
[INFO] session requesting PapersCoolPaperPage(venue_CVPR.2023).PapersCoolPaperKimiSection(venue_CVPR.2023_=Lu_Markerless_Camera-to-Robot_Pose_Estimation_via_Self-Supervised_Sim-to-Real_Transfer@CVPR2023@CVF)

2024-04-04 00:11:54,838 <requestor-worker-9:4140868, MainThread:140046854821696> (requestor.py:_fetch_single_async:199 -> session.py:request:318) from logger `RFC.session_aiohttp`
[INFO] session requesting PapersCoolPaperPage(venue_ACL.2018).PapersCoolPaperKimiSection(venue_ACL.2018_=P18-1054@ACL)

2024-04-04 00:11:54,840 <requestor-worker-9:4140868, MainThread:140046854821696> (requestor.py:_fetch_single_async:199 -> session.py:request:318) from logger `RFC.session_aiohttp`
[INFO] session requesting PapersCoolPaperPage(venue_ICML.2022).PapersCoolPaperKimiSection(venue_ICML.2022_=zhang22j@v162@PMLR)

2024-04-04 00:11:54,841 <requestor-worker-9:4140868, MainThread:140046854821696> (requestor.py:_fetch_single_async:199 -> session.py:request:318) from logger `RFC.session_aiohttp`
[INFO] session requesting PapersCoolPaperPage(venue_EMNLP.2020).PapersCoolPaperKimiSection(venue_EMNLP.2020_=2020.emnlp-main.739@ACL)

2024-04-04 00:11:54,968 <requestor-worker-9:4140868, MainThread:140046854821696> (requestor.py:_fetch_single_async:199 -> session.py:request:318) from logger `RFC.session_aiohttp`
[INFO] session requesting PapersCoolPaperPage(venue_CVPR.2023).PapersCoolPaperKimiSection(venue_CVPR.2023_=Jones_Self-Supervised_Representation_Learning_for_CAD@CVPR2023@CVF)

2024-04-04 00:11:54,971 <requestor-worker-9:4140868, MainThread:140046854821696> (requestor.py:_fetch_single_async:199 -> session.py:request:318) from logger `RFC.session_aiohttp`
[INFO] session requesting PapersCoolPaperPage(venue_EMNLP.2018).PapersCoolPaperKimiSection(venue_EMNLP.2018_=D18-1191@ACL)

2024-04-04 00:11:54,975 <requestor-worker-9:4140868, MainThread:140046854821696> (requestor.py:_fetch_single_async:199 -> session.py:request:318) from logger `RFC.session_aiohttp`
[INFO] session requesting PapersCoolPaperPage(venue_NeurIPS.2022).PapersCoolPaperKimiSection(venue_NeurIPS.2022_=HKbgd3zmh0t@OpenReview)

2024-04-04 00:11:54,977 <requestor-worker-9:4140868, MainThread:140046854821696> (requestor.py:_fetch_single_async:199 -> session.py:request:318) from logger `RFC.session_aiohttp`
[INFO] session requesting PapersCoolPaperPage(venue_EMNLP.2019).PapersCoolPaperKimiSection(venue_EMNLP.2019_=D19-1302@ACL)

2024-04-04 00:11:54,980 <requestor-worker-9:4140868, MainThread:140046854821696> (requestor.py:_fetch_single_async:199 -> session.py:request:318) from logger `RFC.session_aiohttp`
[INFO] session requesting PapersCoolPaperPage(venue_NeurIPS.2021).PapersCoolPaperKimiSection(venue_NeurIPS.2021_=6veB3MCD-bu@OpenReview)

2024-04-04 00:11:54,983 <requestor-worker-9:4140868, MainThread:140046854821696> (requestor.py:_fetch_single_async:199 -> session.py:request:318) from logger `RFC.session_aiohttp`
[INFO] session requesting PapersCoolPaperPage(venue_ICCV.2021).PapersCoolPaperKimiSection(venue_ICCV.2021_=Han_End-to-End_Trainable_Trident_Person_Search_Network_Using_Adaptive_Gradient_Propagation@ICCV2021@CVF)

2024-04-04 00:11:54,986 <requestor-worker-9:4140868, MainThread:140046854821696> (requestor.py:_fetch_single_async:199 -> session.py:request:318) from logger `RFC.session_aiohttp`
[INFO] session requesting PapersCoolPaperPage(venue_ICCV.2023).PapersCoolPaperKimiSection(venue_ICCV.2023_=Gasperini_Robust_Monocular_Depth_Estimation_under_Challenging_Conditions@ICCV2023@CVF)

2024-04-04 00:11:55,015 <requestor-worker-9:4140868, MainThread:140046854821696> (requestor.py:_fetch_single_async:199 -> session.py:request:318) from logger `RFC.session_aiohttp`
[INFO] session requesting PapersCoolPaperPage(venue_EMNLP.2019).PapersCoolPaperKimiSection(venue_EMNLP.2019_=D19-1306@ACL)

2024-04-04 00:11:55,017 <requestor-worker-9:4140868, MainThread:140046854821696> (requestor.py:_fetch_single_async:199 -> session.py:request:318) from logger `RFC.session_aiohttp`
[INFO] session requesting PapersCoolPaperPage(venue_ICCV.2023).PapersCoolPaperKimiSection(venue_ICCV.2023_=Shuai_DPF-Net_Combining_Explicit_Shape_Priors_in_Deformable_Primitive_Field_for@ICCV2023@CVF)

2024-04-04 00:11:55,019 <requestor-worker-9:4140868, MainThread:140046854821696> (requestor.py:_fetch_single_async:199 -> session.py:request:318) from logger `RFC.session_aiohttp`
[INFO] session requesting PapersCoolPaperPage(venue_ICCV.2021).PapersCoolPaperKimiSection(venue_ICCV.2021_=Liu_Motion_Prediction_Using_Trajectory_Cues@ICCV2021@CVF)

2024-04-04 00:11:55,020 <requestor-worker-9:4140868, MainThread:140046854821696> (requestor.py:_fetch_single_async:199 -> session.py:request:318) from logger `RFC.session_aiohttp`
[INFO] session requesting PapersCoolPaperPage(venue_NeurIPS.2021).PapersCoolPaperKimiSection(venue_NeurIPS.2021_=Fv0DPhwB6o9@OpenReview)

2024-04-04 00:11:55,022 <requestor-worker-9:4140868, MainThread:140046854821696> (requestor.py:_fetch_single_async:199 -> session.py:request:318) from logger `RFC.session_aiohttp`
[INFO] session requesting PapersCoolPaperPage(venue_ACL.2018).PapersCoolPaperKimiSection(venue_ACL.2018_=P18-1061@ACL)

2024-04-04 00:11:55,027 <requestor-worker-9:4140868, MainThread:140046854821696> (requestor.py:_fetch_single_async:199 -> session.py:request:318) from logger `RFC.session_aiohttp`
[INFO] session requesting PapersCoolPaperPage(venue_CVPR.2021).PapersCoolPaperKimiSection(venue_CVPR.2021_=Wang_RSG_A_Simple_but_Effective_Module_for_Learning_Imbalanced_Datasets@CVPR2021@CVF)

2024-04-04 00:11:55,219 <requestor-worker-9:4140868, MainThread:140046854821696> (requestor.py:_fetch_single_async:199 -> session.py:request:318) from logger `RFC.session_aiohttp`
[INFO] session requesting PapersCoolPaperPage(venue_CVPR.2022).PapersCoolPaperKimiSection(venue_CVPR.2022_=Zhang_Ray_Priors_Through_Reprojection_Improving_Neural_Radiance_Fields_for_Novel@CVPR2022@CVF)

2024-04-04 00:11:55,221 <requestor-worker-9:4140868, MainThread:140046854821696> (requestor.py:_fetch_single_async:199 -> session.py:request:318) from logger `RFC.session_aiohttp`
[INFO] session requesting PapersCoolPaperPage(venue_NeurIPS.2021).PapersCoolPaperKimiSection(venue_NeurIPS.2021_=VsUQQkpEXgr@OpenReview)

2024-04-04 00:11:55,222 <requestor-worker-9:4140868, MainThread:140046854821696> (requestor.py:_fetch_single_async:199 -> session.py:request:318) from logger `RFC.session_aiohttp`
[INFO] session requesting PapersCoolPaperPage(venue_ACL.2023).PapersCoolPaperKimiSection(venue_ACL.2023_=2023.findings-acl.622@ACL)

2024-04-04 00:11:55,224 <requestor-worker-9:4140868, MainThread:140046854821696> (requestor.py:_fetch_single_async:199 -> session.py:request:318) from logger `RFC.session_aiohttp`
[INFO] session requesting PapersCoolPaperPage(venue_EMNLP.2021).PapersCoolPaperKimiSection(venue_EMNLP.2021_=2021.findings-emnlp.7@ACL)

2024-04-04 00:11:55,226 <requestor-worker-9:4140868, MainThread:140046854821696> (requestor.py:_fetch_single_async:199 -> session.py:request:318) from logger `RFC.session_aiohttp`
[INFO] session requesting PapersCoolPaperPage(venue_ICCV.2023).PapersCoolPaperKimiSection(venue_ICCV.2023_=Zheng_MRN_Multiplexed_Routing_Network_for_Incremental_Multilingual_Text_Recognition@ICCV2023@CVF)

2024-04-04 00:11:55,228 <requestor-worker-9:4140868, MainThread:140046854821696> (requestor.py:_fetch_single_async:199 -> session.py:request:318) from logger `RFC.session_aiohttp`
[INFO] session requesting PapersCoolPaperPage(venue_NeurIPS.2022).PapersCoolPaperKimiSection(venue_NeurIPS.2022_=0VhrZPJXcTU@OpenReview)

2024-04-04 00:11:55,229 <requestor-worker-9:4140868, MainThread:140046854821696> (requestor.py:_fetch_single_async:199 -> session.py:request:318) from logger `RFC.session_aiohttp`
[INFO] session requesting PapersCoolPaperPage(venue_CVPR.2023).PapersCoolPaperKimiSection(venue_CVPR.2023_=Kumar_Few-Shot_Referring_Relationships_in_Videos@CVPR2023@CVF)

2024-04-04 00:11:55,231 <requestor-worker-9:4140868, MainThread:140046854821696> (requestor.py:_fetch_single_async:199 -> session.py:request:318) from logger `RFC.session_aiohttp`
[INFO] session requesting PapersCoolPaperPage(venue_NeurIPS.2021).PapersCoolPaperKimiSection(venue_NeurIPS.2021_=wGRNAqVBQT2@OpenReview)

2024-04-04 00:11:55,233 <requestor-worker-9:4140868, MainThread:140046854821696> (requestor.py:_fetch_single_async:199 -> session.py:request:318) from logger `RFC.session_aiohttp`
[INFO] session requesting PapersCoolPaperPage(venue_ICCV.2019).PapersCoolPaperKimiSection(venue_ICCV.2019_=Sun_MVP_Matching_A_Maximum-Value_Perfect_Matching_for_Mining_Hard_Samples@ICCV2019@CVF)

2024-04-04 00:11:55,235 <requestor-worker-9:4140868, MainThread:140046854821696> (requestor.py:_fetch_single_async:199 -> session.py:request:318) from logger `RFC.session_aiohttp`
[INFO] session requesting PapersCoolPaperPage(venue_INTERSPEECH.2022).PapersCoolPaperKimiSection(venue_INTERSPEECH.2022_=landini22@interspeech_2022@ISCA)

2024-04-04 00:11:55,746 <requestor-worker-9:4140868, MainThread:140046854821696> (requestor.py:_fetch_single_async:199 -> session.py:request:318) from logger `RFC.session_aiohttp`
[INFO] session requesting PapersCoolPaperPage(venue_CVPR.2023).PapersCoolPaperKimiSection(venue_CVPR.2023_=Tang_Graph_Transformer_GANs_for_Graph-Constrained_House_Generation@CVPR2023@CVF)

2024-04-04 00:11:55,756 <requestor-worker-9:4140868, MainThread:140046854821696> (requestor.py:_fetch_single_async:199 -> session.py:request:318) from logger `RFC.session_aiohttp`
[INFO] session requesting PapersCoolPaperPage(venue_CVPR.2021).PapersCoolPaperKimiSection(venue_CVPR.2021_=Zhang_Multi-Stage_Aggregated_Transformer_Network_for_Temporal_Language_Localization_in_Videos@CVPR2021@CVF)

2024-04-04 00:11:55,758 <requestor-worker-9:4140868, MainThread:140046854821696> (requestor.py:_fetch_single_async:199 -> session.py:request:318) from logger `RFC.session_aiohttp`
[INFO] session requesting PapersCoolPaperPage(venue_NeurIPS.2021).PapersCoolPaperKimiSection(venue_NeurIPS.2021_=mv-1sL8FMN5@OpenReview)

2024-04-04 00:11:55,760 <requestor-worker-9:4140868, MainThread:140046854821696> (requestor.py:_fetch_single_async:199 -> session.py:request:318) from logger `RFC.session_aiohttp`
[INFO] session requesting PapersCoolPaperPage(venue_EMNLP.2021).PapersCoolPaperKimiSection(venue_EMNLP.2021_=2021.findings-emnlp.13@ACL)

2024-04-04 00:11:55,761 <requestor-worker-9:4140868, MainThread:140046854821696> (requestor.py:_fetch_single_async:199 -> session.py:request:318) from logger `RFC.session_aiohttp`
[INFO] session requesting PapersCoolPaperPage(venue_ICML.2021).PapersCoolPaperKimiSection(venue_ICML.2021_=tripuraneni21a@v139@PMLR)

2024-04-04 00:11:55,763 <requestor-worker-9:4140868, MainThread:140046854821696> (requestor.py:_fetch_single_async:199 -> session.py:request:318) from logger `RFC.session_aiohttp`
[INFO] session requesting PapersCoolPaperPage(venue_ICCV.2021).PapersCoolPaperKimiSection(venue_ICCV.2021_=Zheng_Ultra-High-Definition_Image_HDR_Reconstruction_via_Collaborative_Bilateral_Learning@ICCV2021@CVF)

2024-04-04 00:11:55,765 <requestor-worker-9:4140868, MainThread:140046854821696> (requestor.py:_fetch_single_async:199 -> session.py:request:318) from logger `RFC.session_aiohttp`
[INFO] session requesting PapersCoolPaperPage(venue_NeurIPS.2022).PapersCoolPaperKimiSection(venue_NeurIPS.2022_=rq8fRhMm20F@OpenReview)

2024-04-04 00:11:55,767 <requestor-worker-9:4140868, MainThread:140046854821696> (requestor.py:_fetch_single_async:199 -> session.py:request:318) from logger `RFC.session_aiohttp`
[INFO] session requesting PapersCoolPaperPage(venue_CVPR.2023).PapersCoolPaperKimiSection(venue_CVPR.2023_=Ye_DistilPose_Tokenized_Pose_Regression_With_Heatmap_Distillation@CVPR2023@CVF)

2024-04-04 00:11:55,768 <requestor-worker-9:4140868, MainThread:140046854821696> (requestor.py:_fetch_single_async:199 -> session.py:request:318) from logger `RFC.session_aiohttp`
[INFO] session requesting PapersCoolPaperPage(venue_NeurIPS.2021).PapersCoolPaperKimiSection(venue_NeurIPS.2021_=8CaXYuLlZ6o@OpenReview)

2024-04-04 00:11:55,770 <requestor-worker-9:4140868, MainThread:140046854821696> (requestor.py:_fetch_single_async:199 -> session.py:request:318) from logger `RFC.session_aiohttp`
[INFO] session requesting PapersCoolPaperPage(venue_ACL.2020).PapersCoolPaperKimiSection(venue_ACL.2020_=2020.acl-main.494@ACL)

2024-04-04 00:11:55,772 <requestor-worker-9:4140868, MainThread:140046854821696> (requestor.py:_fetch_single_async:199 -> session.py:request:318) from logger `RFC.session_aiohttp`
[INFO] session requesting PapersCoolPaperPage(venue_EMNLP.2023).PapersCoolPaperKimiSection(venue_EMNLP.2023_=2023.findings-emnlp.670@ACL)

2024-04-04 00:11:55,774 <requestor-worker-9:4140868, MainThread:140046854821696> (requestor.py:_fetch_single_async:199 -> session.py:request:318) from logger `RFC.session_aiohttp`
[INFO] session requesting PapersCoolPaperPage(venue_ICML.2022).PapersCoolPaperKimiSection(venue_ICML.2022_=li22ad@v162@PMLR)

2024-04-04 00:11:55,776 <requestor-worker-9:4140868, MainThread:140046854821696> (requestor.py:_fetch_single_async:199 -> session.py:request:318) from logger `RFC.session_aiohttp`
[INFO] session requesting PapersCoolPaperPage(venue_EMNLP.2021).PapersCoolPaperKimiSection(venue_EMNLP.2021_=2021.findings-emnlp.14@ACL)

2024-04-04 00:11:55,777 <requestor-worker-9:4140868, MainThread:140046854821696> (requestor.py:_fetch_single_async:199 -> session.py:request:318) from logger `RFC.session_aiohttp`
[INFO] session requesting PapersCoolPaperPage(venue_ICCV.2019).PapersCoolPaperKimiSection(venue_ICCV.2019_=Zhang_ACFNet_Attentional_Class_Feature_Network_for_Semantic_Segmentation@ICCV2019@CVF)

2024-04-04 00:11:55,961 <requestor-worker-9:4140868, MainThread:140046854821696> (requestor.py:_fetch_single_async:199 -> session.py:request:318) from logger `RFC.session_aiohttp`
[INFO] session requesting PapersCoolPaperPage(venue_ACL.2019).PapersCoolPaperKimiSection(venue_ACL.2019_=P19-1406@ACL)

2024-04-04 00:11:55,963 <requestor-worker-9:4140868, MainThread:140046854821696> (requestor.py:_fetch_single_async:199 -> session.py:request:318) from logger `RFC.session_aiohttp`
[INFO] session requesting PapersCoolPaperPage(venue_EMNLP.2021).PapersCoolPaperKimiSection(venue_EMNLP.2021_=2021.findings-emnlp.19@ACL)

2024-04-04 00:11:55,964 <requestor-worker-9:4140868, MainThread:140046854821696> (requestor.py:_fetch_single_async:199 -> session.py:request:318) from logger `RFC.session_aiohttp`
[INFO] session requesting PapersCoolPaperPage(venue_ACL.2021).PapersCoolPaperKimiSection(venue_ACL.2021_=2021.findings-acl.79@ACL)

2024-04-04 00:11:55,966 <requestor-worker-9:4140868, MainThread:140046854821696> (requestor.py:_fetch_single_async:199 -> session.py:request:318) from logger `RFC.session_aiohttp`
[INFO] session requesting PapersCoolPaperPage(venue_EMNLP.2023).PapersCoolPaperKimiSection(venue_EMNLP.2023_=2023.findings-emnlp.675@ACL)

2024-04-04 00:11:55,968 <requestor-worker-9:4140868, MainThread:140046854821696> (requestor.py:_fetch_single_async:199 -> session.py:request:318) from logger `RFC.session_aiohttp`
[INFO] session requesting PapersCoolPaperPage(venue_EMNLP.2018).PapersCoolPaperKimiSection(venue_EMNLP.2018_=D18-1211@ACL)

2024-04-04 00:11:55,970 <requestor-worker-9:4140868, MainThread:140046854821696> (requestor.py:_fetch_single_async:199 -> session.py:request:318) from logger `RFC.session_aiohttp`
[INFO] session requesting PapersCoolPaperPage(venue_ACL.2020).PapersCoolPaperKimiSection(venue_ACL.2020_=2020.acl-main.498@ACL)

2024-04-04 00:11:55,971 <requestor-worker-9:4140868, MainThread:140046854821696> (requestor.py:_fetch_single_async:199 -> session.py:request:318) from logger `RFC.session_aiohttp`
[INFO] session requesting PapersCoolPaperPage(venue_ACL.2022).PapersCoolPaperKimiSection(venue_ACL.2022_=2022.findings-acl.2@ACL)

2024-04-04 00:11:55,973 <requestor-worker-9:4140868, MainThread:140046854821696> (requestor.py:_fetch_single_async:199 -> session.py:request:318) from logger `RFC.session_aiohttp`
[INFO] session requesting PapersCoolPaperPage(venue_EMNLP.2022).PapersCoolPaperKimiSection(venue_EMNLP.2022_=2022.findings-emnlp.151@ACL)

2024-04-04 00:11:55,975 <requestor-worker-9:4140868, MainThread:140046854821696> (requestor.py:_fetch_single_async:199 -> session.py:request:318) from logger `RFC.session_aiohttp`
[INFO] session requesting PapersCoolPaperPage(venue_EMNLP.2019).PapersCoolPaperKimiSection(venue_EMNLP.2019_=D19-1327@ACL)

2024-04-04 00:11:55,977 <requestor-worker-9:4140868, MainThread:140046854821696> (requestor.py:_fetch_single_async:199 -> session.py:request:318) from logger `RFC.session_aiohttp`
[INFO] session requesting PapersCoolPaperPage(venue_INTERSPEECH.2022).PapersCoolPaperKimiSection(venue_INTERSPEECH.2022_=draxler22@interspeech_2022@ISCA)

2024-04-04 00:11:56,203 <requestor-worker-9:4140868, MainThread:140046854821696> (requestor.py:_fetch_single_async:199 -> session.py:request:318) from logger `RFC.session_aiohttp`
[INFO] session requesting PapersCoolPaperPage(venue_ACL.2021).PapersCoolPaperKimiSection(venue_ACL.2021_=2021.findings-acl.90@ACL)

2024-04-04 00:11:56,205 <requestor-worker-9:4140868, MainThread:140046854821696> (requestor.py:_fetch_single_async:199 -> session.py:request:318) from logger `RFC.session_aiohttp`
[INFO] session requesting PapersCoolPaperPage(venue_EMNLP.2019).PapersCoolPaperKimiSection(venue_EMNLP.2019_=D19-1338@ACL)

2024-04-04 00:11:56,207 <requestor-worker-9:4140868, MainThread:140046854821696> (requestor.py:_fetch_single_async:199 -> session.py:request:318) from logger `RFC.session_aiohttp`
[INFO] session requesting PapersCoolPaperPage(venue_ICML.2022).PapersCoolPaperKimiSection(venue_ICML.2022_=muthukumar22a@v162@PMLR)

2024-04-04 00:11:56,209 <requestor-worker-9:4140868, MainThread:140046854821696> (requestor.py:_fetch_single_async:199 -> session.py:request:318) from logger `RFC.session_aiohttp`
[INFO] session requesting PapersCoolPaperPage(venue_ICML.2021).PapersCoolPaperKimiSection(venue_ICML.2021_=summers21a@v139@PMLR)

2024-04-04 00:11:56,210 <requestor-worker-9:4140868, MainThread:140046854821696> (requestor.py:_fetch_single_async:199 -> session.py:request:318) from logger `RFC.session_aiohttp`
[INFO] session requesting PapersCoolPaperPage(venue_EMNLP.2020).PapersCoolPaperKimiSection(venue_EMNLP.2020_=2020.findings-emnlp.19@ACL)

2024-04-04 00:11:56,212 <requestor-worker-9:4140868, MainThread:140046854821696> (requestor.py:_fetch_single_async:199 -> session.py:request:318) from logger `RFC.session_aiohttp`
[INFO] session requesting PapersCoolPaperPage(venue_ACL.2013).PapersCoolPaperKimiSection(venue_ACL.2013_=P13-1013@ACL)

2024-04-04 00:11:56,214 <requestor-worker-9:4140868, MainThread:140046854821696> (requestor.py:_fetch_single_async:199 -> session.py:request:318) from logger `RFC.session_aiohttp`
[INFO] session requesting PapersCoolPaperPage(venue_NeurIPS.2022).PapersCoolPaperKimiSection(venue_NeurIPS.2022_=H5lOnzXhAY@OpenReview)

2024-04-04 00:11:56,215 <requestor-worker-9:4140868, MainThread:140046854821696> (requestor.py:_fetch_single_async:199 -> session.py:request:318) from logger `RFC.session_aiohttp`
[INFO] session requesting PapersCoolPaperPage(venue_ICCV.2021).PapersCoolPaperKimiSection(venue_ICCV.2021_=Shou_Generic_Event_Boundary_Detection_A_Benchmark_for_Event_Segmentation@ICCV2021@CVF)

2024-04-04 00:11:56,217 <requestor-worker-9:4140868, MainThread:140046854821696> (requestor.py:_fetch_single_async:199 -> session.py:request:318) from logger `RFC.session_aiohttp`
[INFO] session requesting PapersCoolPaperPage(venue_ACL.2021).PapersCoolPaperKimiSection(venue_ACL.2021_=2021.findings-acl.91@ACL)

2024-04-04 00:11:56,219 <requestor-worker-9:4140868, MainThread:140046854821696> (requestor.py:_fetch_single_async:199 -> session.py:request:318) from logger `RFC.session_aiohttp`
[INFO] session requesting PapersCoolPaperPage(venue_EMNLP.2019).PapersCoolPaperKimiSection(venue_EMNLP.2019_=D19-1339@ACL)

2024-04-04 00:11:56,220 <requestor-worker-9:4140868, MainThread:140046854821696> (requestor.py:_fetch_single_async:199 -> session.py:request:318) from logger `RFC.session_aiohttp`
[INFO] session requesting PapersCoolPaperPage(venue_ICML.2022).PapersCoolPaperKimiSection(venue_ICML.2022_=guo22b@v162@PMLR)

2024-04-04 00:11:56,428 <requestor-worker-9:4140868, MainThread:140046854821696> (requestor.py:_fetch_single_async:199 -> session.py:request:318) from logger `RFC.session_aiohttp`
[INFO] session requesting PapersCoolPaperPage(venue_ICML.2021).PapersCoolPaperKimiSection(venue_ICML.2021_=park21c@v139@PMLR)

2024-04-04 00:11:56,429 <requestor-worker-9:4140868, MainThread:140046854821696> (requestor.py:_fetch_single_async:199 -> session.py:request:318) from logger `RFC.session_aiohttp`
[INFO] session requesting PapersCoolPaperPage(venue_CVPR.2023).PapersCoolPaperKimiSection(venue_CVPR.2023_=Wang_Compression-Aware_Video_Super-Resolution@CVPR2023@CVF)

2024-04-04 00:11:56,431 <requestor-worker-9:4140868, MainThread:140046854821696> (requestor.py:_fetch_single_async:199 -> session.py:request:318) from logger `RFC.session_aiohttp`
[INFO] session requesting PapersCoolPaperPage(venue_ICCV.2021).PapersCoolPaperKimiSection(venue_ICCV.2021_=Naghizadeh_Semantic_Aware_Data_Augmentation_for_Cell_Nuclei_Microscopical_Images_With@ICCV2021@CVF)

2024-04-04 00:11:56,433 <requestor-worker-9:4140868, MainThread:140046854821696> (requestor.py:_fetch_single_async:199 -> session.py:request:318) from logger `RFC.session_aiohttp`
[INFO] session requesting PapersCoolPaperPage(venue_ACL.2021).PapersCoolPaperKimiSection(venue_ACL.2021_=2021.findings-acl.105@ACL)

2024-04-04 00:11:56,434 <requestor-worker-9:4140868, MainThread:140046854821696> (requestor.py:_fetch_single_async:199 -> session.py:request:318) from logger `RFC.session_aiohttp`
[INFO] session requesting PapersCoolPaperPage(venue_ICML.2022).PapersCoolPaperKimiSection(venue_ICML.2022_=ngo22a@v162@PMLR)

2024-04-04 00:11:56,436 <requestor-worker-9:4140868, MainThread:140046854821696> (requestor.py:_fetch_single_async:199 -> session.py:request:318) from logger `RFC.session_aiohttp`
[INFO] session requesting PapersCoolPaperPage(venue_CVPR.2022).PapersCoolPaperKimiSection(venue_CVPR.2022_=Ren_Neural_Texture_Extraction_and_Distribution_for_Controllable_Person_Image_Synthesis@CVPR2022@CVF)

2024-04-04 00:11:56,438 <requestor-worker-9:4140868, MainThread:140046854821696> (requestor.py:_fetch_single_async:199 -> session.py:request:318) from logger `RFC.session_aiohttp`
[INFO] session requesting PapersCoolPaperPage(venue_ACL.2013).PapersCoolPaperKimiSection(venue_ACL.2013_=P13-1028@ACL)

2024-04-04 00:11:56,439 <requestor-worker-9:4140868, MainThread:140046854821696> (requestor.py:_fetch_single_async:199 -> session.py:request:318) from logger `RFC.session_aiohttp`
[INFO] session requesting PapersCoolPaperPage(venue_ICML.2021).PapersCoolPaperKimiSection(venue_ICML.2021_=jayaram21a@v139@PMLR)

2024-04-04 00:11:56,441 <requestor-worker-9:4140868, MainThread:140046854821696> (requestor.py:_fetch_single_async:199 -> session.py:request:318) from logger `RFC.session_aiohttp`
[INFO] session requesting PapersCoolPaperPage(venue_ICCV.2021).PapersCoolPaperKimiSection(venue_ICCV.2021_=Wei_NerfingMVS_Guided_Optimization_of_Neural_Radiance_Fields_for_Indoor_Multi-View@ICCV2021@CVF)

2024-04-04 00:11:56,442 <requestor-worker-9:4140868, MainThread:140046854821696> (requestor.py:_fetch_single_async:199 -> session.py:request:318) from logger `RFC.session_aiohttp`
[INFO] session requesting PapersCoolPaperPage(venue_ACL.2021).PapersCoolPaperKimiSection(venue_ACL.2021_=2021.findings-acl.106@ACL)

2024-04-04 00:11:56,444 <requestor-worker-9:4140868, MainThread:140046854821696> (requestor.py:_fetch_single_async:199 -> session.py:request:318) from logger `RFC.session_aiohttp`
[INFO] session requesting PapersCoolPaperPage(venue_EMNLP.2019).PapersCoolPaperKimiSection(venue_EMNLP.2019_=D19-1354@ACL)

2024-04-04 00:11:56,446 <requestor-worker-9:4140868, MainThread:140046854821696> (requestor.py:_fetch_single_async:199 -> session.py:request:318) from logger `RFC.session_aiohttp`
[INFO] session requesting PapersCoolPaperPage(venue_ICML.2022).PapersCoolPaperKimiSection(venue_ICML.2022_=leqi22a@v162@PMLR)

2024-04-04 00:11:56,447 <requestor-worker-9:4140868, MainThread:140046854821696> (requestor.py:_fetch_single_async:199 -> session.py:request:318) from logger `RFC.session_aiohttp`
[INFO] session requesting PapersCoolPaperPage(venue_EMNLP.2020).PapersCoolPaperKimiSection(venue_EMNLP.2020_=2020.findings-emnlp.35@ACL)

2024-04-04 00:11:56,707 <requestor-worker-9:4140868, MainThread:140046854821696> (requestor.py:_fetch_single_async:199 -> session.py:request:318) from logger `RFC.session_aiohttp`
[INFO] session requesting PapersCoolPaperPage(venue_CVPR.2023).PapersCoolPaperKimiSection(venue_CVPR.2023_=Li_Learning_To_Fuse_Monocular_and_Multi-View_Cues_for_Multi-Frame_Depth@CVPR2023@CVF)

2024-04-04 00:11:56,709 <requestor-worker-9:4140868, MainThread:140046854821696> (requestor.py:_fetch_single_async:199 -> session.py:request:318) from logger `RFC.session_aiohttp`
[INFO] session requesting PapersCoolPaperPage(venue_ACL.2018).PapersCoolPaperKimiSection(venue_ACL.2018_=P18-1073@ACL)

2024-04-04 00:11:56,711 <requestor-worker-9:4140868, MainThread:140046854821696> (requestor.py:_fetch_single_async:199 -> session.py:request:318) from logger `RFC.session_aiohttp`
[INFO] session requesting PapersCoolPaperPage(venue_EMNLP.2023).PapersCoolPaperKimiSection(venue_EMNLP.2023_=2023.findings-emnlp.678@ACL)

2024-04-04 00:11:56,712 <requestor-worker-9:4140868, MainThread:140046854821696> (requestor.py:_fetch_single_async:199 -> session.py:request:318) from logger `RFC.session_aiohttp`
[INFO] session requesting PapersCoolPaperPage(venue_EMNLP.2018).PapersCoolPaperKimiSection(venue_EMNLP.2018_=D18-1214@ACL)

2024-04-04 00:11:56,714 <requestor-worker-9:4140868, MainThread:140046854821696> (requestor.py:_fetch_single_async:199 -> session.py:request:318) from logger `RFC.session_aiohttp`
[INFO] session requesting PapersCoolPaperPage(venue_NeurIPS.2021).PapersCoolPaperKimiSection(venue_NeurIPS.2021_=6mEWjDYJeE-@OpenReview)

2024-04-04 00:11:56,715 <requestor-worker-9:4140868, MainThread:140046854821696> (requestor.py:_fetch_single_async:199 -> session.py:request:318) from logger `RFC.session_aiohttp`
[INFO] session requesting PapersCoolPaperPage(venue_CVPR.2023).PapersCoolPaperKimiSection(venue_CVPR.2023_=Memmel_Modality-Invariant_Visual_Odometry_for_Embodied_Vision@CVPR2023@CVF)

2024-04-04 00:11:56,717 <requestor-worker-9:4140868, MainThread:140046854821696> (requestor.py:_fetch_single_async:199 -> session.py:request:318) from logger `RFC.session_aiohttp`
[INFO] session requesting PapersCoolPaperPage(venue_ICCV.2019).PapersCoolPaperKimiSection(venue_ICCV.2019_=Kellnhofer_Gaze360_Physically_Unconstrained_Gaze_Estimation_in_the_Wild@ICCV2019@CVF)

2024-04-04 00:11:56,718 <requestor-worker-9:4140868, MainThread:140046854821696> (requestor.py:_fetch_single_async:199 -> session.py:request:318) from logger `RFC.session_aiohttp`
[INFO] session requesting PapersCoolPaperPage(venue_EMNLP.2023).PapersCoolPaperKimiSection(venue_EMNLP.2023_=2023.findings-emnlp.679@ACL)

2024-04-04 00:11:56,720 <requestor-worker-9:4140868, MainThread:140046854821696> (requestor.py:_fetch_single_async:199 -> session.py:request:318) from logger `RFC.session_aiohttp`
[INFO] session requesting PapersCoolPaperPage(venue_ACL.2018).PapersCoolPaperKimiSection(venue_ACL.2018_=P18-1074@ACL)

2024-04-04 00:11:56,721 <requestor-worker-9:4140868, MainThread:140046854821696> (requestor.py:_fetch_single_async:199 -> session.py:request:318) from logger `RFC.session_aiohttp`
[INFO] session requesting PapersCoolPaperPage(venue_EMNLP.2018).PapersCoolPaperKimiSection(venue_EMNLP.2018_=D18-1215@ACL)

2024-04-04 00:11:56,723 <requestor-worker-9:4140868, MainThread:140046854821696> (requestor.py:_fetch_single_async:199 -> session.py:request:318) from logger `RFC.session_aiohttp`
[INFO] session requesting PapersCoolPaperPage(venue_NeurIPS.2021).PapersCoolPaperKimiSection(venue_NeurIPS.2021_=tUDO2N40Kd@OpenReview)

2024-04-04 00:11:56,952 <requestor-worker-9:4140868, MainThread:140046854821696> (requestor.py:_fetch_single_async:199 -> session.py:request:318) from logger `RFC.session_aiohttp`
[INFO] session requesting PapersCoolPaperPage(venue_CVPR.2023).PapersCoolPaperKimiSection(venue_CVPR.2023_=Hui_Unifying_Layout_Generation_With_a_Decoupled_Diffusion_Model@CVPR2023@CVF)

2024-04-04 00:11:56,954 <requestor-worker-9:4140868, MainThread:140046854821696> (requestor.py:_fetch_single_async:199 -> session.py:request:318) from logger `RFC.session_aiohttp`
[INFO] session requesting PapersCoolPaperPage(venue_NeurIPS.2023).PapersCoolPaperKimiSection(venue_NeurIPS.2023_=bprclnHNvm@OpenReview)

2024-04-04 00:11:56,956 <requestor-worker-9:4140868, MainThread:140046854821696> (requestor.py:_fetch_single_async:199 -> session.py:request:318) from logger `RFC.session_aiohttp`
[INFO] session requesting PapersCoolPaperPage(venue_EMNLP.2022).PapersCoolPaperKimiSection(venue_EMNLP.2022_=2022.findings-emnlp.163@ACL)

2024-04-04 00:11:56,957 <requestor-worker-9:4140868, MainThread:140046854821696> (requestor.py:_fetch_single_async:199 -> session.py:request:318) from logger `RFC.session_aiohttp`
[INFO] session requesting PapersCoolPaperPage(venue_EMNLP.2020).PapersCoolPaperKimiSection(venue_EMNLP.2020_=2020.findings-emnlp.55@ACL)

2024-04-04 00:11:56,959 <requestor-worker-9:4140868, MainThread:140046854821696> (requestor.py:_fetch_single_async:199 -> session.py:request:318) from logger `RFC.session_aiohttp`
[INFO] session requesting PapersCoolPaperPage(venue_CVPR.2022).PapersCoolPaperKimiSection(venue_CVPR.2022_=Rey-Area_360MonoDepth_High-Resolution_360deg_Monocular_Depth_Estimation@CVPR2022@CVF)

2024-04-04 00:11:56,961 <requestor-worker-9:4140868, MainThread:140046854821696> (requestor.py:_fetch_single_async:199 -> session.py:request:318) from logger `RFC.session_aiohttp`
[INFO] session requesting PapersCoolPaperPage(venue_CVPR.2023).PapersCoolPaperKimiSection(venue_CVPR.2023_=Wu_Virtual_Sparse_Convolution_for_Multimodal_3D_Object_Detection@CVPR2023@CVF)

2024-04-04 00:11:56,962 <requestor-worker-9:4140868, MainThread:140046854821696> (requestor.py:_fetch_single_async:199 -> session.py:request:318) from logger `RFC.session_aiohttp`
[INFO] session requesting PapersCoolPaperPage(venue_NeurIPS.2021).PapersCoolPaperKimiSection(venue_NeurIPS.2021_=on2DNSz2Qg@OpenReview)

2024-04-04 00:11:56,964 <requestor-worker-9:4140868, MainThread:140046854821696> (requestor.py:_fetch_single_async:199 -> session.py:request:318) from logger `RFC.session_aiohttp`
[INFO] session requesting PapersCoolPaperPage(venue_ICCV.2019).PapersCoolPaperKimiSection(venue_ICCV.2019_=Chen_Face_Alignment_With_Kernel_Density_Deep_Neural_Network@ICCV2019@CVF)

2024-04-04 00:11:56,965 <requestor-worker-9:4140868, MainThread:140046854821696> (requestor.py:_fetch_single_async:199 -> session.py:request:318) from logger `RFC.session_aiohttp`
[INFO] session requesting PapersCoolPaperPage(venue_EMNLP.2021).PapersCoolPaperKimiSection(venue_EMNLP.2021_=2021.findings-emnlp.34@ACL)

2024-04-04 00:11:56,967 <requestor-worker-9:4140868, MainThread:140046854821696> (requestor.py:_fetch_single_async:199 -> session.py:request:318) from logger `RFC.session_aiohttp`
[INFO] session requesting PapersCoolPaperPage(venue_ACL.2016).PapersCoolPaperKimiSection(venue_ACL.2016_=P16-1007@ACL)

2024-04-04 00:11:56,969 <requestor-worker-9:4140868, MainThread:140046854821696> (requestor.py:_fetch_single_async:199 -> session.py:request:318) from logger `RFC.session_aiohttp`
[INFO] session requesting PapersCoolPaperPage(venue_EMNLP.2023).PapersCoolPaperKimiSection(venue_EMNLP.2023_=2023.findings-emnlp.688@ACL)

2024-04-04 00:11:56,970 <requestor-worker-9:4140868, MainThread:140046854821696> (requestor.py:_fetch_single_async:199 -> session.py:request:318) from logger `RFC.session_aiohttp`
[INFO] session requesting PapersCoolPaperPage(venue_ACL.2022).PapersCoolPaperKimiSection(venue_ACL.2022_=2022.findings-acl.15@ACL)

2024-04-04 00:11:56,972 <requestor-worker-9:4140868, MainThread:140046854821696> (requestor.py:_fetch_single_async:199 -> session.py:request:318) from logger `RFC.session_aiohttp`
[INFO] session requesting PapersCoolPaperPage(venue_EMNLP.2018).PapersCoolPaperKimiSection(venue_EMNLP.2018_=D18-1224@ACL)

2024-04-04 00:11:57,155 <requestor-worker-9:4140868, MainThread:140046854821696> (requestor.py:_fetch_single_async:199 -> session.py:request:318) from logger `RFC.session_aiohttp`
[INFO] session requesting PapersCoolPaperPage(venue_EMNLP.2022).PapersCoolPaperKimiSection(venue_EMNLP.2022_=2022.findings-emnlp.171@ACL)

2024-04-04 00:11:57,156 <requestor-worker-9:4140868, MainThread:140046854821696> (requestor.py:_fetch_single_async:199 -> session.py:request:318) from logger `RFC.session_aiohttp`
[INFO] session requesting PapersCoolPaperPage(venue_ICCV.2019).PapersCoolPaperKimiSection(venue_ICCV.2019_=Ji_Learning_Temporal_Action_Proposals_With_Fewer_Labels@ICCV2019@CVF)

2024-04-04 00:11:57,158 <requestor-worker-9:4140868, MainThread:140046854821696> (requestor.py:_fetch_single_async:199 -> session.py:request:318) from logger `RFC.session_aiohttp`
[INFO] session requesting PapersCoolPaperPage(venue_EMNLP.2020).PapersCoolPaperKimiSection(venue_EMNLP.2020_=2020.findings-emnlp.63@ACL)

2024-04-04 00:11:57,160 <requestor-worker-9:4140868, MainThread:140046854821696> (requestor.py:_fetch_single_async:199 -> session.py:request:318) from logger `RFC.session_aiohttp`
[INFO] session requesting PapersCoolPaperPage(venue_ACL.2016).PapersCoolPaperKimiSection(venue_ACL.2016_=P16-1015@ACL)

2024-04-04 00:11:57,161 <requestor-worker-9:4140868, MainThread:140046854821696> (requestor.py:_fetch_single_async:199 -> session.py:request:318) from logger `RFC.session_aiohttp`
[INFO] session requesting PapersCoolPaperPage(venue_EMNLP.2023).PapersCoolPaperKimiSection(venue_EMNLP.2023_=2023.findings-emnlp.696@ACL)

2024-04-04 00:11:57,163 <requestor-worker-9:4140868, MainThread:140046854821696> (requestor.py:_fetch_single_async:199 -> session.py:request:318) from logger `RFC.session_aiohttp`
[INFO] session requesting PapersCoolPaperPage(venue_ACL.2018).PapersCoolPaperKimiSection(venue_ACL.2018_=P18-1086@ACL)

2024-04-04 00:11:57,164 <requestor-worker-9:4140868, MainThread:140046854821696> (requestor.py:_fetch_single_async:199 -> session.py:request:318) from logger `RFC.session_aiohttp`
[INFO] session requesting PapersCoolPaperPage(venue_EMNLP.2022).PapersCoolPaperKimiSection(venue_EMNLP.2022_=2022.findings-emnlp.172@ACL)

2024-04-04 00:11:57,166 <requestor-worker-9:4140868, MainThread:140046854821696> (requestor.py:_fetch_single_async:199 -> session.py:request:318) from logger `RFC.session_aiohttp`
[INFO] session requesting PapersCoolPaperPage(venue_ACL.2016).PapersCoolPaperKimiSection(venue_ACL.2016_=P16-1016@ACL)

2024-04-04 00:11:57,168 <requestor-worker-9:4140868, MainThread:140046854821696> (requestor.py:_fetch_single_async:199 -> session.py:request:318) from logger `RFC.session_aiohttp`
[INFO] session requesting PapersCoolPaperPage(venue_NeurIPS.2023).PapersCoolPaperKimiSection(venue_NeurIPS.2023_=b1BhHjBxsx@OpenReview)

2024-04-04 00:11:57,169 <requestor-worker-9:4140868, MainThread:140046854821696> (requestor.py:_fetch_single_async:199 -> session.py:request:318) from logger `RFC.session_aiohttp`
[INFO] session requesting PapersCoolPaperPage(venue_ACL.2020).PapersCoolPaperKimiSection(venue_ACL.2020_=2020.acl-main.519@ACL)

2024-04-04 00:11:57,171 <requestor-worker-9:4140868, MainThread:140046854821696> (requestor.py:_fetch_single_async:199 -> session.py:request:318) from logger `RFC.session_aiohttp`
[INFO] session requesting PapersCoolPaperPage(venue_ACL.2018).PapersCoolPaperKimiSection(venue_ACL.2018_=P18-1087@ACL)

2024-04-04 00:11:57,628 <requestor-worker-9:4140868, MainThread:140046854821696> (requestor.py:_fetch_single_async:199 -> session.py:request:318) from logger `RFC.session_aiohttp`
[INFO] session requesting PapersCoolPaperPage(venue_ACL.2022).PapersCoolPaperKimiSection(venue_ACL.2022_=2022.findings-acl.32@ACL)

2024-04-04 00:11:57,631 <requestor-worker-9:4140868, MainThread:140046854821696> (requestor.py:_fetch_single_async:199 -> session.py:request:318) from logger `RFC.session_aiohttp`
[INFO] session requesting PapersCoolPaperPage(venue_ACL.2020).PapersCoolPaperKimiSection(venue_ACL.2020_=2020.acl-main.527@ACL)

2024-04-04 00:11:57,633 <requestor-worker-9:4140868, MainThread:140046854821696> (requestor.py:_fetch_single_async:199 -> session.py:request:318) from logger `RFC.session_aiohttp`
[INFO] session requesting PapersCoolPaperPage(venue_EMNLP.2020).PapersCoolPaperKimiSection(venue_EMNLP.2020_=2020.findings-emnlp.73@ACL)

2024-04-04 00:11:57,635 <requestor-worker-9:4140868, MainThread:140046854821696> (requestor.py:_fetch_single_async:199 -> session.py:request:318) from logger `RFC.session_aiohttp`
[INFO] session requesting PapersCoolPaperPage(venue_CVPR.2023).PapersCoolPaperKimiSection(venue_CVPR.2023_=You_UTM_A_Unified_Multiple_Object_Tracking_Model_With_Identity-Aware_Feature@CVPR2023@CVF)

2024-04-04 00:11:57,637 <requestor-worker-9:4140868, MainThread:140046854821696> (requestor.py:_fetch_single_async:199 -> session.py:request:318) from logger `RFC.session_aiohttp`
[INFO] session requesting PapersCoolPaperPage(venue_EMNLP.2021).PapersCoolPaperKimiSection(venue_EMNLP.2021_=2021.findings-emnlp.51@ACL)

2024-04-04 00:11:57,638 <requestor-worker-9:4140868, MainThread:140046854821696> (requestor.py:_fetch_single_async:199 -> session.py:request:318) from logger `RFC.session_aiohttp`
[INFO] session requesting PapersCoolPaperPage(venue_NeurIPS.2021).PapersCoolPaperKimiSection(venue_NeurIPS.2021_=fj6rFciApc@OpenReview)

2024-04-04 00:11:57,640 <requestor-worker-9:4140868, MainThread:140046854821696> (requestor.py:_fetch_single_async:199 -> session.py:request:318) from logger `RFC.session_aiohttp`
[INFO] session requesting PapersCoolPaperPage(venue_EMNLP.2018).PapersCoolPaperKimiSection(venue_EMNLP.2018_=D18-1240@ACL)

2024-04-04 00:11:57,922 <requestor-worker-9:4140868, MainThread:140046854821696> (requestor.py:_fetch_single_async:199 -> session.py:request:318) from logger `RFC.session_aiohttp`
[INFO] session requesting PapersCoolPaperPage(venue_ACL.2015).PapersCoolPaperKimiSection(venue_ACL.2015_=P15-1021@ACL)

2024-04-04 00:11:57,924 <requestor-worker-9:4140868, MainThread:140046854821696> (requestor.py:_fetch_single_async:199 -> session.py:request:318) from logger `RFC.session_aiohttp`
[INFO] session requesting PapersCoolPaperPage(venue_ACL.2022).PapersCoolPaperKimiSection(venue_ACL.2022_=2022.findings-acl.40@ACL)

2024-04-04 00:11:57,926 <requestor-worker-9:4140868, MainThread:140046854821696> (requestor.py:_fetch_single_async:199 -> session.py:request:318) from logger `RFC.session_aiohttp`
[INFO] session requesting PapersCoolPaperPage(venue_ACL.2018).PapersCoolPaperKimiSection(venue_ACL.2018_=P18-1099@ACL)

2024-04-04 00:11:57,927 <requestor-worker-9:4140868, MainThread:140046854821696> (requestor.py:_fetch_single_async:199 -> session.py:request:318) from logger `RFC.session_aiohttp`
[INFO] session requesting PapersCoolPaperPage(venue_NeurIPS.2023).PapersCoolPaperKimiSection(venue_NeurIPS.2023_=NU2kGsA4TT@OpenReview)

2024-04-04 00:11:57,929 <requestor-worker-9:4140868, MainThread:140046854821696> (requestor.py:_fetch_single_async:199 -> session.py:request:318) from logger `RFC.session_aiohttp`
[INFO] session requesting PapersCoolPaperPage(venue_ICCV.2021).PapersCoolPaperKimiSection(venue_ICCV.2021_=Gupta_LayoutTransformer_Layout_Generation_and_Completion_With_Self-Attention@ICCV2021@CVF)

2024-04-04 00:11:57,930 <requestor-worker-9:4140868, MainThread:140046854821696> (requestor.py:_fetch_single_async:199 -> session.py:request:318) from logger `RFC.session_aiohttp`
[INFO] session requesting PapersCoolPaperPage(venue_ICML.2022).PapersCoolPaperKimiSection(venue_ICML.2022_=beliaev22a@v162@PMLR)

2024-04-04 00:11:57,932 <requestor-worker-9:4140868, MainThread:140046854821696> (requestor.py:_fetch_single_async:199 -> session.py:request:318) from logger `RFC.session_aiohttp`
[INFO] session requesting PapersCoolPaperPage(venue_ICCV.2019).PapersCoolPaperKimiSection(venue_ICCV.2019_=Piao_Depth-Induced_Multi-Scale_Recurrent_Attention_Network_for_Saliency_Detection@ICCV2019@CVF)

2024-04-04 00:11:57,934 <requestor-worker-9:4140868, MainThread:140046854821696> (requestor.py:_fetch_single_async:199 -> session.py:request:318) from logger `RFC.session_aiohttp`
[INFO] session requesting PapersCoolPaperPage(venue_INTERSPEECH.2022).PapersCoolPaperKimiSection(venue_INTERSPEECH.2022_=wang22@interspeech_2022@ISCA)

2024-04-04 00:11:57,935 <requestor-worker-9:4140868, MainThread:140046854821696> (requestor.py:_fetch_single_async:199 -> session.py:request:318) from logger `RFC.session_aiohttp`
[INFO] session requesting PapersCoolPaperPage(venue_ACL.2021).PapersCoolPaperKimiSection(venue_ACL.2021_=2021.findings-acl.117@ACL)

2024-04-04 00:11:57,937 <requestor-worker-9:4140868, MainThread:140046854821696> (requestor.py:_fetch_single_async:199 -> session.py:request:318) from logger `RFC.session_aiohttp`
[INFO] session requesting PapersCoolPaperPage(venue_ICCV.2023).PapersCoolPaperKimiSection(venue_ICCV.2023_=Yin_Geometry-guided_Feature_Learning_and_Fusion_for_Indoor_Scene_Reconstruction@ICCV2023@CVF)

2024-04-04 00:11:57,939 <requestor-worker-9:4140868, MainThread:140046854821696> (requestor.py:_fetch_single_async:199 -> session.py:request:318) from logger `RFC.session_aiohttp`
[INFO] session requesting PapersCoolPaperPage(venue_CVPR.2021).PapersCoolPaperKimiSection(venue_CVPR.2021_=Huang_Memory_Oriented_Transfer_Learning_for_Semi-Supervised_Image_Deraining@CVPR2021@CVF)

2024-04-04 00:11:57,940 <requestor-worker-9:4140868, MainThread:140046854821696> (requestor.py:_fetch_single_async:199 -> session.py:request:318) from logger `RFC.session_aiohttp`
[INFO] session requesting PapersCoolPaperPage(venue_ACL.2020).PapersCoolPaperKimiSection(venue_ACL.2020_=2020.acl-main.536@ACL)

2024-04-04 00:11:57,942 <requestor-worker-9:4140868, MainThread:140046854821696> (requestor.py:_fetch_single_async:199 -> session.py:request:318) from logger `RFC.session_aiohttp`
[INFO] session requesting PapersCoolPaperPage(venue_ACL.2018).PapersCoolPaperKimiSection(venue_ACL.2018_=P18-1100@ACL)

2024-04-04 00:11:57,943 <requestor-worker-9:4140868, MainThread:140046854821696> (requestor.py:_fetch_single_async:199 -> session.py:request:318) from logger `RFC.session_aiohttp`
[INFO] session requesting PapersCoolPaperPage(venue_ACL.2015).PapersCoolPaperKimiSection(venue_ACL.2015_=P15-1023@ACL)

2024-04-04 00:11:57,945 <requestor-worker-9:4140868, MainThread:140046854821696> (requestor.py:_fetch_single_async:199 -> session.py:request:318) from logger `RFC.session_aiohttp`
[INFO] session requesting PapersCoolPaperPage(venue_ACL.2016).PapersCoolPaperKimiSection(venue_ACL.2016_=P16-1034@ACL)

2024-04-04 00:11:57,947 <requestor-worker-9:4140868, MainThread:140046854821696> (requestor.py:_fetch_single_async:199 -> session.py:request:318) from logger `RFC.session_aiohttp`
[INFO] session requesting PapersCoolPaperPage(venue_EMNLP.2020).PapersCoolPaperKimiSection(venue_EMNLP.2020_=2020.findings-emnlp.83@ACL)

2024-04-04 00:11:57,948 <requestor-worker-9:4140868, MainThread:140046854821696> (requestor.py:_fetch_single_async:199 -> session.py:request:318) from logger `RFC.session_aiohttp`
[INFO] session requesting PapersCoolPaperPage(venue_NeurIPS.2021).PapersCoolPaperKimiSection(venue_NeurIPS.2021_=t6EL1tTI3D@OpenReview)

2024-04-04 00:11:58,081 <requestor-worker-9:4140868, MainThread:140046854821696> (requestor.py:_fetch_single_async:199 -> session.py:request:318) from logger `RFC.session_aiohttp`
[INFO] session requesting PapersCoolPaperPage(venue_CVPR.2023).PapersCoolPaperKimiSection(venue_CVPR.2023_=Man_BEV-Guided_Multi-Modality_Fusion_for_Driving_Perception@CVPR2023@CVF)

2024-04-04 00:11:58,084 <requestor-worker-9:4140868, MainThread:140046854821696> (requestor.py:_fetch_single_async:199 -> session.py:request:318) from logger `RFC.session_aiohttp`
[INFO] session requesting PapersCoolPaperPage(venue_CVPR.2022).PapersCoolPaperKimiSection(venue_CVPR.2022_=Jin_Enhancing_Adversarial_Training_With_Second-Order_Statistics_of_Weights@CVPR2022@CVF)

2024-04-04 00:11:58,086 <requestor-worker-9:4140868, MainThread:140046854821696> (requestor.py:_fetch_single_async:199 -> session.py:request:318) from logger `RFC.session_aiohttp`
[INFO] session requesting PapersCoolPaperPage(venue_CVPR.2023).PapersCoolPaperKimiSection(venue_CVPR.2023_=Xiao_CutMIB_Boosting_Light_Field_Super-Resolution_via_Multi-View_Image_Blending@CVPR2023@CVF)

2024-04-04 00:11:58,087 <requestor-worker-9:4140868, MainThread:140046854821696> (requestor.py:_fetch_single_async:199 -> session.py:request:318) from logger `RFC.session_aiohttp`
[INFO] session requesting PapersCoolPaperPage(venue_ACL.2022).PapersCoolPaperKimiSection(venue_ACL.2022_=2022.findings-acl.44@ACL)

2024-04-04 00:11:58,089 <requestor-worker-9:4140868, MainThread:140046854821696> (requestor.py:_fetch_single_async:199 -> session.py:request:318) from logger `RFC.session_aiohttp`
[INFO] session requesting PapersCoolPaperPage(venue_ICCV.2023).PapersCoolPaperKimiSection(venue_ICCV.2023_=Shi_Boosting_3-DoF_Ground-to-Satellite_Camera_Localization_Accuracy_via_Geometry-Guided_Cross-View_Transformer@ICCV2023@CVF)

2024-04-04 00:11:58,091 <requestor-worker-9:4140868, MainThread:140046854821696> (requestor.py:_fetch_single_async:199 -> session.py:request:318) from logger `RFC.session_aiohttp`
[INFO] session requesting PapersCoolPaperPage(venue_EMNLP.2021).PapersCoolPaperKimiSection(venue_EMNLP.2021_=2021.findings-emnlp.62@ACL)

2024-04-04 00:11:58,093 <requestor-worker-9:4140868, MainThread:140046854821696> (requestor.py:_fetch_single_async:199 -> session.py:request:318) from logger `RFC.session_aiohttp`
[INFO] session requesting PapersCoolPaperPage(venue_CVPR.2021).PapersCoolPaperKimiSection(venue_CVPR.2021_=Siyao_Deep_Animation_Video_Interpolation_in_the_Wild@CVPR2021@CVF)

2024-04-04 00:11:58,358 <requestor-worker-9:4140868, MainThread:140046854821696> (requestor.py:_fetch_single_async:199 -> session.py:request:318) from logger `RFC.session_aiohttp`
[INFO] session requesting PapersCoolPaperPage(venue_ACL.2015).PapersCoolPaperKimiSection(venue_ACL.2015_=P15-1030@ACL)

2024-04-04 00:11:58,360 <requestor-worker-9:4140868, MainThread:140046854821696> (requestor.py:_fetch_single_async:199 -> session.py:request:318) from logger `RFC.session_aiohttp`
[INFO] session requesting PapersCoolPaperPage(venue_NeurIPS.2022).PapersCoolPaperKimiSection(venue_NeurIPS.2022_=g-I_qqceH2n@OpenReview)

2024-04-04 00:11:58,362 <requestor-worker-9:4140868, MainThread:140046854821696> (requestor.py:_fetch_single_async:199 -> session.py:request:318) from logger `RFC.session_aiohttp`
[INFO] session requesting PapersCoolPaperPage(venue_EMNLP.2020).PapersCoolPaperKimiSection(venue_EMNLP.2020_=2020.findings-emnlp.90@ACL)

2024-04-04 00:11:58,364 <requestor-worker-9:4140868, MainThread:140046854821696> (requestor.py:_fetch_single_async:199 -> session.py:request:318) from logger `RFC.session_aiohttp`
[INFO] session requesting PapersCoolPaperPage(venue_ACL.2019).PapersCoolPaperKimiSection(venue_ACL.2019_=P19-1422@ACL)

2024-04-04 00:11:58,366 <requestor-worker-9:4140868, MainThread:140046854821696> (requestor.py:_fetch_single_async:199 -> session.py:request:318) from logger `RFC.session_aiohttp`
[INFO] session requesting PapersCoolPaperPage(venue_ACL.2013).PapersCoolPaperKimiSection(venue_ACL.2013_=P13-1046@ACL)

2024-04-04 00:11:58,416 <requestor-worker-9:4140868, MainThread:140046854821696> (requestor.py:_fetch_single_async:199 -> session.py:request:318) from logger `RFC.session_aiohttp`
[INFO] session requesting PapersCoolPaperPage(venue_INTERSPEECH.2022).PapersCoolPaperKimiSection(venue_INTERSPEECH.2022_=tian22e@interspeech_2022@ISCA)

2024-04-04 00:11:58,418 <requestor-worker-9:4140868, MainThread:140046854821696> (requestor.py:_fetch_single_async:199 -> session.py:request:318) from logger `RFC.session_aiohttp`
[INFO] session requesting PapersCoolPaperPage(venue_ACL.2013).PapersCoolPaperKimiSection(venue_ACL.2013_=P13-1051@ACL)

2024-04-04 00:11:58,419 <requestor-worker-9:4140868, MainThread:140046854821696> (requestor.py:_fetch_single_async:199 -> session.py:request:318) from logger `RFC.session_aiohttp`
[INFO] session requesting PapersCoolPaperPage(venue_ICCV.2021).PapersCoolPaperKimiSection(venue_ICCV.2021_=Yuan_Large-Scale_Robust_Deep_AUC_Maximization_A_New_Surrogate_Loss_and@ICCV2021@CVF)

2024-04-04 00:11:58,421 <requestor-worker-9:4140868, MainThread:140046854821696> (requestor.py:_fetch_single_async:199 -> session.py:request:318) from logger `RFC.session_aiohttp`
[INFO] session requesting PapersCoolPaperPage(venue_ICCV.2023).PapersCoolPaperKimiSection(venue_ICCV.2023_=Zhu_Coarse-to-Fine_Learning_Compact_Discriminative_Representation_for_Single-Stage_Image_Retrieval@ICCV2023@CVF)

2024-04-04 00:11:58,422 <requestor-worker-9:4140868, MainThread:140046854821696> (requestor.py:_fetch_single_async:199 -> session.py:request:318) from logger `RFC.session_aiohttp`
[INFO] session requesting PapersCoolPaperPage(venue_NeurIPS.2021).PapersCoolPaperKimiSection(venue_NeurIPS.2021_=pmWeMLm411_@OpenReview)

2024-04-04 00:11:58,424 <requestor-worker-9:4140868, MainThread:140046854821696> (requestor.py:_fetch_single_async:199 -> session.py:request:318) from logger `RFC.session_aiohttp`
[INFO] session requesting PapersCoolPaperPage(venue_ACL.2020).PapersCoolPaperKimiSection(venue_ACL.2020_=2020.acl-main.547@ACL)

2024-04-04 00:11:58,425 <requestor-worker-9:4140868, MainThread:140046854821696> (requestor.py:_fetch_single_async:199 -> session.py:request:318) from logger `RFC.session_aiohttp`
[INFO] session requesting PapersCoolPaperPage(venue_ACL.2021).PapersCoolPaperKimiSection(venue_ACL.2021_=2021.findings-acl.129@ACL)

2024-04-04 00:11:58,605 <requestor-worker-9:4140868, MainThread:140046854821696> (requestor.py:_fetch_single_async:199 -> session.py:request:318) from logger `RFC.session_aiohttp`
[INFO] session requesting PapersCoolPaperPage(venue_ACL.2022).PapersCoolPaperKimiSection(venue_ACL.2022_=2022.findings-acl.51@ACL)

2024-04-04 00:11:58,607 <requestor-worker-9:4140868, MainThread:140046854821696> (requestor.py:_fetch_single_async:199 -> session.py:request:318) from logger `RFC.session_aiohttp`
[INFO] session requesting PapersCoolPaperPage(venue_NeurIPS.2022).PapersCoolPaperKimiSection(venue_NeurIPS.2022_=rNgg03fXnRY@OpenReview)

2024-04-04 00:11:58,608 <requestor-worker-9:4140868, MainThread:140046854821696> (requestor.py:_fetch_single_async:199 -> session.py:request:318) from logger `RFC.session_aiohttp`
[INFO] session requesting PapersCoolPaperPage(venue_EMNLP.2023).PapersCoolPaperKimiSection(venue_EMNLP.2023_=2023.findings-emnlp.728@ACL)

2024-04-04 00:11:58,610 <requestor-worker-9:4140868, MainThread:140046854821696> (requestor.py:_fetch_single_async:199 -> session.py:request:318) from logger `RFC.session_aiohttp`
[INFO] session requesting PapersCoolPaperPage(venue_EMNLP.2022).PapersCoolPaperKimiSection(venue_EMNLP.2022_=2022.findings-emnlp.201@ACL)

2024-04-04 00:11:58,611 <requestor-worker-9:4140868, MainThread:140046854821696> (requestor.py:_fetch_single_async:199 -> session.py:request:318) from logger `RFC.session_aiohttp`
[INFO] session requesting PapersCoolPaperPage(venue_ICCV.2019).PapersCoolPaperKimiSection(venue_ICCV.2019_=Azimi_SkyScapes__Fine-Grained_Semantic_Understanding_of_Aerial_Scenes@ICCV2019@CVF)

2024-04-04 00:11:58,626 <requestor-worker-9:4140868, MainThread:140046854821696> (requestor.py:_fetch_single_async:199 -> session.py:request:318) from logger `RFC.session_aiohttp`
[INFO] session requesting PapersCoolPaperPage(venue_ICCV.2021).PapersCoolPaperKimiSection(venue_ICCV.2021_=Bao_Evidential_Deep_Learning_for_Open_Set_Action_Recognition@ICCV2021@CVF)

2024-04-04 00:11:58,628 <requestor-worker-9:4140868, MainThread:140046854821696> (requestor.py:_fetch_single_async:199 -> session.py:request:318) from logger `RFC.session_aiohttp`
[INFO] session requesting PapersCoolPaperPage(venue_CVPR.2023).PapersCoolPaperKimiSection(venue_CVPR.2023_=Park_BiFormer_Learning_Bilateral_Motion_Estimation_via_Bilateral_Transformer_for_4K@CVPR2023@CVF)

2024-04-04 00:11:58,630 <requestor-worker-9:4140868, MainThread:140046854821696> (requestor.py:_fetch_single_async:199 -> session.py:request:318) from logger `RFC.session_aiohttp`
[INFO] session requesting PapersCoolPaperPage(venue_NeurIPS.2023).PapersCoolPaperKimiSection(venue_NeurIPS.2023_=W23ZTdsabj@OpenReview)

2024-04-04 00:11:58,632 <requestor-worker-9:4140868, MainThread:140046854821696> (requestor.py:_fetch_single_async:199 -> session.py:request:318) from logger `RFC.session_aiohttp`
[INFO] session requesting PapersCoolPaperPage(venue_ACL.2019).PapersCoolPaperKimiSection(venue_ACL.2019_=P19-1430@ACL)

2024-04-04 00:11:58,634 <requestor-worker-9:4140868, MainThread:140046854821696> (requestor.py:_fetch_single_async:199 -> session.py:request:318) from logger `RFC.session_aiohttp`
[INFO] session requesting PapersCoolPaperPage(venue_EMNLP.2018).PapersCoolPaperKimiSection(venue_EMNLP.2018_=D18-1258@ACL)

2024-04-04 00:11:58,636 <requestor-worker-9:4140868, MainThread:140046854821696> (requestor.py:_fetch_single_async:199 -> session.py:request:318) from logger `RFC.session_aiohttp`
[INFO] session requesting PapersCoolPaperPage(venue_CVPR.2021).PapersCoolPaperKimiSection(venue_CVPR.2021_=Chen_Wasserstein_Contrastive_Representation_Distillation@CVPR2021@CVF)

2024-04-04 00:11:58,638 <requestor-worker-9:4140868, MainThread:140046854821696> (requestor.py:_fetch_single_async:199 -> session.py:request:318) from logger `RFC.session_aiohttp`
[INFO] session requesting PapersCoolPaperPage(venue_NeurIPS.2021).PapersCoolPaperKimiSection(venue_NeurIPS.2021_=tCB-SCt5wWG@OpenReview)

2024-04-04 00:11:58,862 <requestor-worker-9:4140868, MainThread:140046854821696> (requestor.py:_fetch_single_async:199 -> session.py:request:318) from logger `RFC.session_aiohttp`
[INFO] session requesting PapersCoolPaperPage(venue_NeurIPS.2021).PapersCoolPaperKimiSection(venue_NeurIPS.2021_=giEMdtueyZn@OpenReview)

2024-04-04 00:11:58,864 <requestor-worker-9:4140868, MainThread:140046854821696> (requestor.py:_fetch_single_async:199 -> session.py:request:318) from logger `RFC.session_aiohttp`
[INFO] session requesting PapersCoolPaperPage(venue_ACL.2015).PapersCoolPaperKimiSection(venue_ACL.2015_=P15-1045@ACL)

2024-04-04 00:11:58,866 <requestor-worker-9:4140868, MainThread:140046854821696> (requestor.py:_fetch_single_async:199 -> session.py:request:318) from logger `RFC.session_aiohttp`
[INFO] session requesting PapersCoolPaperPage(venue_ACL.2021).PapersCoolPaperKimiSection(venue_ACL.2021_=2021.findings-acl.138@ACL)

2024-04-04 00:11:58,867 <requestor-worker-9:4140868, MainThread:140046854821696> (requestor.py:_fetch_single_async:199 -> session.py:request:318) from logger `RFC.session_aiohttp`
[INFO] session requesting PapersCoolPaperPage(venue_ACL.2019).PapersCoolPaperKimiSection(venue_ACL.2019_=P19-1438@ACL)

2024-04-04 00:11:58,869 <requestor-worker-9:4140868, MainThread:140046854821696> (requestor.py:_fetch_single_async:199 -> session.py:request:318) from logger `RFC.session_aiohttp`
[INFO] session requesting PapersCoolPaperPage(venue_CVPR.2023).PapersCoolPaperKimiSection(venue_CVPR.2023_=Rao_TranSG_Transformer-Based_Skeleton_Graph_Prototype_Contrastive_Learning_With_Structure-Trajectory_Prompted@CVPR2023@CVF)

2024-04-04 00:11:58,871 <requestor-worker-9:4140868, MainThread:140046854821696> (requestor.py:_fetch_single_async:199 -> session.py:request:318) from logger `RFC.session_aiohttp`
[INFO] session requesting PapersCoolPaperPage(venue_INTERSPEECH.2022).PapersCoolPaperKimiSection(venue_INTERSPEECH.2022_=zeng22b@interspeech_2022@ISCA)

2024-04-04 00:11:58,872 <requestor-worker-9:4140868, MainThread:140046854821696> (requestor.py:_fetch_single_async:199 -> session.py:request:318) from logger `RFC.session_aiohttp`
[INFO] session requesting PapersCoolPaperPage(venue_ACL.2018).PapersCoolPaperKimiSection(venue_ACL.2018_=P18-1121@ACL)

2024-04-04 00:11:58,874 <requestor-worker-9:4140868, MainThread:140046854821696> (requestor.py:_fetch_single_async:199 -> session.py:request:318) from logger `RFC.session_aiohttp`
[INFO] session requesting PapersCoolPaperPage(venue_EMNLP.2021).PapersCoolPaperKimiSection(venue_EMNLP.2021_=2021.findings-emnlp.82@ACL)

2024-04-04 00:11:58,875 <requestor-worker-9:4140868, MainThread:140046854821696> (requestor.py:_fetch_single_async:199 -> session.py:request:318) from logger `RFC.session_aiohttp`
[INFO] session requesting PapersCoolPaperPage(venue_ACL.2016).PapersCoolPaperKimiSection(venue_ACL.2016_=P16-1058@ACL)

2024-04-04 00:11:58,877 <requestor-worker-9:4140868, MainThread:140046854821696> (requestor.py:_fetch_single_async:199 -> session.py:request:318) from logger `RFC.session_aiohttp`
[INFO] session requesting PapersCoolPaperPage(venue_ACL.2019).PapersCoolPaperKimiSection(venue_ACL.2019_=P19-1439@ACL)

2024-04-04 00:11:58,879 <requestor-worker-9:4140868, MainThread:140046854821696> (requestor.py:_fetch_single_async:199 -> session.py:request:318) from logger `RFC.session_aiohttp`
[INFO] session requesting PapersCoolPaperPage(venue_NeurIPS.2021).PapersCoolPaperKimiSection(venue_NeurIPS.2021_=xj2sE--Q90e@OpenReview)

2024-04-04 00:11:59,207 <requestor-worker-9:4140868, MainThread:140046854821696> (requestor.py:_fetch_single_async:199 -> session.py:request:318) from logger `RFC.session_aiohttp`
[INFO] session requesting PapersCoolPaperPage(venue_ACL.2017).PapersCoolPaperKimiSection(venue_ACL.2017_=P17-1006@ACL)

2024-04-04 00:11:59,209 <requestor-worker-9:4140868, MainThread:140046854821696> (requestor.py:_fetch_single_async:199 -> session.py:request:318) from logger `RFC.session_aiohttp`
[INFO] session requesting PapersCoolPaperPage(venue_ICCV.2023).PapersCoolPaperKimiSection(venue_ICCV.2023_=Prokudin_Dynamic_Point_Fields@ICCV2023@CVF)

2024-04-04 00:11:59,211 <requestor-worker-9:4140868, MainThread:140046854821696> (requestor.py:_fetch_single_async:199 -> session.py:request:318) from logger `RFC.session_aiohttp`
[INFO] session requesting PapersCoolPaperPage(venue_INTERSPEECH.2022).PapersCoolPaperKimiSection(venue_INTERSPEECH.2022_=hard22@interspeech_2022@ISCA)

2024-04-04 00:11:59,212 <requestor-worker-9:4140868, MainThread:140046854821696> (requestor.py:_fetch_single_async:199 -> session.py:request:318) from logger `RFC.session_aiohttp`
[INFO] session requesting PapersCoolPaperPage(venue_ICML.2021).PapersCoolPaperKimiSection(venue_ICML.2021_=choi21a@v139@PMLR)

2024-04-04 00:11:59,214 <requestor-worker-9:4140868, MainThread:140046854821696> (requestor.py:_fetch_single_async:199 -> session.py:request:318) from logger `RFC.session_aiohttp`
[INFO] session requesting PapersCoolPaperPage(venue_NeurIPS.2021).PapersCoolPaperKimiSection(venue_NeurIPS.2021_=FTdrVlWfvsz@OpenReview)

2024-04-04 00:11:59,215 <requestor-worker-9:4140868, MainThread:140046854821696> (requestor.py:_fetch_single_async:199 -> session.py:request:318) from logger `RFC.session_aiohttp`
[INFO] session requesting PapersCoolPaperPage(venue_CVPR.2023).PapersCoolPaperKimiSection(venue_CVPR.2023_=Yan_A_Unified_HDR_Imaging_Method_With_Pixel_and_Patch_Level@CVPR2023@CVF)

2024-04-04 00:11:59,217 <requestor-worker-9:4140868, MainThread:140046854821696> (requestor.py:_fetch_single_async:199 -> session.py:request:318) from logger `RFC.session_aiohttp`
[INFO] session requesting PapersCoolPaperPage(venue_EMNLP.2022).PapersCoolPaperKimiSection(venue_EMNLP.2022_=2022.findings-emnlp.220@ACL)

2024-04-04 00:11:59,218 <requestor-worker-9:4140868, MainThread:140046854821696> (requestor.py:_fetch_single_async:199 -> session.py:request:318) from logger `RFC.session_aiohttp`
[INFO] session requesting PapersCoolPaperPage(venue_CVPR.2023).PapersCoolPaperKimiSection(venue_CVPR.2023_=De_Luigi_DrapeNet_Garment_Generation_and_Self-Supervised_Draping@CVPR2023@CVF)

2024-04-04 00:11:59,220 <requestor-worker-9:4140868, MainThread:140046854821696> (requestor.py:_fetch_single_async:199 -> session.py:request:318) from logger `RFC.session_aiohttp`
[INFO] session requesting PapersCoolPaperPage(venue_NeurIPS.2022).PapersCoolPaperKimiSection(venue_NeurIPS.2022_=2OdAggzzF3z@OpenReview)

2024-04-04 00:11:59,221 <requestor-worker-9:4140868, MainThread:140046854821696> (requestor.py:_fetch_single_async:199 -> session.py:request:318) from logger `RFC.session_aiohttp`
[INFO] session requesting PapersCoolPaperPage(venue_ACL.2022).PapersCoolPaperKimiSection(venue_ACL.2022_=2022.findings-acl.67@ACL)

2024-04-04 00:11:59,223 <requestor-worker-9:4140868, MainThread:140046854821696> (requestor.py:_fetch_single_async:199 -> session.py:request:318) from logger `RFC.session_aiohttp`
[INFO] session requesting PapersCoolPaperPage(venue_INTERSPEECH.2022).PapersCoolPaperKimiSection(venue_INTERSPEECH.2022_=ahn22@interspeech_2022@ISCA)

2024-04-04 00:11:59,225 <requestor-worker-9:4140868, MainThread:140046854821696> (requestor.py:_fetch_single_async:199 -> session.py:request:318) from logger `RFC.session_aiohttp`
[INFO] session requesting PapersCoolPaperPage(venue_ACL.2018).PapersCoolPaperKimiSection(venue_ACL.2018_=P18-1132@ACL)

2024-04-04 00:11:59,226 <requestor-worker-9:4140868, MainThread:140046854821696> (requestor.py:_fetch_single_async:199 -> session.py:request:318) from logger `RFC.session_aiohttp`
[INFO] session requesting PapersCoolPaperPage(venue_ICML.2022).PapersCoolPaperKimiSection(venue_ICML.2022_=liu22b@v162@PMLR)

2024-04-04 00:11:59,345 <requestor-worker-9:4140868, MainThread:140046854821696> (requestor.py:_fetch_single_async:199 -> session.py:request:318) from logger `RFC.session_aiohttp`
[INFO] session requesting PapersCoolPaperPage(venue_ACL.2017).PapersCoolPaperKimiSection(venue_ACL.2017_=P17-1012@ACL)

2024-04-04 00:11:59,503 <requestor-worker-9:4140868, MainThread:140046854821696> (requestor.py:_fetch_single_async:199 -> session.py:request:318) from logger `RFC.session_aiohttp`
[INFO] session requesting PapersCoolPaperPage(venue_EMNLP.2020).PapersCoolPaperKimiSection(venue_EMNLP.2020_=2020.findings-emnlp.119@ACL)

2024-04-04 00:11:59,578 <requestor-worker-9:4140868, MainThread:140046854821696> (requestor.py:_fetch_single_async:199 -> session.py:request:318) from logger `RFC.session_aiohttp`
[INFO] session requesting PapersCoolPaperPage(venue_ICML.2022).PapersCoolPaperKimiSection(venue_ICML.2022_=yao22c@v162@PMLR)

2024-04-04 00:11:59,581 <requestor-worker-9:4140868, MainThread:140046854821696> (requestor.py:_fetch_single_async:199 -> session.py:request:318) from logger `RFC.session_aiohttp`
[INFO] session requesting PapersCoolPaperPage(venue_ACL.2021).PapersCoolPaperKimiSection(venue_ACL.2021_=2021.findings-acl.155@ACL)

2024-04-04 00:11:59,582 <requestor-worker-9:4140868, MainThread:140046854821696> (requestor.py:_fetch_single_async:199 -> session.py:request:318) from logger `RFC.session_aiohttp`
[INFO] session requesting PapersCoolPaperPage(venue_CVPR.2021).PapersCoolPaperKimiSection(venue_CVPR.2021_=Li_Model-Contrastive_Federated_Learning@CVPR2021@CVF)

2024-04-04 00:11:59,584 <requestor-worker-9:4140868, MainThread:140046854821696> (requestor.py:_fetch_single_async:199 -> session.py:request:318) from logger `RFC.session_aiohttp`
[INFO] session requesting PapersCoolPaperPage(venue_ICCV.2021).PapersCoolPaperKimiSection(venue_ICCV.2021_=Ji_MonoIndoor_Towards_Good_Practice_of_Self-Supervised_Monocular_Depth_Estimation_for@ICCV2021@CVF)

2024-04-04 00:11:59,586 <requestor-worker-9:4140868, MainThread:140046854821696> (requestor.py:_fetch_single_async:199 -> session.py:request:318) from logger `RFC.session_aiohttp`
[INFO] session requesting PapersCoolPaperPage(venue_NeurIPS.2023).PapersCoolPaperKimiSection(venue_NeurIPS.2023_=GDYuzX0rwj@OpenReview)

2024-04-04 00:11:59,588 <requestor-worker-9:4140868, MainThread:140046854821696> (requestor.py:_fetch_single_async:199 -> session.py:request:318) from logger `RFC.session_aiohttp`
[INFO] session requesting PapersCoolPaperPage(venue_ICML.2021).PapersCoolPaperKimiSection(venue_ICML.2021_=min21c@v139@PMLR)

2024-04-04 00:11:59,590 <requestor-worker-9:4140868, MainThread:140046854821696> (requestor.py:_fetch_single_async:199 -> session.py:request:318) from logger `RFC.session_aiohttp`
[INFO] session requesting PapersCoolPaperPage(venue_ACL.2013).PapersCoolPaperKimiSection(venue_ACL.2013_=P13-1077@ACL)

2024-04-04 00:11:59,592 <requestor-worker-9:4140868, MainThread:140046854821696> (requestor.py:_fetch_single_async:199 -> session.py:request:318) from logger `RFC.session_aiohttp`
[INFO] session requesting PapersCoolPaperPage(venue_EMNLP.2021).PapersCoolPaperKimiSection(venue_EMNLP.2021_=2021.findings-emnlp.97@ACL)

2024-04-04 00:11:59,594 <requestor-worker-9:4140868, MainThread:140046854821696> (requestor.py:_fetch_single_async:199 -> session.py:request:318) from logger `RFC.session_aiohttp`
[INFO] session requesting PapersCoolPaperPage(venue_NeurIPS.2022).PapersCoolPaperKimiSection(venue_NeurIPS.2022_=OptX3Db1P4@OpenReview)

2024-04-04 00:12:00,088 <requestor-worker-9:4140868, MainThread:140046854821696> (requestor.py:_fetch_single_async:199 -> session.py:request:318) from logger `RFC.session_aiohttp`
[INFO] session requesting PapersCoolPaperPage(venue_ICCV.2023).PapersCoolPaperKimiSection(venue_ICCV.2023_=Kaneko_MIMO-NeRF_Fast_Neural_Rendering_with_Multi-input_Multi-output_Neural_Radiance_Fields@ICCV2023@CVF)

2024-04-04 00:12:00,090 <requestor-worker-9:4140868, MainThread:140046854821696> (requestor.py:_fetch_single_async:199 -> session.py:request:318) from logger `RFC.session_aiohttp`
[INFO] session requesting PapersCoolPaperPage(venue_ACL.2016).PapersCoolPaperKimiSection(venue_ACL.2016_=P16-1077@ACL)

2024-04-04 00:12:00,092 <requestor-worker-9:4140868, MainThread:140046854821696> (requestor.py:_fetch_single_async:199 -> session.py:request:318) from logger `RFC.session_aiohttp`
[INFO] session requesting PapersCoolPaperPage(venue_NeurIPS.2021).PapersCoolPaperKimiSection(venue_NeurIPS.2021_=SAPEODcpNvf@OpenReview)

2024-04-04 00:12:00,093 <requestor-worker-9:4140868, MainThread:140046854821696> (requestor.py:_fetch_single_async:199 -> session.py:request:318) from logger `RFC.session_aiohttp`
[INFO] session requesting PapersCoolPaperPage(venue_ACL.2019).PapersCoolPaperKimiSection(venue_ACL.2019_=P19-1457@ACL)

2024-04-04 00:12:00,095 <requestor-worker-9:4140868, MainThread:140046854821696> (requestor.py:_fetch_single_async:199 -> session.py:request:318) from logger `RFC.session_aiohttp`
[INFO] session requesting PapersCoolPaperPage(venue_ACL.2015).PapersCoolPaperKimiSection(venue_ACL.2015_=P15-1065@ACL)

2024-04-04 00:12:00,097 <requestor-worker-9:4140868, MainThread:140046854821696> (requestor.py:_fetch_single_async:199 -> session.py:request:318) from logger `RFC.session_aiohttp`
[INFO] session requesting PapersCoolPaperPage(venue_EMNLP.2019).PapersCoolPaperKimiSection(venue_EMNLP.2019_=D19-1401@ACL)

2024-04-04 00:12:00,099 <requestor-worker-9:4140868, MainThread:140046854821696> (requestor.py:_fetch_single_async:199 -> session.py:request:318) from logger `RFC.session_aiohttp`
[INFO] session requesting PapersCoolPaperPage(venue_ACL.2021).PapersCoolPaperKimiSection(venue_ACL.2021_=2021.findings-acl.159@ACL)

2024-04-04 00:12:00,100 <requestor-worker-9:4140868, MainThread:140046854821696> (requestor.py:_fetch_single_async:199 -> session.py:request:318) from logger `RFC.session_aiohttp`
[INFO] session requesting PapersCoolPaperPage(venue_CVPR.2021).PapersCoolPaperKimiSection(venue_CVPR.2021_=Yang_CT-Net_Complementary_Transfering_Network_for_Garment_Transfer_With_Arbitrary_Geometric@CVPR2021@CVF)

2024-04-04 00:12:00,106 <requestor-worker-9:4140868, MainThread:140046854821696> (requestor.py:_fetch_single_async:199 -> session.py:request:318) from logger `RFC.session_aiohttp`
[INFO] session requesting PapersCoolPaperPage(venue_ACL.2022).PapersCoolPaperKimiSection(venue_ACL.2022_=2022.findings-acl.76@ACL)

2024-04-04 00:12:00,108 <requestor-worker-9:4140868, MainThread:140046854821696> (requestor.py:_fetch_single_async:199 -> session.py:request:318) from logger `RFC.session_aiohttp`
[INFO] session requesting PapersCoolPaperPage(venue_ICML.2022).PapersCoolPaperKimiSection(venue_ICML.2022_=werenski22a@v162@PMLR)

2024-04-04 00:12:00,110 <requestor-worker-9:4140868, MainThread:140046854821696> (requestor.py:_fetch_single_async:199 -> session.py:request:318) from logger `RFC.session_aiohttp`
[INFO] session requesting PapersCoolPaperPage(venue_CVPR.2023).PapersCoolPaperKimiSection(venue_CVPR.2023_=Yang_TopDiG_Class-Agnostic_Topological_Directional_Graph_Extraction_From_Remote_Sensing_Images@CVPR2023@CVF)

2024-04-04 00:12:00,112 <requestor-worker-9:4140868, MainThread:140046854821696> (requestor.py:_fetch_single_async:199 -> session.py:request:318) from logger `RFC.session_aiohttp`
[INFO] session requesting PapersCoolPaperPage(venue_EMNLP.2022).PapersCoolPaperKimiSection(venue_EMNLP.2022_=2022.findings-emnlp.230@ACL)

2024-04-04 00:12:00,113 <requestor-worker-9:4140868, MainThread:140046854821696> (requestor.py:_fetch_single_async:199 -> session.py:request:318) from logger `RFC.session_aiohttp`
[INFO] session requesting PapersCoolPaperPage(venue_ACL.2018).PapersCoolPaperKimiSection(venue_ACL.2018_=P18-1142@ACL)

2024-04-04 00:12:00,115 <requestor-worker-9:4140868, MainThread:140046854821696> (requestor.py:_fetch_single_async:199 -> session.py:request:318) from logger `RFC.session_aiohttp`
[INFO] session requesting PapersCoolPaperPage(venue_ICCV.2019).PapersCoolPaperKimiSection(venue_ICCV.2019_=Park_Pix2Pose_Pixel-Wise_Coordinate_Regression_of_Objects_for_6D_Pose_Estimation@ICCV2019@CVF)

2024-04-04 00:12:00,229 <requestor-worker-9:4140868, MainThread:140046854821696> (requestor.py:_fetch_single_async:199 -> session.py:request:318) from logger `RFC.session_aiohttp`
[INFO] session requesting PapersCoolPaperPage(venue_EMNLP.2020).PapersCoolPaperKimiSection(venue_EMNLP.2020_=2020.findings-emnlp.129@ACL)

2024-04-04 00:12:00,231 <requestor-worker-9:4140868, MainThread:140046854821696> (requestor.py:_fetch_single_async:199 -> session.py:request:318) from logger `RFC.session_aiohttp`
[INFO] session requesting PapersCoolPaperPage(venue_EMNLP.2018).PapersCoolPaperKimiSection(venue_EMNLP.2018_=D18-1288@ACL)

2024-04-04 00:12:00,232 <requestor-worker-9:4140868, MainThread:140046854821696> (requestor.py:_fetch_single_async:199 -> session.py:request:318) from logger `RFC.session_aiohttp`
[INFO] session requesting PapersCoolPaperPage(venue_ACL.2020).PapersCoolPaperKimiSection(venue_ACL.2020_=2020.acl-main.571@ACL)

2024-04-04 00:12:00,234 <requestor-worker-9:4140868, MainThread:140046854821696> (requestor.py:_fetch_single_async:199 -> session.py:request:318) from logger `RFC.session_aiohttp`
[INFO] session requesting PapersCoolPaperPage(venue_ACL.2022).PapersCoolPaperKimiSection(venue_ACL.2022_=2022.findings-acl.79@ACL)

2024-04-04 00:12:00,235 <requestor-worker-9:4140868, MainThread:140046854821696> (requestor.py:_fetch_single_async:199 -> session.py:request:318) from logger `RFC.session_aiohttp`
[INFO] session requesting PapersCoolPaperPage(venue_ICML.2022).PapersCoolPaperKimiSection(venue_ICML.2022_=bietti22a@v162@PMLR)

2024-04-04 00:12:00,237 <requestor-worker-9:4140868, MainThread:140046854821696> (requestor.py:_fetch_single_async:199 -> session.py:request:318) from logger `RFC.session_aiohttp`
[INFO] session requesting PapersCoolPaperPage(venue_EMNLP.2020).PapersCoolPaperKimiSection(venue_EMNLP.2020_=2020.findings-emnlp.130@ACL)

2024-04-04 00:12:00,238 <requestor-worker-9:4140868, MainThread:140046854821696> (requestor.py:_fetch_single_async:199 -> session.py:request:318) from logger `RFC.session_aiohttp`
[INFO] session requesting PapersCoolPaperPage(venue_ACL.2015).PapersCoolPaperKimiSection(venue_ACL.2015_=P15-1070@ACL)

2024-04-04 00:12:00,240 <requestor-worker-9:4140868, MainThread:140046854821696> (requestor.py:_fetch_single_async:199 -> session.py:request:318) from logger `RFC.session_aiohttp`
[INFO] session requesting PapersCoolPaperPage(venue_ACL.2021).PapersCoolPaperKimiSection(venue_ACL.2021_=2021.findings-acl.165@ACL)

2024-04-04 00:12:00,241 <requestor-worker-9:4140868, MainThread:140046854821696> (requestor.py:_fetch_single_async:199 -> session.py:request:318) from logger `RFC.session_aiohttp`
[INFO] session requesting PapersCoolPaperPage(venue_ICCV.2023).PapersCoolPaperKimiSection(venue_ICCV.2023_=Jeong_The_Power_of_Sound_TPoS_Audio_Reactive_Video_Generation_with@ICCV2023@CVF)

2024-04-04 00:12:00,243 <requestor-worker-9:4140868, MainThread:140046854821696> (requestor.py:_fetch_single_async:199 -> session.py:request:318) from logger `RFC.session_aiohttp`
[INFO] session requesting PapersCoolPaperPage(venue_ICCV.2021).PapersCoolPaperKimiSection(venue_ICCV.2021_=Tian_Divide_and_Contrast_Self-Supervised_Learning_From_Uncurated_Data@ICCV2021@CVF)

2024-04-04 00:12:00,319 <requestor-worker-9:4140868, MainThread:140046854821696> (requestor.py:_fetch_single_async:199 -> session.py:request:318) from logger `RFC.session_aiohttp`
[INFO] session requesting PapersCoolPaperPage(venue_ACL.2018).PapersCoolPaperKimiSection(venue_ACL.2018_=P18-1150@ACL)

2024-04-04 00:12:00,321 <requestor-worker-9:4140868, MainThread:140046854821696> (requestor.py:_fetch_single_async:199 -> session.py:request:318) from logger `RFC.session_aiohttp`
[INFO] session requesting PapersCoolPaperPage(venue_ACL.2017).PapersCoolPaperKimiSection(venue_ACL.2017_=P17-1026@ACL)

2024-04-04 00:12:00,323 <requestor-worker-9:4140868, MainThread:140046854821696> (requestor.py:_fetch_single_async:199 -> session.py:request:318) from logger `RFC.session_aiohttp`
[INFO] session requesting PapersCoolPaperPage(venue_EMNLP.2022).PapersCoolPaperKimiSection(venue_EMNLP.2022_=2022.findings-emnlp.238@ACL)

2024-04-04 00:12:00,324 <requestor-worker-9:4140868, MainThread:140046854821696> (requestor.py:_fetch_single_async:199 -> session.py:request:318) from logger `RFC.session_aiohttp`
[INFO] session requesting PapersCoolPaperPage(venue_EMNLP.2023).PapersCoolPaperKimiSection(venue_EMNLP.2023_=2023.findings-emnlp.762@ACL)

2024-04-04 00:12:00,326 <requestor-worker-9:4140868, MainThread:140046854821696> (requestor.py:_fetch_single_async:199 -> session.py:request:318) from logger `RFC.session_aiohttp`
[INFO] session requesting PapersCoolPaperPage(venue_EMNLP.2020).PapersCoolPaperKimiSection(venue_EMNLP.2020_=2020.findings-emnlp.133@ACL)

2024-04-04 00:12:00,459 <requestor-worker-9:4140868, MainThread:140046854821696> (requestor.py:_fetch_single_async:199 -> session.py:request:318) from logger `RFC.session_aiohttp`
[INFO] session requesting PapersCoolPaperPage(venue_ACL.2022).PapersCoolPaperKimiSection(venue_ACL.2022_=2022.findings-acl.82@ACL)

2024-04-04 00:12:00,481 <requestor-worker-9:4140868, MainThread:140046854821696> (requestor.py:_fetch_single_async:199 -> session.py:request:318) from logger `RFC.session_aiohttp`
[INFO] session requesting PapersCoolPaperPage(venue_CVPR.2023).PapersCoolPaperKimiSection(venue_CVPR.2023_=Gao_ULIP_Learning_a_Unified_Representation_of_Language_Images_and_Point@CVPR2023@CVF)

2024-04-04 00:12:00,483 <requestor-worker-9:4140868, MainThread:140046854821696> (requestor.py:_fetch_single_async:199 -> session.py:request:318) from logger `RFC.session_aiohttp`
[INFO] session requesting PapersCoolPaperPage(venue_ACL.2021).PapersCoolPaperKimiSection(venue_ACL.2021_=2021.findings-acl.172@ACL)

2024-04-04 00:12:00,485 <requestor-worker-9:4140868, MainThread:140046854821696> (requestor.py:_fetch_single_async:199 -> session.py:request:318) from logger `RFC.session_aiohttp`
[INFO] session requesting PapersCoolPaperPage(venue_CVPR.2022).PapersCoolPaperKimiSection(venue_CVPR.2022_=Gadre_Continuous_Scene_Representations_for_Embodied_AI@CVPR2022@CVF)

2024-04-04 00:12:00,487 <requestor-worker-9:4140868, MainThread:140046854821696> (requestor.py:_fetch_single_async:199 -> session.py:request:318) from logger `RFC.session_aiohttp`
[INFO] session requesting PapersCoolPaperPage(venue_NeurIPS.2022).PapersCoolPaperKimiSection(venue_NeurIPS.2022_=FhuM-kk8Pbk@OpenReview)

2024-04-04 00:12:00,488 <requestor-worker-9:4140868, MainThread:140046854821696> (requestor.py:_fetch_single_async:199 -> session.py:request:318) from logger `RFC.session_aiohttp`
[INFO] session requesting PapersCoolPaperPage(venue_ICML.2021).PapersCoolPaperKimiSection(venue_ICML.2021_=lange21a@v139@PMLR)

2024-04-04 00:12:00,490 <requestor-worker-9:4140868, MainThread:140046854821696> (requestor.py:_fetch_single_async:199 -> session.py:request:318) from logger `RFC.session_aiohttp`
[INFO] session requesting PapersCoolPaperPage(venue_CVPR.2021).PapersCoolPaperKimiSection(venue_CVPR.2021_=Casas_MP3_A_Unified_Model_To_Map_Perceive_Predict_and_Plan@CVPR2021@CVF)

2024-04-04 00:12:00,492 <requestor-worker-9:4140868, MainThread:140046854821696> (requestor.py:_fetch_single_async:199 -> session.py:request:318) from logger `RFC.session_aiohttp`
[INFO] session requesting PapersCoolPaperPage(venue_NeurIPS.2023).PapersCoolPaperKimiSection(venue_NeurIPS.2023_=PmqBJ02V1p@OpenReview)

2024-04-04 00:12:00,493 <requestor-worker-9:4140868, MainThread:140046854821696> (requestor.py:_fetch_single_async:199 -> session.py:request:318) from logger `RFC.session_aiohttp`
[INFO] session requesting PapersCoolPaperPage(venue_NeurIPS.2022).PapersCoolPaperKimiSection(venue_NeurIPS.2022_=dSJuEcqmEIF@OpenReview)

2024-04-04 00:12:00,675 <requestor-worker-9:4140868, MainThread:140046854821696> (requestor.py:_fetch_single_async:199 -> session.py:request:318) from logger `RFC.session_aiohttp`
[INFO] session requesting PapersCoolPaperPage(venue_ICCV.2023).PapersCoolPaperKimiSection(venue_ICCV.2023_=Yao_Inherent_Redundancy_in_Spiking_Neural_Networks@ICCV2023@CVF)

2024-04-04 00:12:00,677 <requestor-worker-9:4140868, MainThread:140046854821696> (requestor.py:_fetch_single_async:199 -> session.py:request:318) from logger `RFC.session_aiohttp`
[INFO] session requesting PapersCoolPaperPage(venue_ACL.2022).PapersCoolPaperKimiSection(venue_ACL.2022_=2022.findings-acl.88@ACL)

2024-04-04 00:12:00,678 <requestor-worker-9:4140868, MainThread:140046854821696> (requestor.py:_fetch_single_async:199 -> session.py:request:318) from logger `RFC.session_aiohttp`
[INFO] session requesting PapersCoolPaperPage(venue_ICCV.2019).PapersCoolPaperKimiSection(venue_ICCV.2019_=Zhou_GLoSH_Global-Local_Spherical_Harmonics_for_Intrinsic_Image_Decomposition@ICCV2019@CVF)

2024-04-04 00:12:00,680 <requestor-worker-9:4140868, MainThread:140046854821696> (requestor.py:_fetch_single_async:199 -> session.py:request:318) from logger `RFC.session_aiohttp`
[INFO] session requesting PapersCoolPaperPage(venue_INTERSPEECH.2022).PapersCoolPaperKimiSection(venue_INTERSPEECH.2022_=huang22j@interspeech_2022@ISCA)

2024-04-04 00:12:00,681 <requestor-worker-9:4140868, MainThread:140046854821696> (requestor.py:_fetch_single_async:199 -> session.py:request:318) from logger `RFC.session_aiohttp`
[INFO] session requesting PapersCoolPaperPage(venue_ACL.2015).PapersCoolPaperKimiSection(venue_ACL.2015_=P15-1081@ACL)

2024-04-04 00:12:00,683 <requestor-worker-9:4140868, MainThread:140046854821696> (requestor.py:_fetch_single_async:199 -> session.py:request:318) from logger `RFC.session_aiohttp`
[INFO] session requesting PapersCoolPaperPage(venue_ICML.2021).PapersCoolPaperKimiSection(venue_ICML.2021_=duan21a@v139@PMLR)

2024-04-04 00:12:00,685 <requestor-worker-9:4140868, MainThread:140046854821696> (requestor.py:_fetch_single_async:199 -> session.py:request:318) from logger `RFC.session_aiohttp`
[INFO] session requesting PapersCoolPaperPage(venue_ACL.2021).PapersCoolPaperKimiSection(venue_ACL.2021_=2021.findings-acl.176@ACL)

2024-04-04 00:12:00,686 <requestor-worker-9:4140868, MainThread:140046854821696> (requestor.py:_fetch_single_async:199 -> session.py:request:318) from logger `RFC.session_aiohttp`
[INFO] session requesting PapersCoolPaperPage(venue_ACL.2016).PapersCoolPaperKimiSection(venue_ACL.2016_=P16-1095@ACL)

2024-04-04 00:12:00,687 <requestor-worker-9:4140868, MainThread:140046854821696> (requestor.py:_fetch_single_async:199 -> session.py:request:318) from logger `RFC.session_aiohttp`
[INFO] session requesting PapersCoolPaperPage(venue_ICCV.2023).PapersCoolPaperKimiSection(venue_ICCV.2023_=Hollein_Text2Room_Extracting_Textured_3D_Meshes_from_2D_Text-to-Image_Models@ICCV2023@CVF)

2024-04-04 00:12:00,689 <requestor-worker-9:4140868, MainThread:140046854821696> (requestor.py:_fetch_single_async:199 -> session.py:request:318) from logger `RFC.session_aiohttp`
[INFO] session requesting PapersCoolPaperPage(venue_NeurIPS.2022).PapersCoolPaperKimiSection(venue_NeurIPS.2022_=kjR8GiwqCK@OpenReview)

2024-04-04 00:12:00,702 <requestor-worker-9:4140868, MainThread:140046854821696> (requestor.py:_fetch_single_async:199 -> session.py:request:318) from logger `RFC.session_aiohttp`
[INFO] session requesting PapersCoolPaperPage(venue_ACL.2015).PapersCoolPaperKimiSection(venue_ACL.2015_=P15-1084@ACL)

2024-04-04 00:12:00,705 <requestor-worker-9:4140868, MainThread:140046854821696> (requestor.py:_fetch_single_async:199 -> session.py:request:318) from logger `RFC.session_aiohttp`
[INFO] session requesting PapersCoolPaperPage(venue_EMNLP.2018).PapersCoolPaperKimiSection(venue_EMNLP.2018_=D18-1297@ACL)

2024-04-04 00:12:00,707 <requestor-worker-9:4140868, MainThread:140046854821696> (requestor.py:_fetch_single_async:199 -> session.py:request:318) from logger `RFC.session_aiohttp`
[INFO] session requesting PapersCoolPaperPage(venue_CVPR.2022).PapersCoolPaperKimiSection(venue_CVPR.2022_=Yan_Learning_Soft_Estimator_of_Keypoint_Scale_and_Orientation_With_Probabilistic@CVPR2022@CVF)

2024-04-04 00:12:00,709 <requestor-worker-9:4140868, MainThread:140046854821696> (requestor.py:_fetch_single_async:199 -> session.py:request:318) from logger `RFC.session_aiohttp`
[INFO] session requesting PapersCoolPaperPage(venue_ACL.2023).PapersCoolPaperKimiSection(venue_ACL.2023_=2023.findings-acl.682@ACL)

2024-04-04 00:12:00,712 <requestor-worker-9:4140868, MainThread:140046854821696> (requestor.py:_fetch_single_async:199 -> session.py:request:318) from logger `RFC.session_aiohttp`
[INFO] session requesting PapersCoolPaperPage(venue_NeurIPS.2022).PapersCoolPaperKimiSection(venue_NeurIPS.2022_=mzze3bubjk@OpenReview)

2024-04-04 00:12:00,828 <requestor-worker-9:4140868, MainThread:140046854821696> (requestor.py:_fetch_single_async:199 -> session.py:request:318) from logger `RFC.session_aiohttp`
[INFO] session requesting PapersCoolPaperPage(venue_ACL.2017).PapersCoolPaperKimiSection(venue_ACL.2017_=P17-1041@ACL)

2024-04-04 00:12:00,834 <requestor-worker-9:4140868, MainThread:140046854821696> (requestor.py:_fetch_single_async:199 -> session.py:request:318) from logger `RFC.session_aiohttp`
[INFO] session requesting PapersCoolPaperPage(venue_CVPR.2023).PapersCoolPaperKimiSection(venue_CVPR.2023_=Lu_LinK_Linear_Kernel_for_LiDAR-Based_3D_Perception@CVPR2023@CVF)

2024-04-04 00:12:00,835 <requestor-worker-9:4140868, MainThread:140046854821696> (requestor.py:_fetch_single_async:199 -> session.py:request:318) from logger `RFC.session_aiohttp`
[INFO] session requesting PapersCoolPaperPage(venue_EMNLP.2017).PapersCoolPaperKimiSection(venue_EMNLP.2017_=D17-1033@ACL)

2024-04-04 00:12:00,837 <requestor-worker-9:4140868, MainThread:140046854821696> (requestor.py:_fetch_single_async:199 -> session.py:request:318) from logger `RFC.session_aiohttp`
[INFO] session requesting PapersCoolPaperPage(venue_NeurIPS.2021).PapersCoolPaperKimiSection(venue_NeurIPS.2021_=3v6n7458GAq@OpenReview)

2024-04-04 00:12:00,838 <requestor-worker-9:4140868, MainThread:140046854821696> (requestor.py:_fetch_single_async:199 -> session.py:request:318) from logger `RFC.session_aiohttp`
[INFO] session requesting PapersCoolPaperPage(venue_ACL.2016).PapersCoolPaperKimiSection(venue_ACL.2016_=P16-1101@ACL)

2024-04-04 00:12:00,840 <requestor-worker-9:4140868, MainThread:140046854821696> (requestor.py:_fetch_single_async:199 -> session.py:request:318) from logger `RFC.session_aiohttp`
[INFO] session requesting PapersCoolPaperPage(venue_EMNLP.2015).PapersCoolPaperKimiSection(venue_EMNLP.2015_=D15-1008@ACL)

2024-04-04 00:12:00,841 <requestor-worker-9:4140868, MainThread:140046854821696> (requestor.py:_fetch_single_async:199 -> session.py:request:318) from logger `RFC.session_aiohttp`
[INFO] session requesting PapersCoolPaperPage(venue_ACL.2022).PapersCoolPaperKimiSection(venue_ACL.2022_=2022.findings-acl.94@ACL)

2024-04-04 00:12:00,843 <requestor-worker-9:4140868, MainThread:140046854821696> (requestor.py:_fetch_single_async:199 -> session.py:request:318) from logger `RFC.session_aiohttp`
[INFO] session requesting PapersCoolPaperPage(venue_ACL.2014).PapersCoolPaperKimiSection(venue_ACL.2014_=P14-1010@ACL)

2024-04-04 00:12:00,844 <requestor-worker-9:4140868, MainThread:140046854821696> (requestor.py:_fetch_single_async:199 -> session.py:request:318) from logger `RFC.session_aiohttp`
[INFO] session requesting PapersCoolPaperPage(venue_ACL.2019).PapersCoolPaperKimiSection(venue_ACL.2019_=P19-1480@ACL)

2024-04-04 00:12:00,947 <requestor-worker-9:4140868, MainThread:140046854821696> (requestor.py:_fetch_single_async:199 -> session.py:request:318) from logger `RFC.session_aiohttp`
[INFO] session requesting PapersCoolPaperPage(venue_EMNLP.2022).PapersCoolPaperKimiSection(venue_EMNLP.2022_=2022.findings-emnlp.255@ACL)

2024-04-04 00:12:00,950 <requestor-worker-9:4140868, MainThread:140046854821696> (requestor.py:_fetch_single_async:199 -> session.py:request:318) from logger `RFC.session_aiohttp`
[INFO] session requesting PapersCoolPaperPage(venue_ACL.2015).PapersCoolPaperKimiSection(venue_ACL.2015_=P15-1091@ACL)

2024-04-04 00:12:00,951 <requestor-worker-9:4140868, MainThread:140046854821696> (requestor.py:_fetch_single_async:199 -> session.py:request:318) from logger `RFC.session_aiohttp`
[INFO] session requesting PapersCoolPaperPage(venue_ACL.2016).PapersCoolPaperKimiSection(venue_ACL.2016_=P16-1104@ACL)

2024-04-04 00:12:01,016 <requestor-worker-9:4140868, MainThread:140046854821696> (requestor.py:_fetch_single_async:199 -> session.py:request:318) from logger `RFC.session_aiohttp`
[INFO] session requesting PapersCoolPaperPage(venue_EMNLP.2015).PapersCoolPaperKimiSection(venue_EMNLP.2015_=D15-1014@ACL)

2024-04-04 00:12:01,019 <requestor-worker-9:4140868, MainThread:140046854821696> (requestor.py:_fetch_single_async:199 -> session.py:request:318) from logger `RFC.session_aiohttp`
[INFO] session requesting PapersCoolPaperPage(venue_ICCV.2019).PapersCoolPaperKimiSection(venue_ICCV.2019_=Lu_Sampling_Wisely_Deep_Image_Embedding_by_Top-K_Precision_Optimization@ICCV2019@CVF)

2024-04-04 00:12:01,021 <requestor-worker-9:4140868, MainThread:140046854821696> (requestor.py:_fetch_single_async:199 -> session.py:request:318) from logger `RFC.session_aiohttp`
[INFO] session requesting PapersCoolPaperPage(venue_ICCV.2023).PapersCoolPaperKimiSection(venue_ICCV.2023_=Chowdhury_AdVerb_Visually_Guided_Audio_Dereverberation@ICCV2023@CVF)

2024-04-04 00:12:01,023 <requestor-worker-9:4140868, MainThread:140046854821696> (requestor.py:_fetch_single_async:199 -> session.py:request:318) from logger `RFC.session_aiohttp`
[INFO] session requesting PapersCoolPaperPage(venue_ACL.2015).PapersCoolPaperKimiSection(venue_ACL.2015_=P15-1095@ACL)

2024-04-04 00:12:01,026 <requestor-worker-9:4140868, MainThread:140046854821696> (requestor.py:_fetch_single_async:199 -> session.py:request:318) from logger `RFC.session_aiohttp`
[INFO] session requesting PapersCoolPaperPage(venue_NeurIPS.2021).PapersCoolPaperKimiSection(venue_NeurIPS.2021_=USq7LP5pnDH@OpenReview)

2024-04-04 00:12:01,028 <requestor-worker-9:4140868, MainThread:140046854821696> (requestor.py:_fetch_single_async:199 -> session.py:request:318) from logger `RFC.session_aiohttp`
[INFO] session requesting PapersCoolPaperPage(venue_NeurIPS.2023).PapersCoolPaperKimiSection(venue_NeurIPS.2023_=BTRcVP7ZJn@OpenReview)

2024-04-04 00:12:01,031 <requestor-worker-9:4140868, MainThread:140046854821696> (requestor.py:_fetch_single_async:199 -> session.py:request:318) from logger `RFC.session_aiohttp`
[INFO] session requesting PapersCoolPaperPage(venue_ACL.2021).PapersCoolPaperKimiSection(venue_ACL.2021_=2021.findings-acl.190@ACL)

2024-04-04 00:12:01,043 <requestor-worker-9:4140868, MainThread:140046854821696> (requestor.py:_fetch_single_async:199 -> session.py:request:318) from logger `RFC.session_aiohttp`
[INFO] session requesting PapersCoolPaperPage(venue_ICML.2022).PapersCoolPaperKimiSection(venue_ICML.2022_=bahadori22a@v162@PMLR)

2024-04-04 00:12:01,045 <requestor-worker-9:4140868, MainThread:140046854821696> (requestor.py:_fetch_single_async:199 -> session.py:request:318) from logger `RFC.session_aiohttp`
[INFO] session requesting PapersCoolPaperPage(venue_EMNLP.2018).PapersCoolPaperKimiSection(venue_EMNLP.2018_=D18-1310@ACL)

2024-04-04 00:12:01,047 <requestor-worker-9:4140868, MainThread:140046854821696> (requestor.py:_fetch_single_async:199 -> session.py:request:318) from logger `RFC.session_aiohttp`
[INFO] session requesting PapersCoolPaperPage(venue_ACL.2018).PapersCoolPaperKimiSection(venue_ACL.2018_=P18-1175@ACL)

2024-04-04 00:12:01,048 <requestor-worker-9:4140868, MainThread:140046854821696> (requestor.py:_fetch_single_async:199 -> session.py:request:318) from logger `RFC.session_aiohttp`
[INFO] session requesting PapersCoolPaperPage(venue_ACL.2013).PapersCoolPaperKimiSection(venue_ACL.2013_=P13-1115@ACL)

2024-04-04 00:12:01,050 <requestor-worker-9:4140868, MainThread:140046854821696> (requestor.py:_fetch_single_async:199 -> session.py:request:318) from logger `RFC.session_aiohttp`
[INFO] session requesting PapersCoolPaperPage(venue_ACL.2023).PapersCoolPaperKimiSection(venue_ACL.2023_=2023.findings-acl.695@ACL)

2024-04-04 00:12:01,144 <requestor-worker-9:4140868, MainThread:140046854821696> (requestor.py:_fetch_single_async:199 -> session.py:request:318) from logger `RFC.session_aiohttp`
[INFO] session requesting PapersCoolPaperPage(venue_ICML.2022).PapersCoolPaperKimiSection(venue_ICML.2022_=moradipari22a@v162@PMLR)

2024-04-04 00:12:01,146 <requestor-worker-9:4140868, MainThread:140046854821696> (requestor.py:_fetch_single_async:199 -> session.py:request:318) from logger `RFC.session_aiohttp`
[INFO] session requesting PapersCoolPaperPage(venue_INTERSPEECH.2022).PapersCoolPaperKimiSection(venue_INTERSPEECH.2022_=handekabil22@interspeech_2022@ISCA)

2024-04-04 00:12:01,148 <requestor-worker-9:4140868, MainThread:140046854821696> (requestor.py:_fetch_single_async:199 -> session.py:request:318) from logger `RFC.session_aiohttp`
[INFO] session requesting PapersCoolPaperPage(venue_ACL.2017).PapersCoolPaperKimiSection(venue_ACL.2017_=P17-1055@ACL)

2024-04-04 00:12:01,149 <requestor-worker-9:4140868, MainThread:140046854821696> (requestor.py:_fetch_single_async:199 -> session.py:request:318) from logger `RFC.session_aiohttp`
[INFO] session requesting PapersCoolPaperPage(venue_ACL.2022).PapersCoolPaperKimiSection(venue_ACL.2022_=2022.findings-acl.104@ACL)

2024-04-04 00:12:01,151 <requestor-worker-9:4140868, MainThread:140046854821696> (requestor.py:_fetch_single_async:199 -> session.py:request:318) from logger `RFC.session_aiohttp`
[INFO] session requesting PapersCoolPaperPage(venue_ICCV.2023).PapersCoolPaperKimiSection(venue_ICCV.2023_=Ren_Reinforced_Disentanglement_for_Face_Swapping_without_Skip_Connection@ICCV2023@CVF)

2024-04-04 00:12:01,153 <requestor-worker-9:4140868, MainThread:140046854821696> (requestor.py:_fetch_single_async:199 -> session.py:request:318) from logger `RFC.session_aiohttp`
[INFO] session requesting PapersCoolPaperPage(venue_CVPR.2021).PapersCoolPaperKimiSection(venue_CVPR.2021_=Sun_LoFTR_Detector-Free_Local_Feature_Matching_With_Transformers@CVPR2021@CVF)

2024-04-04 00:12:01,154 <requestor-worker-9:4140868, MainThread:140046854821696> (requestor.py:_fetch_single_async:199 -> session.py:request:318) from logger `RFC.session_aiohttp`
[INFO] session requesting PapersCoolPaperPage(venue_NeurIPS.2022).PapersCoolPaperKimiSection(venue_NeurIPS.2022_=tglniD_fn9@OpenReview)

2024-04-04 00:12:01,156 <requestor-worker-9:4140868, MainThread:140046854821696> (requestor.py:_fetch_single_async:199 -> session.py:request:318) from logger `RFC.session_aiohttp`
[INFO] session requesting PapersCoolPaperPage(venue_ACL.2014).PapersCoolPaperKimiSection(venue_ACL.2014_=P14-1023@ACL)

2024-04-04 00:12:01,158 <requestor-worker-9:4140868, MainThread:140046854821696> (requestor.py:_fetch_single_async:199 -> session.py:request:318) from logger `RFC.session_aiohttp`
[INFO] session requesting PapersCoolPaperPage(venue_ACL.2021).PapersCoolPaperKimiSection(venue_ACL.2021_=2021.findings-acl.197@ACL)

2024-04-04 00:12:01,188 <requestor-worker-9:4140868, MainThread:140046854821696> (requestor.py:_fetch_single_async:199 -> session.py:request:318) from logger `RFC.session_aiohttp`
[INFO] session requesting PapersCoolPaperPage(venue_EMNLP.2022).PapersCoolPaperKimiSection(venue_EMNLP.2022_=2022.findings-emnlp.267@ACL)

2024-04-04 00:12:01,190 <requestor-worker-9:4140868, MainThread:140046854821696> (requestor.py:_fetch_single_async:199 -> session.py:request:318) from logger `RFC.session_aiohttp`
[INFO] session requesting PapersCoolPaperPage(venue_NeurIPS.2022).PapersCoolPaperKimiSection(venue_NeurIPS.2022_=wmwgLEPjL9@OpenReview)

2024-04-04 00:12:01,191 <requestor-worker-9:4140868, MainThread:140046854821696> (requestor.py:_fetch_single_async:199 -> session.py:request:318) from logger `RFC.session_aiohttp`
[INFO] session requesting PapersCoolPaperPage(venue_ACL.2016).PapersCoolPaperKimiSection(venue_ACL.2016_=P16-1116@ACL)

2024-04-04 00:12:01,252 <requestor-worker-9:4140868, MainThread:140046854821696> (requestor.py:_fetch_single_async:199 -> session.py:request:318) from logger `RFC.session_aiohttp`
[INFO] session requesting PapersCoolPaperPage(venue_CVPR.2022).PapersCoolPaperKimiSection(venue_CVPR.2022_=Hui_Neural_Template_Topology-Aware_Reconstruction_and_Disentangled_Generation_of_3D_Meshes@CVPR2022@CVF)

2024-04-04 00:12:01,254 <requestor-worker-9:4140868, MainThread:140046854821696> (requestor.py:_fetch_single_async:199 -> session.py:request:318) from logger `RFC.session_aiohttp`
[INFO] session requesting PapersCoolPaperPage(venue_CVPR.2022).PapersCoolPaperKimiSection(venue_CVPR.2022_=Ramirez_Open_Challenges_in_Deep_Stereo_The_Booster_Dataset@CVPR2022@CVF)

2024-04-04 00:12:01,255 <requestor-worker-9:4140868, MainThread:140046854821696> (requestor.py:_fetch_single_async:199 -> session.py:request:318) from logger `RFC.session_aiohttp`
[INFO] session requesting PapersCoolPaperPage(venue_ACL.2021).PapersCoolPaperKimiSection(venue_ACL.2021_=2021.findings-acl.202@ACL)

2024-04-04 00:12:01,257 <requestor-worker-9:4140868, MainThread:140046854821696> (requestor.py:_fetch_single_async:199 -> session.py:request:318) from logger `RFC.session_aiohttp`
[INFO] session requesting PapersCoolPaperPage(venue_ACL.2015).PapersCoolPaperKimiSection(venue_ACL.2015_=P15-1107@ACL)

2024-04-04 00:12:01,258 <requestor-worker-9:4140868, MainThread:140046854821696> (requestor.py:_fetch_single_async:199 -> session.py:request:318) from logger `RFC.session_aiohttp`
[INFO] session requesting PapersCoolPaperPage(venue_NeurIPS.2022).PapersCoolPaperKimiSection(venue_NeurIPS.2022_=8ViFz-5Mnnv@OpenReview)

2024-04-04 00:12:01,260 <requestor-worker-9:4140868, MainThread:140046854821696> (requestor.py:_fetch_single_async:199 -> session.py:request:318) from logger `RFC.session_aiohttp`
[INFO] session requesting PapersCoolPaperPage(venue_ICCV.2019).PapersCoolPaperKimiSection(venue_ICCV.2019_=Qi_A_Novel_Unsupervised_Camera-Aware_Domain_Adaptation_Framework_for_Person_Re-Identification@ICCV2019@CVF)

2024-04-04 00:12:01,262 <requestor-worker-9:4140868, MainThread:140046854821696> (requestor.py:_fetch_single_async:199 -> session.py:request:318) from logger `RFC.session_aiohttp`
[INFO] session requesting PapersCoolPaperPage(venue_EMNLP.2019).PapersCoolPaperKimiSection(venue_EMNLP.2019_=D19-1442@ACL)

2024-04-04 00:12:01,319 <requestor-worker-9:4140868, MainThread:140046854821696> (requestor.py:_fetch_single_async:199 -> session.py:request:318) from logger `RFC.session_aiohttp`
[INFO] session requesting PapersCoolPaperPage(venue_NeurIPS.2021).PapersCoolPaperKimiSection(venue_NeurIPS.2021_=Ai73e_POVd@OpenReview)

2024-04-04 00:12:01,321 <requestor-worker-9:4140868, MainThread:140046854821696> (requestor.py:_fetch_single_async:199 -> session.py:request:318) from logger `RFC.session_aiohttp`
[INFO] session requesting PapersCoolPaperPage(venue_ICCV.2019).PapersCoolPaperKimiSection(venue_ICCV.2019_=Ramirez_Learning_Across_Tasks_and_Domains@ICCV2019@CVF)

2024-04-04 00:12:01,322 <requestor-worker-9:4140868, MainThread:140046854821696> (requestor.py:_fetch_single_async:199 -> session.py:request:318) from logger `RFC.session_aiohttp`
[INFO] session requesting PapersCoolPaperPage(venue_ACL.2021).PapersCoolPaperKimiSection(venue_ACL.2021_=2021.findings-acl.204@ACL)

2024-04-04 00:12:01,324 <requestor-worker-9:4140868, MainThread:140046854821696> (requestor.py:_fetch_single_async:199 -> session.py:request:318) from logger `RFC.session_aiohttp`
[INFO] session requesting PapersCoolPaperPage(venue_EMNLP.2019).PapersCoolPaperKimiSection(venue_EMNLP.2019_=D19-1444@ACL)

2024-04-04 00:12:01,326 <requestor-worker-9:4140868, MainThread:140046854821696> (requestor.py:_fetch_single_async:199 -> session.py:request:318) from logger `RFC.session_aiohttp`
[INFO] session requesting PapersCoolPaperPage(venue_ACL.2016).PapersCoolPaperKimiSection(venue_ACL.2016_=P16-1121@ACL)

2024-04-04 00:12:01,417 <requestor-worker-9:4140868, MainThread:140046854821696> (requestor.py:_fetch_single_async:199 -> session.py:request:318) from logger `RFC.session_aiohttp`
[INFO] session requesting PapersCoolPaperPage(venue_ACL.2020).PapersCoolPaperKimiSection(venue_ACL.2020_=2020.acl-main.603@ACL)

2024-04-04 00:12:01,419 <requestor-worker-9:4140868, MainThread:140046854821696> (requestor.py:_fetch_single_async:199 -> session.py:request:318) from logger `RFC.session_aiohttp`
[INFO] session requesting PapersCoolPaperPage(venue_ACL.2017).PapersCoolPaperKimiSection(venue_ACL.2017_=P17-1066@ACL)

2024-04-04 00:12:01,420 <requestor-worker-9:4140868, MainThread:140046854821696> (requestor.py:_fetch_single_async:199 -> session.py:request:318) from logger `RFC.session_aiohttp`
[INFO] session requesting PapersCoolPaperPage(venue_ACL.2013).PapersCoolPaperKimiSection(venue_ACL.2013_=P13-1130@ACL)

2024-04-04 00:12:01,422 <requestor-worker-9:4140868, MainThread:140046854821696> (requestor.py:_fetch_single_async:199 -> session.py:request:318) from logger `RFC.session_aiohttp`
[INFO] session requesting PapersCoolPaperPage(venue_ACL.2022).PapersCoolPaperKimiSection(venue_ACL.2022_=2022.findings-acl.113@ACL)

2024-04-04 00:12:01,424 <requestor-worker-9:4140868, MainThread:140046854821696> (requestor.py:_fetch_single_async:199 -> session.py:request:318) from logger `RFC.session_aiohttp`
[INFO] session requesting PapersCoolPaperPage(venue_NeurIPS.2023).PapersCoolPaperKimiSection(venue_NeurIPS.2023_=6e86TccKyQ@OpenReview)

2024-04-04 00:12:01,427 <requestor-worker-9:4140868, MainThread:140046854821696> (requestor.py:_fetch_single_async:199 -> session.py:request:318) from logger `RFC.session_aiohttp`
[INFO] session requesting PapersCoolPaperPage(venue_ACL.2018).PapersCoolPaperKimiSection(venue_ACL.2018_=P18-1188@ACL)

2024-04-04 00:12:01,428 <requestor-worker-9:4140868, MainThread:140046854821696> (requestor.py:_fetch_single_async:199 -> session.py:request:318) from logger `RFC.session_aiohttp`
[INFO] session requesting PapersCoolPaperPage(venue_EMNLP.2017).PapersCoolPaperKimiSection(venue_EMNLP.2017_=D17-1057@ACL)

2024-04-04 00:12:01,434 <requestor-worker-9:4140868, MainThread:140046854821696> (requestor.py:_fetch_single_async:199 -> session.py:request:318) from logger `RFC.session_aiohttp`
[INFO] session requesting PapersCoolPaperPage(venue_CVPR.2022).PapersCoolPaperKimiSection(venue_CVPR.2022_=Noguchi_Watch_It_Move_Unsupervised_Discovery_of_3D_Joints_for_Re-Posing@CVPR2022@CVF)

2024-04-04 00:12:01,436 <requestor-worker-9:4140868, MainThread:140046854821696> (requestor.py:_fetch_single_async:199 -> session.py:request:318) from logger `RFC.session_aiohttp`
[INFO] session requesting PapersCoolPaperPage(venue_ACL.2023).PapersCoolPaperKimiSection(venue_ACL.2023_=2023.findings-acl.707@ACL)

2024-04-04 00:12:01,534 <requestor-worker-9:4140868, MainThread:140046854821696> (requestor.py:_fetch_single_async:199 -> session.py:request:318) from logger `RFC.session_aiohttp`
[INFO] session requesting PapersCoolPaperPage(venue_ACL.2022).PapersCoolPaperKimiSection(venue_ACL.2022_=2022.findings-acl.117@ACL)

2024-04-04 00:12:01,538 <requestor-worker-9:4140868, MainThread:140046854821696> (requestor.py:_fetch_single_async:199 -> session.py:request:318) from logger `RFC.session_aiohttp`
[INFO] session requesting PapersCoolPaperPage(venue_EMNLP.2015).PapersCoolPaperKimiSection(venue_EMNLP.2015_=D15-1032@ACL)

2024-04-04 00:12:01,541 <requestor-worker-9:4140868, MainThread:140046854821696> (requestor.py:_fetch_single_async:199 -> session.py:request:318) from logger `RFC.session_aiohttp`
[INFO] session requesting PapersCoolPaperPage(venue_CVPR.2022).PapersCoolPaperKimiSection(venue_CVPR.2022_=Baek_Efficient_Maximal_Coding_Rate_Reduction_by_Variational_Forms@CVPR2022@CVF)

2024-04-04 00:12:01,544 <requestor-worker-9:4140868, MainThread:140046854821696> (requestor.py:_fetch_single_async:199 -> session.py:request:318) from logger `RFC.session_aiohttp`
[INFO] session requesting PapersCoolPaperPage(venue_ICML.2021).PapersCoolPaperKimiSection(venue_ICML.2021_=emami21b@v139@PMLR)

2024-04-04 00:12:01,545 <requestor-worker-9:4140868, MainThread:140046854821696> (requestor.py:_fetch_single_async:199 -> session.py:request:318) from logger `RFC.session_aiohttp`
[INFO] session requesting PapersCoolPaperPage(venue_INTERSPEECH.2022).PapersCoolPaperKimiSection(venue_INTERSPEECH.2022_=mussakhojayeva22@interspeech_2022@ISCA)

2024-04-04 00:12:01,547 <requestor-worker-9:4140868, MainThread:140046854821696> (requestor.py:_fetch_single_async:199 -> session.py:request:318) from logger `RFC.session_aiohttp`
[INFO] session requesting PapersCoolPaperPage(venue_ICML.2022).PapersCoolPaperKimiSection(venue_ICML.2022_=mori22a@v162@PMLR)

2024-04-04 00:12:01,549 <requestor-worker-9:4140868, MainThread:140046854821696> (requestor.py:_fetch_single_async:199 -> session.py:request:318) from logger `RFC.session_aiohttp`
[INFO] session requesting PapersCoolPaperPage(venue_ACL.2016).PapersCoolPaperKimiSection(venue_ACL.2016_=P16-1129@ACL)

2024-04-04 00:12:01,645 <requestor-worker-9:4140868, MainThread:140046854821696> (requestor.py:_fetch_single_async:199 -> session.py:request:318) from logger `RFC.session_aiohttp`
[INFO] session requesting PapersCoolPaperPage(venue_EMNLP.2021).PapersCoolPaperKimiSection(venue_EMNLP.2021_=2021.findings-emnlp.155@ACL)

2024-04-04 00:12:01,648 <requestor-worker-9:4140868, MainThread:140046854821696> (requestor.py:_fetch_single_async:199 -> session.py:request:318) from logger `RFC.session_aiohttp`
[INFO] session requesting PapersCoolPaperPage(venue_EMNLP.2023).PapersCoolPaperKimiSection(venue_EMNLP.2023_=2023.findings-emnlp.807@ACL)

2024-04-04 00:12:01,650 <requestor-worker-9:4140868, MainThread:140046854821696> (requestor.py:_fetch_single_async:199 -> session.py:request:318) from logger `RFC.session_aiohttp`
[INFO] session requesting PapersCoolPaperPage(venue_EMNLP.2018).PapersCoolPaperKimiSection(venue_EMNLP.2018_=D18-1327@ACL)

2024-04-04 00:12:01,668 <requestor-worker-9:4140868, MainThread:140046854821696> (requestor.py:_fetch_single_async:199 -> session.py:request:318) from logger `RFC.session_aiohttp`
[INFO] session requesting PapersCoolPaperPage(venue_EMNLP.2021).PapersCoolPaperKimiSection(venue_EMNLP.2021_=2021.findings-emnlp.157@ACL)

2024-04-04 00:12:01,671 <requestor-worker-9:4140868, MainThread:140046854821696> (requestor.py:_fetch_single_async:199 -> session.py:request:318) from logger `RFC.session_aiohttp`
[INFO] session requesting PapersCoolPaperPage(venue_NeurIPS.2021).PapersCoolPaperKimiSection(venue_NeurIPS.2021_=r2uzPR4AYo@OpenReview)

2024-04-04 00:12:01,674 <requestor-worker-9:4140868, MainThread:140046854821696> (requestor.py:_fetch_single_async:199 -> session.py:request:318) from logger `RFC.session_aiohttp`
[INFO] session requesting PapersCoolPaperPage(venue_ACL.2018).PapersCoolPaperKimiSection(venue_ACL.2018_=P18-1196@ACL)

2024-04-04 00:12:01,676 <requestor-worker-9:4140868, MainThread:140046854821696> (requestor.py:_fetch_single_async:199 -> session.py:request:318) from logger `RFC.session_aiohttp`
[INFO] session requesting PapersCoolPaperPage(venue_ICCV.2021).PapersCoolPaperKimiSection(venue_ICCV.2021_=Liu_CondLaneNet_A_Top-To-Down_Lane_Detection_Framework_Based_on_Conditional_Convolution@ICCV2021@CVF)

2024-04-04 00:12:01,679 <requestor-worker-9:4140868, MainThread:140046854821696> (requestor.py:_fetch_single_async:199 -> session.py:request:318) from logger `RFC.session_aiohttp`
[INFO] session requesting PapersCoolPaperPage(venue_EMNLP.2019).PapersCoolPaperKimiSection(venue_EMNLP.2019_=D19-1455@ACL)

2024-04-04 00:12:01,790 <requestor-worker-9:4140868, MainThread:140046854821696> (requestor.py:_fetch_single_async:199 -> session.py:request:318) from logger `RFC.session_aiohttp`
[INFO] session requesting PapersCoolPaperPage(venue_EMNLP.2015).PapersCoolPaperKimiSection(venue_EMNLP.2015_=D15-1039@ACL)

2024-04-04 00:12:01,793 <requestor-worker-9:4140868, MainThread:140046854821696> (requestor.py:_fetch_single_async:199 -> session.py:request:318) from logger `RFC.session_aiohttp`
[INFO] session requesting PapersCoolPaperPage(venue_ICCV.2019).PapersCoolPaperKimiSection(venue_ICCV.2019_=Kang_Maximum-Margin_Hamming_Hashing@ICCV2019@CVF)

2024-04-04 00:12:01,797 <requestor-worker-9:4140868, MainThread:140046854821696> (requestor.py:_fetch_single_async:199 -> session.py:request:318) from logger `RFC.session_aiohttp`
[INFO] session requesting PapersCoolPaperPage(venue_NeurIPS.2021).PapersCoolPaperKimiSection(venue_NeurIPS.2021_=xRJ_Xqmb6d@OpenReview)

2024-04-04 00:12:01,801 <requestor-worker-9:4140868, MainThread:140046854821696> (requestor.py:_fetch_single_async:199 -> session.py:request:318) from logger `RFC.session_aiohttp`
[INFO] session requesting PapersCoolPaperPage(venue_ACL.2020).PapersCoolPaperKimiSection(venue_ACL.2020_=2020.acl-main.611@ACL)

2024-04-04 00:12:01,805 <requestor-worker-9:4140868, MainThread:140046854821696> (requestor.py:_fetch_single_async:199 -> session.py:request:318) from logger `RFC.session_aiohttp`
[INFO] session requesting PapersCoolPaperPage(venue_CVPR.2022).PapersCoolPaperKimiSection(venue_CVPR.2022_=Xie_Joint_Distribution_Matters_Deep_Brownian_Distance_Covariance_for_Few-Shot_Classification@CVPR2022@CVF)

2024-04-04 00:12:01,808 <requestor-worker-9:4140868, MainThread:140046854821696> (requestor.py:_fetch_single_async:199 -> session.py:request:318) from logger `RFC.session_aiohttp`
[INFO] session requesting PapersCoolPaperPage(venue_ACL.2015).PapersCoolPaperKimiSection(venue_ACL.2015_=P15-1123@ACL)

2024-04-04 00:12:01,809 <requestor-worker-9:4140868, MainThread:140046854821696> (requestor.py:_fetch_single_async:199 -> session.py:request:318) from logger `RFC.session_aiohttp`
[INFO] session requesting PapersCoolPaperPage(venue_EMNLP.2019).PapersCoolPaperKimiSection(venue_EMNLP.2019_=D19-1458@ACL)

2024-04-04 00:12:01,811 <requestor-worker-9:4140868, MainThread:140046854821696> (requestor.py:_fetch_single_async:199 -> session.py:request:318) from logger `RFC.session_aiohttp`
[INFO] session requesting PapersCoolPaperPage(venue_ACL.2013).PapersCoolPaperKimiSection(venue_ACL.2013_=P13-1140@ACL)

2024-04-04 00:12:01,813 <requestor-worker-9:4140868, MainThread:140046854821696> (requestor.py:_fetch_single_async:199 -> session.py:request:318) from logger `RFC.session_aiohttp`
[INFO] session requesting PapersCoolPaperPage(venue_ACL.2015).PapersCoolPaperKimiSection(venue_ACL.2015_=P15-1124@ACL)

2024-04-04 00:12:01,917 <requestor-worker-9:4140868, MainThread:140046854821696> (requestor.py:_fetch_single_async:199 -> session.py:request:318) from logger `RFC.session_aiohttp`
[INFO] session requesting PapersCoolPaperPage(venue_NeurIPS.2022).PapersCoolPaperKimiSection(venue_NeurIPS.2022_=AUJT3rj2F5U@OpenReview)

2024-04-04 00:12:01,919 <requestor-worker-9:4140868, MainThread:140046854821696> (requestor.py:_fetch_single_async:199 -> session.py:request:318) from logger `RFC.session_aiohttp`
[INFO] session requesting PapersCoolPaperPage(venue_ACL.2023).PapersCoolPaperKimiSection(venue_ACL.2023_=2023.findings-acl.720@ACL)

2024-04-04 00:12:01,921 <requestor-worker-9:4140868, MainThread:140046854821696> (requestor.py:_fetch_single_async:199 -> session.py:request:318) from logger `RFC.session_aiohttp`
[INFO] session requesting PapersCoolPaperPage(venue_ACL.2019).PapersCoolPaperKimiSection(venue_ACL.2019_=P19-1520@ACL)

2024-04-04 00:12:01,922 <requestor-worker-9:4140868, MainThread:140046854821696> (requestor.py:_fetch_single_async:199 -> session.py:request:318) from logger `RFC.session_aiohttp`
[INFO] session requesting PapersCoolPaperPage(venue_CVPR.2022).PapersCoolPaperKimiSection(venue_CVPR.2022_=Tu_End-to-End_Human-Gaze-Target_Detection_With_Transformers@CVPR2022@CVF)

2024-04-04 00:12:01,924 <requestor-worker-9:4140868, MainThread:140046854821696> (requestor.py:_fetch_single_async:199 -> session.py:request:318) from logger `RFC.session_aiohttp`
[INFO] session requesting PapersCoolPaperPage(venue_EMNLP.2021).PapersCoolPaperKimiSection(venue_EMNLP.2021_=2021.findings-emnlp.166@ACL)

2024-04-04 00:12:01,926 <requestor-worker-9:4140868, MainThread:140046854821696> (requestor.py:_fetch_single_async:199 -> session.py:request:318) from logger `RFC.session_aiohttp`
[INFO] session requesting PapersCoolPaperPage(venue_EMNLP.2015).PapersCoolPaperKimiSection(venue_EMNLP.2015_=D15-1044@ACL)

2024-04-04 00:12:01,927 <requestor-worker-9:4140868, MainThread:140046854821696> (requestor.py:_fetch_single_async:199 -> session.py:request:318) from logger `RFC.session_aiohttp`
[INFO] session requesting PapersCoolPaperPage(venue_ICCV.2019).PapersCoolPaperKimiSection(venue_ICCV.2019_=Li_Localization_of_Deep_Inpainting_Using_High-Pass_Fully_Convolutional_Network@ICCV2019@CVF)

2024-04-04 00:12:02,010 <requestor-worker-9:4140868, MainThread:140046854821696> (requestor.py:_fetch_single_async:199 -> session.py:request:318) from logger `RFC.session_aiohttp`
[INFO] session requesting PapersCoolPaperPage(venue_CVPR.2021).PapersCoolPaperKimiSection(venue_CVPR.2021_=Song_Co-Grounding_Networks_With_Semantic_Attention_for_Referring_Expression_Comprehension_in@CVPR2021@CVF)

2024-04-04 00:12:02,012 <requestor-worker-9:4140868, MainThread:140046854821696> (requestor.py:_fetch_single_async:199 -> session.py:request:318) from logger `RFC.session_aiohttp`
[INFO] session requesting PapersCoolPaperPage(venue_ICML.2021).PapersCoolPaperKimiSection(venue_ICML.2021_=jagadeesan21a@v139@PMLR)

2024-04-04 00:12:02,014 <requestor-worker-9:4140868, MainThread:140046854821696> (requestor.py:_fetch_single_async:199 -> session.py:request:318) from logger `RFC.session_aiohttp`
[INFO] session requesting PapersCoolPaperPage(venue_ACL.2019).PapersCoolPaperKimiSection(venue_ACL.2019_=P19-1523@ACL)

2024-04-04 00:12:02,015 <requestor-worker-9:4140868, MainThread:140046854821696> (requestor.py:_fetch_single_async:199 -> session.py:request:318) from logger `RFC.session_aiohttp`
[INFO] session requesting PapersCoolPaperPage(venue_EMNLP.2023).PapersCoolPaperKimiSection(venue_EMNLP.2023_=2023.findings-emnlp.819@ACL)

2024-04-04 00:12:02,017 <requestor-worker-9:4140868, MainThread:140046854821696> (requestor.py:_fetch_single_async:199 -> session.py:request:318) from logger `RFC.session_aiohttp`
[INFO] session requesting PapersCoolPaperPage(venue_ACL.2014).PapersCoolPaperKimiSection(venue_ACL.2014_=P14-1053@ACL)

2024-04-04 00:12:02,019 <requestor-worker-9:4140868, MainThread:140046854821696> (requestor.py:_fetch_single_async:199 -> session.py:request:318) from logger `RFC.session_aiohttp`
[INFO] session requesting PapersCoolPaperPage(venue_EMNLP.2022).PapersCoolPaperKimiSection(venue_EMNLP.2022_=2022.findings-emnlp.293@ACL)

2024-04-04 00:12:02,021 <requestor-worker-9:4140868, MainThread:140046854821696> (requestor.py:_fetch_single_async:199 -> session.py:request:318) from logger `RFC.session_aiohttp`
[INFO] session requesting PapersCoolPaperPage(venue_CVPR.2022).PapersCoolPaperKimiSection(venue_CVPR.2022_=Li_Compositional_Temporal_Grounding_With_Structured_Variational_Cross-Graph_Correspondence_Learning@CVPR2022@CVF)

2024-04-04 00:12:02,022 <requestor-worker-9:4140868, MainThread:140046854821696> (requestor.py:_fetch_single_async:199 -> session.py:request:318) from logger `RFC.session_aiohttp`
[INFO] session requesting PapersCoolPaperPage(venue_EMNLP.2021).PapersCoolPaperKimiSection(venue_EMNLP.2021_=2021.findings-emnlp.170@ACL)

2024-04-04 00:12:02,119 <requestor-worker-9:4140868, MainThread:140046854821696> (requestor.py:_fetch_single_async:199 -> session.py:request:318) from logger `RFC.session_aiohttp`
[INFO] session requesting PapersCoolPaperPage(venue_EMNLP.2017).PapersCoolPaperKimiSection(venue_EMNLP.2017_=D17-1079@ACL)

2024-04-04 00:12:02,121 <requestor-worker-9:4140868, MainThread:140046854821696> (requestor.py:_fetch_single_async:199 -> session.py:request:318) from logger `RFC.session_aiohttp`
[INFO] session requesting PapersCoolPaperPage(venue_ACL.2019).PapersCoolPaperKimiSection(venue_ACL.2019_=P19-1528@ACL)

2024-04-04 00:12:02,123 <requestor-worker-9:4140868, MainThread:140046854821696> (requestor.py:_fetch_single_async:199 -> session.py:request:318) from logger `RFC.session_aiohttp`
[INFO] session requesting PapersCoolPaperPage(venue_INTERSPEECH.2022).PapersCoolPaperKimiSection(venue_INTERSPEECH.2022_=rathod22@interspeech_2022@ISCA)

2024-04-04 00:12:02,124 <requestor-worker-9:4140868, MainThread:140046854821696> (requestor.py:_fetch_single_async:199 -> session.py:request:318) from logger `RFC.session_aiohttp`
[INFO] session requesting PapersCoolPaperPage(venue_CVPR.2022).PapersCoolPaperKimiSection(venue_CVPR.2022_=Whang_Deblurring_via_Stochastic_Refinement@CVPR2022@CVF)

2024-04-04 00:12:02,126 <requestor-worker-9:4140868, MainThread:140046854821696> (requestor.py:_fetch_single_async:199 -> session.py:request:318) from logger `RFC.session_aiohttp`
[INFO] session requesting PapersCoolPaperPage(venue_ACL.2022).PapersCoolPaperKimiSection(venue_ACL.2022_=2022.findings-acl.130@ACL)

2024-04-04 00:12:02,127 <requestor-worker-9:4140868, MainThread:140046854821696> (requestor.py:_fetch_single_async:199 -> session.py:request:318) from logger `RFC.session_aiohttp`
[INFO] session requesting PapersCoolPaperPage(venue_NeurIPS.2021).PapersCoolPaperKimiSection(venue_NeurIPS.2021_=Y8YqrYeFftd@OpenReview)

2024-04-04 00:12:02,129 <requestor-worker-9:4140868, MainThread:140046854821696> (requestor.py:_fetch_single_async:199 -> session.py:request:318) from logger `RFC.session_aiohttp`
[INFO] session requesting PapersCoolPaperPage(venue_ACL.2013).PapersCoolPaperKimiSection(venue_ACL.2013_=P13-1152@ACL)

2024-04-04 00:12:02,131 <requestor-worker-9:4140868, MainThread:140046854821696> (requestor.py:_fetch_single_async:199 -> session.py:request:318) from logger `RFC.session_aiohttp`
[INFO] session requesting PapersCoolPaperPage(venue_ACL.2014).PapersCoolPaperKimiSection(venue_ACL.2014_=P14-1058@ACL)

2024-04-04 00:12:02,133 <requestor-worker-9:4140868, MainThread:140046854821696> (requestor.py:_fetch_single_async:199 -> session.py:request:318) from logger `RFC.session_aiohttp`
[INFO] session requesting PapersCoolPaperPage(venue_CVPR.2021).PapersCoolPaperKimiSection(venue_CVPR.2021_=Wu_Forecasting_Irreversible_Disease_via_Progression_Learning@CVPR2021@CVF)

2024-04-04 00:12:02,212 <requestor-worker-9:4140868, MainThread:140046854821696> (requestor.py:_fetch_single_async:199 -> session.py:request:318) from logger `RFC.session_aiohttp`
[INFO] session requesting PapersCoolPaperPage(venue_ICCV.2019).PapersCoolPaperKimiSection(venue_ICCV.2019_=Han_Learning_to_Discover_Novel_Visual_Categories_via_Deep_Transfer_Clustering@ICCV2019@CVF)

2024-04-04 00:12:02,214 <requestor-worker-9:4140868, MainThread:140046854821696> (requestor.py:_fetch_single_async:199 -> session.py:request:318) from logger `RFC.session_aiohttp`
[INFO] session requesting PapersCoolPaperPage(venue_ICML.2022).PapersCoolPaperKimiSection(venue_ICML.2022_=petersen22a@v162@PMLR)

2024-04-04 00:12:02,216 <requestor-worker-9:4140868, MainThread:140046854821696> (requestor.py:_fetch_single_async:199 -> session.py:request:318) from logger `RFC.session_aiohttp`
[INFO] session requesting PapersCoolPaperPage(venue_CVPR.2023).PapersCoolPaperKimiSection(venue_CVPR.2023_=Seo_AVFormer_Injecting_Vision_Into_Frozen_Speech_Models_for_Zero-Shot_AV-ASR@CVPR2023@CVF)

2024-04-04 00:12:02,218 <requestor-worker-9:4140868, MainThread:140046854821696> (requestor.py:_fetch_single_async:199 -> session.py:request:318) from logger `RFC.session_aiohttp`
[INFO] session requesting PapersCoolPaperPage(venue_EMNLP.2021).PapersCoolPaperKimiSection(venue_EMNLP.2021_=2021.findings-emnlp.180@ACL)

2024-04-04 00:12:02,220 <requestor-worker-9:4140868, MainThread:140046854821696> (requestor.py:_fetch_single_async:199 -> session.py:request:318) from logger `RFC.session_aiohttp`
[INFO] session requesting PapersCoolPaperPage(venue_ICCV.2023).PapersCoolPaperKimiSection(venue_ICCV.2023_=Sajedi_DataDAM_Efficient_Dataset_Distillation_with_Attention_Matching@ICCV2023@CVF)

2024-04-04 00:12:02,222 <requestor-worker-9:4140868, MainThread:140046854821696> (requestor.py:_fetch_single_async:199 -> session.py:request:318) from logger `RFC.session_aiohttp`
[INFO] session requesting PapersCoolPaperPage(venue_EMNLP.2023).PapersCoolPaperKimiSection(venue_EMNLP.2023_=2023.findings-emnlp.828@ACL)

2024-04-04 00:12:02,224 <requestor-worker-9:4140868, MainThread:140046854821696> (requestor.py:_fetch_single_async:199 -> session.py:request:318) from logger `RFC.session_aiohttp`
[INFO] session requesting PapersCoolPaperPage(venue_ACL.2023).PapersCoolPaperKimiSection(venue_ACL.2023_=2023.findings-acl.730@ACL)

2024-04-04 00:12:02,312 <requestor-worker-9:4140868, MainThread:140046854821696> (requestor.py:_fetch_single_async:199 -> session.py:request:318) from logger `RFC.session_aiohttp`
[INFO] session requesting PapersCoolPaperPage(venue_NeurIPS.2021).PapersCoolPaperKimiSection(venue_NeurIPS.2021_=uPWdkoZHgba@OpenReview)

2024-04-04 00:12:02,314 <requestor-worker-9:4140868, MainThread:140046854821696> (requestor.py:_fetch_single_async:199 -> session.py:request:318) from logger `RFC.session_aiohttp`
[INFO] session requesting PapersCoolPaperPage(venue_ACL.2016).PapersCoolPaperKimiSection(venue_ACL.2016_=P16-1156@ACL)

2024-04-04 00:12:02,316 <requestor-worker-9:4140868, MainThread:140046854821696> (requestor.py:_fetch_single_async:199 -> session.py:request:318) from logger `RFC.session_aiohttp`
[INFO] session requesting PapersCoolPaperPage(venue_EMNLP.2015).PapersCoolPaperKimiSection(venue_EMNLP.2015_=D15-1059@ACL)

2024-04-04 00:12:02,318 <requestor-worker-9:4140868, MainThread:140046854821696> (requestor.py:_fetch_single_async:199 -> session.py:request:318) from logger `RFC.session_aiohttp`
[INFO] session requesting PapersCoolPaperPage(venue_ACL.2013).PapersCoolPaperKimiSection(venue_ACL.2013_=P13-1161@ACL)

2024-04-04 00:12:02,320 <requestor-worker-9:4140868, MainThread:140046854821696> (requestor.py:_fetch_single_async:199 -> session.py:request:318) from logger `RFC.session_aiohttp`
[INFO] session requesting PapersCoolPaperPage(venue_CVPR.2021).PapersCoolPaperKimiSection(venue_CVPR.2021_=Shi_SGCN_Sparse_Graph_Convolution_Network_for_Pedestrian_Trajectory_Prediction@CVPR2021@CVF)

2024-04-04 00:12:02,322 <requestor-worker-9:4140868, MainThread:140046854821696> (requestor.py:_fetch_single_async:199 -> session.py:request:318) from logger `RFC.session_aiohttp`
[INFO] session requesting PapersCoolPaperPage(venue_ACL.2014).PapersCoolPaperKimiSection(venue_ACL.2014_=P14-1066@ACL)

2024-04-04 00:12:02,324 <requestor-worker-9:4140868, MainThread:140046854821696> (requestor.py:_fetch_single_async:199 -> session.py:request:318) from logger `RFC.session_aiohttp`
[INFO] session requesting PapersCoolPaperPage(venue_ACL.2021).PapersCoolPaperKimiSection(venue_ACL.2021_=2021.findings-acl.239@ACL)

2024-04-04 00:12:02,326 <requestor-worker-9:4140868, MainThread:140046854821696> (requestor.py:_fetch_single_async:199 -> session.py:request:318) from logger `RFC.session_aiohttp`
[INFO] session requesting PapersCoolPaperPage(venue_ACL.2015).PapersCoolPaperKimiSection(venue_ACL.2015_=P15-1143@ACL)

2024-04-04 00:12:02,439 <requestor-worker-9:4140868, MainThread:140046854821696> (requestor.py:_fetch_single_async:199 -> session.py:request:318) from logger `RFC.session_aiohttp`
[INFO] session requesting PapersCoolPaperPage(venue_EMNLP.2018).PapersCoolPaperKimiSection(venue_EMNLP.2018_=D18-1350@ACL)

2024-04-04 00:12:02,441 <requestor-worker-9:4140868, MainThread:140046854821696> (requestor.py:_fetch_single_async:199 -> session.py:request:318) from logger `RFC.session_aiohttp`
[INFO] session requesting PapersCoolPaperPage(venue_NeurIPS.2022).PapersCoolPaperKimiSection(venue_NeurIPS.2022_=4d_tnQ_agHI@OpenReview)

2024-04-04 00:12:02,443 <requestor-worker-9:4140868, MainThread:140046854821696> (requestor.py:_fetch_single_async:199 -> session.py:request:318) from logger `RFC.session_aiohttp`
[INFO] session requesting PapersCoolPaperPage(venue_CVPR.2023).PapersCoolPaperKimiSection(venue_CVPR.2023_=Rizve_PivoTAL_Prior-Driven_Supervision_for_Weakly-Supervised_Temporal_Action_Localization@CVPR2023@CVF)

2024-04-04 00:12:02,444 <requestor-worker-9:4140868, MainThread:140046854821696> (requestor.py:_fetch_single_async:199 -> session.py:request:318) from logger `RFC.session_aiohttp`
[INFO] session requesting PapersCoolPaperPage(venue_EMNLP.2021).PapersCoolPaperKimiSection(venue_EMNLP.2021_=2021.findings-emnlp.189@ACL)

2024-04-04 00:12:02,446 <requestor-worker-9:4140868, MainThread:140046854821696> (requestor.py:_fetch_single_async:199 -> session.py:request:318) from logger `RFC.session_aiohttp`
[INFO] session requesting PapersCoolPaperPage(venue_ACL.2019).PapersCoolPaperKimiSection(venue_ACL.2019_=P19-1540@ACL)

2024-04-04 00:12:02,447 <requestor-worker-9:4140868, MainThread:140046854821696> (requestor.py:_fetch_single_async:199 -> session.py:request:318) from logger `RFC.session_aiohttp`
[INFO] session requesting PapersCoolPaperPage(venue_NeurIPS.2021).PapersCoolPaperKimiSection(venue_NeurIPS.2021_=PYJnWEn-uMn@OpenReview)

2024-04-04 00:12:02,449 <requestor-worker-9:4140868, MainThread:140046854821696> (requestor.py:_fetch_single_async:199 -> session.py:request:318) from logger `RFC.session_aiohttp`
[INFO] session requesting PapersCoolPaperPage(venue_EMNLP.2022).PapersCoolPaperKimiSection(venue_EMNLP.2022_=2022.findings-emnlp.310@ACL)

2024-04-04 00:12:02,450 <requestor-worker-9:4140868, MainThread:140046854821696> (requestor.py:_fetch_single_async:199 -> session.py:request:318) from logger `RFC.session_aiohttp`
[INFO] session requesting PapersCoolPaperPage(venue_CVPR.2021).PapersCoolPaperKimiSection(venue_CVPR.2021_=Sun_Improving_the_Efficiency_and_Robustness_of_Deepfakes_Detection_Through_Precise@CVPR2021@CVF)

2024-04-04 00:12:02,452 <requestor-worker-9:4140868, MainThread:140046854821696> (requestor.py:_fetch_single_async:199 -> session.py:request:318) from logger `RFC.session_aiohttp`
[INFO] session requesting PapersCoolPaperPage(venue_ACL.2013).PapersCoolPaperKimiSection(venue_ACL.2013_=P13-1166@ACL)

2024-04-04 00:12:02,524 <requestor-worker-9:4140868, MainThread:140046854821696> (requestor.py:_fetch_single_async:199 -> session.py:request:318) from logger `RFC.session_aiohttp`
[INFO] session requesting PapersCoolPaperPage(venue_ACL.2022).PapersCoolPaperKimiSection(venue_ACL.2022_=2022.findings-acl.142@ACL)

2024-04-04 00:12:02,526 <requestor-worker-9:4140868, MainThread:140046854821696> (requestor.py:_fetch_single_async:199 -> session.py:request:318) from logger `RFC.session_aiohttp`
[INFO] session requesting PapersCoolPaperPage(venue_NeurIPS.2021).PapersCoolPaperKimiSection(venue_NeurIPS.2021_=o1njPnYnttK@OpenReview)

2024-04-04 00:12:02,528 <requestor-worker-9:4140868, MainThread:140046854821696> (requestor.py:_fetch_single_async:199 -> session.py:request:318) from logger `RFC.session_aiohttp`
[INFO] session requesting PapersCoolPaperPage(venue_ICCV.2023).PapersCoolPaperKimiSection(venue_ICCV.2023_=Wang_Overwriting_Pretrained_Bias_with_Finetuning_Data@ICCV2023@CVF)

2024-04-04 00:12:02,530 <requestor-worker-9:4140868, MainThread:140046854821696> (requestor.py:_fetch_single_async:199 -> session.py:request:318) from logger `RFC.session_aiohttp`
[INFO] session requesting PapersCoolPaperPage(venue_ACL.2021).PapersCoolPaperKimiSection(venue_ACL.2021_=2021.findings-acl.246@ACL)

2024-04-04 00:12:02,532 <requestor-worker-9:4140868, MainThread:140046854821696> (requestor.py:_fetch_single_async:199 -> session.py:request:318) from logger `RFC.session_aiohttp`
[INFO] session requesting PapersCoolPaperPage(venue_CVPR.2023).PapersCoolPaperKimiSection(venue_CVPR.2023_=Ji_Are_Binary_Annotations_Sufficient_Video_Moment_Retrieval_via_Hierarchical_Uncertainty-Based@CVPR2023@CVF)

2024-04-04 00:12:02,534 <requestor-worker-9:4140868, MainThread:140046854821696> (requestor.py:_fetch_single_async:199 -> session.py:request:318) from logger `RFC.session_aiohttp`
[INFO] session requesting PapersCoolPaperPage(venue_EMNLP.2017).PapersCoolPaperKimiSection(venue_EMNLP.2017_=D17-1095@ACL)

2024-04-04 00:12:02,535 <requestor-worker-9:4140868, MainThread:140046854821696> (requestor.py:_fetch_single_async:199 -> session.py:request:318) from logger `RFC.session_aiohttp`
[INFO] session requesting PapersCoolPaperPage(venue_ICCV.2019).PapersCoolPaperKimiSection(venue_ICCV.2019_=Li_Group-Wise_Deep_Object_Co-Segmentation_With_Co-Attention_Recurrent_Neural_Network@ICCV2019@CVF)

2024-04-04 00:12:02,612 <requestor-worker-9:4140868, MainThread:140046854821696> (requestor.py:_fetch_single_async:199 -> session.py:request:318) from logger `RFC.session_aiohttp`
[INFO] session requesting PapersCoolPaperPage(venue_NeurIPS.2023).PapersCoolPaperKimiSection(venue_NeurIPS.2023_=2DtxPCL3T5@OpenReview)

2024-04-04 00:12:02,614 <requestor-worker-9:4140868, MainThread:140046854821696> (requestor.py:_fetch_single_async:199 -> session.py:request:318) from logger `RFC.session_aiohttp`
[INFO] session requesting PapersCoolPaperPage(venue_NeurIPS.2021).PapersCoolPaperKimiSection(venue_NeurIPS.2021_=FEIFFzmq_V_@OpenReview)

2024-04-04 00:12:02,616 <requestor-worker-9:4140868, MainThread:140046854821696> (requestor.py:_fetch_single_async:199 -> session.py:request:318) from logger `RFC.session_aiohttp`
[INFO] session requesting PapersCoolPaperPage(venue_ACL.2018).PapersCoolPaperKimiSection(venue_ACL.2018_=P18-1229@ACL)

2024-04-04 00:12:02,618 <requestor-worker-9:4140868, MainThread:140046854821696> (requestor.py:_fetch_single_async:199 -> session.py:request:318) from logger `RFC.session_aiohttp`
[INFO] session requesting PapersCoolPaperPage(venue_ACL.2016).PapersCoolPaperKimiSection(venue_ACL.2016_=P16-1165@ACL)

2024-04-04 00:12:02,619 <requestor-worker-9:4140868, MainThread:140046854821696> (requestor.py:_fetch_single_async:199 -> session.py:request:318) from logger `RFC.session_aiohttp`
[INFO] session requesting PapersCoolPaperPage(venue_NeurIPS.2022).PapersCoolPaperKimiSection(venue_NeurIPS.2022_=OGM9dXemmq@OpenReview)

2024-04-04 00:12:02,621 <requestor-worker-9:4140868, MainThread:140046854821696> (requestor.py:_fetch_single_async:199 -> session.py:request:318) from logger `RFC.session_aiohttp`
[INFO] session requesting PapersCoolPaperPage(venue_EMNLP.2022).PapersCoolPaperKimiSection(venue_EMNLP.2022_=2022.findings-emnlp.315@ACL)

2024-04-04 00:12:02,622 <requestor-worker-9:4140868, MainThread:140046854821696> (requestor.py:_fetch_single_async:199 -> session.py:request:318) from logger `RFC.session_aiohttp`
[INFO] session requesting PapersCoolPaperPage(venue_ACL.2014).PapersCoolPaperKimiSection(venue_ACL.2014_=P14-1076@ACL)

2024-04-04 00:12:02,624 <requestor-worker-9:4140868, MainThread:140046854821696> (requestor.py:_fetch_single_async:199 -> session.py:request:318) from logger `RFC.session_aiohttp`
[INFO] session requesting PapersCoolPaperPage(venue_CVPR.2021).PapersCoolPaperKimiSection(venue_CVPR.2021_=Sun_NeuralRecon_Real-Time_Coherent_3D_Reconstruction_From_Monocular_Video@CVPR2021@CVF)

2024-04-04 00:12:02,760 <requestor-worker-9:4140868, MainThread:140046854821696> (requestor.py:_fetch_single_async:199 -> session.py:request:318) from logger `RFC.session_aiohttp`
[INFO] session requesting PapersCoolPaperPage(venue_NeurIPS.2023).PapersCoolPaperKimiSection(venue_NeurIPS.2023_=XOpaPrb0U5@OpenReview)

2024-04-04 00:12:02,762 <requestor-worker-9:4140868, MainThread:140046854821696> (requestor.py:_fetch_single_async:199 -> session.py:request:318) from logger `RFC.session_aiohttp`
[INFO] session requesting PapersCoolPaperPage(venue_ACL.2019).PapersCoolPaperKimiSection(venue_ACL.2019_=P19-1549@ACL)

2024-04-04 00:12:02,764 <requestor-worker-9:4140868, MainThread:140046854821696> (requestor.py:_fetch_single_async:199 -> session.py:request:318) from logger `RFC.session_aiohttp`
[INFO] session requesting PapersCoolPaperPage(venue_ICML.2021).PapersCoolPaperKimiSection(venue_ICML.2021_=roth21a@v139@PMLR)

2024-04-04 00:12:02,765 <requestor-worker-9:4140868, MainThread:140046854821696> (requestor.py:_fetch_single_async:199 -> session.py:request:318) from logger `RFC.session_aiohttp`
[INFO] session requesting PapersCoolPaperPage(venue_NeurIPS.2022).PapersCoolPaperKimiSection(venue_NeurIPS.2022_=vdh62914QR@OpenReview)

2024-04-04 00:12:02,767 <requestor-worker-9:4140868, MainThread:140046854821696> (requestor.py:_fetch_single_async:199 -> session.py:request:318) from logger `RFC.session_aiohttp`
[INFO] session requesting PapersCoolPaperPage(venue_ACL.2014).PapersCoolPaperKimiSection(venue_ACL.2014_=P14-1080@ACL)

2024-04-04 00:12:02,768 <requestor-worker-9:4140868, MainThread:140046854821696> (requestor.py:_fetch_single_async:199 -> session.py:request:318) from logger `RFC.session_aiohttp`
[INFO] session requesting PapersCoolPaperPage(venue_ACL.2021).PapersCoolPaperKimiSection(venue_ACL.2021_=2021.findings-acl.253@ACL)

2024-04-04 00:12:02,770 <requestor-worker-9:4140868, MainThread:140046854821696> (requestor.py:_fetch_single_async:199 -> session.py:request:318) from logger `RFC.session_aiohttp`
[INFO] session requesting PapersCoolPaperPage(venue_ACL.2015).PapersCoolPaperKimiSection(venue_ACL.2015_=P15-1157@ACL)

2024-04-04 00:12:02,772 <requestor-worker-9:4140868, MainThread:140046854821696> (requestor.py:_fetch_single_async:199 -> session.py:request:318) from logger `RFC.session_aiohttp`
[INFO] session requesting PapersCoolPaperPage(venue_ACL.2017).PapersCoolPaperKimiSection(venue_ACL.2017_=P17-1112@ACL)

2024-04-04 00:12:02,830 <requestor-worker-9:4140868, MainThread:140046854821696> (requestor.py:_fetch_single_async:199 -> session.py:request:318) from logger `RFC.session_aiohttp`
[INFO] session requesting PapersCoolPaperPage(venue_EMNLP.2021).PapersCoolPaperKimiSection(venue_EMNLP.2021_=2021.findings-emnlp.200@ACL)

2024-04-04 00:12:02,850 <requestor-worker-9:4140868, MainThread:140046854821696> (requestor.py:_fetch_single_async:199 -> session.py:request:318) from logger `RFC.session_aiohttp`
[INFO] session requesting PapersCoolPaperPage(venue_ICCV.2023).PapersCoolPaperKimiSection(venue_ICCV.2023_=Moreau_CROSSFIRE_Camera_Relocalization_On_Self-Supervised_Features_from_an_Implicit_Representation@ICCV2023@CVF)

2024-04-04 00:12:02,851 <requestor-worker-9:4140868, MainThread:140046854821696> (requestor.py:_fetch_single_async:199 -> session.py:request:318) from logger `RFC.session_aiohttp`
[INFO] session requesting PapersCoolPaperPage(venue_INTERSPEECH.2022).PapersCoolPaperKimiSection(venue_INTERSPEECH.2022_=zhang22r@interspeech_2022@ISCA)

2024-04-04 00:12:02,853 <requestor-worker-9:4140868, MainThread:140046854821696> (requestor.py:_fetch_single_async:199 -> session.py:request:318) from logger `RFC.session_aiohttp`
[INFO] session requesting PapersCoolPaperPage(venue_EMNLP.2020).PapersCoolPaperKimiSection(venue_EMNLP.2020_=2020.findings-emnlp.216@ACL)

2024-04-04 00:12:02,854 <requestor-worker-9:4140868, MainThread:140046854821696> (requestor.py:_fetch_single_async:199 -> session.py:request:318) from logger `RFC.session_aiohttp`
[INFO] session requesting PapersCoolPaperPage(venue_NeurIPS.2022).PapersCoolPaperKimiSection(venue_NeurIPS.2022_=T-aVFGCSQNV@OpenReview)

2024-04-04 00:12:02,856 <requestor-worker-9:4140868, MainThread:140046854821696> (requestor.py:_fetch_single_async:199 -> session.py:request:318) from logger `RFC.session_aiohttp`
[INFO] session requesting PapersCoolPaperPage(venue_ACL.2012).PapersCoolPaperKimiSection(venue_ACL.2012_=P12-1014@ACL)

2024-04-04 00:12:02,858 <requestor-worker-9:4140868, MainThread:140046854821696> (requestor.py:_fetch_single_async:199 -> session.py:request:318) from logger `RFC.session_aiohttp`
[INFO] session requesting PapersCoolPaperPage(venue_ACL.2019).PapersCoolPaperKimiSection(venue_ACL.2019_=P19-1552@ACL)

2024-04-04 00:12:02,859 <requestor-worker-9:4140868, MainThread:140046854821696> (requestor.py:_fetch_single_async:199 -> session.py:request:318) from logger `RFC.session_aiohttp`
[INFO] session requesting PapersCoolPaperPage(venue_CVPR.2021).PapersCoolPaperKimiSection(venue_CVPR.2021_=Lamba_Restoring_Extremely_Dark_Images_in_Real_Time@CVPR2021@CVF)

2024-04-04 00:12:02,918 <requestor-worker-9:4140868, MainThread:140046854821696> (requestor.py:_fetch_single_async:199 -> session.py:request:318) from logger `RFC.session_aiohttp`
[INFO] session requesting PapersCoolPaperPage(venue_ACL.2012).PapersCoolPaperKimiSection(venue_ACL.2012_=P12-1015@ACL)

2024-04-04 00:12:02,931 <requestor-worker-9:4140868, MainThread:140046854821696> (requestor.py:_fetch_single_async:199 -> session.py:request:318) from logger `RFC.session_aiohttp`
[INFO] session requesting PapersCoolPaperPage(venue_INTERSPEECH.2022).PapersCoolPaperKimiSection(venue_INTERSPEECH.2022_=tao22b@interspeech_2022@ISCA)

2024-04-04 00:12:02,933 <requestor-worker-9:4140868, MainThread:140046854821696> (requestor.py:_fetch_single_async:199 -> session.py:request:318) from logger `RFC.session_aiohttp`
[INFO] session requesting PapersCoolPaperPage(venue_ICCV.2021).PapersCoolPaperKimiSection(venue_ICCV.2021_=Koohpayegani_Mean_Shift_for_Self-Supervised_Learning@ICCV2021@CVF)

2024-04-04 00:12:02,934 <requestor-worker-9:4140868, MainThread:140046854821696> (requestor.py:_fetch_single_async:199 -> session.py:request:318) from logger `RFC.session_aiohttp`
[INFO] session requesting PapersCoolPaperPage(venue_EMNLP.2017).PapersCoolPaperKimiSection(venue_EMNLP.2017_=D17-1107@ACL)

2024-04-04 00:12:02,936 <requestor-worker-9:4140868, MainThread:140046854821696> (requestor.py:_fetch_single_async:199 -> session.py:request:318) from logger `RFC.session_aiohttp`
[INFO] session requesting PapersCoolPaperPage(venue_ICCV.2023).PapersCoolPaperKimiSection(venue_ICCV.2023_=Choi_ORC_Network_Group-based_Knowledge_Distillation_using_Online_Role_Change@ICCV2023@CVF)

2024-04-04 00:12:02,937 <requestor-worker-9:4140868, MainThread:140046854821696> (requestor.py:_fetch_single_async:199 -> session.py:request:318) from logger `RFC.session_aiohttp`
[INFO] session requesting PapersCoolPaperPage(venue_ACL.2022).PapersCoolPaperKimiSection(venue_ACL.2022_=2022.findings-acl.150@ACL)

2024-04-04 00:12:02,939 <requestor-worker-9:4140868, MainThread:140046854821696> (requestor.py:_fetch_single_async:199 -> session.py:request:318) from logger `RFC.session_aiohttp`
[INFO] session requesting PapersCoolPaperPage(venue_ICCV.2019).PapersCoolPaperKimiSection(venue_ICCV.2019_=Kong_MMAct_A_Large-Scale_Dataset_for_Cross_Modal_Human_Action_Understanding@ICCV2019@CVF)

2024-04-04 00:12:02,942 <requestor-worker-9:4140868, MainThread:140046854821696> (requestor.py:_fetch_single_async:199 -> session.py:request:318) from logger `RFC.session_aiohttp`
[INFO] session requesting PapersCoolPaperPage(venue_CVPR.2021).PapersCoolPaperKimiSection(venue_CVPR.2021_=Zhou_Image_Restoration_for_Under-Display_Camera@CVPR2021@CVF)

2024-04-04 00:12:03,015 <requestor-worker-9:4140868, MainThread:140046854821696> (requestor.py:_fetch_single_async:199 -> session.py:request:318) from logger `RFC.session_aiohttp`
[INFO] session requesting PapersCoolPaperPage(venue_ACL.2012).PapersCoolPaperKimiSection(venue_ACL.2012_=P12-1020@ACL)

2024-04-04 00:12:03,017 <requestor-worker-9:4140868, MainThread:140046854821696> (requestor.py:_fetch_single_async:199 -> session.py:request:318) from logger `RFC.session_aiohttp`
[INFO] session requesting PapersCoolPaperPage(venue_ACL.2016).PapersCoolPaperKimiSection(venue_ACL.2016_=P16-1179@ACL)

2024-04-04 00:12:03,019 <requestor-worker-9:4140868, MainThread:140046854821696> (requestor.py:_fetch_single_async:199 -> session.py:request:318) from logger `RFC.session_aiohttp`
[INFO] session requesting PapersCoolPaperPage(venue_EMNLP.2020).PapersCoolPaperKimiSection(venue_EMNLP.2020_=2020.findings-emnlp.223@ACL)

2024-04-04 00:12:03,020 <requestor-worker-9:4140868, MainThread:140046854821696> (requestor.py:_fetch_single_async:199 -> session.py:request:318) from logger `RFC.session_aiohttp`
[INFO] session requesting PapersCoolPaperPage(venue_EMNLP.2021).PapersCoolPaperKimiSection(venue_EMNLP.2021_=2021.findings-emnlp.209@ACL)

2024-04-04 00:12:03,022 <requestor-worker-9:4140868, MainThread:140046854821696> (requestor.py:_fetch_single_async:199 -> session.py:request:318) from logger `RFC.session_aiohttp`
[INFO] session requesting PapersCoolPaperPage(venue_ICCV.2021).PapersCoolPaperKimiSection(venue_ICCV.2021_=Rempe_HuMoR_3D_Human_Motion_Model_for_Robust_Pose_Estimation@ICCV2021@CVF)

2024-04-04 00:12:03,023 <requestor-worker-9:4140868, MainThread:140046854821696> (requestor.py:_fetch_single_async:199 -> session.py:request:318) from logger `RFC.session_aiohttp`
[INFO] session requesting PapersCoolPaperPage(venue_EMNLP.2022).PapersCoolPaperKimiSection(venue_EMNLP.2022_=2022.findings-emnlp.330@ACL)

2024-04-04 00:12:03,025 <requestor-worker-9:4140868, MainThread:140046854821696> (requestor.py:_fetch_single_async:199 -> session.py:request:318) from logger `RFC.session_aiohttp`
[INFO] session requesting PapersCoolPaperPage(venue_ACL.2018).PapersCoolPaperKimiSection(venue_ACL.2018_=P18-1243@ACL)

2024-04-04 00:12:03,026 <requestor-worker-9:4140868, MainThread:140046854821696> (requestor.py:_fetch_single_async:199 -> session.py:request:318) from logger `RFC.session_aiohttp`
[INFO] session requesting PapersCoolPaperPage(venue_EMNLP.2016).PapersCoolPaperKimiSection(venue_EMNLP.2016_=D16-1034@ACL)

2024-04-04 00:12:03,130 <requestor-worker-9:4140868, MainThread:140046854821696> (requestor.py:_fetch_single_async:199 -> session.py:request:318) from logger `RFC.session_aiohttp`
[INFO] session requesting PapersCoolPaperPage(venue_ICCV.2019).PapersCoolPaperKimiSection(venue_ICCV.2019_=Innamorati_Neural_Re-Simulation_for_Generating_Bounces_in_Single_Images@ICCV2019@CVF)

2024-04-04 00:12:03,131 <requestor-worker-9:4140868, MainThread:140046854821696> (requestor.py:_fetch_single_async:199 -> session.py:request:318) from logger `RFC.session_aiohttp`
[INFO] session requesting PapersCoolPaperPage(venue_NeurIPS.2021).PapersCoolPaperKimiSection(venue_NeurIPS.2021_=kwU8HhoUi4W@OpenReview)

2024-04-04 00:12:03,133 <requestor-worker-9:4140868, MainThread:140046854821696> (requestor.py:_fetch_single_async:199 -> session.py:request:318) from logger `RFC.session_aiohttp`
[INFO] session requesting PapersCoolPaperPage(venue_ACL.2017).PapersCoolPaperKimiSection(venue_ACL.2017_=P17-1124@ACL)

2024-04-04 00:12:03,135 <requestor-worker-9:4140868, MainThread:140046854821696> (requestor.py:_fetch_single_async:199 -> session.py:request:318) from logger `RFC.session_aiohttp`
[INFO] session requesting PapersCoolPaperPage(venue_ACL.2018).PapersCoolPaperKimiSection(venue_ACL.2018_=P18-1245@ACL)

2024-04-04 00:12:03,136 <requestor-worker-9:4140868, MainThread:140046854821696> (requestor.py:_fetch_single_async:199 -> session.py:request:318) from logger `RFC.session_aiohttp`
[INFO] session requesting PapersCoolPaperPage(venue_EMNLP.2021).PapersCoolPaperKimiSection(venue_EMNLP.2021_=2021.findings-emnlp.212@ACL)

2024-04-04 00:12:03,138 <requestor-worker-9:4140868, MainThread:140046854821696> (requestor.py:_fetch_single_async:199 -> session.py:request:318) from logger `RFC.session_aiohttp`
[INFO] session requesting PapersCoolPaperPage(venue_ACL.2016).PapersCoolPaperKimiSection(venue_ACL.2016_=P16-1182@ACL)

2024-04-04 00:12:03,139 <requestor-worker-9:4140868, MainThread:140046854821696> (requestor.py:_fetch_single_async:199 -> session.py:request:318) from logger `RFC.session_aiohttp`
[INFO] session requesting PapersCoolPaperPage(venue_CVPR.2022).PapersCoolPaperKimiSection(venue_CVPR.2022_=Chen_Unpaired_Deep_Image_Deraining_Using_Dual_Contrastive_Learning@CVPR2022@CVF)

2024-04-04 00:12:03,157 <requestor-worker-9:4140868, MainThread:140046854821696> (requestor.py:_fetch_single_async:199 -> session.py:request:318) from logger `RFC.session_aiohttp`
[INFO] session requesting PapersCoolPaperPage(venue_CVPR.2022).PapersCoolPaperKimiSection(venue_CVPR.2022_=Li_Learning_Multiple_Dense_Prediction_Tasks_From_Partially_Annotated_Data@CVPR2022@CVF)

2024-04-04 00:12:03,215 <requestor-worker-9:4140868, MainThread:140046854821696> (requestor.py:_fetch_single_async:199 -> session.py:request:318) from logger `RFC.session_aiohttp`
[INFO] session requesting PapersCoolPaperPage(venue_ACL.2022).PapersCoolPaperKimiSection(venue_ACL.2022_=2022.findings-acl.158@ACL)

2024-04-04 00:12:03,217 <requestor-worker-9:4140868, MainThread:140046854821696> (requestor.py:_fetch_single_async:199 -> session.py:request:318) from logger `RFC.session_aiohttp`
[INFO] session requesting PapersCoolPaperPage(venue_EMNLP.2016).PapersCoolPaperKimiSection(venue_EMNLP.2016_=D16-1039@ACL)

2024-04-04 00:12:03,229 <requestor-worker-9:4140868, MainThread:140046854821696> (requestor.py:_fetch_single_async:199 -> session.py:request:318) from logger `RFC.session_aiohttp`
[INFO] session requesting PapersCoolPaperPage(venue_EMNLP.2023).PapersCoolPaperKimiSection(venue_EMNLP.2023_=2023.findings-emnlp.862@ACL)

2024-04-04 00:12:03,231 <requestor-worker-9:4140868, MainThread:140046854821696> (requestor.py:_fetch_single_async:199 -> session.py:request:318) from logger `RFC.session_aiohttp`
[INFO] session requesting PapersCoolPaperPage(venue_NeurIPS.2022).PapersCoolPaperKimiSection(venue_NeurIPS.2022_=LdKdbHw3A_6@OpenReview)

2024-04-04 00:12:03,232 <requestor-worker-9:4140868, MainThread:140046854821696> (requestor.py:_fetch_single_async:199 -> session.py:request:318) from logger `RFC.session_aiohttp`
[INFO] session requesting PapersCoolPaperPage(venue_CVPR.2021).PapersCoolPaperKimiSection(venue_CVPR.2021_=Que_VoxelContext-Net_An_Octree_Based_Framework_for_Point_Cloud_Compression@CVPR2021@CVF)

2024-04-04 00:12:03,233 <requestor-worker-9:4140868, MainThread:140046854821696> (requestor.py:_fetch_single_async:199 -> session.py:request:318) from logger `RFC.session_aiohttp`
[INFO] session requesting PapersCoolPaperPage(venue_ACL.2014).PapersCoolPaperKimiSection(venue_ACL.2014_=P14-1096@ACL)

2024-04-04 00:12:03,235 <requestor-worker-9:4140868, MainThread:140046854821696> (requestor.py:_fetch_single_async:199 -> session.py:request:318) from logger `RFC.session_aiohttp`
[INFO] session requesting PapersCoolPaperPage(venue_EMNLP.2015).PapersCoolPaperKimiSection(venue_EMNLP.2015_=D15-1088@ACL)

2024-04-04 00:12:03,236 <requestor-worker-9:4140868, MainThread:140046854821696> (requestor.py:_fetch_single_async:199 -> session.py:request:318) from logger `RFC.session_aiohttp`
[INFO] session requesting PapersCoolPaperPage(venue_EMNLP.2017).PapersCoolPaperKimiSection(venue_EMNLP.2017_=D17-1117@ACL)

2024-04-04 00:12:03,314 <requestor-worker-9:4140868, MainThread:140046854821696> (requestor.py:_fetch_single_async:199 -> session.py:request:318) from logger `RFC.session_aiohttp`
[INFO] session requesting PapersCoolPaperPage(venue_CVPR.2022).PapersCoolPaperKimiSection(venue_CVPR.2022_=Park_HandOccNet_Occlusion-Robust_3D_Hand_Mesh_Estimation_Network@CVPR2022@CVF)

2024-04-04 00:12:03,316 <requestor-worker-9:4140868, MainThread:140046854821696> (requestor.py:_fetch_single_async:199 -> session.py:request:318) from logger `RFC.session_aiohttp`
[INFO] session requesting PapersCoolPaperPage(venue_ICCV.2023).PapersCoolPaperKimiSection(venue_ICCV.2023_=Chen_AGG-Net_Attention_Guided_Gated-Convolutional_Network_for_Depth_Image_Completion@ICCV2023@CVF)

2024-04-04 00:12:03,318 <requestor-worker-9:4140868, MainThread:140046854821696> (requestor.py:_fetch_single_async:199 -> session.py:request:318) from logger `RFC.session_aiohttp`
[INFO] session requesting PapersCoolPaperPage(venue_EMNLP.2018).PapersCoolPaperKimiSection(venue_EMNLP.2018_=D18-1374@ACL)

2024-04-04 00:12:03,319 <requestor-worker-9:4140868, MainThread:140046854821696> (requestor.py:_fetch_single_async:199 -> session.py:request:318) from logger `RFC.session_aiohttp`
[INFO] session requesting PapersCoolPaperPage(venue_ACL.2020).PapersCoolPaperKimiSection(venue_ACL.2020_=2020.acl-main.648@ACL)

2024-04-04 00:12:03,321 <requestor-worker-9:4140868, MainThread:140046854821696> (requestor.py:_fetch_single_async:199 -> session.py:request:318) from logger `RFC.session_aiohttp`
[INFO] session requesting PapersCoolPaperPage(venue_INTERSPEECH.2022).PapersCoolPaperKimiSection(venue_INTERSPEECH.2022_=kuang22@interspeech_2022@ISCA)

2024-04-04 00:12:03,323 <requestor-worker-9:4140868, MainThread:140046854821696> (requestor.py:_fetch_single_async:199 -> session.py:request:318) from logger `RFC.session_aiohttp`
[INFO] session requesting PapersCoolPaperPage(venue_NeurIPS.2023).PapersCoolPaperKimiSection(venue_NeurIPS.2023_=1hZwxBgQ3G@OpenReview)

2024-04-04 00:12:03,325 <requestor-worker-9:4140868, MainThread:140046854821696> (requestor.py:_fetch_single_async:199 -> session.py:request:318) from logger `RFC.session_aiohttp`
[INFO] session requesting PapersCoolPaperPage(venue_ACL.2019).PapersCoolPaperKimiSection(venue_ACL.2019_=P19-1569@ACL)

2024-04-04 00:12:03,327 <requestor-worker-9:4140868, MainThread:140046854821696> (requestor.py:_fetch_single_async:199 -> session.py:request:318) from logger `RFC.session_aiohttp`
[INFO] session requesting PapersCoolPaperPage(venue_ICCV.2021).PapersCoolPaperKimiSection(venue_ICCV.2021_=Mitchel_Field_Convolutions_for_Surface_CNNs@ICCV2021@CVF)

2024-04-04 00:12:03,406 <requestor-worker-9:4140868, MainThread:140046854821696> (requestor.py:_fetch_single_async:199 -> session.py:request:318) from logger `RFC.session_aiohttp`
[INFO] session requesting PapersCoolPaperPage(venue_EMNLP.2016).PapersCoolPaperKimiSection(venue_EMNLP.2016_=D16-1046@ACL)

2024-04-04 00:12:03,408 <requestor-worker-9:4140868, MainThread:140046854821696> (requestor.py:_fetch_single_async:199 -> session.py:request:318) from logger `RFC.session_aiohttp`
[INFO] session requesting PapersCoolPaperPage(venue_ICML.2022).PapersCoolPaperKimiSection(venue_ICML.2022_=wang22m@v162@PMLR)

2024-04-04 00:12:03,409 <requestor-worker-9:4140868, MainThread:140046854821696> (requestor.py:_fetch_single_async:199 -> session.py:request:318) from logger `RFC.session_aiohttp`
[INFO] session requesting PapersCoolPaperPage(venue_CVPR.2022).PapersCoolPaperKimiSection(venue_CVPR.2022_=Liu_Learning_Non-Target_Knowledge_for_Few-Shot_Semantic_Segmentation@CVPR2022@CVF)

2024-04-04 00:12:03,411 <requestor-worker-9:4140868, MainThread:140046854821696> (requestor.py:_fetch_single_async:199 -> session.py:request:318) from logger `RFC.session_aiohttp`
[INFO] session requesting PapersCoolPaperPage(venue_EMNLP.2014).PapersCoolPaperKimiSection(venue_EMNLP.2014_=D14-1009@ACL)

2024-04-04 00:12:03,413 <requestor-worker-9:4140868, MainThread:140046854821696> (requestor.py:_fetch_single_async:199 -> session.py:request:318) from logger `RFC.session_aiohttp`
[INFO] session requesting PapersCoolPaperPage(venue_EMNLP.2021).PapersCoolPaperKimiSection(venue_EMNLP.2021_=2021.findings-emnlp.221@ACL)

2024-04-04 00:12:03,414 <requestor-worker-9:4140868, MainThread:140046854821696> (requestor.py:_fetch_single_async:199 -> session.py:request:318) from logger `RFC.session_aiohttp`
[INFO] session requesting PapersCoolPaperPage(venue_ACL.2018).PapersCoolPaperKimiSection(venue_ACL.2018_=P18-1255@ACL)

2024-04-04 00:12:03,416 <requestor-worker-9:4140868, MainThread:140046854821696> (requestor.py:_fetch_single_async:199 -> session.py:request:318) from logger `RFC.session_aiohttp`
[INFO] session requesting PapersCoolPaperPage(venue_ACL.2017).PapersCoolPaperKimiSection(venue_ACL.2017_=P17-1133@ACL)

2024-04-04 00:12:03,455 <requestor-worker-9:4140868, MainThread:140046854821696> (requestor.py:_fetch_single_async:199 -> session.py:request:318) from logger `RFC.session_aiohttp`
[INFO] session requesting PapersCoolPaperPage(venue_ICCV.2023).PapersCoolPaperKimiSection(venue_ICCV.2023_=Ren_UGC_Unified_GAN_Compression_for_Efficient_Image-to-Image_Translation@ICCV2023@CVF)

2024-04-04 00:12:03,498 <requestor-worker-9:4140868, MainThread:140046854821696> (requestor.py:_fetch_single_async:199 -> session.py:request:318) from logger `RFC.session_aiohttp`
[INFO] session requesting PapersCoolPaperPage(venue_CVPR.2023).PapersCoolPaperKimiSection(venue_CVPR.2023_=Liu_PoseExaminer_Automated_Testing_of_Out-of-Distribution_Robustness_in_Human_Pose_and@CVPR2023@CVF)

2024-04-04 00:12:03,500 <requestor-worker-9:4140868, MainThread:140046854821696> (requestor.py:_fetch_single_async:199 -> session.py:request:318) from logger `RFC.session_aiohttp`
[INFO] session requesting PapersCoolPaperPage(venue_ACL.2016).PapersCoolPaperKimiSection(venue_ACL.2016_=P16-1195@ACL)

2024-04-04 00:12:03,502 <requestor-worker-9:4140868, MainThread:140046854821696> (requestor.py:_fetch_single_async:199 -> session.py:request:318) from logger `RFC.session_aiohttp`
[INFO] session requesting PapersCoolPaperPage(venue_ICML.2021).PapersCoolPaperKimiSection(venue_ICML.2021_=jin21b@v139@PMLR)

2024-04-04 00:12:03,504 <requestor-worker-9:4140868, MainThread:140046854821696> (requestor.py:_fetch_single_async:199 -> session.py:request:318) from logger `RFC.session_aiohttp`
[INFO] session requesting PapersCoolPaperPage(venue_ACL.2014).PapersCoolPaperKimiSection(venue_ACL.2014_=P14-1105@ACL)

2024-04-04 00:12:03,515 <requestor-worker-9:4140868, MainThread:140046854821696> (requestor.py:_fetch_single_async:199 -> session.py:request:318) from logger `RFC.session_aiohttp`
[INFO] session requesting PapersCoolPaperPage(venue_CVPR.2022).PapersCoolPaperKimiSection(venue_CVPR.2022_=Li_Bridge-Prompt_Towards_Ordinal_Action_Understanding_in_Instructional_Videos@CVPR2022@CVF)

2024-04-04 00:12:03,517 <requestor-worker-9:4140868, MainThread:140046854821696> (requestor.py:_fetch_single_async:199 -> session.py:request:318) from logger `RFC.session_aiohttp`
[INFO] session requesting PapersCoolPaperPage(venue_ACL.2015).PapersCoolPaperKimiSection(venue_ACL.2015_=P15-2008@ACL)

2024-04-04 00:12:03,519 <requestor-worker-9:4140868, MainThread:140046854821696> (requestor.py:_fetch_single_async:199 -> session.py:request:318) from logger `RFC.session_aiohttp`
[INFO] session requesting PapersCoolPaperPage(venue_ICML.2021).PapersCoolPaperKimiSection(venue_ICML.2021_=yurtsever21a@v139@PMLR)

2024-04-04 00:12:03,522 <requestor-worker-9:4140868, MainThread:140046854821696> (requestor.py:_fetch_single_async:199 -> session.py:request:318) from logger `RFC.session_aiohttp`
[INFO] session requesting PapersCoolPaperPage(venue_ICCV.2021).PapersCoolPaperKimiSection(venue_ICCV.2021_=Chen_Shape_Self-Correction_for_Unsupervised_Point_Cloud_Understanding@ICCV2021@CVF)

2024-04-04 00:12:03,732 <requestor-worker-9:4140868, MainThread:140046854821696> (requestor.py:_fetch_single_async:199 -> session.py:request:318) from logger `RFC.session_aiohttp`
[INFO] session requesting PapersCoolPaperPage(venue_ACL.2016).PapersCoolPaperKimiSection(venue_ACL.2016_=P16-1200@ACL)

2024-04-04 00:12:03,734 <requestor-worker-9:4140868, MainThread:140046854821696> (requestor.py:_fetch_single_async:199 -> session.py:request:318) from logger `RFC.session_aiohttp`
[INFO] session requesting PapersCoolPaperPage(venue_INTERSPEECH.2022).PapersCoolPaperKimiSection(venue_INTERSPEECH.2022_=xu22b@interspeech_2022@ISCA)

2024-04-04 00:12:03,736 <requestor-worker-9:4140868, MainThread:140046854821696> (requestor.py:_fetch_single_async:199 -> session.py:request:318) from logger `RFC.session_aiohttp`
[INFO] session requesting PapersCoolPaperPage(venue_CVPR.2021).PapersCoolPaperKimiSection(venue_CVPR.2021_=Wei_MetaAlign_Coordinating_Domain_Alignment_and_Classification_for_Unsupervised_Domain_Adaptation@CVPR2021@CVF)

2024-04-04 00:12:03,737 <requestor-worker-9:4140868, MainThread:140046854821696> (requestor.py:_fetch_single_async:199 -> session.py:request:318) from logger `RFC.session_aiohttp`
[INFO] session requesting PapersCoolPaperPage(venue_EMNLP.2014).PapersCoolPaperKimiSection(venue_EMNLP.2014_=D14-1017@ACL)

2024-04-04 00:12:03,739 <requestor-worker-9:4140868, MainThread:140046854821696> (requestor.py:_fetch_single_async:199 -> session.py:request:318) from logger `RFC.session_aiohttp`
[INFO] session requesting PapersCoolPaperPage(venue_ACL.2023).PapersCoolPaperKimiSection(venue_ACL.2023_=2023.findings-acl.768@ACL)

2024-04-04 00:12:03,740 <requestor-worker-9:4140868, MainThread:140046854821696> (requestor.py:_fetch_single_async:199 -> session.py:request:318) from logger `RFC.session_aiohttp`
[INFO] session requesting PapersCoolPaperPage(venue_CVPR.2022).PapersCoolPaperKimiSection(venue_CVPR.2022_=Zhang_Modeling_3D_Layout_for_Group_Re-Identification@CVPR2022@CVF)

2024-04-04 00:12:03,742 <requestor-worker-9:4140868, MainThread:140046854821696> (requestor.py:_fetch_single_async:199 -> session.py:request:318) from logger `RFC.session_aiohttp`
[INFO] session requesting PapersCoolPaperPage(venue_ICML.2021).PapersCoolPaperKimiSection(venue_ICML.2021_=brown21a@v139@PMLR)

2024-04-04 00:12:03,744 <requestor-worker-9:4140868, MainThread:140046854821696> (requestor.py:_fetch_single_async:199 -> session.py:request:318) from logger `RFC.session_aiohttp`
[INFO] session requesting PapersCoolPaperPage(venue_CVPR.2022).PapersCoolPaperKimiSection(venue_CVPR.2022_=Rebut_Raw_High-Definition_Radar_for_Multi-Task_Learning@CVPR2022@CVF)

2024-04-04 00:12:04,038 <requestor-worker-9:4140868, MainThread:140046854821696> (requestor.py:_fetch_single_async:199 -> session.py:request:318) from logger `RFC.session_aiohttp`
[INFO] session requesting PapersCoolPaperPage(venue_ACL.2018).PapersCoolPaperKimiSection(venue_ACL.2018_=P18-2014@ACL)

2024-04-04 00:12:04,039 <requestor-worker-9:4140868, MainThread:140046854821696> (requestor.py:_fetch_single_async:199 -> session.py:request:318) from logger `RFC.session_aiohttp`
[INFO] session requesting PapersCoolPaperPage(venue_ICCV.2023).PapersCoolPaperKimiSection(venue_ICCV.2023_=Zust_LaRS_A_Diverse_Panoptic_Maritime_Obstacle_Detection_Dataset_and_Benchmark@ICCV2023@CVF)

2024-04-04 00:12:04,041 <requestor-worker-9:4140868, MainThread:140046854821696> (requestor.py:_fetch_single_async:199 -> session.py:request:318) from logger `RFC.session_aiohttp`
[INFO] session requesting PapersCoolPaperPage(venue_CVPR.2023).PapersCoolPaperKimiSection(venue_CVPR.2023_=Wang_Deep_Hashing_With_Minimal-Distance-Separated_Hash_Centers@CVPR2023@CVF)

2024-04-04 00:12:04,042 <requestor-worker-9:4140868, MainThread:140046854821696> (requestor.py:_fetch_single_async:199 -> session.py:request:318) from logger `RFC.session_aiohttp`
[INFO] session requesting PapersCoolPaperPage(venue_EMNLP.2023).PapersCoolPaperKimiSection(venue_EMNLP.2023_=2023.findings-emnlp.883@ACL)

2024-04-04 00:12:04,044 <requestor-worker-9:4140868, MainThread:140046854821696> (requestor.py:_fetch_single_async:199 -> session.py:request:318) from logger `RFC.session_aiohttp`
[INFO] session requesting PapersCoolPaperPage(venue_EMNLP.2021).PapersCoolPaperKimiSection(venue_EMNLP.2021_=2021.findings-emnlp.236@ACL)

2024-04-04 00:12:04,045 <requestor-worker-9:4140868, MainThread:140046854821696> (requestor.py:_fetch_single_async:199 -> session.py:request:318) from logger `RFC.session_aiohttp`
[INFO] session requesting PapersCoolPaperPage(venue_ACL.2023).PapersCoolPaperKimiSection(venue_ACL.2023_=2023.findings-acl.776@ACL)

2024-04-04 00:12:04,047 <requestor-worker-9:4140868, MainThread:140046854821696> (requestor.py:_fetch_single_async:199 -> session.py:request:318) from logger `RFC.session_aiohttp`
[INFO] session requesting PapersCoolPaperPage(venue_CVPR.2023).PapersCoolPaperKimiSection(venue_CVPR.2023_=Wang_MeMaHand_Exploiting_Mesh-Mano_Interaction_for_Single_Image_Two-Hand_Reconstruction@CVPR2023@CVF)

2024-04-04 00:12:04,048 <requestor-worker-9:4140868, MainThread:140046854821696> (requestor.py:_fetch_single_async:199 -> session.py:request:318) from logger `RFC.session_aiohttp`
[INFO] session requesting PapersCoolPaperPage(venue_EMNLP.2016).PapersCoolPaperKimiSection(venue_EMNLP.2016_=D16-1062@ACL)

2024-04-04 00:12:04,050 <requestor-worker-9:4140868, MainThread:140046854821696> (requestor.py:_fetch_single_async:199 -> session.py:request:318) from logger `RFC.session_aiohttp`
[INFO] session requesting PapersCoolPaperPage(venue_CVPR.2022).PapersCoolPaperKimiSection(venue_CVPR.2022_=Yan_ONCE-3DLanes_Building_Monocular_3D_Lane_Detection@CVPR2022@CVF)

2024-04-04 00:12:04,052 <requestor-worker-9:4140868, MainThread:140046854821696> (requestor.py:_fetch_single_async:199 -> session.py:request:318) from logger `RFC.session_aiohttp`
[INFO] session requesting PapersCoolPaperPage(venue_ACL.2017).PapersCoolPaperKimiSection(venue_ACL.2017_=P17-1149@ACL)

2024-04-04 00:12:04,054 <requestor-worker-9:4140868, MainThread:140046854821696> (requestor.py:_fetch_single_async:199 -> session.py:request:318) from logger `RFC.session_aiohttp`
[INFO] session requesting PapersCoolPaperPage(venue_CVPR.2021).PapersCoolPaperKimiSection(venue_CVPR.2021_=Abdelsalam_IIRC_Incremental_Implicitly-Refined_Classification@CVPR2021@CVF)

2024-04-04 00:12:04,055 <requestor-worker-9:4140868, MainThread:140046854821696> (requestor.py:_fetch_single_async:199 -> session.py:request:318) from logger `RFC.session_aiohttp`
[INFO] session requesting PapersCoolPaperPage(venue_EMNLP.2020).PapersCoolPaperKimiSection(venue_EMNLP.2020_=2020.findings-emnlp.252@ACL)

2024-04-04 00:12:04,057 <requestor-worker-9:4140868, MainThread:140046854821696> (requestor.py:_fetch_single_async:199 -> session.py:request:318) from logger `RFC.session_aiohttp`
[INFO] session requesting PapersCoolPaperPage(venue_EMNLP.2019).PapersCoolPaperKimiSection(venue_EMNLP.2019_=D19-1531@ACL)

2024-04-04 00:12:04,058 <requestor-worker-9:4140868, MainThread:140046854821696> (requestor.py:_fetch_single_async:199 -> session.py:request:318) from logger `RFC.session_aiohttp`
[INFO] session requesting PapersCoolPaperPage(venue_ACL.2020).PapersCoolPaperKimiSection(venue_ACL.2020_=2020.acl-main.665@ACL)

2024-04-04 00:12:04,060 <requestor-worker-9:4140868, MainThread:140046854821696> (requestor.py:_fetch_single_async:199 -> session.py:request:318) from logger `RFC.session_aiohttp`
[INFO] session requesting PapersCoolPaperPage(venue_ICML.2021).PapersCoolPaperKimiSection(venue_ICML.2021_=ramesh21a@v139@PMLR)

2024-04-04 00:12:04,061 <requestor-worker-9:4140868, MainThread:140046854821696> (requestor.py:_fetch_single_async:199 -> session.py:request:318) from logger `RFC.session_aiohttp`
[INFO] session requesting PapersCoolPaperPage(venue_EMNLP.2014).PapersCoolPaperKimiSection(venue_EMNLP.2014_=D14-1024@ACL)

2024-04-04 00:12:04,167 <requestor-worker-9:4140868, MainThread:140046854821696> (requestor.py:_fetch_single_async:199 -> session.py:request:318) from logger `RFC.session_aiohttp`
[INFO] session requesting PapersCoolPaperPage(venue_ACL.2019).PapersCoolPaperKimiSection(venue_ACL.2019_=P19-1593@ACL)

2024-04-04 00:12:04,169 <requestor-worker-9:4140868, MainThread:140046854821696> (requestor.py:_fetch_single_async:199 -> session.py:request:318) from logger `RFC.session_aiohttp`
[INFO] session requesting PapersCoolPaperPage(venue_ACL.2014).PapersCoolPaperKimiSection(venue_ACL.2014_=P14-1122@ACL)

2024-04-04 00:12:04,171 <requestor-worker-9:4140868, MainThread:140046854821696> (requestor.py:_fetch_single_async:199 -> session.py:request:318) from logger `RFC.session_aiohttp`
[INFO] session requesting PapersCoolPaperPage(venue_ACL.2021).PapersCoolPaperKimiSection(venue_ACL.2021_=2021.findings-acl.296@ACL)

2024-04-04 00:12:04,173 <requestor-worker-9:4140868, MainThread:140046854821696> (requestor.py:_fetch_single_async:199 -> session.py:request:318) from logger `RFC.session_aiohttp`
[INFO] session requesting PapersCoolPaperPage(venue_ACL.2020).PapersCoolPaperKimiSection(venue_ACL.2020_=2020.acl-main.667@ACL)

2024-04-04 00:12:04,174 <requestor-worker-9:4140868, MainThread:140046854821696> (requestor.py:_fetch_single_async:199 -> session.py:request:318) from logger `RFC.session_aiohttp`
[INFO] session requesting PapersCoolPaperPage(venue_EMNLP.2015).PapersCoolPaperKimiSection(venue_EMNLP.2015_=D15-1114@ACL)

2024-04-04 00:12:04,175 <requestor-worker-9:4140868, MainThread:140046854821696> (requestor.py:_fetch_single_async:199 -> session.py:request:318) from logger `RFC.session_aiohttp`
[INFO] session requesting PapersCoolPaperPage(venue_EMNLP.2016).PapersCoolPaperKimiSection(venue_EMNLP.2016_=D16-1066@ACL)

2024-04-04 00:12:04,177 <requestor-worker-9:4140868, MainThread:140046854821696> (requestor.py:_fetch_single_async:199 -> session.py:request:318) from logger `RFC.session_aiohttp`
[INFO] session requesting PapersCoolPaperPage(venue_CVPR.2022).PapersCoolPaperKimiSection(venue_CVPR.2022_=Zhan_Modulated_Contrast_for_Versatile_Image_Synthesis@CVPR2022@CVF)

2024-04-04 00:12:04,178 <requestor-worker-9:4140868, MainThread:140046854821696> (requestor.py:_fetch_single_async:199 -> session.py:request:318) from logger `RFC.session_aiohttp`
[INFO] session requesting PapersCoolPaperPage(venue_ACL.2012).PapersCoolPaperKimiSection(venue_ACL.2012_=P12-1050@ACL)

2024-04-04 00:12:04,224 <requestor-worker-9:4140868, MainThread:140046854821696> (requestor.py:_fetch_single_async:199 -> session.py:request:318) from logger `RFC.session_aiohttp`
[INFO] session requesting PapersCoolPaperPage(venue_ICCV.2021).PapersCoolPaperKimiSection(venue_ICCV.2021_=Lazarou_Iterative_Label_Cleaning_for_Transductive_and_Semi-Supervised_Few-Shot_Learning@ICCV2021@CVF)

2024-04-04 00:12:04,226 <requestor-worker-9:4140868, MainThread:140046854821696> (requestor.py:_fetch_single_async:199 -> session.py:request:318) from logger `RFC.session_aiohttp`
[INFO] session requesting PapersCoolPaperPage(venue_CVPR.2023).PapersCoolPaperKimiSection(venue_CVPR.2023_=Chen_OvarNet_Towards_Open-Vocabulary_Object_Attribute_Recognition@CVPR2023@CVF)

2024-04-04 00:12:04,227 <requestor-worker-9:4140868, MainThread:140046854821696> (requestor.py:_fetch_single_async:199 -> session.py:request:318) from logger `RFC.session_aiohttp`
[INFO] session requesting PapersCoolPaperPage(venue_EMNLP.2023).PapersCoolPaperKimiSection(venue_EMNLP.2023_=2023.findings-emnlp.890@ACL)

2024-04-04 00:12:04,625 <requestor-worker-9:4140868, MainThread:140046854821696> (requestor.py:_fetch_single_async:199 -> session.py:request:318) from logger `RFC.session_aiohttp`
[INFO] session requesting PapersCoolPaperPage(venue_EMNLP.2014).PapersCoolPaperKimiSection(venue_EMNLP.2014_=D14-1032@ACL)

2024-04-04 00:12:04,627 <requestor-worker-9:4140868, MainThread:140046854821696> (requestor.py:_fetch_single_async:199 -> session.py:request:318) from logger `RFC.session_aiohttp`
[INFO] session requesting PapersCoolPaperPage(venue_ICCV.2021).PapersCoolPaperKimiSection(venue_ICCV.2021_=Huang_Trash_To_Treasure_Harvesting_OOD_Data_With_Cross-Modal_Matching_for@ICCV2021@CVF)

2024-04-04 00:12:04,628 <requestor-worker-9:4140868, MainThread:140046854821696> (requestor.py:_fetch_single_async:199 -> session.py:request:318) from logger `RFC.session_aiohttp`
[INFO] session requesting PapersCoolPaperPage(venue_CVPR.2022).PapersCoolPaperKimiSection(venue_CVPR.2022_=Johari_GeoNeRF_Generalizing_NeRF_With_Geometry_Priors@CVPR2022@CVF)

2024-04-04 00:12:04,630 <requestor-worker-9:4140868, MainThread:140046854821696> (requestor.py:_fetch_single_async:199 -> session.py:request:318) from logger `RFC.session_aiohttp`
[INFO] session requesting PapersCoolPaperPage(venue_CVPR.2023).PapersCoolPaperKimiSection(venue_CVPR.2023_=Zhao_Learning_Anchor_Transformations_for_3D_Garment_Animation@CVPR2023@CVF)

2024-04-04 00:12:04,631 <requestor-worker-9:4140868, MainThread:140046854821696> (requestor.py:_fetch_single_async:199 -> session.py:request:318) from logger `RFC.session_aiohttp`
[INFO] session requesting PapersCoolPaperPage(venue_NeurIPS.2022).PapersCoolPaperKimiSection(venue_NeurIPS.2022_=O4Q39aQFz0Y@OpenReview)

2024-04-04 00:12:04,633 <requestor-worker-9:4140868, MainThread:140046854821696> (requestor.py:_fetch_single_async:199 -> session.py:request:318) from logger `RFC.session_aiohttp`
[INFO] session requesting PapersCoolPaperPage(venue_EMNLP.2018).PapersCoolPaperKimiSection(venue_EMNLP.2018_=D18-1395@ACL)

2024-04-04 00:12:04,635 <requestor-worker-9:4140868, MainThread:140046854821696> (requestor.py:_fetch_single_async:199 -> session.py:request:318) from logger `RFC.session_aiohttp`
[INFO] session requesting PapersCoolPaperPage(venue_ACL.2012).PapersCoolPaperKimiSection(venue_ACL.2012_=P12-1055@ACL)

2024-04-04 00:12:04,636 <requestor-worker-9:4140868, MainThread:140046854821696> (requestor.py:_fetch_single_async:199 -> session.py:request:318) from logger `RFC.session_aiohttp`
[INFO] session requesting PapersCoolPaperPage(venue_EMNLP.2013).PapersCoolPaperKimiSection(venue_EMNLP.2013_=D13-1014@ACL)

2024-04-04 00:12:04,638 <requestor-worker-9:4140868, MainThread:140046854821696> (requestor.py:_fetch_single_async:199 -> session.py:request:318) from logger `RFC.session_aiohttp`
[INFO] session requesting PapersCoolPaperPage(venue_EMNLP.2017).PapersCoolPaperKimiSection(venue_EMNLP.2017_=D17-1148@ACL)

2024-04-04 00:12:04,639 <requestor-worker-9:4140868, MainThread:140046854821696> (requestor.py:_fetch_single_async:199 -> session.py:request:318) from logger `RFC.session_aiohttp`
[INFO] session requesting PapersCoolPaperPage(venue_ICCV.2019).PapersCoolPaperKimiSection(venue_ICCV.2019_=Feng_TextDragon_An_End-to-End_Framework_for_Arbitrary_Shaped_Text_Spotting@ICCV2019@CVF)

2024-04-04 00:12:04,641 <requestor-worker-9:4140868, MainThread:140046854821696> (requestor.py:_fetch_single_async:199 -> session.py:request:318) from logger `RFC.session_aiohttp`
[INFO] session requesting PapersCoolPaperPage(venue_ACL.2019).PapersCoolPaperKimiSection(venue_ACL.2019_=P19-1599@ACL)

2024-04-04 00:12:04,642 <requestor-worker-9:4140868, MainThread:140046854821696> (requestor.py:_fetch_single_async:199 -> session.py:request:318) from logger `RFC.session_aiohttp`
[INFO] session requesting PapersCoolPaperPage(venue_EMNLP.2019).PapersCoolPaperKimiSection(venue_EMNLP.2019_=D19-1541@ACL)

2024-04-04 00:12:04,643 <requestor-worker-9:4140868, MainThread:140046854821696> (requestor.py:_fetch_single_async:199 -> session.py:request:318) from logger `RFC.session_aiohttp`
[INFO] session requesting PapersCoolPaperPage(venue_CVPR.2022).PapersCoolPaperKimiSection(venue_CVPR.2022_=Li_MISF_Multi-Level_Interactive_Siamese_Filtering_for_High-Fidelity_Image_Inpainting@CVPR2022@CVF)

2024-04-04 00:12:05,118 <requestor-worker-9:4140868, MainThread:140046854821696> (requestor.py:_fetch_single_async:199 -> session.py:request:318) from logger `RFC.session_aiohttp`
[INFO] session requesting PapersCoolPaperPage(venue_EMNLP.2020).PapersCoolPaperKimiSection(venue_EMNLP.2020_=2020.findings-emnlp.264@ACL)

2024-04-04 00:12:05,120 <requestor-worker-9:4140868, MainThread:140046854821696> (requestor.py:_fetch_single_async:199 -> session.py:request:318) from logger `RFC.session_aiohttp`
[INFO] session requesting PapersCoolPaperPage(venue_ACL.2012).PapersCoolPaperKimiSection(venue_ACL.2012_=P12-1058@ACL)

2024-04-04 00:12:05,122 <requestor-worker-9:4140868, MainThread:140046854821696> (requestor.py:_fetch_single_async:199 -> session.py:request:318) from logger `RFC.session_aiohttp`
[INFO] session requesting PapersCoolPaperPage(venue_CVPR.2023).PapersCoolPaperKimiSection(venue_CVPR.2023_=Feng_Network-Free_Unsupervised_Semantic_Segmentation_With_Synthetic_Images@CVPR2023@CVF)

2024-04-04 00:12:05,123 <requestor-worker-9:4140868, MainThread:140046854821696> (requestor.py:_fetch_single_async:199 -> session.py:request:318) from logger `RFC.session_aiohttp`
[INFO] session requesting PapersCoolPaperPage(venue_ICCV.2023).PapersCoolPaperKimiSection(venue_ICCV.2023_=Zhu_Prompt-aligned_Gradient_for_Prompt_Tuning@ICCV2023@CVF)

2024-04-04 00:12:05,125 <requestor-worker-9:4140868, MainThread:140046854821696> (requestor.py:_fetch_single_async:199 -> session.py:request:318) from logger `RFC.session_aiohttp`
[INFO] session requesting PapersCoolPaperPage(venue_ACL.2019).PapersCoolPaperKimiSection(venue_ACL.2019_=P19-1602@ACL)

2024-04-04 00:12:05,126 <requestor-worker-9:4140868, MainThread:140046854821696> (requestor.py:_fetch_single_async:199 -> session.py:request:318) from logger `RFC.session_aiohttp`
[INFO] session requesting PapersCoolPaperPage(venue_EMNLP.2023).PapersCoolPaperKimiSection(venue_EMNLP.2023_=2023.findings-emnlp.896@ACL)

2024-04-04 00:12:05,128 <requestor-worker-9:4140868, MainThread:140046854821696> (requestor.py:_fetch_single_async:199 -> session.py:request:318) from logger `RFC.session_aiohttp`
[INFO] session requesting PapersCoolPaperPage(venue_ACL.2021).PapersCoolPaperKimiSection(venue_ACL.2021_=2021.findings-acl.305@ACL)

2024-04-04 00:12:05,129 <requestor-worker-9:4140868, MainThread:140046854821696> (requestor.py:_fetch_single_async:199 -> session.py:request:318) from logger `RFC.session_aiohttp`
[INFO] session requesting PapersCoolPaperPage(venue_ACL.2014).PapersCoolPaperKimiSection(venue_ACL.2014_=P14-1134@ACL)

2024-04-04 00:12:05,131 <requestor-worker-9:4140868, MainThread:140046854821696> (requestor.py:_fetch_single_async:199 -> session.py:request:318) from logger `RFC.session_aiohttp`
[INFO] session requesting PapersCoolPaperPage(venue_CVPR.2022).PapersCoolPaperKimiSection(venue_CVPR.2022_=Chen_LSVC_A_Learning-Based_Stereo_Video_Compression_Framework@CVPR2022@CVF)

2024-04-04 00:12:05,132 <requestor-worker-9:4140868, MainThread:140046854821696> (requestor.py:_fetch_single_async:199 -> session.py:request:318) from logger `RFC.session_aiohttp`
[INFO] session requesting PapersCoolPaperPage(venue_ACL.2018).PapersCoolPaperKimiSection(venue_ACL.2018_=P18-2029@ACL)

2024-04-04 00:12:05,135 <requestor-worker-9:4140868, MainThread:140046854821696> (requestor.py:_fetch_single_async:199 -> session.py:request:318) from logger `RFC.session_aiohttp`
[INFO] session requesting PapersCoolPaperPage(venue_EMNLP.2022).PapersCoolPaperKimiSection(venue_EMNLP.2022_=2022.findings-emnlp.372@ACL)

2024-04-04 00:12:05,330 <requestor-worker-9:4140868, MainThread:140046854821696> (requestor.py:_fetch_single_async:199 -> session.py:request:318) from logger `RFC.session_aiohttp`
[INFO] session requesting PapersCoolPaperPage(venue_EMNLP.2014).PapersCoolPaperKimiSection(venue_EMNLP.2014_=D14-1040@ACL)

2024-04-04 00:12:05,331 <requestor-worker-9:4140868, MainThread:140046854821696> (requestor.py:_fetch_single_async:199 -> session.py:request:318) from logger `RFC.session_aiohttp`
[INFO] session requesting PapersCoolPaperPage(venue_EMNLP.2020).PapersCoolPaperKimiSection(venue_EMNLP.2020_=2020.findings-emnlp.269@ACL)

2024-04-04 00:12:05,333 <requestor-worker-9:4140868, MainThread:140046854821696> (requestor.py:_fetch_single_async:199 -> session.py:request:318) from logger `RFC.session_aiohttp`
[INFO] session requesting PapersCoolPaperPage(venue_ICCV.2023).PapersCoolPaperKimiSection(venue_ICCV.2023_=Wu_Scalable_Video_Object_Segmentation_with_Simplified_Framework@ICCV2023@CVF)

2024-04-04 00:12:05,335 <requestor-worker-9:4140868, MainThread:140046854821696> (requestor.py:_fetch_single_async:199 -> session.py:request:318) from logger `RFC.session_aiohttp`
[INFO] session requesting PapersCoolPaperPage(venue_EMNLP.2019).PapersCoolPaperKimiSection(venue_EMNLP.2019_=D19-1551@ACL)

2024-04-04 00:12:05,336 <requestor-worker-9:4140868, MainThread:140046854821696> (requestor.py:_fetch_single_async:199 -> session.py:request:318) from logger `RFC.session_aiohttp`
[INFO] session requesting PapersCoolPaperPage(venue_ICCV.2019).PapersCoolPaperKimiSection(venue_ICCV.2019_=Bolya_YOLACT_Real-Time_Instance_Segmentation@ICCV2019@CVF)

2024-04-04 00:12:05,338 <requestor-worker-9:4140868, MainThread:140046854821696> (requestor.py:_fetch_single_async:199 -> session.py:request:318) from logger `RFC.session_aiohttp`
[INFO] session requesting PapersCoolPaperPage(venue_CVPR.2021).PapersCoolPaperKimiSection(venue_CVPR.2021_=Esser_Taming_Transformers_for_High-Resolution_Image_Synthesis@CVPR2021@CVF)

2024-04-04 00:12:05,339 <requestor-worker-9:4140868, MainThread:140046854821696> (requestor.py:_fetch_single_async:199 -> session.py:request:318) from logger `RFC.session_aiohttp`
[INFO] session requesting PapersCoolPaperPage(venue_ACL.2013).PapersCoolPaperKimiSection(venue_ACL.2013_=P13-2059@ACL)

2024-04-04 00:12:05,341 <requestor-worker-9:4140868, MainThread:140046854821696> (requestor.py:_fetch_single_async:199 -> session.py:request:318) from logger `RFC.session_aiohttp`
[INFO] session requesting PapersCoolPaperPage(venue_NeurIPS.2022).PapersCoolPaperKimiSection(venue_NeurIPS.2022_=GFgjnk2Q-ju@OpenReview)

2024-04-04 00:12:05,342 <requestor-worker-9:4140868, MainThread:140046854821696> (requestor.py:_fetch_single_async:199 -> session.py:request:318) from logger `RFC.session_aiohttp`
[INFO] session requesting PapersCoolPaperPage(venue_ACL.2014).PapersCoolPaperKimiSection(venue_ACL.2014_=P14-1140@ACL)

2024-04-04 00:12:05,344 <requestor-worker-9:4140868, MainThread:140046854821696> (requestor.py:_fetch_single_async:199 -> session.py:request:318) from logger `RFC.session_aiohttp`
[INFO] session requesting PapersCoolPaperPage(venue_CVPR.2023).PapersCoolPaperKimiSection(venue_CVPR.2023_=Li_Lift3D_Synthesize_3D_Training_Data_by_Lifting_2D_GAN_to@CVPR2023@CVF)

2024-04-04 00:12:05,346 <requestor-worker-9:4140868, MainThread:140046854821696> (requestor.py:_fetch_single_async:199 -> session.py:request:318) from logger `RFC.session_aiohttp`
[INFO] session requesting PapersCoolPaperPage(venue_ACL.2020).PapersCoolPaperKimiSection(venue_ACL.2020_=2020.acl-main.681@ACL)

2024-04-04 00:12:05,347 <requestor-worker-9:4140868, MainThread:140046854821696> (requestor.py:_fetch_single_async:199 -> session.py:request:318) from logger `RFC.session_aiohttp`
[INFO] session requesting PapersCoolPaperPage(venue_EMNLP.2016).PapersCoolPaperKimiSection(venue_EMNLP.2016_=D16-1082@ACL)

2024-04-04 00:12:05,349 <requestor-worker-9:4140868, MainThread:140046854821696> (requestor.py:_fetch_single_async:199 -> session.py:request:318) from logger `RFC.session_aiohttp`
[INFO] session requesting PapersCoolPaperPage(venue_ACL.2022).PapersCoolPaperKimiSection(venue_ACL.2022_=2022.findings-acl.197@ACL)

2024-04-04 00:12:05,435 <requestor-worker-9:4140868, MainThread:140046854821696> (requestor.py:_fetch_single_async:199 -> session.py:request:318) from logger `RFC.session_aiohttp`
[INFO] session requesting PapersCoolPaperPage(venue_EMNLP.2020).PapersCoolPaperKimiSection(venue_EMNLP.2020_=2020.findings-emnlp.271@ACL)

2024-04-04 00:12:05,437 <requestor-worker-9:4140868, MainThread:140046854821696> (requestor.py:_fetch_single_async:199 -> session.py:request:318) from logger `RFC.session_aiohttp`
[INFO] session requesting PapersCoolPaperPage(venue_EMNLP.2014).PapersCoolPaperKimiSection(venue_EMNLP.2014_=D14-1043@ACL)

2024-04-04 00:12:05,438 <requestor-worker-9:4140868, MainThread:140046854821696> (requestor.py:_fetch_single_async:199 -> session.py:request:318) from logger `RFC.session_aiohttp`
[INFO] session requesting PapersCoolPaperPage(venue_EMNLP.2019).PapersCoolPaperKimiSection(venue_EMNLP.2019_=D19-1554@ACL)

2024-04-04 00:12:05,440 <requestor-worker-9:4140868, MainThread:140046854821696> (requestor.py:_fetch_single_async:199 -> session.py:request:318) from logger `RFC.session_aiohttp`
[INFO] session requesting PapersCoolPaperPage(venue_ICCV.2019).PapersCoolPaperKimiSection(venue_ICCV.2019_=Chen_Explaining_Neural_Networks_Semantically_and_Quantitatively@ICCV2019@CVF)

2024-04-04 00:12:05,442 <requestor-worker-9:4140868, MainThread:140046854821696> (requestor.py:_fetch_single_async:199 -> session.py:request:318) from logger `RFC.session_aiohttp`
[INFO] session requesting PapersCoolPaperPage(venue_CVPR.2023).PapersCoolPaperKimiSection(venue_CVPR.2023_=Cheng_Out-of-Candidate_Rectification_for_Weakly_Supervised_Semantic_Segmentation@CVPR2023@CVF)

2024-04-04 00:12:05,443 <requestor-worker-9:4140868, MainThread:140046854821696> (requestor.py:_fetch_single_async:199 -> session.py:request:318) from logger `RFC.session_aiohttp`
[INFO] session requesting PapersCoolPaperPage(venue_ACL.2020).PapersCoolPaperKimiSection(venue_ACL.2020_=2020.acl-main.683@ACL)

2024-04-04 00:12:05,445 <requestor-worker-9:4140868, MainThread:140046854821696> (requestor.py:_fetch_single_async:199 -> session.py:request:318) from logger `RFC.session_aiohttp`
[INFO] session requesting PapersCoolPaperPage(venue_ACL.2016).PapersCoolPaperKimiSection(venue_ACL.2016_=P16-1227@ACL)

2024-04-04 00:12:05,446 <requestor-worker-9:4140868, MainThread:140046854821696> (requestor.py:_fetch_single_async:199 -> session.py:request:318) from logger `RFC.session_aiohttp`
[INFO] session requesting PapersCoolPaperPage(venue_NeurIPS.2021).PapersCoolPaperKimiSection(venue_NeurIPS.2021_=VhMwt_GhDy9@OpenReview)

2024-04-04 00:12:05,450 <requestor-worker-9:4140868, MainThread:140046854821696> (requestor.py:_fetch_single_async:199 -> session.py:request:318) from logger `RFC.session_aiohttp`
[INFO] session requesting PapersCoolPaperPage(venue_CVPR.2023).PapersCoolPaperKimiSection(venue_CVPR.2023_=Yu_Foundation_Model_Drives_Weakly_Incremental_Learning_for_Semantic_Segmentation@CVPR2023@CVF)

2024-04-04 00:12:05,511 <requestor-worker-9:4140868, MainThread:140046854821696> (requestor.py:_fetch_single_async:199 -> session.py:request:318) from logger `RFC.session_aiohttp`
[INFO] session requesting PapersCoolPaperPage(venue_EMNLP.2020).PapersCoolPaperKimiSection(venue_EMNLP.2020_=2020.findings-emnlp.274@ACL)

2024-04-04 00:12:05,692 <requestor-worker-9:4140868, MainThread:140046854821696> (requestor.py:_fetch_single_async:199 -> session.py:request:318) from logger `RFC.session_aiohttp`
[INFO] session requesting PapersCoolPaperPage(venue_CVPR.2022).PapersCoolPaperKimiSection(venue_CVPR.2022_=Wu_Single-Domain_Generalized_Object_Detection_in_Urban_Scene_via_Cyclic-Disentangled_Self-Distillation@CVPR2022@CVF)

2024-04-04 00:12:05,693 <requestor-worker-9:4140868, MainThread:140046854821696> (requestor.py:_fetch_single_async:199 -> session.py:request:318) from logger `RFC.session_aiohttp`
[INFO] session requesting PapersCoolPaperPage(venue_CVPR.2021).PapersCoolPaperKimiSection(venue_CVPR.2021_=Gonzalez_PLADE-Net_Towards_Pixel-Level_Accuracy_for_Self-Supervised_Single-View_Depth_Estimation_With@CVPR2021@CVF)

2024-04-04 00:12:05,695 <requestor-worker-9:4140868, MainThread:140046854821696> (requestor.py:_fetch_single_async:199 -> session.py:request:318) from logger `RFC.session_aiohttp`
[INFO] session requesting PapersCoolPaperPage(venue_EMNLP.2021).PapersCoolPaperKimiSection(venue_EMNLP.2021_=2021.findings-emnlp.268@ACL)

2024-04-04 00:12:05,696 <requestor-worker-9:4140868, MainThread:140046854821696> (requestor.py:_fetch_single_async:199 -> session.py:request:318) from logger `RFC.session_aiohttp`
[INFO] session requesting PapersCoolPaperPage(venue_ACL.2018).PapersCoolPaperKimiSection(venue_ACL.2018_=P18-2046@ACL)

2024-04-04 00:12:05,698 <requestor-worker-9:4140868, MainThread:140046854821696> (requestor.py:_fetch_single_async:199 -> session.py:request:318) from logger `RFC.session_aiohttp`
[INFO] session requesting PapersCoolPaperPage(venue_ACL.2013).PapersCoolPaperKimiSection(venue_ACL.2013_=P13-2070@ACL)

2024-04-04 00:12:05,700 <requestor-worker-9:4140868, MainThread:140046854821696> (requestor.py:_fetch_single_async:199 -> session.py:request:318) from logger `RFC.session_aiohttp`
[INFO] session requesting PapersCoolPaperPage(venue_ACL.2023).PapersCoolPaperKimiSection(venue_ACL.2023_=2023.findings-acl.800@ACL)

2024-04-04 00:12:05,702 <requestor-worker-9:4140868, MainThread:140046854821696> (requestor.py:_fetch_single_async:199 -> session.py:request:318) from logger `RFC.session_aiohttp`
[INFO] session requesting PapersCoolPaperPage(venue_EMNLP.2017).PapersCoolPaperKimiSection(venue_EMNLP.2017_=D17-1166@ACL)

2024-04-04 00:12:05,703 <requestor-worker-9:4140868, MainThread:140046854821696> (requestor.py:_fetch_single_async:199 -> session.py:request:318) from logger `RFC.session_aiohttp`
[INFO] session requesting PapersCoolPaperPage(venue_CVPR.2023).PapersCoolPaperKimiSection(venue_CVPR.2023_=Lan_Vision_Transformers_Are_Good_Mask_Auto-Labelers@CVPR2023@CVF)

2024-04-04 00:12:05,705 <requestor-worker-9:4140868, MainThread:140046854821696> (requestor.py:_fetch_single_async:199 -> session.py:request:318) from logger `RFC.session_aiohttp`
[INFO] session requesting PapersCoolPaperPage(venue_NeurIPS.2022).PapersCoolPaperKimiSection(venue_NeurIPS.2022_=zfQrX05HzBO@OpenReview)

2024-04-04 00:12:05,707 <requestor-worker-9:4140868, MainThread:140046854821696> (requestor.py:_fetch_single_async:199 -> session.py:request:318) from logger `RFC.session_aiohttp`
[INFO] session requesting PapersCoolPaperPage(venue_EMNLP.2014).PapersCoolPaperKimiSection(venue_EMNLP.2014_=D14-1052@ACL)

2024-04-04 00:12:05,708 <requestor-worker-9:4140868, MainThread:140046854821696> (requestor.py:_fetch_single_async:199 -> session.py:request:318) from logger `RFC.session_aiohttp`
[INFO] session requesting PapersCoolPaperPage(venue_ACL.2014).PapersCoolPaperKimiSection(venue_ACL.2014_=P14-2005@ACL)

2024-04-04 00:12:05,710 <requestor-worker-9:4140868, MainThread:140046854821696> (requestor.py:_fetch_single_async:199 -> session.py:request:318) from logger `RFC.session_aiohttp`
[INFO] session requesting PapersCoolPaperPage(venue_NeurIPS.2021).PapersCoolPaperKimiSection(venue_NeurIPS.2021_=B2cyX_ht4VI@OpenReview)

2024-04-04 00:12:05,905 <requestor-worker-9:4140868, MainThread:140046854821696> (requestor.py:_fetch_single_async:199 -> session.py:request:318) from logger `RFC.session_aiohttp`
[INFO] session requesting PapersCoolPaperPage(venue_EMNLP.2018).PapersCoolPaperKimiSection(venue_EMNLP.2018_=D18-1417@ACL)

2024-04-04 00:12:05,907 <requestor-worker-9:4140868, MainThread:140046854821696> (requestor.py:_fetch_single_async:199 -> session.py:request:318) from logger `RFC.session_aiohttp`
[INFO] session requesting PapersCoolPaperPage(venue_ACL.2016).PapersCoolPaperKimiSection(venue_ACL.2016_=P16-2009@ACL)

2024-04-04 00:12:05,909 <requestor-worker-9:4140868, MainThread:140046854821696> (requestor.py:_fetch_single_async:199 -> session.py:request:318) from logger `RFC.session_aiohttp`
[INFO] session requesting PapersCoolPaperPage(venue_EMNLP.2014).PapersCoolPaperKimiSection(venue_EMNLP.2014_=D14-1057@ACL)

2024-04-04 00:12:05,911 <requestor-worker-9:4140868, MainThread:140046854821696> (requestor.py:_fetch_single_async:199 -> session.py:request:318) from logger `RFC.session_aiohttp`
[INFO] session requesting PapersCoolPaperPage(venue_ACL.2017).PapersCoolPaperKimiSection(venue_ACL.2017_=P17-1186@ACL)

2024-04-04 00:12:05,913 <requestor-worker-9:4140868, MainThread:140046854821696> (requestor.py:_fetch_single_async:199 -> session.py:request:318) from logger `RFC.session_aiohttp`
[INFO] session requesting PapersCoolPaperPage(venue_EMNLP.2013).PapersCoolPaperKimiSection(venue_EMNLP.2013_=D13-1038@ACL)

2024-04-04 00:12:05,915 <requestor-worker-9:4140868, MainThread:140046854821696> (requestor.py:_fetch_single_async:199 -> session.py:request:318) from logger `RFC.session_aiohttp`
[INFO] session requesting PapersCoolPaperPage(venue_ICCV.2023).PapersCoolPaperKimiSection(venue_ICCV.2023_=Wang_Guiding_Local_Feature_Matching_with_Surface_Curvature@ICCV2023@CVF)

2024-04-04 00:12:05,917 <requestor-worker-9:4140868, MainThread:140046854821696> (requestor.py:_fetch_single_async:199 -> session.py:request:318) from logger `RFC.session_aiohttp`
[INFO] session requesting PapersCoolPaperPage(venue_EMNLP.2017).PapersCoolPaperKimiSection(venue_EMNLP.2017_=D17-1171@ACL)

2024-04-04 00:12:05,919 <requestor-worker-9:4140868, MainThread:140046854821696> (requestor.py:_fetch_single_async:199 -> session.py:request:318) from logger `RFC.session_aiohttp`
[INFO] session requesting PapersCoolPaperPage(venue_NeurIPS.2021).PapersCoolPaperKimiSection(venue_NeurIPS.2021_=0yMGEUQKd2D@OpenReview)

2024-04-04 00:12:05,921 <requestor-worker-9:4140868, MainThread:140046854821696> (requestor.py:_fetch_single_async:199 -> session.py:request:318) from logger `RFC.session_aiohttp`
[INFO] session requesting PapersCoolPaperPage(venue_ACL.2020).PapersCoolPaperKimiSection(venue_ACL.2020_=2020.acl-main.695@ACL)

2024-04-04 00:12:05,922 <requestor-worker-9:4140868, MainThread:140046854821696> (requestor.py:_fetch_single_async:199 -> session.py:request:318) from logger `RFC.session_aiohttp`
[INFO] session requesting PapersCoolPaperPage(venue_EMNLP.2023).PapersCoolPaperKimiSection(venue_EMNLP.2023_=2023.findings-emnlp.919@ACL)

2024-04-04 00:12:05,925 <requestor-worker-9:4140868, MainThread:140046854821696> (requestor.py:_fetch_single_async:199 -> session.py:request:318) from logger `RFC.session_aiohttp`
[INFO] session requesting PapersCoolPaperPage(venue_CVPR.2021).PapersCoolPaperKimiSection(venue_CVPR.2021_=Chi_Feature-Level_Collaboration_Joint_Unsupervised_Learning_of_Optical_Flow_Stereo_Depth@CVPR2021@CVF)

2024-04-04 00:12:05,927 <requestor-worker-9:4140868, MainThread:140046854821696> (requestor.py:_fetch_single_async:199 -> session.py:request:318) from logger `RFC.session_aiohttp`
[INFO] session requesting PapersCoolPaperPage(venue_ACL.2013).PapersCoolPaperKimiSection(venue_ACL.2013_=P13-2076@ACL)

2024-04-04 00:12:06,059 <requestor-worker-9:4140868, MainThread:140046854821696> (requestor.py:_fetch_single_async:199 -> session.py:request:318) from logger `RFC.session_aiohttp`
[INFO] session requesting PapersCoolPaperPage(venue_EMNLP.2019).PapersCoolPaperKimiSection(venue_EMNLP.2019_=D19-1571@ACL)

2024-04-04 00:12:06,061 <requestor-worker-9:4140868, MainThread:140046854821696> (requestor.py:_fetch_single_async:199 -> session.py:request:318) from logger `RFC.session_aiohttp`
[INFO] session requesting PapersCoolPaperPage(venue_EMNLP.2023).PapersCoolPaperKimiSection(venue_EMNLP.2023_=2023.findings-emnlp.921@ACL)

2024-04-04 00:12:06,062 <requestor-worker-9:4140868, MainThread:140046854821696> (requestor.py:_fetch_single_async:199 -> session.py:request:318) from logger `RFC.session_aiohttp`
[INFO] session requesting PapersCoolPaperPage(venue_ACL.2017).PapersCoolPaperKimiSection(venue_ACL.2017_=P17-1189@ACL)

2024-04-04 00:12:06,064 <requestor-worker-9:4140868, MainThread:140046854821696> (requestor.py:_fetch_single_async:199 -> session.py:request:318) from logger `RFC.session_aiohttp`
[INFO] session requesting PapersCoolPaperPage(venue_ACL.2019).PapersCoolPaperKimiSection(venue_ACL.2019_=P19-1627@ACL)

2024-04-04 00:12:06,066 <requestor-worker-9:4140868, MainThread:140046854821696> (requestor.py:_fetch_single_async:199 -> session.py:request:318) from logger `RFC.session_aiohttp`
[INFO] session requesting PapersCoolPaperPage(venue_EMNLP.2017).PapersCoolPaperKimiSection(venue_EMNLP.2017_=D17-1174@ACL)

2024-04-04 00:12:06,068 <requestor-worker-9:4140868, MainThread:140046854821696> (requestor.py:_fetch_single_async:199 -> session.py:request:318) from logger `RFC.session_aiohttp`
[INFO] session requesting PapersCoolPaperPage(venue_ACL.2023).PapersCoolPaperKimiSection(venue_ACL.2023_=2023.findings-acl.807@ACL)

2024-04-04 00:12:06,069 <requestor-worker-9:4140868, MainThread:140046854821696> (requestor.py:_fetch_single_async:199 -> session.py:request:318) from logger `RFC.session_aiohttp`
[INFO] session requesting PapersCoolPaperPage(venue_ACL.2018).PapersCoolPaperKimiSection(venue_ACL.2018_=P18-2055@ACL)

2024-04-04 00:12:06,071 <requestor-worker-9:4140868, MainThread:140046854821696> (requestor.py:_fetch_single_async:199 -> session.py:request:318) from logger `RFC.session_aiohttp`
[INFO] session requesting PapersCoolPaperPage(venue_EMNLP.2019).PapersCoolPaperKimiSection(venue_EMNLP.2019_=D19-1572@ACL)

2024-04-04 00:12:06,073 <requestor-worker-9:4140868, MainThread:140046854821696> (requestor.py:_fetch_single_async:199 -> session.py:request:318) from logger `RFC.session_aiohttp`
[INFO] session requesting PapersCoolPaperPage(venue_ACL.2022).PapersCoolPaperKimiSection(venue_ACL.2022_=2022.findings-acl.216@ACL)

2024-04-04 00:12:06,074 <requestor-worker-9:4140868, MainThread:140046854821696> (requestor.py:_fetch_single_async:199 -> session.py:request:318) from logger `RFC.session_aiohttp`
[INFO] session requesting PapersCoolPaperPage(venue_EMNLP.2018).PapersCoolPaperKimiSection(venue_EMNLP.2018_=D18-1421@ACL)

2024-04-04 00:12:06,076 <requestor-worker-9:4140868, MainThread:140046854821696> (requestor.py:_fetch_single_async:199 -> session.py:request:318) from logger `RFC.session_aiohttp`
[INFO] session requesting PapersCoolPaperPage(venue_NeurIPS.2022).PapersCoolPaperKimiSection(venue_NeurIPS.2022_=LMuh9bS4tqF@OpenReview)

2024-04-04 00:12:06,078 <requestor-worker-9:4140868, MainThread:140046854821696> (requestor.py:_fetch_single_async:199 -> session.py:request:318) from logger `RFC.session_aiohttp`
[INFO] session requesting PapersCoolPaperPage(venue_EMNLP.2017).PapersCoolPaperKimiSection(venue_EMNLP.2017_=D17-1175@ACL)

2024-04-04 00:12:06,184 <requestor-worker-9:4140868, MainThread:140046854821696> (requestor.py:_fetch_single_async:199 -> session.py:request:318) from logger `RFC.session_aiohttp`
[INFO] session requesting PapersCoolPaperPage(venue_EMNLP.2018).PapersCoolPaperKimiSection(venue_EMNLP.2018_=D18-1422@ACL)

2024-04-04 00:12:06,187 <requestor-worker-9:4140868, MainThread:140046854821696> (requestor.py:_fetch_single_async:199 -> session.py:request:318) from logger `RFC.session_aiohttp`
[INFO] session requesting PapersCoolPaperPage(venue_ACL.2012).PapersCoolPaperKimiSection(venue_ACL.2012_=P12-1083@ACL)

2024-04-04 00:12:06,190 <requestor-worker-9:4140868, MainThread:140046854821696> (requestor.py:_fetch_single_async:199 -> session.py:request:318) from logger `RFC.session_aiohttp`
[INFO] session requesting PapersCoolPaperPage(venue_ICML.2021).PapersCoolPaperKimiSection(venue_ICML.2021_=sodhani21a@v139@PMLR)

2024-04-04 00:12:06,193 <requestor-worker-9:4140868, MainThread:140046854821696> (requestor.py:_fetch_single_async:199 -> session.py:request:318) from logger `RFC.session_aiohttp`
[INFO] session requesting PapersCoolPaperPage(venue_NeurIPS.2021).PapersCoolPaperKimiSection(venue_NeurIPS.2021_=srHp6A1c2z-@OpenReview)

2024-04-04 00:12:06,206 <requestor-worker-9:4140868, MainThread:140046854821696> (requestor.py:_fetch_single_async:199 -> session.py:request:318) from logger `RFC.session_aiohttp`
[INFO] session requesting PapersCoolPaperPage(venue_EMNLP.2017).PapersCoolPaperKimiSection(venue_EMNLP.2017_=D17-1179@ACL)

2024-04-04 00:12:06,208 <requestor-worker-9:4140868, MainThread:140046854821696> (requestor.py:_fetch_single_async:199 -> session.py:request:318) from logger `RFC.session_aiohttp`
[INFO] session requesting PapersCoolPaperPage(venue_EMNLP.2022).PapersCoolPaperKimiSection(venue_EMNLP.2022_=2022.findings-emnlp.402@ACL)

2024-04-04 00:12:06,210 <requestor-worker-9:4140868, MainThread:140046854821696> (requestor.py:_fetch_single_async:199 -> session.py:request:318) from logger `RFC.session_aiohttp`
[INFO] session requesting PapersCoolPaperPage(venue_ACL.2022).PapersCoolPaperKimiSection(venue_ACL.2022_=2022.findings-acl.220@ACL)

2024-04-04 00:12:06,211 <requestor-worker-9:4140868, MainThread:140046854821696> (requestor.py:_fetch_single_async:199 -> session.py:request:318) from logger `RFC.session_aiohttp`
[INFO] session requesting PapersCoolPaperPage(venue_ACL.2020).PapersCoolPaperKimiSection(venue_ACL.2020_=2020.acl-main.702@ACL)

2024-04-04 00:12:06,213 <requestor-worker-9:4140868, MainThread:140046854821696> (requestor.py:_fetch_single_async:199 -> session.py:request:318) from logger `RFC.session_aiohttp`
[INFO] session requesting PapersCoolPaperPage(venue_INTERSPEECH.2022).PapersCoolPaperKimiSection(venue_INTERSPEECH.2022_=pundak22@interspeech_2022@ISCA)

2024-04-04 00:12:06,215 <requestor-worker-9:4140868, MainThread:140046854821696> (requestor.py:_fetch_single_async:199 -> session.py:request:318) from logger `RFC.session_aiohttp`
[INFO] session requesting PapersCoolPaperPage(venue_EMNLP.2018).PapersCoolPaperKimiSection(venue_EMNLP.2018_=D18-1425@ACL)

2024-04-04 00:12:06,217 <requestor-worker-9:4140868, MainThread:140046854821696> (requestor.py:_fetch_single_async:199 -> session.py:request:318) from logger `RFC.session_aiohttp`
[INFO] session requesting PapersCoolPaperPage(venue_ICCV.2023).PapersCoolPaperKimiSection(venue_ICCV.2023_=Luo_CopyRNeRF_Protecting_the_CopyRight_of_Neural_Radiance_Fields@ICCV2023@CVF)

2024-04-04 00:12:06,218 <requestor-worker-9:4140868, MainThread:140046854821696> (requestor.py:_fetch_single_async:199 -> session.py:request:318) from logger `RFC.session_aiohttp`
[INFO] session requesting PapersCoolPaperPage(venue_EMNLP.2013).PapersCoolPaperKimiSection(venue_EMNLP.2013_=D13-1047@ACL)

2024-04-04 00:12:06,235 <requestor-worker-9:4140868, MainThread:140046854821696> (requestor.py:_fetch_single_async:199 -> session.py:request:318) from logger `RFC.session_aiohttp`
[INFO] session requesting PapersCoolPaperPage(venue_ACL.2016).PapersCoolPaperKimiSection(venue_ACL.2016_=P16-2020@ACL)

2024-04-04 00:12:06,377 <requestor-worker-9:4140868, MainThread:140046854821696> (requestor.py:_fetch_single_async:199 -> session.py:request:318) from logger `RFC.session_aiohttp`
[INFO] session requesting PapersCoolPaperPage(venue_EMNLP.2013).PapersCoolPaperKimiSection(venue_EMNLP.2013_=D13-1050@ACL)

2024-04-04 00:12:06,379 <requestor-worker-9:4140868, MainThread:140046854821696> (requestor.py:_fetch_single_async:199 -> session.py:request:318) from logger `RFC.session_aiohttp`
[INFO] session requesting PapersCoolPaperPage(venue_ACL.2012).PapersCoolPaperKimiSection(venue_ACL.2012_=P12-1090@ACL)

2024-04-04 00:12:06,380 <requestor-worker-9:4140868, MainThread:140046854821696> (requestor.py:_fetch_single_async:199 -> session.py:request:318) from logger `RFC.session_aiohttp`
[INFO] session requesting PapersCoolPaperPage(venue_ACL.2021).PapersCoolPaperKimiSection(venue_ACL.2021_=2021.findings-acl.338@ACL)

2024-04-04 00:12:06,382 <requestor-worker-9:4140868, MainThread:140046854821696> (requestor.py:_fetch_single_async:199 -> session.py:request:318) from logger `RFC.session_aiohttp`
[INFO] session requesting PapersCoolPaperPage(venue_EMNLP.2021).PapersCoolPaperKimiSection(venue_EMNLP.2021_=2021.findings-emnlp.286@ACL)

2024-04-04 00:12:06,383 <requestor-worker-9:4140868, MainThread:140046854821696> (requestor.py:_fetch_single_async:199 -> session.py:request:318) from logger `RFC.session_aiohttp`
[INFO] session requesting PapersCoolPaperPage(venue_ICCV.2019).PapersCoolPaperKimiSection(venue_ICCV.2019_=Usman_PuppetGAN_Cross-Domain_Image_Manipulation_by_Demonstration@ICCV2019@CVF)

2024-04-04 00:12:06,385 <requestor-worker-9:4140868, MainThread:140046854821696> (requestor.py:_fetch_single_async:199 -> session.py:request:318) from logger `RFC.session_aiohttp`
[INFO] session requesting PapersCoolPaperPage(venue_ACL.2016).PapersCoolPaperKimiSection(venue_ACL.2016_=P16-2023@ACL)

2024-04-04 00:12:06,387 <requestor-worker-9:4140868, MainThread:140046854821696> (requestor.py:_fetch_single_async:199 -> session.py:request:318) from logger `RFC.session_aiohttp`
[INFO] session requesting PapersCoolPaperPage(venue_EMNLP.2020).PapersCoolPaperKimiSection(venue_EMNLP.2020_=2020.findings-emnlp.297@ACL)

2024-04-04 00:12:06,395 <requestor-worker-9:4140868, MainThread:140046854821696> (requestor.py:_fetch_single_async:199 -> session.py:request:318) from logger `RFC.session_aiohttp`
[INFO] session requesting PapersCoolPaperPage(venue_ACL.2018).PapersCoolPaperKimiSection(venue_ACL.2018_=P18-2066@ACL)

2024-04-04 00:12:06,396 <requestor-worker-9:4140868, MainThread:140046854821696> (requestor.py:_fetch_single_async:199 -> session.py:request:318) from logger `RFC.session_aiohttp`
[INFO] session requesting PapersCoolPaperPage(venue_ACL.2012).PapersCoolPaperKimiSection(venue_ACL.2012_=P12-1092@ACL)

2024-04-04 00:12:06,398 <requestor-worker-9:4140868, MainThread:140046854821696> (requestor.py:_fetch_single_async:199 -> session.py:request:318) from logger `RFC.session_aiohttp`
[INFO] session requesting PapersCoolPaperPage(venue_ACL.2016).PapersCoolPaperKimiSection(venue_ACL.2016_=P16-2025@ACL)

2024-04-04 00:12:06,399 <requestor-worker-9:4140868, MainThread:140046854821696> (requestor.py:_fetch_single_async:199 -> session.py:request:318) from logger `RFC.session_aiohttp`
[INFO] session requesting PapersCoolPaperPage(venue_EMNLP.2023).PapersCoolPaperKimiSection(venue_EMNLP.2023_=2023.findings-emnlp.934@ACL)

2024-04-04 00:12:06,561 <requestor-worker-9:4140868, MainThread:140046854821696> (requestor.py:_fetch_single_async:199 -> session.py:request:318) from logger `RFC.session_aiohttp`
[INFO] session requesting PapersCoolPaperPage(venue_EMNLP.2021).PapersCoolPaperKimiSection(venue_EMNLP.2021_=2021.findings-emnlp.291@ACL)

2024-04-04 00:12:06,563 <requestor-worker-9:4140868, MainThread:140046854821696> (requestor.py:_fetch_single_async:199 -> session.py:request:318) from logger `RFC.session_aiohttp`
[INFO] session requesting PapersCoolPaperPage(venue_ICCV.2021).PapersCoolPaperKimiSection(venue_ICCV.2021_=Rambhatla_The_Pursuit_of_Knowledge_Discovering_and_Localizing_Novel_Categories_Using@ICCV2021@CVF)

2024-04-04 00:12:06,565 <requestor-worker-9:4140868, MainThread:140046854821696> (requestor.py:_fetch_single_async:199 -> session.py:request:318) from logger `RFC.session_aiohttp`
[INFO] session requesting PapersCoolPaperPage(venue_NeurIPS.2021).PapersCoolPaperKimiSection(venue_NeurIPS.2021_=3BI2dazLpN@OpenReview)

2024-04-04 00:12:06,567 <requestor-worker-9:4140868, MainThread:140046854821696> (requestor.py:_fetch_single_async:199 -> session.py:request:318) from logger `RFC.session_aiohttp`
[INFO] session requesting PapersCoolPaperPage(venue_ICCV.2019).PapersCoolPaperKimiSection(venue_ICCV.2019_=Cao_Cross-Domain_Adaptation_for_Animal_Pose_Estimation@ICCV2019@CVF)

2024-04-04 00:12:06,569 <requestor-worker-9:4140868, MainThread:140046854821696> (requestor.py:_fetch_single_async:199 -> session.py:request:318) from logger `RFC.session_aiohttp`
[INFO] session requesting PapersCoolPaperPage(venue_ACL.2021).PapersCoolPaperKimiSection(venue_ACL.2021_=2021.findings-acl.343@ACL)

2024-04-04 00:12:06,571 <requestor-worker-9:4140868, MainThread:140046854821696> (requestor.py:_fetch_single_async:199 -> session.py:request:318) from logger `RFC.session_aiohttp`
[INFO] session requesting PapersCoolPaperPage(venue_ICCV.2023).PapersCoolPaperKimiSection(venue_ICCV.2023_=Hao_Class-Aware_Patch_Embedding_Adaptation_for_Few-Shot_Image_Classification@ICCV2023@CVF)

2024-04-04 00:12:06,573 <requestor-worker-9:4140868, MainThread:140046854821696> (requestor.py:_fetch_single_async:199 -> session.py:request:318) from logger `RFC.session_aiohttp`
[INFO] session requesting PapersCoolPaperPage(venue_ACL.2019).PapersCoolPaperKimiSection(venue_ACL.2019_=P19-1642@ACL)

2024-04-04 00:12:06,575 <requestor-worker-9:4140868, MainThread:140046854821696> (requestor.py:_fetch_single_async:199 -> session.py:request:318) from logger `RFC.session_aiohttp`
[INFO] session requesting PapersCoolPaperPage(venue_EMNLP.2023).PapersCoolPaperKimiSection(venue_EMNLP.2023_=2023.findings-emnlp.937@ACL)

2024-04-04 00:12:06,577 <requestor-worker-9:4140868, MainThread:140046854821696> (requestor.py:_fetch_single_async:199 -> session.py:request:318) from logger `RFC.session_aiohttp`
[INFO] session requesting PapersCoolPaperPage(venue_EMNLP.2016).PapersCoolPaperKimiSection(venue_EMNLP.2016_=D16-1117@ACL)

2024-04-04 00:12:06,582 <requestor-worker-9:4140868, MainThread:140046854821696> (requestor.py:_fetch_single_async:199 -> session.py:request:318) from logger `RFC.session_aiohttp`
[INFO] session requesting PapersCoolPaperPage(venue_ACL.2017).PapersCoolPaperKimiSection(venue_ACL.2017_=P17-2008@ACL)

2024-04-04 00:12:06,584 <requestor-worker-9:4140868, MainThread:140046854821696> (requestor.py:_fetch_single_async:199 -> session.py:request:318) from logger `RFC.session_aiohttp`
[INFO] session requesting PapersCoolPaperPage(venue_ICML.2022).PapersCoolPaperKimiSection(venue_ICML.2022_=macdonald22a@v162@PMLR)

2024-04-04 00:12:06,586 <requestor-worker-9:4140868, MainThread:140046854821696> (requestor.py:_fetch_single_async:199 -> session.py:request:318) from logger `RFC.session_aiohttp`
[INFO] session requesting PapersCoolPaperPage(venue_ACL.2021).PapersCoolPaperKimiSection(venue_ACL.2021_=2021.findings-acl.344@ACL)

2024-04-04 00:12:06,590 <requestor-worker-9:4140868, MainThread:140046854821696> (requestor.py:_fetch_single_async:199 -> session.py:request:318) from logger `RFC.session_aiohttp`
[INFO] session requesting PapersCoolPaperPage(venue_INTERSPEECH.2022).PapersCoolPaperKimiSection(venue_INTERSPEECH.2022_=yang22m@interspeech_2022@ISCA)

2024-04-04 00:12:06,689 <requestor-worker-9:4140868, MainThread:140046854821696> (requestor.py:_fetch_single_async:199 -> session.py:request:318) from logger `RFC.session_aiohttp`
[INFO] session requesting PapersCoolPaperPage(venue_EMNLP.2015).PapersCoolPaperKimiSection(venue_EMNLP.2015_=D15-1167@ACL)

2024-04-04 00:12:06,690 <requestor-worker-9:4140868, MainThread:140046854821696> (requestor.py:_fetch_single_async:199 -> session.py:request:318) from logger `RFC.session_aiohttp`
[INFO] session requesting PapersCoolPaperPage(venue_ACL.2016).PapersCoolPaperKimiSection(venue_ACL.2016_=P16-2031@ACL)

2024-04-04 00:12:06,692 <requestor-worker-9:4140868, MainThread:140046854821696> (requestor.py:_fetch_single_async:199 -> session.py:request:318) from logger `RFC.session_aiohttp`
[INFO] session requesting PapersCoolPaperPage(venue_ICCV.2019).PapersCoolPaperKimiSection(venue_ICCV.2019_=Nie_Enriched_Feature_Guided_Refinement_Network_for_Object_Detection@ICCV2019@CVF)

2024-04-04 00:12:06,694 <requestor-worker-9:4140868, MainThread:140046854821696> (requestor.py:_fetch_single_async:199 -> session.py:request:318) from logger `RFC.session_aiohttp`
[INFO] session requesting PapersCoolPaperPage(venue_ACL.2022).PapersCoolPaperKimiSection(venue_ACL.2022_=2022.findings-acl.232@ACL)

2024-04-04 00:12:06,695 <requestor-worker-9:4140868, MainThread:140046854821696> (requestor.py:_fetch_single_async:199 -> session.py:request:318) from logger `RFC.session_aiohttp`
[INFO] session requesting PapersCoolPaperPage(venue_CVPR.2023).PapersCoolPaperKimiSection(venue_CVPR.2023_=Zhou_HyperMatch_Noise-Tolerant_Semi-Supervised_Learning_via_Relaxed_Contrastive_Constraint@CVPR2023@CVF)

2024-04-04 00:12:06,697 <requestor-worker-9:4140868, MainThread:140046854821696> (requestor.py:_fetch_single_async:199 -> session.py:request:318) from logger `RFC.session_aiohttp`
[INFO] session requesting PapersCoolPaperPage(venue_NeurIPS.2021).PapersCoolPaperKimiSection(venue_NeurIPS.2021_=3EwcMzmUbNd@OpenReview)

2024-04-04 00:12:06,699 <requestor-worker-9:4140868, MainThread:140046854821696> (requestor.py:_fetch_single_async:199 -> session.py:request:318) from logger `RFC.session_aiohttp`
[INFO] session requesting PapersCoolPaperPage(venue_EMNLP.2022).PapersCoolPaperKimiSection(venue_EMNLP.2022_=2022.findings-emnlp.416@ACL)

2024-04-04 00:12:06,700 <requestor-worker-9:4140868, MainThread:140046854821696> (requestor.py:_fetch_single_async:199 -> session.py:request:318) from logger `RFC.session_aiohttp`
[INFO] session requesting PapersCoolPaperPage(venue_ACL.2015).PapersCoolPaperKimiSection(venue_ACL.2015_=P15-2078@ACL)

2024-04-04 00:12:06,702 <requestor-worker-9:4140868, MainThread:140046854821696> (requestor.py:_fetch_single_async:199 -> session.py:request:318) from logger `RFC.session_aiohttp`
[INFO] session requesting PapersCoolPaperPage(venue_NeurIPS.2023).PapersCoolPaperKimiSection(venue_NeurIPS.2023_=EIydMrHBHP@OpenReview)

2024-04-04 00:12:06,703 <requestor-worker-9:4140868, MainThread:140046854821696> (requestor.py:_fetch_single_async:199 -> session.py:request:318) from logger `RFC.session_aiohttp`
[INFO] session requesting PapersCoolPaperPage(venue_ICML.2022).PapersCoolPaperKimiSection(venue_ICML.2022_=kohen22a@v162@PMLR)

2024-04-04 00:12:06,705 <requestor-worker-9:4140868, MainThread:140046854821696> (requestor.py:_fetch_single_async:199 -> session.py:request:318) from logger `RFC.session_aiohttp`
[INFO] session requesting PapersCoolPaperPage(venue_ACL.2014).PapersCoolPaperKimiSection(venue_ACL.2014_=P14-2032@ACL)

2024-04-04 00:12:06,719 <requestor-worker-9:4140868, MainThread:140046854821696> (requestor.py:_fetch_single_async:199 -> session.py:request:318) from logger `RFC.session_aiohttp`
[INFO] session requesting PapersCoolPaperPage(venue_EMNLP.2013).PapersCoolPaperKimiSection(venue_EMNLP.2013_=D13-1060@ACL)

2024-04-04 00:12:06,886 <requestor-worker-9:4140868, MainThread:140046854821696> (requestor.py:_fetch_single_async:199 -> session.py:request:318) from logger `RFC.session_aiohttp`
[INFO] session requesting PapersCoolPaperPage(venue_ACL.2018).PapersCoolPaperKimiSection(venue_ACL.2018_=P18-2074@ACL)

2024-04-04 00:12:06,888 <requestor-worker-9:4140868, MainThread:140046854821696> (requestor.py:_fetch_single_async:199 -> session.py:request:318) from logger `RFC.session_aiohttp`
[INFO] session requesting PapersCoolPaperPage(venue_ICML.2022).PapersCoolPaperKimiSection(venue_ICML.2022_=filmus22a@v162@PMLR)

2024-04-04 00:12:06,890 <requestor-worker-9:4140868, MainThread:140046854821696> (requestor.py:_fetch_single_async:199 -> session.py:request:318) from logger `RFC.session_aiohttp`
[INFO] session requesting PapersCoolPaperPage(venue_ACL.2013).PapersCoolPaperKimiSection(venue_ACL.2013_=P13-2100@ACL)

2024-04-04 00:12:06,892 <requestor-worker-9:4140868, MainThread:140046854821696> (requestor.py:_fetch_single_async:199 -> session.py:request:318) from logger `RFC.session_aiohttp`
[INFO] session requesting PapersCoolPaperPage(venue_ACL.2020).PapersCoolPaperKimiSection(venue_ACL.2020_=2020.acl-main.714@ACL)

2024-04-04 00:12:06,949 <requestor-worker-9:4140868, MainThread:140046854821696> (requestor.py:_fetch_single_async:199 -> session.py:request:318) from logger `RFC.session_aiohttp`
[INFO] session requesting PapersCoolPaperPage(venue_ACL.2015).PapersCoolPaperKimiSection(venue_ACL.2015_=P15-2082@ACL)

2024-04-04 00:12:07,053 <requestor-worker-9:4140868, MainThread:140046854821696> (requestor.py:_fetch_single_async:199 -> session.py:request:318) from logger `RFC.session_aiohttp`
[INFO] session requesting PapersCoolPaperPage(venue_ACL.2013).PapersCoolPaperKimiSection(venue_ACL.2013_=P13-2103@ACL)

2024-04-04 00:12:07,055 <requestor-worker-9:4140868, MainThread:140046854821696> (requestor.py:_fetch_single_async:199 -> session.py:request:318) from logger `RFC.session_aiohttp`
[INFO] session requesting PapersCoolPaperPage(venue_NeurIPS.2021).PapersCoolPaperKimiSection(venue_NeurIPS.2021_=FChSjfcJZVW@OpenReview)

2024-04-04 00:12:07,056 <requestor-worker-9:4140868, MainThread:140046854821696> (requestor.py:_fetch_single_async:199 -> session.py:request:318) from logger `RFC.session_aiohttp`
[INFO] session requesting PapersCoolPaperPage(venue_EMNLP.2023).PapersCoolPaperKimiSection(venue_EMNLP.2023_=2023.findings-emnlp.948@ACL)

2024-04-04 00:12:07,058 <requestor-worker-9:4140868, MainThread:140046854821696> (requestor.py:_fetch_single_async:199 -> session.py:request:318) from logger `RFC.session_aiohttp`
[INFO] session requesting PapersCoolPaperPage(venue_ACL.2023).PapersCoolPaperKimiSection(venue_ACL.2023_=2023.findings-acl.829@ACL)

2024-04-04 00:12:07,059 <requestor-worker-9:4140868, MainThread:140046854821696> (requestor.py:_fetch_single_async:199 -> session.py:request:318) from logger `RFC.session_aiohttp`
[INFO] session requesting PapersCoolPaperPage(venue_EMNLP.2022).PapersCoolPaperKimiSection(venue_EMNLP.2022_=2022.findings-emnlp.422@ACL)

2024-04-04 00:12:07,061 <requestor-worker-9:4140868, MainThread:140046854821696> (requestor.py:_fetch_single_async:199 -> session.py:request:318) from logger `RFC.session_aiohttp`
[INFO] session requesting PapersCoolPaperPage(venue_EMNLP.2018).PapersCoolPaperKimiSection(venue_EMNLP.2018_=D18-1445@ACL)

2024-04-04 00:12:07,062 <requestor-worker-9:4140868, MainThread:140046854821696> (requestor.py:_fetch_single_async:199 -> session.py:request:318) from logger `RFC.session_aiohttp`
[INFO] session requesting PapersCoolPaperPage(venue_EMNLP.2017).PapersCoolPaperKimiSection(venue_EMNLP.2017_=D17-1198@ACL)

2024-04-04 00:12:07,081 <requestor-worker-9:4140868, MainThread:140046854821696> (requestor.py:_fetch_single_async:199 -> session.py:request:318) from logger `RFC.session_aiohttp`
[INFO] session requesting PapersCoolPaperPage(venue_CVPR.2021).PapersCoolPaperKimiSection(venue_CVPR.2021_=Deng_Spatially-Invariant_Style-Codes_Controlled_Makeup_Transfer@CVPR2021@CVF)

2024-04-04 00:12:07,083 <requestor-worker-9:4140868, MainThread:140046854821696> (requestor.py:_fetch_single_async:199 -> session.py:request:318) from logger `RFC.session_aiohttp`
[INFO] session requesting PapersCoolPaperPage(venue_CVPR.2023).PapersCoolPaperKimiSection(venue_CVPR.2023_=Ravuri_Understanding_Deep_Generative_Models_With_Generalized_Empirical_Likelihoods@CVPR2023@CVF)

2024-04-04 00:12:07,084 <requestor-worker-9:4140868, MainThread:140046854821696> (requestor.py:_fetch_single_async:199 -> session.py:request:318) from logger `RFC.session_aiohttp`
[INFO] session requesting PapersCoolPaperPage(venue_EMNLP.2017).PapersCoolPaperKimiSection(venue_EMNLP.2017_=D17-1201@ACL)

2024-04-04 00:12:07,086 <requestor-worker-9:4140868, MainThread:140046854821696> (requestor.py:_fetch_single_async:199 -> session.py:request:318) from logger `RFC.session_aiohttp`
[INFO] session requesting PapersCoolPaperPage(venue_ICCV.2021).PapersCoolPaperKimiSection(venue_ICCV.2021_=Pan_PT-CapsNet_A_Novel_Prediction-Tuning_Capsule_Network_Suitable_for_Deeper_Architectures@ICCV2021@CVF)

2024-04-04 00:12:07,088 <requestor-worker-9:4140868, MainThread:140046854821696> (requestor.py:_fetch_single_async:199 -> session.py:request:318) from logger `RFC.session_aiohttp`
[INFO] session requesting PapersCoolPaperPage(venue_ICML.2021).PapersCoolPaperKimiSection(venue_ICML.2021_=biggio21a@v139@PMLR)

2024-04-04 00:12:07,089 <requestor-worker-9:4140868, MainThread:140046854821696> (requestor.py:_fetch_single_async:199 -> session.py:request:318) from logger `RFC.session_aiohttp`
[INFO] session requesting PapersCoolPaperPage(venue_ACL.2021).PapersCoolPaperKimiSection(venue_ACL.2021_=2021.findings-acl.358@ACL)

2024-04-04 00:12:07,091 <requestor-worker-9:4140868, MainThread:140046854821696> (requestor.py:_fetch_single_async:199 -> session.py:request:318) from logger `RFC.session_aiohttp`
[INFO] session requesting PapersCoolPaperPage(venue_ACL.2018).PapersCoolPaperKimiSection(venue_ACL.2018_=P18-2083@ACL)

2024-04-04 00:12:07,092 <requestor-worker-9:4140868, MainThread:140046854821696> (requestor.py:_fetch_single_async:199 -> session.py:request:318) from logger `RFC.session_aiohttp`
[INFO] session requesting PapersCoolPaperPage(venue_NeurIPS.2021).PapersCoolPaperKimiSection(venue_NeurIPS.2021_=4cEapqXfP30@OpenReview)

2024-04-04 00:12:07,094 <requestor-worker-9:4140868, MainThread:140046854821696> (requestor.py:_fetch_single_async:199 -> session.py:request:318) from logger `RFC.session_aiohttp`
[INFO] session requesting PapersCoolPaperPage(venue_CVPR.2023).PapersCoolPaperKimiSection(venue_CVPR.2023_=Yu_Semi-Supervised_Domain_Adaptation_With_Source_Label_Adaptation@CVPR2023@CVF)

2024-04-04 00:12:07,095 <requestor-worker-9:4140868, MainThread:140046854821696> (requestor.py:_fetch_single_async:199 -> session.py:request:318) from logger `RFC.session_aiohttp`
[INFO] session requesting PapersCoolPaperPage(venue_EMNLP.2021).PapersCoolPaperKimiSection(venue_EMNLP.2021_=2021.findings-emnlp.307@ACL)

2024-04-04 00:12:07,097 <requestor-worker-9:4140868, MainThread:140046854821696> (requestor.py:_fetch_single_async:199 -> session.py:request:318) from logger `RFC.session_aiohttp`
[INFO] session requesting PapersCoolPaperPage(venue_EMNLP.2014).PapersCoolPaperKimiSection(venue_EMNLP.2014_=D14-1090@ACL)

2024-04-04 00:12:07,098 <requestor-worker-9:4140868, MainThread:140046854821696> (requestor.py:_fetch_single_async:199 -> session.py:request:318) from logger `RFC.session_aiohttp`
[INFO] session requesting PapersCoolPaperPage(venue_ICCV.2019).PapersCoolPaperKimiSection(venue_ICCV.2019_=Yang_RepPoints_Point_Set_Representation_for_Object_Detection@ICCV2019@CVF)

2024-04-04 00:12:07,187 <requestor-worker-9:4140868, MainThread:140046854821696> (requestor.py:_fetch_single_async:199 -> session.py:request:318) from logger `RFC.session_aiohttp`
[INFO] session requesting PapersCoolPaperPage(venue_EMNLP.2016).PapersCoolPaperKimiSection(venue_EMNLP.2016_=D16-1133@ACL)

2024-04-04 00:12:07,189 <requestor-worker-9:4140868, MainThread:140046854821696> (requestor.py:_fetch_single_async:199 -> session.py:request:318) from logger `RFC.session_aiohttp`
[INFO] session requesting PapersCoolPaperPage(venue_ICCV.2023).PapersCoolPaperKimiSection(venue_ICCV.2023_=Terekhov_Tangent_Sampson_Error_Fast_Approximate_Two-view_Reprojection_Error_for_Central@ICCV2023@CVF)

2024-04-04 00:12:07,190 <requestor-worker-9:4140868, MainThread:140046854821696> (requestor.py:_fetch_single_async:199 -> session.py:request:318) from logger `RFC.session_aiohttp`
[INFO] session requesting PapersCoolPaperPage(venue_EMNLP.2016).PapersCoolPaperKimiSection(venue_EMNLP.2016_=D16-1134@ACL)

2024-04-04 00:12:07,192 <requestor-worker-9:4140868, MainThread:140046854821696> (requestor.py:_fetch_single_async:199 -> session.py:request:318) from logger `RFC.session_aiohttp`
[INFO] session requesting PapersCoolPaperPage(venue_ICCV.2019).PapersCoolPaperKimiSection(venue_ICCV.2019_=Gupta_No-Frills_Human-Object_Interaction_Detection_Factorization_Layout_Encodings_and_Training_Techniques@ICCV2019@CVF)

2024-04-04 00:12:07,203 <requestor-worker-9:4140868, MainThread:140046854821696> (requestor.py:_fetch_single_async:199 -> session.py:request:318) from logger `RFC.session_aiohttp`
[INFO] session requesting PapersCoolPaperPage(venue_EMNLP.2021).PapersCoolPaperKimiSection(venue_EMNLP.2021_=2021.findings-emnlp.310@ACL)

2024-04-04 00:12:07,214 <requestor-worker-9:4140868, MainThread:140046854821696> (requestor.py:_fetch_single_async:199 -> session.py:request:318) from logger `RFC.session_aiohttp`
[INFO] session requesting PapersCoolPaperPage(venue_EMNLP.2022).PapersCoolPaperKimiSection(venue_EMNLP.2022_=2022.findings-emnlp.432@ACL)

2024-04-04 00:12:07,272 <requestor-worker-9:4140868, MainThread:140046854821696> (requestor.py:_fetch_single_async:199 -> session.py:request:318) from logger `RFC.session_aiohttp`
[INFO] session requesting PapersCoolPaperPage(venue_ICCV.2019).PapersCoolPaperKimiSection(venue_ICCV.2019_=Jenicek_No_Fear_of_the_Dark_Image_Retrieval_Under_Varying_Illumination@ICCV2019@CVF)

2024-04-04 00:12:07,274 <requestor-worker-9:4140868, MainThread:140046854821696> (requestor.py:_fetch_single_async:199 -> session.py:request:318) from logger `RFC.session_aiohttp`
[INFO] session requesting PapersCoolPaperPage(venue_EMNLP.2014).PapersCoolPaperKimiSection(venue_EMNLP.2014_=D14-1094@ACL)

2024-04-04 00:12:07,275 <requestor-worker-9:4140868, MainThread:140046854821696> (requestor.py:_fetch_single_async:199 -> session.py:request:318) from logger `RFC.session_aiohttp`
[INFO] session requesting PapersCoolPaperPage(venue_EMNLP.2019).PapersCoolPaperKimiSection(venue_EMNLP.2019_=D19-1605@ACL)

2024-04-04 00:12:07,365 <requestor-worker-9:4140868, MainThread:140046854821696> (requestor.py:_fetch_single_async:199 -> session.py:request:318) from logger `RFC.session_aiohttp`
[INFO] session requesting PapersCoolPaperPage(venue_EMNLP.2012).PapersCoolPaperKimiSection(venue_EMNLP.2012_=D12-1016@ACL)

2024-04-04 00:12:07,367 <requestor-worker-9:4140868, MainThread:140046854821696> (requestor.py:_fetch_single_async:199 -> session.py:request:318) from logger `RFC.session_aiohttp`
[INFO] session requesting PapersCoolPaperPage(venue_ACL.2020).PapersCoolPaperKimiSection(venue_ACL.2020_=2020.acl-main.724@ACL)

2024-04-04 00:12:07,609 <requestor-worker-9:4140868, MainThread:140046854821696> (requestor.py:_fetch_single_async:199 -> session.py:request:318) from logger `RFC.session_aiohttp`
[INFO] session requesting PapersCoolPaperPage(venue_EMNLP.2013).PapersCoolPaperKimiSection(venue_EMNLP.2013_=D13-1077@ACL)

2024-04-04 00:12:07,610 <requestor-worker-9:4140868, MainThread:140046854821696> (requestor.py:_fetch_single_async:199 -> session.py:request:318) from logger `RFC.session_aiohttp`
[INFO] session requesting PapersCoolPaperPage(venue_ACL.2019).PapersCoolPaperKimiSection(venue_ACL.2019_=P19-2005@ACL)

2024-04-04 00:12:07,612 <requestor-worker-9:4140868, MainThread:140046854821696> (requestor.py:_fetch_single_async:199 -> session.py:request:318) from logger `RFC.session_aiohttp`
[INFO] session requesting PapersCoolPaperPage(venue_EMNLP.2021).PapersCoolPaperKimiSection(venue_EMNLP.2021_=2021.findings-emnlp.315@ACL)

2024-04-04 00:12:07,614 <requestor-worker-9:4140868, MainThread:140046854821696> (requestor.py:_fetch_single_async:199 -> session.py:request:318) from logger `RFC.session_aiohttp`
[INFO] session requesting PapersCoolPaperPage(venue_EMNLP.2017).PapersCoolPaperKimiSection(venue_EMNLP.2017_=D17-1210@ACL)

2024-04-04 00:12:07,615 <requestor-worker-9:4140868, MainThread:140046854821696> (requestor.py:_fetch_single_async:199 -> session.py:request:318) from logger `RFC.session_aiohttp`
[INFO] session requesting PapersCoolPaperPage(venue_ACL.2018).PapersCoolPaperKimiSection(venue_ACL.2018_=P18-2091@ACL)

2024-04-04 00:12:07,617 <requestor-worker-9:4140868, MainThread:140046854821696> (requestor.py:_fetch_single_async:199 -> session.py:request:318) from logger `RFC.session_aiohttp`
[INFO] session requesting PapersCoolPaperPage(venue_EMNLP.2021).PapersCoolPaperKimiSection(venue_EMNLP.2021_=2021.findings-emnlp.316@ACL)

2024-04-04 00:12:07,687 <requestor-worker-9:4140868, MainThread:140046854821696> (requestor.py:_fetch_single_async:199 -> session.py:request:318) from logger `RFC.session_aiohttp`
[INFO] session requesting PapersCoolPaperPage(venue_CVPR.2023).PapersCoolPaperKimiSection(venue_CVPR.2023_=Nguyen_TIPI_Test_Time_Adaptation_With_Transformation_Invariance@CVPR2023@CVF)

2024-04-04 00:12:07,689 <requestor-worker-9:4140868, MainThread:140046854821696> (requestor.py:_fetch_single_async:199 -> session.py:request:318) from logger `RFC.session_aiohttp`
[INFO] session requesting PapersCoolPaperPage(venue_ACL.2013).PapersCoolPaperKimiSection(venue_ACL.2013_=P13-2119@ACL)

2024-04-04 00:12:07,691 <requestor-worker-9:4140868, MainThread:140046854821696> (requestor.py:_fetch_single_async:199 -> session.py:request:318) from logger `RFC.session_aiohttp`
[INFO] session requesting PapersCoolPaperPage(venue_ACL.2023).PapersCoolPaperKimiSection(venue_ACL.2023_=2023.findings-acl.843@ACL)

2024-04-04 00:12:07,692 <requestor-worker-9:4140868, MainThread:140046854821696> (requestor.py:_fetch_single_async:199 -> session.py:request:318) from logger `RFC.session_aiohttp`
[INFO] session requesting PapersCoolPaperPage(venue_ICML.2021).PapersCoolPaperKimiSection(venue_ICML.2021_=murata21a@v139@PMLR)

2024-04-04 00:12:07,694 <requestor-worker-9:4140868, MainThread:140046854821696> (requestor.py:_fetch_single_async:199 -> session.py:request:318) from logger `RFC.session_aiohttp`
[INFO] session requesting PapersCoolPaperPage(venue_EMNLP.2021).PapersCoolPaperKimiSection(venue_EMNLP.2021_=2021.findings-emnlp.319@ACL)

2024-04-04 00:12:07,695 <requestor-worker-9:4140868, MainThread:140046854821696> (requestor.py:_fetch_single_async:199 -> session.py:request:318) from logger `RFC.session_aiohttp`
[INFO] session requesting PapersCoolPaperPage(venue_ACL.2014).PapersCoolPaperKimiSection(venue_ACL.2014_=P14-2053@ACL)

2024-04-04 00:12:07,697 <requestor-worker-9:4140868, MainThread:140046854821696> (requestor.py:_fetch_single_async:199 -> session.py:request:318) from logger `RFC.session_aiohttp`
[INFO] session requesting PapersCoolPaperPage(venue_ACL.2016).PapersCoolPaperKimiSection(venue_ACL.2016_=P16-2054@ACL)

2024-04-04 00:12:07,814 <requestor-worker-9:4140868, MainThread:140046854821696> (requestor.py:_fetch_single_async:199 -> session.py:request:318) from logger `RFC.session_aiohttp`
[INFO] session requesting PapersCoolPaperPage(venue_ACL.2019).PapersCoolPaperKimiSection(venue_ACL.2019_=P19-2010@ACL)

2024-04-04 00:12:07,816 <requestor-worker-9:4140868, MainThread:140046854821696> (requestor.py:_fetch_single_async:199 -> session.py:request:318) from logger `RFC.session_aiohttp`
[INFO] session requesting PapersCoolPaperPage(venue_INTERSPEECH.2022).PapersCoolPaperKimiSection(venue_INTERSPEECH.2022_=bhanushali22@interspeech_2022@ISCA)

2024-04-04 00:12:07,818 <requestor-worker-9:4140868, MainThread:140046854821696> (requestor.py:_fetch_single_async:199 -> session.py:request:318) from logger `RFC.session_aiohttp`
[INFO] session requesting PapersCoolPaperPage(venue_EMNLP.2016).PapersCoolPaperKimiSection(venue_EMNLP.2016_=D16-1144@ACL)

2024-04-04 00:12:07,819 <requestor-worker-9:4140868, MainThread:140046854821696> (requestor.py:_fetch_single_async:199 -> session.py:request:318) from logger `RFC.session_aiohttp`
[INFO] session requesting PapersCoolPaperPage(venue_ACL.2022).PapersCoolPaperKimiSection(venue_ACL.2022_=2022.findings-acl.250@ACL)

2024-04-04 00:12:07,821 <requestor-worker-9:4140868, MainThread:140046854821696> (requestor.py:_fetch_single_async:199 -> session.py:request:318) from logger `RFC.session_aiohttp`
[INFO] session requesting PapersCoolPaperPage(venue_NeurIPS.2022).PapersCoolPaperKimiSection(venue_NeurIPS.2022_=21-1199@v23@JMLR)

2024-04-04 00:12:07,822 <requestor-worker-9:4140868, MainThread:140046854821696> (requestor.py:_fetch_single_async:199 -> session.py:request:318) from logger `RFC.session_aiohttp`
[INFO] session requesting PapersCoolPaperPage(venue_ICML.2022).PapersCoolPaperKimiSection(venue_ICML.2022_=casanova22a@v162@PMLR)

2024-04-04 00:12:07,834 <requestor-worker-9:4140868, MainThread:140046854821696> (requestor.py:_fetch_single_async:199 -> session.py:request:318) from logger `RFC.session_aiohttp`
[INFO] session requesting PapersCoolPaperPage(venue_EMNLP.2016).PapersCoolPaperKimiSection(venue_EMNLP.2016_=D16-1146@ACL)

2024-04-04 00:12:07,835 <requestor-worker-9:4140868, MainThread:140046854821696> (requestor.py:_fetch_single_async:199 -> session.py:request:318) from logger `RFC.session_aiohttp`
[INFO] session requesting PapersCoolPaperPage(venue_EMNLP.2018).PapersCoolPaperKimiSection(venue_EMNLP.2018_=D18-1461@ACL)

2024-04-04 00:12:07,837 <requestor-worker-9:4140868, MainThread:140046854821696> (requestor.py:_fetch_single_async:199 -> session.py:request:318) from logger `RFC.session_aiohttp`
[INFO] session requesting PapersCoolPaperPage(venue_ACL.2014).PapersCoolPaperKimiSection(venue_ACL.2014_=P14-2057@ACL)

2024-04-04 00:12:07,839 <requestor-worker-9:4140868, MainThread:140046854821696> (requestor.py:_fetch_single_async:199 -> session.py:request:318) from logger `RFC.session_aiohttp`
[INFO] session requesting PapersCoolPaperPage(venue_INTERSPEECH.2022).PapersCoolPaperKimiSection(venue_INTERSPEECH.2022_=kanda22@interspeech_2022@ISCA)

2024-04-04 00:12:07,840 <requestor-worker-9:4140868, MainThread:140046854821696> (requestor.py:_fetch_single_async:199 -> session.py:request:318) from logger `RFC.session_aiohttp`
[INFO] session requesting PapersCoolPaperPage(venue_EMNLP.2012).PapersCoolPaperKimiSection(venue_EMNLP.2012_=D12-1023@ACL)

2024-04-04 00:12:07,976 <requestor-worker-9:4140868, MainThread:140046854821696> (requestor.py:_fetch_single_async:199 -> session.py:request:318) from logger `RFC.session_aiohttp`
[INFO] session requesting PapersCoolPaperPage(venue_EMNLP.2014).PapersCoolPaperKimiSection(venue_EMNLP.2014_=D14-1107@ACL)

2024-04-04 00:12:07,978 <requestor-worker-9:4140868, MainThread:140046854821696> (requestor.py:_fetch_single_async:199 -> session.py:request:318) from logger `RFC.session_aiohttp`
[INFO] session requesting PapersCoolPaperPage(venue_EMNLP.2022).PapersCoolPaperKimiSection(venue_EMNLP.2022_=2022.findings-emnlp.446@ACL)

2024-04-04 00:12:07,979 <requestor-worker-9:4140868, MainThread:140046854821696> (requestor.py:_fetch_single_async:199 -> session.py:request:318) from logger `RFC.session_aiohttp`
[INFO] session requesting PapersCoolPaperPage(venue_ACL.2012).PapersCoolPaperKimiSection(venue_ACL.2012_=P12-2016@ACL)

2024-04-04 00:12:07,981 <requestor-worker-9:4140868, MainThread:140046854821696> (requestor.py:_fetch_single_async:199 -> session.py:request:318) from logger `RFC.session_aiohttp`
[INFO] session requesting PapersCoolPaperPage(venue_EMNLP.2015).PapersCoolPaperKimiSection(venue_EMNLP.2015_=D15-1198@ACL)

2024-04-04 00:12:07,982 <requestor-worker-9:4140868, MainThread:140046854821696> (requestor.py:_fetch_single_async:199 -> session.py:request:318) from logger `RFC.session_aiohttp`
[INFO] session requesting PapersCoolPaperPage(venue_ICCV.2023).PapersCoolPaperKimiSection(venue_ICCV.2023_=Kan_Knowledge-Aware_Prompt_Tuning_for_Generalizable_Vision-Language_Models@ICCV2023@CVF)

2024-04-04 00:12:07,984 <requestor-worker-9:4140868, MainThread:140046854821696> (requestor.py:_fetch_single_async:199 -> session.py:request:318) from logger `RFC.session_aiohttp`
[INFO] session requesting PapersCoolPaperPage(venue_NeurIPS.2021).PapersCoolPaperKimiSection(venue_NeurIPS.2021_=-xEk43f_EO6@OpenReview)

2024-04-04 00:12:08,031 <requestor-worker-9:4140868, MainThread:140046854821696> (requestor.py:_fetch_single_async:199 -> session.py:request:318) from logger `RFC.session_aiohttp`
[INFO] session requesting PapersCoolPaperPage(venue_ACL.2016).PapersCoolPaperKimiSection(venue_ACL.2016_=P16-2062@ACL)

2024-04-04 00:12:08,099 <requestor-worker-9:4140868, MainThread:140046854821696> (requestor.py:_fetch_single_async:199 -> session.py:request:318) from logger `RFC.session_aiohttp`
[INFO] session requesting PapersCoolPaperPage(venue_ACL.2017).PapersCoolPaperKimiSection(venue_ACL.2017_=P17-2046@ACL)

2024-04-04 00:12:08,101 <requestor-worker-9:4140868, MainThread:140046854821696> (requestor.py:_fetch_single_async:199 -> session.py:request:318) from logger `RFC.session_aiohttp`
[INFO] session requesting PapersCoolPaperPage(venue_ACL.2023).PapersCoolPaperKimiSection(venue_ACL.2023_=2023.findings-acl.851@ACL)

2024-04-04 00:12:08,102 <requestor-worker-9:4140868, MainThread:140046854821696> (requestor.py:_fetch_single_async:199 -> session.py:request:318) from logger `RFC.session_aiohttp`
[INFO] session requesting PapersCoolPaperPage(venue_EMNLP.2013).PapersCoolPaperKimiSection(venue_EMNLP.2013_=D13-1090@ACL)

2024-04-04 00:12:08,104 <requestor-worker-9:4140868, MainThread:140046854821696> (requestor.py:_fetch_single_async:199 -> session.py:request:318) from logger `RFC.session_aiohttp`
[INFO] session requesting PapersCoolPaperPage(venue_ICCV.2021).PapersCoolPaperKimiSection(venue_ICCV.2021_=Zhong_Graph_Contrastive_Clustering@ICCV2021@CVF)

2024-04-04 00:12:08,105 <requestor-worker-9:4140868, MainThread:140046854821696> (requestor.py:_fetch_single_async:199 -> session.py:request:318) from logger `RFC.session_aiohttp`
[INFO] session requesting PapersCoolPaperPage(venue_NeurIPS.2023).PapersCoolPaperKimiSection(venue_NeurIPS.2023_=LdvVd0bNyO@OpenReview)

2024-04-04 00:12:08,107 <requestor-worker-9:4140868, MainThread:140046854821696> (requestor.py:_fetch_single_async:199 -> session.py:request:318) from logger `RFC.session_aiohttp`
[INFO] session requesting PapersCoolPaperPage(venue_ACL.2020).PapersCoolPaperKimiSection(venue_ACL.2020_=2020.acl-main.734@ACL)

2024-04-04 00:12:08,201 <requestor-worker-9:4140868, MainThread:140046854821696> (requestor.py:_fetch_single_async:199 -> session.py:request:318) from logger `RFC.session_aiohttp`
[INFO] session requesting PapersCoolPaperPage(venue_ICCV.2023).PapersCoolPaperKimiSection(venue_ICCV.2023_=Zhang_Accurate_3D_Face_Reconstruction_with_Facial_Component_Tokens@ICCV2023@CVF)

2024-04-04 00:12:08,203 <requestor-worker-9:4140868, MainThread:140046854821696> (requestor.py:_fetch_single_async:199 -> session.py:request:318) from logger `RFC.session_aiohttp`
[INFO] session requesting PapersCoolPaperPage(venue_ACL.2015).PapersCoolPaperKimiSection(venue_ACL.2015_=P15-2109@ACL)

2024-04-04 00:12:08,205 <requestor-worker-9:4140868, MainThread:140046854821696> (requestor.py:_fetch_single_async:199 -> session.py:request:318) from logger `RFC.session_aiohttp`
[INFO] session requesting PapersCoolPaperPage(venue_ICML.2021).PapersCoolPaperKimiSection(venue_ICML.2021_=lutter21a@v139@PMLR)

2024-04-04 00:12:08,206 <requestor-worker-9:4140868, MainThread:140046854821696> (requestor.py:_fetch_single_async:199 -> session.py:request:318) from logger `RFC.session_aiohttp`
[INFO] session requesting PapersCoolPaperPage(venue_EMNLP.2019).PapersCoolPaperKimiSection(venue_EMNLP.2019_=D19-1624@ACL)

2024-04-04 00:12:08,208 <requestor-worker-9:4140868, MainThread:140046854821696> (requestor.py:_fetch_single_async:199 -> session.py:request:318) from logger `RFC.session_aiohttp`
[INFO] session requesting PapersCoolPaperPage(venue_NeurIPS.2021).PapersCoolPaperKimiSection(venue_NeurIPS.2021_=90EVPQ7uCV@OpenReview)

2024-04-04 00:12:08,209 <requestor-worker-9:4140868, MainThread:140046854821696> (requestor.py:_fetch_single_async:199 -> session.py:request:318) from logger `RFC.session_aiohttp`
[INFO] session requesting PapersCoolPaperPage(venue_EMNLP.2021).PapersCoolPaperKimiSection(venue_EMNLP.2021_=2021.findings-emnlp.330@ACL)

2024-04-04 00:12:08,222 <requestor-worker-9:4140868, MainThread:140046854821696> (requestor.py:_fetch_single_async:199 -> session.py:request:318) from logger `RFC.session_aiohttp`
[INFO] session requesting PapersCoolPaperPage(venue_CVPR.2021).PapersCoolPaperKimiSection(venue_CVPR.2021_=Yu_Lite-HRNet_A_Lightweight_High-Resolution_Network@CVPR2021@CVF)

2024-04-04 00:12:08,224 <requestor-worker-9:4140868, MainThread:140046854821696> (requestor.py:_fetch_single_async:199 -> session.py:request:318) from logger `RFC.session_aiohttp`
[INFO] session requesting PapersCoolPaperPage(venue_NeurIPS.2022).PapersCoolPaperKimiSection(venue_NeurIPS.2022_=6H2pBoPtm0s@OpenReview)

2024-04-04 00:12:08,225 <requestor-worker-9:4140868, MainThread:140046854821696> (requestor.py:_fetch_single_async:199 -> session.py:request:318) from logger `RFC.session_aiohttp`
[INFO] session requesting PapersCoolPaperPage(venue_ACL.2021).PapersCoolPaperKimiSection(venue_ACL.2021_=2021.findings-acl.383@ACL)

2024-04-04 00:12:08,227 <requestor-worker-9:4140868, MainThread:140046854821696> (requestor.py:_fetch_single_async:199 -> session.py:request:318) from logger `RFC.session_aiohttp`
[INFO] session requesting PapersCoolPaperPage(venue_ACL.2014).PapersCoolPaperKimiSection(venue_ACL.2014_=P14-2067@ACL)

2024-04-04 00:12:08,228 <requestor-worker-9:4140868, MainThread:140046854821696> (requestor.py:_fetch_single_async:199 -> session.py:request:318) from logger `RFC.session_aiohttp`
[INFO] session requesting PapersCoolPaperPage(venue_ICML.2021).PapersCoolPaperKimiSection(venue_ICML.2021_=wei21c@v139@PMLR)

2024-04-04 00:12:08,309 <requestor-worker-9:4140868, MainThread:140046854821696> (requestor.py:_fetch_single_async:199 -> session.py:request:318) from logger `RFC.session_aiohttp`
[INFO] session requesting PapersCoolPaperPage(venue_CVPR.2022).PapersCoolPaperKimiSection(venue_CVPR.2022_=Luo_SimAN_Exploring_Self-Supervised_Representation_Learning_of_Scene_Text_via_Similarity-Aware@CVPR2022@CVF)

2024-04-04 00:12:08,311 <requestor-worker-9:4140868, MainThread:140046854821696> (requestor.py:_fetch_single_async:199 -> session.py:request:318) from logger `RFC.session_aiohttp`
[INFO] session requesting PapersCoolPaperPage(venue_CVPR.2021).PapersCoolPaperKimiSection(venue_CVPR.2021_=Bauer_ReAgent_Point_Cloud_Registration_Using_Imitation_and_Reinforcement_Learning@CVPR2021@CVF)

2024-04-04 00:12:08,312 <requestor-worker-9:4140868, MainThread:140046854821696> (requestor.py:_fetch_single_async:199 -> session.py:request:318) from logger `RFC.session_aiohttp`
[INFO] session requesting PapersCoolPaperPage(venue_ACL.2019).PapersCoolPaperKimiSection(venue_ACL.2019_=P19-2023@ACL)

2024-04-04 00:12:08,314 <requestor-worker-9:4140868, MainThread:140046854821696> (requestor.py:_fetch_single_async:199 -> session.py:request:318) from logger `RFC.session_aiohttp`
[INFO] session requesting PapersCoolPaperPage(venue_ACL.2016).PapersCoolPaperKimiSection(venue_ACL.2016_=P16-2068@ACL)

2024-04-04 00:12:08,315 <requestor-worker-9:4140868, MainThread:140046854821696> (requestor.py:_fetch_single_async:199 -> session.py:request:318) from logger `RFC.session_aiohttp`
[INFO] session requesting PapersCoolPaperPage(venue_ICCV.2021).PapersCoolPaperKimiSection(venue_ICCV.2021_=Li_Adaptive_Hierarchical_Graph_Reasoning_With_Semantic_Coherence_for_Video-and-Language_Inference@ICCV2021@CVF)

2024-04-04 00:12:08,317 <requestor-worker-9:4140868, MainThread:140046854821696> (requestor.py:_fetch_single_async:199 -> session.py:request:318) from logger `RFC.session_aiohttp`
[INFO] session requesting PapersCoolPaperPage(venue_CVPR.2023).PapersCoolPaperKimiSection(venue_CVPR.2023_=Wang_NeMo_Learning_3D_Neural_Motion_Fields_From_Multiple_Video_Instances@CVPR2023@CVF)

2024-04-04 00:12:08,319 <requestor-worker-9:4140868, MainThread:140046854821696> (requestor.py:_fetch_single_async:199 -> session.py:request:318) from logger `RFC.session_aiohttp`
[INFO] session requesting PapersCoolPaperPage(venue_ACL.2012).PapersCoolPaperKimiSection(venue_ACL.2012_=P12-2024@ACL)

2024-04-04 00:12:08,392 <requestor-worker-9:4140868, MainThread:140046854821696> (requestor.py:_fetch_single_async:199 -> session.py:request:318) from logger `RFC.session_aiohttp`
[INFO] session requesting PapersCoolPaperPage(venue_EMNLP.2022).PapersCoolPaperKimiSection(venue_EMNLP.2022_=2022.findings-emnlp.456@ACL)

2024-04-04 00:12:08,394 <requestor-worker-9:4140868, MainThread:140046854821696> (requestor.py:_fetch_single_async:199 -> session.py:request:318) from logger `RFC.session_aiohttp`
[INFO] session requesting PapersCoolPaperPage(venue_ACL.2015).PapersCoolPaperKimiSection(venue_ACL.2015_=P15-2116@ACL)

2024-04-04 00:12:08,395 <requestor-worker-9:4140868, MainThread:140046854821696> (requestor.py:_fetch_single_async:199 -> session.py:request:318) from logger `RFC.session_aiohttp`
[INFO] session requesting PapersCoolPaperPage(venue_ACL.2022).PapersCoolPaperKimiSection(venue_ACL.2022_=2022.findings-acl.264@ACL)

2024-04-04 00:12:08,397 <requestor-worker-9:4140868, MainThread:140046854821696> (requestor.py:_fetch_single_async:199 -> session.py:request:318) from logger `RFC.session_aiohttp`
[INFO] session requesting PapersCoolPaperPage(venue_ICCV.2023).PapersCoolPaperKimiSection(venue_ICCV.2023_=Zong_Temporal_Enhanced_Training_of_Multi-view_3D_Object_Detector_via_Historical@ICCV2023@CVF)

2024-04-04 00:12:08,399 <requestor-worker-9:4140868, MainThread:140046854821696> (requestor.py:_fetch_single_async:199 -> session.py:request:318) from logger `RFC.session_aiohttp`
[INFO] session requesting PapersCoolPaperPage(venue_NeurIPS.2022).PapersCoolPaperKimiSection(venue_NeurIPS.2022_=YYyAVk8TrOQ@OpenReview)

2024-04-04 00:12:08,401 <requestor-worker-9:4140868, MainThread:140046854821696> (requestor.py:_fetch_single_async:199 -> session.py:request:318) from logger `RFC.session_aiohttp`
[INFO] session requesting PapersCoolPaperPage(venue_EMNLP.2016).PapersCoolPaperKimiSection(venue_EMNLP.2016_=D16-1162@ACL)

2024-04-04 00:12:09,157 <requestor-worker-9:4140868, MainThread:140046854821696> (requestor.py:_fetch_single_async:199 -> session.py:request:318) from logger `RFC.session_aiohttp`
[INFO] session requesting PapersCoolPaperPage(venue_EMNLP.2018).PapersCoolPaperKimiSection(venue_EMNLP.2018_=D18-1474@ACL)

2024-04-04 00:12:09,159 <requestor-worker-9:4140868, MainThread:140046854821696> (requestor.py:_fetch_single_async:199 -> session.py:request:318) from logger `RFC.session_aiohttp`
[INFO] session requesting PapersCoolPaperPage(venue_ACL.2022).PapersCoolPaperKimiSection(venue_ACL.2022_=2022.findings-acl.265@ACL)

2024-04-04 00:12:09,162 <requestor-worker-9:4140868, MainThread:140046854821696> (requestor.py:_fetch_single_async:199 -> session.py:request:318) from logger `RFC.session_aiohttp`
[INFO] session requesting PapersCoolPaperPage(venue_ICML.2022).PapersCoolPaperKimiSection(venue_ICML.2022_=shi22c@v162@PMLR)

2024-04-04 00:12:09,165 <requestor-worker-9:4140868, MainThread:140046854821696> (requestor.py:_fetch_single_async:199 -> session.py:request:318) from logger `RFC.session_aiohttp`
[INFO] session requesting PapersCoolPaperPage(venue_CVPR.2023).PapersCoolPaperKimiSection(venue_CVPR.2023_=Gu_Preserving_Linear_Separability_in_Continual_Learning_by_Backward_Feature_Projection@CVPR2023@CVF)

2024-04-04 00:12:09,167 <requestor-worker-9:4140868, MainThread:140046854821696> (requestor.py:_fetch_single_async:199 -> session.py:request:318) from logger `RFC.session_aiohttp`
[INFO] session requesting PapersCoolPaperPage(venue_ICCV.2019).PapersCoolPaperKimiSection(venue_ICCV.2019_=Pan_Deep_Mesh_Reconstruction_From_Single_RGB_Images_via_Topology_Modification@ICCV2019@CVF)

2024-04-04 00:12:09,170 <requestor-worker-9:4140868, MainThread:140046854821696> (requestor.py:_fetch_single_async:199 -> session.py:request:318) from logger `RFC.session_aiohttp`
[INFO] session requesting PapersCoolPaperPage(venue_ACL.2020).PapersCoolPaperKimiSection(venue_ACL.2020_=2020.acl-main.743@ACL)

2024-04-04 00:12:09,171 <requestor-worker-9:4140868, MainThread:140046854821696> (requestor.py:_fetch_single_async:199 -> session.py:request:318) from logger `RFC.session_aiohttp`
[INFO] session requesting PapersCoolPaperPage(venue_CVPR.2021).PapersCoolPaperKimiSection(venue_CVPR.2021_=Dai_SPSG_Self-Supervised_Photometric_Scene_Generation_From_RGB-D_Scans@CVPR2021@CVF)

2024-04-04 00:12:09,173 <requestor-worker-9:4140868, MainThread:140046854821696> (requestor.py:_fetch_single_async:199 -> session.py:request:318) from logger `RFC.session_aiohttp`
[INFO] session requesting PapersCoolPaperPage(venue_EMNLP.2017).PapersCoolPaperKimiSection(venue_EMNLP.2017_=D17-1233@ACL)

2024-04-04 00:12:09,174 <requestor-worker-9:4140868, MainThread:140046854821696> (requestor.py:_fetch_single_async:199 -> session.py:request:318) from logger `RFC.session_aiohttp`
[INFO] session requesting PapersCoolPaperPage(venue_EMNLP.2015).PapersCoolPaperKimiSection(venue_EMNLP.2015_=D15-1211@ACL)

2024-04-04 00:12:09,176 <requestor-worker-9:4140868, MainThread:140046854821696> (requestor.py:_fetch_single_async:199 -> session.py:request:318) from logger `RFC.session_aiohttp`
[INFO] session requesting PapersCoolPaperPage(venue_NeurIPS.2021).PapersCoolPaperKimiSection(venue_NeurIPS.2021_=4PK-St2iVZn@OpenReview)

2024-04-04 00:12:09,177 <requestor-worker-9:4140868, MainThread:140046854821696> (requestor.py:_fetch_single_async:199 -> session.py:request:318) from logger `RFC.session_aiohttp`
[INFO] session requesting PapersCoolPaperPage(venue_ACL.2015).PapersCoolPaperKimiSection(venue_ACL.2015_=P15-2118@ACL)

2024-04-04 00:12:09,889 <requestor-worker-9:4140868, MainThread:140046854821696> (requestor.py:_fetch_single_async:199 -> session.py:request:318) from logger `RFC.session_aiohttp`
[INFO] session requesting PapersCoolPaperPage(venue_CVPR.2023).PapersCoolPaperKimiSection(venue_CVPR.2023_=Xu_HandsOff_Labeled_Dataset_Generation_With_No_Additional_Human_Annotations@CVPR2023@CVF)

2024-04-04 00:12:09,891 <requestor-worker-9:4140868, MainThread:140046854821696> (requestor.py:_fetch_single_async:199 -> session.py:request:318) from logger `RFC.session_aiohttp`
[INFO] session requesting PapersCoolPaperPage(venue_CVPR.2023).PapersCoolPaperKimiSection(venue_CVPR.2023_=Barattin_Attribute-Preserving_Face_Dataset_Anonymization_via_Latent_Code_Optimization@CVPR2023@CVF)

2024-04-04 00:12:09,893 <requestor-worker-9:4140868, MainThread:140046854821696> (requestor.py:_fetch_single_async:199 -> session.py:request:318) from logger `RFC.session_aiohttp`
[INFO] session requesting PapersCoolPaperPage(venue_CVPR.2023).PapersCoolPaperKimiSection(venue_CVPR.2023_=Black_BEDLAM_A_Synthetic_Dataset_of_Bodies_Exhibiting_Detailed_Lifelike_Animated@CVPR2023@CVF)

2024-04-04 00:12:09,894 <requestor-worker-9:4140868, MainThread:140046854821696> (requestor.py:_fetch_single_async:199 -> session.py:request:318) from logger `RFC.session_aiohttp`
[INFO] session requesting PapersCoolPaperPage(venue_CVPR.2023).PapersCoolPaperKimiSection(venue_CVPR.2023_=Liu_Marching-Primitives_Shape_Abstraction_From_Signed_Distance_Function@CVPR2023@CVF)

2024-04-04 00:12:09,896 <requestor-worker-9:4140868, MainThread:140046854821696> (requestor.py:_fetch_single_async:199 -> session.py:request:318) from logger `RFC.session_aiohttp`
[INFO] session requesting PapersCoolPaperPage(venue_CVPR.2023).PapersCoolPaperKimiSection(venue_CVPR.2023_=Yang_Object_Pose_Estimation_With_Statistical_Guarantees_Conformal_Keypoint_Detection_and@CVPR2023@CVF)

2024-04-04 00:12:09,897 <requestor-worker-9:4140868, MainThread:140046854821696> (requestor.py:_fetch_single_async:199 -> session.py:request:318) from logger `RFC.session_aiohttp`
[INFO] session requesting PapersCoolPaperPage(venue_CVPR.2023).PapersCoolPaperKimiSection(venue_CVPR.2023_=Bokhovkin_Neural_Part_Priors_Learning_To_Optimize_Part-Based_Object_Completion_in@CVPR2023@CVF)

2024-04-04 00:12:09,898 <requestor-worker-9:4140868, MainThread:140046854821696> (requestor.py:_fetch_single_async:199 -> session.py:request:318) from logger `RFC.session_aiohttp`
[INFO] session requesting PapersCoolPaperPage(venue_CVPR.2023).PapersCoolPaperKimiSection(venue_CVPR.2023_=Siddiqui_Panoptic_Lifting_for_3D_Scene_Understanding_With_Neural_Fields@CVPR2023@CVF)

2024-04-04 00:12:10,180 <requestor-worker-9:4140868, MainThread:140046854821696> (requestor.py:_fetch_single_async:199 -> session.py:request:318) from logger `RFC.session_aiohttp`
[INFO] session requesting PapersCoolPaperPage(venue_ICCV.2023).PapersCoolPaperKimiSection(venue_ICCV.2023_=Choi_Environment_Agnostic_Representation_for_Visual_Reinforcement_Learning@ICCV2023@CVF)

2024-04-04 00:12:10,182 <requestor-worker-9:4140868, MainThread:140046854821696> (requestor.py:_fetch_single_async:199 -> session.py:request:318) from logger `RFC.session_aiohttp`
[INFO] session requesting PapersCoolPaperPage(venue_ACL.2023).PapersCoolPaperKimiSection(venue_ACL.2023_=2023.findings-acl.862@ACL)

2024-04-04 00:12:10,184 <requestor-worker-9:4140868, MainThread:140046854821696> (requestor.py:_fetch_single_async:199 -> session.py:request:318) from logger `RFC.session_aiohttp`
[INFO] session requesting PapersCoolPaperPage(venue_ACL.2019).PapersCoolPaperKimiSection(venue_ACL.2019_=P19-2031@ACL)

2024-04-04 00:12:10,186 <requestor-worker-9:4140868, MainThread:140046854821696> (requestor.py:_fetch_single_async:199 -> session.py:request:318) from logger `RFC.session_aiohttp`
[INFO] session requesting PapersCoolPaperPage(venue_CVPR.2022).PapersCoolPaperKimiSection(venue_CVPR.2022_=Kim_Semi-Supervised_Learning_of_Semantic_Correspondence_With_Pseudo-Labels@CVPR2022@CVF)

2024-04-04 00:12:10,188 <requestor-worker-9:4140868, MainThread:140046854821696> (requestor.py:_fetch_single_async:199 -> session.py:request:318) from logger `RFC.session_aiohttp`
[INFO] session requesting PapersCoolPaperPage(venue_EMNLP.2023).PapersCoolPaperKimiSection(venue_EMNLP.2023_=2023.findings-emnlp.986@ACL)

2024-04-04 00:12:10,190 <requestor-worker-9:4140868, MainThread:140046854821696> (requestor.py:_fetch_single_async:199 -> session.py:request:318) from logger `RFC.session_aiohttp`
[INFO] session requesting PapersCoolPaperPage(venue_ACL.2020).PapersCoolPaperKimiSection(venue_ACL.2020_=2020.acl-main.746@ACL)

2024-04-04 00:12:10,192 <requestor-worker-9:4140868, MainThread:140046854821696> (requestor.py:_fetch_single_async:199 -> session.py:request:318) from logger `RFC.session_aiohttp`
[INFO] session requesting PapersCoolPaperPage(venue_ACL.2012).PapersCoolPaperKimiSection(venue_ACL.2012_=P12-2032@ACL)

2024-04-04 00:12:10,194 <requestor-worker-9:4140868, MainThread:140046854821696> (requestor.py:_fetch_single_async:199 -> session.py:request:318) from logger `RFC.session_aiohttp`
[INFO] session requesting PapersCoolPaperPage(venue_ICML.2021).PapersCoolPaperKimiSection(venue_ICML.2021_=shen21a@v139@PMLR)

2024-04-04 00:12:10,196 <requestor-worker-9:4140868, MainThread:140046854821696> (requestor.py:_fetch_single_async:199 -> session.py:request:318) from logger `RFC.session_aiohttp`
[INFO] session requesting PapersCoolPaperPage(venue_ACL.2017).PapersCoolPaperKimiSection(venue_ACL.2017_=P17-2061@ACL)

2024-04-04 00:12:10,199 <requestor-worker-9:4140868, MainThread:140046854821696> (requestor.py:_fetch_single_async:199 -> session.py:request:318) from logger `RFC.session_aiohttp`
[INFO] session requesting PapersCoolPaperPage(venue_ACL.2013).PapersCoolPaperKimiSection(venue_ACL.2013_=P13-2143@ACL)

2024-04-04 00:12:10,201 <requestor-worker-9:4140868, MainThread:140046854821696> (requestor.py:_fetch_single_async:199 -> session.py:request:318) from logger `RFC.session_aiohttp`
[INFO] session requesting PapersCoolPaperPage(venue_INTERSPEECH.2022).PapersCoolPaperKimiSection(venue_INTERSPEECH.2022_=wang22e@interspeech_2022@ISCA)

2024-04-04 00:12:10,202 <requestor-worker-9:4140868, MainThread:140046854821696> (requestor.py:_fetch_single_async:199 -> session.py:request:318) from logger `RFC.session_aiohttp`
[INFO] session requesting PapersCoolPaperPage(venue_ACL.2021).PapersCoolPaperKimiSection(venue_ACL.2021_=2021.findings-acl.393@ACL)

2024-04-04 00:12:10,204 <requestor-worker-9:4140868, MainThread:140046854821696> (requestor.py:_fetch_single_async:199 -> session.py:request:318) from logger `RFC.session_aiohttp`
[INFO] session requesting PapersCoolPaperPage(venue_ACL.2020).PapersCoolPaperKimiSection(venue_ACL.2020_=2020.acl-main.747@ACL)

2024-04-04 00:12:10,207 <requestor-worker-9:4140868, MainThread:140046854821696> (requestor.py:_fetch_single_async:199 -> session.py:request:318) from logger `RFC.session_aiohttp`
[INFO] session requesting PapersCoolPaperPage(venue_CVPR.2021).PapersCoolPaperKimiSection(venue_CVPR.2021_=Isobe_Multi-Target_Domain_Adaptation_With_Collaborative_Consistency_Learning@CVPR2021@CVF)

2024-04-04 00:12:10,208 <requestor-worker-9:4140868, MainThread:140046854821696> (requestor.py:_fetch_single_async:199 -> session.py:request:318) from logger `RFC.session_aiohttp`
[INFO] session requesting PapersCoolPaperPage(venue_EMNLP.2017).PapersCoolPaperKimiSection(venue_EMNLP.2017_=D17-1237@ACL)

2024-04-04 00:12:10,210 <requestor-worker-9:4140868, MainThread:140046854821696> (requestor.py:_fetch_single_async:199 -> session.py:request:318) from logger `RFC.session_aiohttp`
[INFO] session requesting PapersCoolPaperPage(venue_ICCV.2019).PapersCoolPaperKimiSection(venue_ICCV.2019_=Lukezic_CDTB_A_Color_and_Depth_Visual_Object_Tracking_Dataset_and@ICCV2019@CVF)

2024-04-04 00:12:10,212 <requestor-worker-9:4140868, MainThread:140046854821696> (requestor.py:_fetch_single_async:199 -> session.py:request:318) from logger `RFC.session_aiohttp`
[INFO] session requesting PapersCoolPaperPage(venue_ACL.2019).PapersCoolPaperKimiSection(venue_ACL.2019_=P19-2033@ACL)

2024-04-04 00:12:10,301 <requestor-worker-9:4140868, MainThread:140046854821696> (requestor.py:_fetch_single_async:199 -> session.py:request:318) from logger `RFC.session_aiohttp`
[INFO] session requesting PapersCoolPaperPage(venue_EMNLP.2022).PapersCoolPaperKimiSection(venue_EMNLP.2022_=2022.findings-emnlp.469@ACL)

2024-04-04 00:12:10,303 <requestor-worker-9:4140868, MainThread:140046854821696> (requestor.py:_fetch_single_async:199 -> session.py:request:318) from logger `RFC.session_aiohttp`
[INFO] session requesting PapersCoolPaperPage(venue_ACL.2016).PapersCoolPaperKimiSection(venue_ACL.2016_=P16-2084@ACL)

2024-04-04 00:12:10,304 <requestor-worker-9:4140868, MainThread:140046854821696> (requestor.py:_fetch_single_async:199 -> session.py:request:318) from logger `RFC.session_aiohttp`
[INFO] session requesting PapersCoolPaperPage(venue_ACL.2018).PapersCoolPaperKimiSection(venue_ACL.2018_=P18-2124@ACL)

2024-04-04 00:12:10,306 <requestor-worker-9:4140868, MainThread:140046854821696> (requestor.py:_fetch_single_async:199 -> session.py:request:318) from logger `RFC.session_aiohttp`
[INFO] session requesting PapersCoolPaperPage(venue_CVPR.2023).PapersCoolPaperKimiSection(venue_CVPR.2023_=Hu_A_Dynamic_Multi-Scale_Voxel_Flow_Network_for_Video_Prediction@CVPR2023@CVF)

2024-04-04 00:12:10,307 <requestor-worker-9:4140868, MainThread:140046854821696> (requestor.py:_fetch_single_async:199 -> session.py:request:318) from logger `RFC.session_aiohttp`
[INFO] session requesting PapersCoolPaperPage(venue_ACL.2014).PapersCoolPaperKimiSection(venue_ACL.2014_=P14-2085@ACL)

2024-04-04 00:12:10,309 <requestor-worker-9:4140868, MainThread:140046854821696> (requestor.py:_fetch_single_async:199 -> session.py:request:318) from logger `RFC.session_aiohttp`
[INFO] session requesting PapersCoolPaperPage(venue_ACL.2013).PapersCoolPaperKimiSection(venue_ACL.2013_=P13-2150@ACL)

2024-04-04 00:12:10,310 <requestor-worker-9:4140868, MainThread:140046854821696> (requestor.py:_fetch_single_async:199 -> session.py:request:318) from logger `RFC.session_aiohttp`
[INFO] session requesting PapersCoolPaperPage(venue_NeurIPS.2021).PapersCoolPaperKimiSection(venue_NeurIPS.2021_=yr7nrY18Xu@OpenReview)

2024-04-04 00:12:10,347 <requestor-worker-9:4140868, MainThread:140046854821696> (requestor.py:_fetch_single_async:199 -> session.py:request:318) from logger `RFC.session_aiohttp`
[INFO] session requesting PapersCoolPaperPage(venue_ICML.2022).PapersCoolPaperKimiSection(venue_ICML.2022_=razin22a@v162@PMLR)

2024-04-04 00:12:10,372 <requestor-worker-9:4140868, MainThread:140046854821696> (requestor.py:_fetch_single_async:199 -> session.py:request:318) from logger `RFC.session_aiohttp`
[INFO] session requesting PapersCoolPaperPage(venue_EMNLP.2014).PapersCoolPaperKimiSection(venue_EMNLP.2014_=D14-1133@ACL)

2024-04-04 00:12:10,829 <requestor-worker-9:4140868, MainThread:140046854821696> (requestor.py:_fetch_single_async:199 -> session.py:request:318) from logger `RFC.session_aiohttp`
[INFO] session requesting PapersCoolPaperPage(venue_CVPR.2021).PapersCoolPaperKimiSection(venue_CVPR.2021_=Salvador_Revamping_Cross-Modal_Recipe_Retrieval_With_Hierarchical_Transformers_and_Self-Supervised_Learning@CVPR2021@CVF)

2024-04-04 00:12:10,831 <requestor-worker-9:4140868, MainThread:140046854821696> (requestor.py:_fetch_single_async:199 -> session.py:request:318) from logger `RFC.session_aiohttp`
[INFO] session requesting PapersCoolPaperPage(venue_ACL.2015).PapersCoolPaperKimiSection(venue_ACL.2015_=P15-2129@ACL)

2024-04-04 00:12:10,833 <requestor-worker-9:4140868, MainThread:140046854821696> (requestor.py:_fetch_single_async:199 -> session.py:request:318) from logger `RFC.session_aiohttp`
[INFO] session requesting PapersCoolPaperPage(venue_EMNLP.2019).PapersCoolPaperKimiSection(venue_EMNLP.2019_=D19-1646@ACL)

2024-04-04 00:12:10,921 <requestor-worker-9:4140868, MainThread:140046854821696> (requestor.py:_fetch_single_async:199 -> session.py:request:318) from logger `RFC.session_aiohttp`
[INFO] session requesting PapersCoolPaperPage(venue_CVPR.2023).PapersCoolPaperKimiSection(venue_CVPR.2023_=Xu_DisCoScene_Spatially_Disentangled_Generative_Radiance_Fields_for_Controllable_3D-Aware_Scene@CVPR2023@CVF)

2024-04-04 00:12:10,923 <requestor-worker-9:4140868, MainThread:140046854821696> (requestor.py:_fetch_single_async:199 -> session.py:request:318) from logger `RFC.session_aiohttp`
[INFO] session requesting PapersCoolPaperPage(venue_ACL.2015).PapersCoolPaperKimiSection(venue_ACL.2015_=P15-2131@ACL)

2024-04-04 00:12:10,925 <requestor-worker-9:4140868, MainThread:140046854821696> (requestor.py:_fetch_single_async:199 -> session.py:request:318) from logger `RFC.session_aiohttp`
[INFO] session requesting PapersCoolPaperPage(venue_ACL.2019).PapersCoolPaperKimiSection(venue_ACL.2019_=P19-2044@ACL)

2024-04-04 00:12:10,926 <requestor-worker-9:4140868, MainThread:140046854821696> (requestor.py:_fetch_single_async:199 -> session.py:request:318) from logger `RFC.session_aiohttp`
[INFO] session requesting PapersCoolPaperPage(venue_EMNLP.2014).PapersCoolPaperKimiSection(venue_EMNLP.2014_=D14-1136@ACL)

2024-04-04 00:12:10,929 <requestor-worker-9:4140868, MainThread:140046854821696> (requestor.py:_fetch_single_async:199 -> session.py:request:318) from logger `RFC.session_aiohttp`
[INFO] session requesting PapersCoolPaperPage(venue_ICCV.2021).PapersCoolPaperKimiSection(venue_ICCV.2021_=Li_Perceptual_Variousness_Motion_Deblurring_With_Light_Global_Context_Refinement@ICCV2021@CVF)

2024-04-04 00:12:10,931 <requestor-worker-9:4140868, MainThread:140046854821696> (requestor.py:_fetch_single_async:199 -> session.py:request:318) from logger `RFC.session_aiohttp`
[INFO] session requesting PapersCoolPaperPage(venue_ICCV.2023).PapersCoolPaperKimiSection(venue_ICCV.2023_=Huang_PHRIT_Parametric_Hand_Representation_with_Implicit_Template@ICCV2023@CVF)

2024-04-04 00:12:11,027 <requestor-worker-9:4140868, MainThread:140046854821696> (requestor.py:_fetch_single_async:199 -> session.py:request:318) from logger `RFC.session_aiohttp`
[INFO] session requesting PapersCoolPaperPage(venue_EMNLP.2021).PapersCoolPaperKimiSection(venue_EMNLP.2021_=2021.findings-emnlp.356@ACL)

2024-04-04 00:12:11,029 <requestor-worker-9:4140868, MainThread:140046854821696> (requestor.py:_fetch_single_async:199 -> session.py:request:318) from logger `RFC.session_aiohttp`
[INFO] session requesting PapersCoolPaperPage(venue_ACL.2021).PapersCoolPaperKimiSection(venue_ACL.2021_=2021.findings-acl.406@ACL)

2024-04-04 00:12:11,031 <requestor-worker-9:4140868, MainThread:140046854821696> (requestor.py:_fetch_single_async:199 -> session.py:request:318) from logger `RFC.session_aiohttp`
[INFO] session requesting PapersCoolPaperPage(venue_EMNLP.2019).PapersCoolPaperKimiSection(venue_EMNLP.2019_=D19-1649@ACL)

2024-04-04 00:12:11,032 <requestor-worker-9:4140868, MainThread:140046854821696> (requestor.py:_fetch_single_async:199 -> session.py:request:318) from logger `RFC.session_aiohttp`
[INFO] session requesting PapersCoolPaperPage(venue_ACL.2019).PapersCoolPaperKimiSection(venue_ACL.2019_=P19-2045@ACL)

2024-04-04 00:12:11,034 <requestor-worker-9:4140868, MainThread:140046854821696> (requestor.py:_fetch_single_async:199 -> session.py:request:318) from logger `RFC.session_aiohttp`
[INFO] session requesting PapersCoolPaperPage(venue_NeurIPS.2023).PapersCoolPaperKimiSection(venue_NeurIPS.2023_=IOSaJ7ukgf@OpenReview)

2024-04-04 00:12:11,054 <requestor-worker-9:4140868, MainThread:140046854821696> (requestor.py:_fetch_single_async:199 -> session.py:request:318) from logger `RFC.session_aiohttp`
[INFO] session requesting PapersCoolPaperPage(venue_EMNLP.2016).PapersCoolPaperKimiSection(venue_EMNLP.2016_=D16-1182@ACL)

2024-04-04 00:12:11,056 <requestor-worker-9:4140868, MainThread:140046854821696> (requestor.py:_fetch_single_async:199 -> session.py:request:318) from logger `RFC.session_aiohttp`
[INFO] session requesting PapersCoolPaperPage(venue_EMNLP.2014).PapersCoolPaperKimiSection(venue_EMNLP.2014_=D14-1139@ACL)

2024-04-04 00:12:11,058 <requestor-worker-9:4140868, MainThread:140046854821696> (requestor.py:_fetch_single_async:199 -> session.py:request:318) from logger `RFC.session_aiohttp`
[INFO] session requesting PapersCoolPaperPage(venue_ACL.2017).PapersCoolPaperKimiSection(venue_ACL.2017_=P17-2076@ACL)

2024-04-04 00:12:11,060 <requestor-worker-9:4140868, MainThread:140046854821696> (requestor.py:_fetch_single_async:199 -> session.py:request:318) from logger `RFC.session_aiohttp`
[INFO] session requesting PapersCoolPaperPage(venue_CVPR.2023).PapersCoolPaperKimiSection(venue_CVPR.2023_=Yang_Towards_Effective_Adversarial_Textured_3D_Meshes_on_Physical_Face_Recognition@CVPR2023@CVF)

2024-04-04 00:12:11,061 <requestor-worker-9:4140868, MainThread:140046854821696> (requestor.py:_fetch_single_async:199 -> session.py:request:318) from logger `RFC.session_aiohttp`
[INFO] session requesting PapersCoolPaperPage(venue_ACL.2012).PapersCoolPaperKimiSection(venue_ACL.2012_=P12-2047@ACL)

2024-04-04 00:12:11,063 <requestor-worker-9:4140868, MainThread:140046854821696> (requestor.py:_fetch_single_async:199 -> session.py:request:318) from logger `RFC.session_aiohttp`
[INFO] session requesting PapersCoolPaperPage(venue_ACL.2016).PapersCoolPaperKimiSection(venue_ACL.2016_=P16-2092@ACL)

2024-04-04 00:12:11,064 <requestor-worker-9:4140868, MainThread:140046854821696> (requestor.py:_fetch_single_async:199 -> session.py:request:318) from logger `RFC.session_aiohttp`
[INFO] session requesting PapersCoolPaperPage(venue_ICML.2022).PapersCoolPaperKimiSection(venue_ICML.2022_=fei22a@v162@PMLR)

2024-04-04 00:12:11,066 <requestor-worker-9:4140868, MainThread:140046854821696> (requestor.py:_fetch_single_async:199 -> session.py:request:318) from logger `RFC.session_aiohttp`
[INFO] session requesting PapersCoolPaperPage(venue_EMNLP.2014).PapersCoolPaperKimiSection(venue_EMNLP.2014_=D14-1140@ACL)

2024-04-04 00:12:11,068 <requestor-worker-9:4140868, MainThread:140046854821696> (requestor.py:_fetch_single_async:199 -> session.py:request:318) from logger `RFC.session_aiohttp`
[INFO] session requesting PapersCoolPaperPage(venue_EMNLP.2015).PapersCoolPaperKimiSection(venue_EMNLP.2015_=D15-1229@ACL)

2024-04-04 00:12:11,071 <requestor-worker-9:4140868, MainThread:140046854821696> (requestor.py:_fetch_single_async:199 -> session.py:request:318) from logger `RFC.session_aiohttp`
[INFO] session requesting PapersCoolPaperPage(venue_ACL.2022).PapersCoolPaperKimiSection(venue_ACL.2022_=2022.findings-acl.284@ACL)

2024-04-04 00:12:11,113 <requestor-worker-9:4140868, MainThread:140046854821696> (requestor.py:_fetch_single_async:199 -> session.py:request:318) from logger `RFC.session_aiohttp`
[INFO] session requesting PapersCoolPaperPage(venue_ACL.2012).PapersCoolPaperKimiSection(venue_ACL.2012_=P12-2050@ACL)

2024-04-04 00:12:11,115 <requestor-worker-9:4140868, MainThread:140046854821696> (requestor.py:_fetch_single_async:199 -> session.py:request:318) from logger `RFC.session_aiohttp`
[INFO] session requesting PapersCoolPaperPage(venue_ACL.2022).PapersCoolPaperKimiSection(venue_ACL.2022_=2022.findings-acl.286@ACL)

2024-04-04 00:12:11,118 <requestor-worker-9:4140868, MainThread:140046854821696> (requestor.py:_fetch_single_async:199 -> session.py:request:318) from logger `RFC.session_aiohttp`
[INFO] session requesting PapersCoolPaperPage(venue_EMNLP.2020).PapersCoolPaperKimiSection(venue_EMNLP.2020_=2020.findings-emnlp.368@ACL)

2024-04-04 00:12:11,182 <requestor-worker-9:4140868, MainThread:140046854821696> (requestor.py:_fetch_single_async:199 -> session.py:request:318) from logger `RFC.session_aiohttp`
[INFO] session requesting PapersCoolPaperPage(venue_ACL.2013).PapersCoolPaperKimiSection(venue_ACL.2013_=P13-3009@ACL)

2024-04-04 00:12:11,183 <requestor-worker-9:4140868, MainThread:140046854821696> (requestor.py:_fetch_single_async:199 -> session.py:request:318) from logger `RFC.session_aiohttp`
[INFO] session requesting PapersCoolPaperPage(venue_ICCV.2019).PapersCoolPaperKimiSection(venue_ICCV.2019_=Ma_Deep_Tensor_ADMM-Net_for_Snapshot_Compressive_Imaging@ICCV2019@CVF)

2024-04-04 00:12:11,185 <requestor-worker-9:4140868, MainThread:140046854821696> (requestor.py:_fetch_single_async:199 -> session.py:request:318) from logger `RFC.session_aiohttp`
[INFO] session requesting PapersCoolPaperPage(venue_EMNLP.2021).PapersCoolPaperKimiSection(venue_EMNLP.2021_=2021.findings-emnlp.364@ACL)

2024-04-04 00:12:11,187 <requestor-worker-9:4140868, MainThread:140046854821696> (requestor.py:_fetch_single_async:199 -> session.py:request:318) from logger `RFC.session_aiohttp`
[INFO] session requesting PapersCoolPaperPage(venue_ICML.2022).PapersCoolPaperKimiSection(venue_ICML.2022_=yang22p@v162@PMLR)

2024-04-04 00:12:11,189 <requestor-worker-9:4140868, MainThread:140046854821696> (requestor.py:_fetch_single_async:199 -> session.py:request:318) from logger `RFC.session_aiohttp`
[INFO] session requesting PapersCoolPaperPage(venue_EMNLP.2018).PapersCoolPaperKimiSection(venue_EMNLP.2018_=D18-1495@ACL)

2024-04-04 00:12:11,190 <requestor-worker-9:4140868, MainThread:140046854821696> (requestor.py:_fetch_single_async:199 -> session.py:request:318) from logger `RFC.session_aiohttp`
[INFO] session requesting PapersCoolPaperPage(venue_NeurIPS.2023).PapersCoolPaperKimiSection(venue_NeurIPS.2023_=NNtsO5L27J@OpenReview)

2024-04-04 00:12:11,257 <requestor-worker-9:4140868, MainThread:140046854821696> (requestor.py:_fetch_single_async:199 -> session.py:request:318) from logger `RFC.session_aiohttp`
[INFO] session requesting PapersCoolPaperPage(venue_NeurIPS.2023).PapersCoolPaperKimiSection(venue_NeurIPS.2023_=JCCi58IUsh@OpenReview)

2024-04-04 00:12:11,259 <requestor-worker-9:4140868, MainThread:140046854821696> (requestor.py:_fetch_single_async:199 -> session.py:request:318) from logger `RFC.session_aiohttp`
[INFO] session requesting PapersCoolPaperPage(venue_ACL.2018).PapersCoolPaperKimiSection(venue_ACL.2018_=P18-3013@ACL)

2024-04-04 00:12:11,261 <requestor-worker-9:4140868, MainThread:140046854821696> (requestor.py:_fetch_single_async:199 -> session.py:request:318) from logger `RFC.session_aiohttp`
[INFO] session requesting PapersCoolPaperPage(venue_ACL.2012).PapersCoolPaperKimiSection(venue_ACL.2012_=P12-2053@ACL)

2024-04-04 00:12:11,346 <requestor-worker-9:4140868, MainThread:140046854821696> (requestor.py:_fetch_single_async:199 -> session.py:request:318) from logger `RFC.session_aiohttp`
[INFO] session requesting PapersCoolPaperPage(venue_CVPR.2023).PapersCoolPaperKimiSection(venue_CVPR.2023_=He_D2Former_Jointly_Learning_Hierarchical_Detectors_and_Contextual_Descriptors_via_Agent-Based@CVPR2023@CVF)

2024-04-04 00:12:11,348 <requestor-worker-9:4140868, MainThread:140046854821696> (requestor.py:_fetch_single_async:199 -> session.py:request:318) from logger `RFC.session_aiohttp`
[INFO] session requesting PapersCoolPaperPage(venue_ACL.2013).PapersCoolPaperKimiSection(venue_ACL.2013_=P13-3011@ACL)

2024-04-04 00:12:11,365 <requestor-worker-9:4140868, MainThread:140046854821696> (requestor.py:_fetch_single_async:199 -> session.py:request:318) from logger `RFC.session_aiohttp`
[INFO] session requesting PapersCoolPaperPage(venue_EMNLP.2021).PapersCoolPaperKimiSection(venue_EMNLP.2021_=2021.findings-emnlp.366@ACL)

2024-04-04 00:12:11,367 <requestor-worker-9:4140868, MainThread:140046854821696> (requestor.py:_fetch_single_async:199 -> session.py:request:318) from logger `RFC.session_aiohttp`
[INFO] session requesting PapersCoolPaperPage(venue_NeurIPS.2022).PapersCoolPaperKimiSection(venue_NeurIPS.2022_=xdZs1kf-va@OpenReview)

2024-04-04 00:12:11,368 <requestor-worker-9:4140868, MainThread:140046854821696> (requestor.py:_fetch_single_async:199 -> session.py:request:318) from logger `RFC.session_aiohttp`
[INFO] session requesting PapersCoolPaperPage(venue_EMNLP.2023).PapersCoolPaperKimiSection(venue_EMNLP.2023_=2023.findings-emnlp.1011@ACL)

2024-04-04 00:12:11,370 <requestor-worker-9:4140868, MainThread:140046854821696> (requestor.py:_fetch_single_async:199 -> session.py:request:318) from logger `RFC.session_aiohttp`
[INFO] session requesting PapersCoolPaperPage(venue_EMNLP.2017).PapersCoolPaperKimiSection(venue_EMNLP.2017_=D17-1261@ACL)

2024-04-04 00:12:11,371 <requestor-worker-9:4140868, MainThread:140046854821696> (requestor.py:_fetch_single_async:199 -> session.py:request:318) from logger `RFC.session_aiohttp`
[INFO] session requesting PapersCoolPaperPage(venue_NeurIPS.2023).PapersCoolPaperKimiSection(venue_NeurIPS.2023_=cBIPcZKFdw@OpenReview)

2024-04-04 00:12:11,374 <requestor-worker-9:4140868, MainThread:140046854821696> (requestor.py:_fetch_single_async:199 -> session.py:request:318) from logger `RFC.session_aiohttp`
[INFO] session requesting PapersCoolPaperPage(venue_EMNLP.2015).PapersCoolPaperKimiSection(venue_EMNLP.2015_=D15-1238@ACL)

2024-04-04 00:12:11,375 <requestor-worker-9:4140868, MainThread:140046854821696> (requestor.py:_fetch_single_async:199 -> session.py:request:318) from logger `RFC.session_aiohttp`
[INFO] session requesting PapersCoolPaperPage(venue_IWSLT.2013).PapersCoolPaperKimiSection(venue_IWSLT.2013_=2013.iwslt-evaluation.14@ACL)

2024-04-04 00:12:11,377 <requestor-worker-9:4140868, MainThread:140046854821696> (requestor.py:_fetch_single_async:199 -> session.py:request:318) from logger `RFC.session_aiohttp`
[INFO] session requesting PapersCoolPaperPage(venue_EMNLP.2016).PapersCoolPaperKimiSection(venue_EMNLP.2016_=D16-1191@ACL)

2024-04-04 00:12:11,378 <requestor-worker-9:4140868, MainThread:140046854821696> (requestor.py:_fetch_single_async:199 -> session.py:request:318) from logger `RFC.session_aiohttp`
[INFO] session requesting PapersCoolPaperPage(venue_EMNLP.2019).PapersCoolPaperKimiSection(venue_EMNLP.2019_=D19-1659@ACL)

2024-04-04 00:12:11,380 <requestor-worker-9:4140868, MainThread:140046854821696> (requestor.py:_fetch_single_async:199 -> session.py:request:318) from logger `RFC.session_aiohttp`
[INFO] session requesting PapersCoolPaperPage(venue_EMNLP.2013).PapersCoolPaperKimiSection(venue_EMNLP.2013_=D13-1127@ACL)

2024-04-04 00:12:11,473 <requestor-worker-9:4140868, MainThread:140046854821696> (requestor.py:_fetch_single_async:199 -> session.py:request:318) from logger `RFC.session_aiohttp`
[INFO] session requesting PapersCoolPaperPage(venue_NeurIPS.2022).PapersCoolPaperKimiSection(venue_NeurIPS.2022_=FkPZGtTxXx6@OpenReview)

2024-04-04 00:12:11,475 <requestor-worker-9:4140868, MainThread:140046854821696> (requestor.py:_fetch_single_async:199 -> session.py:request:318) from logger `RFC.session_aiohttp`
[INFO] session requesting PapersCoolPaperPage(venue_EMNLP.2017).PapersCoolPaperKimiSection(venue_EMNLP.2017_=D17-1264@ACL)

2024-04-04 00:12:11,476 <requestor-worker-9:4140868, MainThread:140046854821696> (requestor.py:_fetch_single_async:199 -> session.py:request:318) from logger `RFC.session_aiohttp`
[INFO] session requesting PapersCoolPaperPage(venue_ACL.2023).PapersCoolPaperKimiSection(venue_ACL.2023_=2023.findings-acl.888@ACL)

2024-04-04 00:12:11,478 <requestor-worker-9:4140868, MainThread:140046854821696> (requestor.py:_fetch_single_async:199 -> session.py:request:318) from logger `RFC.session_aiohttp`
[INFO] session requesting PapersCoolPaperPage(venue_ACL.2018).PapersCoolPaperKimiSection(venue_ACL.2018_=P18-3020@ACL)

2024-04-04 00:12:11,480 <requestor-worker-9:4140868, MainThread:140046854821696> (requestor.py:_fetch_single_async:199 -> session.py:request:318) from logger `RFC.session_aiohttp`
[INFO] session requesting PapersCoolPaperPage(venue_EMNLP.2014).PapersCoolPaperKimiSection(venue_EMNLP.2014_=D14-1152@ACL)

2024-04-04 00:12:11,481 <requestor-worker-9:4140868, MainThread:140046854821696> (requestor.py:_fetch_single_async:199 -> session.py:request:318) from logger `RFC.session_aiohttp`
[INFO] session requesting PapersCoolPaperPage(venue_ACL.2017).PapersCoolPaperKimiSection(venue_ACL.2017_=P17-2089@ACL)

2024-04-04 00:12:11,483 <requestor-worker-9:4140868, MainThread:140046854821696> (requestor.py:_fetch_single_async:199 -> session.py:request:318) from logger `RFC.session_aiohttp`
[INFO] session requesting PapersCoolPaperPage(venue_EMNLP.2019).PapersCoolPaperKimiSection(venue_EMNLP.2019_=D19-1664@ACL)

2024-04-04 00:12:11,485 <requestor-worker-9:4140868, MainThread:140046854821696> (requestor.py:_fetch_single_async:199 -> session.py:request:318) from logger `RFC.session_aiohttp`
[INFO] session requesting PapersCoolPaperPage(venue_ICML.2022).PapersCoolPaperKimiSection(venue_ICML.2022_=li22n@v162@PMLR)

2024-04-04 00:12:11,486 <requestor-worker-9:4140868, MainThread:140046854821696> (requestor.py:_fetch_single_async:199 -> session.py:request:318) from logger `RFC.session_aiohttp`
[INFO] session requesting PapersCoolPaperPage(venue_ACL.2013).PapersCoolPaperKimiSection(venue_ACL.2013_=P13-3017@ACL)

2024-04-04 00:12:11,527 <requestor-worker-9:4140868, MainThread:140046854821696> (requestor.py:_fetch_single_async:199 -> session.py:request:318) from logger `RFC.session_aiohttp`
[INFO] session requesting PapersCoolPaperPage(venue_ICCV.2019).PapersCoolPaperKimiSection(venue_ICCV.2019_=Li_Relation-Aware_Graph_Attention_Network_for_Visual_Question_Answering@ICCV2019@CVF)

2024-04-04 00:12:11,529 <requestor-worker-9:4140868, MainThread:140046854821696> (requestor.py:_fetch_single_async:199 -> session.py:request:318) from logger `RFC.session_aiohttp`
[INFO] session requesting PapersCoolPaperPage(venue_ACL.2020).PapersCoolPaperKimiSection(venue_ACL.2020_=2020.acl-main.766@ACL)

2024-04-04 00:12:11,531 <requestor-worker-9:4140868, MainThread:140046854821696> (requestor.py:_fetch_single_async:199 -> session.py:request:318) from logger `RFC.session_aiohttp`
[INFO] session requesting PapersCoolPaperPage(venue_ACL.2021).PapersCoolPaperKimiSection(venue_ACL.2021_=2021.findings-acl.422@ACL)

2024-04-04 00:12:11,637 <requestor-worker-9:4140868, MainThread:140046854821696> (requestor.py:_fetch_single_async:199 -> session.py:request:318) from logger `RFC.session_aiohttp`
[INFO] session requesting PapersCoolPaperPage(venue_INTERSPEECH.2023).PapersCoolPaperKimiSection(venue_INTERSPEECH.2023_=badlani23@interspeech_2023@ISCA)

2024-04-04 00:12:11,639 <requestor-worker-9:4140868, MainThread:140046854821696> (requestor.py:_fetch_single_async:199 -> session.py:request:318) from logger `RFC.session_aiohttp`
[INFO] session requesting PapersCoolPaperPage(venue_NeurIPS.2021).PapersCoolPaperKimiSection(venue_NeurIPS.2021_=du_Rss0tW8@OpenReview)

2024-04-04 00:12:11,641 <requestor-worker-9:4140868, MainThread:140046854821696> (requestor.py:_fetch_single_async:199 -> session.py:request:318) from logger `RFC.session_aiohttp`
[INFO] session requesting PapersCoolPaperPage(venue_ACL.2021).PapersCoolPaperKimiSection(venue_ACL.2021_=2021.findings-acl.423@ACL)

2024-04-04 00:12:11,671 <requestor-worker-9:4140868, MainThread:140046854821696> (requestor.py:_fetch_single_async:199 -> session.py:request:318) from logger `RFC.session_aiohttp`
[INFO] session requesting PapersCoolPaperPage(venue_CVPR.2023).PapersCoolPaperKimiSection(venue_CVPR.2023_=Shen_Progressive_Transformation_Learning_for_Leveraging_Virtual_Images_in_Training@CVPR2023@CVF)

2024-04-04 00:12:11,673 <requestor-worker-9:4140868, MainThread:140046854821696> (requestor.py:_fetch_single_async:199 -> session.py:request:318) from logger `RFC.session_aiohttp`
[INFO] session requesting PapersCoolPaperPage(venue_ACL.2012).PapersCoolPaperKimiSection(venue_ACL.2012_=P12-2065@ACL)

2024-04-04 00:12:11,675 <requestor-worker-9:4140868, MainThread:140046854821696> (requestor.py:_fetch_single_async:199 -> session.py:request:318) from logger `RFC.session_aiohttp`
[INFO] session requesting PapersCoolPaperPage(venue_CVPR.2023).PapersCoolPaperKimiSection(venue_CVPR.2023_=Wu_OmniObject3D_Large-Vocabulary_3D_Object_Dataset_for_Realistic_Perception_Reconstruction_and@CVPR2023@CVF)

2024-04-04 00:12:11,677 <requestor-worker-9:4140868, MainThread:140046854821696> (requestor.py:_fetch_single_async:199 -> session.py:request:318) from logger `RFC.session_aiohttp`
[INFO] session requesting PapersCoolPaperPage(venue_ACL.2013).PapersCoolPaperKimiSection(venue_ACL.2013_=P13-3022@ACL)

2024-04-04 00:12:11,678 <requestor-worker-9:4140868, MainThread:140046854821696> (requestor.py:_fetch_single_async:199 -> session.py:request:318) from logger `RFC.session_aiohttp`
[INFO] session requesting PapersCoolPaperPage(venue_EMNLP.2014).PapersCoolPaperKimiSection(venue_EMNLP.2014_=D14-1158@ACL)

2024-04-04 00:12:11,680 <requestor-worker-9:4140868, MainThread:140046854821696> (requestor.py:_fetch_single_async:199 -> session.py:request:318) from logger `RFC.session_aiohttp`
[INFO] session requesting PapersCoolPaperPage(venue_ACL.2021).PapersCoolPaperKimiSection(venue_ACL.2021_=2021.findings-acl.427@ACL)

2024-04-04 00:12:11,681 <requestor-worker-9:4140868, MainThread:140046854821696> (requestor.py:_fetch_single_async:199 -> session.py:request:318) from logger `RFC.session_aiohttp`
[INFO] session requesting PapersCoolPaperPage(venue_EMNLP.2012).PapersCoolPaperKimiSection(venue_EMNLP.2012_=D12-1066@ACL)

2024-04-04 00:12:11,683 <requestor-worker-9:4140868, MainThread:140046854821696> (requestor.py:_fetch_single_async:199 -> session.py:request:318) from logger `RFC.session_aiohttp`
[INFO] session requesting PapersCoolPaperPage(venue_EMNLP.2021).PapersCoolPaperKimiSection(venue_EMNLP.2021_=2021.findings-emnlp.376@ACL)

2024-04-04 00:12:11,684 <requestor-worker-9:4140868, MainThread:140046854821696> (requestor.py:_fetch_single_async:199 -> session.py:request:318) from logger `RFC.session_aiohttp`
[INFO] session requesting PapersCoolPaperPage(venue_EMNLP.2015).PapersCoolPaperKimiSection(venue_EMNLP.2015_=D15-1248@ACL)

2024-04-04 00:12:11,778 <requestor-worker-9:4140868, MainThread:140046854821696> (requestor.py:_fetch_single_async:199 -> session.py:request:318) from logger `RFC.session_aiohttp`
[INFO] session requesting PapersCoolPaperPage(venue_EMNLP.2022).PapersCoolPaperKimiSection(venue_EMNLP.2022_=2022.findings-emnlp.498@ACL)

2024-04-04 00:12:11,780 <requestor-worker-9:4140868, MainThread:140046854821696> (requestor.py:_fetch_single_async:199 -> session.py:request:318) from logger `RFC.session_aiohttp`
[INFO] session requesting PapersCoolPaperPage(venue_EMNLP.2020).PapersCoolPaperKimiSection(venue_EMNLP.2020_=2020.findings-emnlp.387@ACL)

2024-04-04 00:12:11,781 <requestor-worker-9:4140868, MainThread:140046854821696> (requestor.py:_fetch_single_async:199 -> session.py:request:318) from logger `RFC.session_aiohttp`
[INFO] session requesting PapersCoolPaperPage(venue_IWSLT.2013).PapersCoolPaperKimiSection(venue_IWSLT.2013_=2013.iwslt-evaluation.17@ACL)

2024-04-04 00:12:11,783 <requestor-worker-9:4140868, MainThread:140046854821696> (requestor.py:_fetch_single_async:199 -> session.py:request:318) from logger `RFC.session_aiohttp`
[INFO] session requesting PapersCoolPaperPage(venue_ACL.2012).PapersCoolPaperKimiSection(venue_ACL.2012_=P12-2069@ACL)

2024-04-04 00:12:11,785 <requestor-worker-9:4140868, MainThread:140046854821696> (requestor.py:_fetch_single_async:199 -> session.py:request:318) from logger `RFC.session_aiohttp`
[INFO] session requesting PapersCoolPaperPage(venue_EMNLP.2014).PapersCoolPaperKimiSection(venue_EMNLP.2014_=D14-1162@ACL)

2024-04-04 00:12:11,786 <requestor-worker-9:4140868, MainThread:140046854821696> (requestor.py:_fetch_single_async:199 -> session.py:request:318) from logger `RFC.session_aiohttp`
[INFO] session requesting PapersCoolPaperPage(venue_ICCV.2021).PapersCoolPaperKimiSection(venue_ICCV.2021_=Mishra_Effectively_Leveraging_Attributes_for_Visual_Similarity@ICCV2021@CVF)

2024-04-04 00:12:11,788 <requestor-worker-9:4140868, MainThread:140046854821696> (requestor.py:_fetch_single_async:199 -> session.py:request:318) from logger `RFC.session_aiohttp`
[INFO] session requesting PapersCoolPaperPage(venue_ACL.2018).PapersCoolPaperKimiSection(venue_ACL.2018_=P18-4009@ACL)

2024-04-04 00:12:11,789 <requestor-worker-9:4140868, MainThread:140046854821696> (requestor.py:_fetch_single_async:199 -> session.py:request:318) from logger `RFC.session_aiohttp`
[INFO] session requesting PapersCoolPaperPage(venue_NeurIPS.2023).PapersCoolPaperKimiSection(venue_NeurIPS.2023_=FkpMm9avyP@OpenReview)

2024-04-04 00:12:11,791 <requestor-worker-9:4140868, MainThread:140046854821696> (requestor.py:_fetch_single_async:199 -> session.py:request:318) from logger `RFC.session_aiohttp`
[INFO] session requesting PapersCoolPaperPage(venue_EMNLP.2015).PapersCoolPaperKimiSection(venue_EMNLP.2015_=D15-1252@ACL)

2024-04-04 00:12:11,826 <requestor-worker-9:4140868, MainThread:140046854821696> (requestor.py:_fetch_single_async:199 -> session.py:request:318) from logger `RFC.session_aiohttp`
[INFO] session requesting PapersCoolPaperPage(venue_EMNLP.2015).PapersCoolPaperKimiSection(venue_EMNLP.2015_=D15-1253@ACL)

2024-04-04 00:12:11,828 <requestor-worker-9:4140868, MainThread:140046854821696> (requestor.py:_fetch_single_async:199 -> session.py:request:318) from logger `RFC.session_aiohttp`
[INFO] session requesting PapersCoolPaperPage(venue_EMNLP.2019).PapersCoolPaperKimiSection(venue_EMNLP.2019_=D19-1676@ACL)

2024-04-04 00:12:11,830 <requestor-worker-9:4140868, MainThread:140046854821696> (requestor.py:_fetch_single_async:199 -> session.py:request:318) from logger `RFC.session_aiohttp`
[INFO] session requesting PapersCoolPaperPage(venue_ACL.2019).PapersCoolPaperKimiSection(venue_ACL.2019_=P19-3012@ACL)

2024-04-04 00:12:11,898 <requestor-worker-9:4140868, MainThread:140046854821696> (requestor.py:_fetch_single_async:199 -> session.py:request:318) from logger `RFC.session_aiohttp`
[INFO] session requesting PapersCoolPaperPage(venue_EMNLP.2022).PapersCoolPaperKimiSection(venue_EMNLP.2022_=2022.findings-emnlp.501@ACL)

2024-04-04 00:12:11,899 <requestor-worker-9:4140868, MainThread:140046854821696> (requestor.py:_fetch_single_async:199 -> session.py:request:318) from logger `RFC.session_aiohttp`
[INFO] session requesting PapersCoolPaperPage(venue_NeurIPS.2021).PapersCoolPaperKimiSection(venue_NeurIPS.2021_=OBLl2xoDHPw@OpenReview)

2024-04-04 00:12:11,901 <requestor-worker-9:4140868, MainThread:140046854821696> (requestor.py:_fetch_single_async:199 -> session.py:request:318) from logger `RFC.session_aiohttp`
[INFO] session requesting PapersCoolPaperPage(venue_ACL.2012).PapersCoolPaperKimiSection(venue_ACL.2012_=P12-2072@ACL)

2024-04-04 00:12:11,903 <requestor-worker-9:4140868, MainThread:140046854821696> (requestor.py:_fetch_single_async:199 -> session.py:request:318) from logger `RFC.session_aiohttp`
[INFO] session requesting PapersCoolPaperPage(venue_ICCV.2019).PapersCoolPaperKimiSection(venue_ICCV.2019_=Mustafa_U4D_Unsupervised_4D_Dynamic_Scene_Understanding@ICCV2019@CVF)

2024-04-04 00:12:11,905 <requestor-worker-9:4140868, MainThread:140046854821696> (requestor.py:_fetch_single_async:199 -> session.py:request:318) from logger `RFC.session_aiohttp`
[INFO] session requesting PapersCoolPaperPage(venue_NeurIPS.2023).PapersCoolPaperKimiSection(venue_NeurIPS.2023_=OXhymu6MeN@OpenReview)

2024-04-04 00:12:11,959 <requestor-worker-9:4140868, MainThread:140046854821696> (requestor.py:_fetch_single_async:199 -> session.py:request:318) from logger `RFC.session_aiohttp`
[INFO] session requesting PapersCoolPaperPage(venue_ACL.2014).PapersCoolPaperKimiSection(venue_ACL.2014_=P14-2121@ACL)

2024-04-04 00:12:11,961 <requestor-worker-9:4140868, MainThread:140046854821696> (requestor.py:_fetch_single_async:199 -> session.py:request:318) from logger `RFC.session_aiohttp`
[INFO] session requesting PapersCoolPaperPage(venue_ACL.2018).PapersCoolPaperKimiSection(venue_ACL.2018_=P18-4013@ACL)

2024-04-04 00:12:11,963 <requestor-worker-9:4140868, MainThread:140046854821696> (requestor.py:_fetch_single_async:199 -> session.py:request:318) from logger `RFC.session_aiohttp`
[INFO] session requesting PapersCoolPaperPage(venue_ICCV.2023).PapersCoolPaperKimiSection(venue_ICCV.2023_=Tang_CoTDet_Affordance_Knowledge_Prompting_for_Task_Driven_Object_Detection@ICCV2023@CVF)

2024-04-04 00:12:11,977 <requestor-worker-9:4140868, MainThread:140046854821696> (requestor.py:_fetch_single_async:199 -> session.py:request:318) from logger `RFC.session_aiohttp`
[INFO] session requesting PapersCoolPaperPage(venue_ACL.2013).PapersCoolPaperKimiSection(venue_ACL.2013_=P13-4006@ACL)

2024-04-04 00:12:11,979 <requestor-worker-9:4140868, MainThread:140046854821696> (requestor.py:_fetch_single_async:199 -> session.py:request:318) from logger `RFC.session_aiohttp`
[INFO] session requesting PapersCoolPaperPage(venue_ACL.2019).PapersCoolPaperKimiSection(venue_ACL.2019_=P19-3016@ACL)

2024-04-04 00:12:11,981 <requestor-worker-9:4140868, MainThread:140046854821696> (requestor.py:_fetch_single_async:199 -> session.py:request:318) from logger `RFC.session_aiohttp`
[INFO] session requesting PapersCoolPaperPage(venue_EMNLP.2012).PapersCoolPaperKimiSection(venue_EMNLP.2012_=D12-1075@ACL)

2024-04-04 00:12:11,983 <requestor-worker-9:4140868, MainThread:140046854821696> (requestor.py:_fetch_single_async:199 -> session.py:request:318) from logger `RFC.session_aiohttp`
[INFO] session requesting PapersCoolPaperPage(venue_ACL.2012).PapersCoolPaperKimiSection(venue_ACL.2012_=P12-2074@ACL)

2024-04-04 00:12:12,138 <requestor-worker-9:4140868, MainThread:140046854821696> (requestor.py:_fetch_single_async:199 -> session.py:request:318) from logger `RFC.session_aiohttp`
[INFO] session requesting PapersCoolPaperPage(venue_CVPR.2022).PapersCoolPaperKimiSection(venue_CVPR.2022_=Shen_CD2-pFed_Cyclic_Distillation-Guided_Channel_Decoupling_for_Model_Personalization_in_Federated@CVPR2022@CVF)

2024-04-04 00:12:12,140 <requestor-worker-9:4140868, MainThread:140046854821696> (requestor.py:_fetch_single_async:199 -> session.py:request:318) from logger `RFC.session_aiohttp`
[INFO] session requesting PapersCoolPaperPage(venue_EMNLP.2019).PapersCoolPaperKimiSection(venue_EMNLP.2019_=D19-3002@ACL)

2024-04-04 00:12:12,141 <requestor-worker-9:4140868, MainThread:140046854821696> (requestor.py:_fetch_single_async:199 -> session.py:request:318) from logger `RFC.session_aiohttp`
[INFO] session requesting PapersCoolPaperPage(venue_ACL.2013).PapersCoolPaperKimiSection(venue_ACL.2013_=P13-4010@ACL)

2024-04-04 00:12:12,143 <requestor-worker-9:4140868, MainThread:140046854821696> (requestor.py:_fetch_single_async:199 -> session.py:request:318) from logger `RFC.session_aiohttp`
[INFO] session requesting PapersCoolPaperPage(venue_ACL.2019).PapersCoolPaperKimiSection(venue_ACL.2019_=P19-3020@ACL)

2024-04-04 00:12:12,144 <requestor-worker-9:4140868, MainThread:140046854821696> (requestor.py:_fetch_single_async:199 -> session.py:request:318) from logger `RFC.session_aiohttp`
[INFO] session requesting PapersCoolPaperPage(venue_ACL.2012).PapersCoolPaperKimiSection(venue_ACL.2012_=P12-3002@ACL)

2024-04-04 00:12:12,145 <requestor-worker-9:4140868, MainThread:140046854821696> (requestor.py:_fetch_single_async:199 -> session.py:request:318) from logger `RFC.session_aiohttp`
[INFO] session requesting PapersCoolPaperPage(venue_NeurIPS.2023).PapersCoolPaperKimiSection(venue_NeurIPS.2023_=E2TJI6CKm0@OpenReview)

2024-04-04 00:12:12,147 <requestor-worker-9:4140868, MainThread:140046854821696> (requestor.py:_fetch_single_async:199 -> session.py:request:318) from logger `RFC.session_aiohttp`
[INFO] session requesting PapersCoolPaperPage(venue_EMNLP.2017).PapersCoolPaperKimiSection(venue_EMNLP.2017_=D17-1284@ACL)

2024-04-04 00:12:12,148 <requestor-worker-9:4140868, MainThread:140046854821696> (requestor.py:_fetch_single_async:199 -> session.py:request:318) from logger `RFC.session_aiohttp`
[INFO] session requesting PapersCoolPaperPage(venue_ACL.2021).PapersCoolPaperKimiSection(venue_ACL.2021_=2021.findings-acl.440@ACL)

2024-04-04 00:12:12,150 <requestor-worker-9:4140868, MainThread:140046854821696> (requestor.py:_fetch_single_async:199 -> session.py:request:318) from logger `RFC.session_aiohttp`
[INFO] session requesting PapersCoolPaperPage(venue_NeurIPS.2021).PapersCoolPaperKimiSection(venue_NeurIPS.2021_=RqAzAoL8BER@OpenReview)

2024-04-04 00:12:12,245 <requestor-worker-9:4140868, MainThread:140046854821696> (requestor.py:_fetch_single_async:199 -> session.py:request:318) from logger `RFC.session_aiohttp`
[INFO] session requesting PapersCoolPaperPage(venue_ACL.2023).PapersCoolPaperKimiSection(venue_ACL.2023_=2023.findings-acl.897@ACL)

2024-04-04 00:12:12,307 <requestor-worker-9:4140868, MainThread:140046854821696> (requestor.py:_fetch_single_async:199 -> session.py:request:318) from logger `RFC.session_aiohttp`
[INFO] session requesting PapersCoolPaperPage(venue_ACL.2014).PapersCoolPaperKimiSection(venue_ACL.2014_=P14-2130@ACL)

2024-04-04 00:12:12,309 <requestor-worker-9:4140868, MainThread:140046854821696> (requestor.py:_fetch_single_async:199 -> session.py:request:318) from logger `RFC.session_aiohttp`
[INFO] session requesting PapersCoolPaperPage(venue_EMNLP.2016).PapersCoolPaperKimiSection(venue_EMNLP.2016_=D16-1216@ACL)

2024-04-04 00:12:12,310 <requestor-worker-9:4140868, MainThread:140046854821696> (requestor.py:_fetch_single_async:199 -> session.py:request:318) from logger `RFC.session_aiohttp`
[INFO] session requesting PapersCoolPaperPage(venue_EMNLP.2018).PapersCoolPaperKimiSection(venue_EMNLP.2018_=D18-1524@ACL)

2024-04-04 00:12:12,312 <requestor-worker-9:4140868, MainThread:140046854821696> (requestor.py:_fetch_single_async:199 -> session.py:request:318) from logger `RFC.session_aiohttp`
[INFO] session requesting PapersCoolPaperPage(venue_ACL.2020).PapersCoolPaperKimiSection(venue_ACL.2020_=2020.acl-srw.9@ACL)

2024-04-04 00:12:12,313 <requestor-worker-9:4140868, MainThread:140046854821696> (requestor.py:_fetch_single_async:199 -> session.py:request:318) from logger `RFC.session_aiohttp`
[INFO] session requesting PapersCoolPaperPage(venue_INTERSPEECH.2023).PapersCoolPaperKimiSection(venue_INTERSPEECH.2023_=choi23e@interspeech_2023@ISCA)

2024-04-04 00:12:12,315 <requestor-worker-9:4140868, MainThread:140046854821696> (requestor.py:_fetch_single_async:199 -> session.py:request:318) from logger `RFC.session_aiohttp`
[INFO] session requesting PapersCoolPaperPage(venue_EMNLP.2015).PapersCoolPaperKimiSection(venue_EMNLP.2015_=D15-1265@ACL)

2024-04-04 00:12:12,316 <requestor-worker-9:4140868, MainThread:140046854821696> (requestor.py:_fetch_single_async:199 -> session.py:request:318) from logger `RFC.session_aiohttp`
[INFO] session requesting PapersCoolPaperPage(venue_EMNLP.2017).PapersCoolPaperKimiSection(venue_EMNLP.2017_=D17-1288@ACL)

2024-04-04 00:12:12,317 <requestor-worker-9:4140868, MainThread:140046854821696> (requestor.py:_fetch_single_async:199 -> session.py:request:318) from logger `RFC.session_aiohttp`
[INFO] session requesting PapersCoolPaperPage(venue_EMNLP.2020).PapersCoolPaperKimiSection(venue_EMNLP.2020_=2020.findings-emnlp.401@ACL)

2024-04-04 00:12:12,319 <requestor-worker-9:4140868, MainThread:140046854821696> (requestor.py:_fetch_single_async:199 -> session.py:request:318) from logger `RFC.session_aiohttp`
[INFO] session requesting PapersCoolPaperPage(venue_ACL.2014).PapersCoolPaperKimiSection(venue_ACL.2014_=P14-2131@ACL)

2024-04-04 00:12:12,320 <requestor-worker-9:4140868, MainThread:140046854821696> (requestor.py:_fetch_single_async:199 -> session.py:request:318) from logger `RFC.session_aiohttp`
[INFO] session requesting PapersCoolPaperPage(venue_CVPR.2022).PapersCoolPaperKimiSection(venue_CVPR.2022_=Xu_Closing_the_Generalization_Gap_of_Cross-Silo_Federated_Medical_Image_Segmentation@CVPR2022@CVF)

2024-04-04 00:12:12,328 <requestor-worker-9:4140868, MainThread:140046854821696> (requestor.py:_fetch_single_async:199 -> session.py:request:318) from logger `RFC.session_aiohttp`
[INFO] session requesting PapersCoolPaperPage(venue_ACL.2022).PapersCoolPaperKimiSection(venue_ACL.2022_=2022.findings-acl.313@ACL)

2024-04-04 00:12:12,330 <requestor-worker-9:4140868, MainThread:140046854821696> (requestor.py:_fetch_single_async:199 -> session.py:request:318) from logger `RFC.session_aiohttp`
[INFO] session requesting PapersCoolPaperPage(venue_ICCV.2021).PapersCoolPaperKimiSection(venue_ICCV.2021_=Guo_LIGA-Stereo_Learning_LiDAR_Geometry_Aware_Representations_for_Stereo-Based_3D_Detector@ICCV2021@CVF)

2024-04-04 00:12:12,332 <requestor-worker-9:4140868, MainThread:140046854821696> (requestor.py:_fetch_single_async:199 -> session.py:request:318) from logger `RFC.session_aiohttp`
[INFO] session requesting PapersCoolPaperPage(venue_EMNLP.2017).PapersCoolPaperKimiSection(venue_EMNLP.2017_=D17-1290@ACL)

2024-04-04 00:12:12,334 <requestor-worker-9:4140868, MainThread:140046854821696> (requestor.py:_fetch_single_async:199 -> session.py:request:318) from logger `RFC.session_aiohttp`
[INFO] session requesting PapersCoolPaperPage(venue_ACL.2013).PapersCoolPaperKimiSection(venue_ACL.2013_=P13-4015@ACL)

2024-04-04 00:12:12,419 <requestor-worker-9:4140868, MainThread:140046854821696> (requestor.py:_fetch_single_async:199 -> session.py:request:318) from logger `RFC.session_aiohttp`
[INFO] session requesting PapersCoolPaperPage(venue_NeurIPS.2021).PapersCoolPaperKimiSection(venue_NeurIPS.2021_=8qa6hkGYDJk@OpenReview)

2024-04-04 00:12:12,421 <requestor-worker-9:4140868, MainThread:140046854821696> (requestor.py:_fetch_single_async:199 -> session.py:request:318) from logger `RFC.session_aiohttp`
[INFO] session requesting PapersCoolPaperPage(venue_EMNLP.2022).PapersCoolPaperKimiSection(venue_EMNLP.2022_=2022.findings-emnlp.516@ACL)

2024-04-04 00:12:12,423 <requestor-worker-9:4140868, MainThread:140046854821696> (requestor.py:_fetch_single_async:199 -> session.py:request:318) from logger `RFC.session_aiohttp`
[INFO] session requesting PapersCoolPaperPage(venue_EMNLP.2014).PapersCoolPaperKimiSection(venue_EMNLP.2014_=D14-1180@ACL)

2024-04-04 00:12:12,425 <requestor-worker-9:4140868, MainThread:140046854821696> (requestor.py:_fetch_single_async:199 -> session.py:request:318) from logger `RFC.session_aiohttp`
[INFO] session requesting PapersCoolPaperPage(venue_ACL.2021).PapersCoolPaperKimiSection(venue_ACL.2021_=2021.findings-acl.448@ACL)

2024-04-04 00:12:12,426 <requestor-worker-9:4140868, MainThread:140046854821696> (requestor.py:_fetch_single_async:199 -> session.py:request:318) from logger `RFC.session_aiohttp`
[INFO] session requesting PapersCoolPaperPage(venue_EMNLP.2020).PapersCoolPaperKimiSection(venue_EMNLP.2020_=2020.findings-emnlp.405@ACL)

2024-04-04 00:12:12,428 <requestor-worker-9:4140868, MainThread:140046854821696> (requestor.py:_fetch_single_async:199 -> session.py:request:318) from logger `RFC.session_aiohttp`
[INFO] session requesting PapersCoolPaperPage(venue_EMNLP.2021).PapersCoolPaperKimiSection(venue_EMNLP.2021_=2021.findings-emnlp.399@ACL)

2024-04-04 00:12:12,429 <requestor-worker-9:4140868, MainThread:140046854821696> (requestor.py:_fetch_single_async:199 -> session.py:request:318) from logger `RFC.session_aiohttp`
[INFO] session requesting PapersCoolPaperPage(venue_ACL.2012).PapersCoolPaperKimiSection(venue_ACL.2012_=P12-3011@ACL)

2024-04-04 00:12:12,431 <requestor-worker-9:4140868, MainThread:140046854821696> (requestor.py:_fetch_single_async:199 -> session.py:request:318) from logger `RFC.session_aiohttp`
[INFO] session requesting PapersCoolPaperPage(venue_ACL.2013).PapersCoolPaperKimiSection(venue_ACL.2013_=P13-4018@ACL)

2024-04-04 00:12:12,433 <requestor-worker-9:4140868, MainThread:140046854821696> (requestor.py:_fetch_single_async:199 -> session.py:request:318) from logger `RFC.session_aiohttp`
[INFO] session requesting PapersCoolPaperPage(venue_EMNLP.2012).PapersCoolPaperKimiSection(venue_EMNLP.2012_=D12-1089@ACL)

2024-04-04 00:12:12,443 <requestor-worker-9:4140868, MainThread:140046854821696> (requestor.py:_fetch_single_async:199 -> session.py:request:318) from logger `RFC.session_aiohttp`
[INFO] session requesting PapersCoolPaperPage(venue_EMNLP.2023).PapersCoolPaperKimiSection(venue_EMNLP.2023_=2023.findings-emnlp.1044@ACL)

2024-04-04 00:12:12,487 <requestor-worker-9:4140868, MainThread:140046854821696> (requestor.py:_fetch_single_async:199 -> session.py:request:318) from logger `RFC.session_aiohttp`
[INFO] session requesting PapersCoolPaperPage(venue_EMNLP.2019).PapersCoolPaperKimiSection(venue_EMNLP.2019_=D19-3012@ACL)

2024-04-04 00:12:12,489 <requestor-worker-9:4140868, MainThread:140046854821696> (requestor.py:_fetch_single_async:199 -> session.py:request:318) from logger `RFC.session_aiohttp`
[INFO] session requesting PapersCoolPaperPage(venue_INTERSPEECH.2023).PapersCoolPaperKimiSection(venue_INTERSPEECH.2023_=saito23@interspeech_2023@ISCA)

2024-04-04 00:12:12,555 <requestor-worker-9:4140868, MainThread:140046854821696> (requestor.py:_fetch_single_async:199 -> session.py:request:318) from logger `RFC.session_aiohttp`
[INFO] session requesting PapersCoolPaperPage(venue_ACL.2016).PapersCoolPaperKimiSection(venue_ACL.2016_=P16-4014@ACL)

2024-04-04 00:12:12,605 <requestor-worker-9:4140868, MainThread:140046854821696> (requestor.py:_fetch_single_async:199 -> session.py:request:318) from logger `RFC.session_aiohttp`
[INFO] session requesting PapersCoolPaperPage(venue_NDSS.2024).PapersCoolPaperKimiSection(venue_NDSS.2024_=ldr-secure-and-efficient-linux-driver-runtime-for-embedded-tee-systems@NDSS)

2024-04-04 00:12:12,607 <requestor-worker-9:4140868, MainThread:140046854821696> (requestor.py:_fetch_single_async:199 -> session.py:request:318) from logger `RFC.session_aiohttp`
[INFO] session requesting PapersCoolPaperPage(venue_NeurIPS.2021).PapersCoolPaperKimiSection(venue_NeurIPS.2021_=q1eCa1kMfDd@OpenReview)

2024-04-04 00:12:12,609 <requestor-worker-9:4140868, MainThread:140046854821696> (requestor.py:_fetch_single_async:199 -> session.py:request:318) from logger `RFC.session_aiohttp`
[INFO] session requesting PapersCoolPaperPage(venue_ACL.2014).PapersCoolPaperKimiSection(venue_ACL.2014_=P14-3002@ACL)

2024-04-04 00:12:12,611 <requestor-worker-9:4140868, MainThread:140046854821696> (requestor.py:_fetch_single_async:199 -> session.py:request:318) from logger `RFC.session_aiohttp`
[INFO] session requesting PapersCoolPaperPage(venue_EMNLP.2017).PapersCoolPaperKimiSection(venue_EMNLP.2017_=D17-1298@ACL)

2024-04-04 00:12:12,613 <requestor-worker-9:4140868, MainThread:140046854821696> (requestor.py:_fetch_single_async:199 -> session.py:request:318) from logger `RFC.session_aiohttp`
[INFO] session requesting PapersCoolPaperPage(venue_EMNLP.2015).PapersCoolPaperKimiSection(venue_EMNLP.2015_=D15-1276@ACL)

2024-04-04 00:12:12,615 <requestor-worker-9:4140868, MainThread:140046854821696> (requestor.py:_fetch_single_async:199 -> session.py:request:318) from logger `RFC.session_aiohttp`
[INFO] session requesting PapersCoolPaperPage(venue_ACL.2016).PapersCoolPaperKimiSection(venue_ACL.2016_=P16-4017@ACL)

2024-04-04 00:12:12,617 <requestor-worker-9:4140868, MainThread:140046854821696> (requestor.py:_fetch_single_async:199 -> session.py:request:318) from logger `RFC.session_aiohttp`
[INFO] session requesting PapersCoolPaperPage(venue_CVPR.2022).PapersCoolPaperKimiSection(venue_CVPR.2022_=Shuai_Id-Free_Person_Similarity_Learning@CVPR2022@CVF)

2024-04-04 00:12:12,618 <requestor-worker-9:4140868, MainThread:140046854821696> (requestor.py:_fetch_single_async:199 -> session.py:request:318) from logger `RFC.session_aiohttp`
[INFO] session requesting PapersCoolPaperPage(venue_EMNLP.2018).PapersCoolPaperKimiSection(venue_EMNLP.2018_=D18-1533@ACL)

2024-04-04 00:12:12,642 <requestor-worker-9:4140868, MainThread:140046854821696> (requestor.py:_fetch_single_async:199 -> session.py:request:318) from logger `RFC.session_aiohttp`
[INFO] session requesting PapersCoolPaperPage(venue_EMNLP.2021).PapersCoolPaperKimiSection(venue_EMNLP.2021_=2021.findings-emnlp.405@ACL)

2024-04-04 00:12:12,644 <requestor-worker-9:4140868, MainThread:140046854821696> (requestor.py:_fetch_single_async:199 -> session.py:request:318) from logger `RFC.session_aiohttp`
[INFO] session requesting PapersCoolPaperPage(venue_CVPR.2022).PapersCoolPaperKimiSection(venue_CVPR.2022_=Wu_Temporal_Complementarity-Guided_Reinforcement_Learning_for_Image-to-Video_Person_Re-Identification@CVPR2022@CVF)

2024-04-04 00:12:12,801 <requestor-worker-9:4140868, MainThread:140046854821696> (requestor.py:_fetch_single_async:199 -> session.py:request:318) from logger `RFC.session_aiohttp`
[INFO] session requesting PapersCoolPaperPage(venue_ICCV.2019).PapersCoolPaperKimiSection(venue_ICCV.2019_=Wu_Joint_Acne_Image_Grading_and_Counting_via_Label_Distribution_Learning@ICCV2019@CVF)

2024-04-04 00:12:12,853 <requestor-worker-9:4140868, MainThread:140046854821696> (requestor.py:_fetch_single_async:199 -> session.py:request:318) from logger `RFC.session_aiohttp`
[INFO] session requesting PapersCoolPaperPage(venue_IWSLT.2013).PapersCoolPaperKimiSection(venue_IWSLT.2013_=2013.iwslt-evaluation.24@ACL)

2024-04-04 00:12:12,855 <requestor-worker-9:4140868, MainThread:140046854821696> (requestor.py:_fetch_single_async:199 -> session.py:request:318) from logger `RFC.session_aiohttp`
[INFO] session requesting PapersCoolPaperPage(venue_EMNLP.2019).PapersCoolPaperKimiSection(venue_EMNLP.2019_=D19-3021@ACL)

2024-04-04 00:12:12,856 <requestor-worker-9:4140868, MainThread:140046854821696> (requestor.py:_fetch_single_async:199 -> session.py:request:318) from logger `RFC.session_aiohttp`
[INFO] session requesting PapersCoolPaperPage(venue_ACL.2016).PapersCoolPaperKimiSection(venue_ACL.2016_=P16-4022@ACL)

2024-04-04 00:12:12,858 <requestor-worker-9:4140868, MainThread:140046854821696> (requestor.py:_fetch_single_async:199 -> session.py:request:318) from logger `RFC.session_aiohttp`
[INFO] session requesting PapersCoolPaperPage(venue_ACL.2019).PapersCoolPaperKimiSection(venue_ACL.2019_=P19-4006@ACL)

2024-04-04 00:12:12,861 <requestor-worker-9:4140868, MainThread:140046854821696> (requestor.py:_fetch_single_async:199 -> session.py:request:318) from logger `RFC.session_aiohttp`
[INFO] session requesting PapersCoolPaperPage(venue_IWSLT.2022).PapersCoolPaperKimiSection(venue_IWSLT.2022_=2022.iwslt-1.1@ACL)

2024-04-04 00:12:12,863 <requestor-worker-9:4140868, MainThread:140046854821696> (requestor.py:_fetch_single_async:199 -> session.py:request:318) from logger `RFC.session_aiohttp`
[INFO] session requesting PapersCoolPaperPage(venue_ACL.2020).PapersCoolPaperKimiSection(venue_ACL.2020_=2020.acl-srw.26@ACL)

2024-04-04 00:12:12,864 <requestor-worker-9:4140868, MainThread:140046854821696> (requestor.py:_fetch_single_async:199 -> session.py:request:318) from logger `RFC.session_aiohttp`
[INFO] session requesting PapersCoolPaperPage(venue_INTERSPEECH.2023).PapersCoolPaperKimiSection(venue_INTERSPEECH.2023_=pavankalyan23@interspeech_2023@ISCA)

2024-04-04 00:12:12,866 <requestor-worker-9:4140868, MainThread:140046854821696> (requestor.py:_fetch_single_async:199 -> session.py:request:318) from logger `RFC.session_aiohttp`
[INFO] session requesting PapersCoolPaperPage(venue_EMNLP.2016).PapersCoolPaperKimiSection(venue_EMNLP.2016_=D16-1233@ACL)

2024-04-04 00:12:12,867 <requestor-worker-9:4140868, MainThread:140046854821696> (requestor.py:_fetch_single_async:199 -> session.py:request:318) from logger `RFC.session_aiohttp`
[INFO] session requesting PapersCoolPaperPage(venue_EMNLP.2012).PapersCoolPaperKimiSection(venue_EMNLP.2012_=D12-1100@ACL)

2024-04-04 00:12:12,869 <requestor-worker-9:4140868, MainThread:140046854821696> (requestor.py:_fetch_single_async:199 -> session.py:request:318) from logger `RFC.session_aiohttp`
[INFO] session requesting PapersCoolPaperPage(venue_EMNLP.2018).PapersCoolPaperKimiSection(venue_EMNLP.2018_=D18-1539@ACL)

2024-04-04 00:12:12,956 <requestor-worker-9:4140868, MainThread:140046854821696> (requestor.py:_fetch_single_async:199 -> session.py:request:318) from logger `RFC.session_aiohttp`
[INFO] session requesting PapersCoolPaperPage(venue_ICCV.2019).PapersCoolPaperKimiSection(venue_ICCV.2019_=Hwang_Conditional_Recurrent_Flow_Conditional_Generation_of_Longitudinal_Samples_With_Applications@ICCV2019@CVF)

2024-04-04 00:12:12,958 <requestor-worker-9:4140868, MainThread:140046854821696> (requestor.py:_fetch_single_async:199 -> session.py:request:318) from logger `RFC.session_aiohttp`
[INFO] session requesting PapersCoolPaperPage(venue_ACL.2017).PapersCoolPaperKimiSection(venue_ACL.2017_=P17-3022@ACL)

2024-04-04 00:12:13,005 <requestor-worker-9:4140868, MainThread:140046854821696> (requestor.py:_fetch_single_async:199 -> session.py:request:318) from logger `RFC.session_aiohttp`
[INFO] session requesting PapersCoolPaperPage(venue_IWSLT.2023).PapersCoolPaperKimiSection(venue_IWSLT.2023_=2023.iwslt-1.12@ACL)

2024-04-04 00:12:13,007 <requestor-worker-9:4140868, MainThread:140046854821696> (requestor.py:_fetch_single_async:199 -> session.py:request:318) from logger `RFC.session_aiohttp`
[INFO] session requesting PapersCoolPaperPage(venue_NDSS.2024).PapersCoolPaperKimiSection(venue_NDSS.2024_=orl-auditor-dataset-auditing-in-offline-deep-reinforcement-learning@NDSS)

2024-04-04 00:12:13,009 <requestor-worker-9:4140868, MainThread:140046854821696> (requestor.py:_fetch_single_async:199 -> session.py:request:318) from logger `RFC.session_aiohttp`
[INFO] session requesting PapersCoolPaperPage(venue_ACL.2020).PapersCoolPaperKimiSection(venue_ACL.2020_=2020.acl-srw.33@ACL)

2024-04-04 00:12:13,011 <requestor-worker-9:4140868, MainThread:140046854821696> (requestor.py:_fetch_single_async:199 -> session.py:request:318) from logger `RFC.session_aiohttp`
[INFO] session requesting PapersCoolPaperPage(venue_ACL.2017).PapersCoolPaperKimiSection(venue_ACL.2017_=P17-4004@ACL)

2024-04-04 00:12:13,012 <requestor-worker-9:4140868, MainThread:140046854821696> (requestor.py:_fetch_single_async:199 -> session.py:request:318) from logger `RFC.session_aiohttp`
[INFO] session requesting PapersCoolPaperPage(venue_EMNLP.2013).PapersCoolPaperKimiSection(venue_EMNLP.2013_=D13-1175@ACL)

2024-04-04 00:12:13,014 <requestor-worker-9:4140868, MainThread:140046854821696> (requestor.py:_fetch_single_async:199 -> session.py:request:318) from logger `RFC.session_aiohttp`
[INFO] session requesting PapersCoolPaperPage(venue_EMNLP.2016).PapersCoolPaperKimiSection(venue_EMNLP.2016_=D16-1241@ACL)

2024-04-04 00:12:13,015 <requestor-worker-9:4140868, MainThread:140046854821696> (requestor.py:_fetch_single_async:199 -> session.py:request:318) from logger `RFC.session_aiohttp`
[INFO] session requesting PapersCoolPaperPage(venue_ACL.2017).PapersCoolPaperKimiSection(venue_ACL.2017_=P17-4005@ACL)

2024-04-04 00:12:13,017 <requestor-worker-9:4140868, MainThread:140046854821696> (requestor.py:_fetch_single_async:199 -> session.py:request:318) from logger `RFC.session_aiohttp`
[INFO] session requesting PapersCoolPaperPage(venue_EMNLP.2020).PapersCoolPaperKimiSection(venue_EMNLP.2020_=2020.findings-emnlp.423@ACL)

2024-04-04 00:12:13,018 <requestor-worker-9:4140868, MainThread:140046854821696> (requestor.py:_fetch_single_async:199 -> session.py:request:318) from logger `RFC.session_aiohttp`
[INFO] session requesting PapersCoolPaperPage(venue_EMNLP.2021).PapersCoolPaperKimiSection(venue_EMNLP.2021_=2021.findings-emnlp.418@ACL)

2024-04-04 00:12:13,020 <requestor-worker-9:4140868, MainThread:140046854821696> (requestor.py:_fetch_single_async:199 -> session.py:request:318) from logger `RFC.session_aiohttp`
[INFO] session requesting PapersCoolPaperPage(venue_IWSLT.2023).PapersCoolPaperKimiSection(venue_IWSLT.2023_=2023.iwslt-1.14@ACL)

2024-04-04 00:12:13,024 <requestor-worker-9:4140868, MainThread:140046854821696> (requestor.py:_fetch_single_async:199 -> session.py:request:318) from logger `RFC.session_aiohttp`
[INFO] session requesting PapersCoolPaperPage(venue_EMNLP.2020).PapersCoolPaperKimiSection(venue_EMNLP.2020_=2020.findings-emnlp.424@ACL)

2024-04-04 00:12:13,128 <requestor-worker-9:4140868, MainThread:140046854821696> (requestor.py:_fetch_single_async:199 -> session.py:request:318) from logger `RFC.session_aiohttp`
[INFO] session requesting PapersCoolPaperPage(venue_EMNLP.2019).PapersCoolPaperKimiSection(venue_EMNLP.2019_=D19-3032@ACL)

2024-04-04 00:12:13,130 <requestor-worker-9:4140868, MainThread:140046854821696> (requestor.py:_fetch_single_async:199 -> session.py:request:318) from logger `RFC.session_aiohttp`
[INFO] session requesting PapersCoolPaperPage(venue_ICCV.2023).PapersCoolPaperKimiSection(venue_ICCV.2023_=Dan_TransFace_Calibrating_Transformer_Training_for_Face_Recognition_from_a_Data-Centric@ICCV2023@CVF)

2024-04-04 00:12:13,161 <requestor-worker-9:4140868, MainThread:140046854821696> (requestor.py:_fetch_single_async:199 -> session.py:request:318) from logger `RFC.session_aiohttp`
[INFO] session requesting PapersCoolPaperPage(venue_EMNLP.2022).PapersCoolPaperKimiSection(venue_EMNLP.2022_=2022.findings-emnlp.541@ACL)

2024-04-04 00:12:13,162 <requestor-worker-9:4140868, MainThread:140046854821696> (requestor.py:_fetch_single_async:199 -> session.py:request:318) from logger `RFC.session_aiohttp`
[INFO] session requesting PapersCoolPaperPage(venue_EMNLP.2014).PapersCoolPaperKimiSection(venue_EMNLP.2014_=D14-1205@ACL)

2024-04-04 00:12:13,164 <requestor-worker-9:4140868, MainThread:140046854821696> (requestor.py:_fetch_single_async:199 -> session.py:request:318) from logger `RFC.session_aiohttp`
[INFO] session requesting PapersCoolPaperPage(venue_EMNLP.2013).PapersCoolPaperKimiSection(venue_EMNLP.2013_=D13-1182@ACL)

2024-04-04 00:12:13,165 <requestor-worker-9:4140868, MainThread:140046854821696> (requestor.py:_fetch_single_async:199 -> session.py:request:318) from logger `RFC.session_aiohttp`
[INFO] session requesting PapersCoolPaperPage(venue_NDSS.2024).PapersCoolPaperKimiSection(venue_NDSS.2024_=the-dark-side-of-e-commerce-dropshipping-abuse-as-a-business-model@NDSS)

2024-04-04 00:12:13,167 <requestor-worker-9:4140868, MainThread:140046854821696> (requestor.py:_fetch_single_async:199 -> session.py:request:318) from logger `RFC.session_aiohttp`
[INFO] session requesting PapersCoolPaperPage(venue_ICCV.2023).PapersCoolPaperKimiSection(venue_ICCV.2023_=Huang_Video_Task_Decathlon_Unifying_Image_and_Video_Tasks_in_Autonomous@ICCV2023@CVF)

2024-04-04 00:12:13,168 <requestor-worker-9:4140868, MainThread:140046854821696> (requestor.py:_fetch_single_async:199 -> session.py:request:318) from logger `RFC.session_aiohttp`
[INFO] session requesting PapersCoolPaperPage(venue_EMNLP.2016).PapersCoolPaperKimiSection(venue_EMNLP.2016_=D16-1248@ACL)

2024-04-04 00:12:13,170 <requestor-worker-9:4140868, MainThread:140046854821696> (requestor.py:_fetch_single_async:199 -> session.py:request:318) from logger `RFC.session_aiohttp`
[INFO] session requesting PapersCoolPaperPage(venue_INTERSPEECH.2022).PapersCoolPaperKimiSection(venue_INTERSPEECH.2022_=santoso22@interspeech_2022@ISCA)

2024-04-04 00:12:13,171 <requestor-worker-9:4140868, MainThread:140046854821696> (requestor.py:_fetch_single_async:199 -> session.py:request:318) from logger `RFC.session_aiohttp`
[INFO] session requesting PapersCoolPaperPage(venue_EMNLP.2017).PapersCoolPaperKimiSection(venue_EMNLP.2017_=D17-1319@ACL)

2024-04-04 00:12:13,173 <requestor-worker-9:4140868, MainThread:140046854821696> (requestor.py:_fetch_single_async:199 -> session.py:request:318) from logger `RFC.session_aiohttp`
[INFO] session requesting PapersCoolPaperPage(venue_ACL.2014).PapersCoolPaperKimiSection(venue_ACL.2014_=P14-5012@ACL)

2024-04-04 00:12:13,244 <requestor-worker-9:4140868, MainThread:140046854821696> (requestor.py:_fetch_single_async:199 -> session.py:request:318) from logger `RFC.session_aiohttp`
[INFO] session requesting PapersCoolPaperPage(venue_EMNLP.2015).PapersCoolPaperKimiSection(venue_EMNLP.2015_=D15-1299@ACL)

2024-04-04 00:12:13,246 <requestor-worker-9:4140868, MainThread:140046854821696> (requestor.py:_fetch_single_async:199 -> session.py:request:318) from logger `RFC.session_aiohttp`
[INFO] session requesting PapersCoolPaperPage(venue_EMNLP.2022).PapersCoolPaperKimiSection(venue_EMNLP.2022_=2022.findings-emnlp.545@ACL)

2024-04-04 00:12:13,298 <requestor-worker-9:4140868, MainThread:140046854821696> (requestor.py:_fetch_single_async:199 -> session.py:request:318) from logger `RFC.session_aiohttp`
[INFO] session requesting PapersCoolPaperPage(venue_EMNLP.2022).PapersCoolPaperKimiSection(venue_EMNLP.2022_=2022.findings-emnlp.547@ACL)

2024-04-04 00:12:13,300 <requestor-worker-9:4140868, MainThread:140046854821696> (requestor.py:_fetch_single_async:199 -> session.py:request:318) from logger `RFC.session_aiohttp`
[INFO] session requesting PapersCoolPaperPage(venue_EMNLP.2017).PapersCoolPaperKimiSection(venue_EMNLP.2017_=D17-2001@ACL)

2024-04-04 00:12:13,301 <requestor-worker-9:4140868, MainThread:140046854821696> (requestor.py:_fetch_single_async:199 -> session.py:request:318) from logger `RFC.session_aiohttp`
[INFO] session requesting PapersCoolPaperPage(venue_EMNLP.2020).PapersCoolPaperKimiSection(venue_EMNLP.2020_=2020.findings-emnlp.435@ACL)

2024-04-04 00:12:13,303 <requestor-worker-9:4140868, MainThread:140046854821696> (requestor.py:_fetch_single_async:199 -> session.py:request:318) from logger `RFC.session_aiohttp`
[INFO] session requesting PapersCoolPaperPage(venue_ACL.2012).PapersCoolPaperKimiSection(venue_ACL.2012_=W12-3208@ACL)

2024-04-04 00:12:13,304 <requestor-worker-9:4140868, MainThread:140046854821696> (requestor.py:_fetch_single_async:199 -> session.py:request:318) from logger `RFC.session_aiohttp`
[INFO] session requesting PapersCoolPaperPage(venue_EMNLP.2012).PapersCoolPaperKimiSection(venue_EMNLP.2012_=D12-1121@ACL)

2024-04-04 00:12:13,314 <requestor-worker-9:4140868, MainThread:140046854821696> (requestor.py:_fetch_single_async:199 -> session.py:request:318) from logger `RFC.session_aiohttp`
[INFO] session requesting PapersCoolPaperPage(venue_EMNLP.2012).PapersCoolPaperKimiSection(venue_EMNLP.2012_=D12-1125@ACL)

2024-04-04 00:12:13,315 <requestor-worker-9:4140868, MainThread:140046854821696> (requestor.py:_fetch_single_async:199 -> session.py:request:318) from logger `RFC.session_aiohttp`
[INFO] session requesting PapersCoolPaperPage(venue_EMNLP.2016).PapersCoolPaperKimiSection(venue_EMNLP.2016_=D16-1258@ACL)

2024-04-04 00:12:13,317 <requestor-worker-9:4140868, MainThread:140046854821696> (requestor.py:_fetch_single_async:199 -> session.py:request:318) from logger `RFC.session_aiohttp`
[INFO] session requesting PapersCoolPaperPage(venue_ACL.2020).PapersCoolPaperKimiSection(venue_ACL.2020_=2020.acl-tutorials.8@ACL)

2024-04-04 00:12:13,318 <requestor-worker-9:4140868, MainThread:140046854821696> (requestor.py:_fetch_single_async:199 -> session.py:request:318) from logger `RFC.session_aiohttp`
[INFO] session requesting PapersCoolPaperPage(venue_EMNLP.2013).PapersCoolPaperKimiSection(venue_EMNLP.2013_=D13-1192@ACL)

2024-04-04 00:12:13,319 <requestor-worker-9:4140868, MainThread:140046854821696> (requestor.py:_fetch_single_async:199 -> session.py:request:318) from logger `RFC.session_aiohttp`
[INFO] session requesting PapersCoolPaperPage(venue_IWSLT.2023).PapersCoolPaperKimiSection(venue_IWSLT.2023_=2023.iwslt-1.32@ACL)

2024-04-04 00:12:13,321 <requestor-worker-9:4140868, MainThread:140046854821696> (requestor.py:_fetch_single_async:199 -> session.py:request:318) from logger `RFC.session_aiohttp`
[INFO] session requesting PapersCoolPaperPage(venue_EMNLP.2015).PapersCoolPaperKimiSection(venue_EMNLP.2015_=D15-1306@ACL)

2024-04-04 00:12:13,422 <requestor-worker-9:4140868, MainThread:140046854821696> (requestor.py:_fetch_single_async:199 -> session.py:request:318) from logger `RFC.session_aiohttp`
[INFO] session requesting PapersCoolPaperPage(venue_ACL.2014).PapersCoolPaperKimiSection(venue_ACL.2014_=P14-6002@ACL)

2024-04-04 00:12:13,423 <requestor-worker-9:4140868, MainThread:140046854821696> (requestor.py:_fetch_single_async:199 -> session.py:request:318) from logger `RFC.session_aiohttp`
[INFO] session requesting PapersCoolPaperPage(venue_INTERSPEECH.2023).PapersCoolPaperKimiSection(venue_INTERSPEECH.2023_=rybakov23c@interspeech_2023@ISCA)

2024-04-04 00:12:13,451 <requestor-worker-9:4140868, MainThread:140046854821696> (requestor.py:_fetch_single_async:199 -> session.py:request:318) from logger `RFC.session_aiohttp`
[INFO] session requesting PapersCoolPaperPage(venue_EMNLP.2014).PapersCoolPaperKimiSection(venue_EMNLP.2014_=D14-1219@ACL)

2024-04-04 00:12:13,453 <requestor-worker-9:4140868, MainThread:140046854821696> (requestor.py:_fetch_single_async:199 -> session.py:request:318) from logger `RFC.session_aiohttp`
[INFO] session requesting PapersCoolPaperPage(venue_ACL.2012).PapersCoolPaperKimiSection(venue_ACL.2012_=W12-3303@ACL)

2024-04-04 00:12:13,454 <requestor-worker-9:4140868, MainThread:140046854821696> (requestor.py:_fetch_single_async:199 -> session.py:request:318) from logger `RFC.session_aiohttp`
[INFO] session requesting PapersCoolPaperPage(venue_IWSLT.2022).PapersCoolPaperKimiSection(venue_IWSLT.2022_=2022.iwslt-1.22@ACL)

2024-04-04 00:12:13,455 <requestor-worker-9:4140868, MainThread:140046854821696> (requestor.py:_fetch_single_async:199 -> session.py:request:318) from logger `RFC.session_aiohttp`
[INFO] session requesting PapersCoolPaperPage(venue_ACL.2014).PapersCoolPaperKimiSection(venue_ACL.2014_=P14-6005@ACL)

2024-04-04 00:12:13,458 <requestor-worker-9:4140868, MainThread:140046854821696> (requestor.py:_fetch_single_async:199 -> session.py:request:318) from logger `RFC.session_aiohttp`
[INFO] session requesting PapersCoolPaperPage(venue_EMNLP.2014).PapersCoolPaperKimiSection(venue_EMNLP.2014_=D14-1220@ACL)

2024-04-04 00:12:13,459 <requestor-worker-9:4140868, MainThread:140046854821696> (requestor.py:_fetch_single_async:199 -> session.py:request:318) from logger `RFC.session_aiohttp`
[INFO] session requesting PapersCoolPaperPage(venue_ACL.2017).PapersCoolPaperKimiSection(venue_ACL.2017_=P17-5006@ACL)

2024-04-04 00:12:13,527 <requestor-worker-9:4140868, MainThread:140046854821696> (requestor.py:_fetch_single_async:199 -> session.py:request:318) from logger `RFC.session_aiohttp`
[INFO] session requesting PapersCoolPaperPage(venue_IWSLT.2022).PapersCoolPaperKimiSection(venue_IWSLT.2022_=2022.iwslt-1.23@ACL)

2024-04-04 00:12:13,532 <requestor-worker-9:4140868, MainThread:140046854821696> (requestor.py:_fetch_single_async:199 -> session.py:request:318) from logger `RFC.session_aiohttp`
[INFO] session requesting PapersCoolPaperPage(venue_EMNLP.2016).PapersCoolPaperKimiSection(venue_EMNLP.2016_=D16-1263@ACL)

2024-04-04 00:12:13,534 <requestor-worker-9:4140868, MainThread:140046854821696> (requestor.py:_fetch_single_async:199 -> session.py:request:318) from logger `RFC.session_aiohttp`
[INFO] session requesting PapersCoolPaperPage(venue_EMNLP.2013).PapersCoolPaperKimiSection(venue_EMNLP.2013_=D13-1197@ACL)

2024-04-04 00:12:13,563 <requestor-worker-9:4140868, MainThread:140046854821696> (requestor.py:_fetch_single_async:199 -> session.py:request:318) from logger `RFC.session_aiohttp`
[INFO] session requesting PapersCoolPaperPage(venue_IWSLT.2020).PapersCoolPaperKimiSection(venue_IWSLT.2020_=2020.iwslt-1.14@ACL)

2024-04-04 00:12:13,565 <requestor-worker-9:4140868, MainThread:140046854821696> (requestor.py:_fetch_single_async:199 -> session.py:request:318) from logger `RFC.session_aiohttp`
[INFO] session requesting PapersCoolPaperPage(venue_EMNLP.2018).PapersCoolPaperKimiSection(venue_EMNLP.2018_=D18-2021@ACL)

2024-04-04 00:12:13,654 <requestor-worker-9:4140868, MainThread:140046854821696> (requestor.py:_fetch_single_async:199 -> session.py:request:318) from logger `RFC.session_aiohttp`
[INFO] session requesting PapersCoolPaperPage(venue_IWSLT.2022).PapersCoolPaperKimiSection(venue_IWSLT.2022_=2022.iwslt-1.28@ACL)

2024-04-04 00:12:13,656 <requestor-worker-9:4140868, MainThread:140046854821696> (requestor.py:_fetch_single_async:199 -> session.py:request:318) from logger `RFC.session_aiohttp`
[INFO] session requesting PapersCoolPaperPage(venue_EMNLP.2017).PapersCoolPaperKimiSection(venue_EMNLP.2017_=D17-2017@ACL)

2024-04-04 00:12:13,658 <requestor-worker-9:4140868, MainThread:140046854821696> (requestor.py:_fetch_single_async:199 -> session.py:request:318) from logger `RFC.session_aiohttp`
[INFO] session requesting PapersCoolPaperPage(venue_IWSLT.2023).PapersCoolPaperKimiSection(venue_IWSLT.2023_=2023.iwslt-1.43@ACL)

2024-04-04 00:12:13,674 <requestor-worker-9:4140868, MainThread:140046854821696> (requestor.py:_fetch_single_async:199 -> session.py:request:318) from logger `RFC.session_aiohttp`
[INFO] session requesting PapersCoolPaperPage(venue_IWSLT.2015).PapersCoolPaperKimiSection(venue_IWSLT.2015_=2015.iwslt-evaluation.3@ACL)

2024-04-04 00:12:13,676 <requestor-worker-9:4140868, MainThread:140046854821696> (requestor.py:_fetch_single_async:199 -> session.py:request:318) from logger `RFC.session_aiohttp`
[INFO] session requesting PapersCoolPaperPage(venue_NDSS.2024).PapersCoolPaperKimiSection(venue_NDSS.2024_=bgp-isec-improved-security-of-internet-routing-against-post-rov-attacks@NDSS)

2024-04-04 00:12:13,677 <requestor-worker-9:4140868, MainThread:140046854821696> (requestor.py:_fetch_single_async:199 -> session.py:request:318) from logger `RFC.session_aiohttp`
[INFO] session requesting PapersCoolPaperPage(venue_IWSLT.2015).PapersCoolPaperKimiSection(venue_IWSLT.2015_=2015.iwslt-evaluation.4@ACL)

2024-04-04 00:12:13,679 <requestor-worker-9:4140868, MainThread:140046854821696> (requestor.py:_fetch_single_async:199 -> session.py:request:318) from logger `RFC.session_aiohttp`
[INFO] session requesting PapersCoolPaperPage(venue_IWSLT.2021).PapersCoolPaperKimiSection(venue_IWSLT.2021_=2021.iwslt-1.26@ACL)

2024-04-04 00:12:13,680 <requestor-worker-9:4140868, MainThread:140046854821696> (requestor.py:_fetch_single_async:199 -> session.py:request:318) from logger `RFC.session_aiohttp`
[INFO] session requesting PapersCoolPaperPage(venue_INTERSPEECH.2023).PapersCoolPaperKimiSection(venue_INTERSPEECH.2023_=gu23b@interspeech_2023@ISCA)

2024-04-04 00:12:13,682 <requestor-worker-9:4140868, MainThread:140046854821696> (requestor.py:_fetch_single_async:199 -> session.py:request:318) from logger `RFC.session_aiohttp`
[INFO] session requesting PapersCoolPaperPage(venue_IWSLT.2020).PapersCoolPaperKimiSection(venue_IWSLT.2020_=2020.iwslt-1.28@ACL)

2024-04-04 00:12:13,683 <requestor-worker-9:4140868, MainThread:140046854821696> (requestor.py:_fetch_single_async:199 -> session.py:request:318) from logger `RFC.session_aiohttp`
[INFO] session requesting PapersCoolPaperPage(venue_IWSLT.2020).PapersCoolPaperKimiSection(venue_IWSLT.2020_=2020.iwslt-1.29@ACL)

2024-04-04 00:12:13,685 <requestor-worker-9:4140868, MainThread:140046854821696> (requestor.py:_fetch_single_async:199 -> session.py:request:318) from logger `RFC.session_aiohttp`
[INFO] session requesting PapersCoolPaperPage(venue_INTERSPEECH.2023).PapersCoolPaperKimiSection(venue_INTERSPEECH.2023_=ekstedt23@interspeech_2023@ISCA)

2024-04-04 01:44:18,614 <MainProcess:21102, MainThread:139697072588608> (session.py:get_session:371 -> session.py:__init__:88) from logger `RFC.session_aiohttp`
[INFO] initialized

2024-04-04 01:44:18,628 <MainProcess:21102, MainThread:139697072588608> (session.py:get_session:371 -> session.py:__init__:91) from logger `RFC.session_aiohttp`
[INFO] session created, 'AioHTTPSession'({'lib': 'aiohttp', 'no_session': False, 'cookies': {}, 'proxies': {}, 'headers': {}, 'chunked_size': None, 'timeout': 60})

2024-04-04 01:44:20,027 <requestor-worker-0:21173, MainThread:139697072588608> (requestor.py:_fetch_single_async:199 -> session.py:request:318) from logger `RFC.session_aiohttp`
[INFO] session requesting PapersCoolPaperPage(venue_ICML.2023).PapersCoolPaperKimiSection(venue_ICML.2023_=seifner23a@v202@PMLR)

2024-04-04 01:44:20,043 <requestor-worker-2:21178, MainThread:139697072588608> (requestor.py:_fetch_single_async:199 -> session.py:request:318) from logger `RFC.session_aiohttp`
[INFO] session requesting PapersCoolPaperPage(venue_NeurIPS.2021).PapersCoolPaperKimiSection(venue_NeurIPS.2021_=sthiz9zeXGG@OpenReview)

2024-04-04 01:44:20,049 <requestor-worker-0:21173, MainThread:139697072588608> (requestor.py:_fetch_single_async:199 -> session.py:request:318) from logger `RFC.session_aiohttp`
[INFO] session requesting PapersCoolPaperPage(venue_ICML.2022).PapersCoolPaperKimiSection(venue_ICML.2022_=kiyasseh22a@v162@PMLR)

2024-04-04 01:44:20,060 <requestor-worker-0:21173, MainThread:139697072588608> (requestor.py:_fetch_single_async:199 -> session.py:request:318) from logger `RFC.session_aiohttp`
[INFO] session requesting PapersCoolPaperPage(venue_ICLR.2021).PapersCoolPaperKimiSection(venue_ICLR.2021_=6zaTwpNSsQ2@OpenReview)

2024-04-04 01:44:20,103 <requestor-worker-3:21180, MainThread:139697072588608> (requestor.py:_fetch_single_async:199 -> session.py:request:318) from logger `RFC.session_aiohttp`
[INFO] session requesting PapersCoolPaperPage(venue_NeurIPS.2023).PapersCoolPaperKimiSection(venue_NeurIPS.2023_=BnV2M2WFaY@OpenReview)

2024-04-04 01:44:20,105 <requestor-worker-3:21180, MainThread:139697072588608> (requestor.py:_fetch_single_async:199 -> session.py:request:318) from logger `RFC.session_aiohttp`
[INFO] session requesting PapersCoolPaperPage(venue_ICML.2023).PapersCoolPaperKimiSection(venue_ICML.2023_=kulikov23a@v202@PMLR)

2024-04-04 01:44:20,128 <requestor-worker-3:21180, MainThread:139697072588608> (requestor.py:_fetch_single_async:199 -> session.py:request:318) from logger `RFC.session_aiohttp`
[INFO] session requesting PapersCoolPaperPage(venue_NeurIPS.2022).PapersCoolPaperKimiSection(venue_NeurIPS.2022_=Vc4QUfqr4do@OpenReview)

2024-04-04 01:44:20,129 <requestor-worker-5:21182, MainThread:139697072588608> (requestor.py:_fetch_single_async:199 -> session.py:request:318) from logger `RFC.session_aiohttp`
[INFO] session requesting PapersCoolPaperPage(venue_NeurIPS.2022).PapersCoolPaperKimiSection(venue_NeurIPS.2022_=H-6iczs__Ro@OpenReview)

2024-04-04 01:44:20,206 <requestor-worker-0:21173, MainThread:139697072588608> (requestor.py:_fetch_single_async:199 -> session.py:request:318) from logger `RFC.session_aiohttp`
[INFO] session requesting PapersCoolPaperPage(venue_ICLR.2024).PapersCoolPaperKimiSection(venue_ICLR.2024_=QibPzdVrRu@OpenReview)

2024-04-04 01:44:20,209 <requestor-worker-2:21178, MainThread:139697072588608> (requestor.py:_fetch_single_async:199 -> session.py:request:318) from logger `RFC.session_aiohttp`
[INFO] session requesting PapersCoolPaperPage(venue_ICLR.2023).PapersCoolPaperKimiSection(venue_ICLR.2023_=F91SROvVJ_6@OpenReview)

2024-04-04 01:44:20,320 <requestor-worker-3:21180, MainThread:139697072588608> (requestor.py:_fetch_single_async:199 -> session.py:request:318) from logger `RFC.session_aiohttp`
[INFO] session requesting PapersCoolPaperPage(venue_ICML.2023).PapersCoolPaperKimiSection(venue_ICML.2023_=williams23b@v202@PMLR)

2024-04-04 01:44:20,368 <requestor-worker-9:21187, MainThread:139697072588608> (requestor.py:_fetch_single_async:199 -> session.py:request:318) from logger `RFC.session_aiohttp`
[INFO] session requesting PapersCoolPaperPage(venue_ICLR.2024).PapersCoolPaperKimiSection(venue_ICLR.2024_=lajn1iROCu@OpenReview)

2024-04-04 01:44:20,370 <requestor-worker-11:21190, MainThread:139697072588608> (requestor.py:_fetch_single_async:199 -> session.py:request:318) from logger `RFC.session_aiohttp`
[INFO] session requesting PapersCoolPaperPage(venue_NeurIPS.2023).PapersCoolPaperKimiSection(venue_NeurIPS.2023_=zGthDp4yYe@OpenReview)

2024-04-04 01:44:20,373 <requestor-worker-5:21182, MainThread:139697072588608> (requestor.py:_fetch_single_async:199 -> session.py:request:318) from logger `RFC.session_aiohttp`
[INFO] session requesting PapersCoolPaperPage(venue_ICLR.2022).PapersCoolPaperKimiSection(venue_ICLR.2022_=cGDAkQo1C0p@OpenReview)

2024-04-04 01:44:20,324 <requestor-worker-4:21181, MainThread:139697072588608> (requestor.py:_fetch_single_async:199 -> session.py:request:318) from logger `RFC.session_aiohttp`
[INFO] session requesting PapersCoolPaperPage(venue_NeurIPS.2021).PapersCoolPaperKimiSection(venue_NeurIPS.2021_=iVL-2vJsy4e@OpenReview)

2024-04-04 01:44:20,426 <requestor-worker-5:21182, MainThread:139697072588608> (requestor.py:_fetch_single_async:199 -> session.py:request:318) from logger `RFC.session_aiohttp`
[INFO] session requesting PapersCoolPaperPage(venue_ICLR.2021).PapersCoolPaperKimiSection(venue_ICLR.2021_=TtYSU29zgR@OpenReview)

2024-04-04 01:44:20,426 <requestor-worker-11:21190, MainThread:139697072588608> (requestor.py:_fetch_single_async:199 -> session.py:request:318) from logger `RFC.session_aiohttp`
[INFO] session requesting PapersCoolPaperPage(venue_ICLR.2021).PapersCoolPaperKimiSection(venue_ICLR.2021_=5jRVa89sZk@OpenReview)

2024-04-04 01:44:20,426 <requestor-worker-9:21187, MainThread:139697072588608> (requestor.py:_fetch_single_async:199 -> session.py:request:318) from logger `RFC.session_aiohttp`
[INFO] session requesting PapersCoolPaperPage(venue_NeurIPS.2022).PapersCoolPaperKimiSection(venue_NeurIPS.2022_=A7l8WZIKz3@OpenReview)

2024-04-04 01:44:20,425 <requestor-worker-3:21180, MainThread:139697072588608> (requestor.py:_fetch_single_async:199 -> session.py:request:318) from logger `RFC.session_aiohttp`
[INFO] session requesting PapersCoolPaperPage(venue_NeurIPS.2021).PapersCoolPaperKimiSection(venue_NeurIPS.2021_=A2HvBPoSBMs@OpenReview)

2024-04-04 01:44:20,428 <requestor-worker-11:21190, MainThread:139697072588608> (requestor.py:_fetch_single_async:199 -> session.py:request:318) from logger `RFC.session_aiohttp`
[INFO] session requesting PapersCoolPaperPage(venue_ICLR.2022).PapersCoolPaperKimiSection(venue_ICLR.2022_=hl9ePdHO4_s@OpenReview)

2024-04-04 01:44:20,429 <requestor-worker-9:21187, MainThread:139697072588608> (requestor.py:_fetch_single_async:199 -> session.py:request:318) from logger `RFC.session_aiohttp`
[INFO] session requesting PapersCoolPaperPage(venue_ICML.2023).PapersCoolPaperKimiSection(venue_ICML.2023_=woodworth23a@v202@PMLR)

2024-04-04 01:44:20,430 <requestor-worker-11:21190, MainThread:139697072588608> (requestor.py:_fetch_single_async:199 -> session.py:request:318) from logger `RFC.session_aiohttp`
[INFO] session requesting PapersCoolPaperPage(venue_ICML.2022).PapersCoolPaperKimiSection(venue_ICML.2022_=jankowiak22a@v162@PMLR)

2024-04-04 01:44:20,460 <requestor-worker-4:21181, MainThread:139697072588608> (requestor.py:_fetch_single_async:199 -> session.py:request:318) from logger `RFC.session_aiohttp`
[INFO] session requesting PapersCoolPaperPage(venue_ICML.2021).PapersCoolPaperKimiSection(venue_ICML.2021_=zhu21c@v139@PMLR)

2024-04-04 01:44:20,462 <requestor-worker-11:21190, MainThread:139697072588608> (requestor.py:_fetch_single_async:199 -> session.py:request:318) from logger `RFC.session_aiohttp`
[INFO] session requesting PapersCoolPaperPage(venue_NeurIPS.2023).PapersCoolPaperKimiSection(venue_NeurIPS.2023_=LmmjiTwYm0@OpenReview)

2024-04-04 01:44:20,448 <requestor-worker-5:21182, MainThread:139697072588608> (requestor.py:_fetch_single_async:199 -> session.py:request:318) from logger `RFC.session_aiohttp`
[INFO] session requesting PapersCoolPaperPage(venue_NeurIPS.2023).PapersCoolPaperKimiSection(venue_NeurIPS.2023_=BvslVXlUvF@OpenReview)

2024-04-04 01:44:20,464 <requestor-worker-11:21190, MainThread:139697072588608> (requestor.py:_fetch_single_async:199 -> session.py:request:318) from logger `RFC.session_aiohttp`
[INFO] session requesting PapersCoolPaperPage(venue_ICLR.2021).PapersCoolPaperKimiSection(venue_ICLR.2021_=aCgLmfhIy_f@OpenReview)

2024-04-04 01:44:20,463 <requestor-worker-4:21181, MainThread:139697072588608> (requestor.py:_fetch_single_async:199 -> session.py:request:318) from logger `RFC.session_aiohttp`
[INFO] session requesting PapersCoolPaperPage(venue_ICLR.2024).PapersCoolPaperKimiSection(venue_ICLR.2024_=MJJcs3zbmi@OpenReview)

2024-04-04 01:44:20,465 <requestor-worker-11:21190, MainThread:139697072588608> (requestor.py:_fetch_single_async:199 -> session.py:request:318) from logger `RFC.session_aiohttp`
[INFO] session requesting PapersCoolPaperPage(venue_ICML.2023).PapersCoolPaperKimiSection(venue_ICML.2023_=peng23b@v202@PMLR)

2024-04-04 01:44:20,465 <requestor-worker-2:21178, MainThread:139697072588608> (requestor.py:_fetch_single_async:199 -> session.py:request:318) from logger `RFC.session_aiohttp`
[INFO] session requesting PapersCoolPaperPage(venue_NeurIPS.2023).PapersCoolPaperKimiSection(venue_NeurIPS.2023_=E2TJI6CKm0@OpenReview)

2024-04-04 01:44:20,465 <requestor-worker-5:21182, MainThread:139697072588608> (requestor.py:_fetch_single_async:199 -> session.py:request:318) from logger `RFC.session_aiohttp`
[INFO] session requesting PapersCoolPaperPage(venue_NeurIPS.2022).PapersCoolPaperKimiSection(venue_NeurIPS.2022_=Y0Bm5tL92lg@OpenReview)

2024-04-04 01:44:20,467 <requestor-worker-4:21181, MainThread:139697072588608> (requestor.py:_fetch_single_async:199 -> session.py:request:318) from logger `RFC.session_aiohttp`
[INFO] session requesting PapersCoolPaperPage(venue_NeurIPS.2021).PapersCoolPaperKimiSection(venue_NeurIPS.2021_=LDuzgy4iOXr@OpenReview)

2024-04-04 01:44:20,467 <requestor-worker-11:21190, MainThread:139697072588608> (requestor.py:_fetch_single_async:199 -> session.py:request:318) from logger `RFC.session_aiohttp`
[INFO] session requesting PapersCoolPaperPage(venue_ICML.2022).PapersCoolPaperKimiSection(venue_ICML.2022_=andoni22a@v162@PMLR)

2024-04-04 01:44:20,460 <requestor-worker-1:21174, MainThread:139697072588608> (requestor.py:_fetch_single_async:199 -> session.py:request:318) from logger `RFC.session_aiohttp`
[INFO] session requesting PapersCoolPaperPage(venue_ICML.2021).PapersCoolPaperKimiSection(venue_ICML.2021_=kwon21b@v139@PMLR)

2024-04-04 01:44:20,468 <requestor-worker-2:21178, MainThread:139697072588608> (requestor.py:_fetch_single_async:199 -> session.py:request:318) from logger `RFC.session_aiohttp`
[INFO] session requesting PapersCoolPaperPage(venue_ICLR.2023).PapersCoolPaperKimiSection(venue_ICLR.2023_=EXnIyMVTL8s@OpenReview)

2024-04-04 01:44:20,468 <requestor-worker-5:21182, MainThread:139697072588608> (requestor.py:_fetch_single_async:199 -> session.py:request:318) from logger `RFC.session_aiohttp`
[INFO] session requesting PapersCoolPaperPage(venue_ICML.2021).PapersCoolPaperKimiSection(venue_ICML.2021_=kostrikov21a@v139@PMLR)

2024-04-04 01:44:20,469 <requestor-worker-11:21190, MainThread:139697072588608> (requestor.py:_fetch_single_async:199 -> session.py:request:318) from logger `RFC.session_aiohttp`
[INFO] session requesting PapersCoolPaperPage(venue_NeurIPS.2023).PapersCoolPaperKimiSection(venue_NeurIPS.2023_=FkpMm9avyP@OpenReview)

2024-04-04 01:44:20,469 <requestor-worker-4:21181, MainThread:139697072588608> (requestor.py:_fetch_single_async:199 -> session.py:request:318) from logger `RFC.session_aiohttp`
[INFO] session requesting PapersCoolPaperPage(venue_NeurIPS.2022).PapersCoolPaperKimiSection(venue_NeurIPS.2022_=ohk8bILFDkk@OpenReview)

2024-04-04 01:44:20,470 <requestor-worker-2:21178, MainThread:139697072588608> (requestor.py:_fetch_single_async:199 -> session.py:request:318) from logger `RFC.session_aiohttp`
[INFO] session requesting PapersCoolPaperPage(venue_ICLR.2022).PapersCoolPaperKimiSection(venue_ICLR.2022_=lL3lnMbR4WU@OpenReview)

2024-04-04 01:44:20,470 <requestor-worker-5:21182, MainThread:139697072588608> (requestor.py:_fetch_single_async:199 -> session.py:request:318) from logger `RFC.session_aiohttp`
[INFO] session requesting PapersCoolPaperPage(arxiv_cs.CV).PapersCoolPaperKimiSection(arxiv_cs.CV_=2404.01402)

2024-04-04 01:44:20,471 <requestor-worker-11:21190, MainThread:139697072588608> (requestor.py:_fetch_single_async:199 -> session.py:request:318) from logger `RFC.session_aiohttp`
[INFO] session requesting PapersCoolPaperPage(venue_ICLR.2021).PapersCoolPaperKimiSection(venue_ICLR.2021_=aYuZO9DIdnn@OpenReview)

2024-04-04 01:44:20,471 <requestor-worker-1:21174, MainThread:139697072588608> (requestor.py:_fetch_single_async:199 -> session.py:request:318) from logger `RFC.session_aiohttp`
[INFO] session requesting PapersCoolPaperPage(venue_NeurIPS.2021).PapersCoolPaperKimiSection(venue_NeurIPS.2021_=jB0Nlbwlybm@OpenReview)

2024-04-04 01:44:20,430 <requestor-worker-3:21180, MainThread:139697072588608> (requestor.py:_fetch_single_async:199 -> session.py:request:318) from logger `RFC.session_aiohttp`
[INFO] session requesting PapersCoolPaperPage(venue_ICLR.2024).PapersCoolPaperKimiSection(venue_ICLR.2024_=ILYjDvUM6U@OpenReview)

2024-04-04 01:44:20,463 <requestor-worker-0:21173, MainThread:139697072588608> (requestor.py:_fetch_single_async:199 -> session.py:request:318) from logger `RFC.session_aiohttp`
[INFO] session requesting PapersCoolPaperPage(venue_ICML.2021).PapersCoolPaperKimiSection(venue_ICML.2021_=zou21a@v139@PMLR)

2024-04-04 01:44:20,472 <requestor-worker-5:21182, MainThread:139697072588608> (requestor.py:_fetch_single_async:199 -> session.py:request:318) from logger `RFC.session_aiohttp`
[INFO] session requesting PapersCoolPaperPage(venue_ICML.2022).PapersCoolPaperKimiSection(venue_ICML.2022_=yi22a@v162@PMLR)

2024-04-04 01:44:20,473 <requestor-worker-11:21190, MainThread:139697072588608> (requestor.py:_fetch_single_async:199 -> session.py:request:318) from logger `RFC.session_aiohttp`
[INFO] session requesting PapersCoolPaperPage(venue_NeurIPS.2021).PapersCoolPaperKimiSection(venue_NeurIPS.2021_=nTfnB6CvPJ@OpenReview)

2024-04-04 01:44:20,471 <requestor-worker-4:21181, MainThread:139697072588608> (requestor.py:_fetch_single_async:199 -> session.py:request:318) from logger `RFC.session_aiohttp`
[INFO] session requesting PapersCoolPaperPage(arxiv_cs.CV).PapersCoolPaperKimiSection(arxiv_cs.CV_=2404.01657)

2024-04-04 01:44:20,473 <requestor-worker-3:21180, MainThread:139697072588608> (requestor.py:_fetch_single_async:199 -> session.py:request:318) from logger `RFC.session_aiohttp`
[INFO] session requesting PapersCoolPaperPage(venue_ICLR.2024).PapersCoolPaperKimiSection(venue_ICLR.2024_=X41c4uB4k0@OpenReview)

2024-04-04 01:44:20,474 <requestor-worker-5:21182, MainThread:139697072588608> (requestor.py:_fetch_single_async:199 -> session.py:request:318) from logger `RFC.session_aiohttp`
[INFO] session requesting PapersCoolPaperPage(venue_ICML.2021).PapersCoolPaperKimiSection(venue_ICML.2021_=jin21d@v139@PMLR)

2024-04-04 01:44:20,475 <requestor-worker-11:21190, MainThread:139697072588608> (requestor.py:_fetch_single_async:199 -> session.py:request:318) from logger `RFC.session_aiohttp`
[INFO] session requesting PapersCoolPaperPage(venue_ICML.2023).PapersCoolPaperKimiSection(venue_ICML.2023_=zhou23h@v202@PMLR)

2024-04-04 01:44:20,475 <requestor-worker-4:21181, MainThread:139697072588608> (requestor.py:_fetch_single_async:199 -> session.py:request:318) from logger `RFC.session_aiohttp`
[INFO] session requesting PapersCoolPaperPage(venue_ICML.2021).PapersCoolPaperKimiSection(venue_ICML.2021_=upadhyay21a@v139@PMLR)

2024-04-04 01:44:20,448 <requestor-worker-9:21187, MainThread:139697072588608> (requestor.py:_fetch_single_async:199 -> session.py:request:318) from logger `RFC.session_aiohttp`
[INFO] session requesting PapersCoolPaperPage(venue_ICLR.2024).PapersCoolPaperKimiSection(venue_ICLR.2024_=k1wlmtPGLq@OpenReview)

2024-04-04 01:44:20,475 <requestor-worker-1:21174, MainThread:139697072588608> (requestor.py:_fetch_single_async:199 -> session.py:request:318) from logger `RFC.session_aiohttp`
[INFO] session requesting PapersCoolPaperPage(arxiv_cs.CL).PapersCoolPaperKimiSection(arxiv_cs.CL_=2404.01353)

2024-04-04 01:44:20,476 <requestor-worker-3:21180, MainThread:139697072588608> (requestor.py:_fetch_single_async:199 -> session.py:request:318) from logger `RFC.session_aiohttp`
[INFO] session requesting PapersCoolPaperPage(venue_ICML.2023).PapersCoolPaperKimiSection(venue_ICML.2023_=meng23a@v202@PMLR)

2024-04-04 01:44:20,476 <requestor-worker-11:21190, MainThread:139697072588608> (requestor.py:_fetch_single_async:199 -> session.py:request:318) from logger `RFC.session_aiohttp`
[INFO] session requesting PapersCoolPaperPage(venue_ICLR.2021).PapersCoolPaperKimiSection(venue_ICLR.2021_=JHcqXGaqiGn@OpenReview)

2024-04-04 01:44:20,477 <requestor-worker-4:21181, MainThread:139697072588608> (requestor.py:_fetch_single_async:199 -> session.py:request:318) from logger `RFC.session_aiohttp`
[INFO] session requesting PapersCoolPaperPage(venue_ICLR.2023).PapersCoolPaperKimiSection(venue_ICLR.2023_=Nk2pDtuhTq@OpenReview)

2024-04-04 01:44:20,478 <requestor-worker-3:21180, MainThread:139697072588608> (requestor.py:_fetch_single_async:199 -> session.py:request:318) from logger `RFC.session_aiohttp`
[INFO] session requesting PapersCoolPaperPage(venue_NeurIPS.2023).PapersCoolPaperKimiSection(venue_NeurIPS.2023_=NvcVXzJvhX@OpenReview)

2024-04-04 01:44:20,478 <requestor-worker-11:21190, MainThread:139697072588608> (requestor.py:_fetch_single_async:199 -> session.py:request:318) from logger `RFC.session_aiohttp`
[INFO] session requesting PapersCoolPaperPage(venue_ICLR.2023).PapersCoolPaperKimiSection(venue_ICLR.2023_=zDjtZZBZtqK@OpenReview)

2024-04-04 01:44:20,479 <requestor-worker-4:21181, MainThread:139697072588608> (requestor.py:_fetch_single_async:199 -> session.py:request:318) from logger `RFC.session_aiohttp`
[INFO] session requesting PapersCoolPaperPage(venue_ICLR.2023).PapersCoolPaperKimiSection(venue_ICLR.2023_=pf8RIZTMU58@OpenReview)

2024-04-04 01:44:20,480 <requestor-worker-3:21180, MainThread:139697072588608> (requestor.py:_fetch_single_async:199 -> session.py:request:318) from logger `RFC.session_aiohttp`
[INFO] session requesting PapersCoolPaperPage(venue_NeurIPS.2022).PapersCoolPaperKimiSection(venue_NeurIPS.2022_=ZLcwSgV-WKH@OpenReview)

2024-04-04 01:44:20,480 <requestor-worker-11:21190, MainThread:139697072588608> (requestor.py:_fetch_single_async:199 -> session.py:request:318) from logger `RFC.session_aiohttp`
[INFO] session requesting PapersCoolPaperPage(venue_ICML.2022).PapersCoolPaperKimiSection(venue_ICML.2022_=bevan22a@v162@PMLR)

2024-04-04 01:44:20,478 <requestor-worker-9:21187, MainThread:139697072588608> (requestor.py:_fetch_single_async:199 -> session.py:request:318) from logger `RFC.session_aiohttp`
[INFO] session requesting PapersCoolPaperPage(venue_ICLR.2023).PapersCoolPaperKimiSection(venue_ICLR.2023_=sPgP6aISLTD@OpenReview)

2024-04-04 01:44:20,481 <requestor-worker-4:21181, MainThread:139697072588608> (requestor.py:_fetch_single_async:199 -> session.py:request:318) from logger `RFC.session_aiohttp`
[INFO] session requesting PapersCoolPaperPage(venue_ICLR.2022).PapersCoolPaperKimiSection(venue_ICLR.2022_=l8It-0lE5e7@OpenReview)

2024-04-04 01:44:20,482 <requestor-worker-3:21180, MainThread:139697072588608> (requestor.py:_fetch_single_async:199 -> session.py:request:318) from logger `RFC.session_aiohttp`
[INFO] session requesting PapersCoolPaperPage(venue_ICLR.2021).PapersCoolPaperKimiSection(venue_ICLR.2021_=chPj_I5KMHG@OpenReview)

2024-04-04 01:44:20,482 <requestor-worker-11:21190, MainThread:139697072588608> (requestor.py:_fetch_single_async:199 -> session.py:request:318) from logger `RFC.session_aiohttp`
[INFO] session requesting PapersCoolPaperPage(venue_NeurIPS.2021).PapersCoolPaperKimiSection(venue_NeurIPS.2021_=lS-ocNKV-u@OpenReview)

2024-04-04 01:44:20,483 <requestor-worker-4:21181, MainThread:139697072588608> (requestor.py:_fetch_single_async:199 -> session.py:request:318) from logger `RFC.session_aiohttp`
[INFO] session requesting PapersCoolPaperPage(venue_ICML.2023).PapersCoolPaperKimiSection(venue_ICML.2023_=liu23q@v202@PMLR)

2024-04-04 01:44:20,482 <requestor-worker-9:21187, MainThread:139697072588608> (requestor.py:_fetch_single_async:199 -> session.py:request:318) from logger `RFC.session_aiohttp`
[INFO] session requesting PapersCoolPaperPage(venue_ICLR.2022).PapersCoolPaperKimiSection(venue_ICLR.2022_=3Pbra-_u76D@OpenReview)

2024-04-04 01:44:20,484 <requestor-worker-11:21190, MainThread:139697072588608> (requestor.py:_fetch_single_async:199 -> session.py:request:318) from logger `RFC.session_aiohttp`
[INFO] session requesting PapersCoolPaperPage(arxiv_cs.CV).PapersCoolPaperKimiSection(arxiv_cs.CV_=2404.01351)

2024-04-04 01:44:20,476 <requestor-worker-5:21182, MainThread:139697072588608> (requestor.py:_fetch_single_async:199 -> session.py:request:318) from logger `RFC.session_aiohttp`
[INFO] session requesting PapersCoolPaperPage(venue_ICLR.2024).PapersCoolPaperKimiSection(venue_ICLR.2024_=0jHkUDyEO9@OpenReview)

2024-04-04 01:44:20,484 <requestor-worker-3:21180, MainThread:139697072588608> (requestor.py:_fetch_single_async:199 -> session.py:request:318) from logger `RFC.session_aiohttp`
[INFO] session requesting PapersCoolPaperPage(venue_ICLR.2022).PapersCoolPaperKimiSection(venue_ICLR.2022_=_SJ-_yyes8@OpenReview)

2024-04-04 01:44:20,472 <requestor-worker-2:21178, MainThread:139697072588608> (requestor.py:_fetch_single_async:199 -> session.py:request:318) from logger `RFC.session_aiohttp`
[INFO] session requesting PapersCoolPaperPage(venue_ICLR.2021).PapersCoolPaperKimiSection(venue_ICLR.2021_=fylclEqgvgd@OpenReview)

2024-04-04 01:44:20,486 <requestor-worker-11:21190, MainThread:139697072588608> (requestor.py:_fetch_single_async:199 -> session.py:request:318) from logger `RFC.session_aiohttp`
[INFO] session requesting PapersCoolPaperPage(venue_ICML.2023).PapersCoolPaperKimiSection(venue_ICML.2023_=gerstgrasser23a@v202@PMLR)

2024-04-04 01:44:20,488 <requestor-worker-11:21190, MainThread:139697072588608> (requestor.py:_fetch_single_async:199 -> session.py:request:318) from logger `RFC.session_aiohttp`
[INFO] session requesting PapersCoolPaperPage(venue_ICML.2021).PapersCoolPaperKimiSection(venue_ICML.2021_=rematas21a@v139@PMLR)

2024-04-04 01:44:20,487 <requestor-worker-3:21180, MainThread:139697072588608> (requestor.py:_fetch_single_async:199 -> session.py:request:318) from logger `RFC.session_aiohttp`
[INFO] session requesting PapersCoolPaperPage(venue_ICML.2023).PapersCoolPaperKimiSection(venue_ICML.2023_=sui23a@v202@PMLR)

2024-04-04 01:44:20,490 <requestor-worker-3:21180, MainThread:139697072588608> (requestor.py:_fetch_single_async:199 -> session.py:request:318) from logger `RFC.session_aiohttp`
[INFO] session requesting PapersCoolPaperPage(venue_ICLR.2023).PapersCoolPaperKimiSection(venue_ICLR.2023_=PDrUPTXJI_A@OpenReview)

2024-04-04 01:44:20,489 <requestor-worker-2:21178, MainThread:139697072588608> (requestor.py:_fetch_single_async:199 -> session.py:request:318) from logger `RFC.session_aiohttp`
[INFO] session requesting PapersCoolPaperPage(venue_ICLR.2021).PapersCoolPaperKimiSection(venue_ICLR.2021_=POWv6hDd9XH@OpenReview)

2024-04-04 01:44:20,493 <requestor-worker-2:21178, MainThread:139697072588608> (requestor.py:_fetch_single_async:199 -> session.py:request:318) from logger `RFC.session_aiohttp`
[INFO] session requesting PapersCoolPaperPage(venue_ICLR.2022).PapersCoolPaperKimiSection(venue_ICLR.2022_=nzvbBD_3J-g@OpenReview)

2024-04-04 01:44:20,495 <requestor-worker-2:21178, MainThread:139697072588608> (requestor.py:_fetch_single_async:199 -> session.py:request:318) from logger `RFC.session_aiohttp`
[INFO] session requesting PapersCoolPaperPage(venue_ICLR.2022).PapersCoolPaperKimiSection(venue_ICLR.2022_=KTPuIsx4pmo@OpenReview)

2024-04-04 01:44:20,502 <requestor-worker-0:21173, MainThread:139697072588608> (requestor.py:_fetch_single_async:199 -> session.py:request:318) from logger `RFC.session_aiohttp`
[INFO] session requesting PapersCoolPaperPage(venue_ICML.2022).PapersCoolPaperKimiSection(venue_ICML.2022_=jia22c@v162@PMLR)

2024-04-04 01:44:20,504 <requestor-worker-0:21173, MainThread:139697072588608> (requestor.py:_fetch_single_async:199 -> session.py:request:318) from logger `RFC.session_aiohttp`
[INFO] session requesting PapersCoolPaperPage(venue_NeurIPS.2023).PapersCoolPaperKimiSection(venue_NeurIPS.2023_=N0KwVdaaaJ@OpenReview)

2024-04-04 01:44:20,507 <requestor-worker-4:21181, MainThread:139697072588608> (requestor.py:_fetch_single_async:199 -> session.py:request:318) from logger `RFC.session_aiohttp`
[INFO] session requesting PapersCoolPaperPage(venue_ICML.2022).PapersCoolPaperKimiSection(venue_ICML.2022_=schotthofer22a@v162@PMLR)

2024-04-04 01:44:20,509 <requestor-worker-4:21181, MainThread:139697072588608> (requestor.py:_fetch_single_async:199 -> session.py:request:318) from logger `RFC.session_aiohttp`
[INFO] session requesting PapersCoolPaperPage(venue_NeurIPS.2021).PapersCoolPaperKimiSection(venue_NeurIPS.2021_=v2w7CVZGHeA@OpenReview)

2024-04-04 01:44:20,511 <requestor-worker-4:21181, MainThread:139697072588608> (requestor.py:_fetch_single_async:199 -> session.py:request:318) from logger `RFC.session_aiohttp`
[INFO] session requesting PapersCoolPaperPage(venue_ICLR.2024).PapersCoolPaperKimiSection(venue_ICLR.2024_=CHGcP6lVWd@OpenReview)

2024-04-04 01:44:20,514 <requestor-worker-11:21190, MainThread:139697072588608> (requestor.py:_fetch_single_async:199 -> session.py:request:318) from logger `RFC.session_aiohttp`
[INFO] session requesting PapersCoolPaperPage(venue_NeurIPS.2021).PapersCoolPaperKimiSection(venue_NeurIPS.2021_=m8KpGet0Etq@OpenReview)

2024-04-04 01:44:20,516 <requestor-worker-11:21190, MainThread:139697072588608> (requestor.py:_fetch_single_async:199 -> session.py:request:318) from logger `RFC.session_aiohttp`
[INFO] session requesting PapersCoolPaperPage(venue_NeurIPS.2023).PapersCoolPaperKimiSection(venue_NeurIPS.2023_=Rep7BB4vDa@OpenReview)

2024-04-04 01:44:20,517 <requestor-worker-11:21190, MainThread:139697072588608> (requestor.py:_fetch_single_async:199 -> session.py:request:318) from logger `RFC.session_aiohttp`
[INFO] session requesting PapersCoolPaperPage(venue_ICML.2022).PapersCoolPaperKimiSection(venue_ICML.2022_=wen22b@v162@PMLR)

2024-04-04 01:44:20,520 <requestor-worker-1:21174, MainThread:139697072588608> (requestor.py:_fetch_single_async:199 -> session.py:request:318) from logger `RFC.session_aiohttp`
[INFO] session requesting PapersCoolPaperPage(venue_ICML.2021).PapersCoolPaperKimiSection(venue_ICML.2021_=aitchison21a@v139@PMLR)

2024-04-04 01:44:20,521 <requestor-worker-3:21180, MainThread:139697072588608> (requestor.py:_fetch_single_async:199 -> session.py:request:318) from logger `RFC.session_aiohttp`
[INFO] session requesting PapersCoolPaperPage(venue_ICLR.2022).PapersCoolPaperKimiSection(venue_ICLR.2022_=JYtwGwIL7ye@OpenReview)

2024-04-04 01:44:20,522 <requestor-worker-1:21174, MainThread:139697072588608> (requestor.py:_fetch_single_async:199 -> session.py:request:318) from logger `RFC.session_aiohttp`
[INFO] session requesting PapersCoolPaperPage(venue_NeurIPS.2021).PapersCoolPaperKimiSection(venue_NeurIPS.2021_=fYLfs9yrtMQ@OpenReview)

2024-04-04 01:44:20,523 <requestor-worker-3:21180, MainThread:139697072588608> (requestor.py:_fetch_single_async:199 -> session.py:request:318) from logger `RFC.session_aiohttp`
[INFO] session requesting PapersCoolPaperPage(arxiv_cs.CV).PapersCoolPaperKimiSection(arxiv_cs.CV_=2404.01723)

2024-04-04 01:44:20,524 <requestor-worker-5:21182, MainThread:139697072588608> (requestor.py:_fetch_single_async:199 -> session.py:request:318) from logger `RFC.session_aiohttp`
[INFO] session requesting PapersCoolPaperPage(venue_ICML.2022).PapersCoolPaperKimiSection(venue_ICML.2022_=refinetti22a@v162@PMLR)

2024-04-04 01:44:20,525 <requestor-worker-3:21180, MainThread:139697072588608> (requestor.py:_fetch_single_async:199 -> session.py:request:318) from logger `RFC.session_aiohttp`
[INFO] session requesting PapersCoolPaperPage(venue_ICML.2023).PapersCoolPaperKimiSection(venue_ICML.2023_=wang23t@v202@PMLR)

2024-04-04 01:44:20,525 <requestor-worker-1:21174, MainThread:139697072588608> (requestor.py:_fetch_single_async:199 -> session.py:request:318) from logger `RFC.session_aiohttp`
[INFO] session requesting PapersCoolPaperPage(venue_NeurIPS.2022).PapersCoolPaperKimiSection(venue_NeurIPS.2022_=-KPNRZ8i0ag@OpenReview)

2024-04-04 01:44:20,526 <requestor-worker-5:21182, MainThread:139697072588608> (requestor.py:_fetch_single_async:199 -> session.py:request:318) from logger `RFC.session_aiohttp`
[INFO] session requesting PapersCoolPaperPage(venue_ICML.2021).PapersCoolPaperKimiSection(venue_ICML.2021_=bruns-smith21a@v139@PMLR)

2024-04-04 01:44:20,526 <requestor-worker-3:21180, MainThread:139697072588608> (requestor.py:_fetch_single_async:199 -> session.py:request:318) from logger `RFC.session_aiohttp`
[INFO] session requesting PapersCoolPaperPage(venue_ICLR.2024).PapersCoolPaperKimiSection(venue_ICLR.2024_=tEgrUrUuwA@OpenReview)

2024-04-04 01:44:20,528 <requestor-worker-3:21180, MainThread:139697072588608> (requestor.py:_fetch_single_async:199 -> session.py:request:318) from logger `RFC.session_aiohttp`
[INFO] session requesting PapersCoolPaperPage(venue_ICLR.2021).PapersCoolPaperKimiSection(venue_ICLR.2021_=ZzwDy_wiWv@OpenReview)

2024-04-04 01:44:20,528 <requestor-worker-5:21182, MainThread:139697072588608> (requestor.py:_fetch_single_async:199 -> session.py:request:318) from logger `RFC.session_aiohttp`
[INFO] session requesting PapersCoolPaperPage(venue_ICLR.2021).PapersCoolPaperKimiSection(venue_ICLR.2021_=qVyeW-grC2k@OpenReview)

2024-04-04 01:44:20,530 <requestor-worker-3:21180, MainThread:139697072588608> (requestor.py:_fetch_single_async:199 -> session.py:request:318) from logger `RFC.session_aiohttp`
[INFO] session requesting PapersCoolPaperPage(venue_ICML.2021).PapersCoolPaperKimiSection(venue_ICML.2021_=li21k@v139@PMLR)

2024-04-04 01:44:20,530 <requestor-worker-5:21182, MainThread:139697072588608> (requestor.py:_fetch_single_async:199 -> session.py:request:318) from logger `RFC.session_aiohttp`
[INFO] session requesting PapersCoolPaperPage(venue_ICLR.2023).PapersCoolPaperKimiSection(venue_ICLR.2023_=svCcui6Drl@OpenReview)

2024-04-04 01:44:20,531 <requestor-worker-3:21180, MainThread:139697072588608> (requestor.py:_fetch_single_async:199 -> session.py:request:318) from logger `RFC.session_aiohttp`
[INFO] session requesting PapersCoolPaperPage(venue_ICLR.2023).PapersCoolPaperKimiSection(venue_ICLR.2023_=eDLwjKmtYFt@OpenReview)

2024-04-04 01:44:20,532 <requestor-worker-5:21182, MainThread:139697072588608> (requestor.py:_fetch_single_async:199 -> session.py:request:318) from logger `RFC.session_aiohttp`
[INFO] session requesting PapersCoolPaperPage(venue_NeurIPS.2021).PapersCoolPaperKimiSection(venue_NeurIPS.2021_=nJUDGEc69a5@OpenReview)

2024-04-04 01:44:20,534 <requestor-worker-5:21182, MainThread:139697072588608> (requestor.py:_fetch_single_async:199 -> session.py:request:318) from logger `RFC.session_aiohttp`
[INFO] session requesting PapersCoolPaperPage(venue_ICML.2022).PapersCoolPaperKimiSection(venue_ICML.2022_=emmons22a@v162@PMLR)

2024-04-04 01:44:20,535 <requestor-worker-5:21182, MainThread:139697072588608> (requestor.py:_fetch_single_async:199 -> session.py:request:318) from logger `RFC.session_aiohttp`
[INFO] session requesting PapersCoolPaperPage(venue_ICML.2021).PapersCoolPaperKimiSection(venue_ICML.2021_=hilgard21a@v139@PMLR)

2024-04-04 01:44:20,537 <requestor-worker-5:21182, MainThread:139697072588608> (requestor.py:_fetch_single_async:199 -> session.py:request:318) from logger `RFC.session_aiohttp`
[INFO] session requesting PapersCoolPaperPage(venue_NeurIPS.2021).PapersCoolPaperKimiSection(venue_NeurIPS.2021_=RqAzAoL8BER@OpenReview)

2024-04-04 01:44:20,539 <requestor-worker-5:21182, MainThread:139697072588608> (requestor.py:_fetch_single_async:199 -> session.py:request:318) from logger `RFC.session_aiohttp`
[INFO] session requesting PapersCoolPaperPage(venue_NeurIPS.2023).PapersCoolPaperKimiSection(venue_NeurIPS.2023_=Eq9AFZlAjt@OpenReview)

2024-04-04 01:44:20,541 <requestor-worker-5:21182, MainThread:139697072588608> (requestor.py:_fetch_single_async:199 -> session.py:request:318) from logger `RFC.session_aiohttp`
[INFO] session requesting PapersCoolPaperPage(venue_ICLR.2024).PapersCoolPaperKimiSection(venue_ICLR.2024_=lF2aip4Scn@OpenReview)

2024-04-04 01:44:20,542 <requestor-worker-2:21178, MainThread:139697072588608> (requestor.py:_fetch_single_async:199 -> session.py:request:318) from logger `RFC.session_aiohttp`
[INFO] session requesting PapersCoolPaperPage(arxiv_cs.CV).PapersCoolPaperKimiSection(arxiv_cs.CV_=2404.01674)

2024-04-04 01:44:20,543 <requestor-worker-5:21182, MainThread:139697072588608> (requestor.py:_fetch_single_async:199 -> session.py:request:318) from logger `RFC.session_aiohttp`
[INFO] session requesting PapersCoolPaperPage(venue_ICLR.2022).PapersCoolPaperKimiSection(venue_ICLR.2022_=c87d0TS4yX@OpenReview)

2024-04-04 01:44:20,544 <requestor-worker-2:21178, MainThread:139697072588608> (requestor.py:_fetch_single_async:199 -> session.py:request:318) from logger `RFC.session_aiohttp`
[INFO] session requesting PapersCoolPaperPage(venue_ICLR.2024).PapersCoolPaperKimiSection(venue_ICLR.2024_=SIZWiya7FE@OpenReview)

2024-04-04 01:44:20,545 <requestor-worker-5:21182, MainThread:139697072588608> (requestor.py:_fetch_single_async:199 -> session.py:request:318) from logger `RFC.session_aiohttp`
[INFO] session requesting PapersCoolPaperPage(venue_ICLR.2023).PapersCoolPaperKimiSection(venue_ICLR.2023_=Pv1GPQzRrC8@OpenReview)

2024-04-04 01:44:20,546 <requestor-worker-2:21178, MainThread:139697072588608> (requestor.py:_fetch_single_async:199 -> session.py:request:318) from logger `RFC.session_aiohttp`
[INFO] session requesting PapersCoolPaperPage(venue_NeurIPS.2022).PapersCoolPaperKimiSection(venue_NeurIPS.2022_=W-_4hgRkwb@OpenReview)

2024-04-04 01:44:20,549 <requestor-worker-2:21178, MainThread:139697072588608> (requestor.py:_fetch_single_async:199 -> session.py:request:318) from logger `RFC.session_aiohttp`
[INFO] session requesting PapersCoolPaperPage(venue_NeurIPS.2023).PapersCoolPaperKimiSection(venue_NeurIPS.2023_=OFMPrCAMKi@OpenReview)

2024-04-04 01:44:20,551 <requestor-worker-2:21178, MainThread:139697072588608> (requestor.py:_fetch_single_async:199 -> session.py:request:318) from logger `RFC.session_aiohttp`
[INFO] session requesting PapersCoolPaperPage(venue_NeurIPS.2022).PapersCoolPaperKimiSection(venue_NeurIPS.2022_=C7cv9fh8m-b@OpenReview)

2024-04-04 01:44:20,553 <requestor-worker-2:21178, MainThread:139697072588608> (requestor.py:_fetch_single_async:199 -> session.py:request:318) from logger `RFC.session_aiohttp`
[INFO] session requesting PapersCoolPaperPage(venue_ICML.2023).PapersCoolPaperKimiSection(venue_ICML.2023_=zhao23c@v202@PMLR)

2024-04-04 01:44:20,555 <requestor-worker-2:21178, MainThread:139697072588608> (requestor.py:_fetch_single_async:199 -> session.py:request:318) from logger `RFC.session_aiohttp`
[INFO] session requesting PapersCoolPaperPage(venue_ICLR.2023).PapersCoolPaperKimiSection(venue_ICLR.2023_=vZTp1oPV3PC@OpenReview)

2024-04-04 01:44:20,556 <requestor-worker-1:21174, MainThread:139697072588608> (requestor.py:_fetch_single_async:199 -> session.py:request:318) from logger `RFC.session_aiohttp`
[INFO] session requesting PapersCoolPaperPage(venue_ICLR.2024).PapersCoolPaperKimiSection(venue_ICLR.2024_=KWO8LSUC5W@OpenReview)

2024-04-04 01:44:20,556 <requestor-worker-4:21181, MainThread:139697072588608> (requestor.py:_fetch_single_async:199 -> session.py:request:318) from logger `RFC.session_aiohttp`
[INFO] session requesting PapersCoolPaperPage(venue_ICML.2021).PapersCoolPaperKimiSection(venue_ICML.2021_=qiao21a@v139@PMLR)

2024-04-04 01:44:20,557 <requestor-worker-1:21174, MainThread:139697072588608> (requestor.py:_fetch_single_async:199 -> session.py:request:318) from logger `RFC.session_aiohttp`
[INFO] session requesting PapersCoolPaperPage(venue_ICLR.2022).PapersCoolPaperKimiSection(venue_ICLR.2022_=QJWVP4CTmW4@OpenReview)

2024-04-04 01:44:20,559 <requestor-worker-4:21181, MainThread:139697072588608> (requestor.py:_fetch_single_async:199 -> session.py:request:318) from logger `RFC.session_aiohttp`
[INFO] session requesting PapersCoolPaperPage(arxiv_cs.CV).PapersCoolPaperKimiSection(arxiv_cs.CV_=2404.01352)

2024-04-04 01:44:20,559 <requestor-worker-1:21174, MainThread:139697072588608> (requestor.py:_fetch_single_async:199 -> session.py:request:318) from logger `RFC.session_aiohttp`
[INFO] session requesting PapersCoolPaperPage(venue_ICLR.2023).PapersCoolPaperKimiSection(venue_ICLR.2023_=JZMR727O29@OpenReview)

2024-04-04 01:44:20,560 <requestor-worker-0:21173, MainThread:139697072588608> (requestor.py:_fetch_single_async:199 -> session.py:request:318) from logger `RFC.session_aiohttp`
[INFO] session requesting PapersCoolPaperPage(venue_ICLR.2023).PapersCoolPaperKimiSection(venue_ICLR.2023_=JmkjrlVE-DG@OpenReview)

2024-04-04 01:44:20,561 <requestor-worker-4:21181, MainThread:139697072588608> (requestor.py:_fetch_single_async:199 -> session.py:request:318) from logger `RFC.session_aiohttp`
[INFO] session requesting PapersCoolPaperPage(venue_NeurIPS.2021).PapersCoolPaperKimiSection(venue_NeurIPS.2021_=-KGLlWv6kIc@OpenReview)

2024-04-04 01:44:20,562 <requestor-worker-1:21174, MainThread:139697072588608> (requestor.py:_fetch_single_async:199 -> session.py:request:318) from logger `RFC.session_aiohttp`
[INFO] session requesting PapersCoolPaperPage(venue_NeurIPS.2021).PapersCoolPaperKimiSection(venue_NeurIPS.2021_=y8y6GJUL01H@OpenReview)

2024-04-04 01:44:20,562 <requestor-worker-0:21173, MainThread:139697072588608> (requestor.py:_fetch_single_async:199 -> session.py:request:318) from logger `RFC.session_aiohttp`
[INFO] session requesting PapersCoolPaperPage(venue_ICML.2023).PapersCoolPaperKimiSection(venue_ICML.2023_=li23ak@v202@PMLR)

2024-04-04 01:44:20,563 <requestor-worker-4:21181, MainThread:139697072588608> (requestor.py:_fetch_single_async:199 -> session.py:request:318) from logger `RFC.session_aiohttp`
[INFO] session requesting PapersCoolPaperPage(venue_NeurIPS.2022).PapersCoolPaperKimiSection(venue_NeurIPS.2022_=k7xZKpYebXL@OpenReview)

2024-04-04 01:44:20,564 <requestor-worker-1:21174, MainThread:139697072588608> (requestor.py:_fetch_single_async:199 -> session.py:request:318) from logger `RFC.session_aiohttp`
[INFO] session requesting PapersCoolPaperPage(venue_ICLR.2022).PapersCoolPaperKimiSection(venue_ICLR.2022_=PlKWVd2yBkY@OpenReview)

2024-04-04 01:44:20,564 <requestor-worker-0:21173, MainThread:139697072588608> (requestor.py:_fetch_single_async:199 -> session.py:request:318) from logger `RFC.session_aiohttp`
[INFO] session requesting PapersCoolPaperPage(venue_ICLR.2021).PapersCoolPaperKimiSection(venue_ICLR.2021_=QkRbdiiEjM@OpenReview)

2024-04-04 01:44:20,565 <requestor-worker-4:21181, MainThread:139697072588608> (requestor.py:_fetch_single_async:199 -> session.py:request:318) from logger `RFC.session_aiohttp`
[INFO] session requesting PapersCoolPaperPage(venue_NeurIPS.2023).PapersCoolPaperKimiSection(venue_NeurIPS.2023_=1M8nDkUU9b@OpenReview)

2024-04-04 01:44:20,566 <requestor-worker-1:21174, MainThread:139697072588608> (requestor.py:_fetch_single_async:199 -> session.py:request:318) from logger `RFC.session_aiohttp`
[INFO] session requesting PapersCoolPaperPage(venue_NeurIPS.2022).PapersCoolPaperKimiSection(venue_NeurIPS.2022_=xdZs1kf-va@OpenReview)

2024-04-04 01:44:20,566 <requestor-worker-0:21173, MainThread:139697072588608> (requestor.py:_fetch_single_async:199 -> session.py:request:318) from logger `RFC.session_aiohttp`
[INFO] session requesting PapersCoolPaperPage(venue_NeurIPS.2021).PapersCoolPaperKimiSection(venue_NeurIPS.2021_=sHu8-ux9VH@OpenReview)

2024-04-04 01:44:20,568 <requestor-worker-1:21174, MainThread:139697072588608> (requestor.py:_fetch_single_async:199 -> session.py:request:318) from logger `RFC.session_aiohttp`
[INFO] session requesting PapersCoolPaperPage(venue_ICML.2023).PapersCoolPaperKimiSection(venue_ICML.2023_=liu23c@v202@PMLR)

2024-04-04 01:44:20,568 <requestor-worker-0:21173, MainThread:139697072588608> (requestor.py:_fetch_single_async:199 -> session.py:request:318) from logger `RFC.session_aiohttp`
[INFO] session requesting PapersCoolPaperPage(venue_NeurIPS.2021).PapersCoolPaperKimiSection(venue_NeurIPS.2021_=8qa6hkGYDJk@OpenReview)

2024-04-04 01:44:20,567 <requestor-worker-4:21181, MainThread:139697072588608> (requestor.py:_fetch_single_async:199 -> session.py:request:318) from logger `RFC.session_aiohttp`
[INFO] session requesting PapersCoolPaperPage(venue_ICML.2023).PapersCoolPaperKimiSection(venue_ICML.2023_=hosseini23a@v202@PMLR)

2024-04-04 01:44:20,569 <requestor-worker-1:21174, MainThread:139697072588608> (requestor.py:_fetch_single_async:199 -> session.py:request:318) from logger `RFC.session_aiohttp`
[INFO] session requesting PapersCoolPaperPage(venue_ICML.2021).PapersCoolPaperKimiSection(venue_ICML.2021_=yoon21c@v139@PMLR)

2024-04-04 01:44:20,569 <requestor-worker-0:21173, MainThread:139697072588608> (requestor.py:_fetch_single_async:199 -> session.py:request:318) from logger `RFC.session_aiohttp`
[INFO] session requesting PapersCoolPaperPage(venue_ICML.2021).PapersCoolPaperKimiSection(venue_ICML.2021_=shen21a@v139@PMLR)

2024-04-04 01:44:20,571 <requestor-worker-1:21174, MainThread:139697072588608> (requestor.py:_fetch_single_async:199 -> session.py:request:318) from logger `RFC.session_aiohttp`
[INFO] session requesting PapersCoolPaperPage(venue_ICLR.2021).PapersCoolPaperKimiSection(venue_ICLR.2021_=C3qvk5IQIJY@OpenReview)

2024-04-04 01:44:20,571 <requestor-worker-0:21173, MainThread:139697072588608> (requestor.py:_fetch_single_async:199 -> session.py:request:318) from logger `RFC.session_aiohttp`
[INFO] session requesting PapersCoolPaperPage(venue_ICLR.2023).PapersCoolPaperKimiSection(venue_ICLR.2023_=wcNtbEtcGIC@OpenReview)

2024-04-04 01:44:20,573 <requestor-worker-1:21174, MainThread:139697072588608> (requestor.py:_fetch_single_async:199 -> session.py:request:318) from logger `RFC.session_aiohttp`
[INFO] session requesting PapersCoolPaperPage(venue_NeurIPS.2022).PapersCoolPaperKimiSection(venue_NeurIPS.2022_=vfCd1Vt8BGq@OpenReview)

2024-04-04 01:44:20,573 <requestor-worker-0:21173, MainThread:139697072588608> (requestor.py:_fetch_single_async:199 -> session.py:request:318) from logger `RFC.session_aiohttp`
[INFO] session requesting PapersCoolPaperPage(venue_NeurIPS.2023).PapersCoolPaperKimiSection(venue_NeurIPS.2023_=5UOYGfobhC@OpenReview)

2024-04-04 01:44:20,575 <requestor-worker-1:21174, MainThread:139697072588608> (requestor.py:_fetch_single_async:199 -> session.py:request:318) from logger `RFC.session_aiohttp`
[INFO] session requesting PapersCoolPaperPage(venue_ICLR.2024).PapersCoolPaperKimiSection(venue_ICLR.2024_=mGHJAyR8w0@OpenReview)

2024-04-04 01:44:20,575 <requestor-worker-0:21173, MainThread:139697072588608> (requestor.py:_fetch_single_async:199 -> session.py:request:318) from logger `RFC.session_aiohttp`
[INFO] session requesting PapersCoolPaperPage(venue_ICLR.2021).PapersCoolPaperKimiSection(venue_ICLR.2021_=bgQek2O63w@OpenReview)

2024-04-04 01:44:20,577 <requestor-worker-1:21174, MainThread:139697072588608> (requestor.py:_fetch_single_async:199 -> session.py:request:318) from logger `RFC.session_aiohttp`
[INFO] session requesting PapersCoolPaperPage(venue_ICLR.2022).PapersCoolPaperKimiSection(venue_ICLR.2022_=Qycd9j5Qp9J@OpenReview)

2024-04-04 01:44:20,577 <requestor-worker-0:21173, MainThread:139697072588608> (requestor.py:_fetch_single_async:199 -> session.py:request:318) from logger `RFC.session_aiohttp`
[INFO] session requesting PapersCoolPaperPage(venue_ICLR.2024).PapersCoolPaperKimiSection(venue_ICLR.2024_=sHEJJmzBIN@OpenReview)

2024-04-04 01:44:20,578 <requestor-worker-1:21174, MainThread:139697072588608> (requestor.py:_fetch_single_async:199 -> session.py:request:318) from logger `RFC.session_aiohttp`
[INFO] session requesting PapersCoolPaperPage(venue_ICML.2023).PapersCoolPaperKimiSection(venue_ICML.2023_=lange23a@v202@PMLR)

2024-04-04 01:44:20,579 <requestor-worker-0:21173, MainThread:139697072588608> (requestor.py:_fetch_single_async:199 -> session.py:request:318) from logger `RFC.session_aiohttp`
[INFO] session requesting PapersCoolPaperPage(venue_NeurIPS.2022).PapersCoolPaperKimiSection(venue_NeurIPS.2022_=FkPZGtTxXx6@OpenReview)

2024-04-04 01:44:20,581 <requestor-worker-1:21174, MainThread:139697072588608> (requestor.py:_fetch_single_async:199 -> session.py:request:318) from logger `RFC.session_aiohttp`
[INFO] session requesting PapersCoolPaperPage(venue_ICML.2021).PapersCoolPaperKimiSection(venue_ICML.2021_=liu21g@v139@PMLR)

2024-04-04 01:44:20,581 <requestor-worker-0:21173, MainThread:139697072588608> (requestor.py:_fetch_single_async:199 -> session.py:request:318) from logger `RFC.session_aiohttp`
[INFO] session requesting PapersCoolPaperPage(venue_NeurIPS.2023).PapersCoolPaperKimiSection(venue_NeurIPS.2023_=OXhymu6MeN@OpenReview)

2024-04-04 01:44:20,582 <requestor-worker-1:21174, MainThread:139697072588608> (requestor.py:_fetch_single_async:199 -> session.py:request:318) from logger `RFC.session_aiohttp`
[INFO] session requesting PapersCoolPaperPage(venue_ICLR.2021).PapersCoolPaperKimiSection(venue_ICLR.2021_=Drynvt7gg4L@OpenReview)

2024-04-04 01:44:20,582 <requestor-worker-0:21173, MainThread:139697072588608> (requestor.py:_fetch_single_async:199 -> session.py:request:318) from logger `RFC.session_aiohttp`
[INFO] session requesting PapersCoolPaperPage(venue_ICLR.2022).PapersCoolPaperKimiSection(venue_ICLR.2022_=1ugNpm7W6E@OpenReview)

2024-04-04 01:44:20,584 <requestor-worker-1:21174, MainThread:139697072588608> (requestor.py:_fetch_single_async:199 -> session.py:request:318) from logger `RFC.session_aiohttp`
[INFO] session requesting PapersCoolPaperPage(venue_ICLR.2022).PapersCoolPaperKimiSection(venue_ICLR.2022_=WE4qe9xlnQw@OpenReview)

2024-04-04 01:44:20,584 <requestor-worker-0:21173, MainThread:139697072588608> (requestor.py:_fetch_single_async:199 -> session.py:request:318) from logger `RFC.session_aiohttp`
[INFO] session requesting PapersCoolPaperPage(venue_NeurIPS.2022).PapersCoolPaperKimiSection(venue_NeurIPS.2022_=thgItcQrJ4y@OpenReview)

2024-04-04 01:44:20,587 <requestor-worker-11:21190, MainThread:139697072588608> (requestor.py:_fetch_single_async:199 -> session.py:request:318) from logger `RFC.session_aiohttp`
[INFO] session requesting PapersCoolPaperPage(venue_ICLR.2023).PapersCoolPaperKimiSection(venue_ICLR.2023_=_BoPed4tYww@OpenReview)

2024-04-04 01:44:20,589 <requestor-worker-11:21190, MainThread:139697072588608> (requestor.py:_fetch_single_async:199 -> session.py:request:318) from logger `RFC.session_aiohttp`
[INFO] session requesting PapersCoolPaperPage(venue_ICLR.2024).PapersCoolPaperKimiSection(venue_ICLR.2024_=giU9fYGTND@OpenReview)

2024-04-04 01:44:20,609 <requestor-worker-3:21180, MainThread:139697072588608> (requestor.py:_fetch_single_async:199 -> session.py:request:318) from logger `RFC.session_aiohttp`
[INFO] session requesting PapersCoolPaperPage(venue_ICML.2021).PapersCoolPaperKimiSection(venue_ICML.2021_=rouyer21a@v139@PMLR)

2024-04-04 01:44:20,613 <requestor-worker-2:21178, MainThread:139697072588608> (requestor.py:_fetch_single_async:199 -> session.py:request:318) from logger `RFC.session_aiohttp`
[INFO] session requesting PapersCoolPaperPage(venue_ICML.2022).PapersCoolPaperKimiSection(venue_ICML.2022_=yin22a@v162@PMLR)

2024-04-04 01:44:20,612 <requestor-worker-9:21187, MainThread:139697072588608> (requestor.py:_fetch_single_async:199 -> session.py:request:318) from logger `RFC.session_aiohttp`
[INFO] session requesting PapersCoolPaperPage(venue_ICML.2021).PapersCoolPaperKimiSection(venue_ICML.2021_=leme21a@v139@PMLR)

2024-04-04 01:44:20,616 <requestor-worker-2:21178, MainThread:139697072588608> (requestor.py:_fetch_single_async:199 -> session.py:request:318) from logger `RFC.session_aiohttp`
[INFO] session requesting PapersCoolPaperPage(venue_ICML.2022).PapersCoolPaperKimiSection(venue_ICML.2022_=zhang22l@v162@PMLR)

2024-04-04 01:44:20,617 <requestor-worker-9:21187, MainThread:139697072588608> (requestor.py:_fetch_single_async:199 -> session.py:request:318) from logger `RFC.session_aiohttp`
[INFO] session requesting PapersCoolPaperPage(venue_NeurIPS.2022).PapersCoolPaperKimiSection(venue_NeurIPS.2022_=prQT0gN81oG@OpenReview)

2024-04-04 01:44:20,618 <requestor-worker-10:21188, MainThread:139697072588608> (requestor.py:_fetch_single_async:199 -> session.py:request:318) from logger `RFC.session_aiohttp`
[INFO] session requesting PapersCoolPaperPage(venue_ICLR.2023).PapersCoolPaperKimiSection(venue_ICLR.2023_=7sn6Vxp92xV@OpenReview)

2024-04-04 01:44:20,618 <requestor-worker-2:21178, MainThread:139697072588608> (requestor.py:_fetch_single_async:199 -> session.py:request:318) from logger `RFC.session_aiohttp`
[INFO] session requesting PapersCoolPaperPage(venue_ICLR.2022).PapersCoolPaperKimiSection(venue_ICLR.2022_=EVVadRFRgL7@OpenReview)

2024-04-04 01:44:20,620 <requestor-worker-2:21178, MainThread:139697072588608> (requestor.py:_fetch_single_async:199 -> session.py:request:318) from logger `RFC.session_aiohttp`
[INFO] session requesting PapersCoolPaperPage(venue_ICLR.2024).PapersCoolPaperKimiSection(venue_ICLR.2024_=6J3ehSUrMU@OpenReview)

2024-04-04 01:44:20,621 <requestor-worker-10:21188, MainThread:139697072588608> (requestor.py:_fetch_single_async:199 -> session.py:request:318) from logger `RFC.session_aiohttp`
[INFO] session requesting PapersCoolPaperPage(venue_NeurIPS.2022).PapersCoolPaperKimiSection(venue_NeurIPS.2022_=HFm7AxNa9Wo@OpenReview)

2024-04-04 01:44:20,620 <requestor-worker-9:21187, MainThread:139697072588608> (requestor.py:_fetch_single_async:199 -> session.py:request:318) from logger `RFC.session_aiohttp`
[INFO] session requesting PapersCoolPaperPage(venue_ICML.2022).PapersCoolPaperKimiSection(venue_ICML.2022_=cohen-addad22b@v162@PMLR)

2024-04-04 01:44:20,623 <requestor-worker-2:21178, MainThread:139697072588608> (requestor.py:_fetch_single_async:199 -> session.py:request:318) from logger `RFC.session_aiohttp`
[INFO] session requesting PapersCoolPaperPage(venue_ICLR.2021).PapersCoolPaperKimiSection(venue_ICLR.2021_=ajOrOhQOsYx@OpenReview)

2024-04-04 01:44:20,623 <requestor-worker-10:21188, MainThread:139697072588608> (requestor.py:_fetch_single_async:199 -> session.py:request:318) from logger `RFC.session_aiohttp`
[INFO] session requesting PapersCoolPaperPage(venue_ICML.2021).PapersCoolPaperKimiSection(venue_ICML.2021_=sun21b@v139@PMLR)

2024-04-04 01:44:20,625 <requestor-worker-10:21188, MainThread:139697072588608> (requestor.py:_fetch_single_async:199 -> session.py:request:318) from logger `RFC.session_aiohttp`
[INFO] session requesting PapersCoolPaperPage(venue_ICLR.2023).PapersCoolPaperKimiSection(venue_ICLR.2023_=XUxad2Gj40n@OpenReview)

2024-04-04 01:44:20,627 <requestor-worker-10:21188, MainThread:139697072588608> (requestor.py:_fetch_single_async:199 -> session.py:request:318) from logger `RFC.session_aiohttp`
[INFO] session requesting PapersCoolPaperPage(venue_ICLR.2022).PapersCoolPaperKimiSection(venue_ICLR.2022_=USC0-nvGPK@OpenReview)

2024-04-04 01:44:20,628 <requestor-worker-1:21174, MainThread:139697072588608> (requestor.py:_fetch_single_async:199 -> session.py:request:318) from logger `RFC.session_aiohttp`
[INFO] session requesting PapersCoolPaperPage(venue_ICLR.2022).PapersCoolPaperKimiSection(venue_ICLR.2022_=anbBFlX1tJ1@OpenReview)

2024-04-04 01:44:20,630 <requestor-worker-1:21174, MainThread:139697072588608> (requestor.py:_fetch_single_async:199 -> session.py:request:318) from logger `RFC.session_aiohttp`
[INFO] session requesting PapersCoolPaperPage(venue_NeurIPS.2023).PapersCoolPaperKimiSection(venue_NeurIPS.2023_=HWNl9PAYIP@OpenReview)

2024-04-04 01:44:20,643 <requestor-worker-3:21180, MainThread:139697072588608> (requestor.py:_fetch_single_async:199 -> session.py:request:318) from logger `RFC.session_aiohttp`
[INFO] session requesting PapersCoolPaperPage(venue_ICCV.2019).PapersCoolPaperKimiSection(venue_ICCV.2019_=Zhou_Prior-Aware_Neural_Network_for_Partially-Supervised_Multi-Organ_Segmentation@ICCV2019@CVF)

2024-04-04 01:44:20,645 <requestor-worker-3:21180, MainThread:139697072588608> (requestor.py:_fetch_single_async:199 -> session.py:request:318) from logger `RFC.session_aiohttp`
[INFO] session requesting PapersCoolPaperPage(venue_NeurIPS.2022).PapersCoolPaperKimiSection(venue_NeurIPS.2022_=9BL0-oS7W7_@OpenReview)

2024-04-04 01:44:20,647 <requestor-worker-4:21181, MainThread:139697072588608> (requestor.py:_fetch_single_async:199 -> session.py:request:318) from logger `RFC.session_aiohttp`
[INFO] session requesting PapersCoolPaperPage(venue_ICLR.2023).PapersCoolPaperKimiSection(venue_ICLR.2023_=udNhDCr2KQe@OpenReview)

2024-04-04 01:44:20,649 <requestor-worker-10:21188, MainThread:139697072588608> (requestor.py:_fetch_single_async:199 -> session.py:request:318) from logger `RFC.session_aiohttp`
[INFO] session requesting PapersCoolPaperPage(arxiv_cs.LG).PapersCoolPaperKimiSection(arxiv_cs.LG_=2310.15079)

2024-04-04 01:44:20,681 <requestor-worker-4:21181, MainThread:139697072588608> (requestor.py:_fetch_single_async:199 -> session.py:request:318) from logger `RFC.session_aiohttp`
[INFO] session requesting PapersCoolPaperPage(venue_CVPR.2023).PapersCoolPaperKimiSection(venue_CVPR.2023_=Huang_Boosting_Accuracy_and_Robustness_of_Student_Models_via_Adaptive_Adversarial@CVPR2023@CVF)

2024-04-04 01:44:20,687 <requestor-worker-10:21188, MainThread:139697072588608> (requestor.py:_fetch_single_async:199 -> session.py:request:318) from logger `RFC.session_aiohttp`
[INFO] session requesting PapersCoolPaperPage(venue_CVPR.2021).PapersCoolPaperKimiSection(venue_CVPR.2021_=Hsu_DARCNN_Domain_Adaptive_Region-Based_Convolutional_Neural_Network_for_Unsupervised_Instance@CVPR2021@CVF)

2024-04-04 01:44:20,688 <requestor-worker-10:21188, MainThread:139697072588608> (requestor.py:_fetch_single_async:199 -> session.py:request:318) from logger `RFC.session_aiohttp`
[INFO] session requesting PapersCoolPaperPage(venue_ICLR.2023).PapersCoolPaperKimiSection(venue_ICLR.2023_=IDJx97BC38@OpenReview)

2024-04-04 01:44:20,692 <requestor-worker-9:21187, MainThread:139697072588608> (requestor.py:_fetch_single_async:199 -> session.py:request:318) from logger `RFC.session_aiohttp`
[INFO] session requesting PapersCoolPaperPage(venue_ICML.2021).PapersCoolPaperKimiSection(venue_ICML.2021_=ndousse21a@v139@PMLR)

2024-04-04 01:44:20,694 <requestor-worker-9:21187, MainThread:139697072588608> (requestor.py:_fetch_single_async:199 -> session.py:request:318) from logger `RFC.session_aiohttp`
[INFO] session requesting PapersCoolPaperPage(venue_ICLR.2024).PapersCoolPaperKimiSection(venue_ICLR.2024_=rsY6J3ZaTF@OpenReview)

2024-04-04 01:44:20,695 <requestor-worker-9:21187, MainThread:139697072588608> (requestor.py:_fetch_single_async:199 -> session.py:request:318) from logger `RFC.session_aiohttp`
[INFO] session requesting PapersCoolPaperPage(venue_NeurIPS.2023).PapersCoolPaperKimiSection(venue_NeurIPS.2023_=FV4ngfUlY0@OpenReview)

2024-04-04 01:44:20,697 <requestor-worker-9:21187, MainThread:139697072588608> (requestor.py:_fetch_single_async:199 -> session.py:request:318) from logger `RFC.session_aiohttp`
[INFO] session requesting PapersCoolPaperPage(arxiv_cs.CV).PapersCoolPaperKimiSection(arxiv_cs.CV_=2404.01748)

2024-04-04 01:44:20,710 <requestor-worker-4:21181, MainThread:139697072588608> (requestor.py:_fetch_single_async:199 -> session.py:request:318) from logger `RFC.session_aiohttp`
[INFO] session requesting PapersCoolPaperPage(venue_CVPR.2022).PapersCoolPaperKimiSection(venue_CVPR.2022_=Baek_Commonality_in_Natural_Images_Rescues_GANs_Pretraining_GANs_With_Generic@CVPR2022@CVF)

2024-04-04 01:44:20,725 <requestor-worker-2:21178, MainThread:139697072588608> (requestor.py:_fetch_single_async:199 -> session.py:request:318) from logger `RFC.session_aiohttp`
[INFO] session requesting PapersCoolPaperPage(venue_ICCV.2021).PapersCoolPaperKimiSection(venue_ICCV.2021_=Peng_Active_Learning_for_Lane_Detection_A_Knowledge_Distillation_Approach@ICCV2021@CVF)

2024-04-04 01:44:20,725 <requestor-worker-4:21181, MainThread:139697072588608> (requestor.py:_fetch_single_async:199 -> session.py:request:318) from logger `RFC.session_aiohttp`
[INFO] session requesting PapersCoolPaperPage(venue_NeurIPS.2023).PapersCoolPaperKimiSection(venue_NeurIPS.2023_=znW5jNIOED@OpenReview)

2024-04-04 01:44:20,726 <requestor-worker-5:21182, MainThread:139697072588608> (requestor.py:_fetch_single_async:199 -> session.py:request:318) from logger `RFC.session_aiohttp`
[INFO] session requesting PapersCoolPaperPage(venue_NeurIPS.2022).PapersCoolPaperKimiSection(venue_NeurIPS.2022_=KCXQ5HoM-fy@OpenReview)

2024-04-04 01:44:20,736 <requestor-worker-5:21182, MainThread:139697072588608> (requestor.py:_fetch_single_async:199 -> session.py:request:318) from logger `RFC.session_aiohttp`
[INFO] session requesting PapersCoolPaperPage(venue_ICCV.2023).PapersCoolPaperKimiSection(venue_ICCV.2023_=Cheng_Forecast-MAE_Self-supervised_Pre-training_for_Motion_Forecasting_with_Masked_Autoencoders@ICCV2023@CVF)

2024-04-04 01:44:20,740 <requestor-worker-9:21187, MainThread:139697072588608> (requestor.py:_fetch_single_async:199 -> session.py:request:318) from logger `RFC.session_aiohttp`
[INFO] session requesting PapersCoolPaperPage(venue_NeurIPS.2021).PapersCoolPaperKimiSection(venue_NeurIPS.2021_=Q2R6noQ3tn5@OpenReview)

2024-04-04 01:44:20,740 <requestor-worker-0:21173, MainThread:139697072588608> (requestor.py:_fetch_single_async:199 -> session.py:request:318) from logger `RFC.session_aiohttp`
[INFO] session requesting PapersCoolPaperPage(venue_ICML.2022).PapersCoolPaperKimiSection(venue_ICML.2022_=kaplan22a@v162@PMLR)

2024-04-04 01:44:20,742 <requestor-worker-9:21187, MainThread:139697072588608> (requestor.py:_fetch_single_async:199 -> session.py:request:318) from logger `RFC.session_aiohttp`
[INFO] session requesting PapersCoolPaperPage(venue_NeurIPS.2023).PapersCoolPaperKimiSection(venue_NeurIPS.2023_=zQU33Uh3qM@OpenReview)

2024-04-04 01:44:20,742 <requestor-worker-10:21188, MainThread:139697072588608> (requestor.py:_fetch_single_async:199 -> session.py:request:318) from logger `RFC.session_aiohttp`
[INFO] session requesting PapersCoolPaperPage(venue_ICCV.2023).PapersCoolPaperKimiSection(venue_ICCV.2023_=Kil_PreSTU_Pre-Training_for_Scene-Text_Understanding@ICCV2023@CVF)

2024-04-04 01:44:20,742 <requestor-worker-0:21173, MainThread:139697072588608> (requestor.py:_fetch_single_async:199 -> session.py:request:318) from logger `RFC.session_aiohttp`
[INFO] session requesting PapersCoolPaperPage(venue_ICLR.2021).PapersCoolPaperKimiSection(venue_ICLR.2021_=Ec85b0tUwbA@OpenReview)

2024-04-04 01:44:20,744 <requestor-worker-9:21187, MainThread:139697072588608> (requestor.py:_fetch_single_async:199 -> session.py:request:318) from logger `RFC.session_aiohttp`
[INFO] session requesting PapersCoolPaperPage(venue_ICML.2022).PapersCoolPaperKimiSection(venue_ICML.2022_=wu22b@v162@PMLR)

2024-04-04 01:44:20,744 <requestor-worker-10:21188, MainThread:139697072588608> (requestor.py:_fetch_single_async:199 -> session.py:request:318) from logger `RFC.session_aiohttp`
[INFO] session requesting PapersCoolPaperPage(venue_ICCV.2021).PapersCoolPaperKimiSection(venue_ICCV.2021_=Ouyang_Internal_Video_Inpainting_by_Implicit_Long-Range_Propagation@ICCV2021@CVF)

2024-04-04 01:44:20,745 <requestor-worker-9:21187, MainThread:139697072588608> (requestor.py:_fetch_single_async:199 -> session.py:request:318) from logger `RFC.session_aiohttp`
[INFO] session requesting PapersCoolPaperPage(venue_ICLR.2023).PapersCoolPaperKimiSection(venue_ICLR.2023_=cRxYWKiTan@OpenReview)

2024-04-04 01:44:20,747 <requestor-worker-9:21187, MainThread:139697072588608> (requestor.py:_fetch_single_async:199 -> session.py:request:318) from logger `RFC.session_aiohttp`
[INFO] session requesting PapersCoolPaperPage(venue_NeurIPS.2022).PapersCoolPaperKimiSection(venue_NeurIPS.2022_=lblv6NGI7un@OpenReview)

2024-04-04 01:44:20,747 <requestor-worker-2:21178, MainThread:139697072588608> (requestor.py:_fetch_single_async:199 -> session.py:request:318) from logger `RFC.session_aiohttp`
[INFO] session requesting PapersCoolPaperPage(venue_ICCV.2021).PapersCoolPaperKimiSection(venue_ICCV.2021_=Yang_Interpolation-Aware_Padding_for_3D_Sparse_Convolutional_Neural_Networks@ICCV2021@CVF)

2024-04-04 01:44:20,748 <requestor-worker-9:21187, MainThread:139697072588608> (requestor.py:_fetch_single_async:199 -> session.py:request:318) from logger `RFC.session_aiohttp`
[INFO] session requesting PapersCoolPaperPage(venue_ICLR.2024).PapersCoolPaperKimiSection(venue_ICLR.2024_=jiDsk12qcz@OpenReview)

2024-04-04 01:44:20,764 <requestor-worker-0:21173, MainThread:139697072588608> (requestor.py:_fetch_single_async:199 -> session.py:request:318) from logger `RFC.session_aiohttp`
[INFO] session requesting PapersCoolPaperPage(venue_ICLR.2024).PapersCoolPaperKimiSection(venue_ICLR.2024_=rpH9FcCEV6@OpenReview)

2024-04-04 01:44:20,768 <requestor-worker-8:21186, MainThread:139697072588608> (requestor.py:_fetch_single_async:199 -> session.py:request:318) from logger `RFC.session_aiohttp`
[INFO] session requesting PapersCoolPaperPage(venue_NeurIPS.2021).PapersCoolPaperKimiSection(venue_NeurIPS.2021_=tQgj7CDTfKB@OpenReview)

2024-04-04 01:44:20,771 <requestor-worker-8:21186, MainThread:139697072588608> (requestor.py:_fetch_single_async:199 -> session.py:request:318) from logger `RFC.session_aiohttp`
[INFO] session requesting PapersCoolPaperPage(venue_NeurIPS.2023).PapersCoolPaperKimiSection(venue_NeurIPS.2023_=QEDjXv9OyY@OpenReview)

2024-04-04 01:44:20,782 <requestor-worker-10:21188, MainThread:139697072588608> (requestor.py:_fetch_single_async:199 -> session.py:request:318) from logger `RFC.session_aiohttp`
[INFO] session requesting PapersCoolPaperPage(venue_ICCV.2019).PapersCoolPaperKimiSection(venue_ICCV.2019_=Dong_Semantic-Transferable_Weakly-Supervised_Endoscopic_Lesions_Segmentation@ICCV2019@CVF)

2024-04-04 01:44:20,784 <requestor-worker-10:21188, MainThread:139697072588608> (requestor.py:_fetch_single_async:199 -> session.py:request:318) from logger `RFC.session_aiohttp`
[INFO] session requesting PapersCoolPaperPage(venue_ICCV.2023).PapersCoolPaperKimiSection(venue_ICCV.2023_=Huang_Video_Task_Decathlon_Unifying_Image_and_Video_Tasks_in_Autonomous@ICCV2023@CVF)

2024-04-04 01:44:20,784 <requestor-worker-2:21178, MainThread:139697072588608> (requestor.py:_fetch_single_async:199 -> session.py:request:318) from logger `RFC.session_aiohttp`
[INFO] session requesting PapersCoolPaperPage(venue_NeurIPS.2021).PapersCoolPaperKimiSection(venue_NeurIPS.2021_=fUxqIofPPi@OpenReview)

2024-04-04 01:44:20,785 <requestor-worker-10:21188, MainThread:139697072588608> (requestor.py:_fetch_single_async:199 -> session.py:request:318) from logger `RFC.session_aiohttp`
[INFO] session requesting PapersCoolPaperPage(venue_CVPR.2023).PapersCoolPaperKimiSection(venue_CVPR.2023_=Bai_AUNet_Learning_Relations_Between_Action_Units_for_Face_Forgery_Detection@CVPR2023@CVF)

2024-04-04 01:44:20,796 <requestor-worker-8:21186, MainThread:139697072588608> (requestor.py:_fetch_single_async:199 -> session.py:request:318) from logger `RFC.session_aiohttp`
[INFO] session requesting PapersCoolPaperPage(venue_NeurIPS.2022).PapersCoolPaperKimiSection(venue_NeurIPS.2022_=evWx_rWWJuG@OpenReview)

2024-04-04 01:44:20,805 <requestor-worker-10:21188, MainThread:139697072588608> (requestor.py:_fetch_single_async:199 -> session.py:request:318) from logger `RFC.session_aiohttp`
[INFO] session requesting PapersCoolPaperPage(venue_ICLR.2021).PapersCoolPaperKimiSection(venue_ICLR.2021_=aUX5Plaq7Oy@OpenReview)

2024-04-04 01:44:20,807 <requestor-worker-10:21188, MainThread:139697072588608> (requestor.py:_fetch_single_async:199 -> session.py:request:318) from logger `RFC.session_aiohttp`
[INFO] session requesting PapersCoolPaperPage(venue_ICLR.2024).PapersCoolPaperKimiSection(venue_ICLR.2024_=jKHmjlpViu@OpenReview)

2024-04-04 01:44:20,798 <requestor-worker-8:21186, MainThread:139697072588608> (requestor.py:_fetch_single_async:199 -> session.py:request:318) from logger `RFC.session_aiohttp`
[INFO] session requesting PapersCoolPaperPage(venue_ICLR.2021).PapersCoolPaperKimiSection(venue_ICLR.2021_=UwGY2qjqoLD@OpenReview)

2024-04-04 01:44:20,810 <requestor-worker-8:21186, MainThread:139697072588608> (requestor.py:_fetch_single_async:199 -> session.py:request:318) from logger `RFC.session_aiohttp`
[INFO] session requesting PapersCoolPaperPage(venue_ICCV.2021).PapersCoolPaperKimiSection(venue_ICCV.2021_=Guhur_Airbert_In-Domain_Pretraining_for_Vision-and-Language_Navigation@ICCV2021@CVF)

2024-04-04 01:44:20,814 <requestor-worker-8:21186, MainThread:139697072588608> (requestor.py:_fetch_single_async:199 -> session.py:request:318) from logger `RFC.session_aiohttp`
[INFO] session requesting PapersCoolPaperPage(venue_ICLR.2022).PapersCoolPaperKimiSection(venue_ICLR.2022_=q7n2RngwOM@OpenReview)

2024-04-04 01:44:20,815 <requestor-worker-8:21186, MainThread:139697072588608> (requestor.py:_fetch_single_async:199 -> session.py:request:318) from logger `RFC.session_aiohttp`
[INFO] session requesting PapersCoolPaperPage(venue_ICCV.2019).PapersCoolPaperKimiSection(venue_ICCV.2019_=Takahama_Multi-Stage_Pathological_Image_Classification_Using_Semantic_Segmentation@ICCV2019@CVF)

2024-04-04 01:44:20,817 <requestor-worker-8:21186, MainThread:139697072588608> (requestor.py:_fetch_single_async:199 -> session.py:request:318) from logger `RFC.session_aiohttp`
[INFO] session requesting PapersCoolPaperPage(venue_ICCV.2023).PapersCoolPaperKimiSection(venue_ICCV.2023_=Li_Exploring_Model_Transferability_through_the_Lens_of_Potential_Energy@ICCV2023@CVF)

2024-04-04 01:44:20,819 <requestor-worker-8:21186, MainThread:139697072588608> (requestor.py:_fetch_single_async:199 -> session.py:request:318) from logger `RFC.session_aiohttp`
[INFO] session requesting PapersCoolPaperPage(venue_ICCV.2019).PapersCoolPaperKimiSection(venue_ICCV.2019_=Hwang_Conditional_Recurrent_Flow_Conditional_Generation_of_Longitudinal_Samples_With_Applications@ICCV2019@CVF)

2024-04-04 01:44:20,820 <requestor-worker-8:21186, MainThread:139697072588608> (requestor.py:_fetch_single_async:199 -> session.py:request:318) from logger `RFC.session_aiohttp`
[INFO] session requesting PapersCoolPaperPage(venue_ICML.2023).PapersCoolPaperKimiSection(venue_ICML.2023_=agarwala23a@v202@PMLR)

2024-04-04 01:44:20,822 <requestor-worker-8:21186, MainThread:139697072588608> (requestor.py:_fetch_single_async:199 -> session.py:request:318) from logger `RFC.session_aiohttp`
[INFO] session requesting PapersCoolPaperPage(arxiv_cs.LG).PapersCoolPaperKimiSection(arxiv_cs.LG_=2404.01327)

2024-04-04 01:44:20,823 <requestor-worker-8:21186, MainThread:139697072588608> (requestor.py:_fetch_single_async:199 -> session.py:request:318) from logger `RFC.session_aiohttp`
[INFO] session requesting PapersCoolPaperPage(venue_ICML.2022).PapersCoolPaperKimiSection(venue_ICML.2022_=ye22a@v162@PMLR)

2024-04-04 01:44:20,825 <requestor-worker-7:21185, MainThread:139697072588608> (requestor.py:_fetch_single_async:199 -> session.py:request:318) from logger `RFC.session_aiohttp`
[INFO] session requesting PapersCoolPaperPage(venue_ICML.2023).PapersCoolPaperKimiSection(venue_ICML.2023_=du23f@v202@PMLR)

2024-04-04 01:44:20,827 <requestor-worker-7:21185, MainThread:139697072588608> (requestor.py:_fetch_single_async:199 -> session.py:request:318) from logger `RFC.session_aiohttp`
[INFO] session requesting PapersCoolPaperPage(venue_NeurIPS.2022).PapersCoolPaperKimiSection(venue_NeurIPS.2022_=dIUQ5haSOI@OpenReview)

2024-04-04 01:44:20,827 <requestor-worker-8:21186, MainThread:139697072588608> (requestor.py:_fetch_single_async:199 -> session.py:request:318) from logger `RFC.session_aiohttp`
[INFO] session requesting PapersCoolPaperPage(venue_ICCV.2021).PapersCoolPaperKimiSection(venue_ICCV.2021_=Shen_Once_Quantization-Aware_Training_High_Performance_Extremely_Low-Bit_Architecture_Search@ICCV2021@CVF)

2024-04-04 01:44:20,829 <requestor-worker-7:21185, MainThread:139697072588608> (requestor.py:_fetch_single_async:199 -> session.py:request:318) from logger `RFC.session_aiohttp`
[INFO] session requesting PapersCoolPaperPage(venue_ICML.2021).PapersCoolPaperKimiSection(venue_ICML.2021_=shen21d@v139@PMLR)

2024-04-04 01:44:20,830 <requestor-worker-8:21186, MainThread:139697072588608> (requestor.py:_fetch_single_async:199 -> session.py:request:318) from logger `RFC.session_aiohttp`
[INFO] session requesting PapersCoolPaperPage(venue_ICLR.2021).PapersCoolPaperKimiSection(venue_ICLR.2021_=-M0QkvBGTTq@OpenReview)

2024-04-04 01:44:20,847 <requestor-worker-9:21187, MainThread:139697072588608> (requestor.py:_fetch_single_async:199 -> session.py:request:318) from logger `RFC.session_aiohttp`
[INFO] session requesting PapersCoolPaperPage(venue_CVPR.2021).PapersCoolPaperKimiSection(venue_CVPR.2021_=Zhang_Unsupervised_3D_Shape_Completion_Through_GAN_Inversion@CVPR2021@CVF)

2024-04-04 01:44:20,847 <requestor-worker-8:21186, MainThread:139697072588608> (requestor.py:_fetch_single_async:199 -> session.py:request:318) from logger `RFC.session_aiohttp`
[INFO] session requesting PapersCoolPaperPage(venue_ICCV.2019).PapersCoolPaperKimiSection(venue_ICCV.2019_=Liu_An_Alarm_System_for_Segmentation_Algorithm_Based_on_Shape_Model@ICCV2019@CVF)

2024-04-04 01:44:20,849 <requestor-worker-9:21187, MainThread:139697072588608> (requestor.py:_fetch_single_async:199 -> session.py:request:318) from logger `RFC.session_aiohttp`
[INFO] session requesting PapersCoolPaperPage(venue_ICML.2023).PapersCoolPaperKimiSection(venue_ICML.2023_=wang23m@v202@PMLR)

2024-04-04 01:44:20,849 <requestor-worker-8:21186, MainThread:139697072588608> (requestor.py:_fetch_single_async:199 -> session.py:request:318) from logger `RFC.session_aiohttp`
[INFO] session requesting PapersCoolPaperPage(venue_ICLR.2024).PapersCoolPaperKimiSection(venue_ICLR.2024_=nJnky5K944@OpenReview)

2024-04-04 01:44:20,851 <requestor-worker-9:21187, MainThread:139697072588608> (requestor.py:_fetch_single_async:199 -> session.py:request:318) from logger `RFC.session_aiohttp`
[INFO] session requesting PapersCoolPaperPage(venue_ICML.2023).PapersCoolPaperKimiSection(venue_ICML.2023_=zhang23an@v202@PMLR)

2024-04-04 01:44:20,851 <requestor-worker-10:21188, MainThread:139697072588608> (requestor.py:_fetch_single_async:199 -> session.py:request:318) from logger `RFC.session_aiohttp`
[INFO] session requesting PapersCoolPaperPage(venue_NeurIPS.2023).PapersCoolPaperKimiSection(venue_NeurIPS.2023_=RiSMijlsLT@OpenReview)

2024-04-04 01:44:20,851 <requestor-worker-8:21186, MainThread:139697072588608> (requestor.py:_fetch_single_async:199 -> session.py:request:318) from logger `RFC.session_aiohttp`
[INFO] session requesting PapersCoolPaperPage(venue_ICCV.2023).PapersCoolPaperKimiSection(venue_ICCV.2023_=Han_Neglected_Free_Lunch_-_Learning_Image_Classifiers_Using_Annotation_Byproducts@ICCV2023@CVF)

2024-04-04 01:44:20,853 <requestor-worker-9:21187, MainThread:139697072588608> (requestor.py:_fetch_single_async:199 -> session.py:request:318) from logger `RFC.session_aiohttp`
[INFO] session requesting PapersCoolPaperPage(venue_ICCV.2019).PapersCoolPaperKimiSection(venue_ICCV.2019_=Wu_Learning_With_Unsure_Data_for_Medical_Image_Diagnosis@ICCV2019@CVF)

2024-04-04 01:44:20,854 <requestor-worker-8:21186, MainThread:139697072588608> (requestor.py:_fetch_single_async:199 -> session.py:request:318) from logger `RFC.session_aiohttp`
[INFO] session requesting PapersCoolPaperPage(venue_ICLR.2022).PapersCoolPaperKimiSection(venue_ICLR.2022_=MIX3fJkl_1@OpenReview)

2024-04-04 01:44:20,854 <requestor-worker-10:21188, MainThread:139697072588608> (requestor.py:_fetch_single_async:199 -> session.py:request:318) from logger `RFC.session_aiohttp`
[INFO] session requesting PapersCoolPaperPage(venue_ICCV.2021).PapersCoolPaperKimiSection(venue_ICCV.2021_=Zhang_Learn_To_Match_Automatic_Matching_Network_Design_for_Visual_Tracking@ICCV2021@CVF)

2024-04-04 01:44:20,855 <requestor-worker-9:21187, MainThread:139697072588608> (requestor.py:_fetch_single_async:199 -> session.py:request:318) from logger `RFC.session_aiohttp`
[INFO] session requesting PapersCoolPaperPage(venue_ICML.2022).PapersCoolPaperKimiSection(venue_ICML.2022_=chen22u@v162@PMLR)

2024-04-04 01:44:20,856 <requestor-worker-8:21186, MainThread:139697072588608> (requestor.py:_fetch_single_async:199 -> session.py:request:318) from logger `RFC.session_aiohttp`
[INFO] session requesting PapersCoolPaperPage(venue_CVPR.2023).PapersCoolPaperKimiSection(venue_CVPR.2023_=Si_Angelic_Patches_for_Improving_Third-Party_Object_Detector_Performance@CVPR2023@CVF)

2024-04-04 01:44:20,858 <requestor-worker-8:21186, MainThread:139697072588608> (requestor.py:_fetch_single_async:199 -> session.py:request:318) from logger `RFC.session_aiohttp`
[INFO] session requesting PapersCoolPaperPage(venue_ICLR.2021).PapersCoolPaperKimiSection(venue_ICLR.2021_=-ODN6SbiUU@OpenReview)

2024-04-04 01:44:20,860 <requestor-worker-8:21186, MainThread:139697072588608> (requestor.py:_fetch_single_async:199 -> session.py:request:318) from logger `RFC.session_aiohttp`
[INFO] session requesting PapersCoolPaperPage(arxiv_cs.LG).PapersCoolPaperKimiSection(arxiv_cs.LG_=2404.01345)

2024-04-04 01:44:20,862 <requestor-worker-8:21186, MainThread:139697072588608> (requestor.py:_fetch_single_async:199 -> session.py:request:318) from logger `RFC.session_aiohttp`
[INFO] session requesting PapersCoolPaperPage(venue_CVPR.2023).PapersCoolPaperKimiSection(venue_CVPR.2023_=Wang_A_Practical_Upper_Bound_for_the_Worst-Case_Attribution_Deviations@CVPR2023@CVF)

2024-04-04 01:44:20,864 <requestor-worker-8:21186, MainThread:139697072588608> (requestor.py:_fetch_single_async:199 -> session.py:request:318) from logger `RFC.session_aiohttp`
[INFO] session requesting PapersCoolPaperPage(venue_CVPR.2022).PapersCoolPaperKimiSection(venue_CVPR.2022_=Cheng_Stochastic_Backpropagation_A_Memory_Efficient_Strategy_for_Training_Video_Models@CVPR2022@CVF)

2024-04-04 01:44:20,866 <requestor-worker-7:21185, MainThread:139697072588608> (requestor.py:_fetch_single_async:199 -> session.py:request:318) from logger `RFC.session_aiohttp`
[INFO] session requesting PapersCoolPaperPage(venue_ICML.2021).PapersCoolPaperKimiSection(venue_ICML.2021_=dhifallah21a@v139@PMLR)

2024-04-04 01:44:20,868 <requestor-worker-7:21185, MainThread:139697072588608> (requestor.py:_fetch_single_async:199 -> session.py:request:318) from logger `RFC.session_aiohttp`
[INFO] session requesting PapersCoolPaperPage(venue_ICLR.2023).PapersCoolPaperKimiSection(venue_ICLR.2023_=fxC7kJYwA_a@OpenReview)

2024-04-04 01:44:20,869 <requestor-worker-7:21185, MainThread:139697072588608> (requestor.py:_fetch_single_async:199 -> session.py:request:318) from logger `RFC.session_aiohttp`
[INFO] session requesting PapersCoolPaperPage(venue_ICLR.2022).PapersCoolPaperKimiSection(venue_ICLR.2022_=K2JfSnLBD9@OpenReview)

2024-04-04 01:44:20,871 <requestor-worker-7:21185, MainThread:139697072588608> (requestor.py:_fetch_single_async:199 -> session.py:request:318) from logger `RFC.session_aiohttp`
[INFO] session requesting PapersCoolPaperPage(venue_ICML.2023).PapersCoolPaperKimiSection(venue_ICML.2023_=agarwala23b@v202@PMLR)

2024-04-04 01:44:20,872 <requestor-worker-7:21185, MainThread:139697072588608> (requestor.py:_fetch_single_async:199 -> session.py:request:318) from logger `RFC.session_aiohttp`
[INFO] session requesting PapersCoolPaperPage(venue_NeurIPS.2021).PapersCoolPaperKimiSection(venue_NeurIPS.2021_=I1GHll1Z7E@OpenReview)

2024-04-04 01:44:20,874 <requestor-worker-7:21185, MainThread:139697072588608> (requestor.py:_fetch_single_async:199 -> session.py:request:318) from logger `RFC.session_aiohttp`
[INFO] session requesting PapersCoolPaperPage(venue_CVPR.2023).PapersCoolPaperKimiSection(venue_CVPR.2023_=Dong_The_Enemy_of_My_Enemy_Is_My_Friend_Exploring_Inverse@CVPR2023@CVF)

2024-04-04 01:44:20,883 <requestor-worker-10:21188, MainThread:139697072588608> (requestor.py:_fetch_single_async:199 -> session.py:request:318) from logger `RFC.session_aiohttp`
[INFO] session requesting PapersCoolPaperPage(venue_ICML.2023).PapersCoolPaperKimiSection(venue_ICML.2023_=phan23a@v202@PMLR)

2024-04-04 01:44:20,885 <requestor-worker-10:21188, MainThread:139697072588608> (requestor.py:_fetch_single_async:199 -> session.py:request:318) from logger `RFC.session_aiohttp`
[INFO] session requesting PapersCoolPaperPage(venue_NeurIPS.2022).PapersCoolPaperKimiSection(venue_NeurIPS.2022_=tZUOiVGO6jN@OpenReview)

2024-04-04 01:44:20,886 <requestor-worker-8:21186, MainThread:139697072588608> (requestor.py:_fetch_single_async:199 -> session.py:request:318) from logger `RFC.session_aiohttp`
[INFO] session requesting PapersCoolPaperPage(venue_ICCV.2019).PapersCoolPaperKimiSection(venue_ICCV.2019_=Mehta_Scaling_Recurrent_Models_via_Orthogonal_Approximations_in_Tensor_Trains@ICCV2019@CVF)

2024-04-04 01:44:20,893 <requestor-worker-7:21185, MainThread:139697072588608> (requestor.py:_fetch_single_async:199 -> session.py:request:318) from logger `RFC.session_aiohttp`
[INFO] session requesting PapersCoolPaperPage(venue_ICLR.2022).PapersCoolPaperKimiSection(venue_ICLR.2022_=SLz5sZjacp@OpenReview)

2024-04-04 01:44:20,894 <requestor-worker-7:21185, MainThread:139697072588608> (requestor.py:_fetch_single_async:199 -> session.py:request:318) from logger `RFC.session_aiohttp`
[INFO] session requesting PapersCoolPaperPage(venue_NeurIPS.2021).PapersCoolPaperKimiSection(venue_NeurIPS.2021_=vecLnc6g6iQ@OpenReview)

2024-04-04 01:44:20,896 <requestor-worker-7:21185, MainThread:139697072588608> (requestor.py:_fetch_single_async:199 -> session.py:request:318) from logger `RFC.session_aiohttp`
[INFO] session requesting PapersCoolPaperPage(venue_ICLR.2022).PapersCoolPaperKimiSection(venue_ICLR.2022_=0jP2n0YFmKG@OpenReview)

2024-04-04 01:44:20,897 <requestor-worker-7:21185, MainThread:139697072588608> (requestor.py:_fetch_single_async:199 -> session.py:request:318) from logger `RFC.session_aiohttp`
[INFO] session requesting PapersCoolPaperPage(venue_CVPR.2023).PapersCoolPaperKimiSection(venue_CVPR.2023_=Byun_Introducing_Competition_To_Boost_the_Transferability_of_Targeted_Adversarial_Examples@CVPR2023@CVF)

2024-04-04 01:44:20,899 <requestor-worker-7:21185, MainThread:139697072588608> (requestor.py:_fetch_single_async:199 -> session.py:request:318) from logger `RFC.session_aiohttp`
[INFO] session requesting PapersCoolPaperPage(venue_ICML.2022).PapersCoolPaperKimiSection(venue_ICML.2022_=li22n@v162@PMLR)

2024-04-04 01:44:20,900 <requestor-worker-7:21185, MainThread:139697072588608> (requestor.py:_fetch_single_async:199 -> session.py:request:318) from logger `RFC.session_aiohttp`
[INFO] session requesting PapersCoolPaperPage(venue_CVPR.2022).PapersCoolPaperKimiSection(venue_CVPR.2022_=Wang_Semi-Supervised_Semantic_Segmentation_Using_Unreliable_Pseudo-Labels@CVPR2022@CVF)

2024-04-04 01:44:20,902 <requestor-worker-7:21185, MainThread:139697072588608> (requestor.py:_fetch_single_async:199 -> session.py:request:318) from logger `RFC.session_aiohttp`
[INFO] session requesting PapersCoolPaperPage(venue_ICLR.2023).PapersCoolPaperKimiSection(venue_ICLR.2023_=UJTgQBc91_@OpenReview)

2024-04-04 01:44:20,922 <requestor-worker-7:21185, MainThread:139697072588608> (requestor.py:_fetch_single_async:199 -> session.py:request:318) from logger `RFC.session_aiohttp`
[INFO] session requesting PapersCoolPaperPage(venue_NeurIPS.2021).PapersCoolPaperKimiSection(venue_NeurIPS.2021_=du_Rss0tW8@OpenReview)

2024-04-04 01:44:20,924 <requestor-worker-7:21185, MainThread:139697072588608> (requestor.py:_fetch_single_async:199 -> session.py:request:318) from logger `RFC.session_aiohttp`
[INFO] session requesting PapersCoolPaperPage(venue_ICML.2021).PapersCoolPaperKimiSection(venue_ICML.2021_=singla21a@v139@PMLR)

2024-04-04 01:44:20,926 <requestor-worker-7:21185, MainThread:139697072588608> (requestor.py:_fetch_single_async:199 -> session.py:request:318) from logger `RFC.session_aiohttp`
[INFO] session requesting PapersCoolPaperPage(venue_NeurIPS.2023).PapersCoolPaperKimiSection(venue_NeurIPS.2023_=Iq7v0sZw2H@OpenReview)

2024-04-04 01:44:20,928 <requestor-worker-7:21185, MainThread:139697072588608> (requestor.py:_fetch_single_async:199 -> session.py:request:318) from logger `RFC.session_aiohttp`
[INFO] session requesting PapersCoolPaperPage(venue_NeurIPS.2021).PapersCoolPaperKimiSection(venue_NeurIPS.2021_=7HQiArc-sKf@OpenReview)

2024-04-04 01:44:20,960 <requestor-worker-10:21188, MainThread:139697072588608> (requestor.py:_fetch_single_async:199 -> session.py:request:318) from logger `RFC.session_aiohttp`
[INFO] session requesting PapersCoolPaperPage(venue_ACL.2023).PapersCoolPaperKimiSection(venue_ACL.2023_=2023.findings-acl.900@ACL)

2024-04-04 01:44:20,962 <requestor-worker-10:21188, MainThread:139697072588608> (requestor.py:_fetch_single_async:199 -> session.py:request:318) from logger `RFC.session_aiohttp`
[INFO] session requesting PapersCoolPaperPage(venue_ICML.2022).PapersCoolPaperKimiSection(venue_ICML.2022_=guan22b@v162@PMLR)

2024-04-04 01:44:20,963 <requestor-worker-10:21188, MainThread:139697072588608> (requestor.py:_fetch_single_async:199 -> session.py:request:318) from logger `RFC.session_aiohttp`
[INFO] session requesting PapersCoolPaperPage(venue_ICCV.2019).PapersCoolPaperKimiSection(venue_ICCV.2019_=Yang_Very_Long_Natural_Scenery_Image_Prediction_by_Outpainting@ICCV2019@CVF)

2024-04-04 01:44:20,965 <requestor-worker-10:21188, MainThread:139697072588608> (requestor.py:_fetch_single_async:199 -> session.py:request:318) from logger `RFC.session_aiohttp`
[INFO] session requesting PapersCoolPaperPage(venue_ICML.2022).PapersCoolPaperKimiSection(venue_ICML.2022_=yang22p@v162@PMLR)

2024-04-04 01:44:20,966 <requestor-worker-10:21188, MainThread:139697072588608> (requestor.py:_fetch_single_async:199 -> session.py:request:318) from logger `RFC.session_aiohttp`
[INFO] session requesting PapersCoolPaperPage(venue_ICCV.2021).PapersCoolPaperKimiSection(venue_ICCV.2021_=Du_Curious_Representation_Learning_for_Embodied_Intelligence@ICCV2021@CVF)

2024-04-04 01:44:21,065 <requestor-worker-7:21185, MainThread:139697072588608> (requestor.py:_fetch_single_async:199 -> session.py:request:318) from logger `RFC.session_aiohttp`
[INFO] session requesting PapersCoolPaperPage(venue_ICCV.2019).PapersCoolPaperKimiSection(venue_ICCV.2019_=Ak_Attribute_Manipulation_Generative_Adversarial_Networks_for_Fashion_Images@ICCV2019@CVF)

2024-04-04 01:44:21,067 <requestor-worker-7:21185, MainThread:139697072588608> (requestor.py:_fetch_single_async:199 -> session.py:request:318) from logger `RFC.session_aiohttp`
[INFO] session requesting PapersCoolPaperPage(venue_ICML.2023).PapersCoolPaperKimiSection(venue_ICML.2023_=kohring23a@v202@PMLR)

2024-04-04 01:44:21,069 <requestor-worker-7:21185, MainThread:139697072588608> (requestor.py:_fetch_single_async:199 -> session.py:request:318) from logger `RFC.session_aiohttp`
[INFO] session requesting PapersCoolPaperPage(venue_ICLR.2023).PapersCoolPaperKimiSection(venue_ICLR.2023_=O_lFCPaF48t@OpenReview)

2024-04-04 01:44:21,070 <requestor-worker-7:21185, MainThread:139697072588608> (requestor.py:_fetch_single_async:199 -> session.py:request:318) from logger `RFC.session_aiohttp`
[INFO] session requesting PapersCoolPaperPage(venue_ICCV.2021).PapersCoolPaperKimiSection(venue_ICCV.2021_=Moreira_Rotation_Averaging_in_a_Split_Second_A_Primal-Dual_Method_and@ICCV2021@CVF)

2024-04-04 01:44:21,226 <requestor-worker-6:21184, MainThread:139697072588608> (requestor.py:_fetch_single_async:199 -> session.py:request:318) from logger `RFC.session_aiohttp`
[INFO] session requesting PapersCoolPaperPage(venue_CVPR.2021).PapersCoolPaperKimiSection(venue_CVPR.2021_=Zhu_Face_Forgery_Detection_by_3D_Decomposition@CVPR2021@CVF)

2024-04-04 01:44:21,228 <requestor-worker-6:21184, MainThread:139697072588608> (requestor.py:_fetch_single_async:199 -> session.py:request:318) from logger `RFC.session_aiohttp`
[INFO] session requesting PapersCoolPaperPage(venue_ICLR.2022).PapersCoolPaperKimiSection(venue_ICLR.2022_=Harn4_EZBw@OpenReview)

2024-04-04 01:44:21,230 <requestor-worker-6:21184, MainThread:139697072588608> (requestor.py:_fetch_single_async:199 -> session.py:request:318) from logger `RFC.session_aiohttp`
[INFO] session requesting PapersCoolPaperPage(venue_ICML.2023).PapersCoolPaperKimiSection(venue_ICML.2023_=nguyen23f@v202@PMLR)

2024-04-04 01:44:21,249 <requestor-worker-6:21184, MainThread:139697072588608> (requestor.py:_fetch_single_async:199 -> session.py:request:318) from logger `RFC.session_aiohttp`
[INFO] session requesting PapersCoolPaperPage(venue_ICCV.2019).PapersCoolPaperKimiSection(venue_ICCV.2019_=Liu_Few-Shot_Unsupervised_Image-to-Image_Translation@ICCV2019@CVF)

2024-04-04 01:44:21,264 <requestor-worker-6:21184, MainThread:139697072588608> (requestor.py:_fetch_single_async:199 -> session.py:request:318) from logger `RFC.session_aiohttp`
[INFO] session requesting PapersCoolPaperPage(venue_ICLR.2021).PapersCoolPaperKimiSection(venue_ICLR.2021_=-GLNZeVDuik@OpenReview)

2024-04-04 01:44:21,267 <requestor-worker-6:21184, MainThread:139697072588608> (requestor.py:_fetch_single_async:199 -> session.py:request:318) from logger `RFC.session_aiohttp`
[INFO] session requesting PapersCoolPaperPage(venue_NeurIPS.2021).PapersCoolPaperKimiSection(venue_NeurIPS.2021_=JOxB9h40A-1@OpenReview)

2024-04-04 01:44:21,297 <requestor-worker-6:21184, MainThread:139697072588608> (requestor.py:_fetch_single_async:199 -> session.py:request:318) from logger `RFC.session_aiohttp`
[INFO] session requesting PapersCoolPaperPage(venue_ICML.2021).PapersCoolPaperKimiSection(venue_ICML.2021_=meirom21a@v139@PMLR)

2024-04-04 01:44:21,362 <requestor-worker-6:21184, MainThread:139697072588608> (requestor.py:_fetch_single_async:199 -> session.py:request:318) from logger `RFC.session_aiohttp`
[INFO] session requesting PapersCoolPaperPage(venue_ICLR.2024).PapersCoolPaperKimiSection(venue_ICLR.2024_=5jWsW08zUh@OpenReview)

2024-04-04 01:44:21,365 <requestor-worker-6:21184, MainThread:139697072588608> (requestor.py:_fetch_single_async:199 -> session.py:request:318) from logger `RFC.session_aiohttp`
[INFO] session requesting PapersCoolPaperPage(venue_ICLR.2022).PapersCoolPaperKimiSection(venue_ICLR.2022_=rTAclwH46Tb@OpenReview)

2024-04-04 01:44:21,367 <requestor-worker-6:21184, MainThread:139697072588608> (requestor.py:_fetch_single_async:199 -> session.py:request:318) from logger `RFC.session_aiohttp`
[INFO] session requesting PapersCoolPaperPage(venue_CVPR.2023).PapersCoolPaperKimiSection(venue_CVPR.2023_=Liu_Generating_Anomalies_for_Video_Anomaly_Detection_With_Prompt-Based_Feature_Mapping@CVPR2023@CVF)

2024-04-04 01:44:21,369 <requestor-worker-6:21184, MainThread:139697072588608> (requestor.py:_fetch_single_async:199 -> session.py:request:318) from logger `RFC.session_aiohttp`
[INFO] session requesting PapersCoolPaperPage(venue_ICLR.2023).PapersCoolPaperKimiSection(venue_ICLR.2023_=6K2RM6wVqKu@OpenReview)

2024-04-04 01:44:21,371 <requestor-worker-6:21184, MainThread:139697072588608> (requestor.py:_fetch_single_async:199 -> session.py:request:318) from logger `RFC.session_aiohttp`
[INFO] session requesting PapersCoolPaperPage(venue_ICLR.2022).PapersCoolPaperKimiSection(venue_ICLR.2022_=srtIXtySfT4@OpenReview)

2024-04-04 01:44:21,374 <requestor-worker-6:21184, MainThread:139697072588608> (requestor.py:_fetch_single_async:199 -> session.py:request:318) from logger `RFC.session_aiohttp`
[INFO] session requesting PapersCoolPaperPage(venue_CVPR.2023).PapersCoolPaperKimiSection(venue_CVPR.2023_=Yao_Explicit_Boundary_Guided_Semi-Push-Pull_Contrastive_Learning_for_Supervised_Anomaly_Detection@CVPR2023@CVF)

2024-04-04 01:44:21,376 <requestor-worker-6:21184, MainThread:139697072588608> (requestor.py:_fetch_single_async:199 -> session.py:request:318) from logger `RFC.session_aiohttp`
[INFO] session requesting PapersCoolPaperPage(venue_NeurIPS.2021).PapersCoolPaperKimiSection(venue_NeurIPS.2021_=VtlGqVzja48@OpenReview)

2024-04-04 01:44:21,385 <requestor-worker-6:21184, MainThread:139697072588608> (requestor.py:_fetch_single_async:199 -> session.py:request:318) from logger `RFC.session_aiohttp`
[INFO] session requesting PapersCoolPaperPage(venue_CVPR.2022).PapersCoolPaperKimiSection(venue_CVPR.2022_=Liu_AKB-48_A_Real-World_Articulated_Object_Knowledge_Base@CVPR2022@CVF)

2024-04-04 01:44:21,388 <requestor-worker-6:21184, MainThread:139697072588608> (requestor.py:_fetch_single_async:199 -> session.py:request:318) from logger `RFC.session_aiohttp`
[INFO] session requesting PapersCoolPaperPage(venue_ICLR.2021).PapersCoolPaperKimiSection(venue_ICLR.2021_=z5Z023VBmDZ@OpenReview)

2024-04-04 01:44:21,390 <requestor-worker-6:21184, MainThread:139697072588608> (requestor.py:_fetch_single_async:199 -> session.py:request:318) from logger `RFC.session_aiohttp`
[INFO] session requesting PapersCoolPaperPage(venue_ACL.2023).PapersCoolPaperKimiSection(venue_ACL.2023_=2023.findings-acl.890@ACL)

2024-04-04 01:44:21,393 <requestor-worker-6:21184, MainThread:139697072588608> (requestor.py:_fetch_single_async:199 -> session.py:request:318) from logger `RFC.session_aiohttp`
[INFO] session requesting PapersCoolPaperPage(venue_ICML.2023).PapersCoolPaperKimiSection(venue_ICML.2023_=liang23h@v202@PMLR)

2024-04-04 01:44:21,395 <requestor-worker-6:21184, MainThread:139697072588608> (requestor.py:_fetch_single_async:199 -> session.py:request:318) from logger `RFC.session_aiohttp`
[INFO] session requesting PapersCoolPaperPage(venue_ICLR.2022).PapersCoolPaperKimiSection(venue_ICLR.2022_=OqcZu8JIIzS@OpenReview)

2024-04-04 01:44:21,532 <requestor-worker-6:21184, MainThread:139697072588608> (requestor.py:_fetch_single_async:199 -> session.py:request:318) from logger `RFC.session_aiohttp`
[INFO] session requesting PapersCoolPaperPage(venue_ICML.2022).PapersCoolPaperKimiSection(venue_ICML.2022_=wang22e@v162@PMLR)

2024-04-04 01:44:21,559 <requestor-worker-6:21184, MainThread:139697072588608> (requestor.py:_fetch_single_async:199 -> session.py:request:318) from logger `RFC.session_aiohttp`
[INFO] session requesting PapersCoolPaperPage(venue_ICLR.2023).PapersCoolPaperKimiSection(venue_ICLR.2023_=Dk7QQp8jHEo@OpenReview)

2024-04-04 01:44:21,589 <requestor-worker-6:21184, MainThread:139697072588608> (requestor.py:_fetch_single_async:199 -> session.py:request:318) from logger `RFC.session_aiohttp`
[INFO] session requesting PapersCoolPaperPage(venue_ICCV.2019).PapersCoolPaperKimiSection(venue_ICCV.2019_=Suhail_Mixture-Kernel_Graph_Attention_Network_for_Situation_Recognition@ICCV2019@CVF)

2024-04-04 01:44:21,642 <requestor-worker-6:21184, MainThread:139697072588608> (requestor.py:_fetch_single_async:199 -> session.py:request:318) from logger `RFC.session_aiohttp`
[INFO] session requesting PapersCoolPaperPage(venue_ICLR.2023).PapersCoolPaperKimiSection(venue_ICLR.2023_=UrEwJebCxk@OpenReview)

2024-04-04 01:44:21,661 <requestor-worker-6:21184, MainThread:139697072588608> (requestor.py:_fetch_single_async:199 -> session.py:request:318) from logger `RFC.session_aiohttp`
[INFO] session requesting PapersCoolPaperPage(venue_NeurIPS.2021).PapersCoolPaperKimiSection(venue_NeurIPS.2021_=iYzsR0JNaa2@OpenReview)

2024-04-04 01:46:00,924 <requestor-worker-4:21181, MainThread:139697072588608> (requestor.py:_fetch_single_async:199 -> session.py:request:318) from logger `RFC.session_aiohttp`
[INFO] session requesting PapersCoolPaperPage(venue_NeurIPS.2023).PapersCoolPaperKimiSection(venue_NeurIPS.2023_=rybsHQ4DXy@OpenReview)

2024-04-04 01:46:28,603 <requestor-worker-3:21180, MainThread:139697072588608> (requestor.py:_fetch_single_async:199 -> session.py:request:318) from logger `RFC.session_aiohttp`
[INFO] session requesting PapersCoolPaperPage(venue_NeurIPS.2023).PapersCoolPaperKimiSection(venue_NeurIPS.2023_=sW8yGZ4uVJ@OpenReview)

2024-04-04 01:46:35,886 <requestor-worker-11:21190, MainThread:139697072588608> (requestor.py:_fetch_single_async:199 -> session.py:request:318) from logger `RFC.session_aiohttp`
[INFO] session requesting PapersCoolPaperPage(venue_NeurIPS.2023).PapersCoolPaperKimiSection(venue_NeurIPS.2023_=D1MOK2t2t2@OpenReview)

2024-04-04 01:46:43,244 <requestor-worker-1:21174, MainThread:139697072588608> (requestor.py:_fetch_single_async:199 -> session.py:request:318) from logger `RFC.session_aiohttp`
[INFO] session requesting PapersCoolPaperPage(venue_NeurIPS.2023).PapersCoolPaperKimiSection(venue_NeurIPS.2023_=W5If9P1xqO@OpenReview)

2024-04-04 01:46:54,455 <requestor-worker-4:21181, MainThread:139697072588608> (requestor.py:_fetch_single_async:199 -> session.py:request:318) from logger `RFC.session_aiohttp`
[INFO] session requesting PapersCoolPaperPage(venue_NeurIPS.2023).PapersCoolPaperKimiSection(venue_NeurIPS.2023_=VH1vxapUTs@OpenReview)

2024-04-04 01:47:13,489 <requestor-worker-2:21178, MainThread:139697072588608> (requestor.py:_fetch_single_async:199 -> session.py:request:318) from logger `RFC.session_aiohttp`
[INFO] session requesting PapersCoolPaperPage(venue_NeurIPS.2023).PapersCoolPaperKimiSection(venue_NeurIPS.2023_=27TdrEvqLD@OpenReview)

2024-04-04 01:47:21,566 <requestor-worker-5:21182, MainThread:139697072588608> (requestor.py:_fetch_single_async:199 -> session.py:request:318) from logger `RFC.session_aiohttp`
[INFO] session requesting PapersCoolPaperPage(venue_NeurIPS.2023).PapersCoolPaperKimiSection(venue_NeurIPS.2023_=73XPopmbXH@OpenReview)

2024-04-04 01:47:39,489 <requestor-worker-9:21187, MainThread:139697072588608> (requestor.py:_fetch_single_async:199 -> session.py:request:318) from logger `RFC.session_aiohttp`
[INFO] session requesting PapersCoolPaperPage(venue_NeurIPS.2023).PapersCoolPaperKimiSection(venue_NeurIPS.2023_=9VqMaSjf7U@OpenReview)

2024-04-04 01:47:47,131 <requestor-worker-8:21186, MainThread:139697072588608> (requestor.py:_fetch_single_async:199 -> session.py:request:318) from logger `RFC.session_aiohttp`
[INFO] session requesting PapersCoolPaperPage(venue_NeurIPS.2023).PapersCoolPaperKimiSection(venue_NeurIPS.2023_=IwnINorSZ5@OpenReview)

2024-04-04 01:48:07,810 <requestor-worker-10:21188, MainThread:139697072588608> (requestor.py:_fetch_single_async:199 -> session.py:request:318) from logger `RFC.session_aiohttp`
[INFO] session requesting PapersCoolPaperPage(venue_NeurIPS.2023).PapersCoolPaperKimiSection(venue_NeurIPS.2023_=Kv8GJkV19S@OpenReview)

2024-04-04 01:48:09,027 <requestor-worker-8:21186, MainThread:139697072588608> (requestor.py:_fetch_single_async:199 -> session.py:request:318) from logger `RFC.session_aiohttp`
[INFO] session requesting PapersCoolPaperPage(venue_NeurIPS.2023).PapersCoolPaperKimiSection(venue_NeurIPS.2023_=TXoZiUZywf@OpenReview)

2024-04-04 01:53:51,048 <requestor-worker-4:21181, MainThread:139697072588608> (requestor.py:_fetch_single_async:199 -> session.py:request:318) from logger `RFC.session_aiohttp`
[INFO] session requesting PapersCoolPaperPage(venue_NeurIPS.2023).PapersCoolPaperKimiSection(venue_NeurIPS.2023_=QKSejqE8Vp@OpenReview)

2024-04-04 02:02:26,240 <requestor-worker-4:21181, MainThread:139697072588608> (requestor.py:_fetch_single_async:199 -> session.py:request:318) from logger `RFC.session_aiohttp`
[INFO] session requesting PapersCoolPaperPage(venue_NeurIPS.2023).PapersCoolPaperKimiSection(venue_NeurIPS.2023_=r8snfquzs3@OpenReview)

2024-04-04 02:02:40,698 <requestor-worker-2:21178, MainThread:139697072588608> (requestor.py:_fetch_single_async:199 -> session.py:request:318) from logger `RFC.session_aiohttp`
[INFO] session requesting PapersCoolPaperPage(venue_NeurIPS.2023).PapersCoolPaperKimiSection(venue_NeurIPS.2023_=6iouUxI45W@OpenReview)

2024-04-04 02:03:05,548 <requestor-worker-10:21188, MainThread:139697072588608> (requestor.py:_fetch_single_async:199 -> session.py:request:318) from logger `RFC.session_aiohttp`
[INFO] session requesting PapersCoolPaperPage(venue_NeurIPS.2023).PapersCoolPaperKimiSection(venue_NeurIPS.2023_=PfpAQuyZCB@OpenReview)

2024-04-04 02:03:41,603 <requestor-worker-3:21180, MainThread:139697072588608> (requestor.py:_fetch_single_async:199 -> session.py:request:318) from logger `RFC.session_aiohttp`
[INFO] session requesting PapersCoolPaperPage(venue_NeurIPS.2023).PapersCoolPaperKimiSection(venue_NeurIPS.2023_=vtoY8qJjTR@OpenReview)

2024-04-04 02:04:18,096 <requestor-worker-5:21182, MainThread:139697072588608> (requestor.py:_fetch_single_async:199 -> session.py:request:318) from logger `RFC.session_aiohttp`
[INFO] session requesting PapersCoolPaperPage(venue_NeurIPS.2023).PapersCoolPaperKimiSection(venue_NeurIPS.2023_=1PnSOKQKvq@OpenReview)

2024-04-04 02:04:18,278 <requestor-worker-5:21182, MainThread:139697072588608> (requestor.py:_fetch_single_async:199 -> session.py:request:318) from logger `RFC.session_aiohttp`
[INFO] session requesting PapersCoolPaperPage(venue_NeurIPS.2023).PapersCoolPaperKimiSection(venue_NeurIPS.2023_=8aunGrXdkl@OpenReview)

2024-04-04 02:04:25,682 <requestor-worker-9:21187, MainThread:139697072588608> (requestor.py:_fetch_single_async:199 -> session.py:request:318) from logger `RFC.session_aiohttp`
[INFO] session requesting PapersCoolPaperPage(venue_NeurIPS.2023).PapersCoolPaperKimiSection(venue_NeurIPS.2023_=94rKFkcm56@OpenReview)

