2024-02-20 04:10:33,677 <requestor-worker-4:2579769, MainThread:140240668346176> (requestor.py:_fetch_single_sync:154 -> middleware.py:apply_sync:93) from logger `RFC.middleware_content_saver`
[INFO] applying on CivitaiModelDownload(145410_v1.0), received

2024-02-20 04:10:38,718 <requestor-worker-4:2579769, MainThread:140240668346176> (requestor.py:_fetch_single_sync:154 -> middleware.py:apply_sync:96) from logger `RFC.middleware_content_saver`
[INFO] applied on CivitaiModelDownload(145410_v1.0), sent

2024-02-20 04:10:48,812 <requestor-worker-4:2579769, MainThread:140240668346176> (requestor.py:_fetch_single_sync:154 -> middleware.py:apply_sync:93) from logger `RFC.middleware_content_saver`
[INFO] applying on CivitaiModelDownload(121247_v1.0), received

2024-02-20 04:10:49,144 <requestor-worker-4:2579769, MainThread:140240668346176> (requestor.py:_fetch_single_sync:154 -> middleware.py:apply_sync:96) from logger `RFC.middleware_content_saver`
[INFO] applied on CivitaiModelDownload(121247_v1.0), sent

2024-02-20 04:21:28,124 <requestor-worker-4:2579769, MainThread:140240668346176> (requestor.py:_fetch_single_sync:154 -> middleware.py:apply_sync:93) from logger `RFC.middleware_content_saver`
[INFO] applying on CivitaiModelDownload(204805_v1.0normalized768x512), received

2024-02-20 04:21:33,451 <requestor-worker-4:2579769, MainThread:140240668346176> (requestor.py:_fetch_single_sync:154 -> middleware.py:apply_sync:96) from logger `RFC.middleware_content_saver`
[INFO] applied on CivitaiModelDownload(204805_v1.0normalized768x512), sent

2024-02-20 04:21:52,344 <requestor-worker-4:2579769, MainThread:140240668346176> (requestor.py:_fetch_single_sync:154 -> middleware.py:apply_sync:93) from logger `RFC.middleware_content_saver`
[INFO] applying on CivitaiModelDownload(151085_v1.0), received

2024-02-20 04:21:54,050 <requestor-worker-4:2579769, MainThread:140240668346176> (requestor.py:_fetch_single_sync:154 -> middleware.py:apply_sync:96) from logger `RFC.middleware_content_saver`
[INFO] applied on CivitaiModelDownload(151085_v1.0), sent

2024-02-20 04:22:11,708 <requestor-worker-4:2579769, MainThread:140240668346176> (requestor.py:_fetch_single_sync:154 -> middleware.py:apply_sync:93) from logger `RFC.middleware_content_saver`
[INFO] applying on CivitaiModelDownload(107508_v1.0), received

2024-02-20 04:22:11,722 <requestor-worker-4:2579769, MainThread:140240668346176> (requestor.py:_fetch_single_sync:154 -> middleware.py:apply_sync:96) from logger `RFC.middleware_content_saver`
[INFO] applied on CivitaiModelDownload(107508_v1.0), sent

2024-02-20 04:23:58,642 <requestor-worker-4:2579769, MainThread:140240668346176> (requestor.py:_fetch_single_sync:154 -> middleware.py:apply_sync:93) from logger `RFC.middleware_content_saver`
[INFO] applying on CivitaiModelDownload(154374_v1.0), received

2024-02-20 04:23:59,548 <requestor-worker-4:2579769, MainThread:140240668346176> (requestor.py:_fetch_single_sync:154 -> middleware.py:apply_sync:96) from logger `RFC.middleware_content_saver`
[INFO] applied on CivitaiModelDownload(154374_v1.0), sent

2024-02-20 04:24:12,149 <requestor-worker-4:2579769, MainThread:140240668346176> (requestor.py:_fetch_single_sync:154 -> middleware.py:apply_sync:93) from logger `RFC.middleware_content_saver`
[INFO] applying on CivitaiModelDownload(109055_v1.0), received

2024-02-20 04:24:12,158 <requestor-worker-4:2579769, MainThread:140240668346176> (requestor.py:_fetch_single_sync:154 -> middleware.py:apply_sync:96) from logger `RFC.middleware_content_saver`
[INFO] applied on CivitaiModelDownload(109055_v1.0), sent

2024-02-20 04:24:34,237 <requestor-worker-4:2579769, MainThread:140240668346176> (requestor.py:_fetch_single_sync:154 -> middleware.py:apply_sync:93) from logger `RFC.middleware_content_saver`
[INFO] applying on CivitaiModelDownload(160847_v0.3), received

2024-02-20 04:24:34,244 <requestor-worker-4:2579769, MainThread:140240668346176> (requestor.py:_fetch_single_sync:154 -> middleware.py:apply_sync:96) from logger `RFC.middleware_content_saver`
[INFO] applied on CivitaiModelDownload(160847_v0.3), sent

2024-02-20 04:26:04,470 <requestor-worker-4:2579769, MainThread:140240668346176> (requestor.py:_fetch_single_sync:154 -> middleware.py:apply_sync:93) from logger `RFC.middleware_content_saver`
[INFO] applying on CivitaiModelDownload(223574_v1.01), received

2024-02-20 04:26:04,521 <requestor-worker-4:2579769, MainThread:140240668346176> (requestor.py:_fetch_single_sync:154 -> middleware.py:apply_sync:96) from logger `RFC.middleware_content_saver`
[INFO] applied on CivitaiModelDownload(223574_v1.01), sent

2024-02-20 04:28:29,027 <requestor-worker-4:2579769, MainThread:140240668346176> (requestor.py:_fetch_single_sync:154 -> middleware.py:apply_sync:93) from logger `RFC.middleware_content_saver`
[INFO] applying on CivitaiModelDownload(181327_BoomboxBot), received

2024-02-20 04:28:31,693 <requestor-worker-4:2579769, MainThread:140240668346176> (requestor.py:_fetch_single_sync:154 -> middleware.py:apply_sync:96) from logger `RFC.middleware_content_saver`
[INFO] applied on CivitaiModelDownload(181327_BoomboxBot), sent

2024-02-20 04:29:31,665 <requestor-worker-4:2579769, MainThread:140240668346176> (requestor.py:_fetch_single_sync:154 -> middleware.py:apply_sync:93) from logger `RFC.middleware_content_saver`
[INFO] applying on CivitaiModelDownload(155042_FR1088lione27-v1.0), received

2024-02-20 04:29:31,692 <requestor-worker-4:2579769, MainThread:140240668346176> (requestor.py:_fetch_single_sync:154 -> middleware.py:apply_sync:96) from logger `RFC.middleware_content_saver`
[INFO] applied on CivitaiModelDownload(155042_FR1088lione27-v1.0), sent

2024-02-20 04:30:15,089 <requestor-worker-4:2579769, MainThread:140240668346176> (requestor.py:_fetch_single_sync:154 -> middleware.py:apply_sync:93) from logger `RFC.middleware_content_saver`
[INFO] applying on CivitaiModelDownload(303361_V2(Non-Vpred)), received

2024-02-20 04:30:15,116 <requestor-worker-4:2579769, MainThread:140240668346176> (requestor.py:_fetch_single_sync:154 -> middleware.py:apply_sync:96) from logger `RFC.middleware_content_saver`
[INFO] applied on CivitaiModelDownload(303361_V2(Non-Vpred)), sent

2024-02-20 04:30:42,480 <requestor-worker-4:2579769, MainThread:140240668346176> (requestor.py:_fetch_single_sync:154 -> middleware.py:apply_sync:93) from logger `RFC.middleware_content_saver`
[INFO] applying on CivitaiModelDownload(238377_FantasyBlend), received

2024-02-20 04:30:42,495 <requestor-worker-4:2579769, MainThread:140240668346176> (requestor.py:_fetch_single_sync:154 -> middleware.py:apply_sync:96) from logger `RFC.middleware_content_saver`
[INFO] applied on CivitaiModelDownload(238377_FantasyBlend), sent

2024-02-20 04:32:00,179 <requestor-worker-4:2579769, MainThread:140240668346176> (requestor.py:_fetch_single_sync:154 -> middleware.py:apply_sync:93) from logger `RFC.middleware_content_saver`
[INFO] applying on CivitaiModelDownload(18401_v1.0), received

2024-02-20 04:32:00,230 <requestor-worker-4:2579769, MainThread:140240668346176> (requestor.py:_fetch_single_sync:154 -> middleware.py:apply_sync:96) from logger `RFC.middleware_content_saver`
[INFO] applied on CivitaiModelDownload(18401_v1.0), sent

2024-02-20 04:32:36,872 <requestor-worker-4:2579769, MainThread:140240668346176> (requestor.py:_fetch_single_sync:154 -> middleware.py:apply_sync:93) from logger `RFC.middleware_content_saver`
[INFO] applying on CivitaiModelDownload(212527_BoobAi🍈), received

2024-02-20 04:32:36,887 <requestor-worker-4:2579769, MainThread:140240668346176> (requestor.py:_fetch_single_sync:154 -> middleware.py:apply_sync:96) from logger `RFC.middleware_content_saver`
[INFO] applied on CivitaiModelDownload(212527_BoobAi🍈), sent

2024-02-20 04:34:03,483 <requestor-worker-4:2579769, MainThread:140240668346176> (requestor.py:_fetch_single_sync:154 -> middleware.py:apply_sync:93) from logger `RFC.middleware_content_saver`
[INFO] applying on CivitaiModelDownload(9865_boo1.0), received

2024-02-20 04:34:06,644 <requestor-worker-4:2579769, MainThread:140240668346176> (requestor.py:_fetch_single_sync:154 -> middleware.py:apply_sync:96) from logger `RFC.middleware_content_saver`
[INFO] applied on CivitaiModelDownload(9865_boo1.0), sent

2024-02-20 04:35:27,096 <requestor-worker-4:2579769, MainThread:140240668346176> (requestor.py:_fetch_single_sync:154 -> middleware.py:apply_sync:93) from logger `RFC.middleware_content_saver`
[INFO] applying on CivitaiModelDownload(268224_v1.0), received

2024-02-20 04:35:28,217 <requestor-worker-4:2579769, MainThread:140240668346176> (requestor.py:_fetch_single_sync:154 -> middleware.py:apply_sync:96) from logger `RFC.middleware_content_saver`
[INFO] applied on CivitaiModelDownload(268224_v1.0), sent

2024-02-20 04:35:41,641 <requestor-worker-4:2579769, MainThread:140240668346176> (requestor.py:_fetch_single_sync:154 -> middleware.py:apply_sync:93) from logger `RFC.middleware_content_saver`
[INFO] applying on CivitaiModelDownload(162031_v1.0), received

2024-02-20 04:35:44,498 <requestor-worker-4:2579769, MainThread:140240668346176> (requestor.py:_fetch_single_sync:154 -> middleware.py:apply_sync:96) from logger `RFC.middleware_content_saver`
[INFO] applied on CivitaiModelDownload(162031_v1.0), sent

2024-02-20 04:36:10,346 <requestor-worker-4:2579769, MainThread:140240668346176> (requestor.py:_fetch_single_sync:154 -> middleware.py:apply_sync:93) from logger `RFC.middleware_content_saver`
[INFO] applying on CivitaiModelDownload(296278_v1.0), received

2024-02-20 04:36:10,355 <requestor-worker-4:2579769, MainThread:140240668346176> (requestor.py:_fetch_single_sync:154 -> middleware.py:apply_sync:96) from logger `RFC.middleware_content_saver`
[INFO] applied on CivitaiModelDownload(296278_v1.0), sent

2024-02-20 04:37:37,645 <requestor-worker-4:2579769, MainThread:140240668346176> (requestor.py:_fetch_single_sync:154 -> middleware.py:apply_sync:93) from logger `RFC.middleware_content_saver`
[INFO] applying on CivitaiModelDownload(70543_v1.0fluffyrock576), received

2024-02-20 04:37:39,412 <requestor-worker-4:2579769, MainThread:140240668346176> (requestor.py:_fetch_single_sync:154 -> middleware.py:apply_sync:96) from logger `RFC.middleware_content_saver`
[INFO] applied on CivitaiModelDownload(70543_v1.0fluffyrock576), sent

2024-02-20 04:39:12,067 <requestor-worker-4:2579769, MainThread:140240668346176> (requestor.py:_fetch_single_sync:154 -> middleware.py:apply_sync:93) from logger `RFC.middleware_content_saver`
[INFO] applying on CivitaiModelDownload(161670_v1.0), received

2024-02-20 04:39:12,118 <requestor-worker-4:2579769, MainThread:140240668346176> (requestor.py:_fetch_single_sync:154 -> middleware.py:apply_sync:96) from logger `RFC.middleware_content_saver`
[INFO] applied on CivitaiModelDownload(161670_v1.0), sent

2024-02-20 04:39:33,897 <requestor-worker-4:2579769, MainThread:140240668346176> (requestor.py:_fetch_single_sync:154 -> middleware.py:apply_sync:93) from logger `RFC.middleware_content_saver`
[INFO] applying on CivitaiModelDownload(7045_lora_bondage_v1), received

2024-02-20 04:39:33,923 <requestor-worker-4:2579769, MainThread:140240668346176> (requestor.py:_fetch_single_sync:154 -> middleware.py:apply_sync:96) from logger `RFC.middleware_content_saver`
[INFO] applied on CivitaiModelDownload(7045_lora_bondage_v1), sent

2024-02-20 04:40:03,400 <requestor-worker-4:2579769, MainThread:140240668346176> (requestor.py:_fetch_single_sync:154 -> middleware.py:apply_sync:93) from logger `RFC.middleware_content_saver`
[INFO] applying on CivitaiModelDownload(74253_v2.0), received

2024-02-20 04:40:03,414 <requestor-worker-4:2579769, MainThread:140240668346176> (requestor.py:_fetch_single_sync:154 -> middleware.py:apply_sync:96) from logger `RFC.middleware_content_saver`
[INFO] applied on CivitaiModelDownload(74253_v2.0), sent

2024-02-20 04:40:07,748 <requestor-worker-4:2579769, MainThread:140240668346176> (requestor.py:_fetch_single_sync:154 -> middleware.py:apply_sync:93) from logger `RFC.middleware_content_saver`
[INFO] applying on CivitaiModelDownload(15553_v.1.1), received

2024-02-20 04:40:07,757 <requestor-worker-4:2579769, MainThread:140240668346176> (requestor.py:_fetch_single_sync:154 -> middleware.py:apply_sync:96) from logger `RFC.middleware_content_saver`
[INFO] applied on CivitaiModelDownload(15553_v.1.1), sent

2024-02-20 04:40:22,573 <requestor-worker-4:2579769, MainThread:140240668346176> (requestor.py:_fetch_single_sync:154 -> middleware.py:apply_sync:93) from logger `RFC.middleware_content_saver`
[INFO] applying on CivitaiModelDownload(92800_v2.0), received

2024-02-20 04:40:22,578 <requestor-worker-4:2579769, MainThread:140240668346176> (requestor.py:_fetch_single_sync:154 -> middleware.py:apply_sync:96) from logger `RFC.middleware_content_saver`
[INFO] applied on CivitaiModelDownload(92800_v2.0), sent

2024-02-20 04:40:28,135 <requestor-worker-4:2579769, MainThread:140240668346176> (requestor.py:_fetch_single_sync:154 -> middleware.py:apply_sync:93) from logger `RFC.middleware_content_saver`
[INFO] applying on CivitaiModelDownload(187380_WoodenwithoutMittens), received

2024-02-20 04:40:28,143 <requestor-worker-4:2579769, MainThread:140240668346176> (requestor.py:_fetch_single_sync:154 -> middleware.py:apply_sync:96) from logger `RFC.middleware_content_saver`
[INFO] applied on CivitaiModelDownload(187380_WoodenwithoutMittens), sent

2024-02-20 04:40:35,474 <requestor-worker-4:2579769, MainThread:140240668346176> (requestor.py:_fetch_single_sync:154 -> middleware.py:apply_sync:93) from logger `RFC.middleware_content_saver`
[INFO] applying on CivitaiModelDownload(102584_v1.0), received

2024-02-20 04:40:35,481 <requestor-worker-4:2579769, MainThread:140240668346176> (requestor.py:_fetch_single_sync:154 -> middleware.py:apply_sync:96) from logger `RFC.middleware_content_saver`
[INFO] applied on CivitaiModelDownload(102584_v1.0), sent

2024-02-20 04:42:37,388 <requestor-worker-4:2579769, MainThread:140240668346176> (requestor.py:_fetch_single_sync:154 -> middleware.py:apply_sync:93) from logger `RFC.middleware_content_saver`
[INFO] applying on CivitaiModelDownload(28117_Chuchu), received

2024-02-20 04:42:37,441 <requestor-worker-4:2579769, MainThread:140240668346176> (requestor.py:_fetch_single_sync:154 -> middleware.py:apply_sync:96) from logger `RFC.middleware_content_saver`
[INFO] applied on CivitaiModelDownload(28117_Chuchu), sent

2024-02-20 05:06:44,440 <requestor-worker-4:2579769, MainThread:140240668346176> (requestor.py:_fetch_single_sync:154 -> middleware.py:apply_sync:93) from logger `RFC.middleware_content_saver`
[INFO] applying on CivitaiModelDownload(245965_v2.0), received

2024-02-20 05:06:48,060 <requestor-worker-4:2579769, MainThread:140240668346176> (requestor.py:_fetch_single_sync:154 -> middleware.py:apply_sync:96) from logger `RFC.middleware_content_saver`
[INFO] applied on CivitaiModelDownload(245965_v2.0), sent

2024-02-20 05:09:02,199 <requestor-worker-4:2579769, MainThread:140240668346176> (requestor.py:_fetch_single_sync:154 -> middleware.py:apply_sync:93) from logger `RFC.middleware_content_saver`
[INFO] applying on CivitaiModelDownload(77098_v2.0), received

2024-02-20 05:09:03,290 <requestor-worker-4:2579769, MainThread:140240668346176> (requestor.py:_fetch_single_sync:154 -> middleware.py:apply_sync:96) from logger `RFC.middleware_content_saver`
[INFO] applied on CivitaiModelDownload(77098_v2.0), sent

2024-02-20 05:09:48,720 <requestor-worker-4:2579769, MainThread:140240668346176> (requestor.py:_fetch_single_sync:154 -> middleware.py:apply_sync:93) from logger `RFC.middleware_content_saver`
[INFO] applying on CivitaiModelDownload(261825_v1.0), received

2024-02-20 05:09:48,747 <requestor-worker-4:2579769, MainThread:140240668346176> (requestor.py:_fetch_single_sync:154 -> middleware.py:apply_sync:96) from logger `RFC.middleware_content_saver`
[INFO] applied on CivitaiModelDownload(261825_v1.0), sent

2024-02-20 05:10:26,916 <requestor-worker-4:2579769, MainThread:140240668346176> (requestor.py:_fetch_single_sync:154 -> middleware.py:apply_sync:93) from logger `RFC.middleware_content_saver`
[INFO] applying on CivitaiModelDownload(290503_v3.0), received

2024-02-20 05:10:26,956 <requestor-worker-4:2579769, MainThread:140240668346176> (requestor.py:_fetch_single_sync:154 -> middleware.py:apply_sync:96) from logger `RFC.middleware_content_saver`
[INFO] applied on CivitaiModelDownload(290503_v3.0), sent

2024-02-20 05:12:45,495 <requestor-worker-4:2579769, MainThread:140240668346176> (requestor.py:_fetch_single_sync:154 -> middleware.py:apply_sync:93) from logger `RFC.middleware_content_saver`
[INFO] applying on CivitaiModelDownload(139311_v1.0), received

2024-02-20 05:12:49,219 <requestor-worker-4:2579769, MainThread:140240668346176> (requestor.py:_fetch_single_sync:154 -> middleware.py:apply_sync:96) from logger `RFC.middleware_content_saver`
[INFO] applied on CivitaiModelDownload(139311_v1.0), sent

2024-02-20 05:12:57,615 <requestor-worker-4:2579769, MainThread:140240668346176> (requestor.py:_fetch_single_sync:154 -> middleware.py:apply_sync:93) from logger `RFC.middleware_content_saver`
[INFO] applying on CivitaiModelDownload(225874_BlueRose(Back)), received

2024-02-20 05:12:57,623 <requestor-worker-4:2579769, MainThread:140240668346176> (requestor.py:_fetch_single_sync:154 -> middleware.py:apply_sync:96) from logger `RFC.middleware_content_saver`
[INFO] applied on CivitaiModelDownload(225874_BlueRose(Back)), sent

2024-02-20 05:13:16,630 <requestor-worker-4:2579769, MainThread:140240668346176> (requestor.py:_fetch_single_sync:154 -> middleware.py:apply_sync:93) from logger `RFC.middleware_content_saver`
[INFO] applying on CivitaiModelDownload(226169_BlueRose(FullBody)), received

2024-02-20 05:13:16,639 <requestor-worker-4:2579769, MainThread:140240668346176> (requestor.py:_fetch_single_sync:154 -> middleware.py:apply_sync:96) from logger `RFC.middleware_content_saver`
[INFO] applied on CivitaiModelDownload(226169_BlueRose(FullBody)), sent

2024-02-20 05:13:51,729 <requestor-worker-4:2579769, MainThread:140240668346176> (requestor.py:_fetch_single_sync:154 -> middleware.py:apply_sync:93) from logger `RFC.middleware_content_saver`
[INFO] applying on CivitaiModelDownload(189753_v1.0), received

2024-02-20 05:13:51,761 <requestor-worker-4:2579769, MainThread:140240668346176> (requestor.py:_fetch_single_sync:154 -> middleware.py:apply_sync:96) from logger `RFC.middleware_content_saver`
[INFO] applied on CivitaiModelDownload(189753_v1.0), sent

2024-02-20 05:15:55,904 <requestor-worker-4:2579769, MainThread:140240668346176> (requestor.py:_fetch_single_sync:154 -> middleware.py:apply_sync:93) from logger `RFC.middleware_content_saver`
[INFO] applying on CivitaiModelDownload(259510_BlueFrost), received

2024-02-20 05:16:00,538 <requestor-worker-4:2579769, MainThread:140240668346176> (requestor.py:_fetch_single_sync:154 -> middleware.py:apply_sync:96) from logger `RFC.middleware_content_saver`
[INFO] applied on CivitaiModelDownload(259510_BlueFrost), sent

2024-02-20 05:16:06,140 <requestor-worker-4:2579769, MainThread:140240668346176> (requestor.py:_fetch_single_sync:154 -> middleware.py:apply_sync:93) from logger `RFC.middleware_content_saver`
[INFO] applying on CivitaiModelDownload(116483_v1.0), received

2024-02-20 05:16:06,564 <requestor-worker-4:2579769, MainThread:140240668346176> (requestor.py:_fetch_single_sync:154 -> middleware.py:apply_sync:96) from logger `RFC.middleware_content_saver`
[INFO] applied on CivitaiModelDownload(116483_v1.0), sent

2024-02-20 05:16:28,962 <requestor-worker-4:2579769, MainThread:140240668346176> (requestor.py:_fetch_single_sync:154 -> middleware.py:apply_sync:93) from logger `RFC.middleware_content_saver`
[INFO] applying on CivitaiModelDownload(144279_v2.0), received

2024-02-20 05:16:28,970 <requestor-worker-4:2579769, MainThread:140240668346176> (requestor.py:_fetch_single_sync:154 -> middleware.py:apply_sync:96) from logger `RFC.middleware_content_saver`
[INFO] applied on CivitaiModelDownload(144279_v2.0), sent

2024-02-20 05:17:58,031 <requestor-worker-4:2579769, MainThread:140240668346176> (requestor.py:_fetch_single_sync:154 -> middleware.py:apply_sync:93) from logger `RFC.middleware_content_saver`
[INFO] applying on CivitaiModelDownload(90693_v2.0), received

2024-02-20 05:18:01,707 <requestor-worker-4:2579769, MainThread:140240668346176> (requestor.py:_fetch_single_sync:154 -> middleware.py:apply_sync:96) from logger `RFC.middleware_content_saver`
[INFO] applied on CivitaiModelDownload(90693_v2.0), sent

2024-02-20 05:19:07,114 <requestor-worker-4:2579769, MainThread:140240668346176> (requestor.py:_fetch_single_sync:154 -> middleware.py:apply_sync:93) from logger `RFC.middleware_content_saver`
[INFO] applying on CivitaiModelDownload(9398_tsukatsukirio), received

2024-02-20 05:19:07,166 <requestor-worker-4:2579769, MainThread:140240668346176> (requestor.py:_fetch_single_sync:154 -> middleware.py:apply_sync:96) from logger `RFC.middleware_content_saver`
[INFO] applied on CivitaiModelDownload(9398_tsukatsukirio), sent

2024-02-20 05:20:01,776 <requestor-worker-4:2579769, MainThread:140240668346176> (requestor.py:_fetch_single_sync:154 -> middleware.py:apply_sync:93) from logger `RFC.middleware_content_saver`
[INFO] applying on CivitaiModelDownload(93538_v1.0fluffyrock576r5), received

2024-02-20 05:20:02,334 <requestor-worker-4:2579769, MainThread:140240668346176> (requestor.py:_fetch_single_sync:154 -> middleware.py:apply_sync:96) from logger `RFC.middleware_content_saver`
[INFO] applied on CivitaiModelDownload(93538_v1.0fluffyrock576r5), sent

2024-02-20 05:20:10,824 <requestor-worker-4:2579769, MainThread:140240668346176> (requestor.py:_fetch_single_sync:154 -> middleware.py:apply_sync:93) from logger `RFC.middleware_content_saver`
[INFO] applying on CivitaiModelDownload(292207_v1.0), received

2024-02-20 05:20:10,830 <requestor-worker-4:2579769, MainThread:140240668346176> (requestor.py:_fetch_single_sync:154 -> middleware.py:apply_sync:96) from logger `RFC.middleware_content_saver`
[INFO] applied on CivitaiModelDownload(292207_v1.0), sent

2024-02-20 05:21:24,695 <requestor-worker-4:2579769, MainThread:140240668346176> (requestor.py:_fetch_single_sync:154 -> middleware.py:apply_sync:93) from logger `RFC.middleware_content_saver`
[INFO] applying on CivitaiModelDownload(236450_v1.0), received

2024-02-20 05:21:25,242 <requestor-worker-4:2579769, MainThread:140240668346176> (requestor.py:_fetch_single_sync:154 -> middleware.py:apply_sync:96) from logger `RFC.middleware_content_saver`
[INFO] applied on CivitaiModelDownload(236450_v1.0), sent

2024-02-20 05:22:11,140 <requestor-worker-4:2579769, MainThread:140240668346176> (requestor.py:_fetch_single_sync:154 -> middleware.py:apply_sync:93) from logger `RFC.middleware_content_saver`
[INFO] applying on CivitaiModelDownload(194178_v1.0), received

2024-02-20 05:22:12,837 <requestor-worker-4:2579769, MainThread:140240668346176> (requestor.py:_fetch_single_sync:154 -> middleware.py:apply_sync:96) from logger `RFC.middleware_content_saver`
[INFO] applied on CivitaiModelDownload(194178_v1.0), sent

2024-02-20 05:22:54,216 <requestor-worker-4:2579769, MainThread:140240668346176> (requestor.py:_fetch_single_sync:154 -> middleware.py:apply_sync:93) from logger `RFC.middleware_content_saver`
[INFO] applying on CivitaiModelDownload(153444_v1.0), received

2024-02-20 05:22:54,231 <requestor-worker-4:2579769, MainThread:140240668346176> (requestor.py:_fetch_single_sync:154 -> middleware.py:apply_sync:96) from logger `RFC.middleware_content_saver`
[INFO] applied on CivitaiModelDownload(153444_v1.0), sent

2024-02-20 05:23:43,492 <requestor-worker-4:2579769, MainThread:140240668346176> (requestor.py:_fetch_single_sync:154 -> middleware.py:apply_sync:93) from logger `RFC.middleware_content_saver`
[INFO] applying on CivitaiModelDownload(23021_v2), received

2024-02-20 05:23:43,542 <requestor-worker-4:2579769, MainThread:140240668346176> (requestor.py:_fetch_single_sync:154 -> middleware.py:apply_sync:96) from logger `RFC.middleware_content_saver`
[INFO] applied on CivitaiModelDownload(23021_v2), sent

2024-02-20 05:24:52,090 <requestor-worker-4:2579769, MainThread:140240668346176> (requestor.py:_fetch_single_sync:154 -> middleware.py:apply_sync:93) from logger `RFC.middleware_content_saver`
[INFO] applying on CivitaiModelDownload(45460_v3.0Multi-LoRASupport), received

2024-02-20 05:24:52,140 <requestor-worker-4:2579769, MainThread:140240668346176> (requestor.py:_fetch_single_sync:154 -> middleware.py:apply_sync:96) from logger `RFC.middleware_content_saver`
[INFO] applied on CivitaiModelDownload(45460_v3.0Multi-LoRASupport), sent

2024-02-20 05:25:17,271 <requestor-worker-4:2579769, MainThread:140240668346176> (requestor.py:_fetch_single_sync:154 -> middleware.py:apply_sync:93) from logger `RFC.middleware_content_saver`
[INFO] applying on CivitaiModelDownload(104739_v1.0), received

2024-02-20 05:25:17,304 <requestor-worker-4:2579769, MainThread:140240668346176> (requestor.py:_fetch_single_sync:154 -> middleware.py:apply_sync:96) from logger `RFC.middleware_content_saver`
[INFO] applied on CivitaiModelDownload(104739_v1.0), sent

2024-02-20 05:25:39,605 <requestor-worker-4:2579769, MainThread:140240668346176> (requestor.py:_fetch_single_sync:154 -> middleware.py:apply_sync:93) from logger `RFC.middleware_content_saver`
[INFO] applying on CivitaiModelDownload(126793_v1.0), received

2024-02-20 05:25:39,618 <requestor-worker-4:2579769, MainThread:140240668346176> (requestor.py:_fetch_single_sync:154 -> middleware.py:apply_sync:96) from logger `RFC.middleware_content_saver`
[INFO] applied on CivitaiModelDownload(126793_v1.0), sent

2024-02-20 05:31:09,791 <requestor-worker-4:2579769, MainThread:140240668346176> (requestor.py:_fetch_single_sync:154 -> middleware.py:apply_sync:93) from logger `RFC.middleware_content_saver`
[INFO] applying on CivitaiModelDownload(145277_v1.0), received

2024-02-20 05:31:16,292 <requestor-worker-4:2579769, MainThread:140240668346176> (requestor.py:_fetch_single_sync:154 -> middleware.py:apply_sync:96) from logger `RFC.middleware_content_saver`
[INFO] applied on CivitaiModelDownload(145277_v1.0), sent

2024-02-20 05:32:12,009 <requestor-worker-4:2579769, MainThread:140240668346176> (requestor.py:_fetch_single_sync:154 -> middleware.py:apply_sync:93) from logger `RFC.middleware_content_saver`
[INFO] applying on CivitaiModelDownload(18137_Bloomv1), received

2024-02-20 05:32:12,044 <requestor-worker-4:2579769, MainThread:140240668346176> (requestor.py:_fetch_single_sync:154 -> middleware.py:apply_sync:96) from logger `RFC.middleware_content_saver`
[INFO] applied on CivitaiModelDownload(18137_Bloomv1), sent

2024-02-20 05:32:57,852 <requestor-worker-4:2579769, MainThread:140240668346176> (requestor.py:_fetch_single_sync:154 -> middleware.py:apply_sync:93) from logger `RFC.middleware_content_saver`
[INFO] applying on CivitaiModelDownload(122606_v1.0), received

2024-02-20 05:33:14,523 <requestor-worker-4:2579769, MainThread:140240668346176> (requestor.py:_fetch_single_sync:154 -> middleware.py:apply_sync:96) from logger `RFC.middleware_content_saver`
[INFO] applied on CivitaiModelDownload(122606_v1.0), sent

2024-02-20 05:33:33,918 <requestor-worker-4:2579769, MainThread:140240668346176> (requestor.py:_fetch_single_sync:154 -> middleware.py:apply_sync:93) from logger `RFC.middleware_content_saver`
[INFO] applying on CivitaiModelDownload(91948_v1.0), received

2024-02-20 05:33:33,934 <requestor-worker-4:2579769, MainThread:140240668346176> (requestor.py:_fetch_single_sync:154 -> middleware.py:apply_sync:96) from logger `RFC.middleware_content_saver`
[INFO] applied on CivitaiModelDownload(91948_v1.0), sent

2024-02-20 05:34:26,918 <requestor-worker-4:2579769, MainThread:140240668346176> (requestor.py:_fetch_single_sync:154 -> middleware.py:apply_sync:93) from logger `RFC.middleware_content_saver`
[INFO] applying on CivitaiModelDownload(125046_v1.0), received

2024-02-20 05:34:30,039 <requestor-worker-4:2579769, MainThread:140240668346176> (requestor.py:_fetch_single_sync:154 -> middleware.py:apply_sync:96) from logger `RFC.middleware_content_saver`
[INFO] applied on CivitaiModelDownload(125046_v1.0), sent

2024-02-20 05:35:31,200 <requestor-worker-4:2579769, MainThread:140240668346176> (requestor.py:_fetch_single_sync:154 -> middleware.py:apply_sync:93) from logger `RFC.middleware_content_saver`
[INFO] applying on CivitaiModelDownload(114472_v1.0), received

2024-02-20 05:35:31,228 <requestor-worker-4:2579769, MainThread:140240668346176> (requestor.py:_fetch_single_sync:154 -> middleware.py:apply_sync:96) from logger `RFC.middleware_content_saver`
[INFO] applied on CivitaiModelDownload(114472_v1.0), sent

2024-02-20 05:37:27,854 <requestor-worker-4:2579769, MainThread:140240668346176> (requestor.py:_fetch_single_sync:154 -> middleware.py:apply_sync:93) from logger `RFC.middleware_content_saver`
[INFO] applying on CivitaiModelDownload(199997_BloodEverywhere), received

2024-02-20 05:37:31,242 <requestor-worker-4:2579769, MainThread:140240668346176> (requestor.py:_fetch_single_sync:154 -> middleware.py:apply_sync:96) from logger `RFC.middleware_content_saver`
[INFO] applied on CivitaiModelDownload(199997_BloodEverywhere), sent

2024-02-20 05:37:47,550 <requestor-worker-4:2579769, MainThread:140240668346176> (requestor.py:_fetch_single_sync:154 -> middleware.py:apply_sync:93) from logger `RFC.middleware_content_saver`
[INFO] applying on CivitaiModelDownload(85156_v1.0), received

2024-02-20 05:37:47,564 <requestor-worker-4:2579769, MainThread:140240668346176> (requestor.py:_fetch_single_sync:154 -> middleware.py:apply_sync:96) from logger `RFC.middleware_content_saver`
[INFO] applied on CivitaiModelDownload(85156_v1.0), sent

2024-02-20 05:37:49,637 <requestor-worker-4:2579769, MainThread:140240668346176> (requestor.py:_fetch_single_sync:154 -> middleware.py:apply_sync:93) from logger `RFC.middleware_content_saver`
[INFO] applying on CivitaiModelDownload(100643_v2.0), received

2024-02-20 05:37:49,642 <requestor-worker-4:2579769, MainThread:140240668346176> (requestor.py:_fetch_single_sync:154 -> middleware.py:apply_sync:96) from logger `RFC.middleware_content_saver`
[INFO] applied on CivitaiModelDownload(100643_v2.0), sent

2024-02-20 05:38:40,359 <requestor-worker-4:2579769, MainThread:140240668346176> (requestor.py:_fetch_single_sync:154 -> middleware.py:apply_sync:93) from logger `RFC.middleware_content_saver`
[INFO] applying on CivitaiModelDownload(149900_v1.0), received

2024-02-20 05:38:44,125 <requestor-worker-4:2579769, MainThread:140240668346176> (requestor.py:_fetch_single_sync:154 -> middleware.py:apply_sync:96) from logger `RFC.middleware_content_saver`
[INFO] applied on CivitaiModelDownload(149900_v1.0), sent

2024-02-20 05:40:32,713 <requestor-worker-4:2579769, MainThread:140240668346176> (requestor.py:_fetch_single_sync:154 -> middleware.py:apply_sync:93) from logger `RFC.middleware_content_saver`
[INFO] applying on CivitaiModelDownload(146103_v1.0), received

2024-02-20 05:40:32,999 <requestor-worker-4:2579769, MainThread:140240668346176> (requestor.py:_fetch_single_sync:154 -> middleware.py:apply_sync:96) from logger `RFC.middleware_content_saver`
[INFO] applied on CivitaiModelDownload(146103_v1.0), sent

2024-02-20 05:40:56,081 <requestor-worker-4:2579769, MainThread:140240668346176> (requestor.py:_fetch_single_sync:154 -> middleware.py:apply_sync:93) from logger `RFC.middleware_content_saver`
[INFO] applying on CivitaiModelDownload(85560_v1.0), received

2024-02-20 05:40:56,107 <requestor-worker-4:2579769, MainThread:140240668346176> (requestor.py:_fetch_single_sync:154 -> middleware.py:apply_sync:96) from logger `RFC.middleware_content_saver`
[INFO] applied on CivitaiModelDownload(85560_v1.0), sent

2024-02-20 05:41:28,951 <requestor-worker-4:2579769, MainThread:140240668346176> (requestor.py:_fetch_single_sync:154 -> middleware.py:apply_sync:93) from logger `RFC.middleware_content_saver`
[INFO] applying on CivitaiModelDownload(306232_v1.0), received

2024-02-20 05:41:28,980 <requestor-worker-4:2579769, MainThread:140240668346176> (requestor.py:_fetch_single_sync:154 -> middleware.py:apply_sync:96) from logger `RFC.middleware_content_saver`
[INFO] applied on CivitaiModelDownload(306232_v1.0), sent

2024-02-20 05:42:26,645 <requestor-worker-4:2579769, MainThread:140240668346176> (requestor.py:_fetch_single_sync:154 -> middleware.py:apply_sync:93) from logger `RFC.middleware_content_saver`
[INFO] applying on CivitaiModelDownload(174986_v1.0), received

2024-02-20 05:42:26,659 <requestor-worker-4:2579769, MainThread:140240668346176> (requestor.py:_fetch_single_sync:154 -> middleware.py:apply_sync:96) from logger `RFC.middleware_content_saver`
[INFO] applied on CivitaiModelDownload(174986_v1.0), sent

2024-02-20 05:43:36,961 <requestor-worker-4:2579769, MainThread:140240668346176> (requestor.py:_fetch_single_sync:154 -> middleware.py:apply_sync:93) from logger `RFC.middleware_content_saver`
[INFO] applying on CivitaiModelDownload(20268_v3), received

2024-02-20 05:43:39,215 <requestor-worker-4:2579769, MainThread:140240668346176> (requestor.py:_fetch_single_sync:154 -> middleware.py:apply_sync:96) from logger `RFC.middleware_content_saver`
[INFO] applied on CivitaiModelDownload(20268_v3), sent

2024-02-20 05:46:48,748 <requestor-worker-4:2579769, MainThread:140240668346176> (requestor.py:_fetch_single_sync:154 -> middleware.py:apply_sync:93) from logger `RFC.middleware_content_saver`
[INFO] applying on CivitaiModelDownload(16478_v1-Style), received

2024-02-20 05:46:53,759 <requestor-worker-4:2579769, MainThread:140240668346176> (requestor.py:_fetch_single_sync:154 -> middleware.py:apply_sync:96) from logger `RFC.middleware_content_saver`
[INFO] applied on CivitaiModelDownload(16478_v1-Style), sent

2024-02-20 05:49:46,928 <requestor-worker-4:2579769, MainThread:140240668346176> (requestor.py:_fetch_single_sync:154 -> middleware.py:apply_sync:93) from logger `RFC.middleware_content_saver`
[INFO] applying on CivitaiModelDownload(30976_v0.5), received

2024-02-20 05:49:49,988 <requestor-worker-4:2579769, MainThread:140240668346176> (requestor.py:_fetch_single_sync:154 -> middleware.py:apply_sync:96) from logger `RFC.middleware_content_saver`
[INFO] applied on CivitaiModelDownload(30976_v0.5), sent

2024-02-20 05:50:01,400 <requestor-worker-4:2579769, MainThread:140240668346176> (requestor.py:_fetch_single_sync:154 -> middleware.py:apply_sync:93) from logger `RFC.middleware_content_saver`
[INFO] applying on CivitaiModelDownload(268463_v1.0), received

2024-02-20 05:50:01,410 <requestor-worker-4:2579769, MainThread:140240668346176> (requestor.py:_fetch_single_sync:154 -> middleware.py:apply_sync:96) from logger `RFC.middleware_content_saver`
[INFO] applied on CivitaiModelDownload(268463_v1.0), sent

2024-02-20 05:50:10,148 <requestor-worker-4:2579769, MainThread:140240668346176> (requestor.py:_fetch_single_sync:154 -> middleware.py:apply_sync:93) from logger `RFC.middleware_content_saver`
[INFO] applying on CivitaiModelDownload(248713_v1.0), received

2024-02-20 05:50:10,157 <requestor-worker-4:2579769, MainThread:140240668346176> (requestor.py:_fetch_single_sync:154 -> middleware.py:apply_sync:96) from logger `RFC.middleware_content_saver`
[INFO] applied on CivitaiModelDownload(248713_v1.0), sent

2024-02-20 05:50:51,110 <requestor-worker-4:2579769, MainThread:140240668346176> (requestor.py:_fetch_single_sync:154 -> middleware.py:apply_sync:93) from logger `RFC.middleware_content_saver`
[INFO] applying on CivitaiModelDownload(304234_v1.0), received

2024-02-20 05:50:51,136 <requestor-worker-4:2579769, MainThread:140240668346176> (requestor.py:_fetch_single_sync:154 -> middleware.py:apply_sync:96) from logger `RFC.middleware_content_saver`
[INFO] applied on CivitaiModelDownload(304234_v1.0), sent

2024-02-20 05:51:12,052 <requestor-worker-4:2579769, MainThread:140240668346176> (requestor.py:_fetch_single_sync:154 -> middleware.py:apply_sync:93) from logger `RFC.middleware_content_saver`
[INFO] applying on CivitaiModelDownload(152349_v1.0), received

2024-02-20 05:51:12,061 <requestor-worker-4:2579769, MainThread:140240668346176> (requestor.py:_fetch_single_sync:154 -> middleware.py:apply_sync:96) from logger `RFC.middleware_content_saver`
[INFO] applied on CivitaiModelDownload(152349_v1.0), sent

2024-02-20 05:51:23,404 <requestor-worker-4:2579769, MainThread:140240668346176> (requestor.py:_fetch_single_sync:154 -> middleware.py:apply_sync:93) from logger `RFC.middleware_content_saver`
[INFO] applying on CivitaiModelDownload(89646_v1.0), received

2024-02-20 05:51:23,410 <requestor-worker-4:2579769, MainThread:140240668346176> (requestor.py:_fetch_single_sync:154 -> middleware.py:apply_sync:96) from logger `RFC.middleware_content_saver`
[INFO] applied on CivitaiModelDownload(89646_v1.0), sent

2024-02-20 05:51:48,099 <requestor-worker-4:2579769, MainThread:140240668346176> (requestor.py:_fetch_single_sync:154 -> middleware.py:apply_sync:93) from logger `RFC.middleware_content_saver`
[INFO] applying on CivitaiModelDownload(176498_v1.0), received

2024-02-20 05:51:48,113 <requestor-worker-4:2579769, MainThread:140240668346176> (requestor.py:_fetch_single_sync:154 -> middleware.py:apply_sync:96) from logger `RFC.middleware_content_saver`
[INFO] applied on CivitaiModelDownload(176498_v1.0), sent

2024-02-20 05:52:12,302 <requestor-worker-4:2579769, MainThread:140240668346176> (requestor.py:_fetch_single_sync:154 -> middleware.py:apply_sync:93) from logger `RFC.middleware_content_saver`
[INFO] applying on CivitaiModelDownload(241427_v1.0), received

2024-02-20 05:52:12,316 <requestor-worker-4:2579769, MainThread:140240668346176> (requestor.py:_fetch_single_sync:154 -> middleware.py:apply_sync:96) from logger `RFC.middleware_content_saver`
[INFO] applied on CivitaiModelDownload(241427_v1.0), sent

2024-02-20 05:52:56,612 <requestor-worker-4:2579769, MainThread:140240668346176> (requestor.py:_fetch_single_sync:154 -> middleware.py:apply_sync:93) from logger `RFC.middleware_content_saver`
[INFO] applying on CivitaiModelDownload(57605_v1.0), received

2024-02-20 05:52:56,639 <requestor-worker-4:2579769, MainThread:140240668346176> (requestor.py:_fetch_single_sync:154 -> middleware.py:apply_sync:96) from logger `RFC.middleware_content_saver`
[INFO] applied on CivitaiModelDownload(57605_v1.0), sent

2024-02-20 05:53:25,505 <requestor-worker-4:2579769, MainThread:140240668346176> (requestor.py:_fetch_single_sync:154 -> middleware.py:apply_sync:93) from logger `RFC.middleware_content_saver`
[INFO] applying on CivitaiModelDownload(107198_v1.0), received

2024-02-20 05:53:25,519 <requestor-worker-4:2579769, MainThread:140240668346176> (requestor.py:_fetch_single_sync:154 -> middleware.py:apply_sync:96) from logger `RFC.middleware_content_saver`
[INFO] applied on CivitaiModelDownload(107198_v1.0), sent

2024-02-20 05:54:05,202 <requestor-worker-4:2579769, MainThread:140240668346176> (requestor.py:_fetch_single_sync:154 -> middleware.py:apply_sync:93) from logger `RFC.middleware_content_saver`
[INFO] applying on CivitaiModelDownload(190636_v2), received

2024-02-20 05:54:05,227 <requestor-worker-4:2579769, MainThread:140240668346176> (requestor.py:_fetch_single_sync:154 -> middleware.py:apply_sync:96) from logger `RFC.middleware_content_saver`
[INFO] applied on CivitaiModelDownload(190636_v2), sent

2024-02-20 05:55:26,490 <requestor-worker-4:2579769, MainThread:140240668346176> (requestor.py:_fetch_single_sync:154 -> middleware.py:apply_sync:93) from logger `RFC.middleware_content_saver`
[INFO] applying on CivitaiModelDownload(27956_v1.0), received

2024-02-20 05:55:29,101 <requestor-worker-4:2579769, MainThread:140240668346176> (requestor.py:_fetch_single_sync:154 -> middleware.py:apply_sync:96) from logger `RFC.middleware_content_saver`
[INFO] applied on CivitaiModelDownload(27956_v1.0), sent

2024-02-20 05:55:42,384 <requestor-worker-4:2579769, MainThread:140240668346176> (requestor.py:_fetch_single_sync:154 -> middleware.py:apply_sync:93) from logger `RFC.middleware_content_saver`
[INFO] applying on CivitaiModelDownload(107282_v1.0), received

2024-02-20 05:55:42,400 <requestor-worker-4:2579769, MainThread:140240668346176> (requestor.py:_fetch_single_sync:154 -> middleware.py:apply_sync:96) from logger `RFC.middleware_content_saver`
[INFO] applied on CivitaiModelDownload(107282_v1.0), sent

2024-02-20 05:57:11,162 <requestor-worker-4:2579769, MainThread:140240668346176> (requestor.py:_fetch_single_sync:154 -> middleware.py:apply_sync:93) from logger `RFC.middleware_content_saver`
[INFO] applying on CivitaiModelDownload(189935_v1.0), received

2024-02-20 05:57:11,187 <requestor-worker-4:2579769, MainThread:140240668346176> (requestor.py:_fetch_single_sync:154 -> middleware.py:apply_sync:96) from logger `RFC.middleware_content_saver`
[INFO] applied on CivitaiModelDownload(189935_v1.0), sent

2024-02-20 05:57:45,901 <requestor-worker-4:2579769, MainThread:140240668346176> (requestor.py:_fetch_single_sync:154 -> middleware.py:apply_sync:93) from logger `RFC.middleware_content_saver`
[INFO] applying on CivitaiModelDownload(131428_DemoV1.0), received

2024-02-20 05:57:47,896 <requestor-worker-4:2579769, MainThread:140240668346176> (requestor.py:_fetch_single_sync:154 -> middleware.py:apply_sync:96) from logger `RFC.middleware_content_saver`
[INFO] applied on CivitaiModelDownload(131428_DemoV1.0), sent

2024-02-20 06:00:32,645 <requestor-worker-4:2579769, MainThread:140240668346176> (requestor.py:_fetch_single_sync:154 -> middleware.py:apply_sync:93) from logger `RFC.middleware_content_saver`
[INFO] applying on CivitaiModelDownload(216404_v1.0), received

2024-02-20 06:00:32,680 <requestor-worker-4:2579769, MainThread:140240668346176> (requestor.py:_fetch_single_sync:154 -> middleware.py:apply_sync:96) from logger `RFC.middleware_content_saver`
[INFO] applied on CivitaiModelDownload(216404_v1.0), sent

2024-02-20 06:02:46,586 <requestor-worker-4:2579769, MainThread:140240668346176> (requestor.py:_fetch_single_sync:154 -> middleware.py:apply_sync:93) from logger `RFC.middleware_content_saver`
[INFO] applying on CivitaiModelDownload(296343_SDXL), received

2024-02-20 06:02:49,771 <requestor-worker-4:2579769, MainThread:140240668346176> (requestor.py:_fetch_single_sync:154 -> middleware.py:apply_sync:96) from logger `RFC.middleware_content_saver`
[INFO] applied on CivitaiModelDownload(296343_SDXL), sent

2024-02-20 06:03:05,087 <requestor-worker-4:2579769, MainThread:140240668346176> (requestor.py:_fetch_single_sync:154 -> middleware.py:apply_sync:93) from logger `RFC.middleware_content_saver`
[INFO] applying on CivitaiModelDownload(69292_v1.0), received

2024-02-20 06:03:05,101 <requestor-worker-4:2579769, MainThread:140240668346176> (requestor.py:_fetch_single_sync:154 -> middleware.py:apply_sync:96) from logger `RFC.middleware_content_saver`
[INFO] applied on CivitaiModelDownload(69292_v1.0), sent

2024-02-20 06:03:48,859 <requestor-worker-4:2579769, MainThread:140240668346176> (requestor.py:_fetch_single_sync:154 -> middleware.py:apply_sync:93) from logger `RFC.middleware_content_saver`
[INFO] applying on CivitaiModelDownload(294029_v2.0), received

2024-02-20 06:03:48,874 <requestor-worker-4:2579769, MainThread:140240668346176> (requestor.py:_fetch_single_sync:154 -> middleware.py:apply_sync:96) from logger `RFC.middleware_content_saver`
[INFO] applied on CivitaiModelDownload(294029_v2.0), sent

2024-02-20 06:06:17,607 <requestor-worker-4:2579769, MainThread:140240668346176> (requestor.py:_fetch_single_sync:154 -> middleware.py:apply_sync:93) from logger `RFC.middleware_content_saver`
[INFO] applying on CivitaiModelDownload(212746_v1.09epc), received

2024-02-20 06:06:19,848 <requestor-worker-4:2579769, MainThread:140240668346176> (requestor.py:_fetch_single_sync:154 -> middleware.py:apply_sync:96) from logger `RFC.middleware_content_saver`
[INFO] applied on CivitaiModelDownload(212746_v1.09epc), sent

2024-02-20 06:10:40,446 <requestor-worker-4:2579769, MainThread:140240668346176> (requestor.py:_fetch_single_sync:154 -> middleware.py:apply_sync:93) from logger `RFC.middleware_content_saver`
[INFO] applying on CivitaiModelDownload(162072_v1.0b(SDXLDicks)), received

2024-02-20 06:10:45,541 <requestor-worker-4:2579769, MainThread:140240668346176> (requestor.py:_fetch_single_sync:154 -> middleware.py:apply_sync:96) from logger `RFC.middleware_content_saver`
[INFO] applied on CivitaiModelDownload(162072_v1.0b(SDXLDicks)), sent

2024-02-20 06:11:14,882 <requestor-worker-4:2579769, MainThread:140240668346176> (requestor.py:_fetch_single_sync:154 -> middleware.py:apply_sync:93) from logger `RFC.middleware_content_saver`
[INFO] applying on CivitaiModelDownload(99248_v1.0), received

2024-02-20 06:11:14,899 <requestor-worker-4:2579769, MainThread:140240668346176> (requestor.py:_fetch_single_sync:154 -> middleware.py:apply_sync:96) from logger `RFC.middleware_content_saver`
[INFO] applied on CivitaiModelDownload(99248_v1.0), sent

2024-02-20 06:14:17,488 <requestor-worker-4:2579769, MainThread:140240668346176> (requestor.py:_fetch_single_sync:154 -> middleware.py:apply_sync:93) from logger `RFC.middleware_content_saver`
[INFO] applying on CivitaiModelDownload(206647_v1.0), received

2024-02-20 06:14:17,497 <requestor-worker-4:2579769, MainThread:140240668346176> (requestor.py:_fetch_single_sync:154 -> middleware.py:apply_sync:96) from logger `RFC.middleware_content_saver`
[INFO] applied on CivitaiModelDownload(206647_v1.0), sent

2024-02-20 06:14:31,432 <requestor-worker-4:2579769, MainThread:140240668346176> (requestor.py:_fetch_single_sync:154 -> middleware.py:apply_sync:93) from logger `RFC.middleware_content_saver`
[INFO] applying on CivitaiModelDownload(168622_v1.0), received

2024-02-20 06:14:31,441 <requestor-worker-4:2579769, MainThread:140240668346176> (requestor.py:_fetch_single_sync:154 -> middleware.py:apply_sync:96) from logger `RFC.middleware_content_saver`
[INFO] applied on CivitaiModelDownload(168622_v1.0), sent

2024-02-20 06:15:42,426 <requestor-worker-4:2579769, MainThread:140240668346176> (requestor.py:_fetch_single_sync:154 -> middleware.py:apply_sync:93) from logger `RFC.middleware_content_saver`
[INFO] applying on CivitaiModelDownload(17098_3), received

2024-02-20 06:15:42,477 <requestor-worker-4:2579769, MainThread:140240668346176> (requestor.py:_fetch_single_sync:154 -> middleware.py:apply_sync:96) from logger `RFC.middleware_content_saver`
[INFO] applied on CivitaiModelDownload(17098_3), sent

2024-02-20 06:16:09,310 <requestor-worker-4:2579769, MainThread:140240668346176> (requestor.py:_fetch_single_sync:154 -> middleware.py:apply_sync:93) from logger `RFC.middleware_content_saver`
[INFO] applying on CivitaiModelDownload(296973_v1.0), received

2024-02-20 06:16:09,319 <requestor-worker-4:2579769, MainThread:140240668346176> (requestor.py:_fetch_single_sync:154 -> middleware.py:apply_sync:96) from logger `RFC.middleware_content_saver`
[INFO] applied on CivitaiModelDownload(296973_v1.0), sent

2024-02-20 06:16:24,495 <requestor-worker-4:2579769, MainThread:140240668346176> (requestor.py:_fetch_single_sync:154 -> middleware.py:apply_sync:93) from logger `RFC.middleware_content_saver`
[INFO] applying on CivitaiModelDownload(25459_v0.1), received

2024-02-20 06:16:24,510 <requestor-worker-4:2579769, MainThread:140240668346176> (requestor.py:_fetch_single_sync:154 -> middleware.py:apply_sync:96) from logger `RFC.middleware_content_saver`
[INFO] applied on CivitaiModelDownload(25459_v0.1), sent

2024-02-20 06:18:09,314 <requestor-worker-4:2579769, MainThread:140240668346176> (requestor.py:_fetch_single_sync:154 -> middleware.py:apply_sync:93) from logger `RFC.middleware_content_saver`
[INFO] applying on CivitaiModelDownload(38742_v1.3), received

2024-02-20 06:18:09,370 <requestor-worker-4:2579769, MainThread:140240668346176> (requestor.py:_fetch_single_sync:154 -> middleware.py:apply_sync:96) from logger `RFC.middleware_content_saver`
[INFO] applied on CivitaiModelDownload(38742_v1.3), sent

2024-02-20 06:18:46,597 <requestor-worker-4:2579769, MainThread:140240668346176> (requestor.py:_fetch_single_sync:154 -> middleware.py:apply_sync:93) from logger `RFC.middleware_content_saver`
[INFO] applying on CivitaiModelDownload(279230_Velvet), received

2024-02-20 06:18:46,611 <requestor-worker-4:2579769, MainThread:140240668346176> (requestor.py:_fetch_single_sync:154 -> middleware.py:apply_sync:96) from logger `RFC.middleware_content_saver`
[INFO] applied on CivitaiModelDownload(279230_Velvet), sent

2024-02-20 06:19:16,357 <requestor-worker-4:2579769, MainThread:140240668346176> (requestor.py:_fetch_single_sync:154 -> middleware.py:apply_sync:93) from logger `RFC.middleware_content_saver`
[INFO] applying on CivitaiModelDownload(53603_v1.0), received

2024-02-20 06:19:16,375 <requestor-worker-4:2579769, MainThread:140240668346176> (requestor.py:_fetch_single_sync:154 -> middleware.py:apply_sync:96) from logger `RFC.middleware_content_saver`
[INFO] applied on CivitaiModelDownload(53603_v1.0), sent

2024-02-20 06:19:20,812 <requestor-worker-4:2579769, MainThread:140240668346176> (requestor.py:_fetch_single_sync:154 -> middleware.py:apply_sync:93) from logger `RFC.middleware_content_saver`
[INFO] applying on CivitaiModelDownload(267677_blackmermaidv1.0), received

2024-02-20 06:19:21,020 <requestor-worker-4:2579769, MainThread:140240668346176> (requestor.py:_fetch_single_sync:154 -> middleware.py:apply_sync:96) from logger `RFC.middleware_content_saver`
[INFO] applied on CivitaiModelDownload(267677_blackmermaidv1.0), sent

2024-02-20 06:19:34,772 <requestor-worker-4:2579769, MainThread:140240668346176> (requestor.py:_fetch_single_sync:154 -> middleware.py:apply_sync:93) from logger `RFC.middleware_content_saver`
[INFO] applying on CivitaiModelDownload(292806_v1.0), received

2024-02-20 06:19:34,781 <requestor-worker-4:2579769, MainThread:140240668346176> (requestor.py:_fetch_single_sync:154 -> middleware.py:apply_sync:96) from logger `RFC.middleware_content_saver`
[INFO] applied on CivitaiModelDownload(292806_v1.0), sent

2024-02-20 06:20:34,424 <requestor-worker-4:2579769, MainThread:140240668346176> (requestor.py:_fetch_single_sync:154 -> middleware.py:apply_sync:93) from logger `RFC.middleware_content_saver`
[INFO] applying on CivitaiModelDownload(34191_v1.1), received

2024-02-20 06:20:34,460 <requestor-worker-4:2579769, MainThread:140240668346176> (requestor.py:_fetch_single_sync:154 -> middleware.py:apply_sync:96) from logger `RFC.middleware_content_saver`
[INFO] applied on CivitaiModelDownload(34191_v1.1), sent

2024-02-20 06:20:50,418 <requestor-worker-4:2579769, MainThread:140240668346176> (requestor.py:_fetch_single_sync:154 -> middleware.py:apply_sync:93) from logger `RFC.middleware_content_saver`
[INFO] applying on CivitaiModelDownload(139577_v1.0), received

2024-02-20 06:20:50,427 <requestor-worker-4:2579769, MainThread:140240668346176> (requestor.py:_fetch_single_sync:154 -> middleware.py:apply_sync:96) from logger `RFC.middleware_content_saver`
[INFO] applied on CivitaiModelDownload(139577_v1.0), sent

2024-02-20 06:21:20,504 <requestor-worker-4:2579769, MainThread:140240668346176> (requestor.py:_fetch_single_sync:154 -> middleware.py:apply_sync:93) from logger `RFC.middleware_content_saver`
[INFO] applying on CivitaiModelDownload(160641_v1.0), received

2024-02-20 06:21:20,518 <requestor-worker-4:2579769, MainThread:140240668346176> (requestor.py:_fetch_single_sync:154 -> middleware.py:apply_sync:96) from logger `RFC.middleware_content_saver`
[INFO] applied on CivitaiModelDownload(160641_v1.0), sent

2024-02-20 06:21:40,604 <requestor-worker-4:2579769, MainThread:140240668346176> (requestor.py:_fetch_single_sync:154 -> middleware.py:apply_sync:93) from logger `RFC.middleware_content_saver`
[INFO] applying on CivitaiModelDownload(270727_v1), received

2024-02-20 06:21:40,618 <requestor-worker-4:2579769, MainThread:140240668346176> (requestor.py:_fetch_single_sync:154 -> middleware.py:apply_sync:96) from logger `RFC.middleware_content_saver`
[INFO] applied on CivitaiModelDownload(270727_v1), sent

2024-02-20 06:21:47,486 <requestor-worker-4:2579769, MainThread:140240668346176> (requestor.py:_fetch_single_sync:154 -> middleware.py:apply_sync:93) from logger `RFC.middleware_content_saver`
[INFO] applying on CivitaiModelDownload(172459_v1.0), received

2024-02-20 06:21:47,495 <requestor-worker-4:2579769, MainThread:140240668346176> (requestor.py:_fetch_single_sync:154 -> middleware.py:apply_sync:96) from logger `RFC.middleware_content_saver`
[INFO] applied on CivitaiModelDownload(172459_v1.0), sent

2024-02-20 06:21:57,060 <requestor-worker-4:2579769, MainThread:140240668346176> (requestor.py:_fetch_single_sync:154 -> middleware.py:apply_sync:93) from logger `RFC.middleware_content_saver`
[INFO] applying on CivitaiModelDownload(295391_v1.0), received

2024-02-20 06:21:57,068 <requestor-worker-4:2579769, MainThread:140240668346176> (requestor.py:_fetch_single_sync:154 -> middleware.py:apply_sync:96) from logger `RFC.middleware_content_saver`
[INFO] applied on CivitaiModelDownload(295391_v1.0), sent

2024-02-20 06:22:24,227 <requestor-worker-4:2579769, MainThread:140240668346176> (requestor.py:_fetch_single_sync:154 -> middleware.py:apply_sync:93) from logger `RFC.middleware_content_saver`
[INFO] applying on CivitaiModelDownload(215701_v1.0), received

2024-02-20 06:22:24,235 <requestor-worker-4:2579769, MainThread:140240668346176> (requestor.py:_fetch_single_sync:154 -> middleware.py:apply_sync:96) from logger `RFC.middleware_content_saver`
[INFO] applied on CivitaiModelDownload(215701_v1.0), sent

2024-02-20 06:23:05,308 <requestor-worker-4:2579769, MainThread:140240668346176> (requestor.py:_fetch_single_sync:154 -> middleware.py:apply_sync:93) from logger `RFC.middleware_content_saver`
[INFO] applying on CivitaiModelDownload(108068_v1.0), received

2024-02-20 06:23:05,323 <requestor-worker-4:2579769, MainThread:140240668346176> (requestor.py:_fetch_single_sync:154 -> middleware.py:apply_sync:96) from logger `RFC.middleware_content_saver`
[INFO] applied on CivitaiModelDownload(108068_v1.0), sent

2024-02-20 06:23:27,591 <requestor-worker-4:2579769, MainThread:140240668346176> (requestor.py:_fetch_single_sync:154 -> middleware.py:apply_sync:93) from logger `RFC.middleware_content_saver`
[INFO] applying on CivitaiModelDownload(65139_Hevytraining), received

2024-02-20 06:23:27,600 <requestor-worker-4:2579769, MainThread:140240668346176> (requestor.py:_fetch_single_sync:154 -> middleware.py:apply_sync:96) from logger `RFC.middleware_content_saver`
[INFO] applied on CivitaiModelDownload(65139_Hevytraining), sent

2024-02-20 06:25:40,970 <requestor-worker-4:2579769, MainThread:140240668346176> (requestor.py:_fetch_single_sync:154 -> middleware.py:apply_sync:93) from logger `RFC.middleware_content_saver`
[INFO] applying on CivitaiModelDownload(59752_v1.0), received

2024-02-20 06:25:44,204 <requestor-worker-4:2579769, MainThread:140240668346176> (requestor.py:_fetch_single_sync:154 -> middleware.py:apply_sync:96) from logger `RFC.middleware_content_saver`
[INFO] applied on CivitaiModelDownload(59752_v1.0), sent

2024-02-20 06:26:13,474 <requestor-worker-4:2579769, MainThread:140240668346176> (requestor.py:_fetch_single_sync:154 -> middleware.py:apply_sync:93) from logger `RFC.middleware_content_saver`
[INFO] applying on CivitaiModelDownload(261308_v1.0), received

2024-02-20 06:26:13,485 <requestor-worker-4:2579769, MainThread:140240668346176> (requestor.py:_fetch_single_sync:154 -> middleware.py:apply_sync:96) from logger `RFC.middleware_content_saver`
[INFO] applied on CivitaiModelDownload(261308_v1.0), sent

2024-02-20 06:26:25,721 <requestor-worker-4:2579769, MainThread:140240668346176> (requestor.py:_fetch_single_sync:154 -> middleware.py:apply_sync:93) from logger `RFC.middleware_content_saver`
[INFO] applying on CivitaiModelDownload(19251_v1.0), received

2024-02-20 06:26:26,070 <requestor-worker-4:2579769, MainThread:140240668346176> (requestor.py:_fetch_single_sync:154 -> middleware.py:apply_sync:96) from logger `RFC.middleware_content_saver`
[INFO] applied on CivitaiModelDownload(19251_v1.0), sent

2024-02-20 06:28:44,863 <requestor-worker-4:2579769, MainThread:140240668346176> (requestor.py:_fetch_single_sync:154 -> middleware.py:apply_sync:93) from logger `RFC.middleware_content_saver`
[INFO] applying on CivitaiModelDownload(135448_v2.0), received

2024-02-20 06:28:44,918 <requestor-worker-4:2579769, MainThread:140240668346176> (requestor.py:_fetch_single_sync:154 -> middleware.py:apply_sync:96) from logger `RFC.middleware_content_saver`
[INFO] applied on CivitaiModelDownload(135448_v2.0), sent

2024-02-20 06:29:17,706 <requestor-worker-4:2579769, MainThread:140240668346176> (requestor.py:_fetch_single_sync:154 -> middleware.py:apply_sync:93) from logger `RFC.middleware_content_saver`
[INFO] applying on CivitaiModelDownload(40598_v1.5beta), received

2024-02-20 06:29:17,735 <requestor-worker-4:2579769, MainThread:140240668346176> (requestor.py:_fetch_single_sync:154 -> middleware.py:apply_sync:96) from logger `RFC.middleware_content_saver`
[INFO] applied on CivitaiModelDownload(40598_v1.5beta), sent

2024-02-20 06:32:06,945 <requestor-worker-4:2579769, MainThread:140240668346176> (requestor.py:_fetch_single_sync:154 -> middleware.py:apply_sync:93) from logger `RFC.middleware_content_saver`
[INFO] applying on CivitaiModelDownload(255200_SDXL), received

2024-02-20 06:32:07,622 <requestor-worker-4:2579769, MainThread:140240668346176> (requestor.py:_fetch_single_sync:154 -> middleware.py:apply_sync:96) from logger `RFC.middleware_content_saver`
[INFO] applied on CivitaiModelDownload(255200_SDXL), sent

2024-02-20 06:33:08,027 <requestor-worker-4:2579769, MainThread:140240668346176> (requestor.py:_fetch_single_sync:154 -> middleware.py:apply_sync:93) from logger `RFC.middleware_content_saver`
[INFO] applying on CivitaiModelDownload(144271_v1.0), received

2024-02-20 06:33:08,042 <requestor-worker-4:2579769, MainThread:140240668346176> (requestor.py:_fetch_single_sync:154 -> middleware.py:apply_sync:96) from logger `RFC.middleware_content_saver`
[INFO] applied on CivitaiModelDownload(144271_v1.0), sent

2024-02-20 06:34:19,264 <requestor-worker-4:2579769, MainThread:140240668346176> (requestor.py:_fetch_single_sync:154 -> middleware.py:apply_sync:93) from logger `RFC.middleware_content_saver`
[INFO] applying on CivitaiModelDownload(94515_v1.0), received

2024-02-20 06:34:19,279 <requestor-worker-4:2579769, MainThread:140240668346176> (requestor.py:_fetch_single_sync:154 -> middleware.py:apply_sync:96) from logger `RFC.middleware_content_saver`
[INFO] applied on CivitaiModelDownload(94515_v1.0), sent

2024-02-20 06:35:51,585 <requestor-worker-4:2579769, MainThread:140240668346176> (requestor.py:_fetch_single_sync:154 -> middleware.py:apply_sync:93) from logger `RFC.middleware_content_saver`
[INFO] applying on CivitaiModelDownload(93517_v1.0), received

2024-02-20 06:35:51,635 <requestor-worker-4:2579769, MainThread:140240668346176> (requestor.py:_fetch_single_sync:154 -> middleware.py:apply_sync:96) from logger `RFC.middleware_content_saver`
[INFO] applied on CivitaiModelDownload(93517_v1.0), sent

2024-02-20 06:37:43,773 <requestor-worker-4:2579769, MainThread:140240668346176> (requestor.py:_fetch_single_sync:154 -> middleware.py:apply_sync:93) from logger `RFC.middleware_content_saver`
[INFO] applying on CivitaiModelDownload(221266_v1.0), received

2024-02-20 06:37:49,443 <requestor-worker-4:2579769, MainThread:140240668346176> (requestor.py:_fetch_single_sync:154 -> middleware.py:apply_sync:96) from logger `RFC.middleware_content_saver`
[INFO] applied on CivitaiModelDownload(221266_v1.0), sent

2024-02-20 06:38:05,644 <requestor-worker-4:2579769, MainThread:140240668346176> (requestor.py:_fetch_single_sync:154 -> middleware.py:apply_sync:93) from logger `RFC.middleware_content_saver`
[INFO] applying on CivitaiModelDownload(152813_v1.0), received

2024-02-20 06:38:05,650 <requestor-worker-4:2579769, MainThread:140240668346176> (requestor.py:_fetch_single_sync:154 -> middleware.py:apply_sync:96) from logger `RFC.middleware_content_saver`
[INFO] applied on CivitaiModelDownload(152813_v1.0), sent

2024-02-20 06:39:42,818 <requestor-worker-4:2579769, MainThread:140240668346176> (requestor.py:_fetch_single_sync:154 -> middleware.py:apply_sync:93) from logger `RFC.middleware_content_saver`
[INFO] applying on CivitaiModelDownload(183587_Biogunv1), received

2024-02-20 06:39:42,870 <requestor-worker-4:2579769, MainThread:140240668346176> (requestor.py:_fetch_single_sync:154 -> middleware.py:apply_sync:96) from logger `RFC.middleware_content_saver`
[INFO] applied on CivitaiModelDownload(183587_Biogunv1), sent

2024-02-20 06:49:25,536 <requestor-worker-4:2579769, MainThread:140240668346176> (requestor.py:_fetch_single_sync:154 -> middleware.py:apply_sync:93) from logger `RFC.middleware_content_saver`
[INFO] applying on CivitaiModelDownload(31776_BindingShortsV1), received

2024-02-20 06:49:25,591 <requestor-worker-4:2579769, MainThread:140240668346176> (requestor.py:_fetch_single_sync:154 -> middleware.py:apply_sync:96) from logger `RFC.middleware_content_saver`
[INFO] applied on CivitaiModelDownload(31776_BindingShortsV1), sent

2024-02-20 06:50:39,705 <requestor-worker-4:2579769, MainThread:140240668346176> (requestor.py:_fetch_single_sync:154 -> middleware.py:apply_sync:93) from logger `RFC.middleware_content_saver`
[INFO] applying on CivitaiModelDownload(258907_CasinoSecurity), received

2024-02-20 06:50:39,756 <requestor-worker-4:2579769, MainThread:140240668346176> (requestor.py:_fetch_single_sync:154 -> middleware.py:apply_sync:96) from logger `RFC.middleware_content_saver`
[INFO] applied on CivitaiModelDownload(258907_CasinoSecurity), sent

2024-02-20 06:51:33,799 <requestor-worker-4:2579769, MainThread:140240668346176> (requestor.py:_fetch_single_sync:154 -> middleware.py:apply_sync:93) from logger `RFC.middleware_content_saver`
[INFO] applying on CivitaiModelDownload(85624_v1.0), received

2024-02-20 06:51:34,522 <requestor-worker-4:2579769, MainThread:140240668346176> (requestor.py:_fetch_single_sync:154 -> middleware.py:apply_sync:96) from logger `RFC.middleware_content_saver`
[INFO] applied on CivitaiModelDownload(85624_v1.0), sent

2024-02-20 06:51:44,396 <requestor-worker-4:2579769, MainThread:140240668346176> (requestor.py:_fetch_single_sync:154 -> middleware.py:apply_sync:93) from logger `RFC.middleware_content_saver`
[INFO] applying on CivitaiModelDownload(30945_AoM3), received

2024-02-20 06:51:44,402 <requestor-worker-4:2579769, MainThread:140240668346176> (requestor.py:_fetch_single_sync:154 -> middleware.py:apply_sync:96) from logger `RFC.middleware_content_saver`
[INFO] applied on CivitaiModelDownload(30945_AoM3), sent

2024-02-20 06:53:14,264 <requestor-worker-4:2579769, MainThread:140240668346176> (requestor.py:_fetch_single_sync:154 -> middleware.py:apply_sync:93) from logger `RFC.middleware_content_saver`
[INFO] applying on CivitaiModelDownload(53565_v1.0), received

2024-02-20 06:53:15,272 <requestor-worker-4:2579769, MainThread:140240668346176> (requestor.py:_fetch_single_sync:154 -> middleware.py:apply_sync:96) from logger `RFC.middleware_content_saver`
[INFO] applied on CivitaiModelDownload(53565_v1.0), sent

2024-02-20 06:53:34,576 <requestor-worker-4:2579769, MainThread:140240668346176> (requestor.py:_fetch_single_sync:154 -> middleware.py:apply_sync:93) from logger `RFC.middleware_content_saver`
[INFO] applying on CivitaiModelDownload(279008_Velvet), received

2024-02-20 06:53:34,594 <requestor-worker-4:2579769, MainThread:140240668346176> (requestor.py:_fetch_single_sync:154 -> middleware.py:apply_sync:96) from logger `RFC.middleware_content_saver`
[INFO] applied on CivitaiModelDownload(279008_Velvet), sent

2024-02-20 06:55:12,153 <requestor-worker-4:2579769, MainThread:140240668346176> (requestor.py:_fetch_single_sync:154 -> middleware.py:apply_sync:93) from logger `RFC.middleware_content_saver`
[INFO] applying on CivitaiModelDownload(103780_v1.0), received

2024-02-20 06:55:12,727 <requestor-worker-4:2579769, MainThread:140240668346176> (requestor.py:_fetch_single_sync:154 -> middleware.py:apply_sync:96) from logger `RFC.middleware_content_saver`
[INFO] applied on CivitaiModelDownload(103780_v1.0), sent

2024-02-20 06:56:28,260 <requestor-worker-4:2579769, MainThread:140240668346176> (requestor.py:_fetch_single_sync:154 -> middleware.py:apply_sync:93) from logger `RFC.middleware_content_saver`
[INFO] applying on CivitaiModelDownload(69004_v1.0), received

2024-02-20 06:56:28,301 <requestor-worker-4:2579769, MainThread:140240668346176> (requestor.py:_fetch_single_sync:154 -> middleware.py:apply_sync:96) from logger `RFC.middleware_content_saver`
[INFO] applied on CivitaiModelDownload(69004_v1.0), sent

2024-02-20 06:57:28,790 <requestor-worker-4:2579769, MainThread:140240668346176> (requestor.py:_fetch_single_sync:154 -> middleware.py:apply_sync:93) from logger `RFC.middleware_content_saver`
[INFO] applying on CivitaiModelDownload(40407_v1.1), received

2024-02-20 06:57:28,825 <requestor-worker-4:2579769, MainThread:140240668346176> (requestor.py:_fetch_single_sync:154 -> middleware.py:apply_sync:96) from logger `RFC.middleware_content_saver`
[INFO] applied on CivitaiModelDownload(40407_v1.1), sent

2024-02-20 06:57:49,852 <requestor-worker-4:2579769, MainThread:140240668346176> (requestor.py:_fetch_single_sync:154 -> middleware.py:apply_sync:93) from logger `RFC.middleware_content_saver`
[INFO] applying on CivitaiModelDownload(160469_v0.2), received

2024-02-20 06:57:50,456 <requestor-worker-4:2579769, MainThread:140240668346176> (requestor.py:_fetch_single_sync:154 -> middleware.py:apply_sync:96) from logger `RFC.middleware_content_saver`
[INFO] applied on CivitaiModelDownload(160469_v0.2), sent

2024-02-20 06:58:28,087 <requestor-worker-4:2579769, MainThread:140240668346176> (requestor.py:_fetch_single_sync:154 -> middleware.py:apply_sync:93) from logger `RFC.middleware_content_saver`
[INFO] applying on CivitaiModelDownload(64911_v1.0), received

2024-02-20 06:58:28,103 <requestor-worker-4:2579769, MainThread:140240668346176> (requestor.py:_fetch_single_sync:154 -> middleware.py:apply_sync:96) from logger `RFC.middleware_content_saver`
[INFO] applied on CivitaiModelDownload(64911_v1.0), sent

2024-02-20 06:58:40,539 <requestor-worker-4:2579769, MainThread:140240668346176> (requestor.py:_fetch_single_sync:154 -> middleware.py:apply_sync:93) from logger `RFC.middleware_content_saver`
[INFO] applying on CivitaiModelDownload(263047_v01.10.10.02), received

2024-02-20 06:58:40,554 <requestor-worker-4:2579769, MainThread:140240668346176> (requestor.py:_fetch_single_sync:154 -> middleware.py:apply_sync:96) from logger `RFC.middleware_content_saver`
[INFO] applied on CivitaiModelDownload(263047_v01.10.10.02), sent

2024-02-20 06:59:33,434 <requestor-worker-4:2579769, MainThread:140240668346176> (requestor.py:_fetch_single_sync:154 -> middleware.py:apply_sync:93) from logger `RFC.middleware_content_saver`
[INFO] applying on CivitaiModelDownload(107108_v1.0), received

2024-02-20 06:59:33,448 <requestor-worker-4:2579769, MainThread:140240668346176> (requestor.py:_fetch_single_sync:154 -> middleware.py:apply_sync:96) from logger `RFC.middleware_content_saver`
[INFO] applied on CivitaiModelDownload(107108_v1.0), sent

2024-02-20 07:00:08,203 <requestor-worker-4:2579769, MainThread:140240668346176> (requestor.py:_fetch_single_sync:154 -> middleware.py:apply_sync:93) from logger `RFC.middleware_content_saver`
[INFO] applying on CivitaiModelDownload(241040_v1.0), received

2024-02-20 07:00:08,231 <requestor-worker-4:2579769, MainThread:140240668346176> (requestor.py:_fetch_single_sync:154 -> middleware.py:apply_sync:96) from logger `RFC.middleware_content_saver`
[INFO] applied on CivitaiModelDownload(241040_v1.0), sent

2024-02-20 07:03:26,502 <requestor-worker-4:2579769, MainThread:140240668346176> (requestor.py:_fetch_single_sync:154 -> middleware.py:apply_sync:93) from logger `RFC.middleware_content_saver`
[INFO] applying on CivitaiModelDownload(308454_v1.0), received

2024-02-20 07:03:31,575 <requestor-worker-4:2579769, MainThread:140240668346176> (requestor.py:_fetch_single_sync:154 -> middleware.py:apply_sync:96) from logger `RFC.middleware_content_saver`
[INFO] applied on CivitaiModelDownload(308454_v1.0), sent

2024-02-20 07:04:43,303 <requestor-worker-4:2579769, MainThread:140240668346176> (requestor.py:_fetch_single_sync:154 -> middleware.py:apply_sync:93) from logger `RFC.middleware_content_saver`
[INFO] applying on CivitaiModelDownload(296859_v1.0), received

2024-02-20 07:04:45,903 <requestor-worker-4:2579769, MainThread:140240668346176> (requestor.py:_fetch_single_sync:154 -> middleware.py:apply_sync:96) from logger `RFC.middleware_content_saver`
[INFO] applied on CivitaiModelDownload(296859_v1.0), sent

2024-02-20 07:05:28,586 <requestor-worker-4:2579769, MainThread:140240668346176> (requestor.py:_fetch_single_sync:154 -> middleware.py:apply_sync:93) from logger `RFC.middleware_content_saver`
[INFO] applying on CivitaiModelDownload(245973_v1.0), received

2024-02-20 07:05:28,734 <requestor-worker-4:2579769, MainThread:140240668346176> (requestor.py:_fetch_single_sync:154 -> middleware.py:apply_sync:96) from logger `RFC.middleware_content_saver`
[INFO] applied on CivitaiModelDownload(245973_v1.0), sent

2024-02-20 07:06:18,240 <requestor-worker-4:2579769, MainThread:140240668346176> (requestor.py:_fetch_single_sync:154 -> middleware.py:apply_sync:93) from logger `RFC.middleware_content_saver`
[INFO] applying on CivitaiModelDownload(117286_v1.0), received

2024-02-20 07:06:18,266 <requestor-worker-4:2579769, MainThread:140240668346176> (requestor.py:_fetch_single_sync:154 -> middleware.py:apply_sync:96) from logger `RFC.middleware_content_saver`
[INFO] applied on CivitaiModelDownload(117286_v1.0), sent

2024-02-20 07:06:37,197 <requestor-worker-4:2579769, MainThread:140240668346176> (requestor.py:_fetch_single_sync:154 -> middleware.py:apply_sync:93) from logger `RFC.middleware_content_saver`
[INFO] applying on CivitaiModelDownload(126482_Bdaddy-v1.0), received

2024-02-20 07:06:37,213 <requestor-worker-4:2579769, MainThread:140240668346176> (requestor.py:_fetch_single_sync:154 -> middleware.py:apply_sync:96) from logger `RFC.middleware_content_saver`
[INFO] applied on CivitaiModelDownload(126482_Bdaddy-v1.0), sent

2024-02-20 07:08:18,822 <requestor-worker-4:2579769, MainThread:140240668346176> (requestor.py:_fetch_single_sync:154 -> middleware.py:apply_sync:93) from logger `RFC.middleware_content_saver`
[INFO] applying on CivitaiModelDownload(172858_v1.0), received

2024-02-20 07:08:21,695 <requestor-worker-4:2579769, MainThread:140240668346176> (requestor.py:_fetch_single_sync:154 -> middleware.py:apply_sync:96) from logger `RFC.middleware_content_saver`
[INFO] applied on CivitaiModelDownload(172858_v1.0), sent

2024-02-20 07:09:18,914 <requestor-worker-4:2579769, MainThread:140240668346176> (requestor.py:_fetch_single_sync:154 -> middleware.py:apply_sync:93) from logger `RFC.middleware_content_saver`
[INFO] applying on CivitaiModelDownload(172613_BibelAngelsV1), received

2024-02-20 07:09:18,954 <requestor-worker-4:2579769, MainThread:140240668346176> (requestor.py:_fetch_single_sync:154 -> middleware.py:apply_sync:96) from logger `RFC.middleware_content_saver`
[INFO] applied on CivitaiModelDownload(172613_BibelAngelsV1), sent

2024-02-20 07:09:41,237 <requestor-worker-4:2579769, MainThread:140240668346176> (requestor.py:_fetch_single_sync:154 -> middleware.py:apply_sync:93) from logger `RFC.middleware_content_saver`
[INFO] applying on CivitaiModelDownload(105407_v1.0), received

2024-02-20 07:09:41,254 <requestor-worker-4:2579769, MainThread:140240668346176> (requestor.py:_fetch_single_sync:154 -> middleware.py:apply_sync:96) from logger `RFC.middleware_content_saver`
[INFO] applied on CivitaiModelDownload(105407_v1.0), sent

2024-02-20 07:09:55,121 <requestor-worker-4:2579769, MainThread:140240668346176> (requestor.py:_fetch_single_sync:154 -> middleware.py:apply_sync:93) from logger `RFC.middleware_content_saver`
[INFO] applying on CivitaiModelDownload(176521_v1.0), received

2024-02-20 07:09:55,135 <requestor-worker-4:2579769, MainThread:140240668346176> (requestor.py:_fetch_single_sync:154 -> middleware.py:apply_sync:96) from logger `RFC.middleware_content_saver`
[INFO] applied on CivitaiModelDownload(176521_v1.0), sent

2024-02-20 07:10:04,350 <requestor-worker-4:2579769, MainThread:140240668346176> (requestor.py:_fetch_single_sync:154 -> middleware.py:apply_sync:93) from logger `RFC.middleware_content_saver`
[INFO] applying on CivitaiModelDownload(242104_v1), received

2024-02-20 07:10:04,359 <requestor-worker-4:2579769, MainThread:140240668346176> (requestor.py:_fetch_single_sync:154 -> middleware.py:apply_sync:96) from logger `RFC.middleware_content_saver`
[INFO] applied on CivitaiModelDownload(242104_v1), sent

2024-02-20 07:10:16,062 <requestor-worker-4:2579769, MainThread:140240668346176> (requestor.py:_fetch_single_sync:154 -> middleware.py:apply_sync:93) from logger `RFC.middleware_content_saver`
[INFO] applying on CivitaiModelDownload(126073_v1.0), received

2024-02-20 07:10:16,077 <requestor-worker-4:2579769, MainThread:140240668346176> (requestor.py:_fetch_single_sync:154 -> middleware.py:apply_sync:96) from logger `RFC.middleware_content_saver`
[INFO] applied on CivitaiModelDownload(126073_v1.0), sent

2024-02-20 07:11:52,424 <requestor-worker-4:2579769, MainThread:140240668346176> (requestor.py:_fetch_single_sync:154 -> middleware.py:apply_sync:93) from logger `RFC.middleware_content_saver`
[INFO] applying on CivitaiModelDownload(306811_v1.0), received

2024-02-20 07:11:52,991 <requestor-worker-4:2579769, MainThread:140240668346176> (requestor.py:_fetch_single_sync:154 -> middleware.py:apply_sync:96) from logger `RFC.middleware_content_saver`
[INFO] applied on CivitaiModelDownload(306811_v1.0), sent

2024-02-20 07:12:32,300 <requestor-worker-4:2579769, MainThread:140240668346176> (requestor.py:_fetch_single_sync:154 -> middleware.py:apply_sync:93) from logger `RFC.middleware_content_saver`
[INFO] applying on CivitaiModelDownload(85703_v1.0), received

2024-02-20 07:12:32,316 <requestor-worker-4:2579769, MainThread:140240668346176> (requestor.py:_fetch_single_sync:154 -> middleware.py:apply_sync:96) from logger `RFC.middleware_content_saver`
[INFO] applied on CivitaiModelDownload(85703_v1.0), sent

2024-02-20 07:14:41,360 <requestor-worker-4:2579769, MainThread:140240668346176> (requestor.py:_fetch_single_sync:154 -> middleware.py:apply_sync:93) from logger `RFC.middleware_content_saver`
[INFO] applying on CivitaiModelDownload(188749_v1.05), received

2024-02-20 07:14:43,201 <requestor-worker-4:2579769, MainThread:140240668346176> (requestor.py:_fetch_single_sync:154 -> middleware.py:apply_sync:96) from logger `RFC.middleware_content_saver`
[INFO] applied on CivitaiModelDownload(188749_v1.05), sent

2024-02-20 07:15:21,495 <requestor-worker-4:2579769, MainThread:140240668346176> (requestor.py:_fetch_single_sync:154 -> middleware.py:apply_sync:93) from logger `RFC.middleware_content_saver`
[INFO] applying on CivitaiModelDownload(155585_v1.0), received

2024-02-20 07:15:21,510 <requestor-worker-4:2579769, MainThread:140240668346176> (requestor.py:_fetch_single_sync:154 -> middleware.py:apply_sync:96) from logger `RFC.middleware_content_saver`
[INFO] applied on CivitaiModelDownload(155585_v1.0), sent

2024-02-20 07:18:43,321 <requestor-worker-4:2579769, MainThread:140240668346176> (requestor.py:_fetch_single_sync:154 -> middleware.py:apply_sync:93) from logger `RFC.middleware_content_saver`
[INFO] applying on CivitaiModelDownload(174484_BeverlyD'AngeloLoRAV1), received

2024-02-20 07:18:47,626 <requestor-worker-4:2579769, MainThread:140240668346176> (requestor.py:_fetch_single_sync:154 -> middleware.py:apply_sync:96) from logger `RFC.middleware_content_saver`
[INFO] applied on CivitaiModelDownload(174484_BeverlyD'AngeloLoRAV1), sent

2024-02-20 07:19:06,794 <requestor-worker-4:2579769, MainThread:140240668346176> (requestor.py:_fetch_single_sync:154 -> middleware.py:apply_sync:93) from logger `RFC.middleware_content_saver`
[INFO] applying on CivitaiModelDownload(141142_Onepiecev2), received

2024-02-20 07:19:06,829 <requestor-worker-4:2579769, MainThread:140240668346176> (requestor.py:_fetch_single_sync:154 -> middleware.py:apply_sync:96) from logger `RFC.middleware_content_saver`
[INFO] applied on CivitaiModelDownload(141142_Onepiecev2), sent

2024-02-20 07:19:14,433 <requestor-worker-4:2579769, MainThread:140240668346176> (requestor.py:_fetch_single_sync:154 -> middleware.py:apply_sync:93) from logger `RFC.middleware_content_saver`
[INFO] applying on CivitaiModelDownload(171419_v1.0), received

2024-02-20 07:19:14,443 <requestor-worker-4:2579769, MainThread:140240668346176> (requestor.py:_fetch_single_sync:154 -> middleware.py:apply_sync:96) from logger `RFC.middleware_content_saver`
[INFO] applied on CivitaiModelDownload(171419_v1.0), sent

2024-02-20 07:19:34,469 <requestor-worker-4:2579769, MainThread:140240668346176> (requestor.py:_fetch_single_sync:154 -> middleware.py:apply_sync:93) from logger `RFC.middleware_content_saver`
[INFO] applying on CivitaiModelDownload(122884_v1.0-Base), received

2024-02-20 07:19:34,477 <requestor-worker-4:2579769, MainThread:140240668346176> (requestor.py:_fetch_single_sync:154 -> middleware.py:apply_sync:96) from logger `RFC.middleware_content_saver`
[INFO] applied on CivitaiModelDownload(122884_v1.0-Base), sent

2024-02-20 07:21:37,973 <requestor-worker-4:2579769, MainThread:140240668346176> (requestor.py:_fetch_single_sync:154 -> middleware.py:apply_sync:93) from logger `RFC.middleware_content_saver`
[INFO] applying on CivitaiModelDownload(26694_1.0), received

2024-02-20 07:21:38,024 <requestor-worker-4:2579769, MainThread:140240668346176> (requestor.py:_fetch_single_sync:154 -> middleware.py:apply_sync:96) from logger `RFC.middleware_content_saver`
[INFO] applied on CivitaiModelDownload(26694_1.0), sent

2024-02-20 07:22:02,915 <requestor-worker-4:2579769, MainThread:140240668346176> (requestor.py:_fetch_single_sync:154 -> middleware.py:apply_sync:93) from logger `RFC.middleware_content_saver`
[INFO] applying on CivitaiModelDownload(77534_v1.0), received

2024-02-20 07:22:02,924 <requestor-worker-4:2579769, MainThread:140240668346176> (requestor.py:_fetch_single_sync:154 -> middleware.py:apply_sync:96) from logger `RFC.middleware_content_saver`
[INFO] applied on CivitaiModelDownload(77534_v1.0), sent

2024-02-20 07:22:31,104 <requestor-worker-4:2579769, MainThread:140240668346176> (requestor.py:_fetch_single_sync:154 -> middleware.py:apply_sync:93) from logger `RFC.middleware_content_saver`
[INFO] applying on CivitaiModelDownload(255710_BetterNudeMen), received

2024-02-20 07:22:31,118 <requestor-worker-4:2579769, MainThread:140240668346176> (requestor.py:_fetch_single_sync:154 -> middleware.py:apply_sync:96) from logger `RFC.middleware_content_saver`
[INFO] applied on CivitaiModelDownload(255710_BetterNudeMen), sent

2024-02-20 07:22:44,769 <requestor-worker-4:2579769, MainThread:140240668346176> (requestor.py:_fetch_single_sync:154 -> middleware.py:apply_sync:93) from logger `RFC.middleware_content_saver`
[INFO] applying on CivitaiModelDownload(68156_v1.0), received

2024-02-20 07:22:46,007 <requestor-worker-4:2579769, MainThread:140240668346176> (requestor.py:_fetch_single_sync:154 -> middleware.py:apply_sync:96) from logger `RFC.middleware_content_saver`
[INFO] applied on CivitaiModelDownload(68156_v1.0), sent

2024-02-20 07:24:08,251 <requestor-worker-4:2579769, MainThread:140240668346176> (requestor.py:_fetch_single_sync:154 -> middleware.py:apply_sync:93) from logger `RFC.middleware_content_saver`
[INFO] applying on CivitaiModelDownload(30669_offset2.0), received

2024-02-20 07:24:08,301 <requestor-worker-4:2579769, MainThread:140240668346176> (requestor.py:_fetch_single_sync:154 -> middleware.py:apply_sync:96) from logger `RFC.middleware_content_saver`
[INFO] applied on CivitaiModelDownload(30669_offset2.0), sent

2024-02-20 07:24:26,258 <requestor-worker-4:2579769, MainThread:140240668346176> (requestor.py:_fetch_single_sync:154 -> middleware.py:apply_sync:93) from logger `RFC.middleware_content_saver`
[INFO] applying on CivitaiModelDownload(143134_v1.0), received

2024-02-20 07:24:26,263 <requestor-worker-4:2579769, MainThread:140240668346176> (requestor.py:_fetch_single_sync:154 -> middleware.py:apply_sync:96) from logger `RFC.middleware_content_saver`
[INFO] applied on CivitaiModelDownload(143134_v1.0), sent

2024-02-20 07:24:55,973 <requestor-worker-4:2579769, MainThread:140240668346176> (requestor.py:_fetch_single_sync:154 -> middleware.py:apply_sync:93) from logger `RFC.middleware_content_saver`
[INFO] applying on CivitaiModelDownload(99105_v1.0), received

2024-02-20 07:24:56,001 <requestor-worker-4:2579769, MainThread:140240668346176> (requestor.py:_fetch_single_sync:154 -> middleware.py:apply_sync:96) from logger `RFC.middleware_content_saver`
[INFO] applied on CivitaiModelDownload(99105_v1.0), sent

2024-02-20 07:26:00,452 <requestor-worker-4:2579769, MainThread:140240668346176> (requestor.py:_fetch_single_sync:154 -> middleware.py:apply_sync:93) from logger `RFC.middleware_content_saver`
[INFO] applying on CivitaiModelDownload(238652_v1.0), received

2024-02-20 07:26:02,968 <requestor-worker-4:2579769, MainThread:140240668346176> (requestor.py:_fetch_single_sync:154 -> middleware.py:apply_sync:96) from logger `RFC.middleware_content_saver`
[INFO] applied on CivitaiModelDownload(238652_v1.0), sent

2024-02-20 07:26:50,264 <requestor-worker-4:2579769, MainThread:140240668346176> (requestor.py:_fetch_single_sync:154 -> middleware.py:apply_sync:93) from logger `RFC.middleware_content_saver`
[INFO] applying on CivitaiModelDownload(180051_v1), received

2024-02-20 07:26:50,278 <requestor-worker-4:2579769, MainThread:140240668346176> (requestor.py:_fetch_single_sync:154 -> middleware.py:apply_sync:96) from logger `RFC.middleware_content_saver`
[INFO] applied on CivitaiModelDownload(180051_v1), sent

2024-02-20 07:27:51,977 <requestor-worker-4:2579769, MainThread:140240668346176> (requestor.py:_fetch_single_sync:154 -> middleware.py:apply_sync:93) from logger `RFC.middleware_content_saver`
[INFO] applying on CivitaiModelDownload(205276_v1.0), received

2024-02-20 07:27:52,005 <requestor-worker-4:2579769, MainThread:140240668346176> (requestor.py:_fetch_single_sync:154 -> middleware.py:apply_sync:96) from logger `RFC.middleware_content_saver`
[INFO] applied on CivitaiModelDownload(205276_v1.0), sent

2024-02-20 07:29:32,833 <requestor-worker-4:2579769, MainThread:140240668346176> (requestor.py:_fetch_single_sync:154 -> middleware.py:apply_sync:93) from logger `RFC.middleware_content_saver`
[INFO] applying on CivitaiModelDownload(203179_v1.0), received

2024-02-20 07:29:37,244 <requestor-worker-4:2579769, MainThread:140240668346176> (requestor.py:_fetch_single_sync:154 -> middleware.py:apply_sync:96) from logger `RFC.middleware_content_saver`
[INFO] applied on CivitaiModelDownload(203179_v1.0), sent

2024-02-20 07:30:52,787 <requestor-worker-4:2579769, MainThread:140240668346176> (requestor.py:_fetch_single_sync:154 -> middleware.py:apply_sync:93) from logger `RFC.middleware_content_saver`
[INFO] applying on CivitaiModelDownload(162440_BerndandHillaBecherPhotographyXL), received

2024-02-20 07:30:55,934 <requestor-worker-4:2579769, MainThread:140240668346176> (requestor.py:_fetch_single_sync:154 -> middleware.py:apply_sync:96) from logger `RFC.middleware_content_saver`
[INFO] applied on CivitaiModelDownload(162440_BerndandHillaBecherPhotographyXL), sent

2024-02-20 07:30:57,473 <requestor-worker-4:2579769, MainThread:140240668346176> (requestor.py:_fetch_single_sync:154 -> middleware.py:apply_sync:93) from logger `RFC.middleware_content_saver`
[INFO] applying on CivitaiModelDownload(39204_Beowulv1.0), received

2024-02-20 07:30:57,484 <requestor-worker-4:2579769, MainThread:140240668346176> (requestor.py:_fetch_single_sync:154 -> middleware.py:apply_sync:96) from logger `RFC.middleware_content_saver`
[INFO] applied on CivitaiModelDownload(39204_Beowulv1.0), sent

2024-02-20 07:31:06,723 <requestor-worker-4:2579769, MainThread:140240668346176> (requestor.py:_fetch_single_sync:154 -> middleware.py:apply_sync:93) from logger `RFC.middleware_content_saver`
[INFO] applying on CivitaiModelDownload(30884_Benten), received

2024-02-20 07:31:06,725 <requestor-worker-4:2579769, MainThread:140240668346176> (requestor.py:_fetch_single_sync:154 -> middleware.py:apply_sync:96) from logger `RFC.middleware_content_saver`
[INFO] applied on CivitaiModelDownload(30884_Benten), sent

2024-02-20 07:31:42,655 <requestor-worker-4:2579769, MainThread:140240668346176> (requestor.py:_fetch_single_sync:154 -> middleware.py:apply_sync:93) from logger `RFC.middleware_content_saver`
[INFO] applying on CivitaiModelDownload(106374_benny-fnv-richy-v1), received

2024-02-20 07:31:42,670 <requestor-worker-4:2579769, MainThread:140240668346176> (requestor.py:_fetch_single_sync:154 -> middleware.py:apply_sync:96) from logger `RFC.middleware_content_saver`
[INFO] applied on CivitaiModelDownload(106374_benny-fnv-richy-v1), sent

2024-02-20 07:33:19,580 <requestor-worker-4:2579769, MainThread:140240668346176> (requestor.py:_fetch_single_sync:154 -> middleware.py:apply_sync:93) from logger `RFC.middleware_content_saver`
[INFO] applying on CivitaiModelDownload(75588_v2.0), received

2024-02-20 07:33:19,634 <requestor-worker-4:2579769, MainThread:140240668346176> (requestor.py:_fetch_single_sync:154 -> middleware.py:apply_sync:96) from logger `RFC.middleware_content_saver`
[INFO] applied on CivitaiModelDownload(75588_v2.0), sent

2024-02-20 07:33:35,281 <requestor-worker-4:2579769, MainThread:140240668346176> (requestor.py:_fetch_single_sync:154 -> middleware.py:apply_sync:93) from logger `RFC.middleware_content_saver`
[INFO] applying on CivitaiModelDownload(102142_v1.1), received

2024-02-20 07:33:35,287 <requestor-worker-4:2579769, MainThread:140240668346176> (requestor.py:_fetch_single_sync:154 -> middleware.py:apply_sync:96) from logger `RFC.middleware_content_saver`
[INFO] applied on CivitaiModelDownload(102142_v1.1), sent

2024-02-20 07:33:51,288 <requestor-worker-4:2579769, MainThread:140240668346176> (requestor.py:_fetch_single_sync:154 -> middleware.py:apply_sync:93) from logger `RFC.middleware_content_saver`
[INFO] applying on CivitaiModelDownload(95509_v0.1), received

2024-02-20 07:33:51,295 <requestor-worker-4:2579769, MainThread:140240668346176> (requestor.py:_fetch_single_sync:154 -> middleware.py:apply_sync:96) from logger `RFC.middleware_content_saver`
[INFO] applied on CivitaiModelDownload(95509_v0.1), sent

2024-02-20 07:33:52,486 <requestor-worker-4:2579769, MainThread:140240668346176> (requestor.py:_fetch_single_sync:154 -> middleware.py:apply_sync:93) from logger `RFC.middleware_content_saver`
[INFO] applying on CivitaiModelDownload(86088_v1.0), received

2024-02-20 07:33:52,489 <requestor-worker-4:2579769, MainThread:140240668346176> (requestor.py:_fetch_single_sync:154 -> middleware.py:apply_sync:96) from logger `RFC.middleware_content_saver`
[INFO] applied on CivitaiModelDownload(86088_v1.0), sent

2024-02-20 07:33:57,296 <requestor-worker-4:2579769, MainThread:140240668346176> (requestor.py:_fetch_single_sync:154 -> middleware.py:apply_sync:93) from logger `RFC.middleware_content_saver`
[INFO] applying on CivitaiModelDownload(182118_v1.0), received

2024-02-20 07:33:57,302 <requestor-worker-4:2579769, MainThread:140240668346176> (requestor.py:_fetch_single_sync:154 -> middleware.py:apply_sync:96) from logger `RFC.middleware_content_saver`
[INFO] applied on CivitaiModelDownload(182118_v1.0), sent

2024-02-20 07:34:45,377 <requestor-worker-4:2579769, MainThread:140240668346176> (requestor.py:_fetch_single_sync:154 -> middleware.py:apply_sync:93) from logger `RFC.middleware_content_saver`
[INFO] applying on CivitaiModelDownload(224434_A), received

2024-02-20 07:34:45,393 <requestor-worker-4:2579769, MainThread:140240668346176> (requestor.py:_fetch_single_sync:154 -> middleware.py:apply_sync:96) from logger `RFC.middleware_content_saver`
[INFO] applied on CivitaiModelDownload(224434_A), sent

2024-02-20 07:36:22,934 <requestor-worker-4:2579769, MainThread:140240668346176> (requestor.py:_fetch_single_sync:154 -> middleware.py:apply_sync:93) from logger `RFC.middleware_content_saver`
[INFO] applying on CivitaiModelDownload(153724_SDXL), received

2024-02-20 07:36:26,972 <requestor-worker-4:2579769, MainThread:140240668346176> (requestor.py:_fetch_single_sync:154 -> middleware.py:apply_sync:96) from logger `RFC.middleware_content_saver`
[INFO] applied on CivitaiModelDownload(153724_SDXL), sent

2024-02-20 07:36:49,276 <requestor-worker-4:2579769, MainThread:140240668346176> (requestor.py:_fetch_single_sync:154 -> middleware.py:apply_sync:93) from logger `RFC.middleware_content_saver`
[INFO] applying on CivitaiModelDownload(58554_v1.0), received

2024-02-20 07:36:49,284 <requestor-worker-4:2579769, MainThread:140240668346176> (requestor.py:_fetch_single_sync:154 -> middleware.py:apply_sync:96) from logger `RFC.middleware_content_saver`
[INFO] applied on CivitaiModelDownload(58554_v1.0), sent

2024-02-20 07:37:33,377 <requestor-worker-4:2579769, MainThread:140240668346176> (requestor.py:_fetch_single_sync:154 -> middleware.py:apply_sync:93) from logger `RFC.middleware_content_saver`
[INFO] applying on CivitaiModelDownload(253914_v1.0), received

2024-02-20 07:37:35,006 <requestor-worker-4:2579769, MainThread:140240668346176> (requestor.py:_fetch_single_sync:154 -> middleware.py:apply_sync:96) from logger `RFC.middleware_content_saver`
[INFO] applied on CivitaiModelDownload(253914_v1.0), sent

2024-02-20 07:38:27,548 <requestor-worker-4:2579769, MainThread:140240668346176> (requestor.py:_fetch_single_sync:154 -> middleware.py:apply_sync:93) from logger `RFC.middleware_content_saver`
[INFO] applying on CivitaiModelDownload(70532_v1.0), received

2024-02-20 07:38:27,559 <requestor-worker-4:2579769, MainThread:140240668346176> (requestor.py:_fetch_single_sync:154 -> middleware.py:apply_sync:96) from logger `RFC.middleware_content_saver`
[INFO] applied on CivitaiModelDownload(70532_v1.0), sent

2024-02-20 07:38:51,175 <requestor-worker-4:2579769, MainThread:140240668346176> (requestor.py:_fetch_single_sync:154 -> middleware.py:apply_sync:93) from logger `RFC.middleware_content_saver`
[INFO] applying on CivitaiModelDownload(108860_v1.0), received

2024-02-20 07:38:51,188 <requestor-worker-4:2579769, MainThread:140240668346176> (requestor.py:_fetch_single_sync:154 -> middleware.py:apply_sync:96) from logger `RFC.middleware_content_saver`
[INFO] applied on CivitaiModelDownload(108860_v1.0), sent

2024-02-20 07:39:06,809 <requestor-worker-4:2579769, MainThread:140240668346176> (requestor.py:_fetch_single_sync:154 -> middleware.py:apply_sync:93) from logger `RFC.middleware_content_saver`
[INFO] applying on CivitaiModelDownload(164087_v1.0), received

2024-02-20 07:39:06,819 <requestor-worker-4:2579769, MainThread:140240668346176> (requestor.py:_fetch_single_sync:154 -> middleware.py:apply_sync:96) from logger `RFC.middleware_content_saver`
[INFO] applied on CivitaiModelDownload(164087_v1.0), sent

2024-02-20 07:39:25,529 <requestor-worker-4:2579769, MainThread:140240668346176> (requestor.py:_fetch_single_sync:154 -> middleware.py:apply_sync:93) from logger `RFC.middleware_content_saver`
[INFO] applying on CivitaiModelDownload(82480_v1.0), received

2024-02-20 07:39:25,669 <requestor-worker-4:2579769, MainThread:140240668346176> (requestor.py:_fetch_single_sync:154 -> middleware.py:apply_sync:96) from logger `RFC.middleware_content_saver`
[INFO] applied on CivitaiModelDownload(82480_v1.0), sent

2024-02-20 07:39:45,613 <requestor-worker-4:2579769, MainThread:140240668346176> (requestor.py:_fetch_single_sync:154 -> middleware.py:apply_sync:93) from logger `RFC.middleware_content_saver`
[INFO] applying on CivitaiModelDownload(287618_v1.0), received

2024-02-20 07:39:45,882 <requestor-worker-4:2579769, MainThread:140240668346176> (requestor.py:_fetch_single_sync:154 -> middleware.py:apply_sync:96) from logger `RFC.middleware_content_saver`
[INFO] applied on CivitaiModelDownload(287618_v1.0), sent

2024-02-20 07:39:57,271 <requestor-worker-4:2579769, MainThread:140240668346176> (requestor.py:_fetch_single_sync:154 -> middleware.py:apply_sync:93) from logger `RFC.middleware_content_saver`
[INFO] applying on CivitaiModelDownload(19537_ShurikV1), received

2024-02-20 07:39:57,275 <requestor-worker-4:2579769, MainThread:140240668346176> (requestor.py:_fetch_single_sync:154 -> middleware.py:apply_sync:96) from logger `RFC.middleware_content_saver`
[INFO] applied on CivitaiModelDownload(19537_ShurikV1), sent

2024-02-20 07:40:05,013 <requestor-worker-4:2579769, MainThread:140240668346176> (requestor.py:_fetch_single_sync:154 -> middleware.py:apply_sync:93) from logger `RFC.middleware_content_saver`
[INFO] applying on CivitaiModelDownload(23288_ShurikV3), received

2024-02-20 07:40:05,016 <requestor-worker-4:2579769, MainThread:140240668346176> (requestor.py:_fetch_single_sync:154 -> middleware.py:apply_sync:96) from logger `RFC.middleware_content_saver`
[INFO] applied on CivitaiModelDownload(23288_ShurikV3), sent

2024-02-20 07:42:22,242 <requestor-worker-4:2579769, MainThread:140240668346176> (requestor.py:_fetch_single_sync:154 -> middleware.py:apply_sync:93) from logger `RFC.middleware_content_saver`
[INFO] applying on CivitaiModelDownload(119087_v1.0), received

2024-02-20 07:42:22,784 <requestor-worker-4:2579769, MainThread:140240668346176> (requestor.py:_fetch_single_sync:154 -> middleware.py:apply_sync:96) from logger `RFC.middleware_content_saver`
[INFO] applied on CivitaiModelDownload(119087_v1.0), sent

2024-02-20 07:44:05,413 <requestor-worker-4:2579769, MainThread:140240668346176> (requestor.py:_fetch_single_sync:154 -> middleware.py:apply_sync:93) from logger `RFC.middleware_content_saver`
[INFO] applying on CivitaiModelDownload(20391_BellaThorneV1), received

2024-02-20 07:44:06,764 <requestor-worker-4:2579769, MainThread:140240668346176> (requestor.py:_fetch_single_sync:154 -> middleware.py:apply_sync:96) from logger `RFC.middleware_content_saver`
[INFO] applied on CivitaiModelDownload(20391_BellaThorneV1), sent

2024-02-20 07:44:13,348 <requestor-worker-4:2579769, MainThread:140240668346176> (requestor.py:_fetch_single_sync:154 -> middleware.py:apply_sync:93) from logger `RFC.middleware_content_saver`
[INFO] applying on CivitaiModelDownload(32532_Bellalyn_v1), received

2024-02-20 07:44:13,351 <requestor-worker-4:2579769, MainThread:140240668346176> (requestor.py:_fetch_single_sync:154 -> middleware.py:apply_sync:96) from logger `RFC.middleware_content_saver`
[INFO] applied on CivitaiModelDownload(32532_Bellalyn_v1), sent

2024-02-20 07:51:50,562 <requestor-worker-4:2579769, MainThread:140240668346176> (requestor.py:_fetch_single_sync:154 -> middleware.py:apply_sync:93) from logger `RFC.middleware_content_saver`
[INFO] applying on CivitaiModelDownload(134000_v1.0), received

2024-02-20 07:52:22,662 <requestor-worker-4:2579769, MainThread:140240668346176> (requestor.py:_fetch_single_sync:154 -> middleware.py:apply_sync:96) from logger `RFC.middleware_content_saver`
[INFO] applied on CivitaiModelDownload(134000_v1.0), sent

2024-02-20 07:52:56,815 <requestor-worker-4:2579769, MainThread:140240668346176> (requestor.py:_fetch_single_sync:154 -> middleware.py:apply_sync:93) from logger `RFC.middleware_content_saver`
[INFO] applying on CivitaiModelDownload(161192_v1.0), received

2024-02-20 07:52:56,838 <requestor-worker-4:2579769, MainThread:140240668346176> (requestor.py:_fetch_single_sync:154 -> middleware.py:apply_sync:96) from logger `RFC.middleware_content_saver`
[INFO] applied on CivitaiModelDownload(161192_v1.0), sent

2024-02-20 07:54:21,961 <requestor-worker-4:2579769, MainThread:140240668346176> (requestor.py:_fetch_single_sync:154 -> middleware.py:apply_sync:93) from logger `RFC.middleware_content_saver`
[INFO] applying on CivitaiModelDownload(202184_v1.0), received

2024-02-20 07:54:22,015 <requestor-worker-4:2579769, MainThread:140240668346176> (requestor.py:_fetch_single_sync:154 -> middleware.py:apply_sync:96) from logger `RFC.middleware_content_saver`
[INFO] applied on CivitaiModelDownload(202184_v1.0), sent

2024-02-20 07:54:39,740 <requestor-worker-4:2579769, MainThread:140240668346176> (requestor.py:_fetch_single_sync:154 -> middleware.py:apply_sync:93) from logger `RFC.middleware_content_saver`
[INFO] applying on CivitaiModelDownload(169949_v1), received

2024-02-20 07:54:39,763 <requestor-worker-4:2579769, MainThread:140240668346176> (requestor.py:_fetch_single_sync:154 -> middleware.py:apply_sync:96) from logger `RFC.middleware_content_saver`
[INFO] applied on CivitaiModelDownload(169949_v1), sent

2024-02-20 07:56:08,270 <requestor-worker-4:2579769, MainThread:140240668346176> (requestor.py:_fetch_single_sync:154 -> middleware.py:apply_sync:93) from logger `RFC.middleware_content_saver`
[INFO] applying on CivitaiModelDownload(39250_v1.0), received

2024-02-20 07:56:10,176 <requestor-worker-4:2579769, MainThread:140240668346176> (requestor.py:_fetch_single_sync:154 -> middleware.py:apply_sync:96) from logger `RFC.middleware_content_saver`
[INFO] applied on CivitaiModelDownload(39250_v1.0), sent

2024-02-20 07:57:50,347 <requestor-worker-4:2579769, MainThread:140240668346176> (requestor.py:_fetch_single_sync:154 -> middleware.py:apply_sync:93) from logger `RFC.middleware_content_saver`
[INFO] applying on CivitaiModelDownload(100646_BeenUv1.0), received

2024-02-20 07:57:50,403 <requestor-worker-4:2579769, MainThread:140240668346176> (requestor.py:_fetch_single_sync:154 -> middleware.py:apply_sync:96) from logger `RFC.middleware_content_saver`
[INFO] applied on CivitaiModelDownload(100646_BeenUv1.0), sent

2024-02-20 07:58:24,446 <requestor-worker-4:2579769, MainThread:140240668346176> (requestor.py:_fetch_single_sync:154 -> middleware.py:apply_sync:93) from logger `RFC.middleware_content_saver`
[INFO] applying on CivitaiModelDownload(196522_v1.0), received

2024-02-20 07:58:24,461 <requestor-worker-4:2579769, MainThread:140240668346176> (requestor.py:_fetch_single_sync:154 -> middleware.py:apply_sync:96) from logger `RFC.middleware_content_saver`
[INFO] applied on CivitaiModelDownload(196522_v1.0), sent

2024-02-20 07:58:45,127 <requestor-worker-4:2579769, MainThread:140240668346176> (requestor.py:_fetch_single_sync:154 -> middleware.py:apply_sync:93) from logger `RFC.middleware_content_saver`
[INFO] applying on CivitaiModelDownload(63892_Mediumtraining), received

2024-02-20 07:58:45,142 <requestor-worker-4:2579769, MainThread:140240668346176> (requestor.py:_fetch_single_sync:154 -> middleware.py:apply_sync:96) from logger `RFC.middleware_content_saver`
[INFO] applied on CivitaiModelDownload(63892_Mediumtraining), sent

2024-02-20 07:59:12,073 <requestor-worker-4:2579769, MainThread:140240668346176> (requestor.py:_fetch_single_sync:154 -> middleware.py:apply_sync:93) from logger `RFC.middleware_content_saver`
[INFO] applying on CivitaiModelDownload(154466_v1.0), received

2024-02-20 07:59:13,997 <requestor-worker-4:2579769, MainThread:140240668346176> (requestor.py:_fetch_single_sync:154 -> middleware.py:apply_sync:96) from logger `RFC.middleware_content_saver`
[INFO] applied on CivitaiModelDownload(154466_v1.0), sent

2024-02-20 08:00:35,724 <requestor-worker-4:2579769, MainThread:140240668346176> (requestor.py:_fetch_single_sync:154 -> middleware.py:apply_sync:93) from logger `RFC.middleware_content_saver`
[INFO] applying on CivitaiModelDownload(17478_BedroomAI-LoRAv1.0), received

2024-02-20 08:00:36,149 <requestor-worker-4:2579769, MainThread:140240668346176> (requestor.py:_fetch_single_sync:154 -> middleware.py:apply_sync:96) from logger `RFC.middleware_content_saver`
[INFO] applied on CivitaiModelDownload(17478_BedroomAI-LoRAv1.0), sent

2024-02-20 08:00:46,329 <requestor-worker-4:2579769, MainThread:140240668346176> (requestor.py:_fetch_single_sync:154 -> middleware.py:apply_sync:93) from logger `RFC.middleware_content_saver`
[INFO] applying on CivitaiModelDownload(124707_v2.0), received

2024-02-20 08:00:46,337 <requestor-worker-4:2579769, MainThread:140240668346176> (requestor.py:_fetch_single_sync:154 -> middleware.py:apply_sync:96) from logger `RFC.middleware_content_saver`
[INFO] applied on CivitaiModelDownload(124707_v2.0), sent

2024-02-20 08:00:52,270 <requestor-worker-4:2579769, MainThread:140240668346176> (requestor.py:_fetch_single_sync:154 -> middleware.py:apply_sync:93) from logger `RFC.middleware_content_saver`
[INFO] applying on CivitaiModelDownload(98808_v1.0), received

2024-02-20 08:00:52,703 <requestor-worker-4:2579769, MainThread:140240668346176> (requestor.py:_fetch_single_sync:154 -> middleware.py:apply_sync:96) from logger `RFC.middleware_content_saver`
[INFO] applied on CivitaiModelDownload(98808_v1.0), sent

2024-02-20 08:01:39,942 <requestor-worker-4:2579769, MainThread:140240668346176> (requestor.py:_fetch_single_sync:154 -> middleware.py:apply_sync:93) from logger `RFC.middleware_content_saver`
[INFO] applying on CivitaiModelDownload(244310_v1.0), received

2024-02-20 08:01:41,452 <requestor-worker-4:2579769, MainThread:140240668346176> (requestor.py:_fetch_single_sync:154 -> middleware.py:apply_sync:96) from logger `RFC.middleware_content_saver`
[INFO] applied on CivitaiModelDownload(244310_v1.0), sent

2024-02-20 08:01:46,662 <requestor-worker-4:2579769, MainThread:140240668346176> (requestor.py:_fetch_single_sync:154 -> middleware.py:apply_sync:93) from logger `RFC.middleware_content_saver`
[INFO] applying on CivitaiModelDownload(32102_BeccabaeFaceLoraV1), received

2024-02-20 08:01:46,669 <requestor-worker-4:2579769, MainThread:140240668346176> (requestor.py:_fetch_single_sync:154 -> middleware.py:apply_sync:96) from logger `RFC.middleware_content_saver`
[INFO] applied on CivitaiModelDownload(32102_BeccabaeFaceLoraV1), sent

2024-02-20 08:02:23,771 <requestor-worker-4:2579769, MainThread:140240668346176> (requestor.py:_fetch_single_sync:154 -> middleware.py:apply_sync:93) from logger `RFC.middleware_content_saver`
[INFO] applying on CivitaiModelDownload(143958_v1.0), received

2024-02-20 08:02:23,780 <requestor-worker-4:2579769, MainThread:140240668346176> (requestor.py:_fetch_single_sync:154 -> middleware.py:apply_sync:96) from logger `RFC.middleware_content_saver`
[INFO] applied on CivitaiModelDownload(143958_v1.0), sent

2024-02-20 08:02:37,831 <requestor-worker-4:2579769, MainThread:140240668346176> (requestor.py:_fetch_single_sync:154 -> middleware.py:apply_sync:93) from logger `RFC.middleware_content_saver`
[INFO] applying on CivitaiModelDownload(73028_v1.0), received

2024-02-20 08:02:37,849 <requestor-worker-4:2579769, MainThread:140240668346176> (requestor.py:_fetch_single_sync:154 -> middleware.py:apply_sync:96) from logger `RFC.middleware_content_saver`
[INFO] applied on CivitaiModelDownload(73028_v1.0), sent

2024-02-20 08:02:43,980 <requestor-worker-4:2579769, MainThread:140240668346176> (requestor.py:_fetch_single_sync:154 -> middleware.py:apply_sync:93) from logger `RFC.middleware_content_saver`
[INFO] applying on CivitaiModelDownload(252587_SDXLv1.0v1.0), received

2024-02-20 08:02:43,987 <requestor-worker-4:2579769, MainThread:140240668346176> (requestor.py:_fetch_single_sync:154 -> middleware.py:apply_sync:96) from logger `RFC.middleware_content_saver`
[INFO] applied on CivitaiModelDownload(252587_SDXLv1.0v1.0), sent

2024-02-20 08:03:45,622 <requestor-worker-4:2579769, MainThread:140240668346176> (requestor.py:_fetch_single_sync:154 -> middleware.py:apply_sync:93) from logger `RFC.middleware_content_saver`
[INFO] applying on CivitaiModelDownload(65688_v1.0), received

2024-02-20 08:03:45,674 <requestor-worker-4:2579769, MainThread:140240668346176> (requestor.py:_fetch_single_sync:154 -> middleware.py:apply_sync:96) from logger `RFC.middleware_content_saver`
[INFO] applied on CivitaiModelDownload(65688_v1.0), sent

2024-02-20 08:04:06,947 <requestor-worker-4:2579769, MainThread:140240668346176> (requestor.py:_fetch_single_sync:154 -> middleware.py:apply_sync:93) from logger `RFC.middleware_content_saver`
[INFO] applying on CivitaiModelDownload(142660_v1.0), received

2024-02-20 08:04:06,955 <requestor-worker-4:2579769, MainThread:140240668346176> (requestor.py:_fetch_single_sync:154 -> middleware.py:apply_sync:96) from logger `RFC.middleware_content_saver`
[INFO] applied on CivitaiModelDownload(142660_v1.0), sent

2024-02-20 08:05:13,612 <requestor-worker-4:2579769, MainThread:140240668346176> (requestor.py:_fetch_single_sync:154 -> middleware.py:apply_sync:93) from logger `RFC.middleware_content_saver`
[INFO] applying on CivitaiModelDownload(214045_v1.5), received

2024-02-20 08:05:16,289 <requestor-worker-4:2579769, MainThread:140240668346176> (requestor.py:_fetch_single_sync:154 -> middleware.py:apply_sync:96) from logger `RFC.middleware_content_saver`
[INFO] applied on CivitaiModelDownload(214045_v1.5), sent

2024-02-20 08:05:39,380 <requestor-worker-4:2579769, MainThread:140240668346176> (requestor.py:_fetch_single_sync:154 -> middleware.py:apply_sync:93) from logger `RFC.middleware_content_saver`
[INFO] applying on CivitaiModelDownload(232315_v2-RagingRaven), received

2024-02-20 08:05:39,535 <requestor-worker-4:2579769, MainThread:140240668346176> (requestor.py:_fetch_single_sync:154 -> middleware.py:apply_sync:96) from logger `RFC.middleware_content_saver`
[INFO] applied on CivitaiModelDownload(232315_v2-RagingRaven), sent

2024-02-20 08:06:28,123 <requestor-worker-4:2579769, MainThread:140240668346176> (requestor.py:_fetch_single_sync:154 -> middleware.py:apply_sync:93) from logger `RFC.middleware_content_saver`
[INFO] applying on CivitaiModelDownload(277964_vvan薇薇安-激萌漫工坊_v1.0), received

2024-02-20 08:06:28,175 <requestor-worker-4:2579769, MainThread:140240668346176> (requestor.py:_fetch_single_sync:154 -> middleware.py:apply_sync:96) from logger `RFC.middleware_content_saver`
[INFO] applied on CivitaiModelDownload(277964_vvan薇薇安-激萌漫工坊_v1.0), sent

2024-02-20 08:06:45,089 <requestor-worker-4:2579769, MainThread:140240668346176> (requestor.py:_fetch_single_sync:154 -> middleware.py:apply_sync:93) from logger `RFC.middleware_content_saver`
[INFO] applying on CivitaiModelDownload(145710_v1.0), received

2024-02-20 08:06:45,098 <requestor-worker-4:2579769, MainThread:140240668346176> (requestor.py:_fetch_single_sync:154 -> middleware.py:apply_sync:96) from logger `RFC.middleware_content_saver`
[INFO] applied on CivitaiModelDownload(145710_v1.0), sent

2024-02-20 08:07:06,936 <requestor-worker-4:2579769, MainThread:140240668346176> (requestor.py:_fetch_single_sync:154 -> middleware.py:apply_sync:93) from logger `RFC.middleware_content_saver`
[INFO] applying on CivitaiModelDownload(168172_v1.0), received

2024-02-20 08:07:06,945 <requestor-worker-4:2579769, MainThread:140240668346176> (requestor.py:_fetch_single_sync:154 -> middleware.py:apply_sync:96) from logger `RFC.middleware_content_saver`
[INFO] applied on CivitaiModelDownload(168172_v1.0), sent

2024-02-20 08:07:09,606 <requestor-worker-4:2579769, MainThread:140240668346176> (requestor.py:_fetch_single_sync:154 -> middleware.py:apply_sync:93) from logger `RFC.middleware_content_saver`
[INFO] applying on CivitaiModelDownload(30851_v1.0), received

2024-02-20 08:07:09,609 <requestor-worker-4:2579769, MainThread:140240668346176> (requestor.py:_fetch_single_sync:154 -> middleware.py:apply_sync:96) from logger `RFC.middleware_content_saver`
[INFO] applied on CivitaiModelDownload(30851_v1.0), sent

2024-02-20 08:07:15,217 <requestor-worker-4:2579769, MainThread:140240668346176> (requestor.py:_fetch_single_sync:154 -> middleware.py:apply_sync:93) from logger `RFC.middleware_content_saver`
[INFO] applying on CivitaiModelDownload(139423_v1.0), received

2024-02-20 08:07:15,226 <requestor-worker-4:2579769, MainThread:140240668346176> (requestor.py:_fetch_single_sync:154 -> middleware.py:apply_sync:96) from logger `RFC.middleware_content_saver`
[INFO] applied on CivitaiModelDownload(139423_v1.0), sent

2024-02-20 08:07:22,926 <requestor-worker-4:2579769, MainThread:140240668346176> (requestor.py:_fetch_single_sync:154 -> middleware.py:apply_sync:93) from logger `RFC.middleware_content_saver`
[INFO] applying on CivitaiModelDownload(19286_hanfuguofengkeaimeiziV1), received

2024-02-20 08:07:22,941 <requestor-worker-4:2579769, MainThread:140240668346176> (requestor.py:_fetch_single_sync:154 -> middleware.py:apply_sync:96) from logger `RFC.middleware_content_saver`
[INFO] applied on CivitaiModelDownload(19286_hanfuguofengkeaimeiziV1), sent

2024-02-20 08:07:32,325 <requestor-worker-4:2579769, MainThread:140240668346176> (requestor.py:_fetch_single_sync:154 -> middleware.py:apply_sync:93) from logger `RFC.middleware_content_saver`
[INFO] applying on CivitaiModelDownload(19285_hanfuguofengkeaimeiziV2), received

2024-02-20 08:07:34,787 <requestor-worker-4:2579769, MainThread:140240668346176> (requestor.py:_fetch_single_sync:154 -> middleware.py:apply_sync:96) from logger `RFC.middleware_content_saver`
[INFO] applied on CivitaiModelDownload(19285_hanfuguofengkeaimeiziV2), sent

2024-02-20 08:07:46,777 <requestor-worker-4:2579769, MainThread:140240668346176> (requestor.py:_fetch_single_sync:154 -> middleware.py:apply_sync:93) from logger `RFC.middleware_content_saver`
[INFO] applying on CivitaiModelDownload(19483_purefacelikeness), received

2024-02-20 08:07:46,791 <requestor-worker-4:2579769, MainThread:140240668346176> (requestor.py:_fetch_single_sync:154 -> middleware.py:apply_sync:96) from logger `RFC.middleware_content_saver`
[INFO] applied on CivitaiModelDownload(19483_purefacelikeness), sent

2024-02-20 08:07:49,293 <requestor-worker-4:2579769, MainThread:140240668346176> (requestor.py:_fetch_single_sync:154 -> middleware.py:apply_sync:93) from logger `RFC.middleware_content_saver`
[INFO] applying on CivitaiModelDownload(244970_v1.0), received

2024-02-20 08:07:49,297 <requestor-worker-4:2579769, MainThread:140240668346176> (requestor.py:_fetch_single_sync:154 -> middleware.py:apply_sync:96) from logger `RFC.middleware_content_saver`
[INFO] applied on CivitaiModelDownload(244970_v1.0), sent

2024-02-20 08:08:07,223 <requestor-worker-4:2579769, MainThread:140240668346176> (requestor.py:_fetch_single_sync:154 -> middleware.py:apply_sync:93) from logger `RFC.middleware_content_saver`
[INFO] applying on CivitaiModelDownload(109183_v1.0), received

2024-02-20 08:08:07,237 <requestor-worker-4:2579769, MainThread:140240668346176> (requestor.py:_fetch_single_sync:154 -> middleware.py:apply_sync:96) from logger `RFC.middleware_content_saver`
[INFO] applied on CivitaiModelDownload(109183_v1.0), sent

2024-02-20 08:08:07,574 <requestor-worker-4:2579769, MainThread:140240668346176> (requestor.py:_fetch_single_sync:154 -> middleware.py:apply_sync:93) from logger `RFC.middleware_content_saver`
[INFO] applying on CivitaiModelDownload(93623_mzzz), received

2024-02-20 08:08:07,872 <requestor-worker-4:2579769, MainThread:140240668346176> (requestor.py:_fetch_single_sync:154 -> middleware.py:apply_sync:96) from logger `RFC.middleware_content_saver`
[INFO] applied on CivitaiModelDownload(93623_mzzz), sent

2024-02-20 08:08:30,374 <requestor-worker-4:2579769, MainThread:140240668346176> (requestor.py:_fetch_single_sync:154 -> middleware.py:apply_sync:93) from logger `RFC.middleware_content_saver`
[INFO] applying on CivitaiModelDownload(149957_v1.0), received

2024-02-20 08:08:30,400 <requestor-worker-4:2579769, MainThread:140240668346176> (requestor.py:_fetch_single_sync:154 -> middleware.py:apply_sync:96) from logger `RFC.middleware_content_saver`
[INFO] applied on CivitaiModelDownload(149957_v1.0), sent

2024-02-20 08:08:40,778 <requestor-worker-4:2579769, MainThread:140240668346176> (requestor.py:_fetch_single_sync:154 -> middleware.py:apply_sync:93) from logger `RFC.middleware_content_saver`
[INFO] applying on CivitaiModelDownload(158014_v1.0), received

2024-02-20 08:08:40,793 <requestor-worker-4:2579769, MainThread:140240668346176> (requestor.py:_fetch_single_sync:154 -> middleware.py:apply_sync:96) from logger `RFC.middleware_content_saver`
[INFO] applied on CivitaiModelDownload(158014_v1.0), sent

2024-02-20 08:09:05,892 <requestor-worker-4:2579769, MainThread:140240668346176> (requestor.py:_fetch_single_sync:154 -> middleware.py:apply_sync:93) from logger `RFC.middleware_content_saver`
[INFO] applying on CivitaiModelDownload(179078_v1.0), received

2024-02-20 08:09:06,413 <requestor-worker-4:2579769, MainThread:140240668346176> (requestor.py:_fetch_single_sync:154 -> middleware.py:apply_sync:96) from logger `RFC.middleware_content_saver`
[INFO] applied on CivitaiModelDownload(179078_v1.0), sent

2024-02-20 08:09:48,628 <requestor-worker-4:2579769, MainThread:140240668346176> (requestor.py:_fetch_single_sync:154 -> middleware.py:apply_sync:93) from logger `RFC.middleware_content_saver`
[INFO] applying on CivitaiModelDownload(15698_v1.0), received

2024-02-20 08:09:48,681 <requestor-worker-4:2579769, MainThread:140240668346176> (requestor.py:_fetch_single_sync:154 -> middleware.py:apply_sync:96) from logger `RFC.middleware_content_saver`
[INFO] applied on CivitaiModelDownload(15698_v1.0), sent

2024-02-20 08:10:58,681 <requestor-worker-4:2579769, MainThread:140240668346176> (requestor.py:_fetch_single_sync:154 -> middleware.py:apply_sync:93) from logger `RFC.middleware_content_saver`
[INFO] applying on CivitaiModelDownload(259894_BEautifulIndianWomen), received

2024-02-20 08:11:03,896 <requestor-worker-4:2579769, MainThread:140240668346176> (requestor.py:_fetch_single_sync:154 -> middleware.py:apply_sync:96) from logger `RFC.middleware_content_saver`
[INFO] applied on CivitaiModelDownload(259894_BEautifulIndianWomen), sent

2024-02-20 08:11:21,226 <requestor-worker-4:2579769, MainThread:140240668346176> (requestor.py:_fetch_single_sync:154 -> middleware.py:apply_sync:93) from logger `RFC.middleware_content_saver`
[INFO] applying on CivitaiModelDownload(28360_v1.0), received

2024-02-20 08:11:21,229 <requestor-worker-4:2579769, MainThread:140240668346176> (requestor.py:_fetch_single_sync:154 -> middleware.py:apply_sync:96) from logger `RFC.middleware_content_saver`
[INFO] applied on CivitaiModelDownload(28360_v1.0), sent

2024-02-20 08:12:57,173 <requestor-worker-4:2579769, MainThread:140240668346176> (requestor.py:_fetch_single_sync:154 -> middleware.py:apply_sync:93) from logger `RFC.middleware_content_saver`
[INFO] applying on CivitaiModelDownload(91617_BeautifulAssassinv1.0), received

2024-02-20 08:12:59,179 <requestor-worker-4:2579769, MainThread:140240668346176> (requestor.py:_fetch_single_sync:154 -> middleware.py:apply_sync:96) from logger `RFC.middleware_content_saver`
[INFO] applied on CivitaiModelDownload(91617_BeautifulAssassinv1.0), sent

2024-02-20 08:13:33,533 <requestor-worker-4:2579769, MainThread:140240668346176> (requestor.py:_fetch_single_sync:154 -> middleware.py:apply_sync:93) from logger `RFC.middleware_content_saver`
[INFO] applying on CivitaiModelDownload(32207_v1.0), received

2024-02-20 08:13:33,586 <requestor-worker-4:2579769, MainThread:140240668346176> (requestor.py:_fetch_single_sync:154 -> middleware.py:apply_sync:96) from logger `RFC.middleware_content_saver`
[INFO] applied on CivitaiModelDownload(32207_v1.0), sent

2024-02-20 08:13:46,385 <requestor-worker-4:2579769, MainThread:140240668346176> (requestor.py:_fetch_single_sync:154 -> middleware.py:apply_sync:93) from logger `RFC.middleware_content_saver`
[INFO] applying on CivitaiModelDownload(282060_v1.0), received

2024-02-20 08:13:46,399 <requestor-worker-4:2579769, MainThread:140240668346176> (requestor.py:_fetch_single_sync:154 -> middleware.py:apply_sync:96) from logger `RFC.middleware_content_saver`
[INFO] applied on CivitaiModelDownload(282060_v1.0), sent

2024-02-20 08:14:40,518 <requestor-worker-4:2579769, MainThread:140240668346176> (requestor.py:_fetch_single_sync:154 -> middleware.py:apply_sync:93) from logger `RFC.middleware_content_saver`
[INFO] applying on CivitaiModelDownload(7636_v1.0), received

2024-02-20 08:14:42,593 <requestor-worker-4:2579769, MainThread:140240668346176> (requestor.py:_fetch_single_sync:154 -> middleware.py:apply_sync:96) from logger `RFC.middleware_content_saver`
[INFO] applied on CivitaiModelDownload(7636_v1.0), sent

2024-02-20 08:15:04,409 <requestor-worker-4:2579769, MainThread:140240668346176> (requestor.py:_fetch_single_sync:154 -> middleware.py:apply_sync:93) from logger `RFC.middleware_content_saver`
[INFO] applying on CivitaiModelDownload(107965_v2), received

2024-02-20 08:15:04,436 <requestor-worker-4:2579769, MainThread:140240668346176> (requestor.py:_fetch_single_sync:154 -> middleware.py:apply_sync:96) from logger `RFC.middleware_content_saver`
[INFO] applied on CivitaiModelDownload(107965_v2), sent

2024-02-20 08:15:34,841 <requestor-worker-4:2579769, MainThread:140240668346176> (requestor.py:_fetch_single_sync:154 -> middleware.py:apply_sync:93) from logger `RFC.middleware_content_saver`
[INFO] applying on CivitaiModelDownload(179442_v01), received

2024-02-20 08:15:34,855 <requestor-worker-4:2579769, MainThread:140240668346176> (requestor.py:_fetch_single_sync:154 -> middleware.py:apply_sync:96) from logger `RFC.middleware_content_saver`
[INFO] applied on CivitaiModelDownload(179442_v01), sent

2024-02-20 08:16:42,088 <requestor-worker-4:2579769, MainThread:140240668346176> (requestor.py:_fetch_single_sync:154 -> middleware.py:apply_sync:93) from logger `RFC.middleware_content_saver`
[INFO] applying on CivitaiModelDownload(290327_v1.0), received

2024-02-20 08:16:43,685 <requestor-worker-4:2579769, MainThread:140240668346176> (requestor.py:_fetch_single_sync:154 -> middleware.py:apply_sync:96) from logger `RFC.middleware_content_saver`
[INFO] applied on CivitaiModelDownload(290327_v1.0), sent

2024-02-20 08:16:58,445 <requestor-worker-4:2579769, MainThread:140240668346176> (requestor.py:_fetch_single_sync:154 -> middleware.py:apply_sync:93) from logger `RFC.middleware_content_saver`
[INFO] applying on CivitaiModelDownload(216778_BeardAlpha), received

2024-02-20 08:16:59,167 <requestor-worker-4:2579769, MainThread:140240668346176> (requestor.py:_fetch_single_sync:154 -> middleware.py:apply_sync:96) from logger `RFC.middleware_content_saver`
[INFO] applied on CivitaiModelDownload(216778_BeardAlpha), sent

2024-02-20 08:17:42,336 <requestor-worker-4:2579769, MainThread:140240668346176> (requestor.py:_fetch_single_sync:154 -> middleware.py:apply_sync:93) from logger `RFC.middleware_content_saver`
[INFO] applying on CivitaiModelDownload(143768_beamemitter-halo-richy-v1), received

2024-02-20 08:17:42,350 <requestor-worker-4:2579769, MainThread:140240668346176> (requestor.py:_fetch_single_sync:154 -> middleware.py:apply_sync:96) from logger `RFC.middleware_content_saver`
[INFO] applied on CivitaiModelDownload(143768_beamemitter-halo-richy-v1), sent

2024-02-20 08:18:17,587 <requestor-worker-4:2579769, MainThread:140240668346176> (requestor.py:_fetch_single_sync:154 -> middleware.py:apply_sync:93) from logger `RFC.middleware_content_saver`
[INFO] applying on CivitaiModelDownload(302898_v1.0), received

2024-02-20 08:18:17,597 <requestor-worker-4:2579769, MainThread:140240668346176> (requestor.py:_fetch_single_sync:154 -> middleware.py:apply_sync:96) from logger `RFC.middleware_content_saver`
[INFO] applied on CivitaiModelDownload(302898_v1.0), sent

2024-02-20 08:19:34,148 <requestor-worker-4:2579769, MainThread:140240668346176> (requestor.py:_fetch_single_sync:154 -> middleware.py:apply_sync:93) from logger `RFC.middleware_content_saver`
[INFO] applying on CivitaiModelDownload(270575_Bdsmcage), received

2024-02-20 08:19:34,795 <requestor-worker-4:2579769, MainThread:140240668346176> (requestor.py:_fetch_single_sync:154 -> middleware.py:apply_sync:96) from logger `RFC.middleware_content_saver`
[INFO] applied on CivitaiModelDownload(270575_Bdsmcage), sent

2024-02-20 08:20:07,454 <requestor-worker-4:2579769, MainThread:140240668346176> (requestor.py:_fetch_single_sync:154 -> middleware.py:apply_sync:93) from logger `RFC.middleware_content_saver`
[INFO] applying on CivitaiModelDownload(129642_v1), received

2024-02-20 08:20:07,476 <requestor-worker-4:2579769, MainThread:140240668346176> (requestor.py:_fetch_single_sync:154 -> middleware.py:apply_sync:96) from logger `RFC.middleware_content_saver`
[INFO] applied on CivitaiModelDownload(129642_v1), sent

2024-02-20 08:21:40,381 <requestor-worker-4:2579769, MainThread:140240668346176> (requestor.py:_fetch_single_sync:154 -> middleware.py:apply_sync:93) from logger `RFC.middleware_content_saver`
[INFO] applying on CivitaiModelDownload(61239_v1.0), received

2024-02-20 08:21:42,959 <requestor-worker-4:2579769, MainThread:140240668346176> (requestor.py:_fetch_single_sync:154 -> middleware.py:apply_sync:96) from logger `RFC.middleware_content_saver`
[INFO] applied on CivitaiModelDownload(61239_v1.0), sent

2024-02-20 08:22:56,718 <requestor-worker-4:2579769, MainThread:140240668346176> (requestor.py:_fetch_single_sync:154 -> middleware.py:apply_sync:93) from logger `RFC.middleware_content_saver`
[INFO] applying on CivitaiModelDownload(300305_V1), received

2024-02-20 08:22:58,447 <requestor-worker-4:2579769, MainThread:140240668346176> (requestor.py:_fetch_single_sync:154 -> middleware.py:apply_sync:96) from logger `RFC.middleware_content_saver`
[INFO] applied on CivitaiModelDownload(300305_V1), sent

2024-02-20 08:24:56,439 <requestor-worker-4:2579769, MainThread:140240668346176> (requestor.py:_fetch_single_sync:154 -> middleware.py:apply_sync:93) from logger `RFC.middleware_content_saver`
[INFO] applying on CivitaiModelDownload(37313_v1.0), received

2024-02-20 08:24:56,498 <requestor-worker-4:2579769, MainThread:140240668346176> (requestor.py:_fetch_single_sync:154 -> middleware.py:apply_sync:96) from logger `RFC.middleware_content_saver`
[INFO] applied on CivitaiModelDownload(37313_v1.0), sent

2024-02-20 08:26:21,926 <requestor-worker-4:2579769, MainThread:140240668346176> (requestor.py:_fetch_single_sync:154 -> middleware.py:apply_sync:93) from logger `RFC.middleware_content_saver`
[INFO] applying on CivitaiModelDownload(50023_v0.8), received

2024-02-20 08:26:23,890 <requestor-worker-4:2579769, MainThread:140240668346176> (requestor.py:_fetch_single_sync:154 -> middleware.py:apply_sync:96) from logger `RFC.middleware_content_saver`
[INFO] applied on CivitaiModelDownload(50023_v0.8), sent

2024-02-20 08:26:34,546 <requestor-worker-4:2579769, MainThread:140240668346176> (requestor.py:_fetch_single_sync:154 -> middleware.py:apply_sync:93) from logger `RFC.middleware_content_saver`
[INFO] applying on CivitaiModelDownload(150014_v1.0), received

2024-02-20 08:26:34,561 <requestor-worker-4:2579769, MainThread:140240668346176> (requestor.py:_fetch_single_sync:154 -> middleware.py:apply_sync:96) from logger `RFC.middleware_content_saver`
[INFO] applied on CivitaiModelDownload(150014_v1.0), sent

2024-02-20 08:26:46,806 <requestor-worker-4:2579769, MainThread:140240668346176> (requestor.py:_fetch_single_sync:154 -> middleware.py:apply_sync:93) from logger `RFC.middleware_content_saver`
[INFO] applying on CivitaiModelDownload(211294_v1.0), received

2024-02-20 08:26:46,820 <requestor-worker-4:2579769, MainThread:140240668346176> (requestor.py:_fetch_single_sync:154 -> middleware.py:apply_sync:96) from logger `RFC.middleware_content_saver`
[INFO] applied on CivitaiModelDownload(211294_v1.0), sent

2024-02-20 08:27:33,206 <requestor-worker-4:2579769, MainThread:140240668346176> (requestor.py:_fetch_single_sync:154 -> middleware.py:apply_sync:93) from logger `RFC.middleware_content_saver`
[INFO] applying on CivitaiModelDownload(180235_v1.0), received

2024-02-20 08:27:34,660 <requestor-worker-4:2579769, MainThread:140240668346176> (requestor.py:_fetch_single_sync:154 -> middleware.py:apply_sync:96) from logger `RFC.middleware_content_saver`
[INFO] applied on CivitaiModelDownload(180235_v1.0), sent

2024-02-20 08:27:37,655 <requestor-worker-4:2579769, MainThread:140240668346176> (requestor.py:_fetch_single_sync:154 -> middleware.py:apply_sync:93) from logger `RFC.middleware_content_saver`
[INFO] applying on CivitaiModelDownload(41660_Wildcards), received

2024-02-20 08:27:37,658 <requestor-worker-4:2579769, MainThread:140240668346176> (requestor.py:_fetch_single_sync:154 -> middleware.py:apply_sync:96) from logger `RFC.middleware_content_saver`
[INFO] applied on CivitaiModelDownload(41660_Wildcards), sent

2024-02-20 08:27:48,307 <requestor-worker-4:2579769, MainThread:140240668346176> (requestor.py:_fetch_single_sync:154 -> middleware.py:apply_sync:93) from logger `RFC.middleware_content_saver`
[INFO] applying on CivitaiModelDownload(41661_v1), received

2024-02-20 08:27:48,941 <requestor-worker-4:2579769, MainThread:140240668346176> (requestor.py:_fetch_single_sync:154 -> middleware.py:apply_sync:96) from logger `RFC.middleware_content_saver`
[INFO] applied on CivitaiModelDownload(41661_v1), sent

2024-02-20 08:28:53,114 <requestor-worker-4:2579769, MainThread:140240668346176> (requestor.py:_fetch_single_sync:154 -> middleware.py:apply_sync:93) from logger `RFC.middleware_content_saver`
[INFO] applying on CivitaiModelDownload(228397_v1.0), received

2024-02-20 08:28:53,163 <requestor-worker-4:2579769, MainThread:140240668346176> (requestor.py:_fetch_single_sync:154 -> middleware.py:apply_sync:96) from logger `RFC.middleware_content_saver`
[INFO] applied on CivitaiModelDownload(228397_v1.0), sent

2024-02-20 08:28:57,463 <requestor-worker-4:2579769, MainThread:140240668346176> (requestor.py:_fetch_single_sync:154 -> middleware.py:apply_sync:93) from logger `RFC.middleware_content_saver`
[INFO] applying on CivitaiModelDownload(92348_v1.0), received

2024-02-20 08:28:57,467 <requestor-worker-4:2579769, MainThread:140240668346176> (requestor.py:_fetch_single_sync:154 -> middleware.py:apply_sync:96) from logger `RFC.middleware_content_saver`
[INFO] applied on CivitaiModelDownload(92348_v1.0), sent

2024-02-20 08:29:50,622 <requestor-worker-4:2579769, MainThread:140240668346176> (requestor.py:_fetch_single_sync:154 -> middleware.py:apply_sync:93) from logger `RFC.middleware_content_saver`
[INFO] applying on CivitaiModelDownload(199262_v1.0), received

2024-02-20 08:29:50,638 <requestor-worker-4:2579769, MainThread:140240668346176> (requestor.py:_fetch_single_sync:154 -> middleware.py:apply_sync:96) from logger `RFC.middleware_content_saver`
[INFO] applied on CivitaiModelDownload(199262_v1.0), sent

2024-02-20 08:30:39,742 <requestor-worker-4:2579769, MainThread:140240668346176> (requestor.py:_fetch_single_sync:154 -> middleware.py:apply_sync:93) from logger `RFC.middleware_content_saver`
[INFO] applying on CivitaiModelDownload(145911_v1.0), received

2024-02-20 08:30:39,745 <requestor-worker-4:2579769, MainThread:140240668346176> (requestor.py:_fetch_single_sync:154 -> middleware.py:apply_sync:96) from logger `RFC.middleware_content_saver`
[INFO] applied on CivitaiModelDownload(145911_v1.0), sent

2024-02-20 08:31:01,626 <requestor-worker-4:2579769, MainThread:140240668346176> (requestor.py:_fetch_single_sync:154 -> middleware.py:apply_sync:93) from logger `RFC.middleware_content_saver`
[INFO] applying on CivitaiModelDownload(212734_v2.0), received

2024-02-20 08:31:01,641 <requestor-worker-4:2579769, MainThread:140240668346176> (requestor.py:_fetch_single_sync:154 -> middleware.py:apply_sync:96) from logger `RFC.middleware_content_saver`
[INFO] applied on CivitaiModelDownload(212734_v2.0), sent

2024-02-20 08:31:42,282 <requestor-worker-4:2579769, MainThread:140240668346176> (requestor.py:_fetch_single_sync:154 -> middleware.py:apply_sync:93) from logger `RFC.middleware_content_saver`
[INFO] applying on CivitaiModelDownload(298639_v2.0), received

2024-02-20 08:31:42,291 <requestor-worker-4:2579769, MainThread:140240668346176> (requestor.py:_fetch_single_sync:154 -> middleware.py:apply_sync:96) from logger `RFC.middleware_content_saver`
[INFO] applied on CivitaiModelDownload(298639_v2.0), sent

2024-02-20 08:31:52,384 <requestor-worker-4:2579769, MainThread:140240668346176> (requestor.py:_fetch_single_sync:154 -> middleware.py:apply_sync:93) from logger `RFC.middleware_content_saver`
[INFO] applying on CivitaiModelDownload(278601_v1.0), received

2024-02-20 08:31:52,390 <requestor-worker-4:2579769, MainThread:140240668346176> (requestor.py:_fetch_single_sync:154 -> middleware.py:apply_sync:96) from logger `RFC.middleware_content_saver`
[INFO] applied on CivitaiModelDownload(278601_v1.0), sent

2024-02-20 08:33:41,811 <requestor-worker-4:2579769, MainThread:140240668346176> (requestor.py:_fetch_single_sync:154 -> middleware.py:apply_sync:93) from logger `RFC.middleware_content_saver`
[INFO] applying on CivitaiModelDownload(23587_BastilaShanv1), received

2024-02-20 08:33:42,606 <requestor-worker-4:2579769, MainThread:140240668346176> (requestor.py:_fetch_single_sync:154 -> middleware.py:apply_sync:96) from logger `RFC.middleware_content_saver`
[INFO] applied on CivitaiModelDownload(23587_BastilaShanv1), sent

2024-02-20 08:34:10,750 <requestor-worker-4:2579769, MainThread:140240668346176> (requestor.py:_fetch_single_sync:154 -> middleware.py:apply_sync:93) from logger `RFC.middleware_content_saver`
[INFO] applying on CivitaiModelDownload(97324_v0.2), received

2024-02-20 08:34:10,758 <requestor-worker-4:2579769, MainThread:140240668346176> (requestor.py:_fetch_single_sync:154 -> middleware.py:apply_sync:96) from logger `RFC.middleware_content_saver`
[INFO] applied on CivitaiModelDownload(97324_v0.2), sent

2024-02-20 08:39:52,310 <requestor-worker-4:2579769, MainThread:140240668346176> (requestor.py:_fetch_single_sync:154 -> middleware.py:apply_sync:93) from logger `RFC.middleware_content_saver`
[INFO] applying on CivitaiModelDownload(180937_SD15_V1), received

2024-02-20 08:39:52,337 <requestor-worker-4:2579769, MainThread:140240668346176> (requestor.py:_fetch_single_sync:154 -> middleware.py:apply_sync:96) from logger `RFC.middleware_content_saver`
[INFO] applied on CivitaiModelDownload(180937_SD15_V1), sent

2024-02-20 08:41:09,553 <requestor-worker-4:2579769, MainThread:140240668346176> (requestor.py:_fetch_single_sync:154 -> middleware.py:apply_sync:93) from logger `RFC.middleware_content_saver`
[INFO] applying on CivitaiModelDownload(71861_v1.0), received

2024-02-20 08:41:09,606 <requestor-worker-4:2579769, MainThread:140240668346176> (requestor.py:_fetch_single_sync:154 -> middleware.py:apply_sync:96) from logger `RFC.middleware_content_saver`
[INFO] applied on CivitaiModelDownload(71861_v1.0), sent

2024-02-20 08:42:42,089 <requestor-worker-4:2579769, MainThread:140240668346176> (requestor.py:_fetch_single_sync:154 -> middleware.py:apply_sync:93) from logger `RFC.middleware_content_saver`
[INFO] applying on CivitaiModelDownload(109008_v1.0), received

2024-02-20 08:42:44,606 <requestor-worker-4:2579769, MainThread:140240668346176> (requestor.py:_fetch_single_sync:154 -> middleware.py:apply_sync:96) from logger `RFC.middleware_content_saver`
[INFO] applied on CivitaiModelDownload(109008_v1.0), sent

2024-02-20 08:42:56,878 <requestor-worker-4:2579769, MainThread:140240668346176> (requestor.py:_fetch_single_sync:154 -> middleware.py:apply_sync:93) from logger `RFC.middleware_content_saver`
[INFO] applying on CivitaiModelDownload(69872_v1.0), received

2024-02-20 08:42:56,893 <requestor-worker-4:2579769, MainThread:140240668346176> (requestor.py:_fetch_single_sync:154 -> middleware.py:apply_sync:96) from logger `RFC.middleware_content_saver`
[INFO] applied on CivitaiModelDownload(69872_v1.0), sent

2024-02-20 08:43:22,932 <requestor-worker-4:2579769, MainThread:140240668346176> (requestor.py:_fetch_single_sync:154 -> middleware.py:apply_sync:93) from logger `RFC.middleware_content_saver`
[INFO] applying on CivitaiModelDownload(168733_v1.0), received

2024-02-20 08:43:22,959 <requestor-worker-4:2579769, MainThread:140240668346176> (requestor.py:_fetch_single_sync:154 -> middleware.py:apply_sync:96) from logger `RFC.middleware_content_saver`
[INFO] applied on CivitaiModelDownload(168733_v1.0), sent

2024-02-20 08:44:14,054 <requestor-worker-4:2579769, MainThread:140240668346176> (requestor.py:_fetch_single_sync:154 -> middleware.py:apply_sync:93) from logger `RFC.middleware_content_saver`
[INFO] applying on CivitaiModelDownload(150913_1.0), received

2024-02-20 08:44:14,544 <requestor-worker-4:2579769, MainThread:140240668346176> (requestor.py:_fetch_single_sync:154 -> middleware.py:apply_sync:96) from logger `RFC.middleware_content_saver`
[INFO] applied on CivitaiModelDownload(150913_1.0), sent

2024-02-20 08:44:34,764 <requestor-worker-4:2579769, MainThread:140240668346176> (requestor.py:_fetch_single_sync:154 -> middleware.py:apply_sync:93) from logger `RFC.middleware_content_saver`
[INFO] applying on CivitaiModelDownload(162040_v1.0), received

2024-02-20 08:44:34,780 <requestor-worker-4:2579769, MainThread:140240668346176> (requestor.py:_fetch_single_sync:154 -> middleware.py:apply_sync:96) from logger `RFC.middleware_content_saver`
[INFO] applied on CivitaiModelDownload(162040_v1.0), sent

2024-02-20 08:45:31,463 <requestor-worker-4:2579769, MainThread:140240668346176> (requestor.py:_fetch_single_sync:154 -> middleware.py:apply_sync:93) from logger `RFC.middleware_content_saver`
[INFO] applying on CivitaiModelDownload(126711_Barbiev1.0), received

2024-02-20 08:45:32,838 <requestor-worker-4:2579769, MainThread:140240668346176> (requestor.py:_fetch_single_sync:154 -> middleware.py:apply_sync:96) from logger `RFC.middleware_content_saver`
[INFO] applied on CivitaiModelDownload(126711_Barbiev1.0), sent

2024-02-20 08:46:12,346 <requestor-worker-4:2579769, MainThread:140240668346176> (requestor.py:_fetch_single_sync:154 -> middleware.py:apply_sync:93) from logger `RFC.middleware_content_saver`
[INFO] applying on CivitaiModelDownload(126048_v1.0), received

2024-02-20 08:46:12,361 <requestor-worker-4:2579769, MainThread:140240668346176> (requestor.py:_fetch_single_sync:154 -> middleware.py:apply_sync:96) from logger `RFC.middleware_content_saver`
[INFO] applied on CivitaiModelDownload(126048_v1.0), sent

2024-02-20 08:48:48,311 <requestor-worker-4:2579769, MainThread:140240668346176> (requestor.py:_fetch_single_sync:154 -> middleware.py:apply_sync:93) from logger `RFC.middleware_content_saver`
[INFO] applying on CivitaiModelDownload(206139_v1.0), received

2024-02-20 08:48:51,380 <requestor-worker-4:2579769, MainThread:140240668346176> (requestor.py:_fetch_single_sync:154 -> middleware.py:apply_sync:96) from logger `RFC.middleware_content_saver`
[INFO] applied on CivitaiModelDownload(206139_v1.0), sent

2024-02-20 08:49:00,271 <requestor-worker-4:2579769, MainThread:140240668346176> (requestor.py:_fetch_single_sync:154 -> middleware.py:apply_sync:93) from logger `RFC.middleware_content_saver`
[INFO] applying on CivitaiModelDownload(61719_v1.0), received

2024-02-20 08:49:00,279 <requestor-worker-4:2579769, MainThread:140240668346176> (requestor.py:_fetch_single_sync:154 -> middleware.py:apply_sync:96) from logger `RFC.middleware_content_saver`
[INFO] applied on CivitaiModelDownload(61719_v1.0), sent

2024-02-20 08:49:17,605 <requestor-worker-4:2579769, MainThread:140240668346176> (requestor.py:_fetch_single_sync:154 -> middleware.py:apply_sync:93) from logger `RFC.middleware_content_saver`
[INFO] applying on CivitaiModelDownload(67614_v2.0), received

2024-02-20 08:49:17,628 <requestor-worker-4:2579769, MainThread:140240668346176> (requestor.py:_fetch_single_sync:154 -> middleware.py:apply_sync:96) from logger `RFC.middleware_content_saver`
[INFO] applied on CivitaiModelDownload(67614_v2.0), sent

2024-02-20 08:49:50,364 <requestor-worker-4:2579769, MainThread:140240668346176> (requestor.py:_fetch_single_sync:154 -> middleware.py:apply_sync:93) from logger `RFC.middleware_content_saver`
[INFO] applying on CivitaiModelDownload(271869_v1.0), received

2024-02-20 08:49:50,379 <requestor-worker-4:2579769, MainThread:140240668346176> (requestor.py:_fetch_single_sync:154 -> middleware.py:apply_sync:96) from logger `RFC.middleware_content_saver`
[INFO] applied on CivitaiModelDownload(271869_v1.0), sent

2024-02-20 08:50:12,503 <requestor-worker-4:2579769, MainThread:140240668346176> (requestor.py:_fetch_single_sync:154 -> middleware.py:apply_sync:93) from logger `RFC.middleware_content_saver`
[INFO] applying on CivitaiModelDownload(47413_v1.0), received

2024-02-20 08:50:12,530 <requestor-worker-4:2579769, MainThread:140240668346176> (requestor.py:_fetch_single_sync:154 -> middleware.py:apply_sync:96) from logger `RFC.middleware_content_saver`
[INFO] applied on CivitaiModelDownload(47413_v1.0), sent

2024-02-20 08:52:24,496 <requestor-worker-4:2579769, MainThread:140240668346176> (requestor.py:_fetch_single_sync:154 -> middleware.py:apply_sync:93) from logger `RFC.middleware_content_saver`
[INFO] applying on CivitaiModelDownload(101788_v0.2epoch6(SD1.5)), received

2024-02-20 08:52:24,549 <requestor-worker-4:2579769, MainThread:140240668346176> (requestor.py:_fetch_single_sync:154 -> middleware.py:apply_sync:96) from logger `RFC.middleware_content_saver`
[INFO] applied on CivitaiModelDownload(101788_v0.2epoch6(SD1.5)), sent

2024-02-20 08:56:33,623 <requestor-worker-4:2579769, MainThread:140240668346176> (requestor.py:_fetch_single_sync:154 -> middleware.py:apply_sync:93) from logger `RFC.middleware_content_saver`
[INFO] applying on CivitaiModelDownload(214471_v1.0), received

2024-02-20 08:56:39,068 <requestor-worker-4:2579769, MainThread:140240668346176> (requestor.py:_fetch_single_sync:154 -> middleware.py:apply_sync:96) from logger `RFC.middleware_content_saver`
[INFO] applied on CivitaiModelDownload(214471_v1.0), sent

2024-02-20 08:57:01,560 <requestor-worker-4:2579769, MainThread:140240668346176> (requestor.py:_fetch_single_sync:154 -> middleware.py:apply_sync:93) from logger `RFC.middleware_content_saver`
[INFO] applying on CivitaiModelDownload(307328_BansheeMonsterGirl1.0), received

2024-02-20 08:57:01,574 <requestor-worker-4:2579769, MainThread:140240668346176> (requestor.py:_fetch_single_sync:154 -> middleware.py:apply_sync:96) from logger `RFC.middleware_content_saver`
[INFO] applied on CivitaiModelDownload(307328_BansheeMonsterGirl1.0), sent

2024-02-20 08:58:38,066 <requestor-worker-4:2579769, MainThread:140240668346176> (requestor.py:_fetch_single_sync:154 -> middleware.py:apply_sync:93) from logger `RFC.middleware_content_saver`
[INFO] applying on CivitaiModelDownload(27952_MarieTheresev1.0), received

2024-02-20 08:58:39,960 <requestor-worker-4:2579769, MainThread:140240668346176> (requestor.py:_fetch_single_sync:154 -> middleware.py:apply_sync:96) from logger `RFC.middleware_content_saver`
[INFO] applied on CivitaiModelDownload(27952_MarieTheresev1.0), sent

2024-02-20 09:00:38,625 <requestor-worker-4:2579769, MainThread:140240668346176> (requestor.py:_fetch_single_sync:154 -> middleware.py:apply_sync:93) from logger `RFC.middleware_content_saver`
[INFO] applying on CivitaiModelDownload(68441_SD2.1), received

2024-02-20 09:00:41,807 <requestor-worker-4:2579769, MainThread:140240668346176> (requestor.py:_fetch_single_sync:154 -> middleware.py:apply_sync:96) from logger `RFC.middleware_content_saver`
[INFO] applied on CivitaiModelDownload(68441_SD2.1), sent

2024-02-20 09:01:21,303 <requestor-worker-4:2579769, MainThread:140240668346176> (requestor.py:_fetch_single_sync:154 -> middleware.py:apply_sync:93) from logger `RFC.middleware_content_saver`
[INFO] applying on CivitaiModelDownload(43061_v1), received

2024-02-20 09:01:21,329 <requestor-worker-4:2579769, MainThread:140240668346176> (requestor.py:_fetch_single_sync:154 -> middleware.py:apply_sync:96) from logger `RFC.middleware_content_saver`
[INFO] applied on CivitaiModelDownload(43061_v1), sent

2024-02-20 09:01:36,085 <requestor-worker-4:2579769, MainThread:140240668346176> (requestor.py:_fetch_single_sync:154 -> middleware.py:apply_sync:93) from logger `RFC.middleware_content_saver`
[INFO] applying on CivitaiModelDownload(204848_v1.0), received

2024-02-20 09:01:36,093 <requestor-worker-4:2579769, MainThread:140240668346176> (requestor.py:_fetch_single_sync:154 -> middleware.py:apply_sync:96) from logger `RFC.middleware_content_saver`
[INFO] applied on CivitaiModelDownload(204848_v1.0), sent

2024-02-20 09:02:29,694 <requestor-worker-4:2579769, MainThread:140240668346176> (requestor.py:_fetch_single_sync:154 -> middleware.py:apply_sync:93) from logger `RFC.middleware_content_saver`
[INFO] applying on CivitaiModelDownload(252578_v1.0), received

2024-02-20 09:02:29,732 <requestor-worker-4:2579769, MainThread:140240668346176> (requestor.py:_fetch_single_sync:154 -> middleware.py:apply_sync:96) from logger `RFC.middleware_content_saver`
[INFO] applied on CivitaiModelDownload(252578_v1.0), sent

2024-02-20 09:03:09,054 <requestor-worker-4:2579769, MainThread:140240668346176> (requestor.py:_fetch_single_sync:154 -> middleware.py:apply_sync:93) from logger `RFC.middleware_content_saver`
[INFO] applying on CivitaiModelDownload(207674_BandanaMask), received

2024-02-20 09:03:09,072 <requestor-worker-4:2579769, MainThread:140240668346176> (requestor.py:_fetch_single_sync:154 -> middleware.py:apply_sync:96) from logger `RFC.middleware_content_saver`
[INFO] applied on CivitaiModelDownload(207674_BandanaMask), sent

2024-02-20 09:03:38,335 <requestor-worker-4:2579769, MainThread:140240668346176> (requestor.py:_fetch_single_sync:154 -> middleware.py:apply_sync:93) from logger `RFC.middleware_content_saver`
[INFO] applying on CivitaiModelDownload(86664_v1.0), received

2024-02-20 09:03:39,350 <requestor-worker-4:2579769, MainThread:140240668346176> (requestor.py:_fetch_single_sync:154 -> middleware.py:apply_sync:96) from logger `RFC.middleware_content_saver`
[INFO] applied on CivitaiModelDownload(86664_v1.0), sent

2024-02-20 09:04:43,496 <requestor-worker-4:2579769, MainThread:140240668346176> (requestor.py:_fetch_single_sync:154 -> middleware.py:apply_sync:93) from logger `RFC.middleware_content_saver`
[INFO] applying on CivitaiModelDownload(75366_v2.0), received

2024-02-20 09:04:45,235 <requestor-worker-4:2579769, MainThread:140240668346176> (requestor.py:_fetch_single_sync:154 -> middleware.py:apply_sync:96) from logger `RFC.middleware_content_saver`
[INFO] applied on CivitaiModelDownload(75366_v2.0), sent

2024-02-20 09:05:01,690 <requestor-worker-4:2579769, MainThread:140240668346176> (requestor.py:_fetch_single_sync:154 -> middleware.py:apply_sync:93) from logger `RFC.middleware_content_saver`
[INFO] applying on CivitaiModelDownload(68013_v1.0), received

2024-02-20 09:05:01,705 <requestor-worker-4:2579769, MainThread:140240668346176> (requestor.py:_fetch_single_sync:154 -> middleware.py:apply_sync:96) from logger `RFC.middleware_content_saver`
[INFO] applied on CivitaiModelDownload(68013_v1.0), sent

2024-02-20 09:05:13,162 <requestor-worker-4:2579769, MainThread:140240668346176> (requestor.py:_fetch_single_sync:154 -> middleware.py:apply_sync:93) from logger `RFC.middleware_content_saver`
[INFO] applying on CivitaiModelDownload(121001_hybird), received

2024-02-20 09:05:13,175 <requestor-worker-4:2579769, MainThread:140240668346176> (requestor.py:_fetch_single_sync:154 -> middleware.py:apply_sync:96) from logger `RFC.middleware_content_saver`
[INFO] applied on CivitaiModelDownload(121001_hybird), sent

2024-02-20 09:05:29,204 <requestor-worker-4:2579769, MainThread:140240668346176> (requestor.py:_fetch_single_sync:154 -> middleware.py:apply_sync:93) from logger `RFC.middleware_content_saver`
[INFO] applying on CivitaiModelDownload(165933_v2.0), received

2024-02-20 09:05:29,218 <requestor-worker-4:2579769, MainThread:140240668346176> (requestor.py:_fetch_single_sync:154 -> middleware.py:apply_sync:96) from logger `RFC.middleware_content_saver`
[INFO] applied on CivitaiModelDownload(165933_v2.0), sent

2024-02-20 09:05:45,427 <requestor-worker-4:2579769, MainThread:140240668346176> (requestor.py:_fetch_single_sync:154 -> middleware.py:apply_sync:93) from logger `RFC.middleware_content_saver`
[INFO] applying on CivitaiModelDownload(73400_v1.0), received

2024-02-20 09:05:45,442 <requestor-worker-4:2579769, MainThread:140240668346176> (requestor.py:_fetch_single_sync:154 -> middleware.py:apply_sync:96) from logger `RFC.middleware_content_saver`
[INFO] applied on CivitaiModelDownload(73400_v1.0), sent

2024-02-20 09:05:58,746 <requestor-worker-4:2579769, MainThread:140240668346176> (requestor.py:_fetch_single_sync:154 -> middleware.py:apply_sync:93) from logger `RFC.middleware_content_saver`
[INFO] applying on CivitaiModelDownload(162852_v1.0), received

2024-02-20 09:05:58,749 <requestor-worker-4:2579769, MainThread:140240668346176> (requestor.py:_fetch_single_sync:154 -> middleware.py:apply_sync:96) from logger `RFC.middleware_content_saver`
[INFO] applied on CivitaiModelDownload(162852_v1.0), sent

2024-02-20 09:06:15,668 <requestor-worker-4:2579769, MainThread:140240668346176> (requestor.py:_fetch_single_sync:154 -> middleware.py:apply_sync:93) from logger `RFC.middleware_content_saver`
[INFO] applying on CivitaiModelDownload(132667_v1.0), received

2024-02-20 09:06:15,683 <requestor-worker-4:2579769, MainThread:140240668346176> (requestor.py:_fetch_single_sync:154 -> middleware.py:apply_sync:96) from logger `RFC.middleware_content_saver`
[INFO] applied on CivitaiModelDownload(132667_v1.0), sent

2024-02-20 09:06:41,312 <requestor-worker-4:2579769, MainThread:140240668346176> (requestor.py:_fetch_single_sync:154 -> middleware.py:apply_sync:93) from logger `RFC.middleware_content_saver`
[INFO] applying on CivitaiModelDownload(230526_v1.0), received

2024-02-20 09:06:41,327 <requestor-worker-4:2579769, MainThread:140240668346176> (requestor.py:_fetch_single_sync:154 -> middleware.py:apply_sync:96) from logger `RFC.middleware_content_saver`
[INFO] applied on CivitaiModelDownload(230526_v1.0), sent

2024-02-20 09:08:56,948 <requestor-worker-4:2579769, MainThread:140240668346176> (requestor.py:_fetch_single_sync:154 -> middleware.py:apply_sync:93) from logger `RFC.middleware_content_saver`
[INFO] applying on CivitaiModelDownload(310550_v1.0), received

2024-02-20 09:09:00,942 <requestor-worker-4:2579769, MainThread:140240668346176> (requestor.py:_fetch_single_sync:154 -> middleware.py:apply_sync:96) from logger `RFC.middleware_content_saver`
[INFO] applied on CivitaiModelDownload(310550_v1.0), sent

2024-02-20 09:10:14,273 <requestor-worker-4:2579769, MainThread:140240668346176> (requestor.py:_fetch_single_sync:154 -> middleware.py:apply_sync:93) from logger `RFC.middleware_content_saver`
[INFO] applying on CivitaiModelDownload(23293_v1), received

2024-02-20 09:10:15,575 <requestor-worker-4:2579769, MainThread:140240668346176> (requestor.py:_fetch_single_sync:154 -> middleware.py:apply_sync:96) from logger `RFC.middleware_content_saver`
[INFO] applied on CivitaiModelDownload(23293_v1), sent

2024-02-20 09:11:06,945 <requestor-worker-4:2579769, MainThread:140240668346176> (requestor.py:_fetch_single_sync:154 -> middleware.py:apply_sync:93) from logger `RFC.middleware_content_saver`
[INFO] applying on CivitaiModelDownload(230206_v2.0-soft), received

2024-02-20 09:11:06,972 <requestor-worker-4:2579769, MainThread:140240668346176> (requestor.py:_fetch_single_sync:154 -> middleware.py:apply_sync:96) from logger `RFC.middleware_content_saver`
[INFO] applied on CivitaiModelDownload(230206_v2.0-soft), sent

2024-02-20 09:11:25,862 <requestor-worker-4:2579769, MainThread:140240668346176> (requestor.py:_fetch_single_sync:154 -> middleware.py:apply_sync:93) from logger `RFC.middleware_content_saver`
[INFO] applying on CivitaiModelDownload(59760_v2), received

2024-02-20 09:11:27,817 <requestor-worker-4:2579769, MainThread:140240668346176> (requestor.py:_fetch_single_sync:154 -> middleware.py:apply_sync:96) from logger `RFC.middleware_content_saver`
[INFO] applied on CivitaiModelDownload(59760_v2), sent

2024-02-20 09:12:29,914 <requestor-worker-4:2579769, MainThread:140240668346176> (requestor.py:_fetch_single_sync:154 -> middleware.py:apply_sync:93) from logger `RFC.middleware_content_saver`
[INFO] applying on CivitaiModelDownload(52277_v1.0), received

2024-02-20 09:12:30,706 <requestor-worker-4:2579769, MainThread:140240668346176> (requestor.py:_fetch_single_sync:154 -> middleware.py:apply_sync:96) from logger `RFC.middleware_content_saver`
[INFO] applied on CivitaiModelDownload(52277_v1.0), sent

2024-02-20 09:13:01,486 <requestor-worker-4:2579769, MainThread:140240668346176> (requestor.py:_fetch_single_sync:154 -> middleware.py:apply_sync:93) from logger `RFC.middleware_content_saver`
[INFO] applying on CivitaiModelDownload(154543_v1.0), received

2024-02-20 09:13:01,500 <requestor-worker-4:2579769, MainThread:140240668346176> (requestor.py:_fetch_single_sync:154 -> middleware.py:apply_sync:96) from logger `RFC.middleware_content_saver`
[INFO] applied on CivitaiModelDownload(154543_v1.0), sent

2024-02-20 09:14:11,523 <requestor-worker-4:2579769, MainThread:140240668346176> (requestor.py:_fetch_single_sync:154 -> middleware.py:apply_sync:93) from logger `RFC.middleware_content_saver`
[INFO] applying on CivitaiModelDownload(123503_offset), received

2024-02-20 09:14:13,979 <requestor-worker-4:2579769, MainThread:140240668346176> (requestor.py:_fetch_single_sync:154 -> middleware.py:apply_sync:96) from logger `RFC.middleware_content_saver`
[INFO] applied on CivitaiModelDownload(123503_offset), sent

2024-02-20 09:14:41,691 <requestor-worker-4:2579769, MainThread:140240668346176> (requestor.py:_fetch_single_sync:154 -> middleware.py:apply_sync:93) from logger `RFC.middleware_content_saver`
[INFO] applying on CivitaiModelDownload(267301_v1.0), received

2024-02-20 09:14:41,706 <requestor-worker-4:2579769, MainThread:140240668346176> (requestor.py:_fetch_single_sync:154 -> middleware.py:apply_sync:96) from logger `RFC.middleware_content_saver`
[INFO] applied on CivitaiModelDownload(267301_v1.0), sent

2024-02-20 09:14:51,784 <requestor-worker-4:2579769, MainThread:140240668346176> (requestor.py:_fetch_single_sync:154 -> middleware.py:apply_sync:93) from logger `RFC.middleware_content_saver`
[INFO] applying on CivitaiModelDownload(109020_v1.0), received

2024-02-20 09:14:51,793 <requestor-worker-4:2579769, MainThread:140240668346176> (requestor.py:_fetch_single_sync:154 -> middleware.py:apply_sync:96) from logger `RFC.middleware_content_saver`
[INFO] applied on CivitaiModelDownload(109020_v1.0), sent

2024-02-20 09:15:02,360 <requestor-worker-4:2579769, MainThread:140240668346176> (requestor.py:_fetch_single_sync:154 -> middleware.py:apply_sync:93) from logger `RFC.middleware_content_saver`
[INFO] applying on CivitaiModelDownload(28860_v1.0), received

2024-02-20 09:15:02,366 <requestor-worker-4:2579769, MainThread:140240668346176> (requestor.py:_fetch_single_sync:154 -> middleware.py:apply_sync:96) from logger `RFC.middleware_content_saver`
[INFO] applied on CivitaiModelDownload(28860_v1.0), sent

2024-02-20 09:15:40,420 <requestor-worker-4:2579769, MainThread:140240668346176> (requestor.py:_fetch_single_sync:154 -> middleware.py:apply_sync:93) from logger `RFC.middleware_content_saver`
[INFO] applying on CivitaiModelDownload(175189_v1.0), received

2024-02-20 09:15:42,764 <requestor-worker-4:2579769, MainThread:140240668346176> (requestor.py:_fetch_single_sync:154 -> middleware.py:apply_sync:96) from logger `RFC.middleware_content_saver`
[INFO] applied on CivitaiModelDownload(175189_v1.0), sent

2024-02-20 09:16:31,863 <requestor-worker-4:2579769, MainThread:140240668346176> (requestor.py:_fetch_single_sync:154 -> middleware.py:apply_sync:93) from logger `RFC.middleware_content_saver`
[INFO] applying on CivitaiModelDownload(34793_1), received

2024-02-20 09:16:31,890 <requestor-worker-4:2579769, MainThread:140240668346176> (requestor.py:_fetch_single_sync:154 -> middleware.py:apply_sync:96) from logger `RFC.middleware_content_saver`
[INFO] applied on CivitaiModelDownload(34793_1), sent

2024-02-20 09:17:33,464 <requestor-worker-4:2579769, MainThread:140240668346176> (requestor.py:_fetch_single_sync:154 -> middleware.py:apply_sync:93) from logger `RFC.middleware_content_saver`
[INFO] applying on CivitaiModelDownload(67332_v1.0), received

2024-02-20 09:17:35,033 <requestor-worker-4:2579769, MainThread:140240668346176> (requestor.py:_fetch_single_sync:154 -> middleware.py:apply_sync:96) from logger `RFC.middleware_content_saver`
[INFO] applied on CivitaiModelDownload(67332_v1.0), sent

2024-02-20 09:18:21,116 <requestor-worker-4:2579769, MainThread:140240668346176> (requestor.py:_fetch_single_sync:154 -> middleware.py:apply_sync:93) from logger `RFC.middleware_content_saver`
[INFO] applying on CivitaiModelDownload(217471_[CamilaLobo]), received

2024-02-20 09:18:21,130 <requestor-worker-4:2579769, MainThread:140240668346176> (requestor.py:_fetch_single_sync:154 -> middleware.py:apply_sync:96) from logger `RFC.middleware_content_saver`
[INFO] applied on CivitaiModelDownload(217471_[CamilaLobo]), sent

2024-02-20 09:19:26,259 <requestor-worker-4:2579769, MainThread:140240668346176> (requestor.py:_fetch_single_sync:154 -> middleware.py:apply_sync:93) from logger `RFC.middleware_content_saver`
[INFO] applying on CivitaiModelDownload(139924_v1.0), received

2024-02-20 09:19:27,251 <requestor-worker-4:2579769, MainThread:140240668346176> (requestor.py:_fetch_single_sync:154 -> middleware.py:apply_sync:96) from logger `RFC.middleware_content_saver`
[INFO] applied on CivitaiModelDownload(139924_v1.0), sent

2024-02-20 09:19:39,755 <requestor-worker-4:2579769, MainThread:140240668346176> (requestor.py:_fetch_single_sync:154 -> middleware.py:apply_sync:93) from logger `RFC.middleware_content_saver`
[INFO] applying on CivitaiModelDownload(147370_v1.0), received

2024-02-20 09:19:39,766 <requestor-worker-4:2579769, MainThread:140240668346176> (requestor.py:_fetch_single_sync:154 -> middleware.py:apply_sync:96) from logger `RFC.middleware_content_saver`
[INFO] applied on CivitaiModelDownload(147370_v1.0), sent

2024-02-20 09:21:18,521 <requestor-worker-4:2579769, MainThread:140240668346176> (requestor.py:_fetch_single_sync:154 -> middleware.py:apply_sync:93) from logger `RFC.middleware_content_saver`
[INFO] applying on CivitaiModelDownload(267839_v1.0), received

2024-02-20 09:21:18,549 <requestor-worker-4:2579769, MainThread:140240668346176> (requestor.py:_fetch_single_sync:154 -> middleware.py:apply_sync:96) from logger `RFC.middleware_content_saver`
[INFO] applied on CivitaiModelDownload(267839_v1.0), sent

2024-02-20 09:21:37,954 <requestor-worker-4:2579769, MainThread:140240668346176> (requestor.py:_fetch_single_sync:154 -> middleware.py:apply_sync:93) from logger `RFC.middleware_content_saver`
[INFO] applying on CivitaiModelDownload(165068_v1.0), received

2024-02-20 09:21:37,981 <requestor-worker-4:2579769, MainThread:140240668346176> (requestor.py:_fetch_single_sync:154 -> middleware.py:apply_sync:96) from logger `RFC.middleware_content_saver`
[INFO] applied on CivitaiModelDownload(165068_v1.0), sent

2024-02-20 09:21:45,433 <requestor-worker-4:2579769, MainThread:140240668346176> (requestor.py:_fetch_single_sync:154 -> middleware.py:apply_sync:93) from logger `RFC.middleware_content_saver`
[INFO] applying on CivitaiModelDownload(274110_v1.0), received

2024-02-20 09:21:45,448 <requestor-worker-4:2579769, MainThread:140240668346176> (requestor.py:_fetch_single_sync:154 -> middleware.py:apply_sync:96) from logger `RFC.middleware_content_saver`
[INFO] applied on CivitaiModelDownload(274110_v1.0), sent

2024-02-20 09:21:50,344 <requestor-worker-4:2579769, MainThread:140240668346176> (requestor.py:_fetch_single_sync:154 -> middleware.py:apply_sync:93) from logger `RFC.middleware_content_saver`
[INFO] applying on CivitaiModelDownload(161894_v1.0), received

2024-02-20 09:21:50,359 <requestor-worker-4:2579769, MainThread:140240668346176> (requestor.py:_fetch_single_sync:154 -> middleware.py:apply_sync:96) from logger `RFC.middleware_content_saver`
[INFO] applied on CivitaiModelDownload(161894_v1.0), sent

2024-02-20 09:22:18,321 <requestor-worker-4:2579769, MainThread:140240668346176> (requestor.py:_fetch_single_sync:154 -> middleware.py:apply_sync:93) from logger `RFC.middleware_content_saver`
[INFO] applying on CivitaiModelDownload(180902_v1.0), received

2024-02-20 09:22:19,744 <requestor-worker-4:2579769, MainThread:140240668346176> (requestor.py:_fetch_single_sync:154 -> middleware.py:apply_sync:96) from logger `RFC.middleware_content_saver`
[INFO] applied on CivitaiModelDownload(180902_v1.0), sent

2024-02-20 09:23:48,348 <requestor-worker-4:2579769, MainThread:140240668346176> (requestor.py:_fetch_single_sync:154 -> middleware.py:apply_sync:93) from logger `RFC.middleware_content_saver`
[INFO] applying on CivitaiModelDownload(12639_v1.0), received

2024-02-20 09:23:50,355 <requestor-worker-4:2579769, MainThread:140240668346176> (requestor.py:_fetch_single_sync:154 -> middleware.py:apply_sync:96) from logger `RFC.middleware_content_saver`
[INFO] applied on CivitaiModelDownload(12639_v1.0), sent

2024-02-20 09:23:52,964 <requestor-worker-4:2579769, MainThread:140240668346176> (requestor.py:_fetch_single_sync:154 -> middleware.py:apply_sync:93) from logger `RFC.middleware_content_saver`
[INFO] applying on CivitaiModelDownload(47051_v1.0), received

2024-02-20 09:23:52,970 <requestor-worker-4:2579769, MainThread:140240668346176> (requestor.py:_fetch_single_sync:154 -> middleware.py:apply_sync:96) from logger `RFC.middleware_content_saver`
[INFO] applied on CivitaiModelDownload(47051_v1.0), sent

2024-02-20 09:23:56,601 <requestor-worker-4:2579769, MainThread:140240668346176> (requestor.py:_fetch_single_sync:154 -> middleware.py:apply_sync:93) from logger `RFC.middleware_content_saver`
[INFO] applying on CivitaiModelDownload(306600_v1.0), received

2024-02-20 09:23:56,607 <requestor-worker-4:2579769, MainThread:140240668346176> (requestor.py:_fetch_single_sync:154 -> middleware.py:apply_sync:96) from logger `RFC.middleware_content_saver`
[INFO] applied on CivitaiModelDownload(306600_v1.0), sent

2024-02-20 09:24:20,335 <requestor-worker-4:2579769, MainThread:140240668346176> (requestor.py:_fetch_single_sync:154 -> middleware.py:apply_sync:93) from logger `RFC.middleware_content_saver`
[INFO] applying on CivitaiModelDownload(168003_v1.0), received

2024-02-20 09:24:20,364 <requestor-worker-4:2579769, MainThread:140240668346176> (requestor.py:_fetch_single_sync:154 -> middleware.py:apply_sync:96) from logger `RFC.middleware_content_saver`
[INFO] applied on CivitaiModelDownload(168003_v1.0), sent

2024-02-20 09:24:57,562 <requestor-worker-4:2579769, MainThread:140240668346176> (requestor.py:_fetch_single_sync:154 -> middleware.py:apply_sync:93) from logger `RFC.middleware_content_saver`
[INFO] applying on CivitaiModelDownload(101076_v1.0-render4), received

2024-02-20 09:24:57,617 <requestor-worker-4:2579769, MainThread:140240668346176> (requestor.py:_fetch_single_sync:154 -> middleware.py:apply_sync:96) from logger `RFC.middleware_content_saver`
[INFO] applied on CivitaiModelDownload(101076_v1.0-render4), sent

2024-02-20 09:25:41,650 <requestor-worker-4:2579769, MainThread:140240668346176> (requestor.py:_fetch_single_sync:154 -> middleware.py:apply_sync:93) from logger `RFC.middleware_content_saver`
[INFO] applying on CivitaiModelDownload(101146_v2.0-basic2080), received

2024-02-20 09:25:41,677 <requestor-worker-4:2579769, MainThread:140240668346176> (requestor.py:_fetch_single_sync:154 -> middleware.py:apply_sync:96) from logger `RFC.middleware_content_saver`
[INFO] applied on CivitaiModelDownload(101146_v2.0-basic2080), sent

2024-02-20 09:25:56,226 <requestor-worker-4:2579769, MainThread:140240668346176> (requestor.py:_fetch_single_sync:154 -> middleware.py:apply_sync:93) from logger `RFC.middleware_content_saver`
[INFO] applying on CivitaiModelDownload(121992_V1-10), received

2024-02-20 09:25:56,241 <requestor-worker-4:2579769, MainThread:140240668346176> (requestor.py:_fetch_single_sync:154 -> middleware.py:apply_sync:96) from logger `RFC.middleware_content_saver`
[INFO] applied on CivitaiModelDownload(121992_V1-10), sent

2024-02-20 09:26:05,402 <requestor-worker-4:2579769, MainThread:140240668346176> (requestor.py:_fetch_single_sync:154 -> middleware.py:apply_sync:93) from logger `RFC.middleware_content_saver`
[INFO] applying on CivitaiModelDownload(159358_v1.0), received

2024-02-20 09:26:05,405 <requestor-worker-4:2579769, MainThread:140240668346176> (requestor.py:_fetch_single_sync:154 -> middleware.py:apply_sync:96) from logger `RFC.middleware_content_saver`
[INFO] applied on CivitaiModelDownload(159358_v1.0), sent

2024-02-20 09:26:10,253 <requestor-worker-4:2579769, MainThread:140240668346176> (requestor.py:_fetch_single_sync:154 -> middleware.py:apply_sync:93) from logger `RFC.middleware_content_saver`
[INFO] applying on CivitaiModelDownload(265014_v1.0), received

2024-02-20 09:26:10,272 <requestor-worker-4:2579769, MainThread:140240668346176> (requestor.py:_fetch_single_sync:154 -> middleware.py:apply_sync:96) from logger `RFC.middleware_content_saver`
[INFO] applied on CivitaiModelDownload(265014_v1.0), sent

2024-02-20 09:26:22,428 <requestor-worker-4:2579769, MainThread:140240668346176> (requestor.py:_fetch_single_sync:154 -> middleware.py:apply_sync:93) from logger `RFC.middleware_content_saver`
[INFO] applying on CivitaiModelDownload(55958_v1.1), received

2024-02-20 09:26:22,437 <requestor-worker-4:2579769, MainThread:140240668346176> (requestor.py:_fetch_single_sync:154 -> middleware.py:apply_sync:96) from logger `RFC.middleware_content_saver`
[INFO] applied on CivitaiModelDownload(55958_v1.1), sent

2024-02-20 09:26:46,047 <requestor-worker-4:2579769, MainThread:140240668346176> (requestor.py:_fetch_single_sync:154 -> middleware.py:apply_sync:93) from logger `RFC.middleware_content_saver`
[INFO] applying on CivitaiModelDownload(253137_v1.0-B-Dancer), received

2024-02-20 09:26:46,078 <requestor-worker-4:2579769, MainThread:140240668346176> (requestor.py:_fetch_single_sync:154 -> middleware.py:apply_sync:96) from logger `RFC.middleware_content_saver`
[INFO] applied on CivitaiModelDownload(253137_v1.0-B-Dancer), sent

2024-02-20 09:27:01,550 <requestor-worker-4:2579769, MainThread:140240668346176> (requestor.py:_fetch_single_sync:154 -> middleware.py:apply_sync:93) from logger `RFC.middleware_content_saver`
[INFO] applying on CivitaiModelDownload(68898_Mediumtraining), received

2024-02-20 09:27:01,558 <requestor-worker-4:2579769, MainThread:140240668346176> (requestor.py:_fetch_single_sync:154 -> middleware.py:apply_sync:96) from logger `RFC.middleware_content_saver`
[INFO] applied on CivitaiModelDownload(68898_Mediumtraining), sent

2024-02-20 09:27:09,519 <requestor-worker-4:2579769, MainThread:140240668346176> (requestor.py:_fetch_single_sync:154 -> middleware.py:apply_sync:93) from logger `RFC.middleware_content_saver`
[INFO] applying on CivitaiModelDownload(68914_Mediumtraining), received

2024-02-20 09:27:09,536 <requestor-worker-4:2579769, MainThread:140240668346176> (requestor.py:_fetch_single_sync:154 -> middleware.py:apply_sync:96) from logger `RFC.middleware_content_saver`
[INFO] applied on CivitaiModelDownload(68914_Mediumtraining), sent

2024-02-20 09:27:19,281 <requestor-worker-4:2579769, MainThread:140240668346176> (requestor.py:_fetch_single_sync:154 -> middleware.py:apply_sync:93) from logger `RFC.middleware_content_saver`
[INFO] applying on CivitaiModelDownload(66379_MegaLessTraining), received

2024-02-20 09:27:19,296 <requestor-worker-4:2579769, MainThread:140240668346176> (requestor.py:_fetch_single_sync:154 -> middleware.py:apply_sync:96) from logger `RFC.middleware_content_saver`
[INFO] applied on CivitaiModelDownload(66379_MegaLessTraining), sent

2024-02-20 09:27:24,141 <requestor-worker-4:2579769, MainThread:140240668346176> (requestor.py:_fetch_single_sync:154 -> middleware.py:apply_sync:93) from logger `RFC.middleware_content_saver`
[INFO] applying on CivitaiModelDownload(71595_Hevytraining), received

2024-02-20 09:27:24,270 <requestor-worker-4:2579769, MainThread:140240668346176> (requestor.py:_fetch_single_sync:154 -> middleware.py:apply_sync:96) from logger `RFC.middleware_content_saver`
[INFO] applied on CivitaiModelDownload(71595_Hevytraining), sent

2024-02-20 09:27:34,074 <requestor-worker-4:2579769, MainThread:140240668346176> (requestor.py:_fetch_single_sync:154 -> middleware.py:apply_sync:93) from logger `RFC.middleware_content_saver`
[INFO] applying on CivitaiModelDownload(109621_v1.0), received

2024-02-20 09:27:34,089 <requestor-worker-4:2579769, MainThread:140240668346176> (requestor.py:_fetch_single_sync:154 -> middleware.py:apply_sync:96) from logger `RFC.middleware_content_saver`
[INFO] applied on CivitaiModelDownload(109621_v1.0), sent

2024-02-20 09:27:47,754 <requestor-worker-4:2579769, MainThread:140240668346176> (requestor.py:_fetch_single_sync:154 -> middleware.py:apply_sync:93) from logger `RFC.middleware_content_saver`
[INFO] applying on CivitaiModelDownload(103349_v1.0), received

2024-02-20 09:27:47,769 <requestor-worker-4:2579769, MainThread:140240668346176> (requestor.py:_fetch_single_sync:154 -> middleware.py:apply_sync:96) from logger `RFC.middleware_content_saver`
[INFO] applied on CivitaiModelDownload(103349_v1.0), sent

2024-02-20 09:27:52,620 <requestor-worker-4:2579769, MainThread:140240668346176> (requestor.py:_fetch_single_sync:154 -> middleware.py:apply_sync:93) from logger `RFC.middleware_content_saver`
[INFO] applying on CivitaiModelDownload(137901_v3.0), received

2024-02-20 09:27:52,624 <requestor-worker-4:2579769, MainThread:140240668346176> (requestor.py:_fetch_single_sync:154 -> middleware.py:apply_sync:96) from logger `RFC.middleware_content_saver`
[INFO] applied on CivitaiModelDownload(137901_v3.0), sent

2024-02-20 09:27:59,041 <requestor-worker-4:2579769, MainThread:140240668346176> (requestor.py:_fetch_single_sync:154 -> middleware.py:apply_sync:93) from logger `RFC.middleware_content_saver`
[INFO] applying on CivitaiModelDownload(96171_BG_dpep4+silicon29dim4), received

2024-02-20 09:27:59,047 <requestor-worker-4:2579769, MainThread:140240668346176> (requestor.py:_fetch_single_sync:154 -> middleware.py:apply_sync:96) from logger `RFC.middleware_content_saver`
[INFO] applied on CivitaiModelDownload(96171_BG_dpep4+silicon29dim4), sent

2024-02-20 09:28:35,333 <requestor-worker-4:2579769, MainThread:140240668346176> (requestor.py:_fetch_single_sync:154 -> middleware.py:apply_sync:93) from logger `RFC.middleware_content_saver`
[INFO] applying on CivitaiModelDownload(97004_BG2_dpep4+silicon29dim64), received

2024-02-20 09:28:35,361 <requestor-worker-4:2579769, MainThread:140240668346176> (requestor.py:_fetch_single_sync:154 -> middleware.py:apply_sync:96) from logger `RFC.middleware_content_saver`
[INFO] applied on CivitaiModelDownload(97004_BG2_dpep4+silicon29dim64), sent

2024-02-20 09:28:50,925 <requestor-worker-4:2579769, MainThread:140240668346176> (requestor.py:_fetch_single_sync:154 -> middleware.py:apply_sync:93) from logger `RFC.middleware_content_saver`
[INFO] applying on CivitaiModelDownload(177597_VancouverOGForestv1.0), received

2024-02-20 09:28:51,334 <requestor-worker-4:2579769, MainThread:140240668346176> (requestor.py:_fetch_single_sync:154 -> middleware.py:apply_sync:96) from logger `RFC.middleware_content_saver`
[INFO] applied on CivitaiModelDownload(177597_VancouverOGForestv1.0), sent

2024-02-20 09:29:08,429 <requestor-worker-4:2579769, MainThread:140240668346176> (requestor.py:_fetch_single_sync:154 -> middleware.py:apply_sync:93) from logger `RFC.middleware_content_saver`
[INFO] applying on CivitaiModelDownload(54418_LOCON), received

2024-02-20 09:29:08,442 <requestor-worker-4:2579769, MainThread:140240668346176> (requestor.py:_fetch_single_sync:154 -> middleware.py:apply_sync:96) from logger `RFC.middleware_content_saver`
[INFO] applied on CivitaiModelDownload(54418_LOCON), sent

2024-02-20 09:29:30,722 <requestor-worker-4:2579769, MainThread:140240668346176> (requestor.py:_fetch_single_sync:154 -> middleware.py:apply_sync:93) from logger `RFC.middleware_content_saver`
[INFO] applying on CivitaiModelDownload(310046_back_view_enema_v1.0), received

2024-02-20 09:29:30,750 <requestor-worker-4:2579769, MainThread:140240668346176> (requestor.py:_fetch_single_sync:154 -> middleware.py:apply_sync:96) from logger `RFC.middleware_content_saver`
[INFO] applied on CivitaiModelDownload(310046_back_view_enema_v1.0), sent

2024-02-20 09:29:35,028 <requestor-worker-4:2579769, MainThread:140240668346176> (requestor.py:_fetch_single_sync:154 -> middleware.py:apply_sync:93) from logger `RFC.middleware_content_saver`
[INFO] applying on CivitaiModelDownload(31533_v1.0), received

2024-02-20 09:29:35,034 <requestor-worker-4:2579769, MainThread:140240668346176> (requestor.py:_fetch_single_sync:154 -> middleware.py:apply_sync:96) from logger `RFC.middleware_content_saver`
[INFO] applied on CivitaiModelDownload(31533_v1.0), sent

2024-02-20 09:29:55,938 <requestor-worker-4:2579769, MainThread:140240668346176> (requestor.py:_fetch_single_sync:154 -> middleware.py:apply_sync:93) from logger `RFC.middleware_content_saver`
[INFO] applying on CivitaiModelDownload(243778_v1.0), received

2024-02-20 09:29:55,947 <requestor-worker-4:2579769, MainThread:140240668346176> (requestor.py:_fetch_single_sync:154 -> middleware.py:apply_sync:96) from logger `RFC.middleware_content_saver`
[INFO] applied on CivitaiModelDownload(243778_v1.0), sent

2024-02-20 09:30:03,895 <requestor-worker-4:2579769, MainThread:140240668346176> (requestor.py:_fetch_single_sync:154 -> middleware.py:apply_sync:93) from logger `RFC.middleware_content_saver`
[INFO] applying on CivitaiModelDownload(145868_SebastianSDV), received

2024-02-20 09:30:03,910 <requestor-worker-4:2579769, MainThread:140240668346176> (requestor.py:_fetch_single_sync:154 -> middleware.py:apply_sync:96) from logger `RFC.middleware_content_saver`
[INFO] applied on CivitaiModelDownload(145868_SebastianSDV), sent

2024-02-20 09:30:13,109 <requestor-worker-4:2579769, MainThread:140240668346176> (requestor.py:_fetch_single_sync:154 -> middleware.py:apply_sync:93) from logger `RFC.middleware_content_saver`
[INFO] applying on CivitaiModelDownload(145856_HarveySDV), received

2024-02-20 09:30:13,124 <requestor-worker-4:2579769, MainThread:140240668346176> (requestor.py:_fetch_single_sync:154 -> middleware.py:apply_sync:96) from logger `RFC.middleware_content_saver`
[INFO] applied on CivitaiModelDownload(145856_HarveySDV), sent

2024-02-20 09:30:20,698 <requestor-worker-4:2579769, MainThread:140240668346176> (requestor.py:_fetch_single_sync:154 -> middleware.py:apply_sync:93) from logger `RFC.middleware_content_saver`
[INFO] applying on CivitaiModelDownload(41778_v1.0), received

2024-02-20 09:30:20,707 <requestor-worker-4:2579769, MainThread:140240668346176> (requestor.py:_fetch_single_sync:154 -> middleware.py:apply_sync:96) from logger `RFC.middleware_content_saver`
[INFO] applied on CivitaiModelDownload(41778_v1.0), sent

2024-02-20 09:30:32,740 <requestor-worker-4:2579769, MainThread:140240668346176> (requestor.py:_fetch_single_sync:154 -> middleware.py:apply_sync:93) from logger `RFC.middleware_content_saver`
[INFO] applying on CivitaiModelDownload(105883_v2.0), received

2024-02-20 09:30:32,758 <requestor-worker-4:2579769, MainThread:140240668346176> (requestor.py:_fetch_single_sync:154 -> middleware.py:apply_sync:96) from logger `RFC.middleware_content_saver`
[INFO] applied on CivitaiModelDownload(105883_v2.0), sent

2024-02-20 09:31:57,602 <requestor-worker-4:2579769, MainThread:140240668346176> (requestor.py:_fetch_single_sync:154 -> middleware.py:apply_sync:93) from logger `RFC.middleware_content_saver`
[INFO] applying on CivitaiModelDownload(178160_v1.0), received

2024-02-20 09:32:01,320 <requestor-worker-4:2579769, MainThread:140240668346176> (requestor.py:_fetch_single_sync:154 -> middleware.py:apply_sync:96) from logger `RFC.middleware_content_saver`
[INFO] applied on CivitaiModelDownload(178160_v1.0), sent

2024-02-20 09:32:34,527 <requestor-worker-4:2579769, MainThread:140240668346176> (requestor.py:_fetch_single_sync:154 -> middleware.py:apply_sync:93) from logger `RFC.middleware_content_saver`
[INFO] applying on CivitaiModelDownload(70401_v1.0), received

2024-02-20 09:32:35,391 <requestor-worker-4:2579769, MainThread:140240668346176> (requestor.py:_fetch_single_sync:154 -> middleware.py:apply_sync:96) from logger `RFC.middleware_content_saver`
[INFO] applied on CivitaiModelDownload(70401_v1.0), sent

2024-02-20 09:33:29,706 <requestor-worker-4:2579769, MainThread:140240668346176> (requestor.py:_fetch_single_sync:154 -> middleware.py:apply_sync:93) from logger `RFC.middleware_content_saver`
[INFO] applying on CivitaiModelDownload(77181_v1.0), received

2024-02-20 09:33:31,520 <requestor-worker-4:2579769, MainThread:140240668346176> (requestor.py:_fetch_single_sync:154 -> middleware.py:apply_sync:96) from logger `RFC.middleware_content_saver`
[INFO] applied on CivitaiModelDownload(77181_v1.0), sent

2024-02-20 09:34:39,961 <requestor-worker-4:2579769, MainThread:140240668346176> (requestor.py:_fetch_single_sync:154 -> middleware.py:apply_sync:93) from logger `RFC.middleware_content_saver`
[INFO] applying on CivitaiModelDownload(75372_v1.0), received

2024-02-20 09:34:40,778 <requestor-worker-4:2579769, MainThread:140240668346176> (requestor.py:_fetch_single_sync:154 -> middleware.py:apply_sync:96) from logger `RFC.middleware_content_saver`
[INFO] applied on CivitaiModelDownload(75372_v1.0), sent

2024-02-20 09:35:26,839 <requestor-worker-4:2579769, MainThread:140240668346176> (requestor.py:_fetch_single_sync:154 -> middleware.py:apply_sync:93) from logger `RFC.middleware_content_saver`
[INFO] applying on CivitaiModelDownload(210185_v1.0), received

2024-02-20 09:35:28,228 <requestor-worker-4:2579769, MainThread:140240668346176> (requestor.py:_fetch_single_sync:154 -> middleware.py:apply_sync:96) from logger `RFC.middleware_content_saver`
[INFO] applied on CivitaiModelDownload(210185_v1.0), sent

2024-02-20 09:36:10,912 <requestor-worker-4:2579769, MainThread:140240668346176> (requestor.py:_fetch_single_sync:154 -> middleware.py:apply_sync:93) from logger `RFC.middleware_content_saver`
[INFO] applying on CivitaiModelDownload(288275_v1.0), received

2024-02-20 09:36:10,940 <requestor-worker-4:2579769, MainThread:140240668346176> (requestor.py:_fetch_single_sync:154 -> middleware.py:apply_sync:96) from logger `RFC.middleware_content_saver`
[INFO] applied on CivitaiModelDownload(288275_v1.0), sent

2024-02-20 09:39:02,203 <requestor-worker-4:2579769, MainThread:140240668346176> (requestor.py:_fetch_single_sync:154 -> middleware.py:apply_sync:93) from logger `RFC.middleware_content_saver`
[INFO] applying on CivitaiModelDownload(294652_BWVintageCartoon), received

2024-02-20 09:39:07,339 <requestor-worker-4:2579769, MainThread:140240668346176> (requestor.py:_fetch_single_sync:154 -> middleware.py:apply_sync:96) from logger `RFC.middleware_content_saver`
[INFO] applied on CivitaiModelDownload(294652_BWVintageCartoon), sent

2024-02-20 09:39:14,104 <requestor-worker-4:2579769, MainThread:140240668346176> (requestor.py:_fetch_single_sync:154 -> middleware.py:apply_sync:93) from logger `RFC.middleware_content_saver`
[INFO] applying on CivitaiModelDownload(249145_v2.0), received

2024-02-20 09:39:14,130 <requestor-worker-4:2579769, MainThread:140240668346176> (requestor.py:_fetch_single_sync:154 -> middleware.py:apply_sync:96) from logger `RFC.middleware_content_saver`
[INFO] applied on CivitaiModelDownload(249145_v2.0), sent

2024-02-20 09:41:17,937 <requestor-worker-4:2579769, MainThread:140240668346176> (requestor.py:_fetch_single_sync:154 -> middleware.py:apply_sync:93) from logger `RFC.middleware_content_saver`
[INFO] applying on CivitaiModelDownload(38014_0.1), received

2024-02-20 09:41:20,158 <requestor-worker-4:2579769, MainThread:140240668346176> (requestor.py:_fetch_single_sync:154 -> middleware.py:apply_sync:96) from logger `RFC.middleware_content_saver`
[INFO] applied on CivitaiModelDownload(38014_0.1), sent

2024-02-20 09:42:32,129 <requestor-worker-4:2579769, MainThread:140240668346176> (requestor.py:_fetch_single_sync:154 -> middleware.py:apply_sync:93) from logger `RFC.middleware_content_saver`
[INFO] applying on CivitaiModelDownload(249652_BMX[SDXL]), received

2024-02-20 09:42:35,307 <requestor-worker-4:2579769, MainThread:140240668346176> (requestor.py:_fetch_single_sync:154 -> middleware.py:apply_sync:96) from logger `RFC.middleware_content_saver`
[INFO] applied on CivitaiModelDownload(249652_BMX[SDXL]), sent

2024-02-20 09:43:56,455 <requestor-worker-4:2579769, MainThread:140240668346176> (requestor.py:_fetch_single_sync:154 -> middleware.py:apply_sync:93) from logger `RFC.middleware_content_saver`
[INFO] applying on CivitaiModelDownload(132866_v1.0), received

2024-02-20 09:44:01,518 <requestor-worker-4:2579769, MainThread:140240668346176> (requestor.py:_fetch_single_sync:154 -> middleware.py:apply_sync:96) from logger `RFC.middleware_content_saver`
[INFO] applied on CivitaiModelDownload(132866_v1.0), sent

2024-02-20 09:44:58,607 <requestor-worker-4:2579769, MainThread:140240668346176> (requestor.py:_fetch_single_sync:154 -> middleware.py:apply_sync:93) from logger `RFC.middleware_content_saver`
[INFO] applying on CivitaiModelDownload(25564_BMW850), received

2024-02-20 09:44:58,661 <requestor-worker-4:2579769, MainThread:140240668346176> (requestor.py:_fetch_single_sync:154 -> middleware.py:apply_sync:96) from logger `RFC.middleware_content_saver`
[INFO] applied on CivitaiModelDownload(25564_BMW850), sent

2024-02-20 09:46:22,081 <requestor-worker-4:2579769, MainThread:140240668346176> (requestor.py:_fetch_single_sync:154 -> middleware.py:apply_sync:93) from logger `RFC.middleware_content_saver`
[INFO] applying on CivitaiModelDownload(60402_v2.0), received

2024-02-20 09:46:25,675 <requestor-worker-4:2579769, MainThread:140240668346176> (requestor.py:_fetch_single_sync:154 -> middleware.py:apply_sync:96) from logger `RFC.middleware_content_saver`
[INFO] applied on CivitaiModelDownload(60402_v2.0), sent

2024-02-20 09:46:43,342 <requestor-worker-4:2579769, MainThread:140240668346176> (requestor.py:_fetch_single_sync:154 -> middleware.py:apply_sync:93) from logger `RFC.middleware_content_saver`
[INFO] applying on CivitaiModelDownload(71608_v1.0), received

2024-02-20 09:46:43,357 <requestor-worker-4:2579769, MainThread:140240668346176> (requestor.py:_fetch_single_sync:154 -> middleware.py:apply_sync:96) from logger `RFC.middleware_content_saver`
[INFO] applied on CivitaiModelDownload(71608_v1.0), sent

2024-02-20 09:48:15,151 <requestor-worker-4:2579769, MainThread:140240668346176> (requestor.py:_fetch_single_sync:154 -> middleware.py:apply_sync:93) from logger `RFC.middleware_content_saver`
[INFO] applying on CivitaiModelDownload(174728_v1), received

2024-02-20 09:48:16,976 <requestor-worker-4:2579769, MainThread:140240668346176> (requestor.py:_fetch_single_sync:154 -> middleware.py:apply_sync:96) from logger `RFC.middleware_content_saver`
[INFO] applied on CivitaiModelDownload(174728_v1), sent

2024-02-20 09:51:47,520 <requestor-worker-4:2579769, MainThread:140240668346176> (requestor.py:_fetch_single_sync:154 -> middleware.py:apply_sync:93) from logger `RFC.middleware_content_saver`
[INFO] applying on CivitaiModelDownload(191573_v1.0), received

2024-02-20 09:51:53,157 <requestor-worker-4:2579769, MainThread:140240668346176> (requestor.py:_fetch_single_sync:154 -> middleware.py:apply_sync:96) from logger `RFC.middleware_content_saver`
[INFO] applied on CivitaiModelDownload(191573_v1.0), sent

2024-02-20 09:52:32,457 <requestor-worker-4:2579769, MainThread:140240668346176> (requestor.py:_fetch_single_sync:154 -> middleware.py:apply_sync:93) from logger `RFC.middleware_content_saver`
[INFO] applying on CivitaiModelDownload(84924_v2.0), received

2024-02-20 09:52:32,473 <requestor-worker-4:2579769, MainThread:140240668346176> (requestor.py:_fetch_single_sync:154 -> middleware.py:apply_sync:96) from logger `RFC.middleware_content_saver`
[INFO] applied on CivitaiModelDownload(84924_v2.0), sent

2024-02-20 09:53:50,901 <requestor-worker-4:2579769, MainThread:140240668346176> (requestor.py:_fetch_single_sync:154 -> middleware.py:apply_sync:93) from logger `RFC.middleware_content_saver`
[INFO] applying on CivitaiModelDownload(152525_v1.0), received

2024-02-20 09:53:51,856 <requestor-worker-4:2579769, MainThread:140240668346176> (requestor.py:_fetch_single_sync:154 -> middleware.py:apply_sync:96) from logger `RFC.middleware_content_saver`
[INFO] applied on CivitaiModelDownload(152525_v1.0), sent

2024-02-20 10:03:39,519 <requestor-worker-4:2579769, MainThread:140240668346176> (requestor.py:_fetch_single_sync:154 -> middleware.py:apply_sync:93) from logger `RFC.middleware_content_saver`
[INFO] applying on CivitaiModelDownload(165346_v1.0XL), received

2024-02-20 10:04:11,549 <requestor-worker-4:2579769, MainThread:140240668346176> (requestor.py:_fetch_single_sync:154 -> middleware.py:apply_sync:96) from logger `RFC.middleware_content_saver`
[INFO] applied on CivitaiModelDownload(165346_v1.0XL), sent

2024-02-20 10:04:21,585 <requestor-worker-4:2579769, MainThread:140240668346176> (requestor.py:_fetch_single_sync:154 -> middleware.py:apply_sync:93) from logger `RFC.middleware_content_saver`
[INFO] applying on CivitaiModelDownload(231808_B.Orchidv1.0), received

2024-02-20 10:04:21,594 <requestor-worker-4:2579769, MainThread:140240668346176> (requestor.py:_fetch_single_sync:154 -> middleware.py:apply_sync:96) from logger `RFC.middleware_content_saver`
[INFO] applied on CivitaiModelDownload(231808_B.Orchidv1.0), sent

2024-02-20 10:04:30,910 <requestor-worker-4:2579769, MainThread:140240668346176> (requestor.py:_fetch_single_sync:154 -> middleware.py:apply_sync:93) from logger `RFC.middleware_content_saver`
[INFO] applying on CivitaiModelDownload(232889_B.Orchidv2.0), received

2024-02-20 10:04:30,919 <requestor-worker-4:2579769, MainThread:140240668346176> (requestor.py:_fetch_single_sync:154 -> middleware.py:apply_sync:96) from logger `RFC.middleware_content_saver`
[INFO] applied on CivitaiModelDownload(232889_B.Orchidv2.0), sent

2024-02-20 10:08:39,970 <requestor-worker-4:2579769, MainThread:140240668346176> (requestor.py:_fetch_single_sync:154 -> middleware.py:apply_sync:93) from logger `RFC.middleware_content_saver`
[INFO] applying on CivitaiModelDownload(218910_SDXLv1.0), received

2024-02-20 10:08:45,356 <requestor-worker-4:2579769, MainThread:140240668346176> (requestor.py:_fetch_single_sync:154 -> middleware.py:apply_sync:96) from logger `RFC.middleware_content_saver`
[INFO] applied on CivitaiModelDownload(218910_SDXLv1.0), sent

2024-02-20 10:09:56,930 <requestor-worker-4:2579769, MainThread:140240668346176> (requestor.py:_fetch_single_sync:154 -> middleware.py:apply_sync:93) from logger `RFC.middleware_content_saver`
[INFO] applying on CivitaiModelDownload(308232_Azur_Lane_USSRV3_SDXL), received

2024-02-20 10:09:59,444 <requestor-worker-4:2579769, MainThread:140240668346176> (requestor.py:_fetch_single_sync:154 -> middleware.py:apply_sync:96) from logger `RFC.middleware_content_saver`
[INFO] applied on CivitaiModelDownload(308232_Azur_Lane_USSRV3_SDXL), sent

2024-02-20 10:10:05,965 <requestor-worker-4:2579769, MainThread:140240668346176> (requestor.py:_fetch_single_sync:154 -> middleware.py:apply_sync:93) from logger `RFC.middleware_content_saver`
[INFO] applying on CivitaiModelDownload(122214_v1.0), received

2024-02-20 10:10:05,984 <requestor-worker-4:2579769, MainThread:140240668346176> (requestor.py:_fetch_single_sync:154 -> middleware.py:apply_sync:96) from logger `RFC.middleware_content_saver`
[INFO] applied on CivitaiModelDownload(122214_v1.0), sent

2024-02-20 10:10:08,378 <requestor-worker-4:2579769, MainThread:140240668346176> (requestor.py:_fetch_single_sync:154 -> middleware.py:apply_sync:93) from logger `RFC.middleware_content_saver`
[INFO] applying on CivitaiModelDownload(20282_v1.0), received

2024-02-20 10:10:08,382 <requestor-worker-4:2579769, MainThread:140240668346176> (requestor.py:_fetch_single_sync:154 -> middleware.py:apply_sync:96) from logger `RFC.middleware_content_saver`
[INFO] applied on CivitaiModelDownload(20282_v1.0), sent

2024-02-20 10:10:23,298 <requestor-worker-4:2579769, MainThread:140240668346176> (requestor.py:_fetch_single_sync:154 -> middleware.py:apply_sync:93) from logger `RFC.middleware_content_saver`
[INFO] applying on CivitaiModelDownload(238674_v1.0), received

2024-02-20 10:10:23,319 <requestor-worker-4:2579769, MainThread:140240668346176> (requestor.py:_fetch_single_sync:154 -> middleware.py:apply_sync:96) from logger `RFC.middleware_content_saver`
[INFO] applied on CivitaiModelDownload(238674_v1.0), sent

2024-02-20 10:11:32,152 <requestor-worker-4:2579769, MainThread:140240668346176> (requestor.py:_fetch_single_sync:154 -> middleware.py:apply_sync:93) from logger `RFC.middleware_content_saver`
[INFO] applying on CivitaiModelDownload(32179_DAaptation), received

2024-02-20 10:11:33,944 <requestor-worker-4:2579769, MainThread:140240668346176> (requestor.py:_fetch_single_sync:154 -> middleware.py:apply_sync:96) from logger `RFC.middleware_content_saver`
[INFO] applied on CivitaiModelDownload(32179_DAaptation), sent

2024-02-20 10:12:10,992 <requestor-worker-4:2579769, MainThread:140240668346176> (requestor.py:_fetch_single_sync:154 -> middleware.py:apply_sync:93) from logger `RFC.middleware_content_saver`
[INFO] applying on CivitaiModelDownload(31313_v1.0), received

2024-02-20 10:12:11,018 <requestor-worker-4:2579769, MainThread:140240668346176> (requestor.py:_fetch_single_sync:154 -> middleware.py:apply_sync:96) from logger `RFC.middleware_content_saver`
[INFO] applied on CivitaiModelDownload(31313_v1.0), sent

2024-02-20 10:13:11,963 <requestor-worker-4:2579769, MainThread:140240668346176> (requestor.py:_fetch_single_sync:154 -> middleware.py:apply_sync:93) from logger `RFC.middleware_content_saver`
[INFO] applying on CivitaiModelDownload(23697_azumichan_epoch2), received

2024-02-20 10:13:11,990 <requestor-worker-4:2579769, MainThread:140240668346176> (requestor.py:_fetch_single_sync:154 -> middleware.py:apply_sync:96) from logger `RFC.middleware_content_saver`
[INFO] applied on CivitaiModelDownload(23697_azumichan_epoch2), sent

2024-02-20 10:13:29,707 <requestor-worker-4:2579769, MainThread:140240668346176> (requestor.py:_fetch_single_sync:154 -> middleware.py:apply_sync:93) from logger `RFC.middleware_content_saver`
[INFO] applying on CivitaiModelDownload(121139_v2.2-BRAV5), received

2024-02-20 10:13:29,722 <requestor-worker-4:2579769, MainThread:140240668346176> (requestor.py:_fetch_single_sync:154 -> middleware.py:apply_sync:96) from logger `RFC.middleware_content_saver`
[INFO] applied on CivitaiModelDownload(121139_v2.2-BRAV5), sent

2024-02-20 10:14:22,261 <requestor-worker-4:2579769, MainThread:140240668346176> (requestor.py:_fetch_single_sync:154 -> middleware.py:apply_sync:93) from logger `RFC.middleware_content_saver`
[INFO] applying on CivitaiModelDownload(226068_v1.0), received

2024-02-20 10:14:22,311 <requestor-worker-4:2579769, MainThread:140240668346176> (requestor.py:_fetch_single_sync:154 -> middleware.py:apply_sync:96) from logger `RFC.middleware_content_saver`
[INFO] applied on CivitaiModelDownload(226068_v1.0), sent

2024-02-20 10:14:51,405 <requestor-worker-4:2579769, MainThread:140240668346176> (requestor.py:_fetch_single_sync:154 -> middleware.py:apply_sync:93) from logger `RFC.middleware_content_saver`
[INFO] applying on CivitaiModelDownload(98987_v1.0), received

2024-02-20 10:14:51,657 <requestor-worker-4:2579769, MainThread:140240668346176> (requestor.py:_fetch_single_sync:154 -> middleware.py:apply_sync:96) from logger `RFC.middleware_content_saver`
[INFO] applied on CivitaiModelDownload(98987_v1.0), sent

2024-02-20 10:15:47,107 <requestor-worker-4:2579769, MainThread:140240668346176> (requestor.py:_fetch_single_sync:154 -> middleware.py:apply_sync:93) from logger `RFC.middleware_content_saver`
[INFO] applying on CivitaiModelDownload(25548_v2.0), received

2024-02-20 10:15:48,032 <requestor-worker-4:2579769, MainThread:140240668346176> (requestor.py:_fetch_single_sync:154 -> middleware.py:apply_sync:96) from logger `RFC.middleware_content_saver`
[INFO] applied on CivitaiModelDownload(25548_v2.0), sent

2024-02-20 10:16:27,521 <requestor-worker-4:2579769, MainThread:140240668346176> (requestor.py:_fetch_single_sync:154 -> middleware.py:apply_sync:93) from logger `RFC.middleware_content_saver`
[INFO] applying on CivitaiModelDownload(267378_v1.0), received

2024-02-20 10:16:27,548 <requestor-worker-4:2579769, MainThread:140240668346176> (requestor.py:_fetch_single_sync:154 -> middleware.py:apply_sync:96) from logger `RFC.middleware_content_saver`
[INFO] applied on CivitaiModelDownload(267378_v1.0), sent

2024-02-20 10:16:47,753 <requestor-worker-4:2579769, MainThread:140240668346176> (requestor.py:_fetch_single_sync:154 -> middleware.py:apply_sync:93) from logger `RFC.middleware_content_saver`
[INFO] applying on CivitaiModelDownload(42109_v2.0), received

2024-02-20 10:16:47,768 <requestor-worker-4:2579769, MainThread:140240668346176> (requestor.py:_fetch_single_sync:154 -> middleware.py:apply_sync:96) from logger `RFC.middleware_content_saver`
[INFO] applied on CivitaiModelDownload(42109_v2.0), sent

2024-02-20 10:17:15,829 <requestor-worker-4:2579769, MainThread:140240668346176> (requestor.py:_fetch_single_sync:154 -> middleware.py:apply_sync:93) from logger `RFC.middleware_content_saver`
[INFO] applying on CivitaiModelDownload(99748_v1.0), received

2024-02-20 10:17:15,845 <requestor-worker-4:2579769, MainThread:140240668346176> (requestor.py:_fetch_single_sync:154 -> middleware.py:apply_sync:96) from logger `RFC.middleware_content_saver`
[INFO] applied on CivitaiModelDownload(99748_v1.0), sent

2024-02-20 10:17:27,054 <requestor-worker-4:2579769, MainThread:140240668346176> (requestor.py:_fetch_single_sync:154 -> middleware.py:apply_sync:93) from logger `RFC.middleware_content_saver`
[INFO] applying on CivitaiModelDownload(122114_v1.0), received

2024-02-20 10:17:27,070 <requestor-worker-4:2579769, MainThread:140240668346176> (requestor.py:_fetch_single_sync:154 -> middleware.py:apply_sync:96) from logger `RFC.middleware_content_saver`
[INFO] applied on CivitaiModelDownload(122114_v1.0), sent

2024-02-20 10:17:40,263 <requestor-worker-4:2579769, MainThread:140240668346176> (requestor.py:_fetch_single_sync:154 -> middleware.py:apply_sync:93) from logger `RFC.middleware_content_saver`
[INFO] applying on CivitaiModelDownload(282939_v1.0), received

2024-02-20 10:17:40,278 <requestor-worker-4:2579769, MainThread:140240668346176> (requestor.py:_fetch_single_sync:154 -> middleware.py:apply_sync:96) from logger `RFC.middleware_content_saver`
[INFO] applied on CivitaiModelDownload(282939_v1.0), sent

2024-02-20 10:19:09,947 <requestor-worker-4:2579769, MainThread:140240668346176> (requestor.py:_fetch_single_sync:154 -> middleware.py:apply_sync:93) from logger `RFC.middleware_content_saver`
[INFO] applying on CivitaiModelDownload(29514_v1), received

2024-02-20 10:19:11,923 <requestor-worker-4:2579769, MainThread:140240668346176> (requestor.py:_fetch_single_sync:154 -> middleware.py:apply_sync:96) from logger `RFC.middleware_content_saver`
[INFO] applied on CivitaiModelDownload(29514_v1), sent

2024-02-20 10:19:58,888 <requestor-worker-4:2579769, MainThread:140240668346176> (requestor.py:_fetch_single_sync:154 -> middleware.py:apply_sync:93) from logger `RFC.middleware_content_saver`
[INFO] applying on CivitaiModelDownload(163183_v1.0), received

2024-02-20 10:19:58,905 <requestor-worker-4:2579769, MainThread:140240668346176> (requestor.py:_fetch_single_sync:154 -> middleware.py:apply_sync:96) from logger `RFC.middleware_content_saver`
[INFO] applied on CivitaiModelDownload(163183_v1.0), sent

2024-02-20 10:20:32,826 <requestor-worker-4:2579769, MainThread:140240668346176> (requestor.py:_fetch_single_sync:154 -> middleware.py:apply_sync:93) from logger `RFC.middleware_content_saver`
[INFO] applying on CivitaiModelDownload(167481_v1.0), received

2024-02-20 10:20:32,841 <requestor-worker-4:2579769, MainThread:140240668346176> (requestor.py:_fetch_single_sync:154 -> middleware.py:apply_sync:96) from logger `RFC.middleware_content_saver`
[INFO] applied on CivitaiModelDownload(167481_v1.0), sent

2024-02-20 10:26:54,336 <requestor-worker-4:2579769, MainThread:140240668346176> (requestor.py:_fetch_single_sync:154 -> middleware.py:apply_sync:93) from logger `RFC.middleware_content_saver`
[INFO] applying on CivitaiModelDownload(151305_v1.5), received

2024-02-20 10:26:54,376 <requestor-worker-4:2579769, MainThread:140240668346176> (requestor.py:_fetch_single_sync:154 -> middleware.py:apply_sync:96) from logger `RFC.middleware_content_saver`
[INFO] applied on CivitaiModelDownload(151305_v1.5), sent

2024-02-20 10:27:35,351 <requestor-worker-4:2579769, MainThread:140240668346176> (requestor.py:_fetch_single_sync:154 -> middleware.py:apply_sync:93) from logger `RFC.middleware_content_saver`
[INFO] applying on CivitaiModelDownload(59689_Ayamine-8), received

2024-02-20 10:27:35,406 <requestor-worker-4:2579769, MainThread:140240668346176> (requestor.py:_fetch_single_sync:154 -> middleware.py:apply_sync:96) from logger `RFC.middleware_content_saver`
[INFO] applied on CivitaiModelDownload(59689_Ayamine-8), sent

2024-02-20 10:28:00,844 <requestor-worker-4:2579769, MainThread:140240668346176> (requestor.py:_fetch_single_sync:154 -> middleware.py:apply_sync:93) from logger `RFC.middleware_content_saver`
[INFO] applying on CivitaiModelDownload(252011_v1.0), received

2024-02-20 10:28:00,872 <requestor-worker-4:2579769, MainThread:140240668346176> (requestor.py:_fetch_single_sync:154 -> middleware.py:apply_sync:96) from logger `RFC.middleware_content_saver`
[INFO] applied on CivitaiModelDownload(252011_v1.0), sent

2024-02-20 10:28:16,767 <requestor-worker-4:2579769, MainThread:140240668346176> (requestor.py:_fetch_single_sync:154 -> middleware.py:apply_sync:93) from logger `RFC.middleware_content_saver`
[INFO] applying on CivitaiModelDownload(129803_v1.0), received

2024-02-20 10:28:16,782 <requestor-worker-4:2579769, MainThread:140240668346176> (requestor.py:_fetch_single_sync:154 -> middleware.py:apply_sync:96) from logger `RFC.middleware_content_saver`
[INFO] applied on CivitaiModelDownload(129803_v1.0), sent

2024-02-20 10:28:42,511 <requestor-worker-4:2579769, MainThread:140240668346176> (requestor.py:_fetch_single_sync:154 -> middleware.py:apply_sync:93) from logger `RFC.middleware_content_saver`
[INFO] applying on CivitaiModelDownload(146524_v1.0), received

2024-02-20 10:28:42,526 <requestor-worker-4:2579769, MainThread:140240668346176> (requestor.py:_fetch_single_sync:154 -> middleware.py:apply_sync:96) from logger `RFC.middleware_content_saver`
[INFO] applied on CivitaiModelDownload(146524_v1.0), sent

2024-02-20 10:29:15,994 <requestor-worker-4:2579769, MainThread:140240668346176> (requestor.py:_fetch_single_sync:154 -> middleware.py:apply_sync:93) from logger `RFC.middleware_content_saver`
[INFO] applying on CivitaiModelDownload(120556_v1.0), received

2024-02-20 10:29:16,547 <requestor-worker-4:2579769, MainThread:140240668346176> (requestor.py:_fetch_single_sync:154 -> middleware.py:apply_sync:96) from logger `RFC.middleware_content_saver`
[INFO] applied on CivitaiModelDownload(120556_v1.0), sent

2024-02-20 10:34:49,030 <requestor-worker-4:2579769, MainThread:140240668346176> (requestor.py:_fetch_single_sync:154 -> middleware.py:apply_sync:93) from logger `RFC.middleware_content_saver`
[INFO] applying on CivitaiModelDownload(49805_v2.0ultimate), received

2024-02-20 10:34:51,883 <requestor-worker-4:2579769, MainThread:140240668346176> (requestor.py:_fetch_single_sync:154 -> middleware.py:apply_sync:96) from logger `RFC.middleware_content_saver`
[INFO] applied on CivitaiModelDownload(49805_v2.0ultimate), sent

2024-02-20 10:36:21,547 <requestor-worker-4:2579769, MainThread:140240668346176> (requestor.py:_fetch_single_sync:154 -> middleware.py:apply_sync:93) from logger `RFC.middleware_content_saver`
[INFO] applying on CivitaiModelDownload(75774_Final), received

2024-02-20 10:36:21,866 <requestor-worker-4:2579769, MainThread:140240668346176> (requestor.py:_fetch_single_sync:154 -> middleware.py:apply_sync:96) from logger `RFC.middleware_content_saver`
[INFO] applied on CivitaiModelDownload(75774_Final), sent

2024-02-20 10:39:17,453 <requestor-worker-4:2579769, MainThread:140240668346176> (requestor.py:_fetch_single_sync:154 -> middleware.py:apply_sync:93) from logger `RFC.middleware_content_saver`
[INFO] applying on CivitaiModelDownload(136374_v1.0), received

2024-02-20 10:39:20,919 <requestor-worker-4:2579769, MainThread:140240668346176> (requestor.py:_fetch_single_sync:154 -> middleware.py:apply_sync:96) from logger `RFC.middleware_content_saver`
[INFO] applied on CivitaiModelDownload(136374_v1.0), sent

2024-02-20 10:40:28,865 <requestor-worker-4:2579769, MainThread:140240668346176> (requestor.py:_fetch_single_sync:154 -> middleware.py:apply_sync:93) from logger `RFC.middleware_content_saver`
[INFO] applying on CivitaiModelDownload(24290_1v), received

2024-02-20 10:40:29,686 <requestor-worker-4:2579769, MainThread:140240668346176> (requestor.py:_fetch_single_sync:154 -> middleware.py:apply_sync:96) from logger `RFC.middleware_content_saver`
[INFO] applied on CivitaiModelDownload(24290_1v), sent

2024-02-20 10:41:01,087 <requestor-worker-4:2579769, MainThread:140240668346176> (requestor.py:_fetch_single_sync:154 -> middleware.py:apply_sync:93) from logger `RFC.middleware_content_saver`
[INFO] applying on CivitaiModelDownload(226007_Avva), received

2024-02-20 10:41:03,111 <requestor-worker-4:2579769, MainThread:140240668346176> (requestor.py:_fetch_single_sync:154 -> middleware.py:apply_sync:96) from logger `RFC.middleware_content_saver`
[INFO] applied on CivitaiModelDownload(226007_Avva), sent

2024-02-20 10:41:21,828 <requestor-worker-4:2579769, MainThread:140240668346176> (requestor.py:_fetch_single_sync:154 -> middleware.py:apply_sync:93) from logger `RFC.middleware_content_saver`
[INFO] applying on CivitaiModelDownload(13370_V1-08), received

2024-02-20 10:41:21,842 <requestor-worker-4:2579769, MainThread:140240668346176> (requestor.py:_fetch_single_sync:154 -> middleware.py:apply_sync:96) from logger `RFC.middleware_content_saver`
[INFO] applied on CivitaiModelDownload(13370_V1-08), sent

2024-02-20 10:41:34,760 <requestor-worker-4:2579769, MainThread:140240668346176> (requestor.py:_fetch_single_sync:154 -> middleware.py:apply_sync:93) from logger `RFC.middleware_content_saver`
[INFO] applying on CivitaiModelDownload(203837_v2), received

2024-02-20 10:41:34,774 <requestor-worker-4:2579769, MainThread:140240668346176> (requestor.py:_fetch_single_sync:154 -> middleware.py:apply_sync:96) from logger `RFC.middleware_content_saver`
[INFO] applied on CivitaiModelDownload(203837_v2), sent

2024-02-20 10:41:42,736 <requestor-worker-4:2579769, MainThread:140240668346176> (requestor.py:_fetch_single_sync:154 -> middleware.py:apply_sync:93) from logger `RFC.middleware_content_saver`
[INFO] applying on CivitaiModelDownload(103031_v1.0), received

2024-02-20 10:41:42,739 <requestor-worker-4:2579769, MainThread:140240668346176> (requestor.py:_fetch_single_sync:154 -> middleware.py:apply_sync:96) from logger `RFC.middleware_content_saver`
[INFO] applied on CivitaiModelDownload(103031_v1.0), sent

2024-02-20 10:41:59,415 <requestor-worker-4:2579769, MainThread:140240668346176> (requestor.py:_fetch_single_sync:154 -> middleware.py:apply_sync:93) from logger `RFC.middleware_content_saver`
[INFO] applying on CivitaiModelDownload(195067_v1.0), received

2024-02-20 10:41:59,437 <requestor-worker-4:2579769, MainThread:140240668346176> (requestor.py:_fetch_single_sync:154 -> middleware.py:apply_sync:96) from logger `RFC.middleware_content_saver`
[INFO] applied on CivitaiModelDownload(195067_v1.0), sent

2024-02-20 10:43:25,180 <requestor-worker-4:2579769, MainThread:140240668346176> (requestor.py:_fetch_single_sync:154 -> middleware.py:apply_sync:93) from logger `RFC.middleware_content_saver`
[INFO] applying on CivitaiModelDownload(158986_v1.0), received

2024-02-20 10:43:26,707 <requestor-worker-4:2579769, MainThread:140240668346176> (requestor.py:_fetch_single_sync:154 -> middleware.py:apply_sync:96) from logger `RFC.middleware_content_saver`
[INFO] applied on CivitaiModelDownload(158986_v1.0), sent

2024-02-20 10:43:43,367 <requestor-worker-4:2579769, MainThread:140240668346176> (requestor.py:_fetch_single_sync:154 -> middleware.py:apply_sync:93) from logger `RFC.middleware_content_saver`
[INFO] applying on CivitaiModelDownload(247734_01), received

2024-02-20 10:43:43,382 <requestor-worker-4:2579769, MainThread:140240668346176> (requestor.py:_fetch_single_sync:154 -> middleware.py:apply_sync:96) from logger `RFC.middleware_content_saver`
[INFO] applied on CivitaiModelDownload(247734_01), sent

2024-02-20 10:45:06,835 <requestor-worker-4:2579769, MainThread:140240668346176> (requestor.py:_fetch_single_sync:154 -> middleware.py:apply_sync:93) from logger `RFC.middleware_content_saver`
[INFO] applying on CivitaiModelDownload(217364_v1.0), received

2024-02-20 10:45:07,783 <requestor-worker-4:2579769, MainThread:140240668346176> (requestor.py:_fetch_single_sync:154 -> middleware.py:apply_sync:96) from logger `RFC.middleware_content_saver`
[INFO] applied on CivitaiModelDownload(217364_v1.0), sent

2024-02-20 10:47:23,790 <requestor-worker-4:2579769, MainThread:140240668346176> (requestor.py:_fetch_single_sync:154 -> middleware.py:apply_sync:93) from logger `RFC.middleware_content_saver`
[INFO] applying on CivitaiModelDownload(74793_v1.0), received

2024-02-20 10:47:27,052 <requestor-worker-4:2579769, MainThread:140240668346176> (requestor.py:_fetch_single_sync:154 -> middleware.py:apply_sync:96) from logger `RFC.middleware_content_saver`
[INFO] applied on CivitaiModelDownload(74793_v1.0), sent

2024-02-20 10:47:44,818 <requestor-worker-4:2579769, MainThread:140240668346176> (requestor.py:_fetch_single_sync:154 -> middleware.py:apply_sync:93) from logger `RFC.middleware_content_saver`
[INFO] applying on CivitaiModelDownload(190820_v1.0), received

2024-02-20 10:47:48,463 <requestor-worker-4:2579769, MainThread:140240668346176> (requestor.py:_fetch_single_sync:154 -> middleware.py:apply_sync:96) from logger `RFC.middleware_content_saver`
[INFO] applied on CivitaiModelDownload(190820_v1.0), sent

2024-02-20 10:48:09,337 <requestor-worker-4:2579769, MainThread:140240668346176> (requestor.py:_fetch_single_sync:154 -> middleware.py:apply_sync:93) from logger `RFC.middleware_content_saver`
[INFO] applying on CivitaiModelDownload(190814_v1.0), received

2024-02-20 10:48:09,352 <requestor-worker-4:2579769, MainThread:140240668346176> (requestor.py:_fetch_single_sync:154 -> middleware.py:apply_sync:96) from logger `RFC.middleware_content_saver`
[INFO] applied on CivitaiModelDownload(190814_v1.0), sent

2024-02-20 10:50:18,541 <requestor-worker-4:2579769, MainThread:140240668346176> (requestor.py:_fetch_single_sync:154 -> middleware.py:apply_sync:93) from logger `RFC.middleware_content_saver`
[INFO] applying on CivitaiModelDownload(162629_v1.0), received

2024-02-20 10:50:21,025 <requestor-worker-4:2579769, MainThread:140240668346176> (requestor.py:_fetch_single_sync:154 -> middleware.py:apply_sync:96) from logger `RFC.middleware_content_saver`
[INFO] applied on CivitaiModelDownload(162629_v1.0), sent

2024-02-20 10:50:58,963 <requestor-worker-4:2579769, MainThread:140240668346176> (requestor.py:_fetch_single_sync:154 -> middleware.py:apply_sync:93) from logger `RFC.middleware_content_saver`
[INFO] applying on CivitaiModelDownload(292846_v3.75), received

2024-02-20 10:50:58,999 <requestor-worker-4:2579769, MainThread:140240668346176> (requestor.py:_fetch_single_sync:154 -> middleware.py:apply_sync:96) from logger `RFC.middleware_content_saver`
[INFO] applied on CivitaiModelDownload(292846_v3.75), sent

2024-02-20 10:51:08,860 <requestor-worker-4:2579769, MainThread:140240668346176> (requestor.py:_fetch_single_sync:154 -> middleware.py:apply_sync:93) from logger `RFC.middleware_content_saver`
[INFO] applying on CivitaiModelDownload(30433_AvacynM2), received

2024-02-20 10:51:08,870 <requestor-worker-4:2579769, MainThread:140240668346176> (requestor.py:_fetch_single_sync:154 -> middleware.py:apply_sync:96) from logger `RFC.middleware_content_saver`
[INFO] applied on CivitaiModelDownload(30433_AvacynM2), sent

2024-02-20 10:52:21,279 <requestor-worker-4:2579769, MainThread:140240668346176> (requestor.py:_fetch_single_sync:154 -> middleware.py:apply_sync:93) from logger `RFC.middleware_content_saver`
[INFO] applying on CivitaiModelDownload(30400_1.0), received

2024-02-20 10:52:23,097 <requestor-worker-4:2579769, MainThread:140240668346176> (requestor.py:_fetch_single_sync:154 -> middleware.py:apply_sync:96) from logger `RFC.middleware_content_saver`
[INFO] applied on CivitaiModelDownload(30400_1.0), sent

2024-02-20 10:53:00,687 <requestor-worker-4:2579769, MainThread:140240668346176> (requestor.py:_fetch_single_sync:154 -> middleware.py:apply_sync:93) from logger `RFC.middleware_content_saver`
[INFO] applying on CivitaiModelDownload(183546_v1.0), received

2024-02-20 10:53:00,702 <requestor-worker-4:2579769, MainThread:140240668346176> (requestor.py:_fetch_single_sync:154 -> middleware.py:apply_sync:96) from logger `RFC.middleware_content_saver`
[INFO] applied on CivitaiModelDownload(183546_v1.0), sent

2024-02-20 10:54:00,194 <requestor-worker-4:2579769, MainThread:140240668346176> (requestor.py:_fetch_single_sync:154 -> middleware.py:apply_sync:93) from logger `RFC.middleware_content_saver`
[INFO] applying on CivitaiModelDownload(24328_v1.0), received

2024-02-20 10:54:02,490 <requestor-worker-4:2579769, MainThread:140240668346176> (requestor.py:_fetch_single_sync:154 -> middleware.py:apply_sync:96) from logger `RFC.middleware_content_saver`
[INFO] applied on CivitaiModelDownload(24328_v1.0), sent

2024-02-20 10:54:59,315 <requestor-worker-4:2579769, MainThread:140240668346176> (requestor.py:_fetch_single_sync:154 -> middleware.py:apply_sync:93) from logger `RFC.middleware_content_saver`
[INFO] applying on CivitaiModelDownload(280284_v1.0), received

2024-02-20 10:55:01,067 <requestor-worker-4:2579769, MainThread:140240668346176> (requestor.py:_fetch_single_sync:154 -> middleware.py:apply_sync:96) from logger `RFC.middleware_content_saver`
[INFO] applied on CivitaiModelDownload(280284_v1.0), sent

2024-02-20 10:55:15,791 <requestor-worker-4:2579769, MainThread:140240668346176> (requestor.py:_fetch_single_sync:154 -> middleware.py:apply_sync:93) from logger `RFC.middleware_content_saver`
[INFO] applying on CivitaiModelDownload(123358_v1.0), received

2024-02-20 10:55:15,820 <requestor-worker-4:2579769, MainThread:140240668346176> (requestor.py:_fetch_single_sync:154 -> middleware.py:apply_sync:96) from logger `RFC.middleware_content_saver`
[INFO] applied on CivitaiModelDownload(123358_v1.0), sent

2024-02-20 10:55:27,824 <requestor-worker-4:2579769, MainThread:140240668346176> (requestor.py:_fetch_single_sync:154 -> middleware.py:apply_sync:93) from logger `RFC.middleware_content_saver`
[INFO] applying on CivitaiModelDownload(249107_v1.0), received

2024-02-20 10:55:27,840 <requestor-worker-4:2579769, MainThread:140240668346176> (requestor.py:_fetch_single_sync:154 -> middleware.py:apply_sync:96) from logger `RFC.middleware_content_saver`
[INFO] applied on CivitaiModelDownload(249107_v1.0), sent

2024-02-20 10:55:38,730 <requestor-worker-4:2579769, MainThread:140240668346176> (requestor.py:_fetch_single_sync:154 -> middleware.py:apply_sync:93) from logger `RFC.middleware_content_saver`
[INFO] applying on CivitaiModelDownload(133454_v1.0), received

2024-02-20 10:55:38,746 <requestor-worker-4:2579769, MainThread:140240668346176> (requestor.py:_fetch_single_sync:154 -> middleware.py:apply_sync:96) from logger `RFC.middleware_content_saver`
[INFO] applied on CivitaiModelDownload(133454_v1.0), sent

2024-02-20 10:56:30,899 <requestor-worker-4:2579769, MainThread:140240668346176> (requestor.py:_fetch_single_sync:154 -> middleware.py:apply_sync:93) from logger `RFC.middleware_content_saver`
[INFO] applying on CivitaiModelDownload(46396_v1.0), received

2024-02-20 10:56:30,960 <requestor-worker-4:2579769, MainThread:140240668346176> (requestor.py:_fetch_single_sync:154 -> middleware.py:apply_sync:96) from logger `RFC.middleware_content_saver`
[INFO] applied on CivitaiModelDownload(46396_v1.0), sent

2024-02-20 10:57:18,574 <requestor-worker-4:2579769, MainThread:140240668346176> (requestor.py:_fetch_single_sync:154 -> middleware.py:apply_sync:93) from logger `RFC.middleware_content_saver`
[INFO] applying on CivitaiModelDownload(137585_v1.0), received

2024-02-20 10:57:18,583 <requestor-worker-4:2579769, MainThread:140240668346176> (requestor.py:_fetch_single_sync:154 -> middleware.py:apply_sync:96) from logger `RFC.middleware_content_saver`
[INFO] applied on CivitaiModelDownload(137585_v1.0), sent

2024-02-20 10:57:27,153 <requestor-worker-4:2579769, MainThread:140240668346176> (requestor.py:_fetch_single_sync:154 -> middleware.py:apply_sync:93) from logger `RFC.middleware_content_saver`
[INFO] applying on CivitaiModelDownload(296027_v1.0), received

2024-02-20 10:57:27,162 <requestor-worker-4:2579769, MainThread:140240668346176> (requestor.py:_fetch_single_sync:154 -> middleware.py:apply_sync:96) from logger `RFC.middleware_content_saver`
[INFO] applied on CivitaiModelDownload(296027_v1.0), sent

2024-02-20 11:00:07,577 <requestor-worker-4:2579769, MainThread:140240668346176> (requestor.py:_fetch_single_sync:154 -> middleware.py:apply_sync:93) from logger `RFC.middleware_content_saver`
[INFO] applying on CivitaiModelDownload(122991_v1-locon), received

2024-02-20 11:00:10,983 <requestor-worker-4:2579769, MainThread:140240668346176> (requestor.py:_fetch_single_sync:154 -> middleware.py:apply_sync:96) from logger `RFC.middleware_content_saver`
[INFO] applied on CivitaiModelDownload(122991_v1-locon), sent

2024-02-20 11:00:41,499 <requestor-worker-4:2579769, MainThread:140240668346176> (requestor.py:_fetch_single_sync:154 -> middleware.py:apply_sync:93) from logger `RFC.middleware_content_saver`
[INFO] applying on CivitaiModelDownload(94592_v2.1), received

2024-02-20 11:00:41,515 <requestor-worker-4:2579769, MainThread:140240668346176> (requestor.py:_fetch_single_sync:154 -> middleware.py:apply_sync:96) from logger `RFC.middleware_content_saver`
[INFO] applied on CivitaiModelDownload(94592_v2.1), sent

2024-02-20 11:01:06,815 <requestor-worker-4:2579769, MainThread:140240668346176> (requestor.py:_fetch_single_sync:154 -> middleware.py:apply_sync:93) from logger `RFC.middleware_content_saver`
[INFO] applying on CivitaiModelDownload(150431_v1.0), received

2024-02-20 11:01:06,830 <requestor-worker-4:2579769, MainThread:140240668346176> (requestor.py:_fetch_single_sync:154 -> middleware.py:apply_sync:96) from logger `RFC.middleware_content_saver`
[INFO] applied on CivitaiModelDownload(150431_v1.0), sent

2024-02-20 11:01:52,492 <requestor-worker-4:2579769, MainThread:140240668346176> (requestor.py:_fetch_single_sync:154 -> middleware.py:apply_sync:93) from logger `RFC.middleware_content_saver`
[INFO] applying on CivitaiModelDownload(242916_v1.0), received

2024-02-20 11:01:52,527 <requestor-worker-4:2579769, MainThread:140240668346176> (requestor.py:_fetch_single_sync:154 -> middleware.py:apply_sync:96) from logger `RFC.middleware_content_saver`
[INFO] applied on CivitaiModelDownload(242916_v1.0), sent

2024-02-20 11:02:36,258 <requestor-worker-4:2579769, MainThread:140240668346176> (requestor.py:_fetch_single_sync:154 -> middleware.py:apply_sync:93) from logger `RFC.middleware_content_saver`
[INFO] applying on CivitaiModelDownload(135364_v1.0), received

2024-02-20 11:02:36,310 <requestor-worker-4:2579769, MainThread:140240668346176> (requestor.py:_fetch_single_sync:154 -> middleware.py:apply_sync:96) from logger `RFC.middleware_content_saver`
[INFO] applied on CivitaiModelDownload(135364_v1.0), sent

2024-02-20 11:02:47,722 <requestor-worker-4:2579769, MainThread:140240668346176> (requestor.py:_fetch_single_sync:154 -> middleware.py:apply_sync:93) from logger `RFC.middleware_content_saver`
[INFO] applying on CivitaiModelDownload(129200_v1.0), received

2024-02-20 11:02:47,743 <requestor-worker-4:2579769, MainThread:140240668346176> (requestor.py:_fetch_single_sync:154 -> middleware.py:apply_sync:96) from logger `RFC.middleware_content_saver`
[INFO] applied on CivitaiModelDownload(129200_v1.0), sent

2024-02-20 11:03:28,377 <requestor-worker-4:2579769, MainThread:140240668346176> (requestor.py:_fetch_single_sync:154 -> middleware.py:apply_sync:93) from logger `RFC.middleware_content_saver`
[INFO] applying on CivitaiModelDownload(172853_v1.0), received

2024-02-20 11:03:30,183 <requestor-worker-4:2579769, MainThread:140240668346176> (requestor.py:_fetch_single_sync:154 -> middleware.py:apply_sync:96) from logger `RFC.middleware_content_saver`
[INFO] applied on CivitaiModelDownload(172853_v1.0), sent

2024-02-20 11:03:38,844 <requestor-worker-4:2579769, MainThread:140240668346176> (requestor.py:_fetch_single_sync:154 -> middleware.py:apply_sync:93) from logger `RFC.middleware_content_saver`
[INFO] applying on CivitaiModelDownload(123432_v1.0), received

2024-02-20 11:03:38,852 <requestor-worker-4:2579769, MainThread:140240668346176> (requestor.py:_fetch_single_sync:154 -> middleware.py:apply_sync:96) from logger `RFC.middleware_content_saver`
[INFO] applied on CivitaiModelDownload(123432_v1.0), sent

2024-02-20 11:03:48,645 <requestor-worker-4:2579769, MainThread:140240668346176> (requestor.py:_fetch_single_sync:154 -> middleware.py:apply_sync:93) from logger `RFC.middleware_content_saver`
[INFO] applying on CivitaiModelDownload(272722_v1.0), received

2024-02-20 11:03:49,683 <requestor-worker-4:2579769, MainThread:140240668346176> (requestor.py:_fetch_single_sync:154 -> middleware.py:apply_sync:96) from logger `RFC.middleware_content_saver`
[INFO] applied on CivitaiModelDownload(272722_v1.0), sent

2024-02-20 11:04:41,936 <requestor-worker-4:2579769, MainThread:140240668346176> (requestor.py:_fetch_single_sync:154 -> middleware.py:apply_sync:93) from logger `RFC.middleware_content_saver`
[INFO] applying on CivitaiModelDownload(218379_v3.0), received

2024-02-20 11:04:42,994 <requestor-worker-4:2579769, MainThread:140240668346176> (requestor.py:_fetch_single_sync:154 -> middleware.py:apply_sync:96) from logger `RFC.middleware_content_saver`
[INFO] applied on CivitaiModelDownload(218379_v3.0), sent

2024-02-20 11:06:13,901 <requestor-worker-4:2579769, MainThread:140240668346176> (requestor.py:_fetch_single_sync:154 -> middleware.py:apply_sync:93) from logger `RFC.middleware_content_saver`
[INFO] applying on CivitaiModelDownload(131068_AudreyLandersLORAV1), received

2024-02-20 11:06:18,446 <requestor-worker-4:2579769, MainThread:140240668346176> (requestor.py:_fetch_single_sync:154 -> middleware.py:apply_sync:96) from logger `RFC.middleware_content_saver`
[INFO] applied on CivitaiModelDownload(131068_AudreyLandersLORAV1), sent

2024-02-20 11:06:21,630 <requestor-worker-4:2579769, MainThread:140240668346176> (requestor.py:_fetch_single_sync:154 -> middleware.py:apply_sync:93) from logger `RFC.middleware_content_saver`
[INFO] applying on CivitaiModelDownload(139978_v1.0), received

2024-02-20 11:06:21,634 <requestor-worker-4:2579769, MainThread:140240668346176> (requestor.py:_fetch_single_sync:154 -> middleware.py:apply_sync:96) from logger `RFC.middleware_content_saver`
[INFO] applied on CivitaiModelDownload(139978_v1.0), sent

2024-02-20 11:07:06,180 <requestor-worker-4:2579769, MainThread:140240668346176> (requestor.py:_fetch_single_sync:154 -> middleware.py:apply_sync:93) from logger `RFC.middleware_content_saver`
[INFO] applying on CivitaiModelDownload(24502_Hepburn1.0), received

2024-02-20 11:07:06,207 <requestor-worker-4:2579769, MainThread:140240668346176> (requestor.py:_fetch_single_sync:154 -> middleware.py:apply_sync:96) from logger `RFC.middleware_content_saver`
[INFO] applied on CivitaiModelDownload(24502_Hepburn1.0), sent

2024-02-20 11:07:18,392 <requestor-worker-4:2579769, MainThread:140240668346176> (requestor.py:_fetch_single_sync:154 -> middleware.py:apply_sync:93) from logger `RFC.middleware_content_saver`
[INFO] applying on CivitaiModelDownload(77086_v1.0), received

2024-02-20 11:07:18,398 <requestor-worker-4:2579769, MainThread:140240668346176> (requestor.py:_fetch_single_sync:154 -> middleware.py:apply_sync:96) from logger `RFC.middleware_content_saver`
[INFO] applied on CivitaiModelDownload(77086_v1.0), sent

2024-02-20 11:08:01,598 <requestor-worker-4:2579769, MainThread:140240668346176> (requestor.py:_fetch_single_sync:154 -> middleware.py:apply_sync:93) from logger `RFC.middleware_content_saver`
[INFO] applying on CivitaiModelDownload(170142_v2.0), received

2024-02-20 11:08:03,282 <requestor-worker-4:2579769, MainThread:140240668346176> (requestor.py:_fetch_single_sync:154 -> middleware.py:apply_sync:96) from logger `RFC.middleware_content_saver`
[INFO] applied on CivitaiModelDownload(170142_v2.0), sent

2024-02-20 11:08:08,389 <requestor-worker-4:2579769, MainThread:140240668346176> (requestor.py:_fetch_single_sync:154 -> middleware.py:apply_sync:93) from logger `RFC.middleware_content_saver`
[INFO] applying on CivitaiModelDownload(191330_v1.0), received

2024-02-20 11:08:08,392 <requestor-worker-4:2579769, MainThread:140240668346176> (requestor.py:_fetch_single_sync:154 -> middleware.py:apply_sync:96) from logger `RFC.middleware_content_saver`
[INFO] applied on CivitaiModelDownload(191330_v1.0), sent

2024-02-20 11:08:23,755 <requestor-worker-4:2579769, MainThread:140240668346176> (requestor.py:_fetch_single_sync:154 -> middleware.py:apply_sync:93) from logger `RFC.middleware_content_saver`
[INFO] applying on CivitaiModelDownload(131476_v0.1), received

2024-02-20 11:08:23,783 <requestor-worker-4:2579769, MainThread:140240668346176> (requestor.py:_fetch_single_sync:154 -> middleware.py:apply_sync:96) from logger `RFC.middleware_content_saver`
[INFO] applied on CivitaiModelDownload(131476_v0.1), sent

2024-02-20 11:08:56,687 <requestor-worker-4:2579769, MainThread:140240668346176> (requestor.py:_fetch_single_sync:154 -> middleware.py:apply_sync:93) from logger `RFC.middleware_content_saver`
[INFO] applying on CivitaiModelDownload(133585_v0.2), received

2024-02-20 11:08:58,492 <requestor-worker-4:2579769, MainThread:140240668346176> (requestor.py:_fetch_single_sync:154 -> middleware.py:apply_sync:96) from logger `RFC.middleware_content_saver`
[INFO] applied on CivitaiModelDownload(133585_v0.2), sent

2024-02-20 11:09:19,548 <requestor-worker-4:2579769, MainThread:140240668346176> (requestor.py:_fetch_single_sync:154 -> middleware.py:apply_sync:93) from logger `RFC.middleware_content_saver`
[INFO] applying on CivitaiModelDownload(134838_v0.3), received

2024-02-20 11:09:19,574 <requestor-worker-4:2579769, MainThread:140240668346176> (requestor.py:_fetch_single_sync:154 -> middleware.py:apply_sync:96) from logger `RFC.middleware_content_saver`
[INFO] applied on CivitaiModelDownload(134838_v0.3), sent

2024-02-20 11:10:14,903 <requestor-worker-4:2579769, MainThread:140240668346176> (requestor.py:_fetch_single_sync:154 -> middleware.py:apply_sync:93) from logger `RFC.middleware_content_saver`
[INFO] applying on CivitaiModelDownload(144535_v1.0fluffyrock576cs2), received

2024-02-20 11:10:14,956 <requestor-worker-4:2579769, MainThread:140240668346176> (requestor.py:_fetch_single_sync:154 -> middleware.py:apply_sync:96) from logger `RFC.middleware_content_saver`
[INFO] applied on CivitaiModelDownload(144535_v1.0fluffyrock576cs2), sent

2024-02-20 11:10:40,037 <requestor-worker-4:2579769, MainThread:140240668346176> (requestor.py:_fetch_single_sync:154 -> middleware.py:apply_sync:93) from logger `RFC.middleware_content_saver`
[INFO] applying on CivitaiModelDownload(219000_v1.0), received

2024-02-20 11:10:40,108 <requestor-worker-4:2579769, MainThread:140240668346176> (requestor.py:_fetch_single_sync:154 -> middleware.py:apply_sync:96) from logger `RFC.middleware_content_saver`
[INFO] applied on CivitaiModelDownload(219000_v1.0), sent

2024-02-20 11:10:41,522 <requestor-worker-4:2579769, MainThread:140240668346176> (requestor.py:_fetch_single_sync:154 -> middleware.py:apply_sync:93) from logger `RFC.middleware_content_saver`
[INFO] applying on CivitaiModelDownload(148164_v1.0), received

2024-02-20 11:10:41,525 <requestor-worker-4:2579769, MainThread:140240668346176> (requestor.py:_fetch_single_sync:154 -> middleware.py:apply_sync:96) from logger `RFC.middleware_content_saver`
[INFO] applied on CivitaiModelDownload(148164_v1.0), sent

2024-02-20 11:10:45,728 <requestor-worker-4:2579769, MainThread:140240668346176> (requestor.py:_fetch_single_sync:154 -> middleware.py:apply_sync:93) from logger `RFC.middleware_content_saver`
[INFO] applying on CivitaiModelDownload(152772_v1.0), received

2024-02-20 11:10:45,735 <requestor-worker-4:2579769, MainThread:140240668346176> (requestor.py:_fetch_single_sync:154 -> middleware.py:apply_sync:96) from logger `RFC.middleware_content_saver`
[INFO] applied on CivitaiModelDownload(152772_v1.0), sent

2024-02-20 11:11:34,251 <requestor-worker-4:2579769, MainThread:140240668346176> (requestor.py:_fetch_single_sync:154 -> middleware.py:apply_sync:93) from logger `RFC.middleware_content_saver`
[INFO] applying on CivitaiModelDownload(103298_v1.0), received

2024-02-20 11:11:34,278 <requestor-worker-4:2579769, MainThread:140240668346176> (requestor.py:_fetch_single_sync:154 -> middleware.py:apply_sync:96) from logger `RFC.middleware_content_saver`
[INFO] applied on CivitaiModelDownload(103298_v1.0), sent

2024-02-20 11:11:38,967 <requestor-worker-4:2579769, MainThread:140240668346176> (requestor.py:_fetch_single_sync:154 -> middleware.py:apply_sync:93) from logger `RFC.middleware_content_saver`
[INFO] applying on CivitaiModelDownload(139320_v1.0), received

2024-02-20 11:11:38,971 <requestor-worker-4:2579769, MainThread:140240668346176> (requestor.py:_fetch_single_sync:154 -> middleware.py:apply_sync:96) from logger `RFC.middleware_content_saver`
[INFO] applied on CivitaiModelDownload(139320_v1.0), sent

2024-02-20 11:13:03,727 <requestor-worker-4:2579769, MainThread:140240668346176> (requestor.py:_fetch_single_sync:154 -> middleware.py:apply_sync:93) from logger `RFC.middleware_content_saver`
[INFO] applying on CivitaiModelDownload(74409_v1.0), received

2024-02-20 11:13:08,176 <requestor-worker-4:2579769, MainThread:140240668346176> (requestor.py:_fetch_single_sync:154 -> middleware.py:apply_sync:96) from logger `RFC.middleware_content_saver`
[INFO] applied on CivitaiModelDownload(74409_v1.0), sent

2024-02-20 11:13:41,976 <requestor-worker-4:2579769, MainThread:140240668346176> (requestor.py:_fetch_single_sync:154 -> middleware.py:apply_sync:93) from logger `RFC.middleware_content_saver`
[INFO] applying on CivitaiModelDownload(76282_v1.0), received

2024-02-20 11:13:42,028 <requestor-worker-4:2579769, MainThread:140240668346176> (requestor.py:_fetch_single_sync:154 -> middleware.py:apply_sync:96) from logger `RFC.middleware_content_saver`
[INFO] applied on CivitaiModelDownload(76282_v1.0), sent

2024-02-20 11:14:23,868 <requestor-worker-4:2579769, MainThread:140240668346176> (requestor.py:_fetch_single_sync:154 -> middleware.py:apply_sync:93) from logger `RFC.middleware_content_saver`
[INFO] applying on CivitaiModelDownload(48584_v1.0), received

2024-02-20 11:14:24,092 <requestor-worker-4:2579769, MainThread:140240668346176> (requestor.py:_fetch_single_sync:154 -> middleware.py:apply_sync:96) from logger `RFC.middleware_content_saver`
[INFO] applied on CivitaiModelDownload(48584_v1.0), sent

2024-02-20 11:22:09,103 <requestor-worker-4:2579769, MainThread:140240668346176> (requestor.py:_fetch_single_sync:154 -> middleware.py:apply_sync:93) from logger `RFC.middleware_content_saver`
[INFO] applying on CivitaiModelDownload(143144_v1.0), received

2024-02-20 11:22:10,956 <requestor-worker-4:2579769, MainThread:140240668346176> (requestor.py:_fetch_single_sync:154 -> middleware.py:apply_sync:96) from logger `RFC.middleware_content_saver`
[INFO] applied on CivitaiModelDownload(143144_v1.0), sent

2024-02-20 11:22:15,831 <requestor-worker-4:2579769, MainThread:140240668346176> (requestor.py:_fetch_single_sync:154 -> middleware.py:apply_sync:93) from logger `RFC.middleware_content_saver`
[INFO] applying on CivitaiModelDownload(39396_v1.0), received

2024-02-20 11:22:15,841 <requestor-worker-4:2579769, MainThread:140240668346176> (requestor.py:_fetch_single_sync:154 -> middleware.py:apply_sync:96) from logger `RFC.middleware_content_saver`
[INFO] applied on CivitaiModelDownload(39396_v1.0), sent

2024-02-20 11:23:09,260 <requestor-worker-4:2579769, MainThread:140240668346176> (requestor.py:_fetch_single_sync:154 -> middleware.py:apply_sync:93) from logger `RFC.middleware_content_saver`
[INFO] applying on CivitaiModelDownload(20429_v1.0-7epch), received

2024-02-20 11:23:09,811 <requestor-worker-4:2579769, MainThread:140240668346176> (requestor.py:_fetch_single_sync:154 -> middleware.py:apply_sync:96) from logger `RFC.middleware_content_saver`
[INFO] applied on CivitaiModelDownload(20429_v1.0-7epch), sent

2024-02-20 11:23:18,407 <requestor-worker-4:2579769, MainThread:140240668346176> (requestor.py:_fetch_single_sync:154 -> middleware.py:apply_sync:93) from logger `RFC.middleware_content_saver`
[INFO] applying on CivitaiModelDownload(303835_v1.0), received

2024-02-20 11:23:18,413 <requestor-worker-4:2579769, MainThread:140240668346176> (requestor.py:_fetch_single_sync:154 -> middleware.py:apply_sync:96) from logger `RFC.middleware_content_saver`
[INFO] applied on CivitaiModelDownload(303835_v1.0), sent

2024-02-20 11:23:33,547 <requestor-worker-4:2579769, MainThread:140240668346176> (requestor.py:_fetch_single_sync:154 -> middleware.py:apply_sync:93) from logger `RFC.middleware_content_saver`
[INFO] applying on CivitaiModelDownload(303967_v2.0), received

2024-02-20 11:23:33,553 <requestor-worker-4:2579769, MainThread:140240668346176> (requestor.py:_fetch_single_sync:154 -> middleware.py:apply_sync:96) from logger `RFC.middleware_content_saver`
[INFO] applied on CivitaiModelDownload(303967_v2.0), sent

2024-02-20 11:24:09,926 <requestor-worker-4:2579769, MainThread:140240668346176> (requestor.py:_fetch_single_sync:154 -> middleware.py:apply_sync:93) from logger `RFC.middleware_content_saver`
[INFO] applying on CivitaiModelDownload(176467_v1.0), received

2024-02-20 11:24:09,954 <requestor-worker-4:2579769, MainThread:140240668346176> (requestor.py:_fetch_single_sync:154 -> middleware.py:apply_sync:96) from logger `RFC.middleware_content_saver`
[INFO] applied on CivitaiModelDownload(176467_v1.0), sent

2024-02-20 11:24:22,700 <requestor-worker-4:2579769, MainThread:140240668346176> (requestor.py:_fetch_single_sync:154 -> middleware.py:apply_sync:93) from logger `RFC.middleware_content_saver`
[INFO] applying on CivitaiModelDownload(288907_v2.0), received

2024-02-20 11:24:22,711 <requestor-worker-4:2579769, MainThread:140240668346176> (requestor.py:_fetch_single_sync:154 -> middleware.py:apply_sync:96) from logger `RFC.middleware_content_saver`
[INFO] applied on CivitaiModelDownload(288907_v2.0), sent

2024-02-20 11:24:34,955 <requestor-worker-4:2579769, MainThread:140240668346176> (requestor.py:_fetch_single_sync:154 -> middleware.py:apply_sync:93) from logger `RFC.middleware_content_saver`
[INFO] applying on CivitaiModelDownload(139590_v1.1), received

2024-02-20 11:24:35,627 <requestor-worker-4:2579769, MainThread:140240668346176> (requestor.py:_fetch_single_sync:154 -> middleware.py:apply_sync:96) from logger `RFC.middleware_content_saver`
[INFO] applied on CivitaiModelDownload(139590_v1.1), sent

2024-02-20 11:24:49,179 <requestor-worker-4:2579769, MainThread:140240668346176> (requestor.py:_fetch_single_sync:154 -> middleware.py:apply_sync:93) from logger `RFC.middleware_content_saver`
[INFO] applying on CivitaiModelDownload(59071_v1.0), received

2024-02-20 11:24:49,710 <requestor-worker-4:2579769, MainThread:140240668346176> (requestor.py:_fetch_single_sync:154 -> middleware.py:apply_sync:96) from logger `RFC.middleware_content_saver`
[INFO] applied on CivitaiModelDownload(59071_v1.0), sent

2024-02-20 11:25:13,359 <requestor-worker-4:2579769, MainThread:140240668346176> (requestor.py:_fetch_single_sync:154 -> middleware.py:apply_sync:93) from logger `RFC.middleware_content_saver`
[INFO] applying on CivitaiModelDownload(145590_v1.0), received

2024-02-20 11:25:13,380 <requestor-worker-4:2579769, MainThread:140240668346176> (requestor.py:_fetch_single_sync:154 -> middleware.py:apply_sync:96) from logger `RFC.middleware_content_saver`
[INFO] applied on CivitaiModelDownload(145590_v1.0), sent

2024-02-20 11:25:19,805 <requestor-worker-4:2579769, MainThread:140240668346176> (requestor.py:_fetch_single_sync:154 -> middleware.py:apply_sync:93) from logger `RFC.middleware_content_saver`
[INFO] applying on CivitaiModelDownload(67318_v3), received

2024-02-20 11:25:19,820 <requestor-worker-4:2579769, MainThread:140240668346176> (requestor.py:_fetch_single_sync:154 -> middleware.py:apply_sync:96) from logger `RFC.middleware_content_saver`
[INFO] applied on CivitaiModelDownload(67318_v3), sent

2024-02-20 11:25:34,934 <requestor-worker-4:2579769, MainThread:140240668346176> (requestor.py:_fetch_single_sync:154 -> middleware.py:apply_sync:93) from logger `RFC.middleware_content_saver`
[INFO] applying on CivitaiModelDownload(144617_v1.0), received

2024-02-20 11:25:34,943 <requestor-worker-4:2579769, MainThread:140240668346176> (requestor.py:_fetch_single_sync:154 -> middleware.py:apply_sync:96) from logger `RFC.middleware_content_saver`
[INFO] applied on CivitaiModelDownload(144617_v1.0), sent

2024-02-20 11:27:11,886 <requestor-worker-4:2579769, MainThread:140240668346176> (requestor.py:_fetch_single_sync:154 -> middleware.py:apply_sync:93) from logger `RFC.middleware_content_saver`
[INFO] applying on CivitaiModelDownload(46377_v1.0), received

2024-02-20 11:27:11,938 <requestor-worker-4:2579769, MainThread:140240668346176> (requestor.py:_fetch_single_sync:154 -> middleware.py:apply_sync:96) from logger `RFC.middleware_content_saver`
[INFO] applied on CivitaiModelDownload(46377_v1.0), sent

2024-02-20 11:27:21,080 <requestor-worker-4:2579769, MainThread:140240668346176> (requestor.py:_fetch_single_sync:154 -> middleware.py:apply_sync:93) from logger `RFC.middleware_content_saver`
[INFO] applying on CivitaiModelDownload(175602_v1.0), received

2024-02-20 11:27:21,090 <requestor-worker-4:2579769, MainThread:140240668346176> (requestor.py:_fetch_single_sync:154 -> middleware.py:apply_sync:96) from logger `RFC.middleware_content_saver`
[INFO] applied on CivitaiModelDownload(175602_v1.0), sent

2024-02-20 11:33:05,867 <requestor-worker-4:2579769, MainThread:140240668346176> (requestor.py:_fetch_single_sync:154 -> middleware.py:apply_sync:93) from logger `RFC.middleware_content_saver`
[INFO] applying on CivitaiModelDownload(125854_v1.0), received

2024-02-20 11:33:05,904 <requestor-worker-4:2579769, MainThread:140240668346176> (requestor.py:_fetch_single_sync:154 -> middleware.py:apply_sync:96) from logger `RFC.middleware_content_saver`
[INFO] applied on CivitaiModelDownload(125854_v1.0), sent

2024-02-20 11:33:40,528 <requestor-worker-4:2579769, MainThread:140240668346176> (requestor.py:_fetch_single_sync:154 -> middleware.py:apply_sync:93) from logger `RFC.middleware_content_saver`
[INFO] applying on CivitaiModelDownload(117944_v0.1), received

2024-02-20 11:33:40,534 <requestor-worker-4:2579769, MainThread:140240668346176> (requestor.py:_fetch_single_sync:154 -> middleware.py:apply_sync:96) from logger `RFC.middleware_content_saver`
[INFO] applied on CivitaiModelDownload(117944_v0.1), sent

2024-02-20 11:33:48,039 <requestor-worker-4:2579769, MainThread:140240668346176> (requestor.py:_fetch_single_sync:154 -> middleware.py:apply_sync:93) from logger `RFC.middleware_content_saver`
[INFO] applying on CivitaiModelDownload(54255_v1.0), received

2024-02-20 11:33:48,056 <requestor-worker-4:2579769, MainThread:140240668346176> (requestor.py:_fetch_single_sync:154 -> middleware.py:apply_sync:96) from logger `RFC.middleware_content_saver`
[INFO] applied on CivitaiModelDownload(54255_v1.0), sent

2024-02-20 11:34:08,585 <requestor-worker-4:2579769, MainThread:140240668346176> (requestor.py:_fetch_single_sync:154 -> middleware.py:apply_sync:93) from logger `RFC.middleware_content_saver`
[INFO] applying on CivitaiModelDownload(93198_v1.0), received

2024-02-20 11:34:09,158 <requestor-worker-4:2579769, MainThread:140240668346176> (requestor.py:_fetch_single_sync:154 -> middleware.py:apply_sync:96) from logger `RFC.middleware_content_saver`
[INFO] applied on CivitaiModelDownload(93198_v1.0), sent

2024-02-20 11:35:02,079 <requestor-worker-4:2579769, MainThread:140240668346176> (requestor.py:_fetch_single_sync:154 -> middleware.py:apply_sync:93) from logger `RFC.middleware_content_saver`
[INFO] applying on CivitaiModelDownload(124969_v1.0), received

2024-02-20 11:35:03,561 <requestor-worker-4:2579769, MainThread:140240668346176> (requestor.py:_fetch_single_sync:154 -> middleware.py:apply_sync:96) from logger `RFC.middleware_content_saver`
[INFO] applied on CivitaiModelDownload(124969_v1.0), sent

2024-02-20 11:35:09,797 <requestor-worker-4:2579769, MainThread:140240668346176> (requestor.py:_fetch_single_sync:154 -> middleware.py:apply_sync:93) from logger `RFC.middleware_content_saver`
[INFO] applying on CivitaiModelDownload(118289_v1.0), received

2024-02-20 11:35:09,812 <requestor-worker-4:2579769, MainThread:140240668346176> (requestor.py:_fetch_single_sync:154 -> middleware.py:apply_sync:96) from logger `RFC.middleware_content_saver`
[INFO] applied on CivitaiModelDownload(118289_v1.0), sent

2024-02-20 11:35:24,784 <requestor-worker-4:2579769, MainThread:140240668346176> (requestor.py:_fetch_single_sync:154 -> middleware.py:apply_sync:93) from logger `RFC.middleware_content_saver`
[INFO] applying on CivitaiModelDownload(227514_Homebrew), received

2024-02-20 11:35:24,793 <requestor-worker-4:2579769, MainThread:140240668346176> (requestor.py:_fetch_single_sync:154 -> middleware.py:apply_sync:96) from logger `RFC.middleware_content_saver`
[INFO] applied on CivitaiModelDownload(227514_Homebrew), sent

2024-02-20 11:35:42,737 <requestor-worker-4:2579769, MainThread:140240668346176> (requestor.py:_fetch_single_sync:154 -> middleware.py:apply_sync:93) from logger `RFC.middleware_content_saver`
[INFO] applying on CivitaiModelDownload(227504_CivitaiVer), received

2024-02-20 11:35:42,752 <requestor-worker-4:2579769, MainThread:140240668346176> (requestor.py:_fetch_single_sync:154 -> middleware.py:apply_sync:96) from logger `RFC.middleware_content_saver`
[INFO] applied on CivitaiModelDownload(227504_CivitaiVer), sent

2024-02-20 11:36:12,052 <requestor-worker-4:2579769, MainThread:140240668346176> (requestor.py:_fetch_single_sync:154 -> middleware.py:apply_sync:93) from logger `RFC.middleware_content_saver`
[INFO] applying on CivitaiModelDownload(48668_KiritoandAsunav1.0), received

2024-02-20 11:36:12,070 <requestor-worker-4:2579769, MainThread:140240668346176> (requestor.py:_fetch_single_sync:154 -> middleware.py:apply_sync:96) from logger `RFC.middleware_content_saver`
[INFO] applied on CivitaiModelDownload(48668_KiritoandAsunav1.0), sent

2024-02-20 11:36:21,267 <requestor-worker-4:2579769, MainThread:140240668346176> (requestor.py:_fetch_single_sync:154 -> middleware.py:apply_sync:93) from logger `RFC.middleware_content_saver`
[INFO] applying on CivitaiModelDownload(171824_v1.0), received

2024-02-20 11:36:21,281 <requestor-worker-4:2579769, MainThread:140240668346176> (requestor.py:_fetch_single_sync:154 -> middleware.py:apply_sync:96) from logger `RFC.middleware_content_saver`
[INFO] applied on CivitaiModelDownload(171824_v1.0), sent

2024-02-20 11:36:34,550 <requestor-worker-4:2579769, MainThread:140240668346176> (requestor.py:_fetch_single_sync:154 -> middleware.py:apply_sync:93) from logger `RFC.middleware_content_saver`
[INFO] applying on CivitaiModelDownload(173893_v1.0), received

2024-02-20 11:36:34,579 <requestor-worker-4:2579769, MainThread:140240668346176> (requestor.py:_fetch_single_sync:154 -> middleware.py:apply_sync:96) from logger `RFC.middleware_content_saver`
[INFO] applied on CivitaiModelDownload(173893_v1.0), sent

2024-02-20 11:36:39,842 <requestor-worker-4:2579769, MainThread:140240668346176> (requestor.py:_fetch_single_sync:154 -> middleware.py:apply_sync:93) from logger `RFC.middleware_content_saver`
[INFO] applying on CivitaiModelDownload(170253_v1.0), received

2024-02-20 11:36:39,850 <requestor-worker-4:2579769, MainThread:140240668346176> (requestor.py:_fetch_single_sync:154 -> middleware.py:apply_sync:96) from logger `RFC.middleware_content_saver`
[INFO] applied on CivitaiModelDownload(170253_v1.0), sent

2024-02-20 11:36:59,248 <requestor-worker-4:2579769, MainThread:140240668346176> (requestor.py:_fetch_single_sync:154 -> middleware.py:apply_sync:93) from logger `RFC.middleware_content_saver`
[INFO] applying on CivitaiModelDownload(53758_v1.0), received

2024-02-20 11:36:59,261 <requestor-worker-4:2579769, MainThread:140240668346176> (requestor.py:_fetch_single_sync:154 -> middleware.py:apply_sync:96) from logger `RFC.middleware_content_saver`
[INFO] applied on CivitaiModelDownload(53758_v1.0), sent

2024-02-20 11:37:09,588 <requestor-worker-4:2579769, MainThread:140240668346176> (requestor.py:_fetch_single_sync:154 -> middleware.py:apply_sync:93) from logger `RFC.middleware_content_saver`
[INFO] applying on CivitaiModelDownload(109083_v1.0), received

2024-02-20 11:37:09,602 <requestor-worker-4:2579769, MainThread:140240668346176> (requestor.py:_fetch_single_sync:154 -> middleware.py:apply_sync:96) from logger `RFC.middleware_content_saver`
[INFO] applied on CivitaiModelDownload(109083_v1.0), sent

2024-02-20 11:37:22,004 <requestor-worker-4:2579769, MainThread:140240668346176> (requestor.py:_fetch_single_sync:154 -> middleware.py:apply_sync:93) from logger `RFC.middleware_content_saver`
[INFO] applying on CivitaiModelDownload(58189_v1.0), received

2024-02-20 11:37:22,019 <requestor-worker-4:2579769, MainThread:140240668346176> (requestor.py:_fetch_single_sync:154 -> middleware.py:apply_sync:96) from logger `RFC.middleware_content_saver`
[INFO] applied on CivitaiModelDownload(58189_v1.0), sent

2024-02-20 11:37:34,833 <requestor-worker-4:2579769, MainThread:140240668346176> (requestor.py:_fetch_single_sync:154 -> middleware.py:apply_sync:93) from logger `RFC.middleware_content_saver`
[INFO] applying on CivitaiModelDownload(93498_v1.0), received

2024-02-20 11:37:39,872 <requestor-worker-4:2579769, MainThread:140240668346176> (requestor.py:_fetch_single_sync:154 -> middleware.py:apply_sync:96) from logger `RFC.middleware_content_saver`
[INFO] applied on CivitaiModelDownload(93498_v1.0), sent

2024-02-20 11:37:45,416 <requestor-worker-4:2579769, MainThread:140240668346176> (requestor.py:_fetch_single_sync:154 -> middleware.py:apply_sync:93) from logger `RFC.middleware_content_saver`
[INFO] applying on CivitaiModelDownload(61832_v1.0), received

2024-02-20 11:37:45,430 <requestor-worker-4:2579769, MainThread:140240668346176> (requestor.py:_fetch_single_sync:154 -> middleware.py:apply_sync:96) from logger `RFC.middleware_content_saver`
[INFO] applied on CivitaiModelDownload(61832_v1.0), sent

2024-02-20 11:37:58,471 <requestor-worker-4:2579769, MainThread:140240668346176> (requestor.py:_fetch_single_sync:154 -> middleware.py:apply_sync:93) from logger `RFC.middleware_content_saver`
[INFO] applying on CivitaiModelDownload(173258_v1.0), received

2024-02-20 11:37:58,481 <requestor-worker-4:2579769, MainThread:140240668346176> (requestor.py:_fetch_single_sync:154 -> middleware.py:apply_sync:96) from logger `RFC.middleware_content_saver`
[INFO] applied on CivitaiModelDownload(173258_v1.0), sent

2024-02-20 11:38:32,424 <requestor-worker-4:2579769, MainThread:140240668346176> (requestor.py:_fetch_single_sync:154 -> middleware.py:apply_sync:93) from logger `RFC.middleware_content_saver`
[INFO] applying on CivitaiModelDownload(5492_AsunaHard), received

2024-02-20 11:38:33,959 <requestor-worker-4:2579769, MainThread:140240668346176> (requestor.py:_fetch_single_sync:154 -> middleware.py:apply_sync:96) from logger `RFC.middleware_content_saver`
[INFO] applied on CivitaiModelDownload(5492_AsunaHard), sent

2024-02-20 11:38:48,615 <requestor-worker-4:2579769, MainThread:140240668346176> (requestor.py:_fetch_single_sync:154 -> middleware.py:apply_sync:93) from logger `RFC.middleware_content_saver`
[INFO] applying on CivitaiModelDownload(123872_v1.0), received

2024-02-20 11:38:48,631 <requestor-worker-4:2579769, MainThread:140240668346176> (requestor.py:_fetch_single_sync:154 -> middleware.py:apply_sync:96) from logger `RFC.middleware_content_saver`
[INFO] applied on CivitaiModelDownload(123872_v1.0), sent

2024-02-20 11:45:18,278 <requestor-worker-4:2579769, MainThread:140240668346176> (requestor.py:_fetch_single_sync:154 -> middleware.py:apply_sync:93) from logger `RFC.middleware_content_saver`
[INFO] applying on CivitaiModelDownload(67995_v1.0), received

2024-02-20 11:45:18,292 <requestor-worker-4:2579769, MainThread:140240668346176> (requestor.py:_fetch_single_sync:154 -> middleware.py:apply_sync:96) from logger `RFC.middleware_content_saver`
[INFO] applied on CivitaiModelDownload(67995_v1.0), sent

2024-02-20 11:46:24,818 <requestor-worker-4:2579769, MainThread:140240668346176> (requestor.py:_fetch_single_sync:154 -> middleware.py:apply_sync:93) from logger `RFC.middleware_content_saver`
[INFO] applying on CivitaiModelDownload(163474_v1.0), received

2024-02-20 11:46:24,827 <requestor-worker-4:2579769, MainThread:140240668346176> (requestor.py:_fetch_single_sync:154 -> middleware.py:apply_sync:96) from logger `RFC.middleware_content_saver`
[INFO] applied on CivitaiModelDownload(163474_v1.0), sent

2024-02-20 11:54:37,841 <requestor-worker-4:2579769, MainThread:140240668346176> (requestor.py:_fetch_single_sync:154 -> middleware.py:apply_sync:93) from logger `RFC.middleware_content_saver`
[INFO] applying on CivitaiModelDownload(29693_V1), received

2024-02-20 11:54:37,895 <requestor-worker-4:2579769, MainThread:140240668346176> (requestor.py:_fetch_single_sync:154 -> middleware.py:apply_sync:96) from logger `RFC.middleware_content_saver`
[INFO] applied on CivitaiModelDownload(29693_V1), sent

2024-02-20 11:54:58,978 <requestor-worker-4:2579769, MainThread:140240668346176> (requestor.py:_fetch_single_sync:154 -> middleware.py:apply_sync:93) from logger `RFC.middleware_content_saver`
[INFO] applying on CivitaiModelDownload(187923_Testv2), received

2024-02-20 11:54:58,993 <requestor-worker-4:2579769, MainThread:140240668346176> (requestor.py:_fetch_single_sync:154 -> middleware.py:apply_sync:96) from logger `RFC.middleware_content_saver`
[INFO] applied on CivitaiModelDownload(187923_Testv2), sent

2024-02-20 11:55:04,040 <requestor-worker-4:2579769, MainThread:140240668346176> (requestor.py:_fetch_single_sync:154 -> middleware.py:apply_sync:93) from logger `RFC.middleware_content_saver`
[INFO] applying on CivitaiModelDownload(162665_v1.0), received

2024-02-20 11:55:04,054 <requestor-worker-4:2579769, MainThread:140240668346176> (requestor.py:_fetch_single_sync:154 -> middleware.py:apply_sync:96) from logger `RFC.middleware_content_saver`
[INFO] applied on CivitaiModelDownload(162665_v1.0), sent

2024-02-20 11:55:26,565 <requestor-worker-4:2579769, MainThread:140240668346176> (requestor.py:_fetch_single_sync:154 -> middleware.py:apply_sync:93) from logger `RFC.middleware_content_saver`
[INFO] applying on CivitaiModelDownload(115310_v1.0), received

2024-02-20 11:55:26,576 <requestor-worker-4:2579769, MainThread:140240668346176> (requestor.py:_fetch_single_sync:154 -> middleware.py:apply_sync:96) from logger `RFC.middleware_content_saver`
[INFO] applied on CivitaiModelDownload(115310_v1.0), sent

2024-02-20 11:57:51,009 <requestor-worker-4:2579769, MainThread:140240668346176> (requestor.py:_fetch_single_sync:154 -> middleware.py:apply_sync:93) from logger `RFC.middleware_content_saver`
[INFO] applying on CivitaiModelDownload(173978_SDXLv1.0), received

2024-02-20 11:57:56,313 <requestor-worker-4:2579769, MainThread:140240668346176> (requestor.py:_fetch_single_sync:154 -> middleware.py:apply_sync:96) from logger `RFC.middleware_content_saver`
[INFO] applied on CivitaiModelDownload(173978_SDXLv1.0), sent

2024-02-20 11:58:26,351 <requestor-worker-4:2579769, MainThread:140240668346176> (requestor.py:_fetch_single_sync:154 -> middleware.py:apply_sync:93) from logger `RFC.middleware_content_saver`
[INFO] applying on CivitaiModelDownload(133873_v1.0), received

2024-02-20 11:58:26,366 <requestor-worker-4:2579769, MainThread:140240668346176> (requestor.py:_fetch_single_sync:154 -> middleware.py:apply_sync:96) from logger `RFC.middleware_content_saver`
[INFO] applied on CivitaiModelDownload(133873_v1.0), sent

2024-02-20 11:58:51,145 <requestor-worker-4:2579769, MainThread:140240668346176> (requestor.py:_fetch_single_sync:154 -> middleware.py:apply_sync:93) from logger `RFC.middleware_content_saver`
[INFO] applying on CivitaiModelDownload(136958_v1), received

2024-02-20 11:58:51,197 <requestor-worker-4:2579769, MainThread:140240668346176> (requestor.py:_fetch_single_sync:154 -> middleware.py:apply_sync:96) from logger `RFC.middleware_content_saver`
[INFO] applied on CivitaiModelDownload(136958_v1), sent

2024-02-20 11:59:01,320 <requestor-worker-4:2579769, MainThread:140240668346176> (requestor.py:_fetch_single_sync:154 -> middleware.py:apply_sync:93) from logger `RFC.middleware_content_saver`
[INFO] applying on CivitaiModelDownload(67423_v1.0), received

2024-02-20 11:59:01,336 <requestor-worker-4:2579769, MainThread:140240668346176> (requestor.py:_fetch_single_sync:154 -> middleware.py:apply_sync:96) from logger `RFC.middleware_content_saver`
[INFO] applied on CivitaiModelDownload(67423_v1.0), sent

2024-02-20 11:59:46,688 <requestor-worker-4:2579769, MainThread:140240668346176> (requestor.py:_fetch_single_sync:154 -> middleware.py:apply_sync:93) from logger `RFC.middleware_content_saver`
[INFO] applying on CivitaiModelDownload(260030_xl_v1), received

2024-02-20 11:59:46,748 <requestor-worker-4:2579769, MainThread:140240668346176> (requestor.py:_fetch_single_sync:154 -> middleware.py:apply_sync:96) from logger `RFC.middleware_content_saver`
[INFO] applied on CivitaiModelDownload(260030_xl_v1), sent

2024-02-20 12:00:40,294 <requestor-worker-4:2579769, MainThread:140240668346176> (requestor.py:_fetch_single_sync:154 -> middleware.py:apply_sync:93) from logger `RFC.middleware_content_saver`
[INFO] applying on CivitaiModelDownload(18649_epoch3), received

2024-02-20 12:00:42,181 <requestor-worker-4:2579769, MainThread:140240668346176> (requestor.py:_fetch_single_sync:154 -> middleware.py:apply_sync:96) from logger `RFC.middleware_content_saver`
[INFO] applied on CivitaiModelDownload(18649_epoch3), sent

2024-02-20 12:01:37,670 <requestor-worker-4:2579769, MainThread:140240668346176> (requestor.py:_fetch_single_sync:154 -> middleware.py:apply_sync:93) from logger `RFC.middleware_content_saver`
[INFO] applying on CivitaiModelDownload(127400_v1.0), received

2024-02-20 12:01:37,723 <requestor-worker-4:2579769, MainThread:140240668346176> (requestor.py:_fetch_single_sync:154 -> middleware.py:apply_sync:96) from logger `RFC.middleware_content_saver`
[INFO] applied on CivitaiModelDownload(127400_v1.0), sent

2024-02-20 12:02:40,908 <requestor-worker-4:2579769, MainThread:140240668346176> (requestor.py:_fetch_single_sync:154 -> middleware.py:apply_sync:93) from logger `RFC.middleware_content_saver`
[INFO] applying on CivitaiModelDownload(235991_v1.3), received

2024-02-20 12:02:40,917 <requestor-worker-4:2579769, MainThread:140240668346176> (requestor.py:_fetch_single_sync:154 -> middleware.py:apply_sync:96) from logger `RFC.middleware_content_saver`
[INFO] applied on CivitaiModelDownload(235991_v1.3), sent

2024-02-20 12:07:11,028 <requestor-worker-4:2579769, MainThread:140240668346176> (requestor.py:_fetch_single_sync:154 -> middleware.py:apply_sync:93) from logger `RFC.middleware_content_saver`
[INFO] applying on CivitaiModelDownload(291150_v3.0), received

2024-02-20 12:07:11,060 <requestor-worker-4:2579769, MainThread:140240668346176> (requestor.py:_fetch_single_sync:154 -> middleware.py:apply_sync:96) from logger `RFC.middleware_content_saver`
[INFO] applied on CivitaiModelDownload(291150_v3.0), sent

2024-02-20 12:08:18,754 <requestor-worker-4:2579769, MainThread:140240668346176> (requestor.py:_fetch_single_sync:154 -> middleware.py:apply_sync:93) from logger `RFC.middleware_content_saver`
[INFO] applying on CivitaiModelDownload(61637_v1.0), received

2024-02-20 12:08:18,764 <requestor-worker-4:2579769, MainThread:140240668346176> (requestor.py:_fetch_single_sync:154 -> middleware.py:apply_sync:96) from logger `RFC.middleware_content_saver`
[INFO] applied on CivitaiModelDownload(61637_v1.0), sent

2024-02-20 12:38:33,110 <requestor-worker-4:2579769, MainThread:140240668346176> (requestor.py:_fetch_single_sync:154 -> middleware.py:apply_sync:93) from logger `RFC.middleware_content_saver`
[INFO] applying on CivitaiModelDownload(158523_v1.0), received

2024-02-20 12:38:38,318 <requestor-worker-4:2579769, MainThread:140240668346176> (requestor.py:_fetch_single_sync:154 -> middleware.py:apply_sync:96) from logger `RFC.middleware_content_saver`
[INFO] applied on CivitaiModelDownload(158523_v1.0), sent

2024-02-20 12:39:53,612 <requestor-worker-4:2579769, MainThread:140240668346176> (requestor.py:_fetch_single_sync:154 -> middleware.py:apply_sync:93) from logger `RFC.middleware_content_saver`
[INFO] applying on CivitaiModelDownload(21819_Assonwall1.0), received

2024-02-20 12:39:53,617 <requestor-worker-4:2579769, MainThread:140240668346176> (requestor.py:_fetch_single_sync:154 -> middleware.py:apply_sync:96) from logger `RFC.middleware_content_saver`
[INFO] applied on CivitaiModelDownload(21819_Assonwall1.0), sent

2024-02-20 12:40:16,253 <requestor-worker-4:2579769, MainThread:140240668346176> (requestor.py:_fetch_single_sync:154 -> middleware.py:apply_sync:93) from logger `RFC.middleware_content_saver`
[INFO] applying on CivitaiModelDownload(154628_v1.0), received

2024-02-20 12:40:16,305 <requestor-worker-4:2579769, MainThread:140240668346176> (requestor.py:_fetch_single_sync:154 -> middleware.py:apply_sync:96) from logger `RFC.middleware_content_saver`
[INFO] applied on CivitaiModelDownload(154628_v1.0), sent

2024-02-20 12:40:37,018 <requestor-worker-4:2579769, MainThread:140240668346176> (requestor.py:_fetch_single_sync:154 -> middleware.py:apply_sync:93) from logger `RFC.middleware_content_saver`
[INFO] applying on CivitaiModelDownload(157053_v2.0), received

2024-02-20 12:40:37,045 <requestor-worker-4:2579769, MainThread:140240668346176> (requestor.py:_fetch_single_sync:154 -> middleware.py:apply_sync:96) from logger `RFC.middleware_content_saver`
[INFO] applied on CivitaiModelDownload(157053_v2.0), sent

2024-02-20 12:40:50,402 <requestor-worker-4:2579769, MainThread:140240668346176> (requestor.py:_fetch_single_sync:154 -> middleware.py:apply_sync:93) from logger `RFC.middleware_content_saver`
[INFO] applying on CivitaiModelDownload(18760_v1.0), received

2024-02-20 12:40:50,409 <requestor-worker-4:2579769, MainThread:140240668346176> (requestor.py:_fetch_single_sync:154 -> middleware.py:apply_sync:96) from logger `RFC.middleware_content_saver`
[INFO] applied on CivitaiModelDownload(18760_v1.0), sent

2024-02-20 12:41:05,844 <requestor-worker-4:2579769, MainThread:140240668346176> (requestor.py:_fetch_single_sync:154 -> middleware.py:apply_sync:93) from logger `RFC.middleware_content_saver`
[INFO] applying on CivitaiModelDownload(162422_v1.0), received

2024-02-20 12:41:05,888 <requestor-worker-4:2579769, MainThread:140240668346176> (requestor.py:_fetch_single_sync:154 -> middleware.py:apply_sync:96) from logger `RFC.middleware_content_saver`
[INFO] applied on CivitaiModelDownload(162422_v1.0), sent

2024-02-20 12:41:33,036 <requestor-worker-4:2579769, MainThread:140240668346176> (requestor.py:_fetch_single_sync:154 -> middleware.py:apply_sync:93) from logger `RFC.middleware_content_saver`
[INFO] applying on CivitaiModelDownload(194465_AsrielDreemurr), received

2024-02-20 12:41:33,049 <requestor-worker-4:2579769, MainThread:140240668346176> (requestor.py:_fetch_single_sync:154 -> middleware.py:apply_sync:96) from logger `RFC.middleware_content_saver`
[INFO] applied on CivitaiModelDownload(194465_AsrielDreemurr), sent

2024-02-20 12:45:27,889 <requestor-worker-4:2579769, MainThread:140240668346176> (requestor.py:_fetch_single_sync:154 -> middleware.py:apply_sync:93) from logger `RFC.middleware_content_saver`
[INFO] applying on CivitaiModelDownload(248340_AspenMatthewsv1.0), received

2024-02-20 12:45:29,179 <requestor-worker-4:2579769, MainThread:140240668346176> (requestor.py:_fetch_single_sync:154 -> middleware.py:apply_sync:96) from logger `RFC.middleware_content_saver`
[INFO] applied on CivitaiModelDownload(248340_AspenMatthewsv1.0), sent

2024-02-20 12:50:07,993 <requestor-worker-4:2579769, MainThread:140240668346176> (requestor.py:_fetch_single_sync:154 -> middleware.py:apply_sync:93) from logger `RFC.middleware_content_saver`
[INFO] applying on CivitaiModelDownload(53921_v1.0), received

2024-02-20 12:50:10,184 <requestor-worker-4:2579769, MainThread:140240668346176> (requestor.py:_fetch_single_sync:154 -> middleware.py:apply_sync:96) from logger `RFC.middleware_content_saver`
[INFO] applied on CivitaiModelDownload(53921_v1.0), sent

2024-02-20 12:51:15,023 <requestor-worker-4:2579769, MainThread:140240668346176> (requestor.py:_fetch_single_sync:154 -> middleware.py:apply_sync:93) from logger `RFC.middleware_content_saver`
[INFO] applying on CivitaiModelDownload(17784_V1.0), received

2024-02-20 12:51:15,051 <requestor-worker-4:2579769, MainThread:140240668346176> (requestor.py:_fetch_single_sync:154 -> middleware.py:apply_sync:96) from logger `RFC.middleware_content_saver`
[INFO] applied on CivitaiModelDownload(17784_V1.0), sent

2024-02-20 12:51:20,276 <requestor-worker-4:2579769, MainThread:140240668346176> (requestor.py:_fetch_single_sync:154 -> middleware.py:apply_sync:93) from logger `RFC.middleware_content_saver`
[INFO] applying on CivitaiModelDownload(181941_v1.0), received

2024-02-20 12:51:20,291 <requestor-worker-4:2579769, MainThread:140240668346176> (requestor.py:_fetch_single_sync:154 -> middleware.py:apply_sync:96) from logger `RFC.middleware_content_saver`
[INFO] applied on CivitaiModelDownload(181941_v1.0), sent

2024-02-20 12:51:28,768 <requestor-worker-4:2579769, MainThread:140240668346176> (requestor.py:_fetch_single_sync:154 -> middleware.py:apply_sync:93) from logger `RFC.middleware_content_saver`
[INFO] applying on CivitaiModelDownload(166236_v2.0), received

2024-02-20 12:51:28,775 <requestor-worker-4:2579769, MainThread:140240668346176> (requestor.py:_fetch_single_sync:154 -> middleware.py:apply_sync:96) from logger `RFC.middleware_content_saver`
[INFO] applied on CivitaiModelDownload(166236_v2.0), sent

2024-02-20 12:51:36,750 <requestor-worker-4:2579769, MainThread:140240668346176> (requestor.py:_fetch_single_sync:154 -> middleware.py:apply_sync:93) from logger `RFC.middleware_content_saver`
[INFO] applying on CivitaiModelDownload(164242_v1.0), received

2024-02-20 12:51:36,777 <requestor-worker-4:2579769, MainThread:140240668346176> (requestor.py:_fetch_single_sync:154 -> middleware.py:apply_sync:96) from logger `RFC.middleware_content_saver`
[INFO] applied on CivitaiModelDownload(164242_v1.0), sent

2024-02-20 12:51:47,192 <requestor-worker-4:2579769, MainThread:140240668346176> (requestor.py:_fetch_single_sync:154 -> middleware.py:apply_sync:93) from logger `RFC.middleware_content_saver`
[INFO] applying on CivitaiModelDownload(103217_v1.0), received

2024-02-20 12:51:47,208 <requestor-worker-4:2579769, MainThread:140240668346176> (requestor.py:_fetch_single_sync:154 -> middleware.py:apply_sync:96) from logger `RFC.middleware_content_saver`
[INFO] applied on CivitaiModelDownload(103217_v1.0), sent

2024-02-20 12:52:01,818 <requestor-worker-4:2579769, MainThread:140240668346176> (requestor.py:_fetch_single_sync:154 -> middleware.py:apply_sync:93) from logger `RFC.middleware_content_saver`
[INFO] applying on CivitaiModelDownload(153925_v2.0), received

2024-02-20 12:52:01,845 <requestor-worker-4:2579769, MainThread:140240668346176> (requestor.py:_fetch_single_sync:154 -> middleware.py:apply_sync:96) from logger `RFC.middleware_content_saver`
[INFO] applied on CivitaiModelDownload(153925_v2.0), sent

2024-02-20 12:52:27,217 <requestor-worker-4:2579769, MainThread:140240668346176> (requestor.py:_fetch_single_sync:154 -> middleware.py:apply_sync:93) from logger `RFC.middleware_content_saver`
[INFO] applying on CivitaiModelDownload(228757_v7.0), received

2024-02-20 12:52:27,232 <requestor-worker-4:2579769, MainThread:140240668346176> (requestor.py:_fetch_single_sync:154 -> middleware.py:apply_sync:96) from logger `RFC.middleware_content_saver`
[INFO] applied on CivitaiModelDownload(228757_v7.0), sent

2024-02-20 12:52:33,163 <requestor-worker-4:2579769, MainThread:140240668346176> (requestor.py:_fetch_single_sync:154 -> middleware.py:apply_sync:93) from logger `RFC.middleware_content_saver`
[INFO] applying on CivitaiModelDownload(212146_v3.0), received

2024-02-20 12:52:33,178 <requestor-worker-4:2579769, MainThread:140240668346176> (requestor.py:_fetch_single_sync:154 -> middleware.py:apply_sync:96) from logger `RFC.middleware_content_saver`
[INFO] applied on CivitaiModelDownload(212146_v3.0), sent

2024-02-20 12:52:41,427 <requestor-worker-4:2579769, MainThread:140240668346176> (requestor.py:_fetch_single_sync:154 -> middleware.py:apply_sync:93) from logger `RFC.middleware_content_saver`
[INFO] applying on CivitaiModelDownload(206756_AskaAkiyama), received

2024-02-20 12:52:41,443 <requestor-worker-4:2579769, MainThread:140240668346176> (requestor.py:_fetch_single_sync:154 -> middleware.py:apply_sync:96) from logger `RFC.middleware_content_saver`
[INFO] applied on CivitaiModelDownload(206756_AskaAkiyama), sent

2024-02-20 12:56:09,482 <requestor-worker-4:2579769, MainThread:140240668346176> (requestor.py:_fetch_single_sync:154 -> middleware.py:apply_sync:93) from logger `RFC.middleware_content_saver`
[INFO] applying on CivitaiModelDownload(151154_v1.5), received

2024-02-20 12:56:09,517 <requestor-worker-4:2579769, MainThread:140240668346176> (requestor.py:_fetch_single_sync:154 -> middleware.py:apply_sync:96) from logger `RFC.middleware_content_saver`
[INFO] applied on CivitaiModelDownload(151154_v1.5), sent

2024-02-20 12:56:37,306 <requestor-worker-4:2579769, MainThread:140240668346176> (requestor.py:_fetch_single_sync:154 -> middleware.py:apply_sync:93) from logger `RFC.middleware_content_saver`
[INFO] applying on CivitaiModelDownload(33697_Asianfitnessgirl), received

2024-02-20 12:56:38,910 <requestor-worker-4:2579769, MainThread:140240668346176> (requestor.py:_fetch_single_sync:154 -> middleware.py:apply_sync:96) from logger `RFC.middleware_content_saver`
[INFO] applied on CivitaiModelDownload(33697_Asianfitnessgirl), sent

2024-02-20 12:56:47,544 <requestor-worker-4:2579769, MainThread:140240668346176> (requestor.py:_fetch_single_sync:154 -> middleware.py:apply_sync:93) from logger `RFC.middleware_content_saver`
[INFO] applying on CivitaiModelDownload(80610_v1.0), received

2024-02-20 12:56:47,560 <requestor-worker-4:2579769, MainThread:140240668346176> (requestor.py:_fetch_single_sync:154 -> middleware.py:apply_sync:96) from logger `RFC.middleware_content_saver`
[INFO] applied on CivitaiModelDownload(80610_v1.0), sent

2024-02-20 12:57:05,902 <requestor-worker-4:2579769, MainThread:140240668346176> (requestor.py:_fetch_single_sync:154 -> middleware.py:apply_sync:93) from logger `RFC.middleware_content_saver`
[INFO] applying on CivitaiModelDownload(288433_v1.0), received

2024-02-20 12:57:05,917 <requestor-worker-4:2579769, MainThread:140240668346176> (requestor.py:_fetch_single_sync:154 -> middleware.py:apply_sync:96) from logger `RFC.middleware_content_saver`
[INFO] applied on CivitaiModelDownload(288433_v1.0), sent

2024-02-20 12:57:25,922 <requestor-worker-4:2579769, MainThread:140240668346176> (requestor.py:_fetch_single_sync:154 -> middleware.py:apply_sync:93) from logger `RFC.middleware_content_saver`
[INFO] applying on CivitaiModelDownload(297418_v2.0), received

2024-02-20 12:57:25,944 <requestor-worker-4:2579769, MainThread:140240668346176> (requestor.py:_fetch_single_sync:154 -> middleware.py:apply_sync:96) from logger `RFC.middleware_content_saver`
[INFO] applied on CivitaiModelDownload(297418_v2.0), sent

2024-02-20 12:57:44,343 <requestor-worker-4:2579769, MainThread:140240668346176> (requestor.py:_fetch_single_sync:154 -> middleware.py:apply_sync:93) from logger `RFC.middleware_content_saver`
[INFO] applying on CivitaiModelDownload(177015_v1.2), received

2024-02-20 12:57:46,753 <requestor-worker-4:2579769, MainThread:140240668346176> (requestor.py:_fetch_single_sync:154 -> middleware.py:apply_sync:96) from logger `RFC.middleware_content_saver`
[INFO] applied on CivitaiModelDownload(177015_v1.2), sent

2024-02-20 12:59:17,078 <requestor-worker-4:2579769, MainThread:140240668346176> (requestor.py:_fetch_single_sync:154 -> middleware.py:apply_sync:93) from logger `RFC.middleware_content_saver`
[INFO] applying on CivitaiModelDownload(258814_AsianMan_3), received

2024-02-20 12:59:18,545 <requestor-worker-4:2579769, MainThread:140240668346176> (requestor.py:_fetch_single_sync:154 -> middleware.py:apply_sync:96) from logger `RFC.middleware_content_saver`
[INFO] applied on CivitaiModelDownload(258814_AsianMan_3), sent

2024-02-20 12:59:22,225 <requestor-worker-4:2579769, MainThread:140240668346176> (requestor.py:_fetch_single_sync:154 -> middleware.py:apply_sync:93) from logger `RFC.middleware_content_saver`
[INFO] applying on CivitaiModelDownload(13070_v1.0), received

2024-02-20 12:59:22,236 <requestor-worker-4:2579769, MainThread:140240668346176> (requestor.py:_fetch_single_sync:154 -> middleware.py:apply_sync:96) from logger `RFC.middleware_content_saver`
[INFO] applied on CivitaiModelDownload(13070_v1.0), sent

2024-02-20 12:59:22,655 <requestor-worker-4:2579769, MainThread:140240668346176> (requestor.py:_fetch_single_sync:154 -> middleware.py:apply_sync:93) from logger `RFC.middleware_content_saver`
[INFO] applying on CivitaiModelDownload(13397_v2.0), received

2024-02-20 12:59:22,770 <requestor-worker-4:2579769, MainThread:140240668346176> (requestor.py:_fetch_single_sync:154 -> middleware.py:apply_sync:96) from logger `RFC.middleware_content_saver`
[INFO] applied on CivitaiModelDownload(13397_v2.0), sent

2024-02-20 13:00:18,469 <requestor-worker-4:2579769, MainThread:140240668346176> (requestor.py:_fetch_single_sync:154 -> middleware.py:apply_sync:93) from logger `RFC.middleware_content_saver`
[INFO] applying on CivitaiModelDownload(303180_v1.0), received

2024-02-20 13:00:18,498 <requestor-worker-4:2579769, MainThread:140240668346176> (requestor.py:_fetch_single_sync:154 -> middleware.py:apply_sync:96) from logger `RFC.middleware_content_saver`
[INFO] applied on CivitaiModelDownload(303180_v1.0), sent

2024-02-20 13:02:13,786 <requestor-worker-4:2579769, MainThread:140240668346176> (requestor.py:_fetch_single_sync:154 -> middleware.py:apply_sync:93) from logger `RFC.middleware_content_saver`
[INFO] applying on CivitaiModelDownload(176344_v1.0), received

2024-02-20 13:02:16,185 <requestor-worker-4:2579769, MainThread:140240668346176> (requestor.py:_fetch_single_sync:154 -> middleware.py:apply_sync:96) from logger `RFC.middleware_content_saver`
[INFO] applied on CivitaiModelDownload(176344_v1.0), sent

2024-02-20 13:03:56,306 <requestor-worker-4:2579769, MainThread:140240668346176> (requestor.py:_fetch_single_sync:154 -> middleware.py:apply_sync:93) from logger `RFC.middleware_content_saver`
[INFO] applying on CivitaiModelDownload(98717_Mark), received

2024-02-20 13:03:56,343 <requestor-worker-4:2579769, MainThread:140240668346176> (requestor.py:_fetch_single_sync:154 -> middleware.py:apply_sync:96) from logger `RFC.middleware_content_saver`
[INFO] applied on CivitaiModelDownload(98717_Mark), sent

2024-02-20 13:04:48,273 <requestor-worker-4:2579769, MainThread:140240668346176> (requestor.py:_fetch_single_sync:154 -> middleware.py:apply_sync:93) from logger `RFC.middleware_content_saver`
[INFO] applying on CivitaiModelDownload(180735_BeautyAsianModels), received

2024-02-20 13:04:48,291 <requestor-worker-4:2579769, MainThread:140240668346176> (requestor.py:_fetch_single_sync:154 -> middleware.py:apply_sync:96) from logger `RFC.middleware_content_saver`
[INFO] applied on CivitaiModelDownload(180735_BeautyAsianModels), sent

2024-02-20 13:04:48,942 <requestor-worker-4:2579769, MainThread:140240668346176> (requestor.py:_fetch_single_sync:154 -> middleware.py:apply_sync:93) from logger `RFC.middleware_content_saver`
[INFO] applying on CivitaiModelDownload(108947_Xara), received

2024-02-20 13:04:49,860 <requestor-worker-4:2579769, MainThread:140240668346176> (requestor.py:_fetch_single_sync:154 -> middleware.py:apply_sync:96) from logger `RFC.middleware_content_saver`
[INFO] applied on CivitaiModelDownload(108947_Xara), sent

2024-02-20 13:06:32,133 <requestor-worker-4:2579769, MainThread:140240668346176> (requestor.py:_fetch_single_sync:154 -> middleware.py:apply_sync:93) from logger `RFC.middleware_content_saver`
[INFO] applying on CivitaiModelDownload(89899_Szany), received

2024-02-20 13:06:32,148 <requestor-worker-4:2579769, MainThread:140240668346176> (requestor.py:_fetch_single_sync:154 -> middleware.py:apply_sync:96) from logger `RFC.middleware_content_saver`
[INFO] applied on CivitaiModelDownload(89899_Szany), sent

2024-02-20 13:07:39,893 <requestor-worker-4:2579769, MainThread:140240668346176> (requestor.py:_fetch_single_sync:154 -> middleware.py:apply_sync:93) from logger `RFC.middleware_content_saver`
[INFO] applying on CivitaiModelDownload(32531_v1), received

2024-02-20 13:07:39,947 <requestor-worker-4:2579769, MainThread:140240668346176> (requestor.py:_fetch_single_sync:154 -> middleware.py:apply_sync:96) from logger `RFC.middleware_content_saver`
[INFO] applied on CivitaiModelDownload(32531_v1), sent

2024-02-20 13:10:30,423 <requestor-worker-4:2579769, MainThread:140240668346176> (requestor.py:_fetch_single_sync:154 -> middleware.py:apply_sync:93) from logger `RFC.middleware_content_saver`
[INFO] applying on CivitaiModelDownload(227360_v1.0), received

2024-02-20 13:10:30,449 <requestor-worker-4:2579769, MainThread:140240668346176> (requestor.py:_fetch_single_sync:154 -> middleware.py:apply_sync:96) from logger `RFC.middleware_content_saver`
[INFO] applied on CivitaiModelDownload(227360_v1.0), sent

2024-02-20 13:12:31,046 <requestor-worker-4:2579769, MainThread:140240668346176> (requestor.py:_fetch_single_sync:154 -> middleware.py:apply_sync:93) from logger `RFC.middleware_content_saver`
[INFO] applying on CivitaiModelDownload(158796_v1.0), received

2024-02-20 13:12:31,083 <requestor-worker-4:2579769, MainThread:140240668346176> (requestor.py:_fetch_single_sync:154 -> middleware.py:apply_sync:96) from logger `RFC.middleware_content_saver`
[INFO] applied on CivitaiModelDownload(158796_v1.0), sent

2024-02-20 13:12:46,587 <requestor-worker-4:2579769, MainThread:140240668346176> (requestor.py:_fetch_single_sync:154 -> middleware.py:apply_sync:93) from logger `RFC.middleware_content_saver`
[INFO] applying on CivitaiModelDownload(179532_v1.0), received

2024-02-20 13:12:46,603 <requestor-worker-4:2579769, MainThread:140240668346176> (requestor.py:_fetch_single_sync:154 -> middleware.py:apply_sync:96) from logger `RFC.middleware_content_saver`
[INFO] applied on CivitaiModelDownload(179532_v1.0), sent

2024-02-20 13:14:17,096 <requestor-worker-4:2579769, MainThread:140240668346176> (requestor.py:_fetch_single_sync:154 -> middleware.py:apply_sync:93) from logger `RFC.middleware_content_saver`
[INFO] applying on CivitaiModelDownload(151417_v1.0), received

2024-02-20 13:14:18,688 <requestor-worker-4:2579769, MainThread:140240668346176> (requestor.py:_fetch_single_sync:154 -> middleware.py:apply_sync:96) from logger `RFC.middleware_content_saver`
[INFO] applied on CivitaiModelDownload(151417_v1.0), sent

2024-02-20 13:14:33,930 <requestor-worker-4:2579769, MainThread:140240668346176> (requestor.py:_fetch_single_sync:154 -> middleware.py:apply_sync:93) from logger `RFC.middleware_content_saver`
[INFO] applying on CivitaiModelDownload(208379_v1.0), received

2024-02-20 13:14:33,939 <requestor-worker-4:2579769, MainThread:140240668346176> (requestor.py:_fetch_single_sync:154 -> middleware.py:apply_sync:96) from logger `RFC.middleware_content_saver`
[INFO] applied on CivitaiModelDownload(208379_v1.0), sent

2024-02-20 13:14:42,442 <requestor-worker-4:2579769, MainThread:140240668346176> (requestor.py:_fetch_single_sync:154 -> middleware.py:apply_sync:93) from logger `RFC.middleware_content_saver`
[INFO] applying on CivitaiModelDownload(256806_v1), received

2024-02-20 13:14:42,458 <requestor-worker-4:2579769, MainThread:140240668346176> (requestor.py:_fetch_single_sync:154 -> middleware.py:apply_sync:96) from logger `RFC.middleware_content_saver`
[INFO] applied on CivitaiModelDownload(256806_v1), sent

2024-02-20 13:14:52,519 <requestor-worker-4:2579769, MainThread:140240668346176> (requestor.py:_fetch_single_sync:154 -> middleware.py:apply_sync:93) from logger `RFC.middleware_content_saver`
[INFO] applying on CivitaiModelDownload(31624_v.2.0), received

2024-02-20 13:14:52,534 <requestor-worker-4:2579769, MainThread:140240668346176> (requestor.py:_fetch_single_sync:154 -> middleware.py:apply_sync:96) from logger `RFC.middleware_content_saver`
[INFO] applied on CivitaiModelDownload(31624_v.2.0), sent

2024-02-20 13:15:21,914 <requestor-worker-4:2579769, MainThread:140240668346176> (requestor.py:_fetch_single_sync:154 -> middleware.py:apply_sync:93) from logger `RFC.middleware_content_saver`
[INFO] applying on CivitaiModelDownload(19905_1), received

2024-02-20 13:15:21,967 <requestor-worker-4:2579769, MainThread:140240668346176> (requestor.py:_fetch_single_sync:154 -> middleware.py:apply_sync:96) from logger `RFC.middleware_content_saver`
[INFO] applied on CivitaiModelDownload(19905_1), sent

2024-02-20 13:15:24,837 <requestor-worker-4:2579769, MainThread:140240668346176> (requestor.py:_fetch_single_sync:154 -> middleware.py:apply_sync:93) from logger `RFC.middleware_content_saver`
[INFO] applying on CivitaiModelDownload(165149_v1.0), received

2024-02-20 13:15:24,840 <requestor-worker-4:2579769, MainThread:140240668346176> (requestor.py:_fetch_single_sync:154 -> middleware.py:apply_sync:96) from logger `RFC.middleware_content_saver`
[INFO] applied on CivitaiModelDownload(165149_v1.0), sent

2024-02-20 13:15:31,919 <requestor-worker-4:2579769, MainThread:140240668346176> (requestor.py:_fetch_single_sync:154 -> middleware.py:apply_sync:93) from logger `RFC.middleware_content_saver`
[INFO] applying on CivitaiModelDownload(169777_v1.0), received

2024-02-20 13:15:31,933 <requestor-worker-4:2579769, MainThread:140240668346176> (requestor.py:_fetch_single_sync:154 -> middleware.py:apply_sync:96) from logger `RFC.middleware_content_saver`
[INFO] applied on CivitaiModelDownload(169777_v1.0), sent

2024-02-20 13:16:52,427 <requestor-worker-4:2579769, MainThread:140240668346176> (requestor.py:_fetch_single_sync:154 -> middleware.py:apply_sync:93) from logger `RFC.middleware_content_saver`
[INFO] applying on CivitaiModelDownload(170912_v1.0), received

2024-02-20 13:16:56,555 <requestor-worker-4:2579769, MainThread:140240668346176> (requestor.py:_fetch_single_sync:154 -> middleware.py:apply_sync:96) from logger `RFC.middleware_content_saver`
[INFO] applied on CivitaiModelDownload(170912_v1.0), sent

2024-02-20 13:19:50,109 <requestor-worker-4:2579769, MainThread:140240668346176> (requestor.py:_fetch_single_sync:154 -> middleware.py:apply_sync:93) from logger `RFC.middleware_content_saver`
[INFO] applying on CivitaiModelDownload(99194_v1.0), received

2024-02-20 13:19:51,279 <requestor-worker-4:2579769, MainThread:140240668346176> (requestor.py:_fetch_single_sync:154 -> middleware.py:apply_sync:96) from logger `RFC.middleware_content_saver`
[INFO] applied on CivitaiModelDownload(99194_v1.0), sent

2024-02-20 13:20:05,235 <requestor-worker-4:2579769, MainThread:140240668346176> (requestor.py:_fetch_single_sync:154 -> middleware.py:apply_sync:93) from logger `RFC.middleware_content_saver`
[INFO] applying on CivitaiModelDownload(158565_ashigara-v1.0), received

2024-02-20 13:20:05,403 <requestor-worker-4:2579769, MainThread:140240668346176> (requestor.py:_fetch_single_sync:154 -> middleware.py:apply_sync:96) from logger `RFC.middleware_content_saver`
[INFO] applied on CivitaiModelDownload(158565_ashigara-v1.0), sent

2024-02-20 13:20:26,859 <requestor-worker-4:2579769, MainThread:140240668346176> (requestor.py:_fetch_single_sync:154 -> middleware.py:apply_sync:93) from logger `RFC.middleware_content_saver`
[INFO] applying on CivitaiModelDownload(162094_v1.0), received

2024-02-20 13:20:27,689 <requestor-worker-4:2579769, MainThread:140240668346176> (requestor.py:_fetch_single_sync:154 -> middleware.py:apply_sync:96) from logger `RFC.middleware_content_saver`
[INFO] applied on CivitaiModelDownload(162094_v1.0), sent

2024-02-20 13:20:40,921 <requestor-worker-4:2579769, MainThread:140240668346176> (requestor.py:_fetch_single_sync:154 -> middleware.py:apply_sync:93) from logger `RFC.middleware_content_saver`
[INFO] applying on CivitaiModelDownload(51697_v1.5), received

2024-02-20 13:20:40,937 <requestor-worker-4:2579769, MainThread:140240668346176> (requestor.py:_fetch_single_sync:154 -> middleware.py:apply_sync:96) from logger `RFC.middleware_content_saver`
[INFO] applied on CivitaiModelDownload(51697_v1.5), sent

2024-02-20 13:21:05,669 <requestor-worker-4:2579769, MainThread:140240668346176> (requestor.py:_fetch_single_sync:154 -> middleware.py:apply_sync:93) from logger `RFC.middleware_content_saver`
[INFO] applying on CivitaiModelDownload(170427_v1), received

2024-02-20 13:21:05,685 <requestor-worker-4:2579769, MainThread:140240668346176> (requestor.py:_fetch_single_sync:154 -> middleware.py:apply_sync:96) from logger `RFC.middleware_content_saver`
[INFO] applied on CivitaiModelDownload(170427_v1), sent

2024-02-20 13:21:14,818 <requestor-worker-4:2579769, MainThread:140240668346176> (requestor.py:_fetch_single_sync:154 -> middleware.py:apply_sync:93) from logger `RFC.middleware_content_saver`
[INFO] applying on CivitaiModelDownload(302013_Ashely), received

2024-02-20 13:21:14,832 <requestor-worker-4:2579769, MainThread:140240668346176> (requestor.py:_fetch_single_sync:154 -> middleware.py:apply_sync:96) from logger `RFC.middleware_content_saver`
[INFO] applied on CivitaiModelDownload(302013_Ashely), sent

2024-02-20 13:21:22,784 <requestor-worker-4:2579769, MainThread:140240668346176> (requestor.py:_fetch_single_sync:154 -> middleware.py:apply_sync:93) from logger `RFC.middleware_content_saver`
[INFO] applying on CivitaiModelDownload(94613_v2(average)), received

2024-02-20 13:21:22,801 <requestor-worker-4:2579769, MainThread:140240668346176> (requestor.py:_fetch_single_sync:154 -> middleware.py:apply_sync:96) from logger `RFC.middleware_content_saver`
[INFO] applied on CivitaiModelDownload(94613_v2(average)), sent

2024-02-20 13:21:31,921 <requestor-worker-4:2579769, MainThread:140240668346176> (requestor.py:_fetch_single_sync:154 -> middleware.py:apply_sync:93) from logger `RFC.middleware_content_saver`
[INFO] applying on CivitaiModelDownload(63982_v1.0), received

2024-02-20 13:21:31,932 <requestor-worker-4:2579769, MainThread:140240668346176> (requestor.py:_fetch_single_sync:154 -> middleware.py:apply_sync:96) from logger `RFC.middleware_content_saver`
[INFO] applied on CivitaiModelDownload(63982_v1.0), sent

2024-02-20 13:21:42,670 <requestor-worker-4:2579769, MainThread:140240668346176> (requestor.py:_fetch_single_sync:154 -> middleware.py:apply_sync:93) from logger `RFC.middleware_content_saver`
[INFO] applying on CivitaiModelDownload(100783_v1.0), received

2024-02-20 13:21:42,686 <requestor-worker-4:2579769, MainThread:140240668346176> (requestor.py:_fetch_single_sync:154 -> middleware.py:apply_sync:96) from logger `RFC.middleware_content_saver`
[INFO] applied on CivitaiModelDownload(100783_v1.0), sent

2024-02-20 13:22:27,271 <requestor-worker-4:2579769, MainThread:140240668346176> (requestor.py:_fetch_single_sync:154 -> middleware.py:apply_sync:93) from logger `RFC.middleware_content_saver`
[INFO] applying on CivitaiModelDownload(266446_v1.0), received

2024-02-20 13:22:27,306 <requestor-worker-4:2579769, MainThread:140240668346176> (requestor.py:_fetch_single_sync:154 -> middleware.py:apply_sync:96) from logger `RFC.middleware_content_saver`
[INFO] applied on CivitaiModelDownload(266446_v1.0), sent

2024-02-20 13:22:54,147 <requestor-worker-4:2579769, MainThread:140240668346176> (requestor.py:_fetch_single_sync:154 -> middleware.py:apply_sync:93) from logger `RFC.middleware_content_saver`
[INFO] applying on CivitaiModelDownload(182216_v1.0), received

2024-02-20 13:22:54,162 <requestor-worker-4:2579769, MainThread:140240668346176> (requestor.py:_fetch_single_sync:154 -> middleware.py:apply_sync:96) from logger `RFC.middleware_content_saver`
[INFO] applied on CivitaiModelDownload(182216_v1.0), sent

2024-02-20 13:23:09,621 <requestor-worker-4:2579769, MainThread:140240668346176> (requestor.py:_fetch_single_sync:154 -> middleware.py:apply_sync:93) from logger `RFC.middleware_content_saver`
[INFO] applying on CivitaiModelDownload(169333_v1.0-MatrixHentai), received

2024-02-20 13:23:09,637 <requestor-worker-4:2579769, MainThread:140240668346176> (requestor.py:_fetch_single_sync:154 -> middleware.py:apply_sync:96) from logger `RFC.middleware_content_saver`
[INFO] applied on CivitaiModelDownload(169333_v1.0-MatrixHentai), sent

2024-02-20 13:23:22,223 <requestor-worker-4:2579769, MainThread:140240668346176> (requestor.py:_fetch_single_sync:154 -> middleware.py:apply_sync:93) from logger `RFC.middleware_content_saver`
[INFO] applying on CivitaiModelDownload(77116_v1.0), received

2024-02-20 13:23:22,232 <requestor-worker-4:2579769, MainThread:140240668346176> (requestor.py:_fetch_single_sync:154 -> middleware.py:apply_sync:96) from logger `RFC.middleware_content_saver`
[INFO] applied on CivitaiModelDownload(77116_v1.0), sent

2024-02-20 13:23:28,221 <requestor-worker-4:2579769, MainThread:140240668346176> (requestor.py:_fetch_single_sync:154 -> middleware.py:apply_sync:93) from logger `RFC.middleware_content_saver`
[INFO] applying on CivitaiModelDownload(127836_Ashev1.0), received

2024-02-20 13:23:28,228 <requestor-worker-4:2579769, MainThread:140240668346176> (requestor.py:_fetch_single_sync:154 -> middleware.py:apply_sync:96) from logger `RFC.middleware_content_saver`
[INFO] applied on CivitaiModelDownload(127836_Ashev1.0), sent

2024-02-20 13:24:48,493 <requestor-worker-4:2579769, MainThread:140240668346176> (requestor.py:_fetch_single_sync:154 -> middleware.py:apply_sync:93) from logger `RFC.middleware_content_saver`
[INFO] applying on CivitaiModelDownload(268872_Version1), received

2024-02-20 13:24:51,697 <requestor-worker-4:2579769, MainThread:140240668346176> (requestor.py:_fetch_single_sync:154 -> middleware.py:apply_sync:96) from logger `RFC.middleware_content_saver`
[INFO] applied on CivitaiModelDownload(268872_Version1), sent

2024-02-20 13:26:18,457 <requestor-worker-4:2579769, MainThread:140240668346176> (requestor.py:_fetch_single_sync:154 -> middleware.py:apply_sync:93) from logger `RFC.middleware_content_saver`
[INFO] applying on CivitaiModelDownload(87612_v1.0), received

2024-02-20 13:26:19,803 <requestor-worker-4:2579769, MainThread:140240668346176> (requestor.py:_fetch_single_sync:154 -> middleware.py:apply_sync:96) from logger `RFC.middleware_content_saver`
[INFO] applied on CivitaiModelDownload(87612_v1.0), sent

2024-02-20 13:28:03,875 <requestor-worker-4:2579769, MainThread:140240668346176> (requestor.py:_fetch_single_sync:154 -> middleware.py:apply_sync:93) from logger `RFC.middleware_content_saver`
[INFO] applying on CivitaiModelDownload(142815_SDXLv1.0), received

2024-02-20 13:28:05,296 <requestor-worker-4:2579769, MainThread:140240668346176> (requestor.py:_fetch_single_sync:154 -> middleware.py:apply_sync:96) from logger `RFC.middleware_content_saver`
[INFO] applied on CivitaiModelDownload(142815_SDXLv1.0), sent

2024-02-20 13:28:12,541 <requestor-worker-4:2579769, MainThread:140240668346176> (requestor.py:_fetch_single_sync:154 -> middleware.py:apply_sync:93) from logger `RFC.middleware_content_saver`
[INFO] applying on CivitaiModelDownload(156571_v1.0), received

2024-02-20 13:28:12,550 <requestor-worker-4:2579769, MainThread:140240668346176> (requestor.py:_fetch_single_sync:154 -> middleware.py:apply_sync:96) from logger `RFC.middleware_content_saver`
[INFO] applied on CivitaiModelDownload(156571_v1.0), sent

2024-02-20 13:28:25,448 <requestor-worker-4:2579769, MainThread:140240668346176> (requestor.py:_fetch_single_sync:154 -> middleware.py:apply_sync:93) from logger `RFC.middleware_content_saver`
[INFO] applying on CivitaiModelDownload(212015_v1.0), received

2024-02-20 13:28:25,457 <requestor-worker-4:2579769, MainThread:140240668346176> (requestor.py:_fetch_single_sync:154 -> middleware.py:apply_sync:96) from logger `RFC.middleware_content_saver`
[INFO] applied on CivitaiModelDownload(212015_v1.0), sent

2024-02-20 13:28:36,388 <requestor-worker-4:2579769, MainThread:140240668346176> (requestor.py:_fetch_single_sync:154 -> middleware.py:apply_sync:93) from logger `RFC.middleware_content_saver`
[INFO] applying on CivitaiModelDownload(301524_v1.0), received

2024-02-20 13:28:36,397 <requestor-worker-4:2579769, MainThread:140240668346176> (requestor.py:_fetch_single_sync:154 -> middleware.py:apply_sync:96) from logger `RFC.middleware_content_saver`
[INFO] applied on CivitaiModelDownload(301524_v1.0), sent

2024-02-20 13:28:37,136 <requestor-worker-4:2579769, MainThread:140240668346176> (requestor.py:_fetch_single_sync:154 -> middleware.py:apply_sync:93) from logger `RFC.middleware_content_saver`
[INFO] applying on CivitaiModelDownload(24855_v10), received

2024-02-20 13:28:37,307 <requestor-worker-4:2579769, MainThread:140240668346176> (requestor.py:_fetch_single_sync:154 -> middleware.py:apply_sync:96) from logger `RFC.middleware_content_saver`
[INFO] applied on CivitaiModelDownload(24855_v10), sent

2024-02-20 13:29:28,318 <requestor-worker-4:2579769, MainThread:140240668346176> (requestor.py:_fetch_single_sync:154 -> middleware.py:apply_sync:93) from logger `RFC.middleware_content_saver`
[INFO] applying on CivitaiModelDownload(233822_v1.0), received

2024-02-20 13:29:28,334 <requestor-worker-4:2579769, MainThread:140240668346176> (requestor.py:_fetch_single_sync:154 -> middleware.py:apply_sync:96) from logger `RFC.middleware_content_saver`
[INFO] applied on CivitaiModelDownload(233822_v1.0), sent

2024-02-20 13:29:34,729 <requestor-worker-4:2579769, MainThread:140240668346176> (requestor.py:_fetch_single_sync:154 -> middleware.py:apply_sync:93) from logger `RFC.middleware_content_saver`
[INFO] applying on CivitaiModelDownload(23853_Mainrelease.AnythingV4), received

2024-02-20 13:29:34,736 <requestor-worker-4:2579769, MainThread:140240668346176> (requestor.py:_fetch_single_sync:154 -> middleware.py:apply_sync:96) from logger `RFC.middleware_content_saver`
[INFO] applied on CivitaiModelDownload(23853_Mainrelease.AnythingV4), sent

2024-02-20 13:30:17,223 <requestor-worker-4:2579769, MainThread:140240668346176> (requestor.py:_fetch_single_sync:154 -> middleware.py:apply_sync:93) from logger `RFC.middleware_content_saver`
[INFO] applying on CivitaiModelDownload(23352_AsariDiffusionV1), received

2024-02-20 13:30:17,251 <requestor-worker-4:2579769, MainThread:140240668346176> (requestor.py:_fetch_single_sync:154 -> middleware.py:apply_sync:96) from logger `RFC.middleware_content_saver`
[INFO] applied on CivitaiModelDownload(23352_AsariDiffusionV1), sent

2024-02-20 13:30:31,639 <requestor-worker-4:2579769, MainThread:140240668346176> (requestor.py:_fetch_single_sync:154 -> middleware.py:apply_sync:93) from logger `RFC.middleware_content_saver`
[INFO] applying on CivitaiModelDownload(235887_AsanoInioStyle), received

2024-02-20 13:30:31,654 <requestor-worker-4:2579769, MainThread:140240668346176> (requestor.py:_fetch_single_sync:154 -> middleware.py:apply_sync:96) from logger `RFC.middleware_content_saver`
[INFO] applied on CivitaiModelDownload(235887_AsanoInioStyle), sent

2024-02-20 13:32:02,368 <requestor-worker-4:2579769, MainThread:140240668346176> (requestor.py:_fetch_single_sync:154 -> middleware.py:apply_sync:93) from logger `RFC.middleware_content_saver`
[INFO] applying on CivitaiModelDownload(81575_AsanoKinoko_v2), received

2024-02-20 13:32:04,994 <requestor-worker-4:2579769, MainThread:140240668346176> (requestor.py:_fetch_single_sync:154 -> middleware.py:apply_sync:96) from logger `RFC.middleware_content_saver`
[INFO] applied on CivitaiModelDownload(81575_AsanoKinoko_v2), sent

2024-02-20 13:32:25,472 <requestor-worker-4:2579769, MainThread:140240668346176> (requestor.py:_fetch_single_sync:154 -> middleware.py:apply_sync:93) from logger `RFC.middleware_content_saver`
[INFO] applying on CivitaiModelDownload(48410_v1.0), received

2024-02-20 13:32:25,492 <requestor-worker-4:2579769, MainThread:140240668346176> (requestor.py:_fetch_single_sync:154 -> middleware.py:apply_sync:96) from logger `RFC.middleware_content_saver`
[INFO] applied on CivitaiModelDownload(48410_v1.0), sent

2024-02-20 13:33:42,084 <requestor-worker-4:2579769, MainThread:140240668346176> (requestor.py:_fetch_single_sync:154 -> middleware.py:apply_sync:93) from logger `RFC.middleware_content_saver`
[INFO] applying on CivitaiModelDownload(249041_v1.0), received

2024-02-20 13:33:42,137 <requestor-worker-4:2579769, MainThread:140240668346176> (requestor.py:_fetch_single_sync:154 -> middleware.py:apply_sync:96) from logger `RFC.middleware_content_saver`
[INFO] applied on CivitaiModelDownload(249041_v1.0), sent

2024-02-20 13:34:04,828 <requestor-worker-4:2579769, MainThread:140240668346176> (requestor.py:_fetch_single_sync:154 -> middleware.py:apply_sync:93) from logger `RFC.middleware_content_saver`
[INFO] applying on CivitaiModelDownload(234540_v1.0), received

2024-02-20 13:34:04,837 <requestor-worker-4:2579769, MainThread:140240668346176> (requestor.py:_fetch_single_sync:154 -> middleware.py:apply_sync:96) from logger `RFC.middleware_content_saver`
[INFO] applied on CivitaiModelDownload(234540_v1.0), sent

2024-02-20 13:34:10,203 <requestor-worker-4:2579769, MainThread:140240668346176> (requestor.py:_fetch_single_sync:154 -> middleware.py:apply_sync:93) from logger `RFC.middleware_content_saver`
[INFO] applying on CivitaiModelDownload(160511_v1.0), received

2024-02-20 13:34:10,218 <requestor-worker-4:2579769, MainThread:140240668346176> (requestor.py:_fetch_single_sync:154 -> middleware.py:apply_sync:96) from logger `RFC.middleware_content_saver`
[INFO] applied on CivitaiModelDownload(160511_v1.0), sent

2024-02-20 13:34:54,395 <requestor-worker-4:2579769, MainThread:140240668346176> (requestor.py:_fetch_single_sync:154 -> middleware.py:apply_sync:93) from logger `RFC.middleware_content_saver`
[INFO] applying on CivitaiModelDownload(45301_v1.0), received

2024-02-20 13:35:00,674 <requestor-worker-4:2579769, MainThread:140240668346176> (requestor.py:_fetch_single_sync:154 -> middleware.py:apply_sync:96) from logger `RFC.middleware_content_saver`
[INFO] applied on CivitaiModelDownload(45301_v1.0), sent

2024-02-20 13:35:33,229 <requestor-worker-4:2579769, MainThread:140240668346176> (requestor.py:_fetch_single_sync:154 -> middleware.py:apply_sync:93) from logger `RFC.middleware_content_saver`
[INFO] applying on CivitaiModelDownload(137662_v1.0), received

2024-02-20 13:35:33,243 <requestor-worker-4:2579769, MainThread:140240668346176> (requestor.py:_fetch_single_sync:154 -> middleware.py:apply_sync:96) from logger `RFC.middleware_content_saver`
[INFO] applied on CivitaiModelDownload(137662_v1.0), sent

2024-02-20 13:35:43,745 <requestor-worker-4:2579769, MainThread:140240668346176> (requestor.py:_fetch_single_sync:154 -> middleware.py:apply_sync:93) from logger `RFC.middleware_content_saver`
[INFO] applying on CivitaiModelDownload(264456_v1.0), received

2024-02-20 13:35:43,757 <requestor-worker-4:2579769, MainThread:140240668346176> (requestor.py:_fetch_single_sync:154 -> middleware.py:apply_sync:96) from logger `RFC.middleware_content_saver`
[INFO] applied on CivitaiModelDownload(264456_v1.0), sent

2024-02-20 13:36:00,198 <requestor-worker-4:2579769, MainThread:140240668346176> (requestor.py:_fetch_single_sync:154 -> middleware.py:apply_sync:93) from logger `RFC.middleware_content_saver`
[INFO] applying on CivitaiModelDownload(317509_v2.0), received

2024-02-20 13:36:00,209 <requestor-worker-4:2579769, MainThread:140240668346176> (requestor.py:_fetch_single_sync:154 -> middleware.py:apply_sync:96) from logger `RFC.middleware_content_saver`
[INFO] applied on CivitaiModelDownload(317509_v2.0), sent

2024-02-20 13:37:19,814 <requestor-worker-4:2579769, MainThread:140240668346176> (requestor.py:_fetch_single_sync:154 -> middleware.py:apply_sync:93) from logger `RFC.middleware_content_saver`
[INFO] applying on CivitaiModelDownload(120812_v1.0), received

2024-02-20 13:37:21,273 <requestor-worker-4:2579769, MainThread:140240668346176> (requestor.py:_fetch_single_sync:154 -> middleware.py:apply_sync:96) from logger `RFC.middleware_content_saver`
[INFO] applied on CivitaiModelDownload(120812_v1.0), sent

2024-02-20 13:37:35,323 <requestor-worker-4:2579769, MainThread:140240668346176> (requestor.py:_fetch_single_sync:154 -> middleware.py:apply_sync:93) from logger `RFC.middleware_content_saver`
[INFO] applying on CivitaiModelDownload(64465_v1.0), received

2024-02-20 13:37:35,332 <requestor-worker-4:2579769, MainThread:140240668346176> (requestor.py:_fetch_single_sync:154 -> middleware.py:apply_sync:96) from logger `RFC.middleware_content_saver`
[INFO] applied on CivitaiModelDownload(64465_v1.0), sent

2024-02-20 13:39:23,709 <requestor-worker-4:2579769, MainThread:140240668346176> (requestor.py:_fetch_single_sync:154 -> middleware.py:apply_sync:93) from logger `RFC.middleware_content_saver`
[INFO] applying on CivitaiModelDownload(334075_V3), received

2024-02-20 13:39:23,808 <requestor-worker-4:2579769, MainThread:140240668346176> (requestor.py:_fetch_single_sync:154 -> middleware.py:apply_sync:96) from logger `RFC.middleware_content_saver`
[INFO] applied on CivitaiModelDownload(334075_V3), sent

2024-02-20 13:39:55,348 <requestor-worker-4:2579769, MainThread:140240668346176> (requestor.py:_fetch_single_sync:154 -> middleware.py:apply_sync:93) from logger `RFC.middleware_content_saver`
[INFO] applying on CivitaiModelDownload(128042_v1.0), received

2024-02-20 13:39:55,377 <requestor-worker-4:2579769, MainThread:140240668346176> (requestor.py:_fetch_single_sync:154 -> middleware.py:apply_sync:96) from logger `RFC.middleware_content_saver`
[INFO] applied on CivitaiModelDownload(128042_v1.0), sent

2024-02-20 13:42:33,793 <requestor-worker-4:2579769, MainThread:140240668346176> (requestor.py:_fetch_single_sync:154 -> middleware.py:apply_sync:93) from logger `RFC.middleware_content_saver`
[INFO] applying on CivitaiModelDownload(158918_P6), received

2024-02-20 13:42:33,809 <requestor-worker-4:2579769, MainThread:140240668346176> (requestor.py:_fetch_single_sync:154 -> middleware.py:apply_sync:96) from logger `RFC.middleware_content_saver`
[INFO] applied on CivitaiModelDownload(158918_P6), sent

2024-02-20 13:42:52,800 <requestor-worker-4:2579769, MainThread:140240668346176> (requestor.py:_fetch_single_sync:154 -> middleware.py:apply_sync:93) from logger `RFC.middleware_content_saver`
[INFO] applying on CivitaiModelDownload(182617_v1.0), received

2024-02-20 13:42:52,815 <requestor-worker-4:2579769, MainThread:140240668346176> (requestor.py:_fetch_single_sync:154 -> middleware.py:apply_sync:96) from logger `RFC.middleware_content_saver`
[INFO] applied on CivitaiModelDownload(182617_v1.0), sent

2024-02-20 13:46:36,069 <requestor-worker-4:2579769, MainThread:140240668346176> (requestor.py:_fetch_single_sync:154 -> middleware.py:apply_sync:93) from logger `RFC.middleware_content_saver`
[INFO] applying on CivitaiModelDownload(96165_v1.0), received

2024-02-20 13:46:36,275 <requestor-worker-4:2579769, MainThread:140240668346176> (requestor.py:_fetch_single_sync:154 -> middleware.py:apply_sync:96) from logger `RFC.middleware_content_saver`
[INFO] applied on CivitaiModelDownload(96165_v1.0), sent

2024-02-20 13:46:51,909 <requestor-worker-4:2579769, MainThread:140240668346176> (requestor.py:_fetch_single_sync:154 -> middleware.py:apply_sync:93) from logger `RFC.middleware_content_saver`
[INFO] applying on CivitaiModelDownload(136345_Actionscene-v2-Lora), received

2024-02-20 13:46:53,386 <requestor-worker-4:2579769, MainThread:140240668346176> (requestor.py:_fetch_single_sync:154 -> middleware.py:apply_sync:96) from logger `RFC.middleware_content_saver`
[INFO] applied on CivitaiModelDownload(136345_Actionscene-v2-Lora), sent

2024-02-20 13:47:16,033 <requestor-worker-4:2579769, MainThread:140240668346176> (requestor.py:_fetch_single_sync:154 -> middleware.py:apply_sync:93) from logger `RFC.middleware_content_saver`
[INFO] applying on CivitaiModelDownload(124528_Full), received

2024-02-20 13:47:16,061 <requestor-worker-4:2579769, MainThread:140240668346176> (requestor.py:_fetch_single_sync:154 -> middleware.py:apply_sync:96) from logger `RFC.middleware_content_saver`
[INFO] applied on CivitaiModelDownload(124528_Full), sent

2024-02-20 13:47:39,267 <requestor-worker-4:2579769, MainThread:140240668346176> (requestor.py:_fetch_single_sync:154 -> middleware.py:apply_sync:93) from logger `RFC.middleware_content_saver`
[INFO] applying on CivitaiModelDownload(223253_v1.0), received

2024-02-20 13:47:39,282 <requestor-worker-4:2579769, MainThread:140240668346176> (requestor.py:_fetch_single_sync:154 -> middleware.py:apply_sync:96) from logger `RFC.middleware_content_saver`
[INFO] applied on CivitaiModelDownload(223253_v1.0), sent

2024-02-20 13:47:50,493 <requestor-worker-4:2579769, MainThread:140240668346176> (requestor.py:_fetch_single_sync:154 -> middleware.py:apply_sync:93) from logger `RFC.middleware_content_saver`
[INFO] applying on CivitaiModelDownload(230829_v1.0), received

2024-02-20 13:47:50,508 <requestor-worker-4:2579769, MainThread:140240668346176> (requestor.py:_fetch_single_sync:154 -> middleware.py:apply_sync:96) from logger `RFC.middleware_content_saver`
[INFO] applied on CivitaiModelDownload(230829_v1.0), sent

2024-02-20 13:47:59,405 <requestor-worker-4:2579769, MainThread:140240668346176> (requestor.py:_fetch_single_sync:154 -> middleware.py:apply_sync:93) from logger `RFC.middleware_content_saver`
[INFO] applying on CivitaiModelDownload(230287_v1), received

2024-02-20 13:47:59,419 <requestor-worker-4:2579769, MainThread:140240668346176> (requestor.py:_fetch_single_sync:154 -> middleware.py:apply_sync:96) from logger `RFC.middleware_content_saver`
[INFO] applied on CivitaiModelDownload(230287_v1), sent

2024-02-20 13:48:12,304 <requestor-worker-4:2579769, MainThread:140240668346176> (requestor.py:_fetch_single_sync:154 -> middleware.py:apply_sync:93) from logger `RFC.middleware_content_saver`
[INFO] applying on CivitaiModelDownload(118480_v1), received

2024-02-20 13:48:12,318 <requestor-worker-4:2579769, MainThread:140240668346176> (requestor.py:_fetch_single_sync:154 -> middleware.py:apply_sync:96) from logger `RFC.middleware_content_saver`
[INFO] applied on CivitaiModelDownload(118480_v1), sent

2024-02-20 13:48:22,932 <requestor-worker-4:2579769, MainThread:140240668346176> (requestor.py:_fetch_single_sync:154 -> middleware.py:apply_sync:93) from logger `RFC.middleware_content_saver`
[INFO] applying on CivitaiModelDownload(45359_v1.0), received

2024-02-20 13:48:22,942 <requestor-worker-4:2579769, MainThread:140240668346176> (requestor.py:_fetch_single_sync:154 -> middleware.py:apply_sync:96) from logger `RFC.middleware_content_saver`
[INFO] applied on CivitaiModelDownload(45359_v1.0), sent

2024-02-20 13:48:45,629 <requestor-worker-4:2579769, MainThread:140240668346176> (requestor.py:_fetch_single_sync:154 -> middleware.py:apply_sync:93) from logger `RFC.middleware_content_saver`
[INFO] applying on CivitaiModelDownload(169934_v1), received

2024-02-20 13:48:45,645 <requestor-worker-4:2579769, MainThread:140240668346176> (requestor.py:_fetch_single_sync:154 -> middleware.py:apply_sync:96) from logger `RFC.middleware_content_saver`
[INFO] applied on CivitaiModelDownload(169934_v1), sent

2024-02-20 13:49:22,451 <requestor-worker-4:2579769, MainThread:140240668346176> (requestor.py:_fetch_single_sync:154 -> middleware.py:apply_sync:93) from logger `RFC.middleware_content_saver`
[INFO] applying on CivitaiModelDownload(102081_v1.0), received

2024-02-20 13:49:22,468 <requestor-worker-4:2579769, MainThread:140240668346176> (requestor.py:_fetch_single_sync:154 -> middleware.py:apply_sync:96) from logger `RFC.middleware_content_saver`
[INFO] applied on CivitaiModelDownload(102081_v1.0), sent

2024-02-20 13:50:29,418 <requestor-worker-4:2579769, MainThread:140240668346176> (requestor.py:_fetch_single_sync:154 -> middleware.py:apply_sync:93) from logger `RFC.middleware_content_saver`
[INFO] applying on CivitaiModelDownload(213348_v1.0), received

2024-02-20 13:50:30,432 <requestor-worker-4:2579769, MainThread:140240668346176> (requestor.py:_fetch_single_sync:154 -> middleware.py:apply_sync:96) from logger `RFC.middleware_content_saver`
[INFO] applied on CivitaiModelDownload(213348_v1.0), sent

2024-02-20 13:51:27,917 <requestor-worker-4:2579769, MainThread:140240668346176> (requestor.py:_fetch_single_sync:154 -> middleware.py:apply_sync:93) from logger `RFC.middleware_content_saver`
[INFO] applying on CivitaiModelDownload(149996_v1.0), received

2024-02-20 13:51:32,646 <requestor-worker-4:2579769, MainThread:140240668346176> (requestor.py:_fetch_single_sync:154 -> middleware.py:apply_sync:96) from logger `RFC.middleware_content_saver`
[INFO] applied on CivitaiModelDownload(149996_v1.0), sent

2024-02-20 13:52:27,544 <requestor-worker-4:2579769, MainThread:140240668346176> (requestor.py:_fetch_single_sync:154 -> middleware.py:apply_sync:93) from logger `RFC.middleware_content_saver`
[INFO] applying on CivitaiModelDownload(13524_v1.0), received

2024-02-20 13:52:28,863 <requestor-worker-4:2579769, MainThread:140240668346176> (requestor.py:_fetch_single_sync:154 -> middleware.py:apply_sync:96) from logger `RFC.middleware_content_saver`
[INFO] applied on CivitaiModelDownload(13524_v1.0), sent

2024-02-20 13:54:05,669 <requestor-worker-4:2579769, MainThread:140240668346176> (requestor.py:_fetch_single_sync:154 -> middleware.py:apply_sync:93) from logger `RFC.middleware_content_saver`
[INFO] applying on CivitaiModelDownload(240644_v7.2), received

2024-02-20 13:54:05,722 <requestor-worker-4:2579769, MainThread:140240668346176> (requestor.py:_fetch_single_sync:154 -> middleware.py:apply_sync:96) from logger `RFC.middleware_content_saver`
[INFO] applied on CivitaiModelDownload(240644_v7.2), sent

2024-02-20 13:55:05,339 <requestor-worker-4:2579769, MainThread:140240668346176> (requestor.py:_fetch_single_sync:154 -> middleware.py:apply_sync:93) from logger `RFC.middleware_content_saver`
[INFO] applying on CivitaiModelDownload(277009_v7.3), received

2024-02-20 13:55:05,393 <requestor-worker-4:2579769, MainThread:140240668346176> (requestor.py:_fetch_single_sync:154 -> middleware.py:apply_sync:96) from logger `RFC.middleware_content_saver`
[INFO] applied on CivitaiModelDownload(277009_v7.3), sent

2024-02-20 13:55:45,873 <requestor-worker-4:2579769, MainThread:140240668346176> (requestor.py:_fetch_single_sync:154 -> middleware.py:apply_sync:93) from logger `RFC.middleware_content_saver`
[INFO] applying on CivitaiModelDownload(263529_v7.3), received

2024-02-20 13:55:55,323 <requestor-worker-4:2579769, MainThread:140240668346176> (requestor.py:_fetch_single_sync:154 -> middleware.py:apply_sync:96) from logger `RFC.middleware_content_saver`
[INFO] applied on CivitaiModelDownload(263529_v7.3), sent

2024-02-20 13:57:21,822 <requestor-worker-4:2579769, MainThread:140240668346176> (requestor.py:_fetch_single_sync:154 -> middleware.py:apply_sync:93) from logger `RFC.middleware_content_saver`
[INFO] applying on CivitaiModelDownload(246099_v7), received

2024-02-20 13:57:27,577 <requestor-worker-4:2579769, MainThread:140240668346176> (requestor.py:_fetch_single_sync:154 -> middleware.py:apply_sync:96) from logger `RFC.middleware_content_saver`
[INFO] applied on CivitaiModelDownload(246099_v7), sent

2024-02-20 13:58:13,064 <requestor-worker-4:2579769, MainThread:140240668346176> (requestor.py:_fetch_single_sync:154 -> middleware.py:apply_sync:93) from logger `RFC.middleware_content_saver`
[INFO] applying on CivitaiModelDownload(117235_v1.0), received

2024-02-20 13:58:13,119 <requestor-worker-4:2579769, MainThread:140240668346176> (requestor.py:_fetch_single_sync:154 -> middleware.py:apply_sync:96) from logger `RFC.middleware_content_saver`
[INFO] applied on CivitaiModelDownload(117235_v1.0), sent

2024-02-20 13:58:23,391 <requestor-worker-4:2579769, MainThread:140240668346176> (requestor.py:_fetch_single_sync:154 -> middleware.py:apply_sync:93) from logger `RFC.middleware_content_saver`
[INFO] applying on CivitaiModelDownload(28867_v1.0), received

2024-02-20 13:58:23,408 <requestor-worker-4:2579769, MainThread:140240668346176> (requestor.py:_fetch_single_sync:154 -> middleware.py:apply_sync:96) from logger `RFC.middleware_content_saver`
[INFO] applied on CivitaiModelDownload(28867_v1.0), sent

2024-02-20 13:58:37,856 <requestor-worker-4:2579769, MainThread:140240668346176> (requestor.py:_fetch_single_sync:154 -> middleware.py:apply_sync:93) from logger `RFC.middleware_content_saver`
[INFO] applying on CivitaiModelDownload(101327_v1.0), received

2024-02-20 13:58:37,866 <requestor-worker-4:2579769, MainThread:140240668346176> (requestor.py:_fetch_single_sync:154 -> middleware.py:apply_sync:96) from logger `RFC.middleware_content_saver`
[INFO] applied on CivitaiModelDownload(101327_v1.0), sent

2024-02-20 13:59:36,420 <requestor-worker-4:2579769, MainThread:140240668346176> (requestor.py:_fetch_single_sync:154 -> middleware.py:apply_sync:93) from logger `RFC.middleware_content_saver`
[INFO] applying on CivitaiModelDownload(118242_v1.0), received

2024-02-20 13:59:39,642 <requestor-worker-4:2579769, MainThread:140240668346176> (requestor.py:_fetch_single_sync:154 -> middleware.py:apply_sync:96) from logger `RFC.middleware_content_saver`
[INFO] applied on CivitaiModelDownload(118242_v1.0), sent

2024-02-20 14:00:22,247 <requestor-worker-4:2579769, MainThread:140240668346176> (requestor.py:_fetch_single_sync:154 -> middleware.py:apply_sync:93) from logger `RFC.middleware_content_saver`
[INFO] applying on CivitaiModelDownload(78908_v1.0), received

2024-02-20 14:00:22,261 <requestor-worker-4:2579769, MainThread:140240668346176> (requestor.py:_fetch_single_sync:154 -> middleware.py:apply_sync:96) from logger `RFC.middleware_content_saver`
[INFO] applied on CivitaiModelDownload(78908_v1.0), sent

2024-02-20 14:00:39,521 <requestor-worker-4:2579769, MainThread:140240668346176> (requestor.py:_fetch_single_sync:154 -> middleware.py:apply_sync:93) from logger `RFC.middleware_content_saver`
[INFO] applying on CivitaiModelDownload(87019_v1.0), received

2024-02-20 14:00:39,536 <requestor-worker-4:2579769, MainThread:140240668346176> (requestor.py:_fetch_single_sync:154 -> middleware.py:apply_sync:96) from logger `RFC.middleware_content_saver`
[INFO] applied on CivitaiModelDownload(87019_v1.0), sent

2024-02-20 14:00:53,190 <requestor-worker-4:2579769, MainThread:140240668346176> (requestor.py:_fetch_single_sync:154 -> middleware.py:apply_sync:93) from logger `RFC.middleware_content_saver`
[INFO] applying on CivitaiModelDownload(148702_v2.0), received

2024-02-20 14:00:53,238 <requestor-worker-4:2579769, MainThread:140240668346176> (requestor.py:_fetch_single_sync:154 -> middleware.py:apply_sync:96) from logger `RFC.middleware_content_saver`
[INFO] applied on CivitaiModelDownload(148702_v2.0), sent

2024-02-20 14:01:04,392 <requestor-worker-4:2579769, MainThread:140240668346176> (requestor.py:_fetch_single_sync:154 -> middleware.py:apply_sync:93) from logger `RFC.middleware_content_saver`
[INFO] applying on CivitaiModelDownload(127697_v3.0), received

2024-02-20 14:01:04,407 <requestor-worker-4:2579769, MainThread:140240668346176> (requestor.py:_fetch_single_sync:154 -> middleware.py:apply_sync:96) from logger `RFC.middleware_content_saver`
[INFO] applied on CivitaiModelDownload(127697_v3.0), sent

2024-02-20 14:01:18,585 <requestor-worker-4:2579769, MainThread:140240668346176> (requestor.py:_fetch_single_sync:154 -> middleware.py:apply_sync:93) from logger `RFC.middleware_content_saver`
[INFO] applying on CivitaiModelDownload(64793_v1.0), received

2024-02-20 14:01:18,608 <requestor-worker-4:2579769, MainThread:140240668346176> (requestor.py:_fetch_single_sync:154 -> middleware.py:apply_sync:96) from logger `RFC.middleware_content_saver`
[INFO] applied on CivitaiModelDownload(64793_v1.0), sent

2024-02-20 14:01:39,100 <requestor-worker-4:2579769, MainThread:140240668346176> (requestor.py:_fetch_single_sync:154 -> middleware.py:apply_sync:93) from logger `RFC.middleware_content_saver`
[INFO] applying on CivitaiModelDownload(74989_v1.0), received

2024-02-20 14:01:39,114 <requestor-worker-4:2579769, MainThread:140240668346176> (requestor.py:_fetch_single_sync:154 -> middleware.py:apply_sync:96) from logger `RFC.middleware_content_saver`
[INFO] applied on CivitaiModelDownload(74989_v1.0), sent

2024-02-20 14:02:02,884 <requestor-worker-4:2579769, MainThread:140240668346176> (requestor.py:_fetch_single_sync:154 -> middleware.py:apply_sync:93) from logger `RFC.middleware_content_saver`
[INFO] applying on CivitaiModelDownload(122785_v2.0), received

2024-02-20 14:02:02,902 <requestor-worker-4:2579769, MainThread:140240668346176> (requestor.py:_fetch_single_sync:154 -> middleware.py:apply_sync:96) from logger `RFC.middleware_content_saver`
[INFO] applied on CivitaiModelDownload(122785_v2.0), sent

2024-02-20 14:02:18,679 <requestor-worker-4:2579769, MainThread:140240668346176> (requestor.py:_fetch_single_sync:154 -> middleware.py:apply_sync:93) from logger `RFC.middleware_content_saver`
[INFO] applying on CivitaiModelDownload(80746_v1.0), received

2024-02-20 14:02:18,694 <requestor-worker-4:2579769, MainThread:140240668346176> (requestor.py:_fetch_single_sync:154 -> middleware.py:apply_sync:96) from logger `RFC.middleware_content_saver`
[INFO] applied on CivitaiModelDownload(80746_v1.0), sent

2024-02-20 14:02:36,219 <requestor-worker-4:2579769, MainThread:140240668346176> (requestor.py:_fetch_single_sync:154 -> middleware.py:apply_sync:93) from logger `RFC.middleware_content_saver`
[INFO] applying on CivitaiModelDownload(65354_v1.0), received

2024-02-20 14:02:36,232 <requestor-worker-4:2579769, MainThread:140240668346176> (requestor.py:_fetch_single_sync:154 -> middleware.py:apply_sync:96) from logger `RFC.middleware_content_saver`
[INFO] applied on CivitaiModelDownload(65354_v1.0), sent

2024-02-20 14:02:45,644 <requestor-worker-4:2579769, MainThread:140240668346176> (requestor.py:_fetch_single_sync:154 -> middleware.py:apply_sync:93) from logger `RFC.middleware_content_saver`
[INFO] applying on CivitaiModelDownload(68042_v1.0), received

2024-02-20 14:02:45,659 <requestor-worker-4:2579769, MainThread:140240668346176> (requestor.py:_fetch_single_sync:154 -> middleware.py:apply_sync:96) from logger `RFC.middleware_content_saver`
[INFO] applied on CivitaiModelDownload(68042_v1.0), sent

2024-02-20 14:02:55,263 <requestor-worker-4:2579769, MainThread:140240668346176> (requestor.py:_fetch_single_sync:154 -> middleware.py:apply_sync:93) from logger `RFC.middleware_content_saver`
[INFO] applying on CivitaiModelDownload(64199_v1.0), received

2024-02-20 14:02:55,278 <requestor-worker-4:2579769, MainThread:140240668346176> (requestor.py:_fetch_single_sync:154 -> middleware.py:apply_sync:96) from logger `RFC.middleware_content_saver`
[INFO] applied on CivitaiModelDownload(64199_v1.0), sent

2024-02-20 14:03:08,448 <requestor-worker-4:2579769, MainThread:140240668346176> (requestor.py:_fetch_single_sync:154 -> middleware.py:apply_sync:93) from logger `RFC.middleware_content_saver`
[INFO] applying on CivitaiModelDownload(165345_v2.0), received

2024-02-20 14:03:08,462 <requestor-worker-4:2579769, MainThread:140240668346176> (requestor.py:_fetch_single_sync:154 -> middleware.py:apply_sync:96) from logger `RFC.middleware_content_saver`
[INFO] applied on CivitaiModelDownload(165345_v2.0), sent

2024-02-20 14:03:39,647 <requestor-worker-4:2579769, MainThread:140240668346176> (requestor.py:_fetch_single_sync:154 -> middleware.py:apply_sync:93) from logger `RFC.middleware_content_saver`
[INFO] applying on CivitaiModelDownload(91445_v2.0), received

2024-02-20 14:03:39,660 <requestor-worker-4:2579769, MainThread:140240668346176> (requestor.py:_fetch_single_sync:154 -> middleware.py:apply_sync:96) from logger `RFC.middleware_content_saver`
[INFO] applied on CivitaiModelDownload(91445_v2.0), sent

2024-02-20 14:03:51,079 <requestor-worker-4:2579769, MainThread:140240668346176> (requestor.py:_fetch_single_sync:154 -> middleware.py:apply_sync:93) from logger `RFC.middleware_content_saver`
[INFO] applying on CivitaiModelDownload(94941_v3.0), received

2024-02-20 14:03:51,092 <requestor-worker-4:2579769, MainThread:140240668346176> (requestor.py:_fetch_single_sync:154 -> middleware.py:apply_sync:96) from logger `RFC.middleware_content_saver`
[INFO] applied on CivitaiModelDownload(94941_v3.0), sent

2024-02-20 14:04:02,917 <requestor-worker-4:2579769, MainThread:140240668346176> (requestor.py:_fetch_single_sync:154 -> middleware.py:apply_sync:93) from logger `RFC.middleware_content_saver`
[INFO] applying on CivitaiModelDownload(65342_v1.0), received

2024-02-20 14:04:02,931 <requestor-worker-4:2579769, MainThread:140240668346176> (requestor.py:_fetch_single_sync:154 -> middleware.py:apply_sync:96) from logger `RFC.middleware_content_saver`
[INFO] applied on CivitaiModelDownload(65342_v1.0), sent

2024-02-20 14:04:17,744 <requestor-worker-4:2579769, MainThread:140240668346176> (requestor.py:_fetch_single_sync:154 -> middleware.py:apply_sync:93) from logger `RFC.middleware_content_saver`
[INFO] applying on CivitaiModelDownload(95845_v1.0), received

2024-02-20 14:04:17,758 <requestor-worker-4:2579769, MainThread:140240668346176> (requestor.py:_fetch_single_sync:154 -> middleware.py:apply_sync:96) from logger `RFC.middleware_content_saver`
[INFO] applied on CivitaiModelDownload(95845_v1.0), sent

2024-02-20 14:04:48,027 <requestor-worker-4:2579769, MainThread:140240668346176> (requestor.py:_fetch_single_sync:154 -> middleware.py:apply_sync:93) from logger `RFC.middleware_content_saver`
[INFO] applying on CivitaiModelDownload(71996_v1.0), received

2024-02-20 14:04:48,053 <requestor-worker-4:2579769, MainThread:140240668346176> (requestor.py:_fetch_single_sync:154 -> middleware.py:apply_sync:96) from logger `RFC.middleware_content_saver`
[INFO] applied on CivitaiModelDownload(71996_v1.0), sent

2024-02-20 14:05:32,397 <requestor-worker-4:2579769, MainThread:140240668346176> (requestor.py:_fetch_single_sync:154 -> middleware.py:apply_sync:93) from logger `RFC.middleware_content_saver`
[INFO] applying on CivitaiModelDownload(276717_v1.0), received

2024-02-20 14:05:33,390 <requestor-worker-4:2579769, MainThread:140240668346176> (requestor.py:_fetch_single_sync:154 -> middleware.py:apply_sync:96) from logger `RFC.middleware_content_saver`
[INFO] applied on CivitaiModelDownload(276717_v1.0), sent

2024-02-20 14:06:42,207 <requestor-worker-4:2579769, MainThread:140240668346176> (requestor.py:_fetch_single_sync:154 -> middleware.py:apply_sync:93) from logger `RFC.middleware_content_saver`
[INFO] applying on CivitaiModelDownload(100628_v1.0), received

2024-02-20 14:06:42,234 <requestor-worker-4:2579769, MainThread:140240668346176> (requestor.py:_fetch_single_sync:154 -> middleware.py:apply_sync:96) from logger `RFC.middleware_content_saver`
[INFO] applied on CivitaiModelDownload(100628_v1.0), sent

2024-02-20 14:07:19,778 <requestor-worker-4:2579769, MainThread:140240668346176> (requestor.py:_fetch_single_sync:154 -> middleware.py:apply_sync:93) from logger `RFC.middleware_content_saver`
[INFO] applying on CivitaiModelDownload(141119_v1.0), received

2024-02-20 14:07:20,013 <requestor-worker-4:2579769, MainThread:140240668346176> (requestor.py:_fetch_single_sync:154 -> middleware.py:apply_sync:96) from logger `RFC.middleware_content_saver`
[INFO] applied on CivitaiModelDownload(141119_v1.0), sent

2024-02-20 14:07:27,468 <requestor-worker-4:2579769, MainThread:140240668346176> (requestor.py:_fetch_single_sync:154 -> middleware.py:apply_sync:93) from logger `RFC.middleware_content_saver`
[INFO] applying on CivitaiModelDownload(217140_v1.0), received

2024-02-20 14:07:27,470 <requestor-worker-4:2579769, MainThread:140240668346176> (requestor.py:_fetch_single_sync:154 -> middleware.py:apply_sync:96) from logger `RFC.middleware_content_saver`
[INFO] applied on CivitaiModelDownload(217140_v1.0), sent

2024-02-20 14:07:43,438 <requestor-worker-4:2579769, MainThread:140240668346176> (requestor.py:_fetch_single_sync:154 -> middleware.py:apply_sync:93) from logger `RFC.middleware_content_saver`
[INFO] applying on CivitaiModelDownload(222319_v1.0), received

2024-02-20 14:07:43,448 <requestor-worker-4:2579769, MainThread:140240668346176> (requestor.py:_fetch_single_sync:154 -> middleware.py:apply_sync:96) from logger `RFC.middleware_content_saver`
[INFO] applied on CivitaiModelDownload(222319_v1.0), sent

2024-02-20 14:08:44,568 <requestor-worker-4:2579769, MainThread:140240668346176> (requestor.py:_fetch_single_sync:154 -> middleware.py:apply_sync:93) from logger `RFC.middleware_content_saver`
[INFO] applying on CivitaiModelDownload(262374_v1.1), received

2024-02-20 14:08:44,595 <requestor-worker-4:2579769, MainThread:140240668346176> (requestor.py:_fetch_single_sync:154 -> middleware.py:apply_sync:96) from logger `RFC.middleware_content_saver`
[INFO] applied on CivitaiModelDownload(262374_v1.1), sent

2024-02-20 14:11:22,814 <requestor-worker-4:2579769, MainThread:140240668346176> (requestor.py:_fetch_single_sync:154 -> middleware.py:apply_sync:93) from logger `RFC.middleware_content_saver`
[INFO] applying on CivitaiModelDownload(176485_v1.0), received

2024-02-20 14:11:27,886 <requestor-worker-4:2579769, MainThread:140240668346176> (requestor.py:_fetch_single_sync:154 -> middleware.py:apply_sync:96) from logger `RFC.middleware_content_saver`
[INFO] applied on CivitaiModelDownload(176485_v1.0), sent

2024-02-20 14:12:05,446 <requestor-worker-4:2579769, MainThread:140240668346176> (requestor.py:_fetch_single_sync:154 -> middleware.py:apply_sync:93) from logger `RFC.middleware_content_saver`
[INFO] applying on CivitaiModelDownload(80603_v1.0), received

2024-02-20 14:12:05,463 <requestor-worker-4:2579769, MainThread:140240668346176> (requestor.py:_fetch_single_sync:154 -> middleware.py:apply_sync:96) from logger `RFC.middleware_content_saver`
[INFO] applied on CivitaiModelDownload(80603_v1.0), sent

2024-02-20 14:12:46,641 <requestor-worker-4:2579769, MainThread:140240668346176> (requestor.py:_fetch_single_sync:154 -> middleware.py:apply_sync:93) from logger `RFC.middleware_content_saver`
[INFO] applying on CivitaiModelDownload(97140_v1.0), received

2024-02-20 14:12:46,682 <requestor-worker-4:2579769, MainThread:140240668346176> (requestor.py:_fetch_single_sync:154 -> middleware.py:apply_sync:96) from logger `RFC.middleware_content_saver`
[INFO] applied on CivitaiModelDownload(97140_v1.0), sent

2024-02-20 14:13:05,936 <requestor-worker-4:2579769, MainThread:140240668346176> (requestor.py:_fetch_single_sync:154 -> middleware.py:apply_sync:93) from logger `RFC.middleware_content_saver`
[INFO] applying on CivitaiModelDownload(100818_v1.1), received

2024-02-20 14:13:05,952 <requestor-worker-4:2579769, MainThread:140240668346176> (requestor.py:_fetch_single_sync:154 -> middleware.py:apply_sync:96) from logger `RFC.middleware_content_saver`
[INFO] applied on CivitaiModelDownload(100818_v1.1), sent

2024-02-20 14:14:08,460 <requestor-worker-4:2579769, MainThread:140240668346176> (requestor.py:_fetch_single_sync:154 -> middleware.py:apply_sync:93) from logger `RFC.middleware_content_saver`
[INFO] applying on CivitaiModelDownload(43964_v1.0), received

2024-02-20 14:14:11,099 <requestor-worker-4:2579769, MainThread:140240668346176> (requestor.py:_fetch_single_sync:154 -> middleware.py:apply_sync:96) from logger `RFC.middleware_content_saver`
[INFO] applied on CivitaiModelDownload(43964_v1.0), sent

2024-02-20 14:14:56,432 <requestor-worker-4:2579769, MainThread:140240668346176> (requestor.py:_fetch_single_sync:154 -> middleware.py:apply_sync:93) from logger `RFC.middleware_content_saver`
[INFO] applying on CivitaiModelDownload(46134_v1.0), received

2024-02-20 14:14:56,484 <requestor-worker-4:2579769, MainThread:140240668346176> (requestor.py:_fetch_single_sync:154 -> middleware.py:apply_sync:96) from logger `RFC.middleware_content_saver`
[INFO] applied on CivitaiModelDownload(46134_v1.0), sent

2024-02-20 14:15:14,013 <requestor-worker-4:2579769, MainThread:140240668346176> (requestor.py:_fetch_single_sync:154 -> middleware.py:apply_sync:93) from logger `RFC.middleware_content_saver`
[INFO] applying on CivitaiModelDownload(74679_v1.0), received

2024-02-20 14:15:14,029 <requestor-worker-4:2579769, MainThread:140240668346176> (requestor.py:_fetch_single_sync:154 -> middleware.py:apply_sync:96) from logger `RFC.middleware_content_saver`
[INFO] applied on CivitaiModelDownload(74679_v1.0), sent

2024-02-20 14:15:29,080 <requestor-worker-4:2579769, MainThread:140240668346176> (requestor.py:_fetch_single_sync:154 -> middleware.py:apply_sync:93) from logger `RFC.middleware_content_saver`
[INFO] applying on CivitaiModelDownload(254577_v1.0), received

2024-02-20 14:15:29,978 <requestor-worker-4:2579769, MainThread:140240668346176> (requestor.py:_fetch_single_sync:154 -> middleware.py:apply_sync:96) from logger `RFC.middleware_content_saver`
[INFO] applied on CivitaiModelDownload(254577_v1.0), sent

2024-02-20 14:15:48,625 <requestor-worker-4:2579769, MainThread:140240668346176> (requestor.py:_fetch_single_sync:154 -> middleware.py:apply_sync:93) from logger `RFC.middleware_content_saver`
[INFO] applying on CivitaiModelDownload(131987_v1.0), received

2024-02-20 14:15:48,647 <requestor-worker-4:2579769, MainThread:140240668346176> (requestor.py:_fetch_single_sync:154 -> middleware.py:apply_sync:96) from logger `RFC.middleware_content_saver`
[INFO] applied on CivitaiModelDownload(131987_v1.0), sent

2024-02-20 14:15:57,856 <requestor-worker-4:2579769, MainThread:140240668346176> (requestor.py:_fetch_single_sync:154 -> middleware.py:apply_sync:93) from logger `RFC.middleware_content_saver`
[INFO] applying on CivitaiModelDownload(77799_[9MB]), received

2024-02-20 14:15:57,862 <requestor-worker-4:2579769, MainThread:140240668346176> (requestor.py:_fetch_single_sync:154 -> middleware.py:apply_sync:96) from logger `RFC.middleware_content_saver`
[INFO] applied on CivitaiModelDownload(77799_[9MB]), sent

2024-02-20 14:16:15,537 <requestor-worker-4:2579769, MainThread:140240668346176> (requestor.py:_fetch_single_sync:154 -> middleware.py:apply_sync:93) from logger `RFC.middleware_content_saver`
[INFO] applying on CivitaiModelDownload(80432_v1.0), received

2024-02-20 14:16:15,552 <requestor-worker-4:2579769, MainThread:140240668346176> (requestor.py:_fetch_single_sync:154 -> middleware.py:apply_sync:96) from logger `RFC.middleware_content_saver`
[INFO] applied on CivitaiModelDownload(80432_v1.0), sent

2024-02-20 14:16:26,450 <requestor-worker-4:2579769, MainThread:140240668346176> (requestor.py:_fetch_single_sync:154 -> middleware.py:apply_sync:93) from logger `RFC.middleware_content_saver`
[INFO] applying on CivitaiModelDownload(141997_v1.0), received

2024-02-20 14:16:26,457 <requestor-worker-4:2579769, MainThread:140240668346176> (requestor.py:_fetch_single_sync:154 -> middleware.py:apply_sync:96) from logger `RFC.middleware_content_saver`
[INFO] applied on CivitaiModelDownload(141997_v1.0), sent

2024-02-20 14:16:52,885 <requestor-worker-4:2579769, MainThread:140240668346176> (requestor.py:_fetch_single_sync:154 -> middleware.py:apply_sync:93) from logger `RFC.middleware_content_saver`
[INFO] applying on CivitaiModelDownload(157542_v1.0), received

2024-02-20 14:16:53,401 <requestor-worker-4:2579769, MainThread:140240668346176> (requestor.py:_fetch_single_sync:154 -> middleware.py:apply_sync:96) from logger `RFC.middleware_content_saver`
[INFO] applied on CivitaiModelDownload(157542_v1.0), sent

2024-02-20 14:17:23,212 <requestor-worker-4:2579769, MainThread:140240668346176> (requestor.py:_fetch_single_sync:154 -> middleware.py:apply_sync:93) from logger `RFC.middleware_content_saver`
[INFO] applying on CivitaiModelDownload(269498_v1), received

2024-02-20 14:17:24,559 <requestor-worker-4:2579769, MainThread:140240668346176> (requestor.py:_fetch_single_sync:154 -> middleware.py:apply_sync:96) from logger `RFC.middleware_content_saver`
[INFO] applied on CivitaiModelDownload(269498_v1), sent

2024-02-20 14:18:55,013 <requestor-worker-4:2579769, MainThread:140240668346176> (requestor.py:_fetch_single_sync:154 -> middleware.py:apply_sync:93) from logger `RFC.middleware_content_saver`
[INFO] applying on CivitaiModelDownload(64842_v1.0), received

2024-02-20 14:18:55,064 <requestor-worker-4:2579769, MainThread:140240668346176> (requestor.py:_fetch_single_sync:154 -> middleware.py:apply_sync:96) from logger `RFC.middleware_content_saver`
[INFO] applied on CivitaiModelDownload(64842_v1.0), sent

2024-02-20 14:19:10,029 <requestor-worker-4:2579769, MainThread:140240668346176> (requestor.py:_fetch_single_sync:154 -> middleware.py:apply_sync:93) from logger `RFC.middleware_content_saver`
[INFO] applying on CivitaiModelDownload(147329_v1.0), received

2024-02-20 14:19:10,043 <requestor-worker-4:2579769, MainThread:140240668346176> (requestor.py:_fetch_single_sync:154 -> middleware.py:apply_sync:96) from logger `RFC.middleware_content_saver`
[INFO] applied on CivitaiModelDownload(147329_v1.0), sent

2024-02-20 14:19:36,188 <requestor-worker-4:2579769, MainThread:140240668346176> (requestor.py:_fetch_single_sync:154 -> middleware.py:apply_sync:93) from logger `RFC.middleware_content_saver`
[INFO] applying on CivitaiModelDownload(129075_v1.0), received

2024-02-20 14:19:36,663 <requestor-worker-4:2579769, MainThread:140240668346176> (requestor.py:_fetch_single_sync:154 -> middleware.py:apply_sync:96) from logger `RFC.middleware_content_saver`
[INFO] applied on CivitaiModelDownload(129075_v1.0), sent

2024-02-20 14:20:02,372 <requestor-worker-4:2579769, MainThread:140240668346176> (requestor.py:_fetch_single_sync:154 -> middleware.py:apply_sync:93) from logger `RFC.middleware_content_saver`
[INFO] applying on CivitaiModelDownload(225609_v1.0), received

2024-02-20 14:20:02,401 <requestor-worker-4:2579769, MainThread:140240668346176> (requestor.py:_fetch_single_sync:154 -> middleware.py:apply_sync:96) from logger `RFC.middleware_content_saver`
[INFO] applied on CivitaiModelDownload(225609_v1.0), sent

2024-02-20 14:20:11,861 <requestor-worker-4:2579769, MainThread:140240668346176> (requestor.py:_fetch_single_sync:154 -> middleware.py:apply_sync:93) from logger `RFC.middleware_content_saver`
[INFO] applying on CivitaiModelDownload(184039_v5.0Final), received

2024-02-20 14:20:11,867 <requestor-worker-4:2579769, MainThread:140240668346176> (requestor.py:_fetch_single_sync:154 -> middleware.py:apply_sync:96) from logger `RFC.middleware_content_saver`
[INFO] applied on CivitaiModelDownload(184039_v5.0Final), sent

2024-02-20 14:21:12,319 <requestor-worker-4:2579769, MainThread:140240668346176> (requestor.py:_fetch_single_sync:154 -> middleware.py:apply_sync:93) from logger `RFC.middleware_content_saver`
[INFO] applying on CivitaiModelDownload(145255_v1.0), received

2024-02-20 14:21:14,169 <requestor-worker-4:2579769, MainThread:140240668346176> (requestor.py:_fetch_single_sync:154 -> middleware.py:apply_sync:96) from logger `RFC.middleware_content_saver`
[INFO] applied on CivitaiModelDownload(145255_v1.0), sent

2024-02-20 14:22:20,665 <requestor-worker-4:2579769, MainThread:140240668346176> (requestor.py:_fetch_single_sync:154 -> middleware.py:apply_sync:93) from logger `RFC.middleware_content_saver`
[INFO] applying on CivitaiModelDownload(63688_v1.0), received

2024-02-20 14:22:20,714 <requestor-worker-4:2579769, MainThread:140240668346176> (requestor.py:_fetch_single_sync:154 -> middleware.py:apply_sync:96) from logger `RFC.middleware_content_saver`
[INFO] applied on CivitaiModelDownload(63688_v1.0), sent

2024-02-20 14:23:07,972 <requestor-worker-4:2579769, MainThread:140240668346176> (requestor.py:_fetch_single_sync:154 -> middleware.py:apply_sync:93) from logger `RFC.middleware_content_saver`
[INFO] applying on CivitaiModelDownload(126656_v1.0), received

2024-02-20 14:23:07,986 <requestor-worker-4:2579769, MainThread:140240668346176> (requestor.py:_fetch_single_sync:154 -> middleware.py:apply_sync:96) from logger `RFC.middleware_content_saver`
[INFO] applied on CivitaiModelDownload(126656_v1.0), sent

2024-02-20 14:23:27,159 <requestor-worker-4:2579769, MainThread:140240668346176> (requestor.py:_fetch_single_sync:154 -> middleware.py:apply_sync:93) from logger `RFC.middleware_content_saver`
[INFO] applying on CivitaiModelDownload(87693_v2), received

2024-02-20 14:23:27,174 <requestor-worker-4:2579769, MainThread:140240668346176> (requestor.py:_fetch_single_sync:154 -> middleware.py:apply_sync:96) from logger `RFC.middleware_content_saver`
[INFO] applied on CivitaiModelDownload(87693_v2), sent

2024-02-20 14:24:44,415 <requestor-worker-4:2579769, MainThread:140240668346176> (requestor.py:_fetch_single_sync:154 -> middleware.py:apply_sync:93) from logger `RFC.middleware_content_saver`
[INFO] applying on CivitaiModelDownload(43262_v1.0), received

2024-02-20 14:24:46,279 <requestor-worker-4:2579769, MainThread:140240668346176> (requestor.py:_fetch_single_sync:154 -> middleware.py:apply_sync:96) from logger `RFC.middleware_content_saver`
[INFO] applied on CivitaiModelDownload(43262_v1.0), sent

2024-02-20 14:25:03,672 <requestor-worker-4:2579769, MainThread:140240668346176> (requestor.py:_fetch_single_sync:154 -> middleware.py:apply_sync:93) from logger `RFC.middleware_content_saver`
[INFO] applying on CivitaiModelDownload(33963_泥岩Mudrock), received

2024-02-20 14:25:03,686 <requestor-worker-4:2579769, MainThread:140240668346176> (requestor.py:_fetch_single_sync:154 -> middleware.py:apply_sync:96) from logger `RFC.middleware_content_saver`
[INFO] applied on CivitaiModelDownload(33963_泥岩Mudrock), sent

2024-02-20 14:26:35,449 <requestor-worker-4:2579769, MainThread:140240668346176> (requestor.py:_fetch_single_sync:154 -> middleware.py:apply_sync:93) from logger `RFC.middleware_content_saver`
[INFO] applying on CivitaiModelDownload(182966_v1.0), received

2024-02-20 14:26:36,155 <requestor-worker-4:2579769, MainThread:140240668346176> (requestor.py:_fetch_single_sync:154 -> middleware.py:apply_sync:96) from logger `RFC.middleware_content_saver`
[INFO] applied on CivitaiModelDownload(182966_v1.0), sent

2024-02-20 14:27:42,820 <requestor-worker-4:2579769, MainThread:140240668346176> (requestor.py:_fetch_single_sync:154 -> middleware.py:apply_sync:93) from logger `RFC.middleware_content_saver`
[INFO] applying on CivitaiModelDownload(141179_v2.0), received

2024-02-20 14:27:44,533 <requestor-worker-4:2579769, MainThread:140240668346176> (requestor.py:_fetch_single_sync:154 -> middleware.py:apply_sync:96) from logger `RFC.middleware_content_saver`
[INFO] applied on CivitaiModelDownload(141179_v2.0), sent

2024-02-20 14:28:12,233 <requestor-worker-4:2579769, MainThread:140240668346176> (requestor.py:_fetch_single_sync:154 -> middleware.py:apply_sync:93) from logger `RFC.middleware_content_saver`
[INFO] applying on CivitaiModelDownload(47009_v1.0), received

2024-02-20 14:28:12,259 <requestor-worker-4:2579769, MainThread:140240668346176> (requestor.py:_fetch_single_sync:154 -> middleware.py:apply_sync:96) from logger `RFC.middleware_content_saver`
[INFO] applied on CivitaiModelDownload(47009_v1.0), sent

2024-02-20 14:28:41,497 <requestor-worker-4:2579769, MainThread:140240668346176> (requestor.py:_fetch_single_sync:154 -> middleware.py:apply_sync:93) from logger `RFC.middleware_content_saver`
[INFO] applying on CivitaiModelDownload(25352_v2.0(outdated)), received

2024-02-20 14:28:41,512 <requestor-worker-4:2579769, MainThread:140240668346176> (requestor.py:_fetch_single_sync:154 -> middleware.py:apply_sync:96) from logger `RFC.middleware_content_saver`
[INFO] applied on CivitaiModelDownload(25352_v2.0(outdated)), sent

2024-02-20 14:29:12,006 <requestor-worker-4:2579769, MainThread:140240668346176> (requestor.py:_fetch_single_sync:154 -> middleware.py:apply_sync:93) from logger `RFC.middleware_content_saver`
[INFO] applying on CivitaiModelDownload(26053_v1.0-14ep), received

2024-02-20 14:29:12,021 <requestor-worker-4:2579769, MainThread:140240668346176> (requestor.py:_fetch_single_sync:154 -> middleware.py:apply_sync:96) from logger `RFC.middleware_content_saver`
[INFO] applied on CivitaiModelDownload(26053_v1.0-14ep), sent

2024-02-20 14:29:38,284 <requestor-worker-4:2579769, MainThread:140240668346176> (requestor.py:_fetch_single_sync:154 -> middleware.py:apply_sync:93) from logger `RFC.middleware_content_saver`
[INFO] applying on CivitaiModelDownload(21963_v1.0), received

2024-02-20 14:29:38,299 <requestor-worker-4:2579769, MainThread:140240668346176> (requestor.py:_fetch_single_sync:154 -> middleware.py:apply_sync:96) from logger `RFC.middleware_content_saver`
[INFO] applied on CivitaiModelDownload(21963_v1.0), sent

2024-02-20 14:30:00,034 <requestor-worker-4:2579769, MainThread:140240668346176> (requestor.py:_fetch_single_sync:154 -> middleware.py:apply_sync:93) from logger `RFC.middleware_content_saver`
[INFO] applying on CivitaiModelDownload(31761_gertrude:v.1), received

2024-02-20 14:30:00,064 <requestor-worker-4:2579769, MainThread:140240668346176> (requestor.py:_fetch_single_sync:154 -> middleware.py:apply_sync:96) from logger `RFC.middleware_content_saver`
[INFO] applied on CivitaiModelDownload(31761_gertrude:v.1), sent

2024-02-20 14:30:08,330 <requestor-worker-4:2579769, MainThread:140240668346176> (requestor.py:_fetch_single_sync:154 -> middleware.py:apply_sync:93) from logger `RFC.middleware_content_saver`
[INFO] applying on CivitaiModelDownload(174308_Gertrude_v2.0), received

2024-02-20 14:30:08,339 <requestor-worker-4:2579769, MainThread:140240668346176> (requestor.py:_fetch_single_sync:154 -> middleware.py:apply_sync:96) from logger `RFC.middleware_content_saver`
[INFO] applied on CivitaiModelDownload(174308_Gertrude_v2.0), sent

2024-02-20 14:31:23,700 <requestor-worker-4:2579769, MainThread:140240668346176> (requestor.py:_fetch_single_sync:154 -> middleware.py:apply_sync:93) from logger `RFC.middleware_content_saver`
[INFO] applying on CivitaiModelDownload(110612_DURIN_v1.0), received

2024-02-20 14:31:23,740 <requestor-worker-4:2579769, MainThread:140240668346176> (requestor.py:_fetch_single_sync:154 -> middleware.py:apply_sync:96) from logger `RFC.middleware_content_saver`
[INFO] applied on CivitaiModelDownload(110612_DURIN_v1.0), sent

2024-02-20 14:31:42,666 <requestor-worker-4:2579769, MainThread:140240668346176> (requestor.py:_fetch_single_sync:154 -> middleware.py:apply_sync:93) from logger `RFC.middleware_content_saver`
[INFO] applying on CivitaiModelDownload(174406_Arknights_Alina_v1.5), received

2024-02-20 14:31:42,676 <requestor-worker-4:2579769, MainThread:140240668346176> (requestor.py:_fetch_single_sync:154 -> middleware.py:apply_sync:96) from logger `RFC.middleware_content_saver`
[INFO] applied on CivitaiModelDownload(174406_Arknights_Alina_v1.5), sent

2024-02-20 14:32:52,605 <requestor-worker-4:2579769, MainThread:140240668346176> (requestor.py:_fetch_single_sync:154 -> middleware.py:apply_sync:93) from logger `RFC.middleware_content_saver`
[INFO] applying on CivitaiModelDownload(25309_sorav1), received

2024-02-20 14:32:52,657 <requestor-worker-4:2579769, MainThread:140240668346176> (requestor.py:_fetch_single_sync:154 -> middleware.py:apply_sync:96) from logger `RFC.middleware_content_saver`
[INFO] applied on CivitaiModelDownload(25309_sorav1), sent

2024-02-20 14:33:04,985 <requestor-worker-4:2579769, MainThread:140240668346176> (requestor.py:_fetch_single_sync:154 -> middleware.py:apply_sync:93) from logger `RFC.middleware_content_saver`
[INFO] applying on CivitaiModelDownload(95498_v1.0-pynoise), received

2024-02-20 14:33:05,000 <requestor-worker-4:2579769, MainThread:140240668346176> (requestor.py:_fetch_single_sync:154 -> middleware.py:apply_sync:96) from logger `RFC.middleware_content_saver`
[INFO] applied on CivitaiModelDownload(95498_v1.0-pynoise), sent

2024-02-20 14:33:31,340 <requestor-worker-4:2579769, MainThread:140240668346176> (requestor.py:_fetch_single_sync:154 -> middleware.py:apply_sync:93) from logger `RFC.middleware_content_saver`
[INFO] applying on CivitaiModelDownload(33565_VTBV1.0), received

2024-02-20 14:33:31,355 <requestor-worker-4:2579769, MainThread:140240668346176> (requestor.py:_fetch_single_sync:154 -> middleware.py:apply_sync:96) from logger `RFC.middleware_content_saver`
[INFO] applied on CivitaiModelDownload(33565_VTBV1.0), sent

2024-02-20 14:34:10,809 <requestor-worker-4:2579769, MainThread:140240668346176> (requestor.py:_fetch_single_sync:154 -> middleware.py:apply_sync:93) from logger `RFC.middleware_content_saver`
[INFO] applying on CivitaiModelDownload(25807_LionV3), received

2024-02-20 14:34:10,840 <requestor-worker-4:2579769, MainThread:140240668346176> (requestor.py:_fetch_single_sync:154 -> middleware.py:apply_sync:96) from logger `RFC.middleware_content_saver`
[INFO] applied on CivitaiModelDownload(25807_LionV3), sent

2024-02-20 14:34:39,603 <requestor-worker-4:2579769, MainThread:140240668346176> (requestor.py:_fetch_single_sync:154 -> middleware.py:apply_sync:93) from logger `RFC.middleware_content_saver`
[INFO] applying on CivitaiModelDownload(88757_v1.0-pynoise), received

2024-02-20 14:34:39,620 <requestor-worker-4:2579769, MainThread:140240668346176> (requestor.py:_fetch_single_sync:154 -> middleware.py:apply_sync:96) from logger `RFC.middleware_content_saver`
[INFO] applied on CivitaiModelDownload(88757_v1.0-pynoise), sent

2024-02-20 14:35:07,315 <requestor-worker-4:2579769, MainThread:140240668346176> (requestor.py:_fetch_single_sync:154 -> middleware.py:apply_sync:93) from logger `RFC.middleware_content_saver`
[INFO] applying on CivitaiModelDownload(14546_v1.0), received

2024-02-20 14:35:07,343 <requestor-worker-4:2579769, MainThread:140240668346176> (requestor.py:_fetch_single_sync:154 -> middleware.py:apply_sync:96) from logger `RFC.middleware_content_saver`
[INFO] applied on CivitaiModelDownload(14546_v1.0), sent

2024-02-20 14:35:37,117 <requestor-worker-4:2579769, MainThread:140240668346176> (requestor.py:_fetch_single_sync:154 -> middleware.py:apply_sync:93) from logger `RFC.middleware_content_saver`
[INFO] applying on CivitaiModelDownload(40497_v1.0), received

2024-02-20 14:35:37,131 <requestor-worker-4:2579769, MainThread:140240668346176> (requestor.py:_fetch_single_sync:154 -> middleware.py:apply_sync:96) from logger `RFC.middleware_content_saver`
[INFO] applied on CivitaiModelDownload(40497_v1.0), sent

2024-02-20 14:35:44,422 <requestor-worker-4:2579769, MainThread:140240668346176> (requestor.py:_fetch_single_sync:154 -> middleware.py:apply_sync:93) from logger `RFC.middleware_content_saver`
[INFO] applying on CivitaiModelDownload(53230_v1.0), received

2024-02-20 14:35:44,437 <requestor-worker-4:2579769, MainThread:140240668346176> (requestor.py:_fetch_single_sync:154 -> middleware.py:apply_sync:96) from logger `RFC.middleware_content_saver`
[INFO] applied on CivitaiModelDownload(53230_v1.0), sent

2024-02-20 14:36:08,553 <requestor-worker-4:2579769, MainThread:140240668346176> (requestor.py:_fetch_single_sync:154 -> middleware.py:apply_sync:93) from logger `RFC.middleware_content_saver`
[INFO] applying on CivitaiModelDownload(102599_v1.0-pynoise), received

2024-02-20 14:36:08,574 <requestor-worker-4:2579769, MainThread:140240668346176> (requestor.py:_fetch_single_sync:154 -> middleware.py:apply_sync:96) from logger `RFC.middleware_content_saver`
[INFO] applied on CivitaiModelDownload(102599_v1.0-pynoise), sent

2024-02-20 14:36:20,856 <requestor-worker-4:2579769, MainThread:140240668346176> (requestor.py:_fetch_single_sync:154 -> middleware.py:apply_sync:93) from logger `RFC.middleware_content_saver`
[INFO] applying on CivitaiModelDownload(92048_v1.0-pynoise), received

2024-02-20 14:36:21,051 <requestor-worker-4:2579769, MainThread:140240668346176> (requestor.py:_fetch_single_sync:154 -> middleware.py:apply_sync:96) from logger `RFC.middleware_content_saver`
[INFO] applied on CivitaiModelDownload(92048_v1.0-pynoise), sent

2024-02-20 14:36:50,656 <requestor-worker-4:2579769, MainThread:140240668346176> (requestor.py:_fetch_single_sync:154 -> middleware.py:apply_sync:93) from logger `RFC.middleware_content_saver`
[INFO] applying on CivitaiModelDownload(8705_v1.0), received

2024-02-20 14:36:50,688 <requestor-worker-4:2579769, MainThread:140240668346176> (requestor.py:_fetch_single_sync:154 -> middleware.py:apply_sync:96) from logger `RFC.middleware_content_saver`
[INFO] applied on CivitaiModelDownload(8705_v1.0), sent

2024-02-20 14:37:04,526 <requestor-worker-4:2579769, MainThread:140240668346176> (requestor.py:_fetch_single_sync:154 -> middleware.py:apply_sync:93) from logger `RFC.middleware_content_saver`
[INFO] applying on CivitaiModelDownload(228810_v2.0), received

2024-02-20 14:37:04,541 <requestor-worker-4:2579769, MainThread:140240668346176> (requestor.py:_fetch_single_sync:154 -> middleware.py:apply_sync:96) from logger `RFC.middleware_content_saver`
[INFO] applied on CivitaiModelDownload(228810_v2.0), sent

2024-02-20 14:37:23,320 <requestor-worker-4:2579769, MainThread:140240668346176> (requestor.py:_fetch_single_sync:154 -> middleware.py:apply_sync:93) from logger `RFC.middleware_content_saver`
[INFO] applying on CivitaiModelDownload(142809_v1.0), received

2024-02-20 14:37:23,334 <requestor-worker-4:2579769, MainThread:140240668346176> (requestor.py:_fetch_single_sync:154 -> middleware.py:apply_sync:96) from logger `RFC.middleware_content_saver`
[INFO] applied on CivitaiModelDownload(142809_v1.0), sent

2024-02-20 14:38:00,132 <requestor-worker-4:2579769, MainThread:140240668346176> (requestor.py:_fetch_single_sync:154 -> middleware.py:apply_sync:93) from logger `RFC.middleware_content_saver`
[INFO] applying on CivitaiModelDownload(105261_v1.0), received

2024-02-20 14:38:00,257 <requestor-worker-4:2579769, MainThread:140240668346176> (requestor.py:_fetch_single_sync:154 -> middleware.py:apply_sync:96) from logger `RFC.middleware_content_saver`
[INFO] applied on CivitaiModelDownload(105261_v1.0), sent

2024-02-20 14:39:28,456 <requestor-worker-4:2579769, MainThread:140240668346176> (requestor.py:_fetch_single_sync:154 -> middleware.py:apply_sync:93) from logger `RFC.middleware_content_saver`
[INFO] applying on CivitaiModelDownload(231456_v1.0), received

2024-02-20 14:39:30,377 <requestor-worker-4:2579769, MainThread:140240668346176> (requestor.py:_fetch_single_sync:154 -> middleware.py:apply_sync:96) from logger `RFC.middleware_content_saver`
[INFO] applied on CivitaiModelDownload(231456_v1.0), sent

2024-02-20 14:39:49,713 <requestor-worker-4:2579769, MainThread:140240668346176> (requestor.py:_fetch_single_sync:154 -> middleware.py:apply_sync:93) from logger `RFC.middleware_content_saver`
[INFO] applying on CivitaiModelDownload(107289_v1.0), received

2024-02-20 14:39:49,721 <requestor-worker-4:2579769, MainThread:140240668346176> (requestor.py:_fetch_single_sync:154 -> middleware.py:apply_sync:96) from logger `RFC.middleware_content_saver`
[INFO] applied on CivitaiModelDownload(107289_v1.0), sent

2024-02-20 14:40:25,847 <requestor-worker-4:2579769, MainThread:140240668346176> (requestor.py:_fetch_single_sync:154 -> middleware.py:apply_sync:93) from logger `RFC.middleware_content_saver`
[INFO] applying on CivitaiModelDownload(184040_v4.0), received

2024-02-20 14:40:25,862 <requestor-worker-4:2579769, MainThread:140240668346176> (requestor.py:_fetch_single_sync:154 -> middleware.py:apply_sync:96) from logger `RFC.middleware_content_saver`
[INFO] applied on CivitaiModelDownload(184040_v4.0), sent

2024-02-20 14:41:25,256 <requestor-worker-4:2579769, MainThread:140240668346176> (requestor.py:_fetch_single_sync:154 -> middleware.py:apply_sync:93) from logger `RFC.middleware_content_saver`
[INFO] applying on CivitaiModelDownload(15737_Kanadiffusionmixv3), received

2024-02-20 14:41:27,368 <requestor-worker-4:2579769, MainThread:140240668346176> (requestor.py:_fetch_single_sync:154 -> middleware.py:apply_sync:96) from logger `RFC.middleware_content_saver`
[INFO] applied on CivitaiModelDownload(15737_Kanadiffusionmixv3), sent

2024-02-20 14:44:32,510 <requestor-worker-4:2579769, MainThread:140240668346176> (requestor.py:_fetch_single_sync:154 -> middleware.py:apply_sync:93) from logger `RFC.middleware_content_saver`
[INFO] applying on CivitaiModelDownload(36370_0.1), received

2024-02-20 14:44:35,903 <requestor-worker-4:2579769, MainThread:140240668346176> (requestor.py:_fetch_single_sync:154 -> middleware.py:apply_sync:96) from logger `RFC.middleware_content_saver`
[INFO] applied on CivitaiModelDownload(36370_0.1), sent

2024-02-20 14:46:45,430 <requestor-worker-4:2579769, MainThread:140240668346176> (requestor.py:_fetch_single_sync:154 -> middleware.py:apply_sync:93) from logger `RFC.middleware_content_saver`
[INFO] applying on CivitaiModelDownload(154808_v1.0), received

2024-02-20 14:46:51,860 <requestor-worker-4:2579769, MainThread:140240668346176> (requestor.py:_fetch_single_sync:154 -> middleware.py:apply_sync:96) from logger `RFC.middleware_content_saver`
[INFO] applied on CivitaiModelDownload(154808_v1.0), sent

2024-02-20 14:47:36,520 <requestor-worker-4:2579769, MainThread:140240668346176> (requestor.py:_fetch_single_sync:154 -> middleware.py:apply_sync:93) from logger `RFC.middleware_content_saver`
[INFO] applying on CivitaiModelDownload(32565_Arielfaceportrait), received

2024-02-20 14:47:39,170 <requestor-worker-4:2579769, MainThread:140240668346176> (requestor.py:_fetch_single_sync:154 -> middleware.py:apply_sync:96) from logger `RFC.middleware_content_saver`
[INFO] applied on CivitaiModelDownload(32565_Arielfaceportrait), sent

2024-02-20 14:48:04,467 <requestor-worker-4:2579769, MainThread:140240668346176> (requestor.py:_fetch_single_sync:154 -> middleware.py:apply_sync:93) from logger `RFC.middleware_content_saver`
[INFO] applying on CivitaiModelDownload(36281_ArielV1), received

2024-02-20 14:48:04,510 <requestor-worker-4:2579769, MainThread:140240668346176> (requestor.py:_fetch_single_sync:154 -> middleware.py:apply_sync:96) from logger `RFC.middleware_content_saver`
[INFO] applied on CivitaiModelDownload(36281_ArielV1), sent

2024-02-20 14:48:22,682 <requestor-worker-4:2579769, MainThread:140240668346176> (requestor.py:_fetch_single_sync:154 -> middleware.py:apply_sync:93) from logger `RFC.middleware_content_saver`
[INFO] applying on CivitaiModelDownload(118771_v1.0), received

2024-02-20 14:48:23,126 <requestor-worker-4:2579769, MainThread:140240668346176> (requestor.py:_fetch_single_sync:154 -> middleware.py:apply_sync:96) from logger `RFC.middleware_content_saver`
[INFO] applied on CivitaiModelDownload(118771_v1.0), sent

2024-02-20 14:48:37,957 <requestor-worker-4:2579769, MainThread:140240668346176> (requestor.py:_fetch_single_sync:154 -> middleware.py:apply_sync:93) from logger `RFC.middleware_content_saver`
[INFO] applying on CivitaiModelDownload(115952_v1.0), received

2024-02-20 14:48:37,971 <requestor-worker-4:2579769, MainThread:140240668346176> (requestor.py:_fetch_single_sync:154 -> middleware.py:apply_sync:96) from logger `RFC.middleware_content_saver`
[INFO] applied on CivitaiModelDownload(115952_v1.0), sent

2024-02-20 14:48:44,086 <requestor-worker-4:2579769, MainThread:140240668346176> (requestor.py:_fetch_single_sync:154 -> middleware.py:apply_sync:93) from logger `RFC.middleware_content_saver`
[INFO] applying on CivitaiModelDownload(53216_v1.0), received

2024-02-20 14:48:44,096 <requestor-worker-4:2579769, MainThread:140240668346176> (requestor.py:_fetch_single_sync:154 -> middleware.py:apply_sync:96) from logger `RFC.middleware_content_saver`
[INFO] applied on CivitaiModelDownload(53216_v1.0), sent

2024-02-20 14:49:22,354 <requestor-worker-4:2579769, MainThread:140240668346176> (requestor.py:_fetch_single_sync:154 -> middleware.py:apply_sync:93) from logger `RFC.middleware_content_saver`
[INFO] applying on CivitaiModelDownload(183340_v1.0), received

2024-02-20 14:49:22,404 <requestor-worker-4:2579769, MainThread:140240668346176> (requestor.py:_fetch_single_sync:154 -> middleware.py:apply_sync:96) from logger `RFC.middleware_content_saver`
[INFO] applied on CivitaiModelDownload(183340_v1.0), sent

2024-02-20 14:55:34,796 <requestor-worker-4:2579769, MainThread:140240668346176> (requestor.py:_fetch_single_sync:154 -> middleware.py:apply_sync:93) from logger `RFC.middleware_content_saver`
[INFO] applying on CivitaiModelDownload(281438_v2.0), received

2024-02-20 14:55:34,859 <requestor-worker-4:2579769, MainThread:140240668346176> (requestor.py:_fetch_single_sync:154 -> middleware.py:apply_sync:96) from logger `RFC.middleware_content_saver`
[INFO] applied on CivitaiModelDownload(281438_v2.0), sent

2024-02-20 15:37:09,013 <requestor-worker-4:2579769, MainThread:140240668346176> (requestor.py:_fetch_single_sync:154 -> middleware.py:apply_sync:93) from logger `RFC.middleware_content_saver`
[INFO] applying on CivitaiModelDownload(225377_v1.0), received

2024-02-20 15:37:13,716 <requestor-worker-4:2579769, MainThread:140240668346176> (requestor.py:_fetch_single_sync:154 -> middleware.py:apply_sync:96) from logger `RFC.middleware_content_saver`
[INFO] applied on CivitaiModelDownload(225377_v1.0), sent

2024-02-20 15:37:31,325 <requestor-worker-4:2579769, MainThread:140240668346176> (requestor.py:_fetch_single_sync:154 -> middleware.py:apply_sync:93) from logger `RFC.middleware_content_saver`
[INFO] applying on CivitaiModelDownload(105338_aproditeS), received

2024-02-20 15:37:31,809 <requestor-worker-4:2579769, MainThread:140240668346176> (requestor.py:_fetch_single_sync:154 -> middleware.py:apply_sync:96) from logger `RFC.middleware_content_saver`
[INFO] applied on CivitaiModelDownload(105338_aproditeS), sent

2024-02-20 15:37:38,172 <requestor-worker-4:2579769, MainThread:140240668346176> (requestor.py:_fetch_single_sync:154 -> middleware.py:apply_sync:93) from logger `RFC.middleware_content_saver`
[INFO] applying on CivitaiModelDownload(63429_v1.0), received

2024-02-20 15:37:38,186 <requestor-worker-4:2579769, MainThread:140240668346176> (requestor.py:_fetch_single_sync:154 -> middleware.py:apply_sync:96) from logger `RFC.middleware_content_saver`
[INFO] applied on CivitaiModelDownload(63429_v1.0), sent

2024-02-20 15:37:50,778 <requestor-worker-4:2579769, MainThread:140240668346176> (requestor.py:_fetch_single_sync:154 -> middleware.py:apply_sync:93) from logger `RFC.middleware_content_saver`
[INFO] applying on CivitaiModelDownload(109574_v1.0), received

2024-02-20 15:37:50,793 <requestor-worker-4:2579769, MainThread:140240668346176> (requestor.py:_fetch_single_sync:154 -> middleware.py:apply_sync:96) from logger `RFC.middleware_content_saver`
[INFO] applied on CivitaiModelDownload(109574_v1.0), sent

2024-02-20 15:38:32,388 <requestor-worker-4:2579769, MainThread:140240668346176> (requestor.py:_fetch_single_sync:154 -> middleware.py:apply_sync:93) from logger `RFC.middleware_content_saver`
[INFO] applying on CivitaiModelDownload(144188_v1.0), received

2024-02-20 15:38:32,402 <requestor-worker-4:2579769, MainThread:140240668346176> (requestor.py:_fetch_single_sync:154 -> middleware.py:apply_sync:96) from logger `RFC.middleware_content_saver`
[INFO] applied on CivitaiModelDownload(144188_v1.0), sent

2024-02-20 15:38:42,383 <requestor-worker-4:2579769, MainThread:140240668346176> (requestor.py:_fetch_single_sync:154 -> middleware.py:apply_sync:93) from logger `RFC.middleware_content_saver`
[INFO] applying on CivitaiModelDownload(76248_v1.0), received

2024-02-20 15:38:42,399 <requestor-worker-4:2579769, MainThread:140240668346176> (requestor.py:_fetch_single_sync:154 -> middleware.py:apply_sync:96) from logger `RFC.middleware_content_saver`
[INFO] applied on CivitaiModelDownload(76248_v1.0), sent

2024-02-20 15:38:58,769 <requestor-worker-4:2579769, MainThread:140240668346176> (requestor.py:_fetch_single_sync:154 -> middleware.py:apply_sync:93) from logger `RFC.middleware_content_saver`
[INFO] applying on CivitaiModelDownload(51296_v1.5), received

2024-02-20 15:38:58,778 <requestor-worker-4:2579769, MainThread:140240668346176> (requestor.py:_fetch_single_sync:154 -> middleware.py:apply_sync:96) from logger `RFC.middleware_content_saver`
[INFO] applied on CivitaiModelDownload(51296_v1.5), sent

2024-02-20 15:39:05,496 <requestor-worker-4:2579769, MainThread:140240668346176> (requestor.py:_fetch_single_sync:154 -> middleware.py:apply_sync:93) from logger `RFC.middleware_content_saver`
[INFO] applying on CivitaiModelDownload(57236_v1.0), received

2024-02-20 15:39:05,506 <requestor-worker-4:2579769, MainThread:140240668346176> (requestor.py:_fetch_single_sync:154 -> middleware.py:apply_sync:96) from logger `RFC.middleware_content_saver`
[INFO] applied on CivitaiModelDownload(57236_v1.0), sent

2024-02-20 15:39:18,182 <requestor-worker-4:2579769, MainThread:140240668346176> (requestor.py:_fetch_single_sync:154 -> middleware.py:apply_sync:93) from logger `RFC.middleware_content_saver`
[INFO] applying on CivitaiModelDownload(307114_v1.0), received

2024-02-20 15:39:18,214 <requestor-worker-4:2579769, MainThread:140240668346176> (requestor.py:_fetch_single_sync:154 -> middleware.py:apply_sync:96) from logger `RFC.middleware_content_saver`
[INFO] applied on CivitaiModelDownload(307114_v1.0), sent

2024-02-20 15:39:48,111 <requestor-worker-4:2579769, MainThread:140240668346176> (requestor.py:_fetch_single_sync:154 -> middleware.py:apply_sync:93) from logger `RFC.middleware_content_saver`
[INFO] applying on CivitaiModelDownload(50498_v0.1b), received

2024-02-20 15:39:49,049 <requestor-worker-4:2579769, MainThread:140240668346176> (requestor.py:_fetch_single_sync:154 -> middleware.py:apply_sync:96) from logger `RFC.middleware_content_saver`
[INFO] applied on CivitaiModelDownload(50498_v0.1b), sent

2024-02-20 15:40:04,216 <requestor-worker-4:2579769, MainThread:140240668346176> (requestor.py:_fetch_single_sync:154 -> middleware.py:apply_sync:93) from logger `RFC.middleware_content_saver`
[INFO] applying on CivitaiModelDownload(139433_v1.0), received

2024-02-20 15:40:04,224 <requestor-worker-4:2579769, MainThread:140240668346176> (requestor.py:_fetch_single_sync:154 -> middleware.py:apply_sync:96) from logger `RFC.middleware_content_saver`
[INFO] applied on CivitaiModelDownload(139433_v1.0), sent

2024-02-20 15:41:10,622 <requestor-worker-4:2579769, MainThread:140240668346176> (requestor.py:_fetch_single_sync:154 -> middleware.py:apply_sync:93) from logger `RFC.middleware_content_saver`
[INFO] applying on CivitaiModelDownload(200116_v1.0), received

2024-02-20 15:41:12,272 <requestor-worker-4:2579769, MainThread:140240668346176> (requestor.py:_fetch_single_sync:154 -> middleware.py:apply_sync:96) from logger `RFC.middleware_content_saver`
[INFO] applied on CivitaiModelDownload(200116_v1.0), sent

2024-02-20 15:42:51,175 <requestor-worker-4:2579769, MainThread:140240668346176> (requestor.py:_fetch_single_sync:154 -> middleware.py:apply_sync:93) from logger `RFC.middleware_content_saver`
[INFO] applying on CivitaiModelDownload(120770_v2.0), received

2024-02-20 15:42:55,031 <requestor-worker-4:2579769, MainThread:140240668346176> (requestor.py:_fetch_single_sync:154 -> middleware.py:apply_sync:96) from logger `RFC.middleware_content_saver`
[INFO] applied on CivitaiModelDownload(120770_v2.0), sent

2024-02-20 15:42:56,607 <requestor-worker-4:2579769, MainThread:140240668346176> (requestor.py:_fetch_single_sync:154 -> middleware.py:apply_sync:93) from logger `RFC.middleware_content_saver`
[INFO] applying on CivitaiModelDownload(12647_v1.0), received

2024-02-20 15:42:56,609 <requestor-worker-4:2579769, MainThread:140240668346176> (requestor.py:_fetch_single_sync:154 -> middleware.py:apply_sync:96) from logger `RFC.middleware_content_saver`
[INFO] applied on CivitaiModelDownload(12647_v1.0), sent

2024-02-20 15:43:06,122 <requestor-worker-4:2579769, MainThread:140240668346176> (requestor.py:_fetch_single_sync:154 -> middleware.py:apply_sync:93) from logger `RFC.middleware_content_saver`
[INFO] applying on CivitaiModelDownload(160578_v1.0), received

2024-02-20 15:43:06,137 <requestor-worker-4:2579769, MainThread:140240668346176> (requestor.py:_fetch_single_sync:154 -> middleware.py:apply_sync:96) from logger `RFC.middleware_content_saver`
[INFO] applied on CivitaiModelDownload(160578_v1.0), sent

2024-02-20 15:43:24,171 <requestor-worker-4:2579769, MainThread:140240668346176> (requestor.py:_fetch_single_sync:154 -> middleware.py:apply_sync:93) from logger `RFC.middleware_content_saver`
[INFO] applying on CivitaiModelDownload(271178_v1.0), received

2024-02-20 15:43:24,186 <requestor-worker-4:2579769, MainThread:140240668346176> (requestor.py:_fetch_single_sync:154 -> middleware.py:apply_sync:96) from logger `RFC.middleware_content_saver`
[INFO] applied on CivitaiModelDownload(271178_v1.0), sent

2024-02-20 15:43:34,786 <requestor-worker-4:2579769, MainThread:140240668346176> (requestor.py:_fetch_single_sync:154 -> middleware.py:apply_sync:93) from logger `RFC.middleware_content_saver`
[INFO] applying on CivitaiModelDownload(72645_v1.1), received

2024-02-20 15:43:34,801 <requestor-worker-4:2579769, MainThread:140240668346176> (requestor.py:_fetch_single_sync:154 -> middleware.py:apply_sync:96) from logger `RFC.middleware_content_saver`
[INFO] applied on CivitaiModelDownload(72645_v1.1), sent

2024-02-20 15:43:45,666 <requestor-worker-4:2579769, MainThread:140240668346176> (requestor.py:_fetch_single_sync:154 -> middleware.py:apply_sync:93) from logger `RFC.middleware_content_saver`
[INFO] applying on CivitaiModelDownload(275920_v1.0), received

2024-02-20 15:43:45,680 <requestor-worker-4:2579769, MainThread:140240668346176> (requestor.py:_fetch_single_sync:154 -> middleware.py:apply_sync:96) from logger `RFC.middleware_content_saver`
[INFO] applied on CivitaiModelDownload(275920_v1.0), sent

2024-02-20 15:44:14,785 <requestor-worker-4:2579769, MainThread:140240668346176> (requestor.py:_fetch_single_sync:154 -> middleware.py:apply_sync:93) from logger `RFC.middleware_content_saver`
[INFO] applying on CivitaiModelDownload(141122_v1.0), received

2024-02-20 15:44:14,796 <requestor-worker-4:2579769, MainThread:140240668346176> (requestor.py:_fetch_single_sync:154 -> middleware.py:apply_sync:96) from logger `RFC.middleware_content_saver`
[INFO] applied on CivitaiModelDownload(141122_v1.0), sent

2024-02-20 15:44:32,886 <requestor-worker-4:2579769, MainThread:140240668346176> (requestor.py:_fetch_single_sync:154 -> middleware.py:apply_sync:93) from logger `RFC.middleware_content_saver`
[INFO] applying on CivitaiModelDownload(101970_v1.0), received

2024-02-20 15:44:32,905 <requestor-worker-4:2579769, MainThread:140240668346176> (requestor.py:_fetch_single_sync:154 -> middleware.py:apply_sync:96) from logger `RFC.middleware_content_saver`
[INFO] applied on CivitaiModelDownload(101970_v1.0), sent

2024-02-20 15:44:45,678 <requestor-worker-4:2579769, MainThread:140240668346176> (requestor.py:_fetch_single_sync:154 -> middleware.py:apply_sync:93) from logger `RFC.middleware_content_saver`
[INFO] applying on CivitaiModelDownload(51284_v1.0), received

2024-02-20 15:44:45,692 <requestor-worker-4:2579769, MainThread:140240668346176> (requestor.py:_fetch_single_sync:154 -> middleware.py:apply_sync:96) from logger `RFC.middleware_content_saver`
[INFO] applied on CivitaiModelDownload(51284_v1.0), sent

2024-02-20 15:45:05,707 <requestor-worker-4:2579769, MainThread:140240668346176> (requestor.py:_fetch_single_sync:154 -> middleware.py:apply_sync:93) from logger `RFC.middleware_content_saver`
[INFO] applying on CivitaiModelDownload(142870_v1.0), received

2024-02-20 15:45:05,721 <requestor-worker-4:2579769, MainThread:140240668346176> (requestor.py:_fetch_single_sync:154 -> middleware.py:apply_sync:96) from logger `RFC.middleware_content_saver`
[INFO] applied on CivitaiModelDownload(142870_v1.0), sent

2024-02-20 15:50:29,879 <requestor-worker-4:2579769, MainThread:140240668346176> (requestor.py:_fetch_single_sync:154 -> middleware.py:apply_sync:93) from logger `RFC.middleware_content_saver`
[INFO] applying on CivitaiModelDownload(128071_v23), received

2024-02-20 15:50:38,300 <requestor-worker-4:2579769, MainThread:140240668346176> (requestor.py:_fetch_single_sync:154 -> middleware.py:apply_sync:96) from logger `RFC.middleware_content_saver`
[INFO] applied on CivitaiModelDownload(128071_v23), sent

2024-02-20 15:51:47,884 <requestor-worker-4:2579769, MainThread:140240668346176> (requestor.py:_fetch_single_sync:154 -> middleware.py:apply_sync:93) from logger `RFC.middleware_content_saver`
[INFO] applying on CivitaiModelDownload(23203_V2), received

2024-02-20 15:51:49,394 <requestor-worker-4:2579769, MainThread:140240668346176> (requestor.py:_fetch_single_sync:154 -> middleware.py:apply_sync:96) from logger `RFC.middleware_content_saver`
[INFO] applied on CivitaiModelDownload(23203_V2), sent

2024-02-20 15:52:05,277 <requestor-worker-4:2579769, MainThread:140240668346176> (requestor.py:_fetch_single_sync:154 -> middleware.py:apply_sync:93) from logger `RFC.middleware_content_saver`
[INFO] applying on CivitaiModelDownload(93414_v1.0), received

2024-02-20 15:52:05,807 <requestor-worker-4:2579769, MainThread:140240668346176> (requestor.py:_fetch_single_sync:154 -> middleware.py:apply_sync:96) from logger `RFC.middleware_content_saver`
[INFO] applied on CivitaiModelDownload(93414_v1.0), sent

2024-02-20 15:52:52,219 <requestor-worker-4:2579769, MainThread:140240668346176> (requestor.py:_fetch_single_sync:154 -> middleware.py:apply_sync:93) from logger `RFC.middleware_content_saver`
[INFO] applying on CivitaiModelDownload(154997_v1.0), received

2024-02-20 15:52:52,234 <requestor-worker-4:2579769, MainThread:140240668346176> (requestor.py:_fetch_single_sync:154 -> middleware.py:apply_sync:96) from logger `RFC.middleware_content_saver`
[INFO] applied on CivitaiModelDownload(154997_v1.0), sent

2024-02-20 15:53:17,004 <requestor-worker-4:2579769, MainThread:140240668346176> (requestor.py:_fetch_single_sync:154 -> middleware.py:apply_sync:93) from logger `RFC.middleware_content_saver`
[INFO] applying on CivitaiModelDownload(150718_v2.0), received

2024-02-20 15:53:17,134 <requestor-worker-4:2579769, MainThread:140240668346176> (requestor.py:_fetch_single_sync:154 -> middleware.py:apply_sync:96) from logger `RFC.middleware_content_saver`
[INFO] applied on CivitaiModelDownload(150718_v2.0), sent

2024-02-20 15:53:33,854 <requestor-worker-4:2579769, MainThread:140240668346176> (requestor.py:_fetch_single_sync:154 -> middleware.py:apply_sync:93) from logger `RFC.middleware_content_saver`
[INFO] applying on CivitaiModelDownload(223475_v1.0), received

2024-02-20 15:53:33,865 <requestor-worker-4:2579769, MainThread:140240668346176> (requestor.py:_fetch_single_sync:154 -> middleware.py:apply_sync:96) from logger `RFC.middleware_content_saver`
[INFO] applied on CivitaiModelDownload(223475_v1.0), sent

2024-02-20 15:54:03,610 <requestor-worker-4:2579769, MainThread:140240668346176> (requestor.py:_fetch_single_sync:154 -> middleware.py:apply_sync:93) from logger `RFC.middleware_content_saver`
[INFO] applying on CivitaiModelDownload(197557_v1.0), received

2024-02-20 15:54:03,624 <requestor-worker-4:2579769, MainThread:140240668346176> (requestor.py:_fetch_single_sync:154 -> middleware.py:apply_sync:96) from logger `RFC.middleware_content_saver`
[INFO] applied on CivitaiModelDownload(197557_v1.0), sent

2024-02-20 15:55:04,993 <requestor-worker-4:2579769, MainThread:140240668346176> (requestor.py:_fetch_single_sync:154 -> middleware.py:apply_sync:93) from logger `RFC.middleware_content_saver`
[INFO] applying on CivitaiModelDownload(77132_v1.0), received

2024-02-20 15:55:05,046 <requestor-worker-4:2579769, MainThread:140240668346176> (requestor.py:_fetch_single_sync:154 -> middleware.py:apply_sync:96) from logger `RFC.middleware_content_saver`
[INFO] applied on CivitaiModelDownload(77132_v1.0), sent

2024-02-20 15:56:12,402 <requestor-worker-4:2579769, MainThread:140240668346176> (requestor.py:_fetch_single_sync:154 -> middleware.py:apply_sync:93) from logger `RFC.middleware_content_saver`
[INFO] applying on CivitaiModelDownload(246950_v1.0), received

2024-02-20 15:56:12,454 <requestor-worker-4:2579769, MainThread:140240668346176> (requestor.py:_fetch_single_sync:154 -> middleware.py:apply_sync:96) from logger `RFC.middleware_content_saver`
[INFO] applied on CivitaiModelDownload(246950_v1.0), sent

2024-02-20 15:56:42,550 <requestor-worker-4:2579769, MainThread:140240668346176> (requestor.py:_fetch_single_sync:154 -> middleware.py:apply_sync:93) from logger `RFC.middleware_content_saver`
[INFO] applying on CivitaiModelDownload(105239_ATLJ_V1), received

2024-02-20 15:56:42,564 <requestor-worker-4:2579769, MainThread:140240668346176> (requestor.py:_fetch_single_sync:154 -> middleware.py:apply_sync:96) from logger `RFC.middleware_content_saver`
[INFO] applied on CivitaiModelDownload(105239_ATLJ_V1), sent

2024-02-20 15:56:53,335 <requestor-worker-4:2579769, MainThread:140240668346176> (requestor.py:_fetch_single_sync:154 -> middleware.py:apply_sync:93) from logger `RFC.middleware_content_saver`
[INFO] applying on CivitaiModelDownload(85129_v1.0), received

2024-02-20 15:56:53,366 <requestor-worker-4:2579769, MainThread:140240668346176> (requestor.py:_fetch_single_sync:154 -> middleware.py:apply_sync:96) from logger `RFC.middleware_content_saver`
[INFO] applied on CivitaiModelDownload(85129_v1.0), sent

2024-02-20 15:58:09,407 <requestor-worker-4:2579769, MainThread:140240668346176> (requestor.py:_fetch_single_sync:154 -> middleware.py:apply_sync:93) from logger `RFC.middleware_content_saver`
[INFO] applying on CivitaiModelDownload(183884_v2.0), received

2024-02-20 15:58:09,464 <requestor-worker-4:2579769, MainThread:140240668346176> (requestor.py:_fetch_single_sync:154 -> middleware.py:apply_sync:96) from logger `RFC.middleware_content_saver`
[INFO] applied on CivitaiModelDownload(183884_v2.0), sent

2024-02-20 15:58:26,496 <requestor-worker-4:2579769, MainThread:140240668346176> (requestor.py:_fetch_single_sync:154 -> middleware.py:apply_sync:93) from logger `RFC.middleware_content_saver`
[INFO] applying on CivitaiModelDownload(62779_v1.0), received

2024-02-20 15:58:26,511 <requestor-worker-4:2579769, MainThread:140240668346176> (requestor.py:_fetch_single_sync:154 -> middleware.py:apply_sync:96) from logger `RFC.middleware_content_saver`
[INFO] applied on CivitaiModelDownload(62779_v1.0), sent

2024-02-20 15:58:37,130 <requestor-worker-4:2579769, MainThread:140240668346176> (requestor.py:_fetch_single_sync:154 -> middleware.py:apply_sync:93) from logger `RFC.middleware_content_saver`
[INFO] applying on CivitaiModelDownload(300010_v1.1), received

2024-02-20 15:58:37,145 <requestor-worker-4:2579769, MainThread:140240668346176> (requestor.py:_fetch_single_sync:154 -> middleware.py:apply_sync:96) from logger `RFC.middleware_content_saver`
[INFO] applied on CivitaiModelDownload(300010_v1.1), sent

2024-02-20 15:59:03,582 <requestor-worker-4:2579769, MainThread:140240668346176> (requestor.py:_fetch_single_sync:154 -> middleware.py:apply_sync:93) from logger `RFC.middleware_content_saver`
[INFO] applying on CivitaiModelDownload(181767_v1.0), received

2024-02-20 15:59:03,609 <requestor-worker-4:2579769, MainThread:140240668346176> (requestor.py:_fetch_single_sync:154 -> middleware.py:apply_sync:96) from logger `RFC.middleware_content_saver`
[INFO] applied on CivitaiModelDownload(181767_v1.0), sent

2024-02-20 15:59:06,600 <requestor-worker-4:2579769, MainThread:140240668346176> (requestor.py:_fetch_single_sync:154 -> middleware.py:apply_sync:93) from logger `RFC.middleware_content_saver`
[INFO] applying on CivitaiModelDownload(139318_v1.0), received

2024-02-20 15:59:06,605 <requestor-worker-4:2579769, MainThread:140240668346176> (requestor.py:_fetch_single_sync:154 -> middleware.py:apply_sync:96) from logger `RFC.middleware_content_saver`
[INFO] applied on CivitaiModelDownload(139318_v1.0), sent

2024-02-20 15:59:25,957 <requestor-worker-4:2579769, MainThread:140240668346176> (requestor.py:_fetch_single_sync:154 -> middleware.py:apply_sync:93) from logger `RFC.middleware_content_saver`
[INFO] applying on CivitaiModelDownload(297973_v1.0), received

2024-02-20 15:59:25,971 <requestor-worker-4:2579769, MainThread:140240668346176> (requestor.py:_fetch_single_sync:154 -> middleware.py:apply_sync:96) from logger `RFC.middleware_content_saver`
[INFO] applied on CivitaiModelDownload(297973_v1.0), sent

2024-02-20 15:59:43,536 <requestor-worker-4:2579769, MainThread:140240668346176> (requestor.py:_fetch_single_sync:154 -> middleware.py:apply_sync:93) from logger `RFC.middleware_content_saver`
[INFO] applying on CivitaiModelDownload(148711_v1.0), received

2024-02-20 15:59:43,546 <requestor-worker-4:2579769, MainThread:140240668346176> (requestor.py:_fetch_single_sync:154 -> middleware.py:apply_sync:96) from logger `RFC.middleware_content_saver`
[INFO] applied on CivitaiModelDownload(148711_v1.0), sent

2024-02-20 16:00:17,228 <requestor-worker-4:2579769, MainThread:140240668346176> (requestor.py:_fetch_single_sync:154 -> middleware.py:apply_sync:93) from logger `RFC.middleware_content_saver`
[INFO] applying on CivitaiModelDownload(148526_v1.0), received

2024-02-20 16:00:17,244 <requestor-worker-4:2579769, MainThread:140240668346176> (requestor.py:_fetch_single_sync:154 -> middleware.py:apply_sync:96) from logger `RFC.middleware_content_saver`
[INFO] applied on CivitaiModelDownload(148526_v1.0), sent

2024-02-20 16:00:44,565 <requestor-worker-4:2579769, MainThread:140240668346176> (requestor.py:_fetch_single_sync:154 -> middleware.py:apply_sync:93) from logger `RFC.middleware_content_saver`
[INFO] applying on CivitaiModelDownload(105734_V2), received

2024-02-20 16:00:44,582 <requestor-worker-4:2579769, MainThread:140240668346176> (requestor.py:_fetch_single_sync:154 -> middleware.py:apply_sync:96) from logger `RFC.middleware_content_saver`
[INFO] applied on CivitaiModelDownload(105734_V2), sent

2024-02-20 16:00:54,393 <requestor-worker-4:2579769, MainThread:140240668346176> (requestor.py:_fetch_single_sync:154 -> middleware.py:apply_sync:93) from logger `RFC.middleware_content_saver`
[INFO] applying on CivitaiModelDownload(173897_v1), received

2024-02-20 16:00:54,408 <requestor-worker-4:2579769, MainThread:140240668346176> (requestor.py:_fetch_single_sync:154 -> middleware.py:apply_sync:96) from logger `RFC.middleware_content_saver`
[INFO] applied on CivitaiModelDownload(173897_v1), sent

2024-02-20 16:01:02,636 <requestor-worker-4:2579769, MainThread:140240668346176> (requestor.py:_fetch_single_sync:154 -> middleware.py:apply_sync:93) from logger `RFC.middleware_content_saver`
[INFO] applying on CivitaiModelDownload(242193_v1.0), received

2024-02-20 16:01:02,645 <requestor-worker-4:2579769, MainThread:140240668346176> (requestor.py:_fetch_single_sync:154 -> middleware.py:apply_sync:96) from logger `RFC.middleware_content_saver`
[INFO] applied on CivitaiModelDownload(242193_v1.0), sent

2024-02-20 16:01:44,451 <requestor-worker-4:2579769, MainThread:140240668346176> (requestor.py:_fetch_single_sync:154 -> middleware.py:apply_sync:93) from logger `RFC.middleware_content_saver`
[INFO] applying on CivitaiModelDownload(135033_v1.0SDXL), received

2024-02-20 16:01:44,464 <requestor-worker-4:2579769, MainThread:140240668346176> (requestor.py:_fetch_single_sync:154 -> middleware.py:apply_sync:96) from logger `RFC.middleware_content_saver`
[INFO] applied on CivitaiModelDownload(135033_v1.0SDXL), sent

2024-02-20 16:02:10,353 <requestor-worker-4:2579769, MainThread:140240668346176> (requestor.py:_fetch_single_sync:154 -> middleware.py:apply_sync:93) from logger `RFC.middleware_content_saver`
[INFO] applying on CivitaiModelDownload(171530_v1.0), received

2024-02-20 16:02:10,368 <requestor-worker-4:2579769, MainThread:140240668346176> (requestor.py:_fetch_single_sync:154 -> middleware.py:apply_sync:96) from logger `RFC.middleware_content_saver`
[INFO] applied on CivitaiModelDownload(171530_v1.0), sent

2024-02-20 16:02:20,643 <requestor-worker-4:2579769, MainThread:140240668346176> (requestor.py:_fetch_single_sync:154 -> middleware.py:apply_sync:93) from logger `RFC.middleware_content_saver`
[INFO] applying on CivitaiModelDownload(142379_v3.0), received

2024-02-20 16:02:20,657 <requestor-worker-4:2579769, MainThread:140240668346176> (requestor.py:_fetch_single_sync:154 -> middleware.py:apply_sync:96) from logger `RFC.middleware_content_saver`
[INFO] applied on CivitaiModelDownload(142379_v3.0), sent

2024-02-20 16:02:37,064 <requestor-worker-4:2579769, MainThread:140240668346176> (requestor.py:_fetch_single_sync:154 -> middleware.py:apply_sync:93) from logger `RFC.middleware_content_saver`
[INFO] applying on CivitaiModelDownload(279709_v2.0), received

2024-02-20 16:02:37,079 <requestor-worker-4:2579769, MainThread:140240668346176> (requestor.py:_fetch_single_sync:154 -> middleware.py:apply_sync:96) from logger `RFC.middleware_content_saver`
[INFO] applied on CivitaiModelDownload(279709_v2.0), sent

2024-02-20 16:04:19,863 <requestor-worker-4:2579769, MainThread:140240668346176> (requestor.py:_fetch_single_sync:154 -> middleware.py:apply_sync:93) from logger `RFC.middleware_content_saver`
[INFO] applying on CivitaiModelDownload(158524_AnyLoraCleanLinearMix), received

2024-02-20 16:04:23,714 <requestor-worker-4:2579769, MainThread:140240668346176> (requestor.py:_fetch_single_sync:154 -> middleware.py:apply_sync:96) from logger `RFC.middleware_content_saver`
[INFO] applied on CivitaiModelDownload(158524_AnyLoraCleanLinearMix), sent

2024-02-20 16:05:35,122 <requestor-worker-4:2579769, MainThread:140240668346176> (requestor.py:_fetch_single_sync:154 -> middleware.py:apply_sync:93) from logger `RFC.middleware_content_saver`
[INFO] applying on CivitaiModelDownload(90059_v1.0), received

2024-02-20 16:05:35,171 <requestor-worker-4:2579769, MainThread:140240668346176> (requestor.py:_fetch_single_sync:154 -> middleware.py:apply_sync:96) from logger `RFC.middleware_content_saver`
[INFO] applied on CivitaiModelDownload(90059_v1.0), sent

2024-02-20 16:08:20,067 <requestor-worker-4:2579769, MainThread:140240668346176> (requestor.py:_fetch_single_sync:154 -> middleware.py:apply_sync:93) from logger `RFC.middleware_content_saver`
[INFO] applying on CivitaiModelDownload(324503_v1.0), received

2024-02-20 16:08:20,076 <requestor-worker-4:2579769, MainThread:140240668346176> (requestor.py:_fetch_single_sync:154 -> middleware.py:apply_sync:96) from logger `RFC.middleware_content_saver`
[INFO] applied on CivitaiModelDownload(324503_v1.0), sent

2024-02-20 16:08:48,790 <requestor-worker-4:2579769, MainThread:140240668346176> (requestor.py:_fetch_single_sync:154 -> middleware.py:apply_sync:93) from logger `RFC.middleware_content_saver`
[INFO] applying on CivitaiModelDownload(240833_Shastunv1.0), received

2024-02-20 16:08:49,459 <requestor-worker-4:2579769, MainThread:140240668346176> (requestor.py:_fetch_single_sync:154 -> middleware.py:apply_sync:96) from logger `RFC.middleware_content_saver`
[INFO] applied on CivitaiModelDownload(240833_Shastunv1.0), sent

2024-02-20 16:10:05,503 <requestor-worker-4:2579769, MainThread:140240668346176> (requestor.py:_fetch_single_sync:154 -> middleware.py:apply_sync:93) from logger `RFC.middleware_content_saver`
[INFO] applying on CivitaiModelDownload(130545_v1.0), received

2024-02-20 16:10:05,554 <requestor-worker-4:2579769, MainThread:140240668346176> (requestor.py:_fetch_single_sync:154 -> middleware.py:apply_sync:96) from logger `RFC.middleware_content_saver`
[INFO] applied on CivitaiModelDownload(130545_v1.0), sent

2024-02-20 16:11:23,121 <requestor-worker-4:2579769, MainThread:140240668346176> (requestor.py:_fetch_single_sync:154 -> middleware.py:apply_sync:93) from logger `RFC.middleware_content_saver`
[INFO] applying on CivitaiModelDownload(164181_v2), received

2024-02-20 16:11:23,172 <requestor-worker-4:2579769, MainThread:140240668346176> (requestor.py:_fetch_single_sync:154 -> middleware.py:apply_sync:96) from logger `RFC.middleware_content_saver`
[INFO] applied on CivitaiModelDownload(164181_v2), sent

2024-02-20 16:13:19,240 <requestor-worker-4:2579769, MainThread:140240668346176> (requestor.py:_fetch_single_sync:154 -> middleware.py:apply_sync:93) from logger `RFC.middleware_content_saver`
[INFO] applying on CivitaiModelDownload(148251_v0.2), received

2024-02-20 16:13:21,152 <requestor-worker-4:2579769, MainThread:140240668346176> (requestor.py:_fetch_single_sync:154 -> middleware.py:apply_sync:96) from logger `RFC.middleware_content_saver`
[INFO] applied on CivitaiModelDownload(148251_v0.2), sent

2024-02-20 16:15:11,423 <requestor-worker-4:2579769, MainThread:140240668346176> (requestor.py:_fetch_single_sync:154 -> middleware.py:apply_sync:93) from logger `RFC.middleware_content_saver`
[INFO] applying on CivitaiModelDownload(149035_v1.0), received

2024-02-20 16:15:16,520 <requestor-worker-4:2579769, MainThread:140240668346176> (requestor.py:_fetch_single_sync:154 -> middleware.py:apply_sync:96) from logger `RFC.middleware_content_saver`
[INFO] applied on CivitaiModelDownload(149035_v1.0), sent

2024-02-20 16:15:40,492 <requestor-worker-4:2579769, MainThread:140240668346176> (requestor.py:_fetch_single_sync:154 -> middleware.py:apply_sync:93) from logger `RFC.middleware_content_saver`
[INFO] applying on CivitaiModelDownload(120211_v2.0), received

2024-02-20 16:15:40,514 <requestor-worker-4:2579769, MainThread:140240668346176> (requestor.py:_fetch_single_sync:154 -> middleware.py:apply_sync:96) from logger `RFC.middleware_content_saver`
[INFO] applied on CivitaiModelDownload(120211_v2.0), sent

2024-02-20 16:16:19,415 <requestor-worker-4:2579769, MainThread:140240668346176> (requestor.py:_fetch_single_sync:154 -> middleware.py:apply_sync:93) from logger `RFC.middleware_content_saver`
[INFO] applying on CivitaiModelDownload(64462_v1), received

2024-02-20 16:16:19,467 <requestor-worker-4:2579769, MainThread:140240668346176> (requestor.py:_fetch_single_sync:154 -> middleware.py:apply_sync:96) from logger `RFC.middleware_content_saver`
[INFO] applied on CivitaiModelDownload(64462_v1), sent

2024-02-20 16:18:58,420 <requestor-worker-4:2579769, MainThread:140240668346176> (requestor.py:_fetch_single_sync:154 -> middleware.py:apply_sync:93) from logger `RFC.middleware_content_saver`
[INFO] applying on CivitaiModelDownload(11425_v1.3.2), received

2024-02-20 16:19:01,612 <requestor-worker-4:2579769, MainThread:140240668346176> (requestor.py:_fetch_single_sync:154 -> middleware.py:apply_sync:96) from logger `RFC.middleware_content_saver`
[INFO] applied on CivitaiModelDownload(11425_v1.3.2), sent

2024-02-20 16:19:14,607 <requestor-worker-4:2579769, MainThread:140240668346176> (requestor.py:_fetch_single_sync:154 -> middleware.py:apply_sync:93) from logger `RFC.middleware_content_saver`
[INFO] applying on CivitaiModelDownload(212151_v1.0), received

2024-02-20 16:19:14,615 <requestor-worker-4:2579769, MainThread:140240668346176> (requestor.py:_fetch_single_sync:154 -> middleware.py:apply_sync:96) from logger `RFC.middleware_content_saver`
[INFO] applied on CivitaiModelDownload(212151_v1.0), sent

2024-02-20 16:19:25,118 <requestor-worker-4:2579769, MainThread:140240668346176> (requestor.py:_fetch_single_sync:154 -> middleware.py:apply_sync:93) from logger `RFC.middleware_content_saver`
[INFO] applying on CivitaiModelDownload(51803_v1.0), received

2024-02-20 16:19:25,132 <requestor-worker-4:2579769, MainThread:140240668346176> (requestor.py:_fetch_single_sync:154 -> middleware.py:apply_sync:96) from logger `RFC.middleware_content_saver`
[INFO] applied on CivitaiModelDownload(51803_v1.0), sent

2024-02-20 16:19:43,207 <requestor-worker-4:2579769, MainThread:140240668346176> (requestor.py:_fetch_single_sync:154 -> middleware.py:apply_sync:93) from logger `RFC.middleware_content_saver`
[INFO] applying on CivitaiModelDownload(281720_StyleMix), received

2024-02-20 16:19:43,222 <requestor-worker-4:2579769, MainThread:140240668346176> (requestor.py:_fetch_single_sync:154 -> middleware.py:apply_sync:96) from logger `RFC.middleware_content_saver`
[INFO] applied on CivitaiModelDownload(281720_StyleMix), sent

2024-02-20 16:20:07,486 <requestor-worker-4:2579769, MainThread:140240668346176> (requestor.py:_fetch_single_sync:154 -> middleware.py:apply_sync:93) from logger `RFC.middleware_content_saver`
[INFO] applying on CivitaiModelDownload(281685_SHINKIROST), received

2024-02-20 16:20:07,502 <requestor-worker-4:2579769, MainThread:140240668346176> (requestor.py:_fetch_single_sync:154 -> middleware.py:apply_sync:96) from logger `RFC.middleware_content_saver`
[INFO] applied on CivitaiModelDownload(281685_SHINKIROST), sent

2024-02-20 16:20:57,090 <requestor-worker-4:2579769, MainThread:140240668346176> (requestor.py:_fetch_single_sync:154 -> middleware.py:apply_sync:93) from logger `RFC.middleware_content_saver`
[INFO] applying on CivitaiModelDownload(243812_v5.0), received

2024-02-20 16:20:57,106 <requestor-worker-4:2579769, MainThread:140240668346176> (requestor.py:_fetch_single_sync:154 -> middleware.py:apply_sync:96) from logger `RFC.middleware_content_saver`
[INFO] applied on CivitaiModelDownload(243812_v5.0), sent

2024-02-20 16:25:36,725 <requestor-worker-4:2579769, MainThread:140240668346176> (requestor.py:_fetch_single_sync:154 -> middleware.py:apply_sync:93) from logger `RFC.middleware_content_saver`
[INFO] applying on CivitaiModelDownload(249942_v11.0), received

2024-02-20 16:25:36,757 <requestor-worker-4:2579769, MainThread:140240668346176> (requestor.py:_fetch_single_sync:154 -> middleware.py:apply_sync:96) from logger `RFC.middleware_content_saver`
[INFO] applied on CivitaiModelDownload(249942_v11.0), sent

2024-02-20 16:25:47,615 <requestor-worker-4:2579769, MainThread:140240668346176> (requestor.py:_fetch_single_sync:154 -> middleware.py:apply_sync:93) from logger `RFC.middleware_content_saver`
[INFO] applying on CivitaiModelDownload(122512_v1.0), received

2024-02-20 16:25:47,833 <requestor-worker-4:2579769, MainThread:140240668346176> (requestor.py:_fetch_single_sync:154 -> middleware.py:apply_sync:96) from logger `RFC.middleware_content_saver`
[INFO] applied on CivitaiModelDownload(122512_v1.0), sent

2024-02-20 16:26:05,043 <requestor-worker-4:2579769, MainThread:140240668346176> (requestor.py:_fetch_single_sync:154 -> middleware.py:apply_sync:93) from logger `RFC.middleware_content_saver`
[INFO] applying on CivitaiModelDownload(212219_Zhouwen), received

2024-02-20 16:26:05,051 <requestor-worker-4:2579769, MainThread:140240668346176> (requestor.py:_fetch_single_sync:154 -> middleware.py:apply_sync:96) from logger `RFC.middleware_content_saver`
[INFO] applied on CivitaiModelDownload(212219_Zhouwen), sent

2024-02-20 16:27:15,875 <requestor-worker-4:2579769, MainThread:140240668346176> (requestor.py:_fetch_single_sync:154 -> middleware.py:apply_sync:93) from logger `RFC.middleware_content_saver`
[INFO] applying on CivitaiModelDownload(104008_v1.0), received

2024-02-20 16:27:15,902 <requestor-worker-4:2579769, MainThread:140240668346176> (requestor.py:_fetch_single_sync:154 -> middleware.py:apply_sync:96) from logger `RFC.middleware_content_saver`
[INFO] applied on CivitaiModelDownload(104008_v1.0), sent

2024-02-20 16:27:34,909 <requestor-worker-4:2579769, MainThread:140240668346176> (requestor.py:_fetch_single_sync:154 -> middleware.py:apply_sync:93) from logger `RFC.middleware_content_saver`
[INFO] applying on CivitaiModelDownload(287401_v1.0), received

2024-02-20 16:27:34,926 <requestor-worker-4:2579769, MainThread:140240668346176> (requestor.py:_fetch_single_sync:154 -> middleware.py:apply_sync:96) from logger `RFC.middleware_content_saver`
[INFO] applied on CivitaiModelDownload(287401_v1.0), sent

2024-02-20 16:27:35,288 <requestor-worker-4:2579769, MainThread:140240668346176> (requestor.py:_fetch_single_sync:154 -> middleware.py:apply_sync:93) from logger `RFC.middleware_content_saver`
[INFO] applying on CivitaiModelDownload(41961_v1), received

2024-02-20 16:27:35,291 <requestor-worker-4:2579769, MainThread:140240668346176> (requestor.py:_fetch_single_sync:154 -> middleware.py:apply_sync:96) from logger `RFC.middleware_content_saver`
[INFO] applied on CivitaiModelDownload(41961_v1), sent

2024-02-20 16:27:52,845 <requestor-worker-4:2579769, MainThread:140240668346176> (requestor.py:_fetch_single_sync:154 -> middleware.py:apply_sync:93) from logger `RFC.middleware_content_saver`
[INFO] applying on CivitaiModelDownload(195018_v1.0), received

2024-02-20 16:27:52,921 <requestor-worker-4:2579769, MainThread:140240668346176> (requestor.py:_fetch_single_sync:154 -> middleware.py:apply_sync:96) from logger `RFC.middleware_content_saver`
[INFO] applied on CivitaiModelDownload(195018_v1.0), sent

2024-02-20 16:28:02,265 <requestor-worker-4:2579769, MainThread:140240668346176> (requestor.py:_fetch_single_sync:154 -> middleware.py:apply_sync:93) from logger `RFC.middleware_content_saver`
[INFO] applying on CivitaiModelDownload(310489_v1.0), received

2024-02-20 16:28:03,084 <requestor-worker-4:2579769, MainThread:140240668346176> (requestor.py:_fetch_single_sync:154 -> middleware.py:apply_sync:96) from logger `RFC.middleware_content_saver`
[INFO] applied on CivitaiModelDownload(310489_v1.0), sent

2024-02-20 16:28:27,728 <requestor-worker-4:2579769, MainThread:140240668346176> (requestor.py:_fetch_single_sync:154 -> middleware.py:apply_sync:93) from logger `RFC.middleware_content_saver`
[INFO] applying on CivitaiModelDownload(21104_1.0), received

2024-02-20 16:28:27,744 <requestor-worker-4:2579769, MainThread:140240668346176> (requestor.py:_fetch_single_sync:154 -> middleware.py:apply_sync:96) from logger `RFC.middleware_content_saver`
[INFO] applied on CivitaiModelDownload(21104_1.0), sent

2024-02-20 16:28:44,903 <requestor-worker-4:2579769, MainThread:140240668346176> (requestor.py:_fetch_single_sync:154 -> middleware.py:apply_sync:93) from logger `RFC.middleware_content_saver`
[INFO] applying on CivitaiModelDownload(122343_v1.0), received

2024-02-20 16:28:44,917 <requestor-worker-4:2579769, MainThread:140240668346176> (requestor.py:_fetch_single_sync:154 -> middleware.py:apply_sync:96) from logger `RFC.middleware_content_saver`
[INFO] applied on CivitaiModelDownload(122343_v1.0), sent

2024-02-20 16:30:26,589 <requestor-worker-4:2579769, MainThread:140240668346176> (requestor.py:_fetch_single_sync:154 -> middleware.py:apply_sync:93) from logger `RFC.middleware_content_saver`
[INFO] applying on CivitaiModelDownload(52970_v1.0), received

2024-02-20 16:30:26,641 <requestor-worker-4:2579769, MainThread:140240668346176> (requestor.py:_fetch_single_sync:154 -> middleware.py:apply_sync:96) from logger `RFC.middleware_content_saver`
[INFO] applied on CivitaiModelDownload(52970_v1.0), sent

2024-02-20 16:31:18,224 <requestor-worker-4:2579769, MainThread:140240668346176> (requestor.py:_fetch_single_sync:154 -> middleware.py:apply_sync:93) from logger `RFC.middleware_content_saver`
[INFO] applying on CivitaiModelDownload(127954_v1.0), received

2024-02-20 16:31:18,250 <requestor-worker-4:2579769, MainThread:140240668346176> (requestor.py:_fetch_single_sync:154 -> middleware.py:apply_sync:96) from logger `RFC.middleware_content_saver`
[INFO] applied on CivitaiModelDownload(127954_v1.0), sent

2024-02-20 16:32:28,255 <requestor-worker-4:2579769, MainThread:140240668346176> (requestor.py:_fetch_single_sync:154 -> middleware.py:apply_sync:93) from logger `RFC.middleware_content_saver`
[INFO] applying on CivitaiModelDownload(63149_v1), received

2024-02-20 16:32:28,271 <requestor-worker-4:2579769, MainThread:140240668346176> (requestor.py:_fetch_single_sync:154 -> middleware.py:apply_sync:96) from logger `RFC.middleware_content_saver`
[INFO] applied on CivitaiModelDownload(63149_v1), sent

2024-02-20 16:32:55,080 <requestor-worker-4:2579769, MainThread:140240668346176> (requestor.py:_fetch_single_sync:154 -> middleware.py:apply_sync:93) from logger `RFC.middleware_content_saver`
[INFO] applying on CivitaiModelDownload(137765_v1.0), received

2024-02-20 16:32:55,095 <requestor-worker-4:2579769, MainThread:140240668346176> (requestor.py:_fetch_single_sync:154 -> middleware.py:apply_sync:96) from logger `RFC.middleware_content_saver`
[INFO] applied on CivitaiModelDownload(137765_v1.0), sent

2024-02-20 16:33:31,216 <requestor-worker-4:2579769, MainThread:140240668346176> (requestor.py:_fetch_single_sync:154 -> middleware.py:apply_sync:93) from logger `RFC.middleware_content_saver`
[INFO] applying on CivitaiModelDownload(163913_Splatoon3), received

2024-02-20 16:33:31,231 <requestor-worker-4:2579769, MainThread:140240668346176> (requestor.py:_fetch_single_sync:154 -> middleware.py:apply_sync:96) from logger `RFC.middleware_content_saver`
[INFO] applied on CivitaiModelDownload(163913_Splatoon3), sent

2024-02-20 16:33:36,682 <requestor-worker-4:2579769, MainThread:140240668346176> (requestor.py:_fetch_single_sync:154 -> middleware.py:apply_sync:93) from logger `RFC.middleware_content_saver`
[INFO] applying on CivitaiModelDownload(180662_v1.0), received

2024-02-20 16:33:36,688 <requestor-worker-4:2579769, MainThread:140240668346176> (requestor.py:_fetch_single_sync:154 -> middleware.py:apply_sync:96) from logger `RFC.middleware_content_saver`
[INFO] applied on CivitaiModelDownload(180662_v1.0), sent

2024-02-20 16:36:03,076 <requestor-worker-4:2579769, MainThread:140240668346176> (requestor.py:_fetch_single_sync:154 -> middleware.py:apply_sync:93) from logger `RFC.middleware_content_saver`
[INFO] applying on CivitaiModelDownload(174072_v1.0), received

2024-02-20 16:36:03,110 <requestor-worker-4:2579769, MainThread:140240668346176> (requestor.py:_fetch_single_sync:154 -> middleware.py:apply_sync:96) from logger `RFC.middleware_content_saver`
[INFO] applied on CivitaiModelDownload(174072_v1.0), sent

2024-02-20 16:36:57,697 <requestor-worker-4:2579769, MainThread:140240668346176> (requestor.py:_fetch_single_sync:154 -> middleware.py:apply_sync:93) from logger `RFC.middleware_content_saver`
[INFO] applying on CivitaiModelDownload(212942_v1.0), received

2024-02-20 16:36:57,749 <requestor-worker-4:2579769, MainThread:140240668346176> (requestor.py:_fetch_single_sync:154 -> middleware.py:apply_sync:96) from logger `RFC.middleware_content_saver`
[INFO] applied on CivitaiModelDownload(212942_v1.0), sent

2024-02-20 16:37:13,580 <requestor-worker-4:2579769, MainThread:140240668346176> (requestor.py:_fetch_single_sync:154 -> middleware.py:apply_sync:93) from logger `RFC.middleware_content_saver`
[INFO] applying on CivitaiModelDownload(86639_v1.0), received

2024-02-20 16:37:13,588 <requestor-worker-4:2579769, MainThread:140240668346176> (requestor.py:_fetch_single_sync:154 -> middleware.py:apply_sync:96) from logger `RFC.middleware_content_saver`
[INFO] applied on CivitaiModelDownload(86639_v1.0), sent

2024-02-20 16:38:41,476 <requestor-worker-4:2579769, MainThread:140240668346176> (requestor.py:_fetch_single_sync:154 -> middleware.py:apply_sync:93) from logger `RFC.middleware_content_saver`
[INFO] applying on CivitaiModelDownload(189065_v2.0), received

2024-02-20 16:38:43,695 <requestor-worker-4:2579769, MainThread:140240668346176> (requestor.py:_fetch_single_sync:154 -> middleware.py:apply_sync:96) from logger `RFC.middleware_content_saver`
[INFO] applied on CivitaiModelDownload(189065_v2.0), sent

2024-02-20 16:39:25,914 <requestor-worker-4:2579769, MainThread:140240668346176> (requestor.py:_fetch_single_sync:154 -> middleware.py:apply_sync:93) from logger `RFC.middleware_content_saver`
[INFO] applying on CivitaiModelDownload(31332_v1.0), received

2024-02-20 16:39:25,929 <requestor-worker-4:2579769, MainThread:140240668346176> (requestor.py:_fetch_single_sync:154 -> middleware.py:apply_sync:96) from logger `RFC.middleware_content_saver`
[INFO] applied on CivitaiModelDownload(31332_v1.0), sent

2024-02-20 16:39:33,341 <requestor-worker-4:2579769, MainThread:140240668346176> (requestor.py:_fetch_single_sync:154 -> middleware.py:apply_sync:93) from logger `RFC.middleware_content_saver`
[INFO] applying on CivitaiModelDownload(156533_v1.0), received

2024-02-20 16:39:33,346 <requestor-worker-4:2579769, MainThread:140240668346176> (requestor.py:_fetch_single_sync:154 -> middleware.py:apply_sync:96) from logger `RFC.middleware_content_saver`
[INFO] applied on CivitaiModelDownload(156533_v1.0), sent

2024-02-20 16:40:37,121 <requestor-worker-4:2579769, MainThread:140240668346176> (requestor.py:_fetch_single_sync:154 -> middleware.py:apply_sync:93) from logger `RFC.middleware_content_saver`
[INFO] applying on CivitaiModelDownload(172907_v1.0), received

2024-02-20 16:40:38,990 <requestor-worker-4:2579769, MainThread:140240668346176> (requestor.py:_fetch_single_sync:154 -> middleware.py:apply_sync:96) from logger `RFC.middleware_content_saver`
[INFO] applied on CivitaiModelDownload(172907_v1.0), sent

2024-02-20 16:42:03,420 <requestor-worker-4:2579769, MainThread:140240668346176> (requestor.py:_fetch_single_sync:154 -> middleware.py:apply_sync:93) from logger `RFC.middleware_content_saver`
[INFO] applying on CivitaiModelDownload(18584_v1.0), received

2024-02-20 16:42:04,041 <requestor-worker-4:2579769, MainThread:140240668346176> (requestor.py:_fetch_single_sync:154 -> middleware.py:apply_sync:96) from logger `RFC.middleware_content_saver`
[INFO] applied on CivitaiModelDownload(18584_v1.0), sent

2024-02-20 16:43:51,165 <requestor-worker-4:2579769, MainThread:140240668346176> (requestor.py:_fetch_single_sync:154 -> middleware.py:apply_sync:93) from logger `RFC.middleware_content_saver`
[INFO] applying on CivitaiModelDownload(162264_v1.0), received

2024-02-20 16:43:52,998 <requestor-worker-4:2579769, MainThread:140240668346176> (requestor.py:_fetch_single_sync:154 -> middleware.py:apply_sync:96) from logger `RFC.middleware_content_saver`
[INFO] applied on CivitaiModelDownload(162264_v1.0), sent

2024-02-20 16:43:55,944 <requestor-worker-4:2579769, MainThread:140240668346176> (requestor.py:_fetch_single_sync:154 -> middleware.py:apply_sync:93) from logger `RFC.middleware_content_saver`
[INFO] applying on CivitaiModelDownload(24868_1.0), received

2024-02-20 16:43:55,946 <requestor-worker-4:2579769, MainThread:140240668346176> (requestor.py:_fetch_single_sync:154 -> middleware.py:apply_sync:96) from logger `RFC.middleware_content_saver`
[INFO] applied on CivitaiModelDownload(24868_1.0), sent

2024-02-20 16:44:12,256 <requestor-worker-4:2579769, MainThread:140240668346176> (requestor.py:_fetch_single_sync:154 -> middleware.py:apply_sync:93) from logger `RFC.middleware_content_saver`
[INFO] applying on CivitaiModelDownload(115385_v2.0), received

2024-02-20 16:44:12,270 <requestor-worker-4:2579769, MainThread:140240668346176> (requestor.py:_fetch_single_sync:154 -> middleware.py:apply_sync:96) from logger `RFC.middleware_content_saver`
[INFO] applied on CivitaiModelDownload(115385_v2.0), sent

2024-02-20 16:44:22,303 <requestor-worker-4:2579769, MainThread:140240668346176> (requestor.py:_fetch_single_sync:154 -> middleware.py:apply_sync:93) from logger `RFC.middleware_content_saver`
[INFO] applying on CivitaiModelDownload(157992_v1), received

2024-02-20 16:44:22,317 <requestor-worker-4:2579769, MainThread:140240668346176> (requestor.py:_fetch_single_sync:154 -> middleware.py:apply_sync:96) from logger `RFC.middleware_content_saver`
[INFO] applied on CivitaiModelDownload(157992_v1), sent

2024-02-20 16:44:32,500 <requestor-worker-4:2579769, MainThread:140240668346176> (requestor.py:_fetch_single_sync:154 -> middleware.py:apply_sync:93) from logger `RFC.middleware_content_saver`
[INFO] applying on CivitaiModelDownload(63373_v1.0), received

2024-02-20 16:44:32,515 <requestor-worker-4:2579769, MainThread:140240668346176> (requestor.py:_fetch_single_sync:154 -> middleware.py:apply_sync:96) from logger `RFC.middleware_content_saver`
[INFO] applied on CivitaiModelDownload(63373_v1.0), sent

2024-02-20 16:44:56,579 <requestor-worker-4:2579769, MainThread:140240668346176> (requestor.py:_fetch_single_sync:154 -> middleware.py:apply_sync:93) from logger `RFC.middleware_content_saver`
[INFO] applying on CivitaiModelDownload(248899_v1.0), received

2024-02-20 16:44:56,633 <requestor-worker-4:2579769, MainThread:140240668346176> (requestor.py:_fetch_single_sync:154 -> middleware.py:apply_sync:96) from logger `RFC.middleware_content_saver`
[INFO] applied on CivitaiModelDownload(248899_v1.0), sent

2024-02-20 16:45:20,683 <requestor-worker-4:2579769, MainThread:140240668346176> (requestor.py:_fetch_single_sync:154 -> middleware.py:apply_sync:93) from logger `RFC.middleware_content_saver`
[INFO] applying on CivitaiModelDownload(201360_v1.0), received

2024-02-20 16:45:20,693 <requestor-worker-4:2579769, MainThread:140240668346176> (requestor.py:_fetch_single_sync:154 -> middleware.py:apply_sync:96) from logger `RFC.middleware_content_saver`
[INFO] applied on CivitaiModelDownload(201360_v1.0), sent

2024-02-20 16:45:42,792 <requestor-worker-4:2579769, MainThread:140240668346176> (requestor.py:_fetch_single_sync:154 -> middleware.py:apply_sync:93) from logger `RFC.middleware_content_saver`
[INFO] applying on CivitaiModelDownload(9743_V1), received

2024-02-20 16:45:42,844 <requestor-worker-4:2579769, MainThread:140240668346176> (requestor.py:_fetch_single_sync:154 -> middleware.py:apply_sync:96) from logger `RFC.middleware_content_saver`
[INFO] applied on CivitaiModelDownload(9743_V1), sent

2024-02-20 16:45:59,249 <requestor-worker-4:2579769, MainThread:140240668346176> (requestor.py:_fetch_single_sync:154 -> middleware.py:apply_sync:93) from logger `RFC.middleware_content_saver`
[INFO] applying on CivitaiModelDownload(58409_v2.0), received

2024-02-20 16:45:59,255 <requestor-worker-4:2579769, MainThread:140240668346176> (requestor.py:_fetch_single_sync:154 -> middleware.py:apply_sync:96) from logger `RFC.middleware_content_saver`
[INFO] applied on CivitaiModelDownload(58409_v2.0), sent

2024-02-20 16:46:07,772 <requestor-worker-4:2579769, MainThread:140240668346176> (requestor.py:_fetch_single_sync:154 -> middleware.py:apply_sync:93) from logger `RFC.middleware_content_saver`
[INFO] applying on CivitaiModelDownload(126677_v1.0), received

2024-02-20 16:46:07,791 <requestor-worker-4:2579769, MainThread:140240668346176> (requestor.py:_fetch_single_sync:154 -> middleware.py:apply_sync:96) from logger `RFC.middleware_content_saver`
[INFO] applied on CivitaiModelDownload(126677_v1.0), sent

2024-02-20 16:46:16,149 <requestor-worker-4:2579769, MainThread:140240668346176> (requestor.py:_fetch_single_sync:154 -> middleware.py:apply_sync:93) from logger `RFC.middleware_content_saver`
[INFO] applying on CivitaiModelDownload(87467_v1.0), received

2024-02-20 16:46:16,160 <requestor-worker-4:2579769, MainThread:140240668346176> (requestor.py:_fetch_single_sync:154 -> middleware.py:apply_sync:96) from logger `RFC.middleware_content_saver`
[INFO] applied on CivitaiModelDownload(87467_v1.0), sent

2024-02-20 16:46:46,406 <requestor-worker-4:2579769, MainThread:140240668346176> (requestor.py:_fetch_single_sync:154 -> middleware.py:apply_sync:93) from logger `RFC.middleware_content_saver`
[INFO] applying on CivitaiModelDownload(33329_v1.0), received

2024-02-20 16:46:46,458 <requestor-worker-4:2579769, MainThread:140240668346176> (requestor.py:_fetch_single_sync:154 -> middleware.py:apply_sync:96) from logger `RFC.middleware_content_saver`
[INFO] applied on CivitaiModelDownload(33329_v1.0), sent

2024-02-20 16:46:49,164 <requestor-worker-4:2579769, MainThread:140240668346176> (requestor.py:_fetch_single_sync:154 -> middleware.py:apply_sync:93) from logger `RFC.middleware_content_saver`
[INFO] applying on CivitaiModelDownload(160856_v1.0), received

2024-02-20 16:46:49,169 <requestor-worker-4:2579769, MainThread:140240668346176> (requestor.py:_fetch_single_sync:154 -> middleware.py:apply_sync:96) from logger `RFC.middleware_content_saver`
[INFO] applied on CivitaiModelDownload(160856_v1.0), sent

2024-02-20 16:47:14,594 <requestor-worker-4:2579769, MainThread:140240668346176> (requestor.py:_fetch_single_sync:154 -> middleware.py:apply_sync:93) from logger `RFC.middleware_content_saver`
[INFO] applying on CivitaiModelDownload(67078_v1.0), received

2024-02-20 16:47:14,647 <requestor-worker-4:2579769, MainThread:140240668346176> (requestor.py:_fetch_single_sync:154 -> middleware.py:apply_sync:96) from logger `RFC.middleware_content_saver`
[INFO] applied on CivitaiModelDownload(67078_v1.0), sent

2024-02-20 16:47:37,233 <requestor-worker-4:2579769, MainThread:140240668346176> (requestor.py:_fetch_single_sync:154 -> middleware.py:apply_sync:93) from logger `RFC.middleware_content_saver`
[INFO] applying on CivitaiModelDownload(23752_v1.0), received

2024-02-20 16:47:37,460 <requestor-worker-4:2579769, MainThread:140240668346176> (requestor.py:_fetch_single_sync:154 -> middleware.py:apply_sync:96) from logger `RFC.middleware_content_saver`
[INFO] applied on CivitaiModelDownload(23752_v1.0), sent

2024-02-20 16:48:37,807 <requestor-worker-4:2579769, MainThread:140240668346176> (requestor.py:_fetch_single_sync:154 -> middleware.py:apply_sync:93) from logger `RFC.middleware_content_saver`
[INFO] applying on CivitaiModelDownload(39435_v1.0), received

2024-02-20 16:48:37,859 <requestor-worker-4:2579769, MainThread:140240668346176> (requestor.py:_fetch_single_sync:154 -> middleware.py:apply_sync:96) from logger `RFC.middleware_content_saver`
[INFO] applied on CivitaiModelDownload(39435_v1.0), sent

2024-02-20 16:49:19,787 <requestor-worker-4:2579769, MainThread:140240668346176> (requestor.py:_fetch_single_sync:154 -> middleware.py:apply_sync:93) from logger `RFC.middleware_content_saver`
[INFO] applying on CivitaiModelDownload(138970_v1.0), received

2024-02-20 16:49:19,839 <requestor-worker-4:2579769, MainThread:140240668346176> (requestor.py:_fetch_single_sync:154 -> middleware.py:apply_sync:96) from logger `RFC.middleware_content_saver`
[INFO] applied on CivitaiModelDownload(138970_v1.0), sent

2024-02-20 16:50:12,930 <requestor-worker-4:2579769, MainThread:140240668346176> (requestor.py:_fetch_single_sync:154 -> middleware.py:apply_sync:93) from logger `RFC.middleware_content_saver`
[INFO] applying on CivitaiModelDownload(104753_Alpha1), received

2024-02-20 16:50:14,564 <requestor-worker-4:2579769, MainThread:140240668346176> (requestor.py:_fetch_single_sync:154 -> middleware.py:apply_sync:96) from logger `RFC.middleware_content_saver`
[INFO] applied on CivitaiModelDownload(104753_Alpha1), sent

2024-02-20 16:50:19,339 <requestor-worker-4:2579769, MainThread:140240668346176> (requestor.py:_fetch_single_sync:154 -> middleware.py:apply_sync:93) from logger `RFC.middleware_content_saver`
[INFO] applying on CivitaiModelDownload(260994_v1.0), received

2024-02-20 16:50:19,345 <requestor-worker-4:2579769, MainThread:140240668346176> (requestor.py:_fetch_single_sync:154 -> middleware.py:apply_sync:96) from logger `RFC.middleware_content_saver`
[INFO] applied on CivitaiModelDownload(260994_v1.0), sent

2024-02-20 16:51:09,105 <requestor-worker-4:2579769, MainThread:140240668346176> (requestor.py:_fetch_single_sync:154 -> middleware.py:apply_sync:93) from logger `RFC.middleware_content_saver`
[INFO] applying on CivitaiModelDownload(37455_v1.0), received

2024-02-20 16:51:09,157 <requestor-worker-4:2579769, MainThread:140240668346176> (requestor.py:_fetch_single_sync:154 -> middleware.py:apply_sync:96) from logger `RFC.middleware_content_saver`
[INFO] applied on CivitaiModelDownload(37455_v1.0), sent

2024-02-20 16:52:04,644 <requestor-worker-4:2579769, MainThread:140240668346176> (requestor.py:_fetch_single_sync:154 -> middleware.py:apply_sync:93) from logger `RFC.middleware_content_saver`
[INFO] applying on CivitaiModelDownload(28957_Anna_Liebert_T-v2), received

2024-02-20 16:52:04,695 <requestor-worker-4:2579769, MainThread:140240668346176> (requestor.py:_fetch_single_sync:154 -> middleware.py:apply_sync:96) from logger `RFC.middleware_content_saver`
[INFO] applied on CivitaiModelDownload(28957_Anna_Liebert_T-v2), sent

2024-02-20 16:52:18,665 <requestor-worker-4:2579769, MainThread:140240668346176> (requestor.py:_fetch_single_sync:154 -> middleware.py:apply_sync:93) from logger `RFC.middleware_content_saver`
[INFO] applying on CivitaiModelDownload(117847_v1.0), received

2024-02-20 16:52:19,333 <requestor-worker-4:2579769, MainThread:140240668346176> (requestor.py:_fetch_single_sync:154 -> middleware.py:apply_sync:96) from logger `RFC.middleware_content_saver`
[INFO] applied on CivitaiModelDownload(117847_v1.0), sent

2024-02-20 16:52:25,375 <requestor-worker-4:2579769, MainThread:140240668346176> (requestor.py:_fetch_single_sync:154 -> middleware.py:apply_sync:93) from logger `RFC.middleware_content_saver`
[INFO] applying on CivitaiModelDownload(176437_v1.0), received

2024-02-20 16:52:25,381 <requestor-worker-4:2579769, MainThread:140240668346176> (requestor.py:_fetch_single_sync:154 -> middleware.py:apply_sync:96) from logger `RFC.middleware_content_saver`
[INFO] applied on CivitaiModelDownload(176437_v1.0), sent

2024-02-20 16:54:06,644 <requestor-worker-4:2579769, MainThread:140240668346176> (requestor.py:_fetch_single_sync:154 -> middleware.py:apply_sync:93) from logger `RFC.middleware_content_saver`
[INFO] applying on CivitaiModelDownload(213902_PPv3), received

2024-02-20 16:54:07,484 <requestor-worker-4:2579769, MainThread:140240668346176> (requestor.py:_fetch_single_sync:154 -> middleware.py:apply_sync:96) from logger `RFC.middleware_content_saver`
[INFO] applied on CivitaiModelDownload(213902_PPv3), sent

2024-02-20 16:55:08,093 <requestor-worker-4:2579769, MainThread:140240668346176> (requestor.py:_fetch_single_sync:154 -> middleware.py:apply_sync:93) from logger `RFC.middleware_content_saver`
[INFO] applying on CivitaiModelDownload(245904_v2.0), received

2024-02-20 16:55:08,145 <requestor-worker-4:2579769, MainThread:140240668346176> (requestor.py:_fetch_single_sync:154 -> middleware.py:apply_sync:96) from logger `RFC.middleware_content_saver`
[INFO] applied on CivitaiModelDownload(245904_v2.0), sent

2024-02-20 16:55:16,048 <requestor-worker-4:2579769, MainThread:140240668346176> (requestor.py:_fetch_single_sync:154 -> middleware.py:apply_sync:93) from logger `RFC.middleware_content_saver`
[INFO] applying on CivitaiModelDownload(210869_v1.0), received

2024-02-20 16:55:16,054 <requestor-worker-4:2579769, MainThread:140240668346176> (requestor.py:_fetch_single_sync:154 -> middleware.py:apply_sync:96) from logger `RFC.middleware_content_saver`
[INFO] applied on CivitaiModelDownload(210869_v1.0), sent

2024-02-20 16:57:08,226 <requestor-worker-4:2579769, MainThread:140240668346176> (requestor.py:_fetch_single_sync:154 -> middleware.py:apply_sync:93) from logger `RFC.middleware_content_saver`
[INFO] applying on CivitaiModelDownload(69055_v1), received

2024-02-20 16:57:11,420 <requestor-worker-4:2579769, MainThread:140240668346176> (requestor.py:_fetch_single_sync:154 -> middleware.py:apply_sync:96) from logger `RFC.middleware_content_saver`
[INFO] applied on CivitaiModelDownload(69055_v1), sent

2024-02-20 16:57:37,608 <requestor-worker-4:2579769, MainThread:140240668346176> (requestor.py:_fetch_single_sync:154 -> middleware.py:apply_sync:93) from logger `RFC.middleware_content_saver`
[INFO] applying on CivitaiModelDownload(47352_v1.0), received

2024-02-20 16:57:37,622 <requestor-worker-4:2579769, MainThread:140240668346176> (requestor.py:_fetch_single_sync:154 -> middleware.py:apply_sync:96) from logger `RFC.middleware_content_saver`
[INFO] applied on CivitaiModelDownload(47352_v1.0), sent

2024-02-20 16:58:43,729 <requestor-worker-4:2579769, MainThread:140240668346176> (requestor.py:_fetch_single_sync:154 -> middleware.py:apply_sync:93) from logger `RFC.middleware_content_saver`
[INFO] applying on CivitaiModelDownload(37913_v1.0), received

2024-02-20 16:58:43,780 <requestor-worker-4:2579769, MainThread:140240668346176> (requestor.py:_fetch_single_sync:154 -> middleware.py:apply_sync:96) from logger `RFC.middleware_content_saver`
[INFO] applied on CivitaiModelDownload(37913_v1.0), sent

2024-02-20 16:59:03,329 <requestor-worker-4:2579769, MainThread:140240668346176> (requestor.py:_fetch_single_sync:154 -> middleware.py:apply_sync:93) from logger `RFC.middleware_content_saver`
[INFO] applying on CivitaiModelDownload(59174_v1.0), received

2024-02-20 16:59:03,345 <requestor-worker-4:2579769, MainThread:140240668346176> (requestor.py:_fetch_single_sync:154 -> middleware.py:apply_sync:96) from logger `RFC.middleware_content_saver`
[INFO] applied on CivitaiModelDownload(59174_v1.0), sent

2024-02-20 17:00:03,332 <requestor-worker-4:2579769, MainThread:140240668346176> (requestor.py:_fetch_single_sync:154 -> middleware.py:apply_sync:93) from logger `RFC.middleware_content_saver`
[INFO] applying on CivitaiModelDownload(123528_v5), received

2024-02-20 17:00:03,364 <requestor-worker-4:2579769, MainThread:140240668346176> (requestor.py:_fetch_single_sync:154 -> middleware.py:apply_sync:96) from logger `RFC.middleware_content_saver`
[INFO] applied on CivitaiModelDownload(123528_v5), sent

2024-02-20 17:01:16,185 <requestor-worker-4:2579769, MainThread:140240668346176> (requestor.py:_fetch_single_sync:154 -> middleware.py:apply_sync:93) from logger `RFC.middleware_content_saver`
[INFO] applying on CivitaiModelDownload(7103_e5), received

2024-02-20 17:01:23,079 <requestor-worker-4:2579769, MainThread:140240668346176> (requestor.py:_fetch_single_sync:154 -> middleware.py:apply_sync:96) from logger `RFC.middleware_content_saver`
[INFO] applied on CivitaiModelDownload(7103_e5), sent

2024-02-20 17:01:33,154 <requestor-worker-4:2579769, MainThread:140240668346176> (requestor.py:_fetch_single_sync:154 -> middleware.py:apply_sync:93) from logger `RFC.middleware_content_saver`
[INFO] applying on CivitaiModelDownload(282419_v2.0), received

2024-02-20 17:01:37,874 <requestor-worker-4:2579769, MainThread:140240668346176> (requestor.py:_fetch_single_sync:154 -> middleware.py:apply_sync:96) from logger `RFC.middleware_content_saver`
[INFO] applied on CivitaiModelDownload(282419_v2.0), sent

2024-02-20 17:02:41,907 <requestor-worker-4:2579769, MainThread:140240668346176> (requestor.py:_fetch_single_sync:154 -> middleware.py:apply_sync:93) from logger `RFC.middleware_content_saver`
[INFO] applying on CivitaiModelDownload(101649_v1.0), received

2024-02-20 17:02:41,921 <requestor-worker-4:2579769, MainThread:140240668346176> (requestor.py:_fetch_single_sync:154 -> middleware.py:apply_sync:96) from logger `RFC.middleware_content_saver`
[INFO] applied on CivitaiModelDownload(101649_v1.0), sent

2024-02-20 17:03:14,180 <requestor-worker-4:2579769, MainThread:140240668346176> (requestor.py:_fetch_single_sync:154 -> middleware.py:apply_sync:93) from logger `RFC.middleware_content_saver`
[INFO] applying on CivitaiModelDownload(65097_v1), received

2024-02-20 17:03:14,195 <requestor-worker-4:2579769, MainThread:140240668346176> (requestor.py:_fetch_single_sync:154 -> middleware.py:apply_sync:96) from logger `RFC.middleware_content_saver`
[INFO] applied on CivitaiModelDownload(65097_v1), sent

2024-02-20 17:04:15,981 <requestor-worker-4:2579769, MainThread:140240668346176> (requestor.py:_fetch_single_sync:154 -> middleware.py:apply_sync:93) from logger `RFC.middleware_content_saver`
[INFO] applying on CivitaiModelDownload(106919_v1.0), received

2024-02-20 17:04:16,035 <requestor-worker-4:2579769, MainThread:140240668346176> (requestor.py:_fetch_single_sync:154 -> middleware.py:apply_sync:96) from logger `RFC.middleware_content_saver`
[INFO] applied on CivitaiModelDownload(106919_v1.0), sent

2024-02-20 17:05:10,461 <requestor-worker-4:2579769, MainThread:140240668346176> (requestor.py:_fetch_single_sync:154 -> middleware.py:apply_sync:93) from logger `RFC.middleware_content_saver`
[INFO] applying on CivitaiModelDownload(130844_v1.0), received

2024-02-20 17:05:15,115 <requestor-worker-4:2579769, MainThread:140240668346176> (requestor.py:_fetch_single_sync:154 -> middleware.py:apply_sync:96) from logger `RFC.middleware_content_saver`
[INFO] applied on CivitaiModelDownload(130844_v1.0), sent

2024-02-20 17:05:30,211 <requestor-worker-4:2579769, MainThread:140240668346176> (requestor.py:_fetch_single_sync:154 -> middleware.py:apply_sync:93) from logger `RFC.middleware_content_saver`
[INFO] applying on CivitaiModelDownload(257962_v1.0), received

2024-02-20 17:05:30,226 <requestor-worker-4:2579769, MainThread:140240668346176> (requestor.py:_fetch_single_sync:154 -> middleware.py:apply_sync:96) from logger `RFC.middleware_content_saver`
[INFO] applied on CivitaiModelDownload(257962_v1.0), sent

2024-02-20 17:07:05,107 <requestor-worker-4:2579769, MainThread:140240668346176> (requestor.py:_fetch_single_sync:154 -> middleware.py:apply_sync:93) from logger `RFC.middleware_content_saver`
[INFO] applying on CivitaiModelDownload(13242_AnkamaV2), received

2024-02-20 17:07:05,160 <requestor-worker-4:2579769, MainThread:140240668346176> (requestor.py:_fetch_single_sync:154 -> middleware.py:apply_sync:96) from logger `RFC.middleware_content_saver`
[INFO] applied on CivitaiModelDownload(13242_AnkamaV2), sent

2024-02-20 17:07:53,480 <requestor-worker-4:2579769, MainThread:140240668346176> (requestor.py:_fetch_single_sync:154 -> middleware.py:apply_sync:93) from logger `RFC.middleware_content_saver`
[INFO] applying on CivitaiModelDownload(10202_v1.0), received

2024-02-20 17:07:53,533 <requestor-worker-4:2579769, MainThread:140240668346176> (requestor.py:_fetch_single_sync:154 -> middleware.py:apply_sync:96) from logger `RFC.middleware_content_saver`
[INFO] applied on CivitaiModelDownload(10202_v1.0), sent

2024-02-20 17:08:05,389 <requestor-worker-4:2579769, MainThread:140240668346176> (requestor.py:_fetch_single_sync:154 -> middleware.py:apply_sync:93) from logger `RFC.middleware_content_saver`
[INFO] applying on CivitaiModelDownload(142861_v3.0), received

2024-02-20 17:08:05,391 <requestor-worker-4:2579769, MainThread:140240668346176> (requestor.py:_fetch_single_sync:154 -> middleware.py:apply_sync:96) from logger `RFC.middleware_content_saver`
[INFO] applied on CivitaiModelDownload(142861_v3.0), sent

2024-02-20 17:09:42,846 <requestor-worker-4:2579769, MainThread:140240668346176> (requestor.py:_fetch_single_sync:154 -> middleware.py:apply_sync:93) from logger `RFC.middleware_content_saver`
[INFO] applying on CivitaiModelDownload(210901_v3.0), received

2024-02-20 17:09:44,496 <requestor-worker-4:2579769, MainThread:140240668346176> (requestor.py:_fetch_single_sync:154 -> middleware.py:apply_sync:96) from logger `RFC.middleware_content_saver`
[INFO] applied on CivitaiModelDownload(210901_v3.0), sent

2024-02-20 17:11:55,439 <requestor-worker-4:2579769, MainThread:140240668346176> (requestor.py:_fetch_single_sync:154 -> middleware.py:apply_sync:93) from logger `RFC.middleware_content_saver`
[INFO] applying on CivitaiModelDownload(18850_anis_nikke_v2), received

2024-02-20 17:11:56,978 <requestor-worker-4:2579769, MainThread:140240668346176> (requestor.py:_fetch_single_sync:154 -> middleware.py:apply_sync:96) from logger `RFC.middleware_content_saver`
[INFO] applied on CivitaiModelDownload(18850_anis_nikke_v2), sent

2024-02-20 17:12:06,707 <requestor-worker-4:2579769, MainThread:140240668346176> (requestor.py:_fetch_single_sync:154 -> middleware.py:apply_sync:93) from logger `RFC.middleware_content_saver`
[INFO] applying on CivitaiModelDownload(288774_v1), received

2024-02-20 17:12:06,713 <requestor-worker-4:2579769, MainThread:140240668346176> (requestor.py:_fetch_single_sync:154 -> middleware.py:apply_sync:96) from logger `RFC.middleware_content_saver`
[INFO] applied on CivitaiModelDownload(288774_v1), sent

2024-02-20 17:12:55,672 <requestor-worker-4:2579769, MainThread:140240668346176> (requestor.py:_fetch_single_sync:154 -> middleware.py:apply_sync:93) from logger `RFC.middleware_content_saver`
[INFO] applying on CivitaiModelDownload(289316_v1e4), received

2024-02-20 17:12:55,701 <requestor-worker-4:2579769, MainThread:140240668346176> (requestor.py:_fetch_single_sync:154 -> middleware.py:apply_sync:96) from logger `RFC.middleware_content_saver`
[INFO] applied on CivitaiModelDownload(289316_v1e4), sent

2024-02-20 17:13:55,352 <requestor-worker-4:2579769, MainThread:140240668346176> (requestor.py:_fetch_single_sync:154 -> middleware.py:apply_sync:93) from logger `RFC.middleware_content_saver`
[INFO] applying on CivitaiModelDownload(13240_v1.0), received

2024-02-20 17:13:56,772 <requestor-worker-4:2579769, MainThread:140240668346176> (requestor.py:_fetch_single_sync:154 -> middleware.py:apply_sync:96) from logger `RFC.middleware_content_saver`
[INFO] applied on CivitaiModelDownload(13240_v1.0), sent

2024-02-20 17:15:28,843 <requestor-worker-4:2579769, MainThread:140240668346176> (requestor.py:_fetch_single_sync:154 -> middleware.py:apply_sync:93) from logger `RFC.middleware_content_saver`
[INFO] applying on CivitaiModelDownload(21129_v1.0), received

2024-02-20 17:15:28,899 <requestor-worker-4:2579769, MainThread:140240668346176> (requestor.py:_fetch_single_sync:154 -> middleware.py:apply_sync:96) from logger `RFC.middleware_content_saver`
[INFO] applied on CivitaiModelDownload(21129_v1.0), sent

2024-02-20 17:17:50,736 <requestor-worker-4:2579769, MainThread:140240668346176> (requestor.py:_fetch_single_sync:154 -> middleware.py:apply_sync:93) from logger `RFC.middleware_content_saver`
[INFO] applying on CivitaiModelDownload(60568_v3offset), received

2024-02-20 17:17:51,540 <requestor-worker-4:2579769, MainThread:140240668346176> (requestor.py:_fetch_single_sync:154 -> middleware.py:apply_sync:96) from logger `RFC.middleware_content_saver`
[INFO] applied on CivitaiModelDownload(60568_v3offset), sent

2024-02-20 17:18:00,147 <requestor-worker-4:2579769, MainThread:140240668346176> (requestor.py:_fetch_single_sync:154 -> middleware.py:apply_sync:93) from logger `RFC.middleware_content_saver`
[INFO] applying on CivitaiModelDownload(59152_v1.0), received

2024-02-20 17:18:00,152 <requestor-worker-4:2579769, MainThread:140240668346176> (requestor.py:_fetch_single_sync:154 -> middleware.py:apply_sync:96) from logger `RFC.middleware_content_saver`
[INFO] applied on CivitaiModelDownload(59152_v1.0), sent

2024-02-20 17:18:27,088 <requestor-worker-4:2579769, MainThread:140240668346176> (requestor.py:_fetch_single_sync:154 -> middleware.py:apply_sync:93) from logger `RFC.middleware_content_saver`
[INFO] applying on CivitaiModelDownload(293600_beta), received

2024-02-20 17:18:27,100 <requestor-worker-4:2579769, MainThread:140240668346176> (requestor.py:_fetch_single_sync:154 -> middleware.py:apply_sync:96) from logger `RFC.middleware_content_saver`
[INFO] applied on CivitaiModelDownload(293600_beta), sent

2024-02-20 17:18:31,777 <requestor-worker-4:2579769, MainThread:140240668346176> (requestor.py:_fetch_single_sync:154 -> middleware.py:apply_sync:93) from logger `RFC.middleware_content_saver`
[INFO] applying on CivitaiModelDownload(261140_v1.0), received

2024-02-20 17:18:31,783 <requestor-worker-4:2579769, MainThread:140240668346176> (requestor.py:_fetch_single_sync:154 -> middleware.py:apply_sync:96) from logger `RFC.middleware_content_saver`
[INFO] applied on CivitaiModelDownload(261140_v1.0), sent

2024-02-20 17:19:24,806 <requestor-worker-4:2579769, MainThread:140240668346176> (requestor.py:_fetch_single_sync:154 -> middleware.py:apply_sync:93) from logger `RFC.middleware_content_saver`
[INFO] applying on CivitaiModelDownload(193622_v1.0), received

2024-02-20 17:19:24,831 <requestor-worker-4:2579769, MainThread:140240668346176> (requestor.py:_fetch_single_sync:154 -> middleware.py:apply_sync:96) from logger `RFC.middleware_content_saver`
[INFO] applied on CivitaiModelDownload(193622_v1.0), sent

2024-02-20 17:19:39,500 <requestor-worker-4:2579769, MainThread:140240668346176> (requestor.py:_fetch_single_sync:154 -> middleware.py:apply_sync:93) from logger `RFC.middleware_content_saver`
[INFO] applying on CivitaiModelDownload(21868_AnimeMagazineCover), received

2024-02-20 17:19:39,509 <requestor-worker-4:2579769, MainThread:140240668346176> (requestor.py:_fetch_single_sync:154 -> middleware.py:apply_sync:96) from logger `RFC.middleware_content_saver`
[INFO] applied on CivitaiModelDownload(21868_AnimeMagazineCover), sent

2024-02-20 17:21:46,162 <requestor-worker-4:2579769, MainThread:140240668346176> (requestor.py:_fetch_single_sync:154 -> middleware.py:apply_sync:93) from logger `RFC.middleware_content_saver`
[INFO] applying on CivitaiModelDownload(138644_v1E7), received

2024-02-20 17:21:46,219 <requestor-worker-4:2579769, MainThread:140240668346176> (requestor.py:_fetch_single_sync:154 -> middleware.py:apply_sync:96) from logger `RFC.middleware_content_saver`
[INFO] applied on CivitaiModelDownload(138644_v1E7), sent

2024-02-20 17:23:00,000 <requestor-worker-4:2579769, MainThread:140240668346176> (requestor.py:_fetch_single_sync:154 -> middleware.py:apply_sync:93) from logger `RFC.middleware_content_saver`
[INFO] applying on CivitaiModelDownload(48428_v1.0), received

2024-02-20 17:23:00,053 <requestor-worker-4:2579769, MainThread:140240668346176> (requestor.py:_fetch_single_sync:154 -> middleware.py:apply_sync:96) from logger `RFC.middleware_content_saver`
[INFO] applied on CivitaiModelDownload(48428_v1.0), sent

2024-02-20 17:23:36,980 <requestor-worker-4:2579769, MainThread:140240668346176> (requestor.py:_fetch_single_sync:154 -> middleware.py:apply_sync:93) from logger `RFC.middleware_content_saver`
[INFO] applying on CivitaiModelDownload(63997_v1.0), received

2024-02-20 17:23:37,113 <requestor-worker-4:2579769, MainThread:140240668346176> (requestor.py:_fetch_single_sync:154 -> middleware.py:apply_sync:96) from logger `RFC.middleware_content_saver`
[INFO] applied on CivitaiModelDownload(63997_v1.0), sent

2024-02-20 17:25:44,168 <requestor-worker-4:2579769, MainThread:140240668346176> (requestor.py:_fetch_single_sync:154 -> middleware.py:apply_sync:93) from logger `RFC.middleware_content_saver`
[INFO] applying on CivitaiModelDownload(29667_soft), received

2024-02-20 17:25:47,783 <requestor-worker-4:2579769, MainThread:140240668346176> (requestor.py:_fetch_single_sync:154 -> middleware.py:apply_sync:96) from logger `RFC.middleware_content_saver`
[INFO] applied on CivitaiModelDownload(29667_soft), sent

2024-02-20 17:27:10,158 <requestor-worker-4:2579769, MainThread:140240668346176> (requestor.py:_fetch_single_sync:154 -> middleware.py:apply_sync:93) from logger `RFC.middleware_content_saver`
[INFO] applying on CivitaiModelDownload(14919_v.1.0), received

2024-02-20 17:27:14,981 <requestor-worker-4:2579769, MainThread:140240668346176> (requestor.py:_fetch_single_sync:154 -> middleware.py:apply_sync:96) from logger `RFC.middleware_content_saver`
[INFO] applied on CivitaiModelDownload(14919_v.1.0), sent

2024-02-20 17:27:40,427 <requestor-worker-4:2579769, MainThread:140240668346176> (requestor.py:_fetch_single_sync:154 -> middleware.py:apply_sync:93) from logger `RFC.middleware_content_saver`
[INFO] applying on CivitaiModelDownload(280541_v1.0), received

2024-02-20 17:27:40,435 <requestor-worker-4:2579769, MainThread:140240668346176> (requestor.py:_fetch_single_sync:154 -> middleware.py:apply_sync:96) from logger `RFC.middleware_content_saver`
[INFO] applied on CivitaiModelDownload(280541_v1.0), sent

2024-02-20 17:27:58,556 <requestor-worker-4:2579769, MainThread:140240668346176> (requestor.py:_fetch_single_sync:154 -> middleware.py:apply_sync:93) from logger `RFC.middleware_content_saver`
[INFO] applying on CivitaiModelDownload(88175_v2.0), received

2024-02-20 17:27:58,570 <requestor-worker-4:2579769, MainThread:140240668346176> (requestor.py:_fetch_single_sync:154 -> middleware.py:apply_sync:96) from logger `RFC.middleware_content_saver`
[INFO] applied on CivitaiModelDownload(88175_v2.0), sent

2024-02-20 17:28:06,654 <requestor-worker-4:2579769, MainThread:140240668346176> (requestor.py:_fetch_single_sync:154 -> middleware.py:apply_sync:93) from logger `RFC.middleware_content_saver`
[INFO] applying on CivitaiModelDownload(75412_v2.0), received

2024-02-20 17:28:06,668 <requestor-worker-4:2579769, MainThread:140240668346176> (requestor.py:_fetch_single_sync:154 -> middleware.py:apply_sync:96) from logger `RFC.middleware_content_saver`
[INFO] applied on CivitaiModelDownload(75412_v2.0), sent

2024-02-20 17:28:14,237 <requestor-worker-4:2579769, MainThread:140240668346176> (requestor.py:_fetch_single_sync:154 -> middleware.py:apply_sync:93) from logger `RFC.middleware_content_saver`
[INFO] applying on CivitaiModelDownload(55987_v2.0), received

2024-02-20 17:28:14,245 <requestor-worker-4:2579769, MainThread:140240668346176> (requestor.py:_fetch_single_sync:154 -> middleware.py:apply_sync:96) from logger `RFC.middleware_content_saver`
[INFO] applied on CivitaiModelDownload(55987_v2.0), sent

2024-02-20 17:28:43,390 <requestor-worker-4:2579769, MainThread:140240668346176> (requestor.py:_fetch_single_sync:154 -> middleware.py:apply_sync:93) from logger `RFC.middleware_content_saver`
[INFO] applying on CivitaiModelDownload(56652_Kana_v1), received

2024-02-20 17:28:43,398 <requestor-worker-4:2579769, MainThread:140240668346176> (requestor.py:_fetch_single_sync:154 -> middleware.py:apply_sync:96) from logger `RFC.middleware_content_saver`
[INFO] applied on CivitaiModelDownload(56652_Kana_v1), sent

2024-02-20 17:29:02,813 <requestor-worker-4:2579769, MainThread:140240668346176> (requestor.py:_fetch_single_sync:154 -> middleware.py:apply_sync:93) from logger `RFC.middleware_content_saver`
[INFO] applying on CivitaiModelDownload(59019_Eru_v1.0), received

2024-02-20 17:29:02,826 <requestor-worker-4:2579769, MainThread:140240668346176> (requestor.py:_fetch_single_sync:154 -> middleware.py:apply_sync:96) from logger `RFC.middleware_content_saver`
[INFO] applied on CivitaiModelDownload(59019_Eru_v1.0), sent

2024-02-20 17:29:54,129 <requestor-worker-4:2579769, MainThread:140240668346176> (requestor.py:_fetch_single_sync:154 -> middleware.py:apply_sync:93) from logger `RFC.middleware_content_saver`
[INFO] applying on CivitaiModelDownload(16820_v1.0), received

2024-02-20 17:29:56,077 <requestor-worker-4:2579769, MainThread:140240668346176> (requestor.py:_fetch_single_sync:154 -> middleware.py:apply_sync:96) from logger `RFC.middleware_content_saver`
[INFO] applied on CivitaiModelDownload(16820_v1.0), sent

2024-02-20 17:30:35,206 <requestor-worker-4:2579769, MainThread:140240668346176> (requestor.py:_fetch_single_sync:154 -> middleware.py:apply_sync:93) from logger `RFC.middleware_content_saver`
[INFO] applying on CivitaiModelDownload(212873_v1.0), received

2024-02-20 17:30:35,232 <requestor-worker-4:2579769, MainThread:140240668346176> (requestor.py:_fetch_single_sync:154 -> middleware.py:apply_sync:96) from logger `RFC.middleware_content_saver`
[INFO] applied on CivitaiModelDownload(212873_v1.0), sent

2024-02-20 17:31:20,828 <requestor-worker-4:2579769, MainThread:140240668346176> (requestor.py:_fetch_single_sync:154 -> middleware.py:apply_sync:93) from logger `RFC.middleware_content_saver`
[INFO] applying on CivitaiModelDownload(111218_v1.0), received

2024-02-20 17:31:20,843 <requestor-worker-4:2579769, MainThread:140240668346176> (requestor.py:_fetch_single_sync:154 -> middleware.py:apply_sync:96) from logger `RFC.middleware_content_saver`
[INFO] applied on CivitaiModelDownload(111218_v1.0), sent

2024-02-20 17:31:40,058 <requestor-worker-4:2579769, MainThread:140240668346176> (requestor.py:_fetch_single_sync:154 -> middleware.py:apply_sync:93) from logger `RFC.middleware_content_saver`
[INFO] applying on CivitaiModelDownload(169489_PanRight), received

2024-02-20 17:31:40,086 <requestor-worker-4:2579769, MainThread:140240668346176> (requestor.py:_fetch_single_sync:154 -> middleware.py:apply_sync:96) from logger `RFC.middleware_content_saver`
[INFO] applied on CivitaiModelDownload(169489_PanRight), sent

2024-02-20 17:32:44,383 <requestor-worker-4:2579769, MainThread:140240668346176> (requestor.py:_fetch_single_sync:154 -> middleware.py:apply_sync:93) from logger `RFC.middleware_content_saver`
[INFO] applying on CivitaiModelDownload(171357_RollClockwise), received

2024-02-20 17:32:44,409 <requestor-worker-4:2579769, MainThread:140240668346176> (requestor.py:_fetch_single_sync:154 -> middleware.py:apply_sync:96) from logger `RFC.middleware_content_saver`
[INFO] applied on CivitaiModelDownload(171357_RollClockwise), sent

2024-02-20 17:33:21,794 <requestor-worker-4:2579769, MainThread:140240668346176> (requestor.py:_fetch_single_sync:154 -> middleware.py:apply_sync:93) from logger `RFC.middleware_content_saver`
[INFO] applying on CivitaiModelDownload(171351_PanUp), received

2024-02-20 17:33:21,821 <requestor-worker-4:2579769, MainThread:140240668346176> (requestor.py:_fetch_single_sync:154 -> middleware.py:apply_sync:96) from logger `RFC.middleware_content_saver`
[INFO] applied on CivitaiModelDownload(171351_PanUp), sent

2024-02-20 17:33:35,226 <requestor-worker-4:2579769, MainThread:140240668346176> (requestor.py:_fetch_single_sync:154 -> middleware.py:apply_sync:93) from logger `RFC.middleware_content_saver`
[INFO] applying on CivitaiModelDownload(114876_v1.0), received

2024-02-20 17:33:35,241 <requestor-worker-4:2579769, MainThread:140240668346176> (requestor.py:_fetch_single_sync:154 -> middleware.py:apply_sync:96) from logger `RFC.middleware_content_saver`
[INFO] applied on CivitaiModelDownload(114876_v1.0), sent

2024-02-20 17:34:03,247 <requestor-worker-4:2579769, MainThread:140240668346176> (requestor.py:_fetch_single_sync:154 -> middleware.py:apply_sync:93) from logger `RFC.middleware_content_saver`
[INFO] applying on CivitaiModelDownload(298944_v1.0), received

2024-02-20 17:34:03,275 <requestor-worker-4:2579769, MainThread:140240668346176> (requestor.py:_fetch_single_sync:154 -> middleware.py:apply_sync:96) from logger `RFC.middleware_content_saver`
[INFO] applied on CivitaiModelDownload(298944_v1.0), sent

2024-02-20 17:34:16,818 <requestor-worker-4:2579769, MainThread:140240668346176> (requestor.py:_fetch_single_sync:154 -> middleware.py:apply_sync:93) from logger `RFC.middleware_content_saver`
[INFO] applying on CivitaiModelDownload(210707_v1.0), received

2024-02-20 17:34:16,833 <requestor-worker-4:2579769, MainThread:140240668346176> (requestor.py:_fetch_single_sync:154 -> middleware.py:apply_sync:96) from logger `RFC.middleware_content_saver`
[INFO] applied on CivitaiModelDownload(210707_v1.0), sent

2024-02-20 17:34:40,925 <requestor-worker-4:2579769, MainThread:140240668346176> (requestor.py:_fetch_single_sync:154 -> middleware.py:apply_sync:93) from logger `RFC.middleware_content_saver`
[INFO] applying on CivitaiModelDownload(230925_ciah_0e), received

2024-02-20 17:34:41,461 <requestor-worker-4:2579769, MainThread:140240668346176> (requestor.py:_fetch_single_sync:154 -> middleware.py:apply_sync:96) from logger `RFC.middleware_content_saver`
[INFO] applied on CivitaiModelDownload(230925_ciah_0e), sent

2024-02-20 17:35:10,427 <requestor-worker-4:2579769, MainThread:140240668346176> (requestor.py:_fetch_single_sync:154 -> middleware.py:apply_sync:93) from logger `RFC.middleware_content_saver`
[INFO] applying on CivitaiModelDownload(98208_v1.0), received

2024-02-20 17:35:10,457 <requestor-worker-4:2579769, MainThread:140240668346176> (requestor.py:_fetch_single_sync:154 -> middleware.py:apply_sync:96) from logger `RFC.middleware_content_saver`
[INFO] applied on CivitaiModelDownload(98208_v1.0), sent

2024-02-20 17:35:44,707 <requestor-worker-4:2579769, MainThread:140240668346176> (requestor.py:_fetch_single_sync:154 -> middleware.py:apply_sync:93) from logger `RFC.middleware_content_saver`
[INFO] applying on CivitaiModelDownload(32063_v1.0-10200), received

2024-02-20 17:35:45,173 <requestor-worker-4:2579769, MainThread:140240668346176> (requestor.py:_fetch_single_sync:154 -> middleware.py:apply_sync:96) from logger `RFC.middleware_content_saver`
[INFO] applied on CivitaiModelDownload(32063_v1.0-10200), sent

2024-02-20 17:35:55,273 <requestor-worker-4:2579769, MainThread:140240668346176> (requestor.py:_fetch_single_sync:154 -> middleware.py:apply_sync:93) from logger `RFC.middleware_content_saver`
[INFO] applying on CivitaiModelDownload(183955_v1.0), received

2024-02-20 17:35:55,288 <requestor-worker-4:2579769, MainThread:140240668346176> (requestor.py:_fetch_single_sync:154 -> middleware.py:apply_sync:96) from logger `RFC.middleware_content_saver`
[INFO] applied on CivitaiModelDownload(183955_v1.0), sent

2024-02-20 17:36:01,611 <requestor-worker-4:2579769, MainThread:140240668346176> (requestor.py:_fetch_single_sync:154 -> middleware.py:apply_sync:93) from logger `RFC.middleware_content_saver`
[INFO] applying on CivitaiModelDownload(59034_v1.0), received

2024-02-20 17:36:01,656 <requestor-worker-4:2579769, MainThread:140240668346176> (requestor.py:_fetch_single_sync:154 -> middleware.py:apply_sync:96) from logger `RFC.middleware_content_saver`
[INFO] applied on CivitaiModelDownload(59034_v1.0), sent

2024-02-20 17:37:20,765 <requestor-worker-4:2579769, MainThread:140240668346176> (requestor.py:_fetch_single_sync:154 -> middleware.py:apply_sync:93) from logger `RFC.middleware_content_saver`
[INFO] applying on CivitaiModelDownload(165115_v0.1), received

2024-02-20 17:37:26,447 <requestor-worker-4:2579769, MainThread:140240668346176> (requestor.py:_fetch_single_sync:154 -> middleware.py:apply_sync:96) from logger `RFC.middleware_content_saver`
[INFO] applied on CivitaiModelDownload(165115_v0.1), sent

2024-02-20 17:38:13,300 <requestor-worker-4:2579769, MainThread:140240668346176> (requestor.py:_fetch_single_sync:154 -> middleware.py:apply_sync:93) from logger `RFC.middleware_content_saver`
[INFO] applying on CivitaiModelDownload(307930_v1.0), received

2024-02-20 17:38:13,336 <requestor-worker-4:2579769, MainThread:140240668346176> (requestor.py:_fetch_single_sync:154 -> middleware.py:apply_sync:96) from logger `RFC.middleware_content_saver`
[INFO] applied on CivitaiModelDownload(307930_v1.0), sent

2024-02-20 17:39:38,176 <requestor-worker-4:2579769, MainThread:140240668346176> (requestor.py:_fetch_single_sync:154 -> middleware.py:apply_sync:93) from logger `RFC.middleware_content_saver`
[INFO] applying on CivitaiModelDownload(93807_v1), received

2024-02-20 17:39:40,799 <requestor-worker-4:2579769, MainThread:140240668346176> (requestor.py:_fetch_single_sync:154 -> middleware.py:apply_sync:96) from logger `RFC.middleware_content_saver`
[INFO] applied on CivitaiModelDownload(93807_v1), sent

2024-02-20 17:41:39,806 <requestor-worker-4:2579769, MainThread:140240668346176> (requestor.py:_fetch_single_sync:154 -> middleware.py:apply_sync:93) from logger `RFC.middleware_content_saver`
[INFO] applying on CivitaiModelDownload(161481_Anglo-SaxonBuckles,Clasps,andStrapFittingsXL), received

2024-02-20 17:41:45,242 <requestor-worker-4:2579769, MainThread:140240668346176> (requestor.py:_fetch_single_sync:154 -> middleware.py:apply_sync:96) from logger `RFC.middleware_content_saver`
[INFO] applied on CivitaiModelDownload(161481_Anglo-SaxonBuckles,Clasps,andStrapFittingsXL), sent

2024-02-20 17:43:02,221 <requestor-worker-4:2579769, MainThread:140240668346176> (requestor.py:_fetch_single_sync:154 -> middleware.py:apply_sync:93) from logger `RFC.middleware_content_saver`
[INFO] applying on CivitaiModelDownload(61224_v1.0), received

2024-02-20 17:43:02,273 <requestor-worker-4:2579769, MainThread:140240668346176> (requestor.py:_fetch_single_sync:154 -> middleware.py:apply_sync:96) from logger `RFC.middleware_content_saver`
[INFO] applied on CivitaiModelDownload(61224_v1.0), sent

2024-02-20 17:43:46,237 <requestor-worker-4:2579769, MainThread:140240668346176> (requestor.py:_fetch_single_sync:154 -> middleware.py:apply_sync:93) from logger `RFC.middleware_content_saver`
[INFO] applying on CivitaiModelDownload(17192_RGv1), received

2024-02-20 17:43:46,286 <requestor-worker-4:2579769, MainThread:140240668346176> (requestor.py:_fetch_single_sync:154 -> middleware.py:apply_sync:96) from logger `RFC.middleware_content_saver`
[INFO] applied on CivitaiModelDownload(17192_RGv1), sent

2024-02-20 17:46:29,335 <requestor-worker-4:2579769, MainThread:140240668346176> (requestor.py:_fetch_single_sync:154 -> middleware.py:apply_sync:93) from logger `RFC.middleware_content_saver`
[INFO] applying on CivitaiModelDownload(306831_v1.0), received

2024-02-20 17:46:29,374 <requestor-worker-4:2579769, MainThread:140240668346176> (requestor.py:_fetch_single_sync:154 -> middleware.py:apply_sync:96) from logger `RFC.middleware_content_saver`
[INFO] applied on CivitaiModelDownload(306831_v1.0), sent

2024-02-20 17:47:16,726 <requestor-worker-4:2579769, MainThread:140240668346176> (requestor.py:_fetch_single_sync:154 -> middleware.py:apply_sync:93) from logger `RFC.middleware_content_saver`
[INFO] applying on CivitaiModelDownload(305358_v1.0), received

2024-02-20 17:47:16,829 <requestor-worker-4:2579769, MainThread:140240668346176> (requestor.py:_fetch_single_sync:154 -> middleware.py:apply_sync:96) from logger `RFC.middleware_content_saver`
[INFO] applied on CivitaiModelDownload(305358_v1.0), sent

2024-02-20 17:47:24,334 <requestor-worker-4:2579769, MainThread:140240668346176> (requestor.py:_fetch_single_sync:154 -> middleware.py:apply_sync:93) from logger `RFC.middleware_content_saver`
[INFO] applying on CivitaiModelDownload(129096_final), received

2024-02-20 17:47:24,367 <requestor-worker-4:2579769, MainThread:140240668346176> (requestor.py:_fetch_single_sync:154 -> middleware.py:apply_sync:96) from logger `RFC.middleware_content_saver`
[INFO] applied on CivitaiModelDownload(129096_final), sent

2024-02-20 17:47:33,099 <requestor-worker-4:2579769, MainThread:140240668346176> (requestor.py:_fetch_single_sync:154 -> middleware.py:apply_sync:93) from logger `RFC.middleware_content_saver`
[INFO] applying on CivitaiModelDownload(176702_v1.0), received

2024-02-20 17:47:33,112 <requestor-worker-4:2579769, MainThread:140240668346176> (requestor.py:_fetch_single_sync:154 -> middleware.py:apply_sync:96) from logger `RFC.middleware_content_saver`
[INFO] applied on CivitaiModelDownload(176702_v1.0), sent

2024-02-20 17:47:40,591 <requestor-worker-4:2579769, MainThread:140240668346176> (requestor.py:_fetch_single_sync:154 -> middleware.py:apply_sync:93) from logger `RFC.middleware_content_saver`
[INFO] applying on CivitaiModelDownload(246248_v1.0), received

2024-02-20 17:47:40,602 <requestor-worker-4:2579769, MainThread:140240668346176> (requestor.py:_fetch_single_sync:154 -> middleware.py:apply_sync:96) from logger `RFC.middleware_content_saver`
[INFO] applied on CivitaiModelDownload(246248_v1.0), sent

2024-02-20 17:48:12,842 <requestor-worker-4:2579769, MainThread:140240668346176> (requestor.py:_fetch_single_sync:154 -> middleware.py:apply_sync:93) from logger `RFC.middleware_content_saver`
[INFO] applying on CivitaiModelDownload(22068_vI.o), received

2024-02-20 17:48:12,893 <requestor-worker-4:2579769, MainThread:140240668346176> (requestor.py:_fetch_single_sync:154 -> middleware.py:apply_sync:96) from logger `RFC.middleware_content_saver`
[INFO] applied on CivitaiModelDownload(22068_vI.o), sent

2024-02-20 17:52:31,831 <requestor-worker-4:2579769, MainThread:140240668346176> (requestor.py:_fetch_single_sync:154 -> middleware.py:apply_sync:93) from logger `RFC.middleware_content_saver`
[INFO] applying on CivitaiModelDownload(136670_v1.0), received

2024-02-20 17:52:40,466 <requestor-worker-4:2579769, MainThread:140240668346176> (requestor.py:_fetch_single_sync:154 -> middleware.py:apply_sync:96) from logger `RFC.middleware_content_saver`
[INFO] applied on CivitaiModelDownload(136670_v1.0), sent

2024-02-20 17:53:52,897 <requestor-worker-4:2579769, MainThread:140240668346176> (requestor.py:_fetch_single_sync:154 -> middleware.py:apply_sync:93) from logger `RFC.middleware_content_saver`
[INFO] applying on CivitaiModelDownload(247527_v1.0), received

2024-02-20 17:53:57,261 <requestor-worker-4:2579769, MainThread:140240668346176> (requestor.py:_fetch_single_sync:154 -> middleware.py:apply_sync:96) from logger `RFC.middleware_content_saver`
[INFO] applied on CivitaiModelDownload(247527_v1.0), sent

2024-02-20 17:54:10,779 <requestor-worker-4:2579769, MainThread:140240668346176> (requestor.py:_fetch_single_sync:154 -> middleware.py:apply_sync:93) from logger `RFC.middleware_content_saver`
[INFO] applying on CivitaiModelDownload(152939_v2.0), received

2024-02-20 17:54:10,795 <requestor-worker-4:2579769, MainThread:140240668346176> (requestor.py:_fetch_single_sync:154 -> middleware.py:apply_sync:96) from logger `RFC.middleware_content_saver`
[INFO] applied on CivitaiModelDownload(152939_v2.0), sent

2024-02-20 17:54:41,083 <requestor-worker-4:2579769, MainThread:140240668346176> (requestor.py:_fetch_single_sync:154 -> middleware.py:apply_sync:93) from logger `RFC.middleware_content_saver`
[INFO] applying on CivitaiModelDownload(241497_v1.0), received

2024-02-20 17:54:41,094 <requestor-worker-4:2579769, MainThread:140240668346176> (requestor.py:_fetch_single_sync:154 -> middleware.py:apply_sync:96) from logger `RFC.middleware_content_saver`
[INFO] applied on CivitaiModelDownload(241497_v1.0), sent

2024-02-20 17:55:12,875 <requestor-worker-4:2579769, MainThread:140240668346176> (requestor.py:_fetch_single_sync:154 -> middleware.py:apply_sync:93) from logger `RFC.middleware_content_saver`
[INFO] applying on CivitaiModelDownload(13854_1girl,angelabalzac), received

2024-02-20 17:55:12,890 <requestor-worker-4:2579769, MainThread:140240668346176> (requestor.py:_fetch_single_sync:154 -> middleware.py:apply_sync:96) from logger `RFC.middleware_content_saver`
[INFO] applied on CivitaiModelDownload(13854_1girl,angelabalzac), sent

2024-02-20 17:55:51,321 <requestor-worker-4:2579769, MainThread:140240668346176> (requestor.py:_fetch_single_sync:154 -> middleware.py:apply_sync:93) from logger `RFC.middleware_content_saver`
[INFO] applying on CivitaiModelDownload(264337_Angelav1.0), received

2024-02-20 17:55:51,349 <requestor-worker-4:2579769, MainThread:140240668346176> (requestor.py:_fetch_single_sync:154 -> middleware.py:apply_sync:96) from logger `RFC.middleware_content_saver`
[INFO] applied on CivitaiModelDownload(264337_Angelav1.0), sent

2024-02-20 17:55:54,330 <requestor-worker-4:2579769, MainThread:140240668346176> (requestor.py:_fetch_single_sync:154 -> middleware.py:apply_sync:93) from logger `RFC.middleware_content_saver`
[INFO] applying on CivitaiModelDownload(120340_LECO), received

2024-02-20 17:55:54,336 <requestor-worker-4:2579769, MainThread:140240668346176> (requestor.py:_fetch_single_sync:154 -> middleware.py:apply_sync:96) from logger `RFC.middleware_content_saver`
[INFO] applied on CivitaiModelDownload(120340_LECO), sent

2024-02-20 17:56:03,952 <requestor-worker-4:2579769, MainThread:140240668346176> (requestor.py:_fetch_single_sync:154 -> middleware.py:apply_sync:93) from logger `RFC.middleware_content_saver`
[INFO] applying on CivitaiModelDownload(68824_v1.0), received

2024-02-20 17:56:05,673 <requestor-worker-4:2579769, MainThread:140240668346176> (requestor.py:_fetch_single_sync:154 -> middleware.py:apply_sync:96) from logger `RFC.middleware_content_saver`
[INFO] applied on CivitaiModelDownload(68824_v1.0), sent

2024-02-20 17:56:19,942 <requestor-worker-4:2579769, MainThread:140240668346176> (requestor.py:_fetch_single_sync:154 -> middleware.py:apply_sync:93) from logger `RFC.middleware_content_saver`
[INFO] applying on CivitaiModelDownload(293982_v1.0), received

2024-02-20 17:56:19,956 <requestor-worker-4:2579769, MainThread:140240668346176> (requestor.py:_fetch_single_sync:154 -> middleware.py:apply_sync:96) from logger `RFC.middleware_content_saver`
[INFO] applied on CivitaiModelDownload(293982_v1.0), sent

2024-02-20 17:56:33,159 <requestor-worker-4:2579769, MainThread:140240668346176> (requestor.py:_fetch_single_sync:154 -> middleware.py:apply_sync:93) from logger `RFC.middleware_content_saver`
[INFO] applying on CivitaiModelDownload(199853_AngelHarev1), received

2024-02-20 17:56:33,174 <requestor-worker-4:2579769, MainThread:140240668346176> (requestor.py:_fetch_single_sync:154 -> middleware.py:apply_sync:96) from logger `RFC.middleware_content_saver`
[INFO] applied on CivitaiModelDownload(199853_AngelHarev1), sent

2024-02-20 17:57:40,282 <requestor-worker-4:2579769, MainThread:140240668346176> (requestor.py:_fetch_single_sync:154 -> middleware.py:apply_sync:93) from logger `RFC.middleware_content_saver`
[INFO] applying on CivitaiModelDownload(122980_v1), received

2024-02-20 17:57:41,935 <requestor-worker-4:2579769, MainThread:140240668346176> (requestor.py:_fetch_single_sync:154 -> middleware.py:apply_sync:96) from logger `RFC.middleware_content_saver`
[INFO] applied on CivitaiModelDownload(122980_v1), sent

2024-02-20 17:58:08,568 <requestor-worker-4:2579769, MainThread:140240668346176> (requestor.py:_fetch_single_sync:154 -> middleware.py:apply_sync:93) from logger `RFC.middleware_content_saver`
[INFO] applying on CivitaiModelDownload(286201_v3.0), received

2024-02-20 17:58:08,583 <requestor-worker-4:2579769, MainThread:140240668346176> (requestor.py:_fetch_single_sync:154 -> middleware.py:apply_sync:96) from logger `RFC.middleware_content_saver`
[INFO] applied on CivitaiModelDownload(286201_v3.0), sent

2024-02-20 17:59:02,938 <requestor-worker-4:2579769, MainThread:140240668346176> (requestor.py:_fetch_single_sync:154 -> middleware.py:apply_sync:93) from logger `RFC.middleware_content_saver`
[INFO] applying on CivitaiModelDownload(147668_v1.0), received

2024-02-20 17:59:07,625 <requestor-worker-4:2579769, MainThread:140240668346176> (requestor.py:_fetch_single_sync:154 -> middleware.py:apply_sync:96) from logger `RFC.middleware_content_saver`
[INFO] applied on CivitaiModelDownload(147668_v1.0), sent

2024-02-20 17:59:39,684 <requestor-worker-4:2579769, MainThread:140240668346176> (requestor.py:_fetch_single_sync:154 -> middleware.py:apply_sync:93) from logger `RFC.middleware_content_saver`
[INFO] applying on CivitaiModelDownload(58406_v1.0), received

2024-02-20 17:59:39,692 <requestor-worker-4:2579769, MainThread:140240668346176> (requestor.py:_fetch_single_sync:154 -> middleware.py:apply_sync:96) from logger `RFC.middleware_content_saver`
[INFO] applied on CivitaiModelDownload(58406_v1.0), sent

2024-02-20 18:13:20,522 <requestor-worker-4:2579769, MainThread:140240668346176> (requestor.py:_fetch_single_sync:154 -> middleware.py:apply_sync:93) from logger `RFC.middleware_content_saver`
[INFO] applying on CivitaiModelDownload(310554_v1.0), received

2024-02-20 18:13:20,649 <requestor-worker-4:2579769, MainThread:140240668346176> (requestor.py:_fetch_single_sync:154 -> middleware.py:apply_sync:96) from logger `RFC.middleware_content_saver`
[INFO] applied on CivitaiModelDownload(310554_v1.0), sent

2024-02-20 18:14:35,543 <requestor-worker-4:2579769, MainThread:140240668346176> (requestor.py:_fetch_single_sync:154 -> middleware.py:apply_sync:93) from logger `RFC.middleware_content_saver`
[INFO] applying on CivitaiModelDownload(97541_v1.0), received

2024-02-20 18:14:35,566 <requestor-worker-4:2579769, MainThread:140240668346176> (requestor.py:_fetch_single_sync:154 -> middleware.py:apply_sync:96) from logger `RFC.middleware_content_saver`
[INFO] applied on CivitaiModelDownload(97541_v1.0), sent

2024-02-20 18:22:52,211 <requestor-worker-4:2579769, MainThread:140240668346176> (requestor.py:_fetch_single_sync:154 -> middleware.py:apply_sync:93) from logger `RFC.middleware_content_saver`
[INFO] applying on CivitaiModelDownload(103398_SD2.1), received

2024-02-20 18:22:56,832 <requestor-worker-4:2579769, MainThread:140240668346176> (requestor.py:_fetch_single_sync:154 -> middleware.py:apply_sync:96) from logger `RFC.middleware_content_saver`
[INFO] applied on CivitaiModelDownload(103398_SD2.1), sent

2024-02-20 18:23:40,417 <requestor-worker-4:2579769, MainThread:140240668346176> (requestor.py:_fetch_single_sync:154 -> middleware.py:apply_sync:93) from logger `RFC.middleware_content_saver`
[INFO] applying on CivitaiModelDownload(296715_FirstEpoch), received

2024-02-20 18:23:40,869 <requestor-worker-4:2579769, MainThread:140240668346176> (requestor.py:_fetch_single_sync:154 -> middleware.py:apply_sync:96) from logger `RFC.middleware_content_saver`
[INFO] applied on CivitaiModelDownload(296715_FirstEpoch), sent

2024-02-20 18:23:57,751 <requestor-worker-4:2579769, MainThread:140240668346176> (requestor.py:_fetch_single_sync:154 -> middleware.py:apply_sync:93) from logger `RFC.middleware_content_saver`
[INFO] applying on CivitaiModelDownload(56545_v1.0), received

2024-02-20 18:23:57,760 <requestor-worker-4:2579769, MainThread:140240668346176> (requestor.py:_fetch_single_sync:154 -> middleware.py:apply_sync:96) from logger `RFC.middleware_content_saver`
[INFO] applied on CivitaiModelDownload(56545_v1.0), sent

2024-02-20 18:24:16,988 <requestor-worker-4:2579769, MainThread:140240668346176> (requestor.py:_fetch_single_sync:154 -> middleware.py:apply_sync:93) from logger `RFC.middleware_content_saver`
[INFO] applying on CivitaiModelDownload(326339_v2.0), received

2024-02-20 18:24:17,002 <requestor-worker-4:2579769, MainThread:140240668346176> (requestor.py:_fetch_single_sync:154 -> middleware.py:apply_sync:96) from logger `RFC.middleware_content_saver`
[INFO] applied on CivitaiModelDownload(326339_v2.0), sent

2024-02-20 18:24:55,105 <requestor-worker-4:2579769, MainThread:140240668346176> (requestor.py:_fetch_single_sync:154 -> middleware.py:apply_sync:93) from logger `RFC.middleware_content_saver`
[INFO] applying on CivitaiModelDownload(205067_AncientEgyptPaintingStyle), received

2024-02-20 18:24:55,178 <requestor-worker-4:2579769, MainThread:140240668346176> (requestor.py:_fetch_single_sync:154 -> middleware.py:apply_sync:96) from logger `RFC.middleware_content_saver`
[INFO] applied on CivitaiModelDownload(205067_AncientEgyptPaintingStyle), sent

2024-02-20 18:28:48,931 <requestor-worker-4:2579769, MainThread:140240668346176> (requestor.py:_fetch_single_sync:154 -> middleware.py:apply_sync:93) from logger `RFC.middleware_content_saver`
[INFO] applying on CivitaiModelDownload(92455_anime-louyu), received

2024-02-20 18:28:48,963 <requestor-worker-4:2579769, MainThread:140240668346176> (requestor.py:_fetch_single_sync:154 -> middleware.py:apply_sync:96) from logger `RFC.middleware_content_saver`
[INFO] applied on CivitaiModelDownload(92455_anime-louyu), sent

2024-02-20 18:29:09,965 <requestor-worker-4:2579769, MainThread:140240668346176> (requestor.py:_fetch_single_sync:154 -> middleware.py:apply_sync:93) from logger `RFC.middleware_content_saver`
[INFO] applying on CivitaiModelDownload(147955_v2.0), received

2024-02-20 18:29:09,978 <requestor-worker-4:2579769, MainThread:140240668346176> (requestor.py:_fetch_single_sync:154 -> middleware.py:apply_sync:96) from logger `RFC.middleware_content_saver`
[INFO] applied on CivitaiModelDownload(147955_v2.0), sent

2024-02-20 18:29:51,423 <requestor-worker-4:2579769, MainThread:140240668346176> (requestor.py:_fetch_single_sync:154 -> middleware.py:apply_sync:93) from logger `RFC.middleware_content_saver`
[INFO] applying on CivitaiModelDownload(134013_v1.0), received

2024-02-20 18:29:51,439 <requestor-worker-4:2579769, MainThread:140240668346176> (requestor.py:_fetch_single_sync:154 -> middleware.py:apply_sync:96) from logger `RFC.middleware_content_saver`
[INFO] applied on CivitaiModelDownload(134013_v1.0), sent

2024-02-20 18:30:02,141 <requestor-worker-4:2579769, MainThread:140240668346176> (requestor.py:_fetch_single_sync:154 -> middleware.py:apply_sync:93) from logger `RFC.middleware_content_saver`
[INFO] applying on CivitaiModelDownload(159604_v1.0-base), received

2024-02-20 18:30:02,158 <requestor-worker-4:2579769, MainThread:140240668346176> (requestor.py:_fetch_single_sync:154 -> middleware.py:apply_sync:96) from logger `RFC.middleware_content_saver`
[INFO] applied on CivitaiModelDownload(159604_v1.0-base), sent

2024-02-20 18:30:50,692 <requestor-worker-4:2579769, MainThread:140240668346176> (requestor.py:_fetch_single_sync:154 -> middleware.py:apply_sync:93) from logger `RFC.middleware_content_saver`
[INFO] applying on CivitaiModelDownload(20512_v1), received

2024-02-20 18:30:51,057 <requestor-worker-4:2579769, MainThread:140240668346176> (requestor.py:_fetch_single_sync:154 -> middleware.py:apply_sync:96) from logger `RFC.middleware_content_saver`
[INFO] applied on CivitaiModelDownload(20512_v1), sent

2024-02-20 18:31:29,211 <requestor-worker-4:2579769, MainThread:140240668346176> (requestor.py:_fetch_single_sync:154 -> middleware.py:apply_sync:93) from logger `RFC.middleware_content_saver`
[INFO] applying on CivitaiModelDownload(29890_v3.0), received

2024-02-20 18:31:29,263 <requestor-worker-4:2579769, MainThread:140240668346176> (requestor.py:_fetch_single_sync:154 -> middleware.py:apply_sync:96) from logger `RFC.middleware_content_saver`
[INFO] applied on CivitaiModelDownload(29890_v3.0), sent

2024-02-20 18:32:09,971 <requestor-worker-4:2579769, MainThread:140240668346176> (requestor.py:_fetch_single_sync:154 -> middleware.py:apply_sync:93) from logger `RFC.middleware_content_saver`
[INFO] applying on CivitaiModelDownload(27804_Anastasia-AOM3A1), received

2024-02-20 18:32:14,878 <requestor-worker-4:2579769, MainThread:140240668346176> (requestor.py:_fetch_single_sync:154 -> middleware.py:apply_sync:96) from logger `RFC.middleware_content_saver`
[INFO] applied on CivitaiModelDownload(27804_Anastasia-AOM3A1), sent

2024-02-20 18:33:22,506 <requestor-worker-4:2579769, MainThread:140240668346176> (requestor.py:_fetch_single_sync:154 -> middleware.py:apply_sync:93) from logger `RFC.middleware_content_saver`
[INFO] applying on CivitaiModelDownload(224561_v1.0), received

2024-02-20 18:33:22,557 <requestor-worker-4:2579769, MainThread:140240668346176> (requestor.py:_fetch_single_sync:154 -> middleware.py:apply_sync:96) from logger `RFC.middleware_content_saver`
[INFO] applied on CivitaiModelDownload(224561_v1.0), sent

2024-02-20 18:33:35,707 <requestor-worker-4:2579769, MainThread:140240668346176> (requestor.py:_fetch_single_sync:154 -> middleware.py:apply_sync:93) from logger `RFC.middleware_content_saver`
[INFO] applying on CivitaiModelDownload(84158_v1.0), received

2024-02-20 18:33:35,723 <requestor-worker-4:2579769, MainThread:140240668346176> (requestor.py:_fetch_single_sync:154 -> middleware.py:apply_sync:96) from logger `RFC.middleware_content_saver`
[INFO] applied on CivitaiModelDownload(84158_v1.0), sent

2024-02-20 18:34:01,714 <requestor-worker-4:2579769, MainThread:140240668346176> (requestor.py:_fetch_single_sync:154 -> middleware.py:apply_sync:93) from logger `RFC.middleware_content_saver`
[INFO] applying on CivitaiModelDownload(134296_v1.0), received

2024-02-20 18:34:01,730 <requestor-worker-4:2579769, MainThread:140240668346176> (requestor.py:_fetch_single_sync:154 -> middleware.py:apply_sync:96) from logger `RFC.middleware_content_saver`
[INFO] applied on CivitaiModelDownload(134296_v1.0), sent

2024-02-20 18:34:15,744 <requestor-worker-4:2579769, MainThread:140240668346176> (requestor.py:_fetch_single_sync:154 -> middleware.py:apply_sync:93) from logger `RFC.middleware_content_saver`
[INFO] applying on CivitaiModelDownload(98341_v1), received

2024-02-20 18:34:15,761 <requestor-worker-4:2579769, MainThread:140240668346176> (requestor.py:_fetch_single_sync:154 -> middleware.py:apply_sync:96) from logger `RFC.middleware_content_saver`
[INFO] applied on CivitaiModelDownload(98341_v1), sent

2024-02-20 18:35:03,534 <requestor-worker-4:2579769, MainThread:140240668346176> (requestor.py:_fetch_single_sync:154 -> middleware.py:apply_sync:93) from logger `RFC.middleware_content_saver`
[INFO] applying on CivitaiModelDownload(59112_v1.0), received

2024-02-20 18:35:03,825 <requestor-worker-4:2579769, MainThread:140240668346176> (requestor.py:_fetch_single_sync:154 -> middleware.py:apply_sync:96) from logger `RFC.middleware_content_saver`
[INFO] applied on CivitaiModelDownload(59112_v1.0), sent

2024-02-20 18:35:34,940 <requestor-worker-4:2579769, MainThread:140240668346176> (requestor.py:_fetch_single_sync:154 -> middleware.py:apply_sync:93) from logger `RFC.middleware_content_saver`
[INFO] applying on CivitaiModelDownload(172925_Anantv1.0), received

2024-02-20 18:35:34,955 <requestor-worker-4:2579769, MainThread:140240668346176> (requestor.py:_fetch_single_sync:154 -> middleware.py:apply_sync:96) from logger `RFC.middleware_content_saver`
[INFO] applied on CivitaiModelDownload(172925_Anantv1.0), sent

2024-02-20 18:38:27,672 <requestor-worker-4:2579769, MainThread:140240668346176> (requestor.py:_fetch_single_sync:154 -> middleware.py:apply_sync:93) from logger `RFC.middleware_content_saver`
[INFO] applying on CivitaiModelDownload(272377_v1.0), received

2024-02-20 18:38:31,537 <requestor-worker-4:2579769, MainThread:140240668346176> (requestor.py:_fetch_single_sync:154 -> middleware.py:apply_sync:96) from logger `RFC.middleware_content_saver`
[INFO] applied on CivitaiModelDownload(272377_v1.0), sent

2024-02-20 18:41:45,337 <requestor-worker-4:2579769, MainThread:140240668346176> (requestor.py:_fetch_single_sync:154 -> middleware.py:apply_sync:93) from logger `RFC.middleware_content_saver`
[INFO] applying on CivitaiModelDownload(22687_V1), received

2024-02-20 18:41:51,427 <requestor-worker-4:2579769, MainThread:140240668346176> (requestor.py:_fetch_single_sync:154 -> middleware.py:apply_sync:96) from logger `RFC.middleware_content_saver`
[INFO] applied on CivitaiModelDownload(22687_V1), sent

2024-02-20 18:42:05,637 <requestor-worker-4:2579769, MainThread:140240668346176> (requestor.py:_fetch_single_sync:154 -> middleware.py:apply_sync:93) from logger `RFC.middleware_content_saver`
[INFO] applying on CivitaiModelDownload(119604_v1.0), received

2024-02-20 18:42:05,655 <requestor-worker-4:2579769, MainThread:140240668346176> (requestor.py:_fetch_single_sync:154 -> middleware.py:apply_sync:96) from logger `RFC.middleware_content_saver`
[INFO] applied on CivitaiModelDownload(119604_v1.0), sent

2024-02-20 18:42:27,663 <requestor-worker-4:2579769, MainThread:140240668346176> (requestor.py:_fetch_single_sync:154 -> middleware.py:apply_sync:93) from logger `RFC.middleware_content_saver`
[INFO] applying on CivitaiModelDownload(32048_v1.0), received

2024-02-20 18:42:27,677 <requestor-worker-4:2579769, MainThread:140240668346176> (requestor.py:_fetch_single_sync:154 -> middleware.py:apply_sync:96) from logger `RFC.middleware_content_saver`
[INFO] applied on CivitaiModelDownload(32048_v1.0), sent

2024-02-20 18:43:45,004 <requestor-worker-4:2579769, MainThread:140240668346176> (requestor.py:_fetch_single_sync:154 -> middleware.py:apply_sync:93) from logger `RFC.middleware_content_saver`
[INFO] applying on CivitaiModelDownload(27341_zv1), received

2024-02-20 18:43:45,056 <requestor-worker-4:2579769, MainThread:140240668346176> (requestor.py:_fetch_single_sync:154 -> middleware.py:apply_sync:96) from logger `RFC.middleware_content_saver`
[INFO] applied on CivitaiModelDownload(27341_zv1), sent

2024-02-20 18:44:09,078 <requestor-worker-4:2579769, MainThread:140240668346176> (requestor.py:_fetch_single_sync:154 -> middleware.py:apply_sync:93) from logger `RFC.middleware_content_saver`
[INFO] applying on CivitaiModelDownload(210864_AnalDoggy), received

2024-02-20 18:44:09,094 <requestor-worker-4:2579769, MainThread:140240668346176> (requestor.py:_fetch_single_sync:154 -> middleware.py:apply_sync:96) from logger `RFC.middleware_content_saver`
[INFO] applied on CivitaiModelDownload(210864_AnalDoggy), sent

2024-02-20 18:44:34,458 <requestor-worker-4:2579769, MainThread:140240668346176> (requestor.py:_fetch_single_sync:154 -> middleware.py:apply_sync:93) from logger `RFC.middleware_content_saver`
[INFO] applying on CivitaiModelDownload(191251_AnalCowgirl), received

2024-02-20 18:44:34,484 <requestor-worker-4:2579769, MainThread:140240668346176> (requestor.py:_fetch_single_sync:154 -> middleware.py:apply_sync:96) from logger `RFC.middleware_content_saver`
[INFO] applied on CivitaiModelDownload(191251_AnalCowgirl), sent

2024-02-20 18:44:46,311 <requestor-worker-4:2579769, MainThread:140240668346176> (requestor.py:_fetch_single_sync:154 -> middleware.py:apply_sync:93) from logger `RFC.middleware_content_saver`
[INFO] applying on CivitaiModelDownload(43679_v1.0), received

2024-02-20 18:44:46,314 <requestor-worker-4:2579769, MainThread:140240668346176> (requestor.py:_fetch_single_sync:154 -> middleware.py:apply_sync:96) from logger `RFC.middleware_content_saver`
[INFO] applied on CivitaiModelDownload(43679_v1.0), sent

2024-02-20 18:47:19,446 <requestor-worker-4:2579769, MainThread:140240668346176> (requestor.py:_fetch_single_sync:154 -> middleware.py:apply_sync:93) from logger `RFC.middleware_content_saver`
[INFO] applying on CivitaiModelDownload(17047_v1.0), received

2024-02-20 18:47:19,500 <requestor-worker-4:2579769, MainThread:140240668346176> (requestor.py:_fetch_single_sync:154 -> middleware.py:apply_sync:96) from logger `RFC.middleware_content_saver`
[INFO] applied on CivitaiModelDownload(17047_v1.0), sent

2024-02-20 19:23:34,536 <requestor-worker-4:2579769, MainThread:140240668346176> (requestor.py:_fetch_single_sync:154 -> middleware.py:apply_sync:93) from logger `RFC.middleware_content_saver`
[INFO] applying on CivitaiModelDownload(214018_v2.0), received

2024-02-20 19:23:40,992 <requestor-worker-4:2579769, MainThread:140240668346176> (requestor.py:_fetch_single_sync:154 -> middleware.py:apply_sync:96) from logger `RFC.middleware_content_saver`
[INFO] applied on CivitaiModelDownload(214018_v2.0), sent

2024-02-20 19:25:31,603 <requestor-worker-4:2579769, MainThread:140240668346176> (requestor.py:_fetch_single_sync:154 -> middleware.py:apply_sync:93) from logger `RFC.middleware_content_saver`
[INFO] applying on CivitaiModelDownload(98568_v1.0), received

2024-02-20 19:25:31,658 <requestor-worker-4:2579769, MainThread:140240668346176> (requestor.py:_fetch_single_sync:154 -> middleware.py:apply_sync:96) from logger `RFC.middleware_content_saver`
[INFO] applied on CivitaiModelDownload(98568_v1.0), sent

2024-02-20 19:25:34,385 <requestor-worker-4:2579769, MainThread:140240668346176> (requestor.py:_fetch_single_sync:154 -> middleware.py:apply_sync:93) from logger `RFC.middleware_content_saver`
[INFO] applying on CivitaiModelDownload(172188_v1.0), received

2024-02-20 19:25:34,505 <requestor-worker-4:2579769, MainThread:140240668346176> (requestor.py:_fetch_single_sync:154 -> middleware.py:apply_sync:96) from logger `RFC.middleware_content_saver`
[INFO] applied on CivitaiModelDownload(172188_v1.0), sent

2024-02-20 19:25:38,763 <requestor-worker-4:2579769, MainThread:140240668346176> (requestor.py:_fetch_single_sync:154 -> middleware.py:apply_sync:93) from logger `RFC.middleware_content_saver`
[INFO] applying on CivitaiModelDownload(99131_v1.0), received

2024-02-20 19:25:38,772 <requestor-worker-4:2579769, MainThread:140240668346176> (requestor.py:_fetch_single_sync:154 -> middleware.py:apply_sync:96) from logger `RFC.middleware_content_saver`
[INFO] applied on CivitaiModelDownload(99131_v1.0), sent

2024-02-20 19:31:09,309 <requestor-worker-4:2579769, MainThread:140240668346176> (requestor.py:_fetch_single_sync:154 -> middleware.py:apply_sync:93) from logger `RFC.middleware_content_saver`
[INFO] applying on CivitaiModelDownload(157640_v1.0), received

2024-02-20 19:31:11,589 <requestor-worker-4:2579769, MainThread:140240668346176> (requestor.py:_fetch_single_sync:154 -> middleware.py:apply_sync:96) from logger `RFC.middleware_content_saver`
[INFO] applied on CivitaiModelDownload(157640_v1.0), sent

2024-02-20 19:31:25,292 <requestor-worker-4:2579769, MainThread:140240668346176> (requestor.py:_fetch_single_sync:154 -> middleware.py:apply_sync:93) from logger `RFC.middleware_content_saver`
[INFO] applying on CivitaiModelDownload(107817_Amyv1.0), received

2024-02-20 19:31:25,319 <requestor-worker-4:2579769, MainThread:140240668346176> (requestor.py:_fetch_single_sync:154 -> middleware.py:apply_sync:96) from logger `RFC.middleware_content_saver`
[INFO] applied on CivitaiModelDownload(107817_Amyv1.0), sent

2024-02-20 19:31:39,761 <requestor-worker-4:2579769, MainThread:140240668346176> (requestor.py:_fetch_single_sync:154 -> middleware.py:apply_sync:93) from logger `RFC.middleware_content_saver`
[INFO] applying on CivitaiModelDownload(272255_v1.0), received

2024-02-20 19:31:39,767 <requestor-worker-4:2579769, MainThread:140240668346176> (requestor.py:_fetch_single_sync:154 -> middleware.py:apply_sync:96) from logger `RFC.middleware_content_saver`
[INFO] applied on CivitaiModelDownload(272255_v1.0), sent

2024-02-20 19:32:29,468 <requestor-worker-4:2579769, MainThread:140240668346176> (requestor.py:_fetch_single_sync:154 -> middleware.py:apply_sync:93) from logger `RFC.middleware_content_saver`
[INFO] applying on CivitaiModelDownload(123353_v1.0), received

2024-02-20 19:32:34,895 <requestor-worker-4:2579769, MainThread:140240668346176> (requestor.py:_fetch_single_sync:154 -> middleware.py:apply_sync:96) from logger `RFC.middleware_content_saver`
[INFO] applied on CivitaiModelDownload(123353_v1.0), sent

2024-02-20 19:33:21,029 <requestor-worker-4:2579769, MainThread:140240668346176> (requestor.py:_fetch_single_sync:154 -> middleware.py:apply_sync:93) from logger `RFC.middleware_content_saver`
[INFO] applying on CivitaiModelDownload(20729_V1), received

2024-02-20 19:33:25,156 <requestor-worker-4:2579769, MainThread:140240668346176> (requestor.py:_fetch_single_sync:154 -> middleware.py:apply_sync:96) from logger `RFC.middleware_content_saver`
[INFO] applied on CivitaiModelDownload(20729_V1), sent

2024-02-20 19:33:36,373 <requestor-worker-4:2579769, MainThread:140240668346176> (requestor.py:_fetch_single_sync:154 -> middleware.py:apply_sync:93) from logger `RFC.middleware_content_saver`
[INFO] applying on CivitaiModelDownload(123671_amyrazor-lo-richy-v1), received

2024-02-20 19:33:36,388 <requestor-worker-4:2579769, MainThread:140240668346176> (requestor.py:_fetch_single_sync:154 -> middleware.py:apply_sync:96) from logger `RFC.middleware_content_saver`
[INFO] applied on CivitaiModelDownload(123671_amyrazor-lo-richy-v1), sent

2024-02-20 19:33:41,056 <requestor-worker-4:2579769, MainThread:140240668346176> (requestor.py:_fetch_single_sync:154 -> middleware.py:apply_sync:93) from logger `RFC.middleware_content_saver`
[INFO] applying on CivitaiModelDownload(162082_v1.0), received

2024-02-20 19:33:41,063 <requestor-worker-4:2579769, MainThread:140240668346176> (requestor.py:_fetch_single_sync:154 -> middleware.py:apply_sync:96) from logger `RFC.middleware_content_saver`
[INFO] applied on CivitaiModelDownload(162082_v1.0), sent

2024-02-20 19:33:52,079 <requestor-worker-4:2579769, MainThread:140240668346176> (requestor.py:_fetch_single_sync:154 -> middleware.py:apply_sync:93) from logger `RFC.middleware_content_saver`
[INFO] applying on CivitaiModelDownload(194024_v1.0), received

2024-02-20 19:33:52,088 <requestor-worker-4:2579769, MainThread:140240668346176> (requestor.py:_fetch_single_sync:154 -> middleware.py:apply_sync:96) from logger `RFC.middleware_content_saver`
[INFO] applied on CivitaiModelDownload(194024_v1.0), sent

2024-02-20 19:34:04,516 <requestor-worker-4:2579769, MainThread:140240668346176> (requestor.py:_fetch_single_sync:154 -> middleware.py:apply_sync:93) from logger `RFC.middleware_content_saver`
[INFO] applying on CivitaiModelDownload(42830_v1.0), received

2024-02-20 19:34:04,542 <requestor-worker-4:2579769, MainThread:140240668346176> (requestor.py:_fetch_single_sync:154 -> middleware.py:apply_sync:96) from logger `RFC.middleware_content_saver`
[INFO] applied on CivitaiModelDownload(42830_v1.0), sent

2024-02-20 19:36:26,902 <requestor-worker-4:2579769, MainThread:140240668346176> (requestor.py:_fetch_single_sync:154 -> middleware.py:apply_sync:93) from logger `RFC.middleware_content_saver`
[INFO] applying on CivitaiModelDownload(278233_v1.0), received

2024-02-20 19:36:32,046 <requestor-worker-4:2579769, MainThread:140240668346176> (requestor.py:_fetch_single_sync:154 -> middleware.py:apply_sync:96) from logger `RFC.middleware_content_saver`
[INFO] applied on CivitaiModelDownload(278233_v1.0), sent

2024-02-20 19:36:54,763 <requestor-worker-4:2579769, MainThread:140240668346176> (requestor.py:_fetch_single_sync:154 -> middleware.py:apply_sync:93) from logger `RFC.middleware_content_saver`
[INFO] applying on CivitaiModelDownload(269616_v1.0), received

2024-02-20 19:36:54,790 <requestor-worker-4:2579769, MainThread:140240668346176> (requestor.py:_fetch_single_sync:154 -> middleware.py:apply_sync:96) from logger `RFC.middleware_content_saver`
[INFO] applied on CivitaiModelDownload(269616_v1.0), sent

2024-02-20 19:37:23,760 <requestor-worker-4:2579769, MainThread:140240668346176> (requestor.py:_fetch_single_sync:154 -> middleware.py:apply_sync:93) from logger `RFC.middleware_content_saver`
[INFO] applying on CivitaiModelDownload(209179_v1.0), received

2024-02-20 19:37:23,767 <requestor-worker-4:2579769, MainThread:140240668346176> (requestor.py:_fetch_single_sync:154 -> middleware.py:apply_sync:96) from logger `RFC.middleware_content_saver`
[INFO] applied on CivitaiModelDownload(209179_v1.0), sent

2024-02-20 19:43:04,964 <requestor-worker-4:2579769, MainThread:140240668346176> (requestor.py:_fetch_single_sync:154 -> middleware.py:apply_sync:93) from logger `RFC.middleware_content_saver`
[INFO] applying on CivitaiModelDownload(261439_v1.0), received

2024-02-20 19:43:08,858 <requestor-worker-4:2579769, MainThread:140240668346176> (requestor.py:_fetch_single_sync:154 -> middleware.py:apply_sync:96) from logger `RFC.middleware_content_saver`
[INFO] applied on CivitaiModelDownload(261439_v1.0), sent

2024-02-20 19:43:32,560 <requestor-worker-4:2579769, MainThread:140240668346176> (requestor.py:_fetch_single_sync:154 -> middleware.py:apply_sync:93) from logger `RFC.middleware_content_saver`
[INFO] applying on CivitaiModelDownload(187188_v2), received

2024-02-20 19:43:32,768 <requestor-worker-4:2579769, MainThread:140240668346176> (requestor.py:_fetch_single_sync:154 -> middleware.py:apply_sync:96) from logger `RFC.middleware_content_saver`
[INFO] applied on CivitaiModelDownload(187188_v2), sent

2024-02-20 19:43:38,970 <requestor-worker-4:2579769, MainThread:140240668346176> (requestor.py:_fetch_single_sync:154 -> middleware.py:apply_sync:93) from logger `RFC.middleware_content_saver`
[INFO] applying on CivitaiModelDownload(145945_v1.0), received

2024-02-20 19:43:38,979 <requestor-worker-4:2579769, MainThread:140240668346176> (requestor.py:_fetch_single_sync:154 -> middleware.py:apply_sync:96) from logger `RFC.middleware_content_saver`
[INFO] applied on CivitaiModelDownload(145945_v1.0), sent

2024-02-20 19:44:04,231 <requestor-worker-4:2579769, MainThread:140240668346176> (requestor.py:_fetch_single_sync:154 -> middleware.py:apply_sync:93) from logger `RFC.middleware_content_saver`
[INFO] applying on CivitaiModelDownload(112637_v1.0), received

2024-02-20 19:44:04,285 <requestor-worker-4:2579769, MainThread:140240668346176> (requestor.py:_fetch_single_sync:154 -> middleware.py:apply_sync:96) from logger `RFC.middleware_content_saver`
[INFO] applied on CivitaiModelDownload(112637_v1.0), sent

2024-02-20 19:44:32,991 <requestor-worker-4:2579769, MainThread:140240668346176> (requestor.py:_fetch_single_sync:154 -> middleware.py:apply_sync:93) from logger `RFC.middleware_content_saver`
[INFO] applying on CivitaiModelDownload(152079_v1.5), received

2024-02-20 19:44:33,031 <requestor-worker-4:2579769, MainThread:140240668346176> (requestor.py:_fetch_single_sync:154 -> middleware.py:apply_sync:96) from logger `RFC.middleware_content_saver`
[INFO] applied on CivitaiModelDownload(152079_v1.5), sent

2024-02-20 19:44:50,551 <requestor-worker-4:2579769, MainThread:140240668346176> (requestor.py:_fetch_single_sync:154 -> middleware.py:apply_sync:93) from logger `RFC.middleware_content_saver`
[INFO] applying on CivitaiModelDownload(213525_v1.0), received

2024-02-20 19:44:50,570 <requestor-worker-4:2579769, MainThread:140240668346176> (requestor.py:_fetch_single_sync:154 -> middleware.py:apply_sync:96) from logger `RFC.middleware_content_saver`
[INFO] applied on CivitaiModelDownload(213525_v1.0), sent

2024-02-20 19:48:34,148 <requestor-worker-4:2579769, MainThread:140240668346176> (requestor.py:_fetch_single_sync:154 -> middleware.py:apply_sync:93) from logger `RFC.middleware_content_saver`
[INFO] applying on CivitaiModelDownload(131524_v1.0), received

2024-02-20 19:48:39,854 <requestor-worker-4:2579769, MainThread:140240668346176> (requestor.py:_fetch_single_sync:154 -> middleware.py:apply_sync:96) from logger `RFC.middleware_content_saver`
[INFO] applied on CivitaiModelDownload(131524_v1.0), sent

2024-02-20 19:48:45,576 <requestor-worker-4:2579769, MainThread:140240668346176> (requestor.py:_fetch_single_sync:154 -> middleware.py:apply_sync:93) from logger `RFC.middleware_content_saver`
[INFO] applying on CivitaiModelDownload(176384_v1.0), received

2024-02-20 19:48:45,705 <requestor-worker-4:2579769, MainThread:140240668346176> (requestor.py:_fetch_single_sync:154 -> middleware.py:apply_sync:96) from logger `RFC.middleware_content_saver`
[INFO] applied on CivitaiModelDownload(176384_v1.0), sent

2024-02-20 19:49:57,736 <requestor-worker-4:2579769, MainThread:140240668346176> (requestor.py:_fetch_single_sync:154 -> middleware.py:apply_sync:93) from logger `RFC.middleware_content_saver`
[INFO] applying on CivitaiModelDownload(104704_v1.0), received

2024-02-20 19:50:00,220 <requestor-worker-4:2579769, MainThread:140240668346176> (requestor.py:_fetch_single_sync:154 -> middleware.py:apply_sync:96) from logger `RFC.middleware_content_saver`
[INFO] applied on CivitaiModelDownload(104704_v1.0), sent

2024-02-20 19:51:04,088 <requestor-worker-4:2579769, MainThread:140240668346176> (requestor.py:_fetch_single_sync:154 -> middleware.py:apply_sync:93) from logger `RFC.middleware_content_saver`
[INFO] applying on CivitaiModelDownload(104697_Amillerv1.4), received

2024-02-20 19:51:04,125 <requestor-worker-4:2579769, MainThread:140240668346176> (requestor.py:_fetch_single_sync:154 -> middleware.py:apply_sync:96) from logger `RFC.middleware_content_saver`
[INFO] applied on CivitaiModelDownload(104697_Amillerv1.4), sent

2024-02-20 19:51:50,238 <requestor-worker-4:2579769, MainThread:140240668346176> (requestor.py:_fetch_single_sync:154 -> middleware.py:apply_sync:93) from logger `RFC.middleware_content_saver`
[INFO] applying on CivitaiModelDownload(49486_v1.3), received

2024-02-20 19:51:50,265 <requestor-worker-4:2579769, MainThread:140240668346176> (requestor.py:_fetch_single_sync:154 -> middleware.py:apply_sync:96) from logger `RFC.middleware_content_saver`
[INFO] applied on CivitaiModelDownload(49486_v1.3), sent

2024-02-20 19:52:30,529 <requestor-worker-4:2579769, MainThread:140240668346176> (requestor.py:_fetch_single_sync:154 -> middleware.py:apply_sync:93) from logger `RFC.middleware_content_saver`
[INFO] applying on CivitaiModelDownload(162884_v1.1), received

2024-02-20 19:52:32,669 <requestor-worker-4:2579769, MainThread:140240668346176> (requestor.py:_fetch_single_sync:154 -> middleware.py:apply_sync:96) from logger `RFC.middleware_content_saver`
[INFO] applied on CivitaiModelDownload(162884_v1.1), sent

2024-02-20 19:52:53,661 <requestor-worker-4:2579769, MainThread:140240668346176> (requestor.py:_fetch_single_sync:154 -> middleware.py:apply_sync:93) from logger `RFC.middleware_content_saver`
[INFO] applying on CivitaiModelDownload(18545_v7-e12), received

2024-02-20 19:52:53,675 <requestor-worker-4:2579769, MainThread:140240668346176> (requestor.py:_fetch_single_sync:154 -> middleware.py:apply_sync:96) from logger `RFC.middleware_content_saver`
[INFO] applied on CivitaiModelDownload(18545_v7-e12), sent

2024-02-20 19:53:13,145 <requestor-worker-4:2579769, MainThread:140240668346176> (requestor.py:_fetch_single_sync:154 -> middleware.py:apply_sync:93) from logger `RFC.middleware_content_saver`
[INFO] applying on CivitaiModelDownload(89579_v1.0), received

2024-02-20 19:53:13,157 <requestor-worker-4:2579769, MainThread:140240668346176> (requestor.py:_fetch_single_sync:154 -> middleware.py:apply_sync:96) from logger `RFC.middleware_content_saver`
[INFO] applied on CivitaiModelDownload(89579_v1.0), sent

2024-02-20 19:53:36,530 <requestor-worker-4:2579769, MainThread:140240668346176> (requestor.py:_fetch_single_sync:154 -> middleware.py:apply_sync:93) from logger `RFC.middleware_content_saver`
[INFO] applying on CivitaiModelDownload(162822_v2.0), received

2024-02-20 19:53:36,539 <requestor-worker-4:2579769, MainThread:140240668346176> (requestor.py:_fetch_single_sync:154 -> middleware.py:apply_sync:96) from logger `RFC.middleware_content_saver`
[INFO] applied on CivitaiModelDownload(162822_v2.0), sent

2024-02-20 19:54:00,309 <requestor-worker-4:2579769, MainThread:140240668346176> (requestor.py:_fetch_single_sync:154 -> middleware.py:apply_sync:93) from logger `RFC.middleware_content_saver`
[INFO] applying on CivitaiModelDownload(114189_v1.0), received

2024-02-20 19:54:00,336 <requestor-worker-4:2579769, MainThread:140240668346176> (requestor.py:_fetch_single_sync:154 -> middleware.py:apply_sync:96) from logger `RFC.middleware_content_saver`
[INFO] applied on CivitaiModelDownload(114189_v1.0), sent

2024-02-20 19:54:29,258 <requestor-worker-4:2579769, MainThread:140240668346176> (requestor.py:_fetch_single_sync:154 -> middleware.py:apply_sync:93) from logger `RFC.middleware_content_saver`
[INFO] applying on CivitaiModelDownload(30122_v1.0), received

2024-02-20 19:54:29,686 <requestor-worker-4:2579769, MainThread:140240668346176> (requestor.py:_fetch_single_sync:154 -> middleware.py:apply_sync:96) from logger `RFC.middleware_content_saver`
[INFO] applied on CivitaiModelDownload(30122_v1.0), sent

2024-02-20 19:54:54,436 <requestor-worker-4:2579769, MainThread:140240668346176> (requestor.py:_fetch_single_sync:154 -> middleware.py:apply_sync:93) from logger `RFC.middleware_content_saver`
[INFO] applying on CivitaiModelDownload(126790_v2), received

2024-02-20 19:54:55,118 <requestor-worker-4:2579769, MainThread:140240668346176> (requestor.py:_fetch_single_sync:154 -> middleware.py:apply_sync:96) from logger `RFC.middleware_content_saver`
[INFO] applied on CivitaiModelDownload(126790_v2), sent

2024-02-20 19:55:59,562 <requestor-worker-4:2579769, MainThread:140240668346176> (requestor.py:_fetch_single_sync:154 -> middleware.py:apply_sync:93) from logger `RFC.middleware_content_saver`
[INFO] applying on CivitaiModelDownload(59400_v0.1), received

2024-02-20 19:56:02,644 <requestor-worker-4:2579769, MainThread:140240668346176> (requestor.py:_fetch_single_sync:154 -> middleware.py:apply_sync:96) from logger `RFC.middleware_content_saver`
[INFO] applied on CivitaiModelDownload(59400_v0.1), sent

2024-02-20 19:56:22,520 <requestor-worker-4:2579769, MainThread:140240668346176> (requestor.py:_fetch_single_sync:154 -> middleware.py:apply_sync:93) from logger `RFC.middleware_content_saver`
[INFO] applying on CivitaiModelDownload(108904_v1.0), received

2024-02-20 19:56:22,538 <requestor-worker-4:2579769, MainThread:140240668346176> (requestor.py:_fetch_single_sync:154 -> middleware.py:apply_sync:96) from logger `RFC.middleware_content_saver`
[INFO] applied on CivitaiModelDownload(108904_v1.0), sent

2024-02-20 19:56:52,805 <requestor-worker-4:2579769, MainThread:140240668346176> (requestor.py:_fetch_single_sync:154 -> middleware.py:apply_sync:93) from logger `RFC.middleware_content_saver`
[INFO] applying on CivitaiModelDownload(226956_v1.0), received

2024-02-20 19:56:52,855 <requestor-worker-4:2579769, MainThread:140240668346176> (requestor.py:_fetch_single_sync:154 -> middleware.py:apply_sync:96) from logger `RFC.middleware_content_saver`
[INFO] applied on CivitaiModelDownload(226956_v1.0), sent

2024-02-20 19:57:19,755 <requestor-worker-4:2579769, MainThread:140240668346176> (requestor.py:_fetch_single_sync:154 -> middleware.py:apply_sync:93) from logger `RFC.middleware_content_saver`
[INFO] applying on CivitaiModelDownload(19493_v1.0), received

2024-02-20 19:57:19,808 <requestor-worker-4:2579769, MainThread:140240668346176> (requestor.py:_fetch_single_sync:154 -> middleware.py:apply_sync:96) from logger `RFC.middleware_content_saver`
[INFO] applied on CivitaiModelDownload(19493_v1.0), sent

2024-02-20 19:57:59,978 <requestor-worker-4:2579769, MainThread:140240668346176> (requestor.py:_fetch_single_sync:154 -> middleware.py:apply_sync:93) from logger `RFC.middleware_content_saver`
[INFO] applying on CivitaiModelDownload(155677_v1.0), received

2024-02-20 19:58:00,030 <requestor-worker-4:2579769, MainThread:140240668346176> (requestor.py:_fetch_single_sync:154 -> middleware.py:apply_sync:96) from logger `RFC.middleware_content_saver`
[INFO] applied on CivitaiModelDownload(155677_v1.0), sent

2024-02-20 19:58:32,487 <requestor-worker-4:2579769, MainThread:140240668346176> (requestor.py:_fetch_single_sync:154 -> middleware.py:apply_sync:93) from logger `RFC.middleware_content_saver`
[INFO] applying on CivitaiModelDownload(163276_v1.1), received

2024-02-20 19:58:32,541 <requestor-worker-4:2579769, MainThread:140240668346176> (requestor.py:_fetch_single_sync:154 -> middleware.py:apply_sync:96) from logger `RFC.middleware_content_saver`
[INFO] applied on CivitaiModelDownload(163276_v1.1), sent

2024-02-20 19:59:00,073 <requestor-worker-4:2579769, MainThread:140240668346176> (requestor.py:_fetch_single_sync:154 -> middleware.py:apply_sync:93) from logger `RFC.middleware_content_saver`
[INFO] applying on CivitaiModelDownload(155764_v1), received

2024-02-20 19:59:00,082 <requestor-worker-4:2579769, MainThread:140240668346176> (requestor.py:_fetch_single_sync:154 -> middleware.py:apply_sync:96) from logger `RFC.middleware_content_saver`
[INFO] applied on CivitaiModelDownload(155764_v1), sent

2024-02-20 19:59:10,480 <requestor-worker-4:2579769, MainThread:140240668346176> (requestor.py:_fetch_single_sync:154 -> middleware.py:apply_sync:93) from logger `RFC.middleware_content_saver`
[INFO] applying on CivitaiModelDownload(125082_v1.0), received

2024-02-20 19:59:10,494 <requestor-worker-4:2579769, MainThread:140240668346176> (requestor.py:_fetch_single_sync:154 -> middleware.py:apply_sync:96) from logger `RFC.middleware_content_saver`
[INFO] applied on CivitaiModelDownload(125082_v1.0), sent

2024-02-20 19:59:20,612 <requestor-worker-4:2579769, MainThread:140240668346176> (requestor.py:_fetch_single_sync:154 -> middleware.py:apply_sync:93) from logger `RFC.middleware_content_saver`
[INFO] applying on CivitaiModelDownload(136324_v1.0), received

2024-02-20 19:59:22,120 <requestor-worker-4:2579769, MainThread:140240668346176> (requestor.py:_fetch_single_sync:154 -> middleware.py:apply_sync:96) from logger `RFC.middleware_content_saver`
[INFO] applied on CivitaiModelDownload(136324_v1.0), sent

2024-02-20 19:59:33,260 <requestor-worker-4:2579769, MainThread:140240668346176> (requestor.py:_fetch_single_sync:154 -> middleware.py:apply_sync:93) from logger `RFC.middleware_content_saver`
[INFO] applying on CivitaiModelDownload(269269_v1.0), received

2024-02-20 19:59:33,273 <requestor-worker-4:2579769, MainThread:140240668346176> (requestor.py:_fetch_single_sync:154 -> middleware.py:apply_sync:96) from logger `RFC.middleware_content_saver`
[INFO] applied on CivitaiModelDownload(269269_v1.0), sent

2024-02-20 20:01:18,290 <requestor-worker-4:2579769, MainThread:140240668346176> (requestor.py:_fetch_single_sync:154 -> middleware.py:apply_sync:93) from logger `RFC.middleware_content_saver`
[INFO] applying on CivitaiModelDownload(95690_Ameliav1.0), received

2024-02-20 20:01:18,305 <requestor-worker-4:2579769, MainThread:140240668346176> (requestor.py:_fetch_single_sync:154 -> middleware.py:apply_sync:96) from logger `RFC.middleware_content_saver`
[INFO] applied on CivitaiModelDownload(95690_Ameliav1.0), sent

2024-02-20 20:03:11,561 <requestor-worker-4:2579769, MainThread:140240668346176> (requestor.py:_fetch_single_sync:154 -> middleware.py:apply_sync:93) from logger `RFC.middleware_content_saver`
[INFO] applying on CivitaiModelDownload(308210_v1.0), received

2024-02-20 20:03:11,588 <requestor-worker-4:2579769, MainThread:140240668346176> (requestor.py:_fetch_single_sync:154 -> middleware.py:apply_sync:96) from logger `RFC.middleware_content_saver`
[INFO] applied on CivitaiModelDownload(308210_v1.0), sent

2024-02-20 20:04:36,005 <requestor-worker-4:2579769, MainThread:140240668346176> (requestor.py:_fetch_single_sync:154 -> middleware.py:apply_sync:93) from logger `RFC.middleware_content_saver`
[INFO] applying on CivitaiModelDownload(179367_amenouzume-smt-richy-v1), received

2024-02-20 20:04:36,021 <requestor-worker-4:2579769, MainThread:140240668346176> (requestor.py:_fetch_single_sync:154 -> middleware.py:apply_sync:96) from logger `RFC.middleware_content_saver`
[INFO] applied on CivitaiModelDownload(179367_amenouzume-smt-richy-v1), sent

2024-02-20 20:05:11,328 <requestor-worker-4:2579769, MainThread:140240668346176> (requestor.py:_fetch_single_sync:154 -> middleware.py:apply_sync:93) from logger `RFC.middleware_content_saver`
[INFO] applying on CivitaiModelDownload(275216_SD1.5), received

2024-02-20 20:05:11,338 <requestor-worker-4:2579769, MainThread:140240668346176> (requestor.py:_fetch_single_sync:154 -> middleware.py:apply_sync:96) from logger `RFC.middleware_content_saver`
[INFO] applied on CivitaiModelDownload(275216_SD1.5), sent

2024-02-20 20:06:09,531 <requestor-worker-4:2579769, MainThread:140240668346176> (requestor.py:_fetch_single_sync:154 -> middleware.py:apply_sync:93) from logger `RFC.middleware_content_saver`
[INFO] applying on CivitaiModelDownload(265354_SDXL), received

2024-02-20 20:06:10,042 <requestor-worker-4:2579769, MainThread:140240668346176> (requestor.py:_fetch_single_sync:154 -> middleware.py:apply_sync:96) from logger `RFC.middleware_content_saver`
[INFO] applied on CivitaiModelDownload(265354_SDXL), sent

2024-02-20 20:06:19,565 <requestor-worker-4:2579769, MainThread:140240668346176> (requestor.py:_fetch_single_sync:154 -> middleware.py:apply_sync:93) from logger `RFC.middleware_content_saver`
[INFO] applying on CivitaiModelDownload(60719_Lv1.0), received

2024-02-20 20:06:19,571 <requestor-worker-4:2579769, MainThread:140240668346176> (requestor.py:_fetch_single_sync:154 -> middleware.py:apply_sync:96) from logger `RFC.middleware_content_saver`
[INFO] applied on CivitaiModelDownload(60719_Lv1.0), sent

2024-02-20 20:06:29,495 <requestor-worker-4:2579769, MainThread:140240668346176> (requestor.py:_fetch_single_sync:154 -> middleware.py:apply_sync:93) from logger `RFC.middleware_content_saver`
[INFO] applying on CivitaiModelDownload(219353_SDXLv1.0v1.0), received

2024-02-20 20:06:29,500 <requestor-worker-4:2579769, MainThread:140240668346176> (requestor.py:_fetch_single_sync:154 -> middleware.py:apply_sync:96) from logger `RFC.middleware_content_saver`
[INFO] applied on CivitaiModelDownload(219353_SDXLv1.0v1.0), sent

2024-02-20 20:06:50,892 <requestor-worker-4:2579769, MainThread:140240668346176> (requestor.py:_fetch_single_sync:154 -> middleware.py:apply_sync:93) from logger `RFC.middleware_content_saver`
[INFO] applying on CivitaiModelDownload(19810_amber_harpastum), received

2024-02-20 20:06:50,919 <requestor-worker-4:2579769, MainThread:140240668346176> (requestor.py:_fetch_single_sync:154 -> middleware.py:apply_sync:96) from logger `RFC.middleware_content_saver`
[INFO] applied on CivitaiModelDownload(19810_amber_harpastum), sent

2024-02-20 20:07:10,072 <requestor-worker-4:2579769, MainThread:140240668346176> (requestor.py:_fetch_single_sync:154 -> middleware.py:apply_sync:93) from logger `RFC.middleware_content_saver`
[INFO] applying on CivitaiModelDownload(266390_v1.0), received

2024-02-20 20:07:10,089 <requestor-worker-4:2579769, MainThread:140240668346176> (requestor.py:_fetch_single_sync:154 -> middleware.py:apply_sync:96) from logger `RFC.middleware_content_saver`
[INFO] applied on CivitaiModelDownload(266390_v1.0), sent

2024-02-20 20:07:27,361 <requestor-worker-4:2579769, MainThread:140240668346176> (requestor.py:_fetch_single_sync:154 -> middleware.py:apply_sync:93) from logger `RFC.middleware_content_saver`
[INFO] applying on CivitaiModelDownload(40265_v1.0), received

2024-02-20 20:07:27,370 <requestor-worker-4:2579769, MainThread:140240668346176> (requestor.py:_fetch_single_sync:154 -> middleware.py:apply_sync:96) from logger `RFC.middleware_content_saver`
[INFO] applied on CivitaiModelDownload(40265_v1.0), sent

2024-02-20 20:07:58,666 <requestor-worker-4:2579769, MainThread:140240668346176> (requestor.py:_fetch_single_sync:154 -> middleware.py:apply_sync:93) from logger `RFC.middleware_content_saver`
[INFO] applying on CivitaiModelDownload(284541_v1.0), received

2024-02-20 20:07:58,680 <requestor-worker-4:2579769, MainThread:140240668346176> (requestor.py:_fetch_single_sync:154 -> middleware.py:apply_sync:96) from logger `RFC.middleware_content_saver`
[INFO] applied on CivitaiModelDownload(284541_v1.0), sent

2024-02-20 20:08:12,826 <requestor-worker-4:2579769, MainThread:140240668346176> (requestor.py:_fetch_single_sync:154 -> middleware.py:apply_sync:93) from logger `RFC.middleware_content_saver`
[INFO] applying on CivitaiModelDownload(287106_v1.0), received

2024-02-20 20:08:12,840 <requestor-worker-4:2579769, MainThread:140240668346176> (requestor.py:_fetch_single_sync:154 -> middleware.py:apply_sync:96) from logger `RFC.middleware_content_saver`
[INFO] applied on CivitaiModelDownload(287106_v1.0), sent

2024-02-20 20:08:52,145 <requestor-worker-4:2579769, MainThread:140240668346176> (requestor.py:_fetch_single_sync:154 -> middleware.py:apply_sync:93) from logger `RFC.middleware_content_saver`
[INFO] applying on CivitaiModelDownload(141446_v1.0), received

2024-02-20 20:08:53,807 <requestor-worker-4:2579769, MainThread:140240668346176> (requestor.py:_fetch_single_sync:154 -> middleware.py:apply_sync:96) from logger `RFC.middleware_content_saver`
[INFO] applied on CivitaiModelDownload(141446_v1.0), sent

2024-02-20 20:09:36,370 <requestor-worker-4:2579769, MainThread:140240668346176> (requestor.py:_fetch_single_sync:154 -> middleware.py:apply_sync:93) from logger `RFC.middleware_content_saver`
[INFO] applying on CivitaiModelDownload(195490_v1.0), received

2024-02-20 20:09:42,390 <requestor-worker-4:2579769, MainThread:140240668346176> (requestor.py:_fetch_single_sync:154 -> middleware.py:apply_sync:96) from logger `RFC.middleware_content_saver`
[INFO] applied on CivitaiModelDownload(195490_v1.0), sent

2024-02-20 20:09:54,368 <requestor-worker-4:2579769, MainThread:140240668346176> (requestor.py:_fetch_single_sync:154 -> middleware.py:apply_sync:93) from logger `RFC.middleware_content_saver`
[INFO] applying on CivitaiModelDownload(62774_Amber_v1_10epo), received

2024-02-20 20:09:54,376 <requestor-worker-4:2579769, MainThread:140240668346176> (requestor.py:_fetch_single_sync:154 -> middleware.py:apply_sync:96) from logger `RFC.middleware_content_saver`
[INFO] applied on CivitaiModelDownload(62774_Amber_v1_10epo), sent

2024-02-20 20:10:02,602 <requestor-worker-4:2579769, MainThread:140240668346176> (requestor.py:_fetch_single_sync:154 -> middleware.py:apply_sync:93) from logger `RFC.middleware_content_saver`
[INFO] applying on CivitaiModelDownload(316956_v1), received

2024-02-20 20:10:02,611 <requestor-worker-4:2579769, MainThread:140240668346176> (requestor.py:_fetch_single_sync:154 -> middleware.py:apply_sync:96) from logger `RFC.middleware_content_saver`
[INFO] applied on CivitaiModelDownload(316956_v1), sent

2024-02-20 20:10:28,103 <requestor-worker-4:2579769, MainThread:140240668346176> (requestor.py:_fetch_single_sync:154 -> middleware.py:apply_sync:93) from logger `RFC.middleware_content_saver`
[INFO] applying on CivitaiModelDownload(185140_Amber), received

2024-02-20 20:10:28,117 <requestor-worker-4:2579769, MainThread:140240668346176> (requestor.py:_fetch_single_sync:154 -> middleware.py:apply_sync:96) from logger `RFC.middleware_content_saver`
[INFO] applied on CivitaiModelDownload(185140_Amber), sent

2024-02-20 20:10:55,755 <requestor-worker-4:2579769, MainThread:140240668346176> (requestor.py:_fetch_single_sync:154 -> middleware.py:apply_sync:93) from logger `RFC.middleware_content_saver`
[INFO] applying on CivitaiModelDownload(19345_AmberV1), received

2024-02-20 20:10:55,806 <requestor-worker-4:2579769, MainThread:140240668346176> (requestor.py:_fetch_single_sync:154 -> middleware.py:apply_sync:96) from logger `RFC.middleware_content_saver`
[INFO] applied on CivitaiModelDownload(19345_AmberV1), sent

2024-02-20 20:11:05,249 <requestor-worker-4:2579769, MainThread:140240668346176> (requestor.py:_fetch_single_sync:154 -> middleware.py:apply_sync:93) from logger `RFC.middleware_content_saver`
[INFO] applying on CivitaiModelDownload(145234_v1.0), received

2024-02-20 20:11:05,263 <requestor-worker-4:2579769, MainThread:140240668346176> (requestor.py:_fetch_single_sync:154 -> middleware.py:apply_sync:96) from logger `RFC.middleware_content_saver`
[INFO] applied on CivitaiModelDownload(145234_v1.0), sent

2024-02-20 20:11:22,630 <requestor-worker-4:2579769, MainThread:140240668346176> (requestor.py:_fetch_single_sync:154 -> middleware.py:apply_sync:93) from logger `RFC.middleware_content_saver`
[INFO] applying on CivitaiModelDownload(120815_v2-Ornik-light), received

2024-02-20 20:11:23,349 <requestor-worker-4:2579769, MainThread:140240668346176> (requestor.py:_fetch_single_sync:154 -> middleware.py:apply_sync:96) from logger `RFC.middleware_content_saver`
[INFO] applied on CivitaiModelDownload(120815_v2-Ornik-light), sent

2024-02-20 20:11:43,696 <requestor-worker-4:2579769, MainThread:140240668346176> (requestor.py:_fetch_single_sync:154 -> middleware.py:apply_sync:93) from logger `RFC.middleware_content_saver`
[INFO] applying on CivitaiModelDownload(120810_v2-Thog-light), received

2024-02-20 20:11:43,713 <requestor-worker-4:2579769, MainThread:140240668346176> (requestor.py:_fetch_single_sync:154 -> middleware.py:apply_sync:96) from logger `RFC.middleware_content_saver`
[INFO] applied on CivitaiModelDownload(120810_v2-Thog-light), sent

2024-02-20 20:11:55,292 <requestor-worker-4:2579769, MainThread:140240668346176> (requestor.py:_fetch_single_sync:154 -> middleware.py:apply_sync:93) from logger `RFC.middleware_content_saver`
[INFO] applying on CivitaiModelDownload(220829_v3-Thog), received

2024-02-20 20:11:55,318 <requestor-worker-4:2579769, MainThread:140240668346176> (requestor.py:_fetch_single_sync:154 -> middleware.py:apply_sync:96) from logger `RFC.middleware_content_saver`
[INFO] applied on CivitaiModelDownload(220829_v3-Thog), sent

2024-02-20 20:12:08,667 <requestor-worker-4:2579769, MainThread:140240668346176> (requestor.py:_fetch_single_sync:154 -> middleware.py:apply_sync:93) from logger `RFC.middleware_content_saver`
[INFO] applying on CivitaiModelDownload(220828_v3-Kug), received

2024-02-20 20:12:08,693 <requestor-worker-4:2579769, MainThread:140240668346176> (requestor.py:_fetch_single_sync:154 -> middleware.py:apply_sync:96) from logger `RFC.middleware_content_saver`
[INFO] applied on CivitaiModelDownload(220828_v3-Kug), sent

2024-02-20 20:12:11,826 <requestor-worker-4:2579769, MainThread:140240668346176> (requestor.py:_fetch_single_sync:154 -> middleware.py:apply_sync:93) from logger `RFC.middleware_content_saver`
[INFO] applying on CivitaiModelDownload(26046_v1.0), received

2024-02-20 20:12:11,832 <requestor-worker-4:2579769, MainThread:140240668346176> (requestor.py:_fetch_single_sync:154 -> middleware.py:apply_sync:96) from logger `RFC.middleware_content_saver`
[INFO] applied on CivitaiModelDownload(26046_v1.0), sent

2024-02-20 20:12:30,091 <requestor-worker-4:2579769, MainThread:140240668346176> (requestor.py:_fetch_single_sync:154 -> middleware.py:apply_sync:93) from logger `RFC.middleware_content_saver`
[INFO] applying on CivitaiModelDownload(276942_v1.0), received

2024-02-20 20:12:30,100 <requestor-worker-4:2579769, MainThread:140240668346176> (requestor.py:_fetch_single_sync:154 -> middleware.py:apply_sync:96) from logger `RFC.middleware_content_saver`
[INFO] applied on CivitaiModelDownload(276942_v1.0), sent

2024-02-20 20:13:05,946 <requestor-worker-4:2579769, MainThread:140240668346176> (requestor.py:_fetch_single_sync:154 -> middleware.py:apply_sync:93) from logger `RFC.middleware_content_saver`
[INFO] applying on CivitaiModelDownload(59084_v1.1), received

2024-02-20 20:13:05,998 <requestor-worker-4:2579769, MainThread:140240668346176> (requestor.py:_fetch_single_sync:154 -> middleware.py:apply_sync:96) from logger `RFC.middleware_content_saver`
[INFO] applied on CivitaiModelDownload(59084_v1.1), sent

2024-02-20 20:16:28,501 <requestor-worker-4:2579769, MainThread:140240668346176> (requestor.py:_fetch_single_sync:154 -> middleware.py:apply_sync:93) from logger `RFC.middleware_content_saver`
[INFO] applying on CivitaiModelDownload(135436_v1/5), received

2024-02-20 20:16:33,627 <requestor-worker-4:2579769, MainThread:140240668346176> (requestor.py:_fetch_single_sync:154 -> middleware.py:apply_sync:96) from logger `RFC.middleware_content_saver`
[INFO] applied on CivitaiModelDownload(135436_v1/5), sent

2024-02-20 20:17:08,642 <requestor-worker-4:2579769, MainThread:140240668346176> (requestor.py:_fetch_single_sync:154 -> middleware.py:apply_sync:93) from logger `RFC.middleware_content_saver`
[INFO] applying on CivitaiModelDownload(118699_v1), received

2024-02-20 20:17:09,200 <requestor-worker-4:2579769, MainThread:140240668346176> (requestor.py:_fetch_single_sync:154 -> middleware.py:apply_sync:96) from logger `RFC.middleware_content_saver`
[INFO] applied on CivitaiModelDownload(118699_v1), sent

2024-02-20 20:17:14,856 <requestor-worker-4:2579769, MainThread:140240668346176> (requestor.py:_fetch_single_sync:154 -> middleware.py:apply_sync:93) from logger `RFC.middleware_content_saver`
[INFO] applying on CivitaiModelDownload(56939_v1), received

2024-02-20 20:17:14,866 <requestor-worker-4:2579769, MainThread:140240668346176> (requestor.py:_fetch_single_sync:154 -> middleware.py:apply_sync:96) from logger `RFC.middleware_content_saver`
[INFO] applied on CivitaiModelDownload(56939_v1), sent

2024-02-20 20:18:37,640 <requestor-worker-4:2579769, MainThread:140240668346176> (requestor.py:_fetch_single_sync:154 -> middleware.py:apply_sync:93) from logger `RFC.middleware_content_saver`
[INFO] applying on CivitaiModelDownload(122976_v1-locon), received

2024-02-20 20:18:40,586 <requestor-worker-4:2579769, MainThread:140240668346176> (requestor.py:_fetch_single_sync:154 -> middleware.py:apply_sync:96) from logger `RFC.middleware_content_saver`
[INFO] applied on CivitaiModelDownload(122976_v1-locon), sent

2024-02-20 20:18:48,099 <requestor-worker-4:2579769, MainThread:140240668346176> (requestor.py:_fetch_single_sync:154 -> middleware.py:apply_sync:93) from logger `RFC.middleware_content_saver`
[INFO] applying on CivitaiModelDownload(91480_v1.0), received

2024-02-20 20:18:48,114 <requestor-worker-4:2579769, MainThread:140240668346176> (requestor.py:_fetch_single_sync:154 -> middleware.py:apply_sync:96) from logger `RFC.middleware_content_saver`
[INFO] applied on CivitaiModelDownload(91480_v1.0), sent

2024-02-20 20:19:08,687 <requestor-worker-4:2579769, MainThread:140240668346176> (requestor.py:_fetch_single_sync:154 -> middleware.py:apply_sync:93) from logger `RFC.middleware_content_saver`
[INFO] applying on CivitaiModelDownload(28959_whiteskirt), received

2024-02-20 20:19:08,702 <requestor-worker-4:2579769, MainThread:140240668346176> (requestor.py:_fetch_single_sync:154 -> middleware.py:apply_sync:96) from logger `RFC.middleware_content_saver`
[INFO] applied on CivitaiModelDownload(28959_whiteskirt), sent

2024-02-20 20:19:59,696 <requestor-worker-4:2579769, MainThread:140240668346176> (requestor.py:_fetch_single_sync:154 -> middleware.py:apply_sync:93) from logger `RFC.middleware_content_saver`
[INFO] applying on CivitaiModelDownload(28574_AmarantCoralFinalFantasy7), received

2024-02-20 20:20:01,389 <requestor-worker-4:2579769, MainThread:140240668346176> (requestor.py:_fetch_single_sync:154 -> middleware.py:apply_sync:96) from logger `RFC.middleware_content_saver`
[INFO] applied on CivitaiModelDownload(28574_AmarantCoralFinalFantasy7), sent

2024-02-20 20:20:12,598 <requestor-worker-4:2579769, MainThread:140240668346176> (requestor.py:_fetch_single_sync:154 -> middleware.py:apply_sync:93) from logger `RFC.middleware_content_saver`
[INFO] applying on CivitaiModelDownload(213934_v1.0), received

2024-02-20 20:20:12,613 <requestor-worker-4:2579769, MainThread:140240668346176> (requestor.py:_fetch_single_sync:154 -> middleware.py:apply_sync:96) from logger `RFC.middleware_content_saver`
[INFO] applied on CivitaiModelDownload(213934_v1.0), sent

2024-02-20 20:20:24,447 <requestor-worker-4:2579769, MainThread:140240668346176> (requestor.py:_fetch_single_sync:154 -> middleware.py:apply_sync:93) from logger `RFC.middleware_content_saver`
[INFO] applying on CivitaiModelDownload(235239_v1.0), received

2024-02-20 20:20:24,456 <requestor-worker-4:2579769, MainThread:140240668346176> (requestor.py:_fetch_single_sync:154 -> middleware.py:apply_sync:96) from logger `RFC.middleware_content_saver`
[INFO] applied on CivitaiModelDownload(235239_v1.0), sent

2024-02-20 20:20:34,505 <requestor-worker-4:2579769, MainThread:140240668346176> (requestor.py:_fetch_single_sync:154 -> middleware.py:apply_sync:93) from logger `RFC.middleware_content_saver`
[INFO] applying on CivitaiModelDownload(84201_v1.0), received

2024-02-20 20:20:34,517 <requestor-worker-4:2579769, MainThread:140240668346176> (requestor.py:_fetch_single_sync:154 -> middleware.py:apply_sync:96) from logger `RFC.middleware_content_saver`
[INFO] applied on CivitaiModelDownload(84201_v1.0), sent

2024-02-20 20:20:46,411 <requestor-worker-4:2579769, MainThread:140240668346176> (requestor.py:_fetch_single_sync:154 -> middleware.py:apply_sync:93) from logger `RFC.middleware_content_saver`
[INFO] applying on CivitaiModelDownload(182339_v1.2), received

2024-02-20 20:20:46,432 <requestor-worker-4:2579769, MainThread:140240668346176> (requestor.py:_fetch_single_sync:154 -> middleware.py:apply_sync:96) from logger `RFC.middleware_content_saver`
[INFO] applied on CivitaiModelDownload(182339_v1.2), sent

2024-02-20 20:21:07,145 <requestor-worker-4:2579769, MainThread:140240668346176> (requestor.py:_fetch_single_sync:154 -> middleware.py:apply_sync:93) from logger `RFC.middleware_content_saver`
[INFO] applying on CivitaiModelDownload(241233_v1.0), received

2024-02-20 20:21:07,160 <requestor-worker-4:2579769, MainThread:140240668346176> (requestor.py:_fetch_single_sync:154 -> middleware.py:apply_sync:96) from logger `RFC.middleware_content_saver`
[INFO] applied on CivitaiModelDownload(241233_v1.0), sent

2024-02-20 20:21:29,665 <requestor-worker-4:2579769, MainThread:140240668346176> (requestor.py:_fetch_single_sync:154 -> middleware.py:apply_sync:93) from logger `RFC.middleware_content_saver`
[INFO] applying on CivitaiModelDownload(98292_v1.0), received

2024-02-20 20:21:29,680 <requestor-worker-4:2579769, MainThread:140240668346176> (requestor.py:_fetch_single_sync:154 -> middleware.py:apply_sync:96) from logger `RFC.middleware_content_saver`
[INFO] applied on CivitaiModelDownload(98292_v1.0), sent

2024-02-20 20:22:15,237 <requestor-worker-4:2579769, MainThread:140240668346176> (requestor.py:_fetch_single_sync:154 -> middleware.py:apply_sync:93) from logger `RFC.middleware_content_saver`
[INFO] applying on CivitaiModelDownload(80435_v1.0), received

2024-02-20 20:22:15,264 <requestor-worker-4:2579769, MainThread:140240668346176> (requestor.py:_fetch_single_sync:154 -> middleware.py:apply_sync:96) from logger `RFC.middleware_content_saver`
[INFO] applied on CivitaiModelDownload(80435_v1.0), sent

2024-02-20 20:22:21,574 <requestor-worker-4:2579769, MainThread:140240668346176> (requestor.py:_fetch_single_sync:154 -> middleware.py:apply_sync:93) from logger `RFC.middleware_content_saver`
[INFO] applying on CivitaiModelDownload(196435_v1.0200p), received

2024-02-20 20:22:21,583 <requestor-worker-4:2579769, MainThread:140240668346176> (requestor.py:_fetch_single_sync:154 -> middleware.py:apply_sync:96) from logger `RFC.middleware_content_saver`
[INFO] applied on CivitaiModelDownload(196435_v1.0200p), sent

2024-02-20 20:24:02,486 <requestor-worker-4:2579769, MainThread:140240668346176> (requestor.py:_fetch_single_sync:154 -> middleware.py:apply_sync:93) from logger `RFC.middleware_content_saver`
[INFO] applying on CivitaiModelDownload(15033_v1.0), received

2024-02-20 20:24:04,731 <requestor-worker-4:2579769, MainThread:140240668346176> (requestor.py:_fetch_single_sync:154 -> middleware.py:apply_sync:96) from logger `RFC.middleware_content_saver`
[INFO] applied on CivitaiModelDownload(15033_v1.0), sent

2024-02-20 20:28:26,946 <requestor-worker-4:2579769, MainThread:140240668346176> (requestor.py:_fetch_single_sync:154 -> middleware.py:apply_sync:93) from logger `RFC.middleware_content_saver`
[INFO] applying on CivitaiModelDownload(104958_v1.0), received

2024-02-20 20:28:26,954 <requestor-worker-4:2579769, MainThread:140240668346176> (requestor.py:_fetch_single_sync:154 -> middleware.py:apply_sync:96) from logger `RFC.middleware_content_saver`
[INFO] applied on CivitaiModelDownload(104958_v1.0), sent

2024-02-20 20:34:24,596 <requestor-worker-4:2579769, MainThread:140240668346176> (requestor.py:_fetch_single_sync:154 -> middleware.py:apply_sync:93) from logger `RFC.middleware_content_saver`
[INFO] applying on CivitaiModelDownload(102546_v1.0), received

2024-02-20 20:34:26,068 <requestor-worker-4:2579769, MainThread:140240668346176> (requestor.py:_fetch_single_sync:154 -> middleware.py:apply_sync:96) from logger `RFC.middleware_content_saver`
[INFO] applied on CivitaiModelDownload(102546_v1.0), sent

2024-02-20 20:34:34,357 <requestor-worker-4:2579769, MainThread:140240668346176> (requestor.py:_fetch_single_sync:154 -> middleware.py:apply_sync:93) from logger `RFC.middleware_content_saver`
[INFO] applying on CivitaiModelDownload(36280_v1.0), received

2024-02-20 20:34:34,363 <requestor-worker-4:2579769, MainThread:140240668346176> (requestor.py:_fetch_single_sync:154 -> middleware.py:apply_sync:96) from logger `RFC.middleware_content_saver`
[INFO] applied on CivitaiModelDownload(36280_v1.0), sent

2024-02-20 20:34:41,410 <requestor-worker-4:2579769, MainThread:140240668346176> (requestor.py:_fetch_single_sync:154 -> middleware.py:apply_sync:93) from logger `RFC.middleware_content_saver`
[INFO] applying on CivitaiModelDownload(204971_v1.0), received

2024-02-20 20:34:41,416 <requestor-worker-4:2579769, MainThread:140240668346176> (requestor.py:_fetch_single_sync:154 -> middleware.py:apply_sync:96) from logger `RFC.middleware_content_saver`
[INFO] applied on CivitaiModelDownload(204971_v1.0), sent

2024-02-20 20:34:45,945 <requestor-worker-4:2579769, MainThread:140240668346176> (requestor.py:_fetch_single_sync:154 -> middleware.py:apply_sync:93) from logger `RFC.middleware_content_saver`
[INFO] applying on CivitaiModelDownload(205249_v1.2), received

2024-02-20 20:34:45,955 <requestor-worker-4:2579769, MainThread:140240668346176> (requestor.py:_fetch_single_sync:154 -> middleware.py:apply_sync:96) from logger `RFC.middleware_content_saver`
[INFO] applied on CivitaiModelDownload(205249_v1.2), sent

2024-02-20 20:35:00,305 <requestor-worker-4:2579769, MainThread:140240668346176> (requestor.py:_fetch_single_sync:154 -> middleware.py:apply_sync:93) from logger `RFC.middleware_content_saver`
[INFO] applying on CivitaiModelDownload(279240_v1.0), received

2024-02-20 20:35:00,314 <requestor-worker-4:2579769, MainThread:140240668346176> (requestor.py:_fetch_single_sync:154 -> middleware.py:apply_sync:96) from logger `RFC.middleware_content_saver`
[INFO] applied on CivitaiModelDownload(279240_v1.0), sent

2024-02-20 20:35:54,097 <requestor-worker-4:2579769, MainThread:140240668346176> (requestor.py:_fetch_single_sync:154 -> middleware.py:apply_sync:93) from logger `RFC.middleware_content_saver`
[INFO] applying on CivitaiModelDownload(111490_v1.0), received

2024-02-20 20:35:54,152 <requestor-worker-4:2579769, MainThread:140240668346176> (requestor.py:_fetch_single_sync:154 -> middleware.py:apply_sync:96) from logger `RFC.middleware_content_saver`
[INFO] applied on CivitaiModelDownload(111490_v1.0), sent

2024-02-20 20:36:18,863 <requestor-worker-4:2579769, MainThread:140240668346176> (requestor.py:_fetch_single_sync:154 -> middleware.py:apply_sync:93) from logger `RFC.middleware_content_saver`
[INFO] applying on CivitaiModelDownload(152815_v1.4), received

2024-02-20 20:36:18,871 <requestor-worker-4:2579769, MainThread:140240668346176> (requestor.py:_fetch_single_sync:154 -> middleware.py:apply_sync:96) from logger `RFC.middleware_content_saver`
[INFO] applied on CivitaiModelDownload(152815_v1.4), sent

2024-02-20 20:36:29,406 <requestor-worker-4:2579769, MainThread:140240668346176> (requestor.py:_fetch_single_sync:154 -> middleware.py:apply_sync:93) from logger `RFC.middleware_content_saver`
[INFO] applying on CivitaiModelDownload(136636_v1.0), received

2024-02-20 20:36:29,415 <requestor-worker-4:2579769, MainThread:140240668346176> (requestor.py:_fetch_single_sync:154 -> middleware.py:apply_sync:96) from logger `RFC.middleware_content_saver`
[INFO] applied on CivitaiModelDownload(136636_v1.0), sent

2024-02-20 20:36:52,664 <requestor-worker-4:2579769, MainThread:140240668346176> (requestor.py:_fetch_single_sync:154 -> middleware.py:apply_sync:93) from logger `RFC.middleware_content_saver`
[INFO] applying on CivitaiModelDownload(140201_v1.0), received

2024-02-20 20:36:52,679 <requestor-worker-4:2579769, MainThread:140240668346176> (requestor.py:_fetch_single_sync:154 -> middleware.py:apply_sync:96) from logger `RFC.middleware_content_saver`
[INFO] applied on CivitaiModelDownload(140201_v1.0), sent

2024-02-20 20:36:55,448 <requestor-worker-4:2579769, MainThread:140240668346176> (requestor.py:_fetch_single_sync:154 -> middleware.py:apply_sync:93) from logger `RFC.middleware_content_saver`
[INFO] applying on CivitaiModelDownload(15718_Sentoisuzu), received

2024-02-20 20:36:55,451 <requestor-worker-4:2579769, MainThread:140240668346176> (requestor.py:_fetch_single_sync:154 -> middleware.py:apply_sync:96) from logger `RFC.middleware_content_saver`
[INFO] applied on CivitaiModelDownload(15718_Sentoisuzu), sent

2024-02-20 20:36:55,815 <requestor-worker-4:2579769, MainThread:140240668346176> (requestor.py:_fetch_single_sync:154 -> middleware.py:apply_sync:93) from logger `RFC.middleware_content_saver`
[INFO] applying on CivitaiModelDownload(16226_Sentoisuzu(Resetversion)), received

2024-02-20 20:36:55,818 <requestor-worker-4:2579769, MainThread:140240668346176> (requestor.py:_fetch_single_sync:154 -> middleware.py:apply_sync:96) from logger `RFC.middleware_content_saver`
[INFO] applied on CivitaiModelDownload(16226_Sentoisuzu(Resetversion)), sent

2024-02-20 20:36:56,166 <requestor-worker-4:2579769, MainThread:140240668346176> (requestor.py:_fetch_single_sync:154 -> middleware.py:apply_sync:93) from logger `RFC.middleware_content_saver`
[INFO] applying on CivitaiModelDownload(16150_LatifaFleuranza-Beta), received

2024-02-20 20:36:56,169 <requestor-worker-4:2579769, MainThread:140240668346176> (requestor.py:_fetch_single_sync:154 -> middleware.py:apply_sync:96) from logger `RFC.middleware_content_saver`
[INFO] applied on CivitaiModelDownload(16150_LatifaFleuranza-Beta), sent

2024-02-20 20:36:56,792 <requestor-worker-4:2579769, MainThread:140240668346176> (requestor.py:_fetch_single_sync:154 -> middleware.py:apply_sync:93) from logger `RFC.middleware_content_saver`
[INFO] applying on CivitaiModelDownload(16206_LatifaFleuranza（Optimizedversion）|优化版), received

2024-02-20 20:36:56,795 <requestor-worker-4:2579769, MainThread:140240668346176> (requestor.py:_fetch_single_sync:154 -> middleware.py:apply_sync:96) from logger `RFC.middleware_content_saver`
[INFO] applied on CivitaiModelDownload(16206_LatifaFleuranza（Optimizedversion）|优化版), sent

2024-02-20 20:36:57,893 <requestor-worker-4:2579769, MainThread:140240668346176> (requestor.py:_fetch_single_sync:154 -> middleware.py:apply_sync:93) from logger `RFC.middleware_content_saver`
[INFO] applying on CivitaiModelDownload(15940_LatifaFleuranza), received

2024-02-20 20:36:57,896 <requestor-worker-4:2579769, MainThread:140240668346176> (requestor.py:_fetch_single_sync:154 -> middleware.py:apply_sync:96) from logger `RFC.middleware_content_saver`
[INFO] applied on CivitaiModelDownload(15940_LatifaFleuranza), sent

2024-02-20 20:37:10,532 <requestor-worker-4:2579769, MainThread:140240668346176> (requestor.py:_fetch_single_sync:154 -> middleware.py:apply_sync:93) from logger `RFC.middleware_content_saver`
[INFO] applying on CivitaiModelDownload(163154_v1.0), received

2024-02-20 20:37:10,547 <requestor-worker-4:2579769, MainThread:140240668346176> (requestor.py:_fetch_single_sync:154 -> middleware.py:apply_sync:96) from logger `RFC.middleware_content_saver`
[INFO] applied on CivitaiModelDownload(163154_v1.0), sent

2024-02-20 20:37:17,533 <requestor-worker-4:2579769, MainThread:140240668346176> (requestor.py:_fetch_single_sync:154 -> middleware.py:apply_sync:93) from logger `RFC.middleware_content_saver`
[INFO] applying on CivitaiModelDownload(221140_v1.0), received

2024-02-20 20:37:17,541 <requestor-worker-4:2579769, MainThread:140240668346176> (requestor.py:_fetch_single_sync:154 -> middleware.py:apply_sync:96) from logger `RFC.middleware_content_saver`
[INFO] applied on CivitaiModelDownload(221140_v1.0), sent

2024-02-20 20:37:33,846 <requestor-worker-4:2579769, MainThread:140240668346176> (requestor.py:_fetch_single_sync:154 -> middleware.py:apply_sync:93) from logger `RFC.middleware_content_saver`
[INFO] applying on CivitaiModelDownload(75658_v3.0), received

2024-02-20 20:37:33,860 <requestor-worker-4:2579769, MainThread:140240668346176> (requestor.py:_fetch_single_sync:154 -> middleware.py:apply_sync:96) from logger `RFC.middleware_content_saver`
[INFO] applied on CivitaiModelDownload(75658_v3.0), sent

2024-02-20 20:38:00,766 <requestor-worker-4:2579769, MainThread:140240668346176> (requestor.py:_fetch_single_sync:154 -> middleware.py:apply_sync:93) from logger `RFC.middleware_content_saver`
[INFO] applying on CivitaiModelDownload(182819_v1.0), received

2024-02-20 20:38:00,775 <requestor-worker-4:2579769, MainThread:140240668346176> (requestor.py:_fetch_single_sync:154 -> middleware.py:apply_sync:96) from logger `RFC.middleware_content_saver`
[INFO] applied on CivitaiModelDownload(182819_v1.0), sent

2024-02-20 20:38:14,726 <requestor-worker-4:2579769, MainThread:140240668346176> (requestor.py:_fetch_single_sync:154 -> middleware.py:apply_sync:93) from logger `RFC.middleware_content_saver`
[INFO] applying on CivitaiModelDownload(201764_v1.0A), received

2024-02-20 20:38:14,735 <requestor-worker-4:2579769, MainThread:140240668346176> (requestor.py:_fetch_single_sync:154 -> middleware.py:apply_sync:96) from logger `RFC.middleware_content_saver`
[INFO] applied on CivitaiModelDownload(201764_v1.0A), sent

2024-02-20 20:39:02,436 <requestor-worker-4:2579769, MainThread:140240668346176> (requestor.py:_fetch_single_sync:154 -> middleware.py:apply_sync:93) from logger `RFC.middleware_content_saver`
[INFO] applying on CivitaiModelDownload(57704_v2.0), received

2024-02-20 20:39:02,490 <requestor-worker-4:2579769, MainThread:140240668346176> (requestor.py:_fetch_single_sync:154 -> middleware.py:apply_sync:96) from logger `RFC.middleware_content_saver`
[INFO] applied on CivitaiModelDownload(57704_v2.0), sent

2024-02-20 20:39:43,404 <requestor-worker-4:2579769, MainThread:140240668346176> (requestor.py:_fetch_single_sync:154 -> middleware.py:apply_sync:93) from logger `RFC.middleware_content_saver`
[INFO] applying on CivitaiModelDownload(13869_v.1), received

2024-02-20 20:39:44,867 <requestor-worker-4:2579769, MainThread:140240668346176> (requestor.py:_fetch_single_sync:154 -> middleware.py:apply_sync:96) from logger `RFC.middleware_content_saver`
[INFO] applied on CivitaiModelDownload(13869_v.1), sent

2024-02-20 20:40:27,083 <requestor-worker-4:2579769, MainThread:140240668346176> (requestor.py:_fetch_single_sync:154 -> middleware.py:apply_sync:93) from logger `RFC.middleware_content_saver`
[INFO] applying on CivitaiModelDownload(227321_v1.0), received

2024-02-20 20:40:27,092 <requestor-worker-4:2579769, MainThread:140240668346176> (requestor.py:_fetch_single_sync:154 -> middleware.py:apply_sync:96) from logger `RFC.middleware_content_saver`
[INFO] applied on CivitaiModelDownload(227321_v1.0), sent

2024-02-20 20:42:03,333 <requestor-worker-4:2579769, MainThread:140240668346176> (requestor.py:_fetch_single_sync:154 -> middleware.py:apply_sync:93) from logger `RFC.middleware_content_saver`
[INFO] applying on CivitaiModelDownload(71576_v1.0), received

2024-02-20 20:42:03,348 <requestor-worker-4:2579769, MainThread:140240668346176> (requestor.py:_fetch_single_sync:154 -> middleware.py:apply_sync:96) from logger `RFC.middleware_content_saver`
[INFO] applied on CivitaiModelDownload(71576_v1.0), sent

2024-02-20 20:42:46,018 <requestor-worker-4:2579769, MainThread:140240668346176> (requestor.py:_fetch_single_sync:154 -> middleware.py:apply_sync:93) from logger `RFC.middleware_content_saver`
[INFO] applying on CivitaiModelDownload(52467_v1.0), received

2024-02-20 20:42:46,071 <requestor-worker-4:2579769, MainThread:140240668346176> (requestor.py:_fetch_single_sync:154 -> middleware.py:apply_sync:96) from logger `RFC.middleware_content_saver`
[INFO] applied on CivitaiModelDownload(52467_v1.0), sent

2024-02-20 20:44:07,912 <requestor-worker-4:2579769, MainThread:140240668346176> (requestor.py:_fetch_single_sync:154 -> middleware.py:apply_sync:93) from logger `RFC.middleware_content_saver`
[INFO] applying on CivitaiModelDownload(85040_v1.0), received

2024-02-20 20:44:07,962 <requestor-worker-4:2579769, MainThread:140240668346176> (requestor.py:_fetch_single_sync:154 -> middleware.py:apply_sync:96) from logger `RFC.middleware_content_saver`
[INFO] applied on CivitaiModelDownload(85040_v1.0), sent

2024-02-20 20:45:26,353 <requestor-worker-4:2579769, MainThread:140240668346176> (requestor.py:_fetch_single_sync:154 -> middleware.py:apply_sync:93) from logger `RFC.middleware_content_saver`
[INFO] applying on CivitaiModelDownload(149850_v1.0), received

2024-02-20 20:45:26,368 <requestor-worker-4:2579769, MainThread:140240668346176> (requestor.py:_fetch_single_sync:154 -> middleware.py:apply_sync:96) from logger `RFC.middleware_content_saver`
[INFO] applied on CivitaiModelDownload(149850_v1.0), sent

2024-02-20 20:45:51,213 <requestor-worker-4:2579769, MainThread:140240668346176> (requestor.py:_fetch_single_sync:154 -> middleware.py:apply_sync:93) from logger `RFC.middleware_content_saver`
[INFO] applying on CivitaiModelDownload(77291_Charactersv1.0), received

2024-02-20 20:45:51,228 <requestor-worker-4:2579769, MainThread:140240668346176> (requestor.py:_fetch_single_sync:154 -> middleware.py:apply_sync:96) from logger `RFC.middleware_content_saver`
[INFO] applied on CivitaiModelDownload(77291_Charactersv1.0), sent

2024-02-20 20:46:29,976 <requestor-worker-4:2579769, MainThread:140240668346176> (requestor.py:_fetch_single_sync:154 -> middleware.py:apply_sync:93) from logger `RFC.middleware_content_saver`
[INFO] applying on CivitaiModelDownload(47709_v1.0), received

2024-02-20 20:46:30,028 <requestor-worker-4:2579769, MainThread:140240668346176> (requestor.py:_fetch_single_sync:154 -> middleware.py:apply_sync:96) from logger `RFC.middleware_content_saver`
[INFO] applied on CivitaiModelDownload(47709_v1.0), sent

2024-02-20 20:46:51,536 <requestor-worker-4:2579769, MainThread:140240668346176> (requestor.py:_fetch_single_sync:154 -> middleware.py:apply_sync:93) from logger `RFC.middleware_content_saver`
[INFO] applying on CivitaiModelDownload(263368_AltriaGremv2.0), received

2024-02-20 20:46:51,545 <requestor-worker-4:2579769, MainThread:140240668346176> (requestor.py:_fetch_single_sync:154 -> middleware.py:apply_sync:96) from logger `RFC.middleware_content_saver`
[INFO] applied on CivitaiModelDownload(263368_AltriaGremv2.0), sent

2024-02-20 20:47:02,030 <requestor-worker-4:2579769, MainThread:140240668346176> (requestor.py:_fetch_single_sync:154 -> middleware.py:apply_sync:93) from logger `RFC.middleware_content_saver`
[INFO] applying on CivitaiModelDownload(173924_Male-NAI), received

2024-02-20 20:47:02,045 <requestor-worker-4:2579769, MainThread:140240668346176> (requestor.py:_fetch_single_sync:154 -> middleware.py:apply_sync:96) from logger `RFC.middleware_content_saver`
[INFO] applied on CivitaiModelDownload(173924_Male-NAI), sent

2024-02-20 20:47:21,186 <requestor-worker-4:2579769, MainThread:140240668346176> (requestor.py:_fetch_single_sync:154 -> middleware.py:apply_sync:93) from logger `RFC.middleware_content_saver`
[INFO] applying on CivitaiModelDownload(105082_MagicalGirl), received

2024-02-20 20:47:21,201 <requestor-worker-4:2579769, MainThread:140240668346176> (requestor.py:_fetch_single_sync:154 -> middleware.py:apply_sync:96) from logger `RFC.middleware_content_saver`
[INFO] applied on CivitaiModelDownload(105082_MagicalGirl), sent

2024-02-20 20:47:50,836 <requestor-worker-4:2579769, MainThread:140240668346176> (requestor.py:_fetch_single_sync:154 -> middleware.py:apply_sync:93) from logger `RFC.middleware_content_saver`
[INFO] applying on CivitaiModelDownload(146682_SD1.5v1.0), received

2024-02-20 20:47:50,851 <requestor-worker-4:2579769, MainThread:140240668346176> (requestor.py:_fetch_single_sync:154 -> middleware.py:apply_sync:96) from logger `RFC.middleware_content_saver`
[INFO] applied on CivitaiModelDownload(146682_SD1.5v1.0), sent

2024-02-20 20:49:58,086 <requestor-worker-4:2579769, MainThread:140240668346176> (requestor.py:_fetch_single_sync:154 -> middleware.py:apply_sync:93) from logger `RFC.middleware_content_saver`
[INFO] applying on CivitaiModelDownload(46889_SD1.5), received

2024-02-20 20:50:03,102 <requestor-worker-4:2579769, MainThread:140240668346176> (requestor.py:_fetch_single_sync:154 -> middleware.py:apply_sync:96) from logger `RFC.middleware_content_saver`
[INFO] applied on CivitaiModelDownload(46889_SD1.5), sent

2024-02-20 20:50:35,884 <requestor-worker-4:2579769, MainThread:140240668346176> (requestor.py:_fetch_single_sync:154 -> middleware.py:apply_sync:93) from logger `RFC.middleware_content_saver`
[INFO] applying on CivitaiModelDownload(59416_v1.2), received

2024-02-20 20:50:35,903 <requestor-worker-4:2579769, MainThread:140240668346176> (requestor.py:_fetch_single_sync:154 -> middleware.py:apply_sync:96) from logger `RFC.middleware_content_saver`
[INFO] applied on CivitaiModelDownload(59416_v1.2), sent

2024-02-20 20:51:08,180 <requestor-worker-4:2579769, MainThread:140240668346176> (requestor.py:_fetch_single_sync:154 -> middleware.py:apply_sync:93) from logger `RFC.middleware_content_saver`
[INFO] applying on CivitaiModelDownload(79365_v1.0), received

2024-02-20 20:51:08,194 <requestor-worker-4:2579769, MainThread:140240668346176> (requestor.py:_fetch_single_sync:154 -> middleware.py:apply_sync:96) from logger `RFC.middleware_content_saver`
[INFO] applied on CivitaiModelDownload(79365_v1.0), sent

2024-02-20 20:51:24,269 <requestor-worker-4:2579769, MainThread:140240668346176> (requestor.py:_fetch_single_sync:154 -> middleware.py:apply_sync:93) from logger `RFC.middleware_content_saver`
[INFO] applying on CivitaiModelDownload(112666_v1.0), received

2024-02-20 20:51:25,799 <requestor-worker-4:2579769, MainThread:140240668346176> (requestor.py:_fetch_single_sync:154 -> middleware.py:apply_sync:96) from logger `RFC.middleware_content_saver`
[INFO] applied on CivitaiModelDownload(112666_v1.0), sent

2024-02-20 20:52:10,573 <requestor-worker-4:2579769, MainThread:140240668346176> (requestor.py:_fetch_single_sync:154 -> middleware.py:apply_sync:93) from logger `RFC.middleware_content_saver`
[INFO] applying on CivitaiModelDownload(212865_v1.0), received

2024-02-20 20:52:10,587 <requestor-worker-4:2579769, MainThread:140240668346176> (requestor.py:_fetch_single_sync:154 -> middleware.py:apply_sync:96) from logger `RFC.middleware_content_saver`
[INFO] applied on CivitaiModelDownload(212865_v1.0), sent

2024-02-20 20:53:00,255 <requestor-worker-4:2579769, MainThread:140240668346176> (requestor.py:_fetch_single_sync:154 -> middleware.py:apply_sync:93) from logger `RFC.middleware_content_saver`
[INFO] applying on CivitaiModelDownload(76999_Alpha1918), received

2024-02-20 20:53:02,148 <requestor-worker-4:2579769, MainThread:140240668346176> (requestor.py:_fetch_single_sync:154 -> middleware.py:apply_sync:96) from logger `RFC.middleware_content_saver`
[INFO] applied on CivitaiModelDownload(76999_Alpha1918), sent

2024-02-20 20:53:44,556 <requestor-worker-4:2579769, MainThread:140240668346176> (requestor.py:_fetch_single_sync:154 -> middleware.py:apply_sync:93) from logger `RFC.middleware_content_saver`
[INFO] applying on CivitaiModelDownload(142200_v1.0-Pruned), received

2024-02-20 20:53:44,576 <requestor-worker-4:2579769, MainThread:140240668346176> (requestor.py:_fetch_single_sync:154 -> middleware.py:apply_sync:96) from logger `RFC.middleware_content_saver`
[INFO] applied on CivitaiModelDownload(142200_v1.0-Pruned), sent

2024-02-20 20:54:11,663 <requestor-worker-4:2579769, MainThread:140240668346176> (requestor.py:_fetch_single_sync:154 -> middleware.py:apply_sync:93) from logger `RFC.middleware_content_saver`
[INFO] applying on CivitaiModelDownload(128853_v1.0), received

2024-02-20 20:54:11,673 <requestor-worker-4:2579769, MainThread:140240668346176> (requestor.py:_fetch_single_sync:154 -> middleware.py:apply_sync:96) from logger `RFC.middleware_content_saver`
[INFO] applied on CivitaiModelDownload(128853_v1.0), sent

2024-02-20 20:55:46,855 <requestor-worker-4:2579769, MainThread:140240668346176> (requestor.py:_fetch_single_sync:154 -> middleware.py:apply_sync:93) from logger `RFC.middleware_content_saver`
[INFO] applying on CivitaiModelDownload(221969_V1), received

2024-02-20 20:55:50,139 <requestor-worker-4:2579769, MainThread:140240668346176> (requestor.py:_fetch_single_sync:154 -> middleware.py:apply_sync:96) from logger `RFC.middleware_content_saver`
[INFO] applied on CivitaiModelDownload(221969_V1), sent

2024-02-20 20:57:26,536 <requestor-worker-4:2579769, MainThread:140240668346176> (requestor.py:_fetch_single_sync:154 -> middleware.py:apply_sync:93) from logger `RFC.middleware_content_saver`
[INFO] applying on CivitaiModelDownload(44170_v1.0), received

2024-02-20 20:57:26,591 <requestor-worker-4:2579769, MainThread:140240668346176> (requestor.py:_fetch_single_sync:154 -> middleware.py:apply_sync:96) from logger `RFC.middleware_content_saver`
[INFO] applied on CivitaiModelDownload(44170_v1.0), sent

2024-02-20 20:57:35,173 <requestor-worker-4:2579769, MainThread:140240668346176> (requestor.py:_fetch_single_sync:154 -> middleware.py:apply_sync:93) from logger `RFC.middleware_content_saver`
[INFO] applying on CivitaiModelDownload(96116_v1.0), received

2024-02-20 20:57:35,188 <requestor-worker-4:2579769, MainThread:140240668346176> (requestor.py:_fetch_single_sync:154 -> middleware.py:apply_sync:96) from logger `RFC.middleware_content_saver`
[INFO] applied on CivitaiModelDownload(96116_v1.0), sent

2024-02-20 20:57:58,721 <requestor-worker-4:2579769, MainThread:140240668346176> (requestor.py:_fetch_single_sync:154 -> middleware.py:apply_sync:93) from logger `RFC.middleware_content_saver`
[INFO] applying on CivitaiModelDownload(276840_v1.0), received

2024-02-20 20:57:59,971 <requestor-worker-4:2579769, MainThread:140240668346176> (requestor.py:_fetch_single_sync:154 -> middleware.py:apply_sync:96) from logger `RFC.middleware_content_saver`
[INFO] applied on CivitaiModelDownload(276840_v1.0), sent

2024-02-20 20:58:31,818 <requestor-worker-4:2579769, MainThread:140240668346176> (requestor.py:_fetch_single_sync:154 -> middleware.py:apply_sync:93) from logger `RFC.middleware_content_saver`
[INFO] applying on CivitaiModelDownload(204941_1.0), received

2024-02-20 20:58:31,832 <requestor-worker-4:2579769, MainThread:140240668346176> (requestor.py:_fetch_single_sync:154 -> middleware.py:apply_sync:96) from logger `RFC.middleware_content_saver`
[INFO] applied on CivitaiModelDownload(204941_1.0), sent

2024-02-20 20:58:50,738 <requestor-worker-4:2579769, MainThread:140240668346176> (requestor.py:_fetch_single_sync:154 -> middleware.py:apply_sync:93) from logger `RFC.middleware_content_saver`
[INFO] applying on CivitaiModelDownload(209795_Allie), received

2024-02-20 20:58:50,753 <requestor-worker-4:2579769, MainThread:140240668346176> (requestor.py:_fetch_single_sync:154 -> middleware.py:apply_sync:96) from logger `RFC.middleware_content_saver`
[INFO] applied on CivitaiModelDownload(209795_Allie), sent

2024-02-20 21:00:42,393 <requestor-worker-4:2579769, MainThread:140240668346176> (requestor.py:_fetch_single_sync:154 -> middleware.py:apply_sync:93) from logger `RFC.middleware_content_saver`
[INFO] applying on CivitaiModelDownload(93429_v1.0), received

2024-02-20 21:00:42,416 <requestor-worker-4:2579769, MainThread:140240668346176> (requestor.py:_fetch_single_sync:154 -> middleware.py:apply_sync:96) from logger `RFC.middleware_content_saver`
[INFO] applied on CivitaiModelDownload(93429_v1.0), sent

2024-02-20 21:01:18,393 <requestor-worker-4:2579769, MainThread:140240668346176> (requestor.py:_fetch_single_sync:154 -> middleware.py:apply_sync:93) from logger `RFC.middleware_content_saver`
[INFO] applying on CivitaiModelDownload(200444_LuciLora), received

2024-02-20 21:01:18,409 <requestor-worker-4:2579769, MainThread:140240668346176> (requestor.py:_fetch_single_sync:154 -> middleware.py:apply_sync:96) from logger `RFC.middleware_content_saver`
[INFO] applied on CivitaiModelDownload(200444_LuciLora), sent

2024-02-20 21:01:49,024 <requestor-worker-4:2579769, MainThread:140240668346176> (requestor.py:_fetch_single_sync:154 -> middleware.py:apply_sync:93) from logger `RFC.middleware_content_saver`
[INFO] applying on CivitaiModelDownload(166581_v1.0), received

2024-02-20 21:01:49,033 <requestor-worker-4:2579769, MainThread:140240668346176> (requestor.py:_fetch_single_sync:154 -> middleware.py:apply_sync:96) from logger `RFC.middleware_content_saver`
[INFO] applied on CivitaiModelDownload(166581_v1.0), sent

2024-02-20 21:03:20,587 <requestor-worker-4:2579769, MainThread:140240668346176> (requestor.py:_fetch_single_sync:154 -> middleware.py:apply_sync:93) from logger `RFC.middleware_content_saver`
[INFO] applying on CivitaiModelDownload(139156_all4allv1), received

2024-02-20 21:03:21,910 <requestor-worker-4:2579769, MainThread:140240668346176> (requestor.py:_fetch_single_sync:154 -> middleware.py:apply_sync:96) from logger `RFC.middleware_content_saver`
[INFO] applied on CivitaiModelDownload(139156_all4allv1), sent

2024-02-20 21:04:21,711 <requestor-worker-4:2579769, MainThread:140240668346176> (requestor.py:_fetch_single_sync:154 -> middleware.py:apply_sync:93) from logger `RFC.middleware_content_saver`
[INFO] applying on CivitaiModelDownload(28060_Alkemanubis_v1), received

2024-02-20 21:04:21,764 <requestor-worker-4:2579769, MainThread:140240668346176> (requestor.py:_fetch_single_sync:154 -> middleware.py:apply_sync:96) from logger `RFC.middleware_content_saver`
[INFO] applied on CivitaiModelDownload(28060_Alkemanubis_v1), sent

2024-02-20 21:05:43,007 <requestor-worker-4:2579769, MainThread:140240668346176> (requestor.py:_fetch_single_sync:154 -> middleware.py:apply_sync:93) from logger `RFC.middleware_content_saver`
[INFO] applying on CivitaiModelDownload(267123_v2.0), received

2024-02-20 21:05:45,296 <requestor-worker-4:2579769, MainThread:140240668346176> (requestor.py:_fetch_single_sync:154 -> middleware.py:apply_sync:96) from logger `RFC.middleware_content_saver`
[INFO] applied on CivitaiModelDownload(267123_v2.0), sent

2024-02-20 21:06:32,832 <requestor-worker-4:2579769, MainThread:140240668346176> (requestor.py:_fetch_single_sync:154 -> middleware.py:apply_sync:93) from logger `RFC.middleware_content_saver`
[INFO] applying on CivitaiModelDownload(289526_v0.8), received

2024-02-20 21:06:32,854 <requestor-worker-4:2579769, MainThread:140240668346176> (requestor.py:_fetch_single_sync:154 -> middleware.py:apply_sync:96) from logger `RFC.middleware_content_saver`
[INFO] applied on CivitaiModelDownload(289526_v0.8), sent

2024-02-20 21:19:07,072 <requestor-worker-4:2579769, MainThread:140240668346176> (requestor.py:_fetch_single_sync:154 -> middleware.py:apply_sync:93) from logger `RFC.middleware_content_saver`
[INFO] applying on CivitaiModelDownload(158221_v3.0), received

2024-02-20 21:19:34,436 <requestor-worker-4:2579769, MainThread:140240668346176> (requestor.py:_fetch_single_sync:154 -> middleware.py:apply_sync:96) from logger `RFC.middleware_content_saver`
[INFO] applied on CivitaiModelDownload(158221_v3.0), sent

2024-02-20 21:19:45,628 <requestor-worker-4:2579769, MainThread:140240668346176> (requestor.py:_fetch_single_sync:154 -> middleware.py:apply_sync:93) from logger `RFC.middleware_content_saver`
[INFO] applying on CivitaiModelDownload(142804_v2.0), received

2024-02-20 21:19:45,648 <requestor-worker-4:2579769, MainThread:140240668346176> (requestor.py:_fetch_single_sync:154 -> middleware.py:apply_sync:96) from logger `RFC.middleware_content_saver`
[INFO] applied on CivitaiModelDownload(142804_v2.0), sent

2024-02-20 21:20:08,782 <requestor-worker-4:2579769, MainThread:140240668346176> (requestor.py:_fetch_single_sync:154 -> middleware.py:apply_sync:93) from logger `RFC.middleware_content_saver`
[INFO] applying on CivitaiModelDownload(268464_Epoch-15), received

2024-02-20 21:20:08,791 <requestor-worker-4:2579769, MainThread:140240668346176> (requestor.py:_fetch_single_sync:154 -> middleware.py:apply_sync:96) from logger `RFC.middleware_content_saver`
[INFO] applied on CivitaiModelDownload(268464_Epoch-15), sent

2024-02-20 21:20:09,367 <requestor-worker-4:2579769, MainThread:140240668346176> (requestor.py:_fetch_single_sync:154 -> middleware.py:apply_sync:93) from logger `RFC.middleware_content_saver`
[INFO] applying on CivitaiModelDownload(198127_Alisa(everlastingsummer)), received

2024-02-20 21:20:09,370 <requestor-worker-4:2579769, MainThread:140240668346176> (requestor.py:_fetch_single_sync:154 -> middleware.py:apply_sync:96) from logger `RFC.middleware_content_saver`
[INFO] applied on CivitaiModelDownload(198127_Alisa(everlastingsummer)), sent

2024-02-20 21:20:29,954 <requestor-worker-4:2579769, MainThread:140240668346176> (requestor.py:_fetch_single_sync:154 -> middleware.py:apply_sync:93) from logger `RFC.middleware_content_saver`
[INFO] applying on CivitaiModelDownload(167006_v1.0), received

2024-02-20 21:20:29,970 <requestor-worker-4:2579769, MainThread:140240668346176> (requestor.py:_fetch_single_sync:154 -> middleware.py:apply_sync:96) from logger `RFC.middleware_content_saver`
[INFO] applied on CivitaiModelDownload(167006_v1.0), sent

2024-02-20 21:21:10,807 <requestor-worker-4:2579769, MainThread:140240668346176> (requestor.py:_fetch_single_sync:154 -> middleware.py:apply_sync:93) from logger `RFC.middleware_content_saver`
[INFO] applying on CivitaiModelDownload(34111_Alina_Becker_V2), received

2024-02-20 21:21:10,818 <requestor-worker-4:2579769, MainThread:140240668346176> (requestor.py:_fetch_single_sync:154 -> middleware.py:apply_sync:96) from logger `RFC.middleware_content_saver`
[INFO] applied on CivitaiModelDownload(34111_Alina_Becker_V2), sent

2024-02-20 21:25:06,404 <requestor-worker-4:2579769, MainThread:140240668346176> (requestor.py:_fetch_single_sync:154 -> middleware.py:apply_sync:93) from logger `RFC.middleware_content_saver`
[INFO] applying on CivitaiModelDownload(244662_v1.0), received

2024-02-20 21:25:12,128 <requestor-worker-4:2579769, MainThread:140240668346176> (requestor.py:_fetch_single_sync:154 -> middleware.py:apply_sync:96) from logger `RFC.middleware_content_saver`
[INFO] applied on CivitaiModelDownload(244662_v1.0), sent

2024-02-20 21:25:28,218 <requestor-worker-4:2579769, MainThread:140240668346176> (requestor.py:_fetch_single_sync:154 -> middleware.py:apply_sync:93) from logger `RFC.middleware_content_saver`
[INFO] applying on CivitaiModelDownload(155138_v1.0), received

2024-02-20 21:25:28,373 <requestor-worker-4:2579769, MainThread:140240668346176> (requestor.py:_fetch_single_sync:154 -> middleware.py:apply_sync:96) from logger `RFC.middleware_content_saver`
[INFO] applied on CivitaiModelDownload(155138_v1.0), sent

2024-02-20 21:25:40,786 <requestor-worker-4:2579769, MainThread:140240668346176> (requestor.py:_fetch_single_sync:154 -> middleware.py:apply_sync:93) from logger `RFC.middleware_content_saver`
[INFO] applying on CivitaiModelDownload(34099_1.0), received

2024-02-20 21:25:40,801 <requestor-worker-4:2579769, MainThread:140240668346176> (requestor.py:_fetch_single_sync:154 -> middleware.py:apply_sync:96) from logger `RFC.middleware_content_saver`
[INFO] applied on CivitaiModelDownload(34099_1.0), sent

2024-02-20 21:27:04,491 <requestor-worker-4:2579769, MainThread:140240668346176> (requestor.py:_fetch_single_sync:154 -> middleware.py:apply_sync:93) from logger `RFC.middleware_content_saver`
[INFO] applying on CivitaiModelDownload(30171_v1), received

2024-02-20 21:27:04,541 <requestor-worker-4:2579769, MainThread:140240668346176> (requestor.py:_fetch_single_sync:154 -> middleware.py:apply_sync:96) from logger `RFC.middleware_content_saver`
[INFO] applied on CivitaiModelDownload(30171_v1), sent

2024-02-20 21:27:50,907 <requestor-worker-4:2579769, MainThread:140240668346176> (requestor.py:_fetch_single_sync:154 -> middleware.py:apply_sync:93) from logger `RFC.middleware_content_saver`
[INFO] applying on CivitaiModelDownload(67708_v1), received

2024-02-20 21:27:50,922 <requestor-worker-4:2579769, MainThread:140240668346176> (requestor.py:_fetch_single_sync:154 -> middleware.py:apply_sync:96) from logger `RFC.middleware_content_saver`
[INFO] applied on CivitaiModelDownload(67708_v1), sent

2024-02-20 21:27:59,526 <requestor-worker-4:2579769, MainThread:140240668346176> (requestor.py:_fetch_single_sync:154 -> middleware.py:apply_sync:93) from logger `RFC.middleware_content_saver`
[INFO] applying on CivitaiModelDownload(306038_v1.0), received

2024-02-20 21:27:59,541 <requestor-worker-4:2579769, MainThread:140240668346176> (requestor.py:_fetch_single_sync:154 -> middleware.py:apply_sync:96) from logger `RFC.middleware_content_saver`
[INFO] applied on CivitaiModelDownload(306038_v1.0), sent

2024-02-20 21:29:01,344 <requestor-worker-4:2579769, MainThread:140240668346176> (requestor.py:_fetch_single_sync:154 -> middleware.py:apply_sync:93) from logger `RFC.middleware_content_saver`
[INFO] applying on CivitaiModelDownload(28827_v1.0), received

2024-02-20 21:29:01,398 <requestor-worker-4:2579769, MainThread:140240668346176> (requestor.py:_fetch_single_sync:154 -> middleware.py:apply_sync:96) from logger `RFC.middleware_content_saver`
[INFO] applied on CivitaiModelDownload(28827_v1.0), sent

2024-02-20 21:30:58,031 <requestor-worker-4:2579769, MainThread:140240668346176> (requestor.py:_fetch_single_sync:154 -> middleware.py:apply_sync:93) from logger `RFC.middleware_content_saver`
[INFO] applying on CivitaiModelDownload(160870_v1.1), received

2024-02-20 21:30:59,833 <requestor-worker-4:2579769, MainThread:140240668346176> (requestor.py:_fetch_single_sync:154 -> middleware.py:apply_sync:96) from logger `RFC.middleware_content_saver`
[INFO] applied on CivitaiModelDownload(160870_v1.1), sent

2024-02-20 21:47:11,419 <requestor-worker-4:2579769, MainThread:140240668346176> (requestor.py:_fetch_single_sync:154 -> middleware.py:apply_sync:93) from logger `RFC.middleware_content_saver`
[INFO] applying on CivitaiModelDownload(16415_v1.0), received

2024-02-20 21:47:12,900 <requestor-worker-4:2579769, MainThread:140240668346176> (requestor.py:_fetch_single_sync:154 -> middleware.py:apply_sync:96) from logger `RFC.middleware_content_saver`
[INFO] applied on CivitaiModelDownload(16415_v1.0), sent

2024-02-20 21:48:26,064 <requestor-worker-4:2579769, MainThread:140240668346176> (requestor.py:_fetch_single_sync:154 -> middleware.py:apply_sync:93) from logger `RFC.middleware_content_saver`
[INFO] applying on CivitaiModelDownload(61474_SD2.1), received

2024-02-20 21:48:32,007 <requestor-worker-4:2579769, MainThread:140240668346176> (requestor.py:_fetch_single_sync:154 -> middleware.py:apply_sync:96) from logger `RFC.middleware_content_saver`
[INFO] applied on CivitaiModelDownload(61474_SD2.1), sent

2024-02-20 21:49:02,980 <requestor-worker-4:2579769, MainThread:140240668346176> (requestor.py:_fetch_single_sync:154 -> middleware.py:apply_sync:93) from logger `RFC.middleware_content_saver`
[INFO] applying on CivitaiModelDownload(261234_v1.1), received

2024-02-20 21:49:03,007 <requestor-worker-4:2579769, MainThread:140240668346176> (requestor.py:_fetch_single_sync:154 -> middleware.py:apply_sync:96) from logger `RFC.middleware_content_saver`
[INFO] applied on CivitaiModelDownload(261234_v1.1), sent

2024-02-20 21:49:19,769 <requestor-worker-4:2579769, MainThread:140240668346176> (requestor.py:_fetch_single_sync:154 -> middleware.py:apply_sync:93) from logger `RFC.middleware_content_saver`
[INFO] applying on CivitaiModelDownload(100942_v1.0), received

2024-02-20 21:49:19,791 <requestor-worker-4:2579769, MainThread:140240668346176> (requestor.py:_fetch_single_sync:154 -> middleware.py:apply_sync:96) from logger `RFC.middleware_content_saver`
[INFO] applied on CivitaiModelDownload(100942_v1.0), sent

2024-02-20 21:49:41,508 <requestor-worker-4:2579769, MainThread:140240668346176> (requestor.py:_fetch_single_sync:154 -> middleware.py:apply_sync:93) from logger `RFC.middleware_content_saver`
[INFO] applying on CivitaiModelDownload(273320_v1.0), received

2024-02-20 21:49:41,525 <requestor-worker-4:2579769, MainThread:140240668346176> (requestor.py:_fetch_single_sync:154 -> middleware.py:apply_sync:96) from logger `RFC.middleware_content_saver`
[INFO] applied on CivitaiModelDownload(273320_v1.0), sent

2024-02-20 21:49:50,363 <requestor-worker-4:2579769, MainThread:140240668346176> (requestor.py:_fetch_single_sync:154 -> middleware.py:apply_sync:93) from logger `RFC.middleware_content_saver`
[INFO] applying on CivitaiModelDownload(261885_v1.0), received

2024-02-20 21:49:51,239 <requestor-worker-4:2579769, MainThread:140240668346176> (requestor.py:_fetch_single_sync:154 -> middleware.py:apply_sync:96) from logger `RFC.middleware_content_saver`
[INFO] applied on CivitaiModelDownload(261885_v1.0), sent

2024-02-20 21:50:03,579 <requestor-worker-4:2579769, MainThread:140240668346176> (requestor.py:_fetch_single_sync:154 -> middleware.py:apply_sync:93) from logger `RFC.middleware_content_saver`
[INFO] applying on CivitaiModelDownload(217183_v1.0), received

2024-02-20 21:50:03,594 <requestor-worker-4:2579769, MainThread:140240668346176> (requestor.py:_fetch_single_sync:154 -> middleware.py:apply_sync:96) from logger `RFC.middleware_content_saver`
[INFO] applied on CivitaiModelDownload(217183_v1.0), sent

2024-02-20 21:50:17,166 <requestor-worker-4:2579769, MainThread:140240668346176> (requestor.py:_fetch_single_sync:154 -> middleware.py:apply_sync:93) from logger `RFC.middleware_content_saver`
[INFO] applying on CivitaiModelDownload(192099_v1.0), received

2024-02-20 21:50:17,173 <requestor-worker-4:2579769, MainThread:140240668346176> (requestor.py:_fetch_single_sync:154 -> middleware.py:apply_sync:96) from logger `RFC.middleware_content_saver`
[INFO] applied on CivitaiModelDownload(192099_v1.0), sent

2024-02-20 21:51:38,129 <requestor-worker-4:2579769, MainThread:140240668346176> (requestor.py:_fetch_single_sync:154 -> middleware.py:apply_sync:93) from logger `RFC.middleware_content_saver`
[INFO] applying on CivitaiModelDownload(173043_v1.0), received

2024-02-20 21:51:39,704 <requestor-worker-4:2579769, MainThread:140240668346176> (requestor.py:_fetch_single_sync:154 -> middleware.py:apply_sync:96) from logger `RFC.middleware_content_saver`
[INFO] applied on CivitaiModelDownload(173043_v1.0), sent

2024-02-20 21:52:37,916 <requestor-worker-4:2579769, MainThread:140240668346176> (requestor.py:_fetch_single_sync:154 -> middleware.py:apply_sync:93) from logger `RFC.middleware_content_saver`
[INFO] applying on CivitaiModelDownload(240462_v1.0), received

2024-02-20 21:52:37,968 <requestor-worker-4:2579769, MainThread:140240668346176> (requestor.py:_fetch_single_sync:154 -> middleware.py:apply_sync:96) from logger `RFC.middleware_content_saver`
[INFO] applied on CivitaiModelDownload(240462_v1.0), sent

2024-02-20 21:53:07,283 <requestor-worker-4:2579769, MainThread:140240668346176> (requestor.py:_fetch_single_sync:154 -> middleware.py:apply_sync:93) from logger `RFC.middleware_content_saver`
[INFO] applying on CivitaiModelDownload(163871_v1.0), received

2024-02-20 21:53:09,195 <requestor-worker-4:2579769, MainThread:140240668346176> (requestor.py:_fetch_single_sync:154 -> middleware.py:apply_sync:96) from logger `RFC.middleware_content_saver`
[INFO] applied on CivitaiModelDownload(163871_v1.0), sent

2024-02-20 21:53:44,397 <requestor-worker-4:2579769, MainThread:140240668346176> (requestor.py:_fetch_single_sync:154 -> middleware.py:apply_sync:93) from logger `RFC.middleware_content_saver`
[INFO] applying on CivitaiModelDownload(70047_v11), received

2024-02-20 21:53:44,424 <requestor-worker-4:2579769, MainThread:140240668346176> (requestor.py:_fetch_single_sync:154 -> middleware.py:apply_sync:96) from logger `RFC.middleware_content_saver`
[INFO] applied on CivitaiModelDownload(70047_v11), sent

2024-02-20 21:54:40,801 <requestor-worker-4:2579769, MainThread:140240668346176> (requestor.py:_fetch_single_sync:154 -> middleware.py:apply_sync:93) from logger `RFC.middleware_content_saver`
[INFO] applying on CivitaiModelDownload(276584_v1.0), received

2024-02-20 21:54:46,038 <requestor-worker-4:2579769, MainThread:140240668346176> (requestor.py:_fetch_single_sync:154 -> middleware.py:apply_sync:96) from logger `RFC.middleware_content_saver`
[INFO] applied on CivitaiModelDownload(276584_v1.0), sent

2024-02-20 21:56:10,371 <requestor-worker-4:2579769, MainThread:140240668346176> (requestor.py:_fetch_single_sync:154 -> middleware.py:apply_sync:93) from logger `RFC.middleware_content_saver`
[INFO] applying on CivitaiModelDownload(161544_v1.0), received

2024-02-20 21:56:13,460 <requestor-worker-4:2579769, MainThread:140240668346176> (requestor.py:_fetch_single_sync:154 -> middleware.py:apply_sync:96) from logger `RFC.middleware_content_saver`
[INFO] applied on CivitaiModelDownload(161544_v1.0), sent

2024-02-20 22:03:54,978 <requestor-worker-4:2579769, MainThread:140240668346176> (requestor.py:_fetch_single_sync:154 -> middleware.py:apply_sync:93) from logger `RFC.middleware_content_saver`
[INFO] applying on CivitaiModelDownload(217952_v1.0.E31), received

2024-02-20 22:03:55,005 <requestor-worker-4:2579769, MainThread:140240668346176> (requestor.py:_fetch_single_sync:154 -> middleware.py:apply_sync:96) from logger `RFC.middleware_content_saver`
[INFO] applied on CivitaiModelDownload(217952_v1.0.E31), sent

2024-02-20 22:04:36,266 <requestor-worker-4:2579769, MainThread:140240668346176> (requestor.py:_fetch_single_sync:154 -> middleware.py:apply_sync:93) from logger `RFC.middleware_content_saver`
[INFO] applying on CivitaiModelDownload(188386_v1.0), received

2024-02-20 22:04:36,294 <requestor-worker-4:2579769, MainThread:140240668346176> (requestor.py:_fetch_single_sync:154 -> middleware.py:apply_sync:96) from logger `RFC.middleware_content_saver`
[INFO] applied on CivitaiModelDownload(188386_v1.0), sent

2024-02-20 22:04:41,767 <requestor-worker-4:2579769, MainThread:140240668346176> (requestor.py:_fetch_single_sync:154 -> middleware.py:apply_sync:93) from logger `RFC.middleware_content_saver`
[INFO] applying on CivitaiModelDownload(139319_v1.0), received

2024-02-20 22:04:41,771 <requestor-worker-4:2579769, MainThread:140240668346176> (requestor.py:_fetch_single_sync:154 -> middleware.py:apply_sync:96) from logger `RFC.middleware_content_saver`
[INFO] applied on CivitaiModelDownload(139319_v1.0), sent

2024-02-20 22:04:51,937 <requestor-worker-4:2579769, MainThread:140240668346176> (requestor.py:_fetch_single_sync:154 -> middleware.py:apply_sync:93) from logger `RFC.middleware_content_saver`
[INFO] applying on CivitaiModelDownload(282082_v1.0), received

2024-02-20 22:04:51,951 <requestor-worker-4:2579769, MainThread:140240668346176> (requestor.py:_fetch_single_sync:154 -> middleware.py:apply_sync:96) from logger `RFC.middleware_content_saver`
[INFO] applied on CivitaiModelDownload(282082_v1.0), sent

2024-02-20 22:05:47,234 <requestor-worker-4:2579769, MainThread:140240668346176> (requestor.py:_fetch_single_sync:154 -> middleware.py:apply_sync:93) from logger `RFC.middleware_content_saver`
[INFO] applying on CivitaiModelDownload(156987_v1.0), received

2024-02-20 22:05:48,547 <requestor-worker-4:2579769, MainThread:140240668346176> (requestor.py:_fetch_single_sync:154 -> middleware.py:apply_sync:96) from logger `RFC.middleware_content_saver`
[INFO] applied on CivitaiModelDownload(156987_v1.0), sent

2024-02-20 22:05:52,218 <requestor-worker-4:2579769, MainThread:140240668346176> (requestor.py:_fetch_single_sync:154 -> middleware.py:apply_sync:93) from logger `RFC.middleware_content_saver`
[INFO] applying on CivitaiModelDownload(60463_v1.0), received

2024-02-20 22:05:52,501 <requestor-worker-4:2579769, MainThread:140240668346176> (requestor.py:_fetch_single_sync:154 -> middleware.py:apply_sync:96) from logger `RFC.middleware_content_saver`
[INFO] applied on CivitaiModelDownload(60463_v1.0), sent

2024-02-20 22:07:49,135 <requestor-worker-4:2579769, MainThread:140240668346176> (requestor.py:_fetch_single_sync:154 -> middleware.py:apply_sync:93) from logger `RFC.middleware_content_saver`
[INFO] applying on CivitaiModelDownload(49348_v1.0), received

2024-02-20 22:07:52,311 <requestor-worker-4:2579769, MainThread:140240668346176> (requestor.py:_fetch_single_sync:154 -> middleware.py:apply_sync:96) from logger `RFC.middleware_content_saver`
[INFO] applied on CivitaiModelDownload(49348_v1.0), sent

2024-02-20 22:08:02,764 <requestor-worker-4:2579769, MainThread:140240668346176> (requestor.py:_fetch_single_sync:154 -> middleware.py:apply_sync:93) from logger `RFC.middleware_content_saver`
[INFO] applying on CivitaiModelDownload(213667_SDXLv1.0v1.0), received

2024-02-20 22:08:02,769 <requestor-worker-4:2579769, MainThread:140240668346176> (requestor.py:_fetch_single_sync:154 -> middleware.py:apply_sync:96) from logger `RFC.middleware_content_saver`
[INFO] applied on CivitaiModelDownload(213667_SDXLv1.0v1.0), sent

2024-02-20 22:08:07,857 <requestor-worker-4:2579769, MainThread:140240668346176> (requestor.py:_fetch_single_sync:154 -> middleware.py:apply_sync:93) from logger `RFC.middleware_content_saver`
[INFO] applying on CivitaiModelDownload(155137_v1.0), received

2024-02-20 22:08:07,862 <requestor-worker-4:2579769, MainThread:140240668346176> (requestor.py:_fetch_single_sync:154 -> middleware.py:apply_sync:96) from logger `RFC.middleware_content_saver`
[INFO] applied on CivitaiModelDownload(155137_v1.0), sent

2024-02-20 22:08:26,631 <requestor-worker-4:2579769, MainThread:140240668346176> (requestor.py:_fetch_single_sync:154 -> middleware.py:apply_sync:93) from logger `RFC.middleware_content_saver`
[INFO] applying on CivitaiModelDownload(110263_v2.0), received

2024-02-20 22:08:26,646 <requestor-worker-4:2579769, MainThread:140240668346176> (requestor.py:_fetch_single_sync:154 -> middleware.py:apply_sync:96) from logger `RFC.middleware_content_saver`
[INFO] applied on CivitaiModelDownload(110263_v2.0), sent

2024-02-20 22:08:47,903 <requestor-worker-4:2579769, MainThread:140240668346176> (requestor.py:_fetch_single_sync:154 -> middleware.py:apply_sync:93) from logger `RFC.middleware_content_saver`
[INFO] applying on CivitaiModelDownload(110214_v1.0), received

2024-02-20 22:08:47,919 <requestor-worker-4:2579769, MainThread:140240668346176> (requestor.py:_fetch_single_sync:154 -> middleware.py:apply_sync:96) from logger `RFC.middleware_content_saver`
[INFO] applied on CivitaiModelDownload(110214_v1.0), sent

2024-02-20 22:09:00,522 <requestor-worker-4:2579769, MainThread:140240668346176> (requestor.py:_fetch_single_sync:154 -> middleware.py:apply_sync:93) from logger `RFC.middleware_content_saver`
[INFO] applying on CivitaiModelDownload(146894_v1.0), received

2024-02-20 22:09:00,527 <requestor-worker-4:2579769, MainThread:140240668346176> (requestor.py:_fetch_single_sync:154 -> middleware.py:apply_sync:96) from logger `RFC.middleware_content_saver`
[INFO] applied on CivitaiModelDownload(146894_v1.0), sent

2024-02-20 22:10:32,318 <requestor-worker-4:2579769, MainThread:140240668346176> (requestor.py:_fetch_single_sync:154 -> middleware.py:apply_sync:93) from logger `RFC.middleware_content_saver`
[INFO] applying on CivitaiModelDownload(168771_v1.0), received

2024-02-20 22:10:33,267 <requestor-worker-4:2579769, MainThread:140240668346176> (requestor.py:_fetch_single_sync:154 -> middleware.py:apply_sync:96) from logger `RFC.middleware_content_saver`
[INFO] applied on CivitaiModelDownload(168771_v1.0), sent

2024-02-20 22:12:10,543 <requestor-worker-4:2579769, MainThread:140240668346176> (requestor.py:_fetch_single_sync:154 -> middleware.py:apply_sync:93) from logger `RFC.middleware_content_saver`
[INFO] applying on CivitaiModelDownload(32793_v1.0), received

2024-02-20 22:12:10,592 <requestor-worker-4:2579769, MainThread:140240668346176> (requestor.py:_fetch_single_sync:154 -> middleware.py:apply_sync:96) from logger `RFC.middleware_content_saver`
[INFO] applied on CivitaiModelDownload(32793_v1.0), sent

2024-02-20 22:12:44,736 <requestor-worker-4:2579769, MainThread:140240668346176> (requestor.py:_fetch_single_sync:154 -> middleware.py:apply_sync:93) from logger `RFC.middleware_content_saver`
[INFO] applying on CivitaiModelDownload(102658_v1.0), received

2024-02-20 22:12:44,750 <requestor-worker-4:2579769, MainThread:140240668346176> (requestor.py:_fetch_single_sync:154 -> middleware.py:apply_sync:96) from logger `RFC.middleware_content_saver`
[INFO] applied on CivitaiModelDownload(102658_v1.0), sent

2024-02-20 22:13:20,658 <requestor-worker-4:2579769, MainThread:140240668346176> (requestor.py:_fetch_single_sync:154 -> middleware.py:apply_sync:93) from logger `RFC.middleware_content_saver`
[INFO] applying on CivitaiModelDownload(266805_v1.0), received

2024-02-20 22:13:20,697 <requestor-worker-4:2579769, MainThread:140240668346176> (requestor.py:_fetch_single_sync:154 -> middleware.py:apply_sync:96) from logger `RFC.middleware_content_saver`
[INFO] applied on CivitaiModelDownload(266805_v1.0), sent

2024-02-20 22:22:59,401 <requestor-worker-4:2579769, MainThread:140240668346176> (requestor.py:_fetch_single_sync:154 -> middleware.py:apply_sync:93) from logger `RFC.middleware_content_saver`
[INFO] applying on CivitaiModelDownload(197872_v1.0), received

2024-02-20 22:23:26,075 <requestor-worker-4:2579769, MainThread:140240668346176> (requestor.py:_fetch_single_sync:154 -> middleware.py:apply_sync:96) from logger `RFC.middleware_content_saver`
[INFO] applied on CivitaiModelDownload(197872_v1.0), sent

2024-02-20 22:23:29,322 <requestor-worker-4:2579769, MainThread:140240668346176> (requestor.py:_fetch_single_sync:154 -> middleware.py:apply_sync:93) from logger `RFC.middleware_content_saver`
[INFO] applying on CivitaiModelDownload(237321_v1.0), received

2024-02-20 22:23:29,328 <requestor-worker-4:2579769, MainThread:140240668346176> (requestor.py:_fetch_single_sync:154 -> middleware.py:apply_sync:96) from logger `RFC.middleware_content_saver`
[INFO] applied on CivitaiModelDownload(237321_v1.0), sent

2024-02-20 22:23:53,227 <requestor-worker-4:2579769, MainThread:140240668346176> (requestor.py:_fetch_single_sync:154 -> middleware.py:apply_sync:93) from logger `RFC.middleware_content_saver`
[INFO] applying on CivitaiModelDownload(299248_v1.0), received

2024-02-20 22:23:57,691 <requestor-worker-4:2579769, MainThread:140240668346176> (requestor.py:_fetch_single_sync:154 -> middleware.py:apply_sync:96) from logger `RFC.middleware_content_saver`
[INFO] applied on CivitaiModelDownload(299248_v1.0), sent

2024-02-20 22:24:12,498 <requestor-worker-4:2579769, MainThread:140240668346176> (requestor.py:_fetch_single_sync:154 -> middleware.py:apply_sync:93) from logger `RFC.middleware_content_saver`
[INFO] applying on CivitaiModelDownload(121477_v1.0), received

2024-02-20 22:24:12,513 <requestor-worker-4:2579769, MainThread:140240668346176> (requestor.py:_fetch_single_sync:154 -> middleware.py:apply_sync:96) from logger `RFC.middleware_content_saver`
[INFO] applied on CivitaiModelDownload(121477_v1.0), sent

2024-02-20 22:25:20,585 <requestor-worker-4:2579769, MainThread:140240668346176> (requestor.py:_fetch_single_sync:154 -> middleware.py:apply_sync:93) from logger `RFC.middleware_content_saver`
[INFO] applying on CivitaiModelDownload(153684_SDXL), received

2024-02-20 22:25:22,876 <requestor-worker-4:2579769, MainThread:140240668346176> (requestor.py:_fetch_single_sync:154 -> middleware.py:apply_sync:96) from logger `RFC.middleware_content_saver`
[INFO] applied on CivitaiModelDownload(153684_SDXL), sent

2024-02-20 22:25:38,193 <requestor-worker-4:2579769, MainThread:140240668346176> (requestor.py:_fetch_single_sync:154 -> middleware.py:apply_sync:93) from logger `RFC.middleware_content_saver`
[INFO] applying on CivitaiModelDownload(96941_Alexv1.0), received

2024-02-20 22:25:38,202 <requestor-worker-4:2579769, MainThread:140240668346176> (requestor.py:_fetch_single_sync:154 -> middleware.py:apply_sync:96) from logger `RFC.middleware_content_saver`
[INFO] applied on CivitaiModelDownload(96941_Alexv1.0), sent

2024-02-20 22:26:02,972 <requestor-worker-4:2579769, MainThread:140240668346176> (requestor.py:_fetch_single_sync:154 -> middleware.py:apply_sync:93) from logger `RFC.middleware_content_saver`
[INFO] applying on CivitaiModelDownload(261656_v1.0), received

2024-02-20 22:26:04,499 <requestor-worker-4:2579769, MainThread:140240668346176> (requestor.py:_fetch_single_sync:154 -> middleware.py:apply_sync:96) from logger `RFC.middleware_content_saver`
[INFO] applied on CivitaiModelDownload(261656_v1.0), sent

2024-02-20 22:26:36,694 <requestor-worker-4:2579769, MainThread:140240668346176> (requestor.py:_fetch_single_sync:154 -> middleware.py:apply_sync:93) from logger `RFC.middleware_content_saver`
[INFO] applying on CivitaiModelDownload(19949_v1.0c-fro0.9), received

2024-02-20 22:26:36,945 <requestor-worker-4:2579769, MainThread:140240668346176> (requestor.py:_fetch_single_sync:154 -> middleware.py:apply_sync:96) from logger `RFC.middleware_content_saver`
[INFO] applied on CivitaiModelDownload(19949_v1.0c-fro0.9), sent

2024-02-20 22:27:12,934 <requestor-worker-4:2579769, MainThread:140240668346176> (requestor.py:_fetch_single_sync:154 -> middleware.py:apply_sync:93) from logger `RFC.middleware_content_saver`
[INFO] applying on CivitaiModelDownload(273755_v1.0), received

2024-02-20 22:27:12,987 <requestor-worker-4:2579769, MainThread:140240668346176> (requestor.py:_fetch_single_sync:154 -> middleware.py:apply_sync:96) from logger `RFC.middleware_content_saver`
[INFO] applied on CivitaiModelDownload(273755_v1.0), sent

2024-02-20 22:27:58,024 <requestor-worker-4:2579769, MainThread:140240668346176> (requestor.py:_fetch_single_sync:154 -> middleware.py:apply_sync:93) from logger `RFC.middleware_content_saver`
[INFO] applying on CivitaiModelDownload(145634_v1.0), received

2024-02-20 22:27:58,074 <requestor-worker-4:2579769, MainThread:140240668346176> (requestor.py:_fetch_single_sync:154 -> middleware.py:apply_sync:96) from logger `RFC.middleware_content_saver`
[INFO] applied on CivitaiModelDownload(145634_v1.0), sent

2024-02-20 22:28:19,012 <requestor-worker-4:2579769, MainThread:140240668346176> (requestor.py:_fetch_single_sync:154 -> middleware.py:apply_sync:93) from logger `RFC.middleware_content_saver`
[INFO] applying on CivitaiModelDownload(206261_v1.0), received

2024-02-20 22:28:19,019 <requestor-worker-4:2579769, MainThread:140240668346176> (requestor.py:_fetch_single_sync:154 -> middleware.py:apply_sync:96) from logger `RFC.middleware_content_saver`
[INFO] applied on CivitaiModelDownload(206261_v1.0), sent

2024-02-20 22:28:36,525 <requestor-worker-4:2579769, MainThread:140240668346176> (requestor.py:_fetch_single_sync:154 -> middleware.py:apply_sync:93) from logger `RFC.middleware_content_saver`
[INFO] applying on CivitaiModelDownload(287699_v1.0), received

2024-02-20 22:28:36,540 <requestor-worker-4:2579769, MainThread:140240668346176> (requestor.py:_fetch_single_sync:154 -> middleware.py:apply_sync:96) from logger `RFC.middleware_content_saver`
[INFO] applied on CivitaiModelDownload(287699_v1.0), sent

2024-02-20 22:28:56,558 <requestor-worker-4:2579769, MainThread:140240668346176> (requestor.py:_fetch_single_sync:154 -> middleware.py:apply_sync:93) from logger `RFC.middleware_content_saver`
[INFO] applying on CivitaiModelDownload(164988_v1.0), received

2024-02-20 22:28:56,578 <requestor-worker-4:2579769, MainThread:140240668346176> (requestor.py:_fetch_single_sync:154 -> middleware.py:apply_sync:96) from logger `RFC.middleware_content_saver`
[INFO] applied on CivitaiModelDownload(164988_v1.0), sent

2024-02-20 22:29:26,296 <requestor-worker-4:2579769, MainThread:140240668346176> (requestor.py:_fetch_single_sync:154 -> middleware.py:apply_sync:93) from logger `RFC.middleware_content_saver`
[INFO] applying on CivitaiModelDownload(165889_v1.0), received

2024-02-20 22:29:26,311 <requestor-worker-4:2579769, MainThread:140240668346176> (requestor.py:_fetch_single_sync:154 -> middleware.py:apply_sync:96) from logger `RFC.middleware_content_saver`
[INFO] applied on CivitaiModelDownload(165889_v1.0), sent

2024-02-20 22:30:08,060 <requestor-worker-4:2579769, MainThread:140240668346176> (requestor.py:_fetch_single_sync:154 -> middleware.py:apply_sync:93) from logger `RFC.middleware_content_saver`
[INFO] applying on CivitaiModelDownload(167923_aleksis_dorsey_v1), received

2024-02-20 22:30:09,967 <requestor-worker-4:2579769, MainThread:140240668346176> (requestor.py:_fetch_single_sync:154 -> middleware.py:apply_sync:96) from logger `RFC.middleware_content_saver`
[INFO] applied on CivitaiModelDownload(167923_aleksis_dorsey_v1), sent

2024-02-20 22:30:24,215 <requestor-worker-4:2579769, MainThread:140240668346176> (requestor.py:_fetch_single_sync:154 -> middleware.py:apply_sync:93) from logger `RFC.middleware_content_saver`
[INFO] applying on CivitaiModelDownload(57596_v1.0), received

2024-02-20 22:30:24,230 <requestor-worker-4:2579769, MainThread:140240668346176> (requestor.py:_fetch_single_sync:154 -> middleware.py:apply_sync:96) from logger `RFC.middleware_content_saver`
[INFO] applied on CivitaiModelDownload(57596_v1.0), sent

2024-02-20 22:30:41,310 <requestor-worker-4:2579769, MainThread:140240668346176> (requestor.py:_fetch_single_sync:154 -> middleware.py:apply_sync:93) from logger `RFC.middleware_content_saver`
[INFO] applying on CivitaiModelDownload(58178_v1.1), received

2024-02-20 22:30:42,664 <requestor-worker-4:2579769, MainThread:140240668346176> (requestor.py:_fetch_single_sync:154 -> middleware.py:apply_sync:96) from logger `RFC.middleware_content_saver`
[INFO] applied on CivitaiModelDownload(58178_v1.1), sent

2024-02-20 22:30:56,849 <requestor-worker-4:2579769, MainThread:140240668346176> (requestor.py:_fetch_single_sync:154 -> middleware.py:apply_sync:93) from logger `RFC.middleware_content_saver`
[INFO] applying on CivitaiModelDownload(98988_v1.0), received

2024-02-20 22:30:56,858 <requestor-worker-4:2579769, MainThread:140240668346176> (requestor.py:_fetch_single_sync:154 -> middleware.py:apply_sync:96) from logger `RFC.middleware_content_saver`
[INFO] applied on CivitaiModelDownload(98988_v1.0), sent

2024-02-20 22:32:28,174 <requestor-worker-4:2579769, MainThread:140240668346176> (requestor.py:_fetch_single_sync:154 -> middleware.py:apply_sync:93) from logger `RFC.middleware_content_saver`
[INFO] applying on CivitaiModelDownload(153686_SDXL), received

2024-02-20 22:32:31,271 <requestor-worker-4:2579769, MainThread:140240668346176> (requestor.py:_fetch_single_sync:154 -> middleware.py:apply_sync:96) from logger `RFC.middleware_content_saver`
[INFO] applied on CivitaiModelDownload(153686_SDXL), sent

2024-02-20 22:33:15,041 <requestor-worker-4:2579769, MainThread:140240668346176> (requestor.py:_fetch_single_sync:154 -> middleware.py:apply_sync:93) from logger `RFC.middleware_content_saver`
[INFO] applying on CivitaiModelDownload(169736_v1.0), received

2024-02-20 22:33:15,057 <requestor-worker-4:2579769, MainThread:140240668346176> (requestor.py:_fetch_single_sync:154 -> middleware.py:apply_sync:96) from logger `RFC.middleware_content_saver`
[INFO] applied on CivitaiModelDownload(169736_v1.0), sent

2024-02-20 22:33:27,187 <requestor-worker-4:2579769, MainThread:140240668346176> (requestor.py:_fetch_single_sync:154 -> middleware.py:apply_sync:93) from logger `RFC.middleware_content_saver`
[INFO] applying on CivitaiModelDownload(169186_alear-fe-richy-v1), received

2024-02-20 22:33:27,203 <requestor-worker-4:2579769, MainThread:140240668346176> (requestor.py:_fetch_single_sync:154 -> middleware.py:apply_sync:96) from logger `RFC.middleware_content_saver`
[INFO] applied on CivitaiModelDownload(169186_alear-fe-richy-v1), sent

2024-02-20 22:33:44,512 <requestor-worker-4:2579769, MainThread:140240668346176> (requestor.py:_fetch_single_sync:154 -> middleware.py:apply_sync:93) from logger `RFC.middleware_content_saver`
[INFO] applying on CivitaiModelDownload(133021_v1), received

2024-02-20 22:33:44,534 <requestor-worker-4:2579769, MainThread:140240668346176> (requestor.py:_fetch_single_sync:154 -> middleware.py:apply_sync:96) from logger `RFC.middleware_content_saver`
[INFO] applied on CivitaiModelDownload(133021_v1), sent

2024-02-20 22:33:48,650 <requestor-worker-4:2579769, MainThread:140240668346176> (requestor.py:_fetch_single_sync:154 -> middleware.py:apply_sync:93) from logger `RFC.middleware_content_saver`
[INFO] applying on CivitaiModelDownload(189727_v1.0), received

2024-02-20 22:33:48,809 <requestor-worker-4:2579769, MainThread:140240668346176> (requestor.py:_fetch_single_sync:154 -> middleware.py:apply_sync:96) from logger `RFC.middleware_content_saver`
[INFO] applied on CivitaiModelDownload(189727_v1.0), sent

2024-02-20 22:34:09,233 <requestor-worker-4:2579769, MainThread:140240668346176> (requestor.py:_fetch_single_sync:154 -> middleware.py:apply_sync:93) from logger `RFC.middleware_content_saver`
[INFO] applying on CivitaiModelDownload(126727_alcyone-lo-richy-v1), received

2024-02-20 22:34:09,248 <requestor-worker-4:2579769, MainThread:140240668346176> (requestor.py:_fetch_single_sync:154 -> middleware.py:apply_sync:96) from logger `RFC.middleware_content_saver`
[INFO] applied on CivitaiModelDownload(126727_alcyone-lo-richy-v1), sent

2024-02-20 22:34:27,597 <requestor-worker-4:2579769, MainThread:140240668346176> (requestor.py:_fetch_single_sync:154 -> middleware.py:apply_sync:93) from logger `RFC.middleware_content_saver`
[INFO] applying on CivitaiModelDownload(96698_v1.0), received

2024-02-20 22:34:27,607 <requestor-worker-4:2579769, MainThread:140240668346176> (requestor.py:_fetch_single_sync:154 -> middleware.py:apply_sync:96) from logger `RFC.middleware_content_saver`
[INFO] applied on CivitaiModelDownload(96698_v1.0), sent

2024-02-20 22:34:44,534 <requestor-worker-4:2579769, MainThread:140240668346176> (requestor.py:_fetch_single_sync:154 -> middleware.py:apply_sync:93) from logger `RFC.middleware_content_saver`
[INFO] applying on CivitaiModelDownload(150932_v1.0), received

2024-02-20 22:34:44,544 <requestor-worker-4:2579769, MainThread:140240668346176> (requestor.py:_fetch_single_sync:154 -> middleware.py:apply_sync:96) from logger `RFC.middleware_content_saver`
[INFO] applied on CivitaiModelDownload(150932_v1.0), sent

2024-02-20 22:35:10,693 <requestor-worker-4:2579769, MainThread:140240668346176> (requestor.py:_fetch_single_sync:154 -> middleware.py:apply_sync:93) from logger `RFC.middleware_content_saver`
[INFO] applying on CivitaiModelDownload(35730_v1.0), received

2024-02-20 22:35:10,705 <requestor-worker-4:2579769, MainThread:140240668346176> (requestor.py:_fetch_single_sync:154 -> middleware.py:apply_sync:96) from logger `RFC.middleware_content_saver`
[INFO] applied on CivitaiModelDownload(35730_v1.0), sent

2024-02-20 22:35:20,730 <requestor-worker-4:2579769, MainThread:140240668346176> (requestor.py:_fetch_single_sync:154 -> middleware.py:apply_sync:93) from logger `RFC.middleware_content_saver`
[INFO] applying on CivitaiModelDownload(34363_v.1.0), received

2024-02-20 22:35:20,739 <requestor-worker-4:2579769, MainThread:140240668346176> (requestor.py:_fetch_single_sync:154 -> middleware.py:apply_sync:96) from logger `RFC.middleware_content_saver`
[INFO] applied on CivitaiModelDownload(34363_v.1.0), sent

2024-02-20 22:35:30,255 <requestor-worker-4:2579769, MainThread:140240668346176> (requestor.py:_fetch_single_sync:154 -> middleware.py:apply_sync:93) from logger `RFC.middleware_content_saver`
[INFO] applying on CivitaiModelDownload(117814_SD1.5v1.0), received

2024-02-20 22:35:30,850 <requestor-worker-4:2579769, MainThread:140240668346176> (requestor.py:_fetch_single_sync:154 -> middleware.py:apply_sync:96) from logger `RFC.middleware_content_saver`
[INFO] applied on CivitaiModelDownload(117814_SD1.5v1.0), sent

2024-02-20 22:37:43,179 <requestor-worker-4:2579769, MainThread:140240668346176> (requestor.py:_fetch_single_sync:154 -> middleware.py:apply_sync:93) from logger `RFC.middleware_content_saver`
[INFO] applying on CivitaiModelDownload(12738_1.0), received

2024-02-20 22:37:45,167 <requestor-worker-4:2579769, MainThread:140240668346176> (requestor.py:_fetch_single_sync:154 -> middleware.py:apply_sync:96) from logger `RFC.middleware_content_saver`
[INFO] applied on CivitaiModelDownload(12738_1.0), sent

2024-02-20 22:39:07,517 <requestor-worker-4:2579769, MainThread:140240668346176> (requestor.py:_fetch_single_sync:154 -> middleware.py:apply_sync:93) from logger `RFC.middleware_content_saver`
[INFO] applying on CivitaiModelDownload(153673_SDXL), received

2024-02-20 22:39:07,564 <requestor-worker-4:2579769, MainThread:140240668346176> (requestor.py:_fetch_single_sync:154 -> middleware.py:apply_sync:96) from logger `RFC.middleware_content_saver`
[INFO] applied on CivitaiModelDownload(153673_SDXL), sent

2024-02-20 22:39:17,182 <requestor-worker-4:2579769, MainThread:140240668346176> (requestor.py:_fetch_single_sync:154 -> middleware.py:apply_sync:93) from logger `RFC.middleware_content_saver`
[INFO] applying on CivitaiModelDownload(27122_V2), received

2024-02-20 22:39:17,196 <requestor-worker-4:2579769, MainThread:140240668346176> (requestor.py:_fetch_single_sync:154 -> middleware.py:apply_sync:96) from logger `RFC.middleware_content_saver`
[INFO] applied on CivitaiModelDownload(27122_V2), sent

2024-02-20 22:39:58,002 <requestor-worker-4:2579769, MainThread:140240668346176> (requestor.py:_fetch_single_sync:154 -> middleware.py:apply_sync:93) from logger `RFC.middleware_content_saver`
[INFO] applying on CivitaiModelDownload(152405_v1.0), received

2024-02-20 22:39:58,031 <requestor-worker-4:2579769, MainThread:140240668346176> (requestor.py:_fetch_single_sync:154 -> middleware.py:apply_sync:96) from logger `RFC.middleware_content_saver`
[INFO] applied on CivitaiModelDownload(152405_v1.0), sent

2024-02-20 22:40:24,787 <requestor-worker-4:2579769, MainThread:140240668346176> (requestor.py:_fetch_single_sync:154 -> middleware.py:apply_sync:93) from logger `RFC.middleware_content_saver`
[INFO] applying on CivitaiModelDownload(195631_v1.0), received

2024-02-20 22:40:24,802 <requestor-worker-4:2579769, MainThread:140240668346176> (requestor.py:_fetch_single_sync:154 -> middleware.py:apply_sync:96) from logger `RFC.middleware_content_saver`
[INFO] applied on CivitaiModelDownload(195631_v1.0), sent

2024-02-20 22:40:36,498 <requestor-worker-4:2579769, MainThread:140240668346176> (requestor.py:_fetch_single_sync:154 -> middleware.py:apply_sync:93) from logger `RFC.middleware_content_saver`
[INFO] applying on CivitaiModelDownload(143476_v1.0), received

2024-02-20 22:40:36,507 <requestor-worker-4:2579769, MainThread:140240668346176> (requestor.py:_fetch_single_sync:154 -> middleware.py:apply_sync:96) from logger `RFC.middleware_content_saver`
[INFO] applied on CivitaiModelDownload(143476_v1.0), sent

2024-02-20 22:41:02,860 <requestor-worker-4:2579769, MainThread:140240668346176> (requestor.py:_fetch_single_sync:154 -> middleware.py:apply_sync:93) from logger `RFC.middleware_content_saver`
[INFO] applying on CivitaiModelDownload(206352_v1.0), received

2024-02-20 22:41:02,878 <requestor-worker-4:2579769, MainThread:140240668346176> (requestor.py:_fetch_single_sync:154 -> middleware.py:apply_sync:96) from logger `RFC.middleware_content_saver`
[INFO] applied on CivitaiModelDownload(206352_v1.0), sent

2024-02-20 22:41:11,238 <requestor-worker-4:2579769, MainThread:140240668346176> (requestor.py:_fetch_single_sync:154 -> middleware.py:apply_sync:93) from logger `RFC.middleware_content_saver`
[INFO] applying on CivitaiModelDownload(79767_v1.0), received

2024-02-20 22:41:11,540 <requestor-worker-4:2579769, MainThread:140240668346176> (requestor.py:_fetch_single_sync:154 -> middleware.py:apply_sync:96) from logger `RFC.middleware_content_saver`
[INFO] applied on CivitaiModelDownload(79767_v1.0), sent

2024-02-20 22:41:29,847 <requestor-worker-4:2579769, MainThread:140240668346176> (requestor.py:_fetch_single_sync:154 -> middleware.py:apply_sync:93) from logger `RFC.middleware_content_saver`
[INFO] applying on CivitaiModelDownload(17977_v1.0), received

2024-02-20 22:41:29,862 <requestor-worker-4:2579769, MainThread:140240668346176> (requestor.py:_fetch_single_sync:154 -> middleware.py:apply_sync:96) from logger `RFC.middleware_content_saver`
[INFO] applied on CivitaiModelDownload(17977_v1.0), sent

2024-02-20 22:41:50,859 <requestor-worker-4:2579769, MainThread:140240668346176> (requestor.py:_fetch_single_sync:154 -> middleware.py:apply_sync:93) from logger `RFC.middleware_content_saver`
[INFO] applying on CivitaiModelDownload(127076_v2.0), received

2024-02-20 22:41:50,869 <requestor-worker-4:2579769, MainThread:140240668346176> (requestor.py:_fetch_single_sync:154 -> middleware.py:apply_sync:96) from logger `RFC.middleware_content_saver`
[INFO] applied on CivitaiModelDownload(127076_v2.0), sent

2024-02-20 22:44:16,894 <requestor-worker-4:2579769, MainThread:140240668346176> (requestor.py:_fetch_single_sync:154 -> middleware.py:apply_sync:93) from logger `RFC.middleware_content_saver`
[INFO] applying on CivitaiModelDownload(222656_v1.0), received

2024-02-20 22:44:21,131 <requestor-worker-4:2579769, MainThread:140240668346176> (requestor.py:_fetch_single_sync:154 -> middleware.py:apply_sync:96) from logger `RFC.middleware_content_saver`
[INFO] applied on CivitaiModelDownload(222656_v1.0), sent

2024-02-20 22:46:01,737 <requestor-worker-4:2579769, MainThread:140240668346176> (requestor.py:_fetch_single_sync:154 -> middleware.py:apply_sync:93) from logger `RFC.middleware_content_saver`
[INFO] applying on CivitaiModelDownload(83953_v1.0), received

2024-02-20 22:46:02,265 <requestor-worker-4:2579769, MainThread:140240668346176> (requestor.py:_fetch_single_sync:154 -> middleware.py:apply_sync:96) from logger `RFC.middleware_content_saver`
[INFO] applied on CivitaiModelDownload(83953_v1.0), sent

2024-02-20 22:47:29,109 <requestor-worker-4:2579769, MainThread:140240668346176> (requestor.py:_fetch_single_sync:154 -> middleware.py:apply_sync:93) from logger `RFC.middleware_content_saver`
[INFO] applying on CivitaiModelDownload(320846_AlanyaRuins), received

2024-02-20 22:47:29,122 <requestor-worker-4:2579769, MainThread:140240668346176> (requestor.py:_fetch_single_sync:154 -> middleware.py:apply_sync:96) from logger `RFC.middleware_content_saver`
[INFO] applied on CivitaiModelDownload(320846_AlanyaRuins), sent

2024-02-20 22:50:33,536 <requestor-worker-4:2579769, MainThread:140240668346176> (requestor.py:_fetch_single_sync:154 -> middleware.py:apply_sync:93) from logger `RFC.middleware_content_saver`
[INFO] applying on CivitaiModelDownload(163569_v2), received

2024-02-20 22:50:33,559 <requestor-worker-4:2579769, MainThread:140240668346176> (requestor.py:_fetch_single_sync:154 -> middleware.py:apply_sync:96) from logger `RFC.middleware_content_saver`
[INFO] applied on CivitaiModelDownload(163569_v2), sent

2024-02-20 22:50:57,910 <requestor-worker-4:2579769, MainThread:140240668346176> (requestor.py:_fetch_single_sync:154 -> middleware.py:apply_sync:93) from logger `RFC.middleware_content_saver`
[INFO] applying on CivitaiModelDownload(214827_v1.0), received

2024-02-20 22:50:57,917 <requestor-worker-4:2579769, MainThread:140240668346176> (requestor.py:_fetch_single_sync:154 -> middleware.py:apply_sync:96) from logger `RFC.middleware_content_saver`
[INFO] applied on CivitaiModelDownload(214827_v1.0), sent

2024-02-20 22:52:03,433 <requestor-worker-4:2579769, MainThread:140240668346176> (requestor.py:_fetch_single_sync:154 -> middleware.py:apply_sync:93) from logger `RFC.middleware_content_saver`
[INFO] applying on CivitaiModelDownload(261165_v1.0), received

2024-02-20 22:52:03,484 <requestor-worker-4:2579769, MainThread:140240668346176> (requestor.py:_fetch_single_sync:154 -> middleware.py:apply_sync:96) from logger `RFC.middleware_content_saver`
[INFO] applied on CivitaiModelDownload(261165_v1.0), sent

2024-02-20 23:01:19,914 <requestor-worker-4:2579769, MainThread:140240668346176> (requestor.py:_fetch_single_sync:154 -> middleware.py:apply_sync:93) from logger `RFC.middleware_content_saver`
[INFO] applying on CivitaiModelDownload(307546_v1.0), received

2024-02-20 23:01:19,929 <requestor-worker-4:2579769, MainThread:140240668346176> (requestor.py:_fetch_single_sync:154 -> middleware.py:apply_sync:96) from logger `RFC.middleware_content_saver`
[INFO] applied on CivitaiModelDownload(307546_v1.0), sent

2024-02-20 23:02:26,345 <requestor-worker-4:2579769, MainThread:140240668346176> (requestor.py:_fetch_single_sync:154 -> middleware.py:apply_sync:93) from logger `RFC.middleware_content_saver`
[INFO] applying on CivitaiModelDownload(113050_v1.0), received

2024-02-20 23:02:26,354 <requestor-worker-4:2579769, MainThread:140240668346176> (requestor.py:_fetch_single_sync:154 -> middleware.py:apply_sync:96) from logger `RFC.middleware_content_saver`
[INFO] applied on CivitaiModelDownload(113050_v1.0), sent

2024-02-20 23:02:38,700 <requestor-worker-4:2579769, MainThread:140240668346176> (requestor.py:_fetch_single_sync:154 -> middleware.py:apply_sync:93) from logger `RFC.middleware_content_saver`
[INFO] applying on CivitaiModelDownload(120146_v1.0), received

2024-02-20 23:02:38,714 <requestor-worker-4:2579769, MainThread:140240668346176> (requestor.py:_fetch_single_sync:154 -> middleware.py:apply_sync:96) from logger `RFC.middleware_content_saver`
[INFO] applied on CivitaiModelDownload(120146_v1.0), sent

2024-02-20 23:03:30,877 <requestor-worker-4:2579769, MainThread:140240668346176> (requestor.py:_fetch_single_sync:154 -> middleware.py:apply_sync:93) from logger `RFC.middleware_content_saver`
[INFO] applying on CivitaiModelDownload(301601_v1.0), received

2024-02-20 23:03:30,907 <requestor-worker-4:2579769, MainThread:140240668346176> (requestor.py:_fetch_single_sync:154 -> middleware.py:apply_sync:96) from logger `RFC.middleware_content_saver`
[INFO] applied on CivitaiModelDownload(301601_v1.0), sent

2024-02-20 23:04:33,039 <requestor-worker-4:2579769, MainThread:140240668346176> (requestor.py:_fetch_single_sync:154 -> middleware.py:apply_sync:93) from logger `RFC.middleware_content_saver`
[INFO] applying on CivitaiModelDownload(17849_v0.1-beta), received

2024-02-20 23:04:33,067 <requestor-worker-4:2579769, MainThread:140240668346176> (requestor.py:_fetch_single_sync:154 -> middleware.py:apply_sync:96) from logger `RFC.middleware_content_saver`
[INFO] applied on CivitaiModelDownload(17849_v0.1-beta), sent

2024-02-20 23:06:09,553 <requestor-worker-4:2579769, MainThread:140240668346176> (requestor.py:_fetch_single_sync:154 -> middleware.py:apply_sync:93) from logger `RFC.middleware_content_saver`
[INFO] applying on CivitaiModelDownload(259521_v1.0), received

2024-02-20 23:06:09,604 <requestor-worker-4:2579769, MainThread:140240668346176> (requestor.py:_fetch_single_sync:154 -> middleware.py:apply_sync:96) from logger `RFC.middleware_content_saver`
[INFO] applied on CivitaiModelDownload(259521_v1.0), sent

2024-02-20 23:06:28,671 <requestor-worker-4:2579769, MainThread:140240668346176> (requestor.py:_fetch_single_sync:154 -> middleware.py:apply_sync:93) from logger `RFC.middleware_content_saver`
[INFO] applying on CivitaiModelDownload(120423_v1.0), received

2024-02-20 23:06:28,681 <requestor-worker-4:2579769, MainThread:140240668346176> (requestor.py:_fetch_single_sync:154 -> middleware.py:apply_sync:96) from logger `RFC.middleware_content_saver`
[INFO] applied on CivitaiModelDownload(120423_v1.0), sent

2024-02-20 23:07:50,733 <requestor-worker-4:2579769, MainThread:140240668346176> (requestor.py:_fetch_single_sync:154 -> middleware.py:apply_sync:93) from logger `RFC.middleware_content_saver`
[INFO] applying on CivitaiModelDownload(99120_v5.1), received

2024-02-20 23:07:50,789 <requestor-worker-4:2579769, MainThread:140240668346176> (requestor.py:_fetch_single_sync:154 -> middleware.py:apply_sync:96) from logger `RFC.middleware_content_saver`
[INFO] applied on CivitaiModelDownload(99120_v5.1), sent

2024-02-20 23:08:17,782 <requestor-worker-4:2579769, MainThread:140240668346176> (requestor.py:_fetch_single_sync:154 -> middleware.py:apply_sync:93) from logger `RFC.middleware_content_saver`
[INFO] applying on CivitaiModelDownload(17206_v1.0), received

2024-02-20 23:08:17,786 <requestor-worker-4:2579769, MainThread:140240668346176> (requestor.py:_fetch_single_sync:154 -> middleware.py:apply_sync:96) from logger `RFC.middleware_content_saver`
[INFO] applied on CivitaiModelDownload(17206_v1.0), sent

2024-02-20 23:11:01,970 <requestor-worker-4:2579769, MainThread:140240668346176> (requestor.py:_fetch_single_sync:154 -> middleware.py:apply_sync:93) from logger `RFC.middleware_content_saver`
[INFO] applying on CivitaiModelDownload(244971_v1), received

2024-02-20 23:11:02,059 <requestor-worker-4:2579769, MainThread:140240668346176> (requestor.py:_fetch_single_sync:154 -> middleware.py:apply_sync:96) from logger `RFC.middleware_content_saver`
[INFO] applied on CivitaiModelDownload(244971_v1), sent

2024-02-20 23:11:28,644 <requestor-worker-4:2579769, MainThread:140240668346176> (requestor.py:_fetch_single_sync:154 -> middleware.py:apply_sync:93) from logger `RFC.middleware_content_saver`
[INFO] applying on CivitaiModelDownload(114944_v9), received

2024-02-20 23:11:28,672 <requestor-worker-4:2579769, MainThread:140240668346176> (requestor.py:_fetch_single_sync:154 -> middleware.py:apply_sync:96) from logger `RFC.middleware_content_saver`
[INFO] applied on CivitaiModelDownload(114944_v9), sent

2024-02-20 23:11:39,032 <requestor-worker-4:2579769, MainThread:140240668346176> (requestor.py:_fetch_single_sync:154 -> middleware.py:apply_sync:93) from logger `RFC.middleware_content_saver`
[INFO] applying on CivitaiModelDownload(138783_v1.0), received

2024-02-20 23:11:39,046 <requestor-worker-4:2579769, MainThread:140240668346176> (requestor.py:_fetch_single_sync:154 -> middleware.py:apply_sync:96) from logger `RFC.middleware_content_saver`
[INFO] applied on CivitaiModelDownload(138783_v1.0), sent

2024-02-20 23:11:50,284 <requestor-worker-4:2579769, MainThread:140240668346176> (requestor.py:_fetch_single_sync:154 -> middleware.py:apply_sync:93) from logger `RFC.middleware_content_saver`
[INFO] applying on CivitaiModelDownload(142184_v1.0), received

2024-02-20 23:11:50,293 <requestor-worker-4:2579769, MainThread:140240668346176> (requestor.py:_fetch_single_sync:154 -> middleware.py:apply_sync:96) from logger `RFC.middleware_content_saver`
[INFO] applied on CivitaiModelDownload(142184_v1.0), sent

2024-02-20 23:13:21,589 <requestor-worker-4:2579769, MainThread:140240668346176> (requestor.py:_fetch_single_sync:154 -> middleware.py:apply_sync:93) from logger `RFC.middleware_content_saver`
[INFO] applying on CivitaiModelDownload(15783_AkiyamaRinkoV1), received

2024-02-20 23:13:24,266 <requestor-worker-4:2579769, MainThread:140240668346176> (requestor.py:_fetch_single_sync:154 -> middleware.py:apply_sync:96) from logger `RFC.middleware_content_saver`
[INFO] applied on CivitaiModelDownload(15783_AkiyamaRinkoV1), sent

2024-02-20 23:13:46,705 <requestor-worker-4:2579769, MainThread:140240668346176> (requestor.py:_fetch_single_sync:154 -> middleware.py:apply_sync:93) from logger `RFC.middleware_content_saver`
[INFO] applying on CivitaiModelDownload(50725_v1.0), received

2024-02-20 23:13:46,717 <requestor-worker-4:2579769, MainThread:140240668346176> (requestor.py:_fetch_single_sync:154 -> middleware.py:apply_sync:96) from logger `RFC.middleware_content_saver`
[INFO] applied on CivitaiModelDownload(50725_v1.0), sent

2024-02-20 23:14:08,019 <requestor-worker-4:2579769, MainThread:140240668346176> (requestor.py:_fetch_single_sync:154 -> middleware.py:apply_sync:93) from logger `RFC.middleware_content_saver`
[INFO] applying on CivitaiModelDownload(68377_v1.0), received

2024-02-20 23:14:08,034 <requestor-worker-4:2579769, MainThread:140240668346176> (requestor.py:_fetch_single_sync:154 -> middleware.py:apply_sync:96) from logger `RFC.middleware_content_saver`
[INFO] applied on CivitaiModelDownload(68377_v1.0), sent

2024-02-20 23:14:28,284 <requestor-worker-4:2579769, MainThread:140240668346176> (requestor.py:_fetch_single_sync:154 -> middleware.py:apply_sync:93) from logger `RFC.middleware_content_saver`
[INFO] applying on CivitaiModelDownload(162164_v1.0), received

2024-02-20 23:14:28,300 <requestor-worker-4:2579769, MainThread:140240668346176> (requestor.py:_fetch_single_sync:154 -> middleware.py:apply_sync:96) from logger `RFC.middleware_content_saver`
[INFO] applied on CivitaiModelDownload(162164_v1.0), sent

2024-02-20 23:14:33,931 <requestor-worker-4:2579769, MainThread:140240668346176> (requestor.py:_fetch_single_sync:154 -> middleware.py:apply_sync:93) from logger `RFC.middleware_content_saver`
[INFO] applying on CivitaiModelDownload(30901_akisora), received

2024-02-20 23:14:33,943 <requestor-worker-4:2579769, MainThread:140240668346176> (requestor.py:_fetch_single_sync:154 -> middleware.py:apply_sync:96) from logger `RFC.middleware_content_saver`
[INFO] applied on CivitaiModelDownload(30901_akisora), sent

2024-02-20 23:14:45,128 <requestor-worker-4:2579769, MainThread:140240668346176> (requestor.py:_fetch_single_sync:154 -> middleware.py:apply_sync:93) from logger `RFC.middleware_content_saver`
[INFO] applying on CivitaiModelDownload(237242_v1.0), received

2024-02-20 23:14:45,142 <requestor-worker-4:2579769, MainThread:140240668346176> (requestor.py:_fetch_single_sync:154 -> middleware.py:apply_sync:96) from logger `RFC.middleware_content_saver`
[INFO] applied on CivitaiModelDownload(237242_v1.0), sent

2024-02-20 23:15:29,467 <requestor-worker-4:2579769, MainThread:140240668346176> (requestor.py:_fetch_single_sync:154 -> middleware.py:apply_sync:93) from logger `RFC.middleware_content_saver`
[INFO] applying on CivitaiModelDownload(253984_v1.0), received

2024-02-20 23:15:29,481 <requestor-worker-4:2579769, MainThread:140240668346176> (requestor.py:_fetch_single_sync:154 -> middleware.py:apply_sync:96) from logger `RFC.middleware_content_saver`
[INFO] applied on CivitaiModelDownload(253984_v1.0), sent

2024-02-20 23:18:38,264 <requestor-worker-4:2579769, MainThread:140240668346176> (requestor.py:_fetch_single_sync:154 -> middleware.py:apply_sync:93) from logger `RFC.middleware_content_saver`
[INFO] applying on CivitaiModelDownload(5623_toriyama_akira_2), received

2024-02-20 23:18:39,602 <requestor-worker-4:2579769, MainThread:140240668346176> (requestor.py:_fetch_single_sync:154 -> middleware.py:apply_sync:96) from logger `RFC.middleware_content_saver`
[INFO] applied on CivitaiModelDownload(5623_toriyama_akira_2), sent

2024-02-20 23:19:16,417 <requestor-worker-4:2579769, MainThread:140240668346176> (requestor.py:_fetch_single_sync:154 -> middleware.py:apply_sync:93) from logger `RFC.middleware_content_saver`
[INFO] applying on CivitaiModelDownload(179583_v2.0レイヤード・マイ・エッジィ+), received

2024-02-20 23:19:16,432 <requestor-worker-4:2579769, MainThread:140240668346176> (requestor.py:_fetch_single_sync:154 -> middleware.py:apply_sync:96) from logger `RFC.middleware_content_saver`
[INFO] applied on CivitaiModelDownload(179583_v2.0レイヤード・マイ・エッジィ+), sent

2024-02-20 23:19:33,333 <requestor-worker-4:2579769, MainThread:140240668346176> (requestor.py:_fetch_single_sync:154 -> middleware.py:apply_sync:93) from logger `RFC.middleware_content_saver`
[INFO] applying on CivitaiModelDownload(179570_v2.0DefaultCostume), received

2024-02-20 23:19:33,348 <requestor-worker-4:2579769, MainThread:140240668346176> (requestor.py:_fetch_single_sync:154 -> middleware.py:apply_sync:96) from logger `RFC.middleware_content_saver`
[INFO] applied on CivitaiModelDownload(179570_v2.0DefaultCostume), sent

2024-02-20 23:22:25,937 <requestor-worker-4:2579769, MainThread:140240668346176> (requestor.py:_fetch_single_sync:154 -> middleware.py:apply_sync:93) from logger `RFC.middleware_content_saver`
[INFO] applying on CivitaiModelDownload(277849_AkiraComicStyleXL), received

2024-02-20 23:22:25,955 <requestor-worker-4:2579769, MainThread:140240668346176> (requestor.py:_fetch_single_sync:154 -> middleware.py:apply_sync:96) from logger `RFC.middleware_content_saver`
[INFO] applied on CivitaiModelDownload(277849_AkiraComicStyleXL), sent

2024-02-20 23:22:56,922 <requestor-worker-4:2579769, MainThread:140240668346176> (requestor.py:_fetch_single_sync:154 -> middleware.py:apply_sync:93) from logger `RFC.middleware_content_saver`
[INFO] applying on CivitaiModelDownload(78154_v1.0), received

2024-02-20 23:22:56,933 <requestor-worker-4:2579769, MainThread:140240668346176> (requestor.py:_fetch_single_sync:154 -> middleware.py:apply_sync:96) from logger `RFC.middleware_content_saver`
[INFO] applied on CivitaiModelDownload(78154_v1.0), sent

2024-02-20 23:23:36,442 <requestor-worker-4:2579769, MainThread:140240668346176> (requestor.py:_fetch_single_sync:154 -> middleware.py:apply_sync:93) from logger `RFC.middleware_content_saver`
[INFO] applying on CivitaiModelDownload(162961_v1.0), received

2024-02-20 23:23:36,470 <requestor-worker-4:2579769, MainThread:140240668346176> (requestor.py:_fetch_single_sync:154 -> middleware.py:apply_sync:96) from logger `RFC.middleware_content_saver`
[INFO] applied on CivitaiModelDownload(162961_v1.0), sent

2024-02-20 23:23:45,633 <requestor-worker-4:2579769, MainThread:140240668346176> (requestor.py:_fetch_single_sync:154 -> middleware.py:apply_sync:93) from logger `RFC.middleware_content_saver`
[INFO] applying on CivitaiModelDownload(87345_v1.0), received

2024-02-20 23:23:45,736 <requestor-worker-4:2579769, MainThread:140240668346176> (requestor.py:_fetch_single_sync:154 -> middleware.py:apply_sync:96) from logger `RFC.middleware_content_saver`
[INFO] applied on CivitaiModelDownload(87345_v1.0), sent

2024-02-20 23:23:56,745 <requestor-worker-4:2579769, MainThread:140240668346176> (requestor.py:_fetch_single_sync:154 -> middleware.py:apply_sync:93) from logger `RFC.middleware_content_saver`
[INFO] applying on CivitaiModelDownload(123120_v1.0), received

2024-02-20 23:23:56,754 <requestor-worker-4:2579769, MainThread:140240668346176> (requestor.py:_fetch_single_sync:154 -> middleware.py:apply_sync:96) from logger `RFC.middleware_content_saver`
[INFO] applied on CivitaiModelDownload(123120_v1.0), sent

2024-02-20 23:24:12,932 <requestor-worker-4:2579769, MainThread:140240668346176> (requestor.py:_fetch_single_sync:154 -> middleware.py:apply_sync:93) from logger `RFC.middleware_content_saver`
[INFO] applying on CivitaiModelDownload(293917_v1.0), received

2024-02-20 23:24:12,946 <requestor-worker-4:2579769, MainThread:140240668346176> (requestor.py:_fetch_single_sync:154 -> middleware.py:apply_sync:96) from logger `RFC.middleware_content_saver`
[INFO] applied on CivitaiModelDownload(293917_v1.0), sent

2024-02-20 23:24:30,954 <requestor-worker-4:2579769, MainThread:140240668346176> (requestor.py:_fetch_single_sync:154 -> middleware.py:apply_sync:93) from logger `RFC.middleware_content_saver`
[INFO] applying on CivitaiModelDownload(323790_v1.0), received

2024-02-20 23:24:30,968 <requestor-worker-4:2579769, MainThread:140240668346176> (requestor.py:_fetch_single_sync:154 -> middleware.py:apply_sync:96) from logger `RFC.middleware_content_saver`
[INFO] applied on CivitaiModelDownload(323790_v1.0), sent

2024-02-20 23:24:50,107 <requestor-worker-4:2579769, MainThread:140240668346176> (requestor.py:_fetch_single_sync:154 -> middleware.py:apply_sync:93) from logger `RFC.middleware_content_saver`
[INFO] applying on CivitaiModelDownload(74186_v1.0), received

2024-02-20 23:24:50,121 <requestor-worker-4:2579769, MainThread:140240668346176> (requestor.py:_fetch_single_sync:154 -> middleware.py:apply_sync:96) from logger `RFC.middleware_content_saver`
[INFO] applied on CivitaiModelDownload(74186_v1.0), sent

2024-02-20 23:25:27,208 <requestor-worker-4:2579769, MainThread:140240668346176> (requestor.py:_fetch_single_sync:154 -> middleware.py:apply_sync:93) from logger `RFC.middleware_content_saver`
[INFO] applying on CivitaiModelDownload(250448_v1.0-Base), received

2024-02-20 23:25:27,228 <requestor-worker-4:2579769, MainThread:140240668346176> (requestor.py:_fetch_single_sync:154 -> middleware.py:apply_sync:96) from logger `RFC.middleware_content_saver`
[INFO] applied on CivitaiModelDownload(250448_v1.0-Base), sent

2024-02-20 23:29:34,918 <requestor-worker-4:2579769, MainThread:140240668346176> (requestor.py:_fetch_single_sync:154 -> middleware.py:apply_sync:93) from logger `RFC.middleware_content_saver`
[INFO] applying on CivitaiModelDownload(293652_v2.0), received

2024-02-20 23:29:34,928 <requestor-worker-4:2579769, MainThread:140240668346176> (requestor.py:_fetch_single_sync:154 -> middleware.py:apply_sync:96) from logger `RFC.middleware_content_saver`
[INFO] applied on CivitaiModelDownload(293652_v2.0), sent

2024-02-20 23:29:47,632 <requestor-worker-4:2579769, MainThread:140240668346176> (requestor.py:_fetch_single_sync:154 -> middleware.py:apply_sync:93) from logger `RFC.middleware_content_saver`
[INFO] applying on CivitaiModelDownload(108271_v1), received

2024-02-20 23:29:47,647 <requestor-worker-4:2579769, MainThread:140240668346176> (requestor.py:_fetch_single_sync:154 -> middleware.py:apply_sync:96) from logger `RFC.middleware_content_saver`
[INFO] applied on CivitaiModelDownload(108271_v1), sent

2024-02-20 23:30:03,383 <requestor-worker-4:2579769, MainThread:140240668346176> (requestor.py:_fetch_single_sync:154 -> middleware.py:apply_sync:93) from logger `RFC.middleware_content_saver`
[INFO] applying on CivitaiModelDownload(125870_v1.0), received

2024-02-20 23:30:03,392 <requestor-worker-4:2579769, MainThread:140240668346176> (requestor.py:_fetch_single_sync:154 -> middleware.py:apply_sync:96) from logger `RFC.middleware_content_saver`
[INFO] applied on CivitaiModelDownload(125870_v1.0), sent

2024-02-20 23:32:05,594 <requestor-worker-4:2579769, MainThread:140240668346176> (requestor.py:_fetch_single_sync:154 -> middleware.py:apply_sync:93) from logger `RFC.middleware_content_saver`
[INFO] applying on CivitaiModelDownload(210267_NAI-CS2), received

2024-02-20 23:32:05,876 <requestor-worker-4:2579769, MainThread:140240668346176> (requestor.py:_fetch_single_sync:154 -> middleware.py:apply_sync:96) from logger `RFC.middleware_content_saver`
[INFO] applied on CivitaiModelDownload(210267_NAI-CS2), sent

2024-02-20 23:36:46,740 <requestor-worker-4:2579769, MainThread:140240668346176> (requestor.py:_fetch_single_sync:154 -> middleware.py:apply_sync:93) from logger `RFC.middleware_content_saver`
[INFO] applying on CivitaiModelDownload(310893_pony-v1), received

2024-02-20 23:36:49,984 <requestor-worker-4:2579769, MainThread:140240668346176> (requestor.py:_fetch_single_sync:154 -> middleware.py:apply_sync:96) from logger `RFC.middleware_content_saver`
[INFO] applied on CivitaiModelDownload(310893_pony-v1), sent

2024-02-20 23:38:25,983 <requestor-worker-4:2579769, MainThread:140240668346176> (requestor.py:_fetch_single_sync:154 -> middleware.py:apply_sync:93) from logger `RFC.middleware_content_saver`
[INFO] applying on CivitaiModelDownload(168868_Darksushi), received

2024-02-20 23:38:30,919 <requestor-worker-4:2579769, MainThread:140240668346176> (requestor.py:_fetch_single_sync:154 -> middleware.py:apply_sync:96) from logger `RFC.middleware_content_saver`
[INFO] applied on CivitaiModelDownload(168868_Darksushi), sent

2024-02-20 23:39:25,860 <requestor-worker-4:2579769, MainThread:140240668346176> (requestor.py:_fetch_single_sync:154 -> middleware.py:apply_sync:93) from logger `RFC.middleware_content_saver`
[INFO] applying on CivitaiModelDownload(130977_v2.0SSR~UROutfit300P), received

2024-02-20 23:39:26,078 <requestor-worker-4:2579769, MainThread:140240668346176> (requestor.py:_fetch_single_sync:154 -> middleware.py:apply_sync:96) from logger `RFC.middleware_content_saver`
[INFO] applied on CivitaiModelDownload(130977_v2.0SSR~UROutfit300P), sent

2024-02-20 23:42:06,234 <requestor-worker-4:2579769, MainThread:140240668346176> (requestor.py:_fetch_single_sync:154 -> middleware.py:apply_sync:93) from logger `RFC.middleware_content_saver`
[INFO] applying on CivitaiModelDownload(6677_offset), received

2024-02-20 23:42:08,998 <requestor-worker-4:2579769, MainThread:140240668346176> (requestor.py:_fetch_single_sync:154 -> middleware.py:apply_sync:96) from logger `RFC.middleware_content_saver`
[INFO] applied on CivitaiModelDownload(6677_offset), sent

2024-02-20 23:42:11,801 <requestor-worker-4:2579769, MainThread:140240668346176> (requestor.py:_fetch_single_sync:154 -> middleware.py:apply_sync:93) from logger `RFC.middleware_content_saver`
[INFO] applying on CivitaiModelDownload(24496_1.0), received

2024-02-20 23:42:11,812 <requestor-worker-4:2579769, MainThread:140240668346176> (requestor.py:_fetch_single_sync:154 -> middleware.py:apply_sync:96) from logger `RFC.middleware_content_saver`
[INFO] applied on CivitaiModelDownload(24496_1.0), sent

2024-02-20 23:42:17,485 <requestor-worker-4:2579769, MainThread:140240668346176> (requestor.py:_fetch_single_sync:154 -> middleware.py:apply_sync:93) from logger `RFC.middleware_content_saver`
[INFO] applying on CivitaiModelDownload(89933_v1.0), received

2024-02-20 23:42:17,494 <requestor-worker-4:2579769, MainThread:140240668346176> (requestor.py:_fetch_single_sync:154 -> middleware.py:apply_sync:96) from logger `RFC.middleware_content_saver`
[INFO] applied on CivitaiModelDownload(89933_v1.0), sent

2024-02-20 23:48:47,803 <requestor-worker-4:2579769, MainThread:140240668346176> (requestor.py:_fetch_single_sync:154 -> middleware.py:apply_sync:93) from logger `RFC.middleware_content_saver`
[INFO] applying on CivitaiModelDownload(44089_v1.0), received

2024-02-20 23:48:48,759 <requestor-worker-4:2579769, MainThread:140240668346176> (requestor.py:_fetch_single_sync:154 -> middleware.py:apply_sync:96) from logger `RFC.middleware_content_saver`
[INFO] applied on CivitaiModelDownload(44089_v1.0), sent

2024-02-20 23:49:12,480 <requestor-worker-4:2579769, MainThread:140240668346176> (requestor.py:_fetch_single_sync:154 -> middleware.py:apply_sync:93) from logger `RFC.middleware_content_saver`
[INFO] applying on CivitaiModelDownload(271516_v2.0), received

2024-02-20 23:49:12,488 <requestor-worker-4:2579769, MainThread:140240668346176> (requestor.py:_fetch_single_sync:154 -> middleware.py:apply_sync:96) from logger `RFC.middleware_content_saver`
[INFO] applied on CivitaiModelDownload(271516_v2.0), sent

2024-02-20 23:49:27,752 <requestor-worker-4:2579769, MainThread:140240668346176> (requestor.py:_fetch_single_sync:154 -> middleware.py:apply_sync:93) from logger `RFC.middleware_content_saver`
[INFO] applying on CivitaiModelDownload(199666_akari_v1), received

2024-02-20 23:49:27,761 <requestor-worker-4:2579769, MainThread:140240668346176> (requestor.py:_fetch_single_sync:154 -> middleware.py:apply_sync:96) from logger `RFC.middleware_content_saver`
[INFO] applied on CivitaiModelDownload(199666_akari_v1), sent

2024-02-20 23:49:44,783 <requestor-worker-4:2579769, MainThread:140240668346176> (requestor.py:_fetch_single_sync:154 -> middleware.py:apply_sync:93) from logger `RFC.middleware_content_saver`
[INFO] applying on CivitaiModelDownload(324194_v1.0), received

2024-02-20 23:49:44,792 <requestor-worker-4:2579769, MainThread:140240668346176> (requestor.py:_fetch_single_sync:154 -> middleware.py:apply_sync:96) from logger `RFC.middleware_content_saver`
[INFO] applied on CivitaiModelDownload(324194_v1.0), sent

2024-02-20 23:50:28,664 <requestor-worker-4:2579769, MainThread:140240668346176> (requestor.py:_fetch_single_sync:154 -> middleware.py:apply_sync:93) from logger `RFC.middleware_content_saver`
[INFO] applying on CivitaiModelDownload(175471_v1), received

2024-02-20 23:50:29,139 <requestor-worker-4:2579769, MainThread:140240668346176> (requestor.py:_fetch_single_sync:154 -> middleware.py:apply_sync:96) from logger `RFC.middleware_content_saver`
[INFO] applied on CivitaiModelDownload(175471_v1), sent

2024-02-20 23:51:07,060 <requestor-worker-4:2579769, MainThread:140240668346176> (requestor.py:_fetch_single_sync:154 -> middleware.py:apply_sync:93) from logger `RFC.middleware_content_saver`
[INFO] applying on CivitaiModelDownload(287076_v2.0), received

2024-02-20 23:51:07,069 <requestor-worker-4:2579769, MainThread:140240668346176> (requestor.py:_fetch_single_sync:154 -> middleware.py:apply_sync:96) from logger `RFC.middleware_content_saver`
[INFO] applied on CivitaiModelDownload(287076_v2.0), sent

2024-02-20 23:51:12,798 <requestor-worker-4:2579769, MainThread:140240668346176> (requestor.py:_fetch_single_sync:154 -> middleware.py:apply_sync:93) from logger `RFC.middleware_content_saver`
[INFO] applying on CivitaiModelDownload(93709_v1.0), received

2024-02-20 23:51:12,810 <requestor-worker-4:2579769, MainThread:140240668346176> (requestor.py:_fetch_single_sync:154 -> middleware.py:apply_sync:96) from logger `RFC.middleware_content_saver`
[INFO] applied on CivitaiModelDownload(93709_v1.0), sent

2024-02-20 23:51:31,377 <requestor-worker-4:2579769, MainThread:140240668346176> (requestor.py:_fetch_single_sync:154 -> middleware.py:apply_sync:93) from logger `RFC.middleware_content_saver`
[INFO] applying on CivitaiModelDownload(40183_v1.0), received

2024-02-20 23:51:31,404 <requestor-worker-4:2579769, MainThread:140240668346176> (requestor.py:_fetch_single_sync:154 -> middleware.py:apply_sync:96) from logger `RFC.middleware_content_saver`
[INFO] applied on CivitaiModelDownload(40183_v1.0), sent

2024-02-20 23:51:49,745 <requestor-worker-4:2579769, MainThread:140240668346176> (requestor.py:_fetch_single_sync:154 -> middleware.py:apply_sync:93) from logger `RFC.middleware_content_saver`
[INFO] applying on CivitaiModelDownload(180316_v1.0), received

2024-02-20 23:51:49,760 <requestor-worker-4:2579769, MainThread:140240668346176> (requestor.py:_fetch_single_sync:154 -> middleware.py:apply_sync:96) from logger `RFC.middleware_content_saver`
[INFO] applied on CivitaiModelDownload(180316_v1.0), sent

2024-02-20 23:52:07,073 <requestor-worker-4:2579769, MainThread:140240668346176> (requestor.py:_fetch_single_sync:154 -> middleware.py:apply_sync:93) from logger `RFC.middleware_content_saver`
[INFO] applying on CivitaiModelDownload(140668_AkaneS_v1.0), received

2024-02-20 23:52:07,088 <requestor-worker-4:2579769, MainThread:140240668346176> (requestor.py:_fetch_single_sync:154 -> middleware.py:apply_sync:96) from logger `RFC.middleware_content_saver`
[INFO] applied on CivitaiModelDownload(140668_AkaneS_v1.0), sent

2024-02-20 23:52:15,453 <requestor-worker-4:2579769, MainThread:140240668346176> (requestor.py:_fetch_single_sync:154 -> middleware.py:apply_sync:93) from logger `RFC.middleware_content_saver`
[INFO] applying on CivitaiModelDownload(224017_v1.0), received

2024-02-20 23:52:15,465 <requestor-worker-4:2579769, MainThread:140240668346176> (requestor.py:_fetch_single_sync:154 -> middleware.py:apply_sync:96) from logger `RFC.middleware_content_saver`
[INFO] applied on CivitaiModelDownload(224017_v1.0), sent

2024-02-20 23:52:27,728 <requestor-worker-4:2579769, MainThread:140240668346176> (requestor.py:_fetch_single_sync:154 -> middleware.py:apply_sync:93) from logger `RFC.middleware_content_saver`
[INFO] applying on CivitaiModelDownload(119103_v1.0), received

2024-02-20 23:52:27,742 <requestor-worker-4:2579769, MainThread:140240668346176> (requestor.py:_fetch_single_sync:154 -> middleware.py:apply_sync:96) from logger `RFC.middleware_content_saver`
[INFO] applied on CivitaiModelDownload(119103_v1.0), sent

2024-02-20 23:53:53,345 <requestor-worker-4:2579769, MainThread:140240668346176> (requestor.py:_fetch_single_sync:154 -> middleware.py:apply_sync:93) from logger `RFC.middleware_content_saver`
[INFO] applying on CivitaiModelDownload(121476_v1.0), received

2024-02-20 23:53:53,397 <requestor-worker-4:2579769, MainThread:140240668346176> (requestor.py:_fetch_single_sync:154 -> middleware.py:apply_sync:96) from logger `RFC.middleware_content_saver`
[INFO] applied on CivitaiModelDownload(121476_v1.0), sent

2024-02-21 00:03:29,448 <requestor-worker-4:2579769, MainThread:140240668346176> (requestor.py:_fetch_single_sync:154 -> middleware.py:apply_sync:93) from logger `RFC.middleware_content_saver`
[INFO] applying on CivitaiModelDownload(206758_v1.0), received

2024-02-21 00:03:29,501 <requestor-worker-4:2579769, MainThread:140240668346176> (requestor.py:_fetch_single_sync:154 -> middleware.py:apply_sync:96) from logger `RFC.middleware_content_saver`
[INFO] applied on CivitaiModelDownload(206758_v1.0), sent

2024-02-21 00:03:37,579 <requestor-worker-4:2579769, MainThread:140240668346176> (requestor.py:_fetch_single_sync:154 -> middleware.py:apply_sync:93) from logger `RFC.middleware_content_saver`
[INFO] applying on CivitaiModelDownload(156924_v1.4), received

2024-02-21 00:03:37,586 <requestor-worker-4:2579769, MainThread:140240668346176> (requestor.py:_fetch_single_sync:154 -> middleware.py:apply_sync:96) from logger `RFC.middleware_content_saver`
[INFO] applied on CivitaiModelDownload(156924_v1.4), sent

2024-02-21 00:04:12,691 <requestor-worker-4:2579769, MainThread:140240668346176> (requestor.py:_fetch_single_sync:154 -> middleware.py:apply_sync:93) from logger `RFC.middleware_content_saver`
[INFO] applying on CivitaiModelDownload(172970_v1.0), received

2024-02-21 00:04:12,701 <requestor-worker-4:2579769, MainThread:140240668346176> (requestor.py:_fetch_single_sync:154 -> middleware.py:apply_sync:96) from logger `RFC.middleware_content_saver`
[INFO] applied on CivitaiModelDownload(172970_v1.0), sent

2024-02-21 00:04:32,584 <requestor-worker-4:2579769, MainThread:140240668346176> (requestor.py:_fetch_single_sync:154 -> middleware.py:apply_sync:93) from logger `RFC.middleware_content_saver`
[INFO] applying on CivitaiModelDownload(94698_v1.0), received

2024-02-21 00:04:32,598 <requestor-worker-4:2579769, MainThread:140240668346176> (requestor.py:_fetch_single_sync:154 -> middleware.py:apply_sync:96) from logger `RFC.middleware_content_saver`
[INFO] applied on CivitaiModelDownload(94698_v1.0), sent

2024-02-21 00:04:53,814 <requestor-worker-4:2579769, MainThread:140240668346176> (requestor.py:_fetch_single_sync:154 -> middleware.py:apply_sync:93) from logger `RFC.middleware_content_saver`
[INFO] applying on CivitaiModelDownload(175254_v1.02-AlterAka), received

2024-02-21 00:04:53,823 <requestor-worker-4:2579769, MainThread:140240668346176> (requestor.py:_fetch_single_sync:154 -> middleware.py:apply_sync:96) from logger `RFC.middleware_content_saver`
[INFO] applied on CivitaiModelDownload(175254_v1.02-AlterAka), sent

2024-02-21 00:05:06,982 <requestor-worker-4:2579769, MainThread:140240668346176> (requestor.py:_fetch_single_sync:154 -> middleware.py:apply_sync:93) from logger `RFC.middleware_content_saver`
[INFO] applying on CivitaiModelDownload(97676_v1.0), received

2024-02-21 00:05:07,069 <requestor-worker-4:2579769, MainThread:140240668346176> (requestor.py:_fetch_single_sync:154 -> middleware.py:apply_sync:96) from logger `RFC.middleware_content_saver`
[INFO] applied on CivitaiModelDownload(97676_v1.0), sent

2024-02-21 00:05:13,701 <requestor-worker-4:2579769, MainThread:140240668346176> (requestor.py:_fetch_single_sync:154 -> middleware.py:apply_sync:93) from logger `RFC.middleware_content_saver`
[INFO] applying on CivitaiModelDownload(85982_v1.0), received

2024-02-21 00:05:13,718 <requestor-worker-4:2579769, MainThread:140240668346176> (requestor.py:_fetch_single_sync:154 -> middleware.py:apply_sync:96) from logger `RFC.middleware_content_saver`
[INFO] applied on CivitaiModelDownload(85982_v1.0), sent

2024-02-21 00:05:37,430 <requestor-worker-4:2579769, MainThread:140240668346176> (requestor.py:_fetch_single_sync:154 -> middleware.py:apply_sync:93) from logger `RFC.middleware_content_saver`
[INFO] applying on CivitaiModelDownload(99758_v1.0), received

2024-02-21 00:05:37,445 <requestor-worker-4:2579769, MainThread:140240668346176> (requestor.py:_fetch_single_sync:154 -> middleware.py:apply_sync:96) from logger `RFC.middleware_content_saver`
[INFO] applied on CivitaiModelDownload(99758_v1.0), sent

2024-02-21 00:06:52,048 <requestor-worker-4:2579769, MainThread:140240668346176> (requestor.py:_fetch_single_sync:154 -> middleware.py:apply_sync:93) from logger `RFC.middleware_content_saver`
[INFO] applying on CivitaiModelDownload(55445_v3.0), received

2024-02-21 00:06:53,001 <requestor-worker-4:2579769, MainThread:140240668346176> (requestor.py:_fetch_single_sync:154 -> middleware.py:apply_sync:96) from logger `RFC.middleware_content_saver`
[INFO] applied on CivitaiModelDownload(55445_v3.0), sent

2024-02-21 00:08:01,824 <requestor-worker-4:2579769, MainThread:140240668346176> (requestor.py:_fetch_single_sync:154 -> middleware.py:apply_sync:93) from logger `RFC.middleware_content_saver`
[INFO] applying on CivitaiModelDownload(192051_v2.0), received

2024-02-21 00:08:03,224 <requestor-worker-4:2579769, MainThread:140240668346176> (requestor.py:_fetch_single_sync:154 -> middleware.py:apply_sync:96) from logger `RFC.middleware_content_saver`
[INFO] applied on CivitaiModelDownload(192051_v2.0), sent

2024-02-21 00:08:23,933 <requestor-worker-4:2579769, MainThread:140240668346176> (requestor.py:_fetch_single_sync:154 -> middleware.py:apply_sync:93) from logger `RFC.middleware_content_saver`
[INFO] applying on CivitaiModelDownload(274884_v1.0), received

2024-02-21 00:08:23,947 <requestor-worker-4:2579769, MainThread:140240668346176> (requestor.py:_fetch_single_sync:154 -> middleware.py:apply_sync:96) from logger `RFC.middleware_content_saver`
[INFO] applied on CivitaiModelDownload(274884_v1.0), sent

2024-02-21 00:09:01,476 <requestor-worker-4:2579769, MainThread:140240668346176> (requestor.py:_fetch_single_sync:154 -> middleware.py:apply_sync:93) from logger `RFC.middleware_content_saver`
[INFO] applying on CivitaiModelDownload(111888_v1.0), received

2024-02-21 00:09:02,956 <requestor-worker-4:2579769, MainThread:140240668346176> (requestor.py:_fetch_single_sync:154 -> middleware.py:apply_sync:96) from logger `RFC.middleware_content_saver`
[INFO] applied on CivitaiModelDownload(111888_v1.0), sent

2024-02-21 00:10:17,352 <requestor-worker-4:2579769, MainThread:140240668346176> (requestor.py:_fetch_single_sync:154 -> middleware.py:apply_sync:93) from logger `RFC.middleware_content_saver`
[INFO] applying on CivitaiModelDownload(279277_v1.0), received

2024-02-21 00:10:18,700 <requestor-worker-4:2579769, MainThread:140240668346176> (requestor.py:_fetch_single_sync:154 -> middleware.py:apply_sync:96) from logger `RFC.middleware_content_saver`
[INFO] applied on CivitaiModelDownload(279277_v1.0), sent

2024-02-21 00:10:20,265 <requestor-worker-4:2579769, MainThread:140240668346176> (requestor.py:_fetch_single_sync:154 -> middleware.py:apply_sync:93) from logger `RFC.middleware_content_saver`
[INFO] applying on CivitaiModelDownload(160283_v2.0), received

2024-02-21 00:10:20,312 <requestor-worker-4:2579769, MainThread:140240668346176> (requestor.py:_fetch_single_sync:154 -> middleware.py:apply_sync:96) from logger `RFC.middleware_content_saver`
[INFO] applied on CivitaiModelDownload(160283_v2.0), sent

2024-02-21 00:10:23,821 <requestor-worker-4:2579769, MainThread:140240668346176> (requestor.py:_fetch_single_sync:154 -> middleware.py:apply_sync:93) from logger `RFC.middleware_content_saver`
[INFO] applying on CivitaiModelDownload(142682_v0.1), received

2024-02-21 00:10:23,839 <requestor-worker-4:2579769, MainThread:140240668346176> (requestor.py:_fetch_single_sync:154 -> middleware.py:apply_sync:96) from logger `RFC.middleware_content_saver`
[INFO] applied on CivitaiModelDownload(142682_v0.1), sent

2024-02-21 00:10:39,675 <requestor-worker-4:2579769, MainThread:140240668346176> (requestor.py:_fetch_single_sync:154 -> middleware.py:apply_sync:93) from logger `RFC.middleware_content_saver`
[INFO] applying on CivitaiModelDownload(217110_v1), received

2024-02-21 00:10:39,691 <requestor-worker-4:2579769, MainThread:140240668346176> (requestor.py:_fetch_single_sync:154 -> middleware.py:apply_sync:96) from logger `RFC.middleware_content_saver`
[INFO] applied on CivitaiModelDownload(217110_v1), sent

2024-02-21 00:10:58,024 <requestor-worker-4:2579769, MainThread:140240668346176> (requestor.py:_fetch_single_sync:154 -> middleware.py:apply_sync:93) from logger `RFC.middleware_content_saver`
[INFO] applying on CivitaiModelDownload(53705_v1.0), received

2024-02-21 00:10:58,039 <requestor-worker-4:2579769, MainThread:140240668346176> (requestor.py:_fetch_single_sync:154 -> middleware.py:apply_sync:96) from logger `RFC.middleware_content_saver`
[INFO] applied on CivitaiModelDownload(53705_v1.0), sent

2024-02-21 00:11:17,416 <requestor-worker-4:2579769, MainThread:140240668346176> (requestor.py:_fetch_single_sync:154 -> middleware.py:apply_sync:93) from logger `RFC.middleware_content_saver`
[INFO] applying on CivitaiModelDownload(57482_v1.0), received

2024-02-21 00:11:17,426 <requestor-worker-4:2579769, MainThread:140240668346176> (requestor.py:_fetch_single_sync:154 -> middleware.py:apply_sync:96) from logger `RFC.middleware_content_saver`
[INFO] applied on CivitaiModelDownload(57482_v1.0), sent

2024-02-21 00:11:38,235 <requestor-worker-4:2579769, MainThread:140240668346176> (requestor.py:_fetch_single_sync:154 -> middleware.py:apply_sync:93) from logger `RFC.middleware_content_saver`
[INFO] applying on CivitaiModelDownload(92499_v1.0), received

2024-02-21 00:11:38,246 <requestor-worker-4:2579769, MainThread:140240668346176> (requestor.py:_fetch_single_sync:154 -> middleware.py:apply_sync:96) from logger `RFC.middleware_content_saver`
[INFO] applied on CivitaiModelDownload(92499_v1.0), sent

2024-02-21 00:13:19,350 <requestor-worker-4:2579769, MainThread:140240668346176> (requestor.py:_fetch_single_sync:154 -> middleware.py:apply_sync:93) from logger `RFC.middleware_content_saver`
[INFO] applying on CivitaiModelDownload(131908_v2.0), received

2024-02-21 00:13:25,772 <requestor-worker-4:2579769, MainThread:140240668346176> (requestor.py:_fetch_single_sync:154 -> middleware.py:apply_sync:96) from logger `RFC.middleware_content_saver`
[INFO] applied on CivitaiModelDownload(131908_v2.0), sent

2024-02-21 00:13:40,327 <requestor-worker-4:2579769, MainThread:140240668346176> (requestor.py:_fetch_single_sync:154 -> middleware.py:apply_sync:93) from logger `RFC.middleware_content_saver`
[INFO] applying on CivitaiModelDownload(130422_v1.0), received

2024-02-21 00:13:40,359 <requestor-worker-4:2579769, MainThread:140240668346176> (requestor.py:_fetch_single_sync:154 -> middleware.py:apply_sync:96) from logger `RFC.middleware_content_saver`
[INFO] applied on CivitaiModelDownload(130422_v1.0), sent

2024-02-21 00:13:59,950 <requestor-worker-4:2579769, MainThread:140240668346176> (requestor.py:_fetch_single_sync:154 -> middleware.py:apply_sync:93) from logger `RFC.middleware_content_saver`
[INFO] applying on CivitaiModelDownload(299314_v1.0), received

2024-02-21 00:13:59,960 <requestor-worker-4:2579769, MainThread:140240668346176> (requestor.py:_fetch_single_sync:154 -> middleware.py:apply_sync:96) from logger `RFC.middleware_content_saver`
[INFO] applied on CivitaiModelDownload(299314_v1.0), sent

2024-02-21 00:15:32,672 <requestor-worker-4:2579769, MainThread:140240668346176> (requestor.py:_fetch_single_sync:154 -> middleware.py:apply_sync:93) from logger `RFC.middleware_content_saver`
[INFO] applying on CivitaiModelDownload(162975_v1.0), received

2024-02-21 00:15:32,687 <requestor-worker-4:2579769, MainThread:140240668346176> (requestor.py:_fetch_single_sync:154 -> middleware.py:apply_sync:96) from logger `RFC.middleware_content_saver`
[INFO] applied on CivitaiModelDownload(162975_v1.0), sent

2024-02-21 00:18:27,649 <requestor-worker-4:2579769, MainThread:140240668346176> (requestor.py:_fetch_single_sync:154 -> middleware.py:apply_sync:93) from logger `RFC.middleware_content_saver`
[INFO] applying on CivitaiModelDownload(213625_v1.0), received

2024-02-21 00:18:27,663 <requestor-worker-4:2579769, MainThread:140240668346176> (requestor.py:_fetch_single_sync:154 -> middleware.py:apply_sync:96) from logger `RFC.middleware_content_saver`
[INFO] applied on CivitaiModelDownload(213625_v1.0), sent

2024-02-21 00:18:43,886 <requestor-worker-4:2579769, MainThread:140240668346176> (requestor.py:_fetch_single_sync:154 -> middleware.py:apply_sync:93) from logger `RFC.middleware_content_saver`
[INFO] applying on CivitaiModelDownload(92671_Old), received

2024-02-21 00:18:43,902 <requestor-worker-4:2579769, MainThread:140240668346176> (requestor.py:_fetch_single_sync:154 -> middleware.py:apply_sync:96) from logger `RFC.middleware_content_saver`
[INFO] applied on CivitaiModelDownload(92671_Old), sent

2024-02-21 00:18:46,925 <requestor-worker-4:2579769, MainThread:140240668346176> (requestor.py:_fetch_single_sync:154 -> middleware.py:apply_sync:93) from logger `RFC.middleware_content_saver`
[INFO] applying on CivitaiModelDownload(114752_New), received

2024-02-21 00:18:46,943 <requestor-worker-4:2579769, MainThread:140240668346176> (requestor.py:_fetch_single_sync:154 -> middleware.py:apply_sync:96) from logger `RFC.middleware_content_saver`
[INFO] applied on CivitaiModelDownload(114752_New), sent

2024-02-21 00:18:48,923 <requestor-worker-4:2579769, MainThread:140240668346176> (requestor.py:_fetch_single_sync:154 -> middleware.py:apply_sync:93) from logger `RFC.middleware_content_saver`
[INFO] applying on CivitaiModelDownload(210337_v1.0), received

2024-02-21 00:18:49,153 <requestor-worker-4:2579769, MainThread:140240668346176> (requestor.py:_fetch_single_sync:154 -> middleware.py:apply_sync:96) from logger `RFC.middleware_content_saver`
[INFO] applied on CivitaiModelDownload(210337_v1.0), sent

2024-02-21 00:19:18,920 <requestor-worker-4:2579769, MainThread:140240668346176> (requestor.py:_fetch_single_sync:154 -> middleware.py:apply_sync:93) from logger `RFC.middleware_content_saver`
[INFO] applying on CivitaiModelDownload(142873_v1.0), received

2024-02-21 00:19:19,651 <requestor-worker-4:2579769, MainThread:140240668346176> (requestor.py:_fetch_single_sync:154 -> middleware.py:apply_sync:96) from logger `RFC.middleware_content_saver`
[INFO] applied on CivitaiModelDownload(142873_v1.0), sent

2024-02-21 00:19:30,108 <requestor-worker-4:2579769, MainThread:140240668346176> (requestor.py:_fetch_single_sync:154 -> middleware.py:apply_sync:93) from logger `RFC.middleware_content_saver`
[INFO] applying on CivitaiModelDownload(48272_v1.0), received

2024-02-21 00:19:30,124 <requestor-worker-4:2579769, MainThread:140240668346176> (requestor.py:_fetch_single_sync:154 -> middleware.py:apply_sync:96) from logger `RFC.middleware_content_saver`
[INFO] applied on CivitaiModelDownload(48272_v1.0), sent

2024-02-21 00:19:50,249 <requestor-worker-4:2579769, MainThread:140240668346176> (requestor.py:_fetch_single_sync:154 -> middleware.py:apply_sync:93) from logger `RFC.middleware_content_saver`
[INFO] applying on CivitaiModelDownload(164373_v1.0), received

2024-02-21 00:19:50,871 <requestor-worker-4:2579769, MainThread:140240668346176> (requestor.py:_fetch_single_sync:154 -> middleware.py:apply_sync:96) from logger `RFC.middleware_content_saver`
[INFO] applied on CivitaiModelDownload(164373_v1.0), sent

2024-02-21 00:20:10,419 <requestor-worker-4:2579769, MainThread:140240668346176> (requestor.py:_fetch_single_sync:154 -> middleware.py:apply_sync:93) from logger `RFC.middleware_content_saver`
[INFO] applying on CivitaiModelDownload(232599_v1.0), received

2024-02-21 00:20:12,152 <requestor-worker-4:2579769, MainThread:140240668346176> (requestor.py:_fetch_single_sync:154 -> middleware.py:apply_sync:96) from logger `RFC.middleware_content_saver`
[INFO] applied on CivitaiModelDownload(232599_v1.0), sent

2024-02-21 00:20:52,860 <requestor-worker-4:2579769, MainThread:140240668346176> (requestor.py:_fetch_single_sync:154 -> middleware.py:apply_sync:93) from logger `RFC.middleware_content_saver`
[INFO] applying on CivitaiModelDownload(95351_offset), received

2024-02-21 00:20:53,859 <requestor-worker-4:2579769, MainThread:140240668346176> (requestor.py:_fetch_single_sync:154 -> middleware.py:apply_sync:96) from logger `RFC.middleware_content_saver`
[INFO] applied on CivitaiModelDownload(95351_offset), sent

2024-02-21 00:21:11,886 <requestor-worker-4:2579769, MainThread:140240668346176> (requestor.py:_fetch_single_sync:154 -> middleware.py:apply_sync:93) from logger `RFC.middleware_content_saver`
[INFO] applying on CivitaiModelDownload(86414_v1.0), received

2024-02-21 00:21:11,901 <requestor-worker-4:2579769, MainThread:140240668346176> (requestor.py:_fetch_single_sync:154 -> middleware.py:apply_sync:96) from logger `RFC.middleware_content_saver`
[INFO] applied on CivitaiModelDownload(86414_v1.0), sent

2024-02-21 00:21:37,829 <requestor-worker-4:2579769, MainThread:140240668346176> (requestor.py:_fetch_single_sync:154 -> middleware.py:apply_sync:93) from logger `RFC.middleware_content_saver`
[INFO] applying on CivitaiModelDownload(83100_v1.0), received

2024-02-21 00:21:37,844 <requestor-worker-4:2579769, MainThread:140240668346176> (requestor.py:_fetch_single_sync:154 -> middleware.py:apply_sync:96) from logger `RFC.middleware_content_saver`
[INFO] applied on CivitaiModelDownload(83100_v1.0), sent

2024-02-21 00:22:24,435 <requestor-worker-4:2579769, MainThread:140240668346176> (requestor.py:_fetch_single_sync:154 -> middleware.py:apply_sync:93) from logger `RFC.middleware_content_saver`
[INFO] applying on CivitaiModelDownload(96836_v1.0), received

2024-02-21 00:22:24,451 <requestor-worker-4:2579769, MainThread:140240668346176> (requestor.py:_fetch_single_sync:154 -> middleware.py:apply_sync:96) from logger `RFC.middleware_content_saver`
[INFO] applied on CivitaiModelDownload(96836_v1.0), sent

2024-02-21 00:22:41,694 <requestor-worker-4:2579769, MainThread:140240668346176> (requestor.py:_fetch_single_sync:154 -> middleware.py:apply_sync:93) from logger `RFC.middleware_content_saver`
[INFO] applying on CivitaiModelDownload(251996_manga), received

2024-02-21 00:22:41,709 <requestor-worker-4:2579769, MainThread:140240668346176> (requestor.py:_fetch_single_sync:154 -> middleware.py:apply_sync:96) from logger `RFC.middleware_content_saver`
[INFO] applied on CivitaiModelDownload(251996_manga), sent

2024-02-21 00:23:10,623 <requestor-worker-4:2579769, MainThread:140240668346176> (requestor.py:_fetch_single_sync:154 -> middleware.py:apply_sync:93) from logger `RFC.middleware_content_saver`
[INFO] applying on CivitaiModelDownload(136139_v1.0), received

2024-02-21 00:23:11,377 <requestor-worker-4:2579769, MainThread:140240668346176> (requestor.py:_fetch_single_sync:154 -> middleware.py:apply_sync:96) from logger `RFC.middleware_content_saver`
[INFO] applied on CivitaiModelDownload(136139_v1.0), sent

2024-02-21 00:24:11,823 <requestor-worker-4:2579769, MainThread:140240668346176> (requestor.py:_fetch_single_sync:154 -> middleware.py:apply_sync:93) from logger `RFC.middleware_content_saver`
[INFO] applying on CivitaiModelDownload(58379_v1.0), received

2024-02-21 00:24:13,046 <requestor-worker-4:2579769, MainThread:140240668346176> (requestor.py:_fetch_single_sync:154 -> middleware.py:apply_sync:96) from logger `RFC.middleware_content_saver`
[INFO] applied on CivitaiModelDownload(58379_v1.0), sent

2024-02-21 00:24:21,121 <requestor-worker-4:2579769, MainThread:140240668346176> (requestor.py:_fetch_single_sync:154 -> middleware.py:apply_sync:93) from logger `RFC.middleware_content_saver`
[INFO] applying on CivitaiModelDownload(272042_v1.0), received

2024-02-21 00:24:21,127 <requestor-worker-4:2579769, MainThread:140240668346176> (requestor.py:_fetch_single_sync:154 -> middleware.py:apply_sync:96) from logger `RFC.middleware_content_saver`
[INFO] applied on CivitaiModelDownload(272042_v1.0), sent

2024-02-21 00:25:10,477 <requestor-worker-4:2579769, MainThread:140240668346176> (requestor.py:_fetch_single_sync:154 -> middleware.py:apply_sync:93) from logger `RFC.middleware_content_saver`
[INFO] applying on CivitaiModelDownload(13005_v1.0), received

2024-02-21 00:25:11,614 <requestor-worker-4:2579769, MainThread:140240668346176> (requestor.py:_fetch_single_sync:154 -> middleware.py:apply_sync:96) from logger `RFC.middleware_content_saver`
[INFO] applied on CivitaiModelDownload(13005_v1.0), sent

2024-02-21 00:25:17,543 <requestor-worker-4:2579769, MainThread:140240668346176> (requestor.py:_fetch_single_sync:154 -> middleware.py:apply_sync:93) from logger `RFC.middleware_content_saver`
[INFO] applying on CivitaiModelDownload(180162_v1.4.1), received

2024-02-21 00:25:17,551 <requestor-worker-4:2579769, MainThread:140240668346176> (requestor.py:_fetch_single_sync:154 -> middleware.py:apply_sync:96) from logger `RFC.middleware_content_saver`
[INFO] applied on CivitaiModelDownload(180162_v1.4.1), sent

2024-02-21 00:25:50,149 <requestor-worker-4:2579769, MainThread:140240668346176> (requestor.py:_fetch_single_sync:154 -> middleware.py:apply_sync:93) from logger `RFC.middleware_content_saver`
[INFO] applying on CivitaiModelDownload(44455_yoshinori), received

2024-02-21 00:25:50,169 <requestor-worker-4:2579769, MainThread:140240668346176> (requestor.py:_fetch_single_sync:154 -> middleware.py:apply_sync:96) from logger `RFC.middleware_content_saver`
[INFO] applied on CivitaiModelDownload(44455_yoshinori), sent

2024-02-21 00:26:43,102 <requestor-worker-4:2579769, MainThread:140240668346176> (requestor.py:_fetch_single_sync:154 -> middleware.py:apply_sync:93) from logger `RFC.middleware_content_saver`
[INFO] applying on CivitaiModelDownload(22733_v1.0), received

2024-02-21 00:26:44,543 <requestor-worker-4:2579769, MainThread:140240668346176> (requestor.py:_fetch_single_sync:154 -> middleware.py:apply_sync:96) from logger `RFC.middleware_content_saver`
[INFO] applied on CivitaiModelDownload(22733_v1.0), sent

2024-02-21 00:26:59,198 <requestor-worker-4:2579769, MainThread:140240668346176> (requestor.py:_fetch_single_sync:154 -> middleware.py:apply_sync:93) from logger `RFC.middleware_content_saver`
[INFO] applying on CivitaiModelDownload(153288_v2.0), received

2024-02-21 00:26:59,208 <requestor-worker-4:2579769, MainThread:140240668346176> (requestor.py:_fetch_single_sync:154 -> middleware.py:apply_sync:96) from logger `RFC.middleware_content_saver`
[INFO] applied on CivitaiModelDownload(153288_v2.0), sent

2024-02-21 00:27:03,639 <requestor-worker-4:2579769, MainThread:140240668346176> (requestor.py:_fetch_single_sync:154 -> middleware.py:apply_sync:93) from logger `RFC.middleware_content_saver`
[INFO] applying on CivitaiModelDownload(21863_V1), received

2024-02-21 00:27:03,645 <requestor-worker-4:2579769, MainThread:140240668346176> (requestor.py:_fetch_single_sync:154 -> middleware.py:apply_sync:96) from logger `RFC.middleware_content_saver`
[INFO] applied on CivitaiModelDownload(21863_V1), sent

2024-02-21 00:28:17,563 <requestor-worker-4:2579769, MainThread:140240668346176> (requestor.py:_fetch_single_sync:154 -> middleware.py:apply_sync:93) from logger `RFC.middleware_content_saver`
[INFO] applying on CivitaiModelDownload(267070_v1.0), received

2024-02-21 00:28:22,381 <requestor-worker-4:2579769, MainThread:140240668346176> (requestor.py:_fetch_single_sync:154 -> middleware.py:apply_sync:96) from logger `RFC.middleware_content_saver`
[INFO] applied on CivitaiModelDownload(267070_v1.0), sent

2024-02-21 00:28:41,030 <requestor-worker-4:2579769, MainThread:140240668346176> (requestor.py:_fetch_single_sync:154 -> middleware.py:apply_sync:93) from logger `RFC.middleware_content_saver`
[INFO] applying on CivitaiModelDownload(114161_v1.0), received

2024-02-21 00:28:41,043 <requestor-worker-4:2579769, MainThread:140240668346176> (requestor.py:_fetch_single_sync:154 -> middleware.py:apply_sync:96) from logger `RFC.middleware_content_saver`
[INFO] applied on CivitaiModelDownload(114161_v1.0), sent

2024-02-21 00:29:53,442 <requestor-worker-4:2579769, MainThread:140240668346176> (requestor.py:_fetch_single_sync:154 -> middleware.py:apply_sync:93) from logger `RFC.middleware_content_saver`
[INFO] applying on CivitaiModelDownload(115485_v1.0), received

2024-02-21 00:29:54,877 <requestor-worker-4:2579769, MainThread:140240668346176> (requestor.py:_fetch_single_sync:154 -> middleware.py:apply_sync:96) from logger `RFC.middleware_content_saver`
[INFO] applied on CivitaiModelDownload(115485_v1.0), sent

2024-02-21 00:30:14,652 <requestor-worker-4:2579769, MainThread:140240668346176> (requestor.py:_fetch_single_sync:154 -> middleware.py:apply_sync:93) from logger `RFC.middleware_content_saver`
[INFO] applying on CivitaiModelDownload(175068_v1.0), received

2024-02-21 00:30:15,112 <requestor-worker-4:2579769, MainThread:140240668346176> (requestor.py:_fetch_single_sync:154 -> middleware.py:apply_sync:96) from logger `RFC.middleware_content_saver`
[INFO] applied on CivitaiModelDownload(175068_v1.0), sent

2024-02-21 00:30:31,250 <requestor-worker-4:2579769, MainThread:140240668346176> (requestor.py:_fetch_single_sync:154 -> middleware.py:apply_sync:93) from logger `RFC.middleware_content_saver`
[INFO] applying on CivitaiModelDownload(105878_v1.0), received

2024-02-21 00:30:31,261 <requestor-worker-4:2579769, MainThread:140240668346176> (requestor.py:_fetch_single_sync:154 -> middleware.py:apply_sync:96) from logger `RFC.middleware_content_saver`
[INFO] applied on CivitaiModelDownload(105878_v1.0), sent

2024-02-21 00:30:37,244 <requestor-worker-4:2579769, MainThread:140240668346176> (requestor.py:_fetch_single_sync:154 -> middleware.py:apply_sync:93) from logger `RFC.middleware_content_saver`
[INFO] applying on CivitaiModelDownload(238183_v1.0), received

2024-02-21 00:30:37,254 <requestor-worker-4:2579769, MainThread:140240668346176> (requestor.py:_fetch_single_sync:154 -> middleware.py:apply_sync:96) from logger `RFC.middleware_content_saver`
[INFO] applied on CivitaiModelDownload(238183_v1.0), sent

2024-02-21 00:30:54,480 <requestor-worker-4:2579769, MainThread:140240668346176> (requestor.py:_fetch_single_sync:154 -> middleware.py:apply_sync:93) from logger `RFC.middleware_content_saver`
[INFO] applying on CivitaiModelDownload(174695_v1), received

2024-02-21 00:30:54,574 <requestor-worker-4:2579769, MainThread:140240668346176> (requestor.py:_fetch_single_sync:154 -> middleware.py:apply_sync:96) from logger `RFC.middleware_content_saver`
[INFO] applied on CivitaiModelDownload(174695_v1), sent

2024-02-21 00:31:53,564 <requestor-worker-4:2579769, MainThread:140240668346176> (requestor.py:_fetch_single_sync:154 -> middleware.py:apply_sync:93) from logger `RFC.middleware_content_saver`
[INFO] applying on CivitaiModelDownload(47044_v1.0), received

2024-02-21 00:31:55,180 <requestor-worker-4:2579769, MainThread:140240668346176> (requestor.py:_fetch_single_sync:154 -> middleware.py:apply_sync:96) from logger `RFC.middleware_content_saver`
[INFO] applied on CivitaiModelDownload(47044_v1.0), sent

2024-02-21 00:32:26,523 <requestor-worker-4:2579769, MainThread:140240668346176> (requestor.py:_fetch_single_sync:154 -> middleware.py:apply_sync:93) from logger `RFC.middleware_content_saver`
[INFO] applying on CivitaiModelDownload(115157_v1.0), received

2024-02-21 00:32:26,572 <requestor-worker-4:2579769, MainThread:140240668346176> (requestor.py:_fetch_single_sync:154 -> middleware.py:apply_sync:96) from logger `RFC.middleware_content_saver`
[INFO] applied on CivitaiModelDownload(115157_v1.0), sent

2024-02-21 00:32:57,116 <requestor-worker-4:2579769, MainThread:140240668346176> (requestor.py:_fetch_single_sync:154 -> middleware.py:apply_sync:93) from logger `RFC.middleware_content_saver`
[INFO] applying on CivitaiModelDownload(158409_v1.0), received

2024-02-21 00:32:57,142 <requestor-worker-4:2579769, MainThread:140240668346176> (requestor.py:_fetch_single_sync:154 -> middleware.py:apply_sync:96) from logger `RFC.middleware_content_saver`
[INFO] applied on CivitaiModelDownload(158409_v1.0), sent

2024-02-21 00:33:54,121 <requestor-worker-4:2579769, MainThread:140240668346176> (requestor.py:_fetch_single_sync:154 -> middleware.py:apply_sync:93) from logger `RFC.middleware_content_saver`
[INFO] applying on CivitaiModelDownload(22215_v3/4), received

2024-02-21 00:33:55,376 <requestor-worker-4:2579769, MainThread:140240668346176> (requestor.py:_fetch_single_sync:154 -> middleware.py:apply_sync:96) from logger `RFC.middleware_content_saver`
[INFO] applied on CivitaiModelDownload(22215_v3/4), sent

2024-02-21 00:35:03,205 <requestor-worker-4:2579769, MainThread:140240668346176> (requestor.py:_fetch_single_sync:154 -> middleware.py:apply_sync:93) from logger `RFC.middleware_content_saver`
[INFO] applying on CivitaiModelDownload(177734_v1.0), received

2024-02-21 00:35:03,270 <requestor-worker-4:2579769, MainThread:140240668346176> (requestor.py:_fetch_single_sync:154 -> middleware.py:apply_sync:96) from logger `RFC.middleware_content_saver`
[INFO] applied on CivitaiModelDownload(177734_v1.0), sent

2024-02-21 00:36:08,099 <requestor-worker-4:2579769, MainThread:140240668346176> (requestor.py:_fetch_single_sync:154 -> middleware.py:apply_sync:93) from logger `RFC.middleware_content_saver`
[INFO] applying on CivitaiModelDownload(105431_v1.0B), received

2024-02-21 00:36:09,642 <requestor-worker-4:2579769, MainThread:140240668346176> (requestor.py:_fetch_single_sync:154 -> middleware.py:apply_sync:96) from logger `RFC.middleware_content_saver`
[INFO] applied on CivitaiModelDownload(105431_v1.0B), sent

2024-02-21 00:37:00,934 <requestor-worker-4:2579769, MainThread:140240668346176> (requestor.py:_fetch_single_sync:154 -> middleware.py:apply_sync:93) from logger `RFC.middleware_content_saver`
[INFO] applying on CivitaiModelDownload(65431_v1.0), received

2024-02-21 00:37:00,948 <requestor-worker-4:2579769, MainThread:140240668346176> (requestor.py:_fetch_single_sync:154 -> middleware.py:apply_sync:96) from logger `RFC.middleware_content_saver`
[INFO] applied on CivitaiModelDownload(65431_v1.0), sent

2024-02-21 00:38:50,680 <requestor-worker-4:2579769, MainThread:140240668346176> (requestor.py:_fetch_single_sync:154 -> middleware.py:apply_sync:93) from logger `RFC.middleware_content_saver`
[INFO] applying on CivitaiModelDownload(5487_ahri-50(maybeovercooked)), received

2024-02-21 00:38:50,734 <requestor-worker-4:2579769, MainThread:140240668346176> (requestor.py:_fetch_single_sync:154 -> middleware.py:apply_sync:96) from logger `RFC.middleware_content_saver`
[INFO] applied on CivitaiModelDownload(5487_ahri-50(maybeovercooked)), sent

2024-02-21 00:39:01,602 <requestor-worker-4:2579769, MainThread:140240668346176> (requestor.py:_fetch_single_sync:154 -> middleware.py:apply_sync:93) from logger `RFC.middleware_content_saver`
[INFO] applying on CivitaiModelDownload(36864_v1.0), received

2024-02-21 00:39:01,608 <requestor-worker-4:2579769, MainThread:140240668346176> (requestor.py:_fetch_single_sync:154 -> middleware.py:apply_sync:96) from logger `RFC.middleware_content_saver`
[INFO] applied on CivitaiModelDownload(36864_v1.0), sent

2024-02-21 00:39:43,670 <requestor-worker-4:2579769, MainThread:140240668346176> (requestor.py:_fetch_single_sync:154 -> middleware.py:apply_sync:93) from logger `RFC.middleware_content_saver`
[INFO] applying on CivitaiModelDownload(156726_v1.0), received

2024-02-21 00:39:45,821 <requestor-worker-4:2579769, MainThread:140240668346176> (requestor.py:_fetch_single_sync:154 -> middleware.py:apply_sync:96) from logger `RFC.middleware_content_saver`
[INFO] applied on CivitaiModelDownload(156726_v1.0), sent

2024-02-21 00:40:06,015 <requestor-worker-4:2579769, MainThread:140240668346176> (requestor.py:_fetch_single_sync:154 -> middleware.py:apply_sync:93) from logger `RFC.middleware_content_saver`
[INFO] applying on CivitaiModelDownload(10836_v1.0-20), received

2024-02-21 00:40:06,031 <requestor-worker-4:2579769, MainThread:140240668346176> (requestor.py:_fetch_single_sync:154 -> middleware.py:apply_sync:96) from logger `RFC.middleware_content_saver`
[INFO] applied on CivitaiModelDownload(10836_v1.0-20), sent

2024-02-21 00:46:37,025 <requestor-worker-4:2579769, MainThread:140240668346176> (requestor.py:_fetch_single_sync:154 -> middleware.py:apply_sync:93) from logger `RFC.middleware_content_saver`
[INFO] applying on CivitaiModelDownload(10029_v1), received

2024-02-21 00:46:37,068 <requestor-worker-4:2579769, MainThread:140240668346176> (requestor.py:_fetch_single_sync:154 -> middleware.py:apply_sync:96) from logger `RFC.middleware_content_saver`
[INFO] applied on CivitaiModelDownload(10029_v1), sent

2024-02-21 00:54:46,252 <requestor-worker-4:2579769, MainThread:140240668346176> (requestor.py:_fetch_single_sync:154 -> middleware.py:apply_sync:93) from logger `RFC.middleware_content_saver`
[INFO] applying on CivitaiModelDownload(191748_v1.0), received

2024-02-21 00:54:46,296 <requestor-worker-4:2579769, MainThread:140240668346176> (requestor.py:_fetch_single_sync:154 -> middleware.py:apply_sync:96) from logger `RFC.middleware_content_saver`
[INFO] applied on CivitaiModelDownload(191748_v1.0), sent

2024-02-21 00:55:57,120 <requestor-worker-4:2579769, MainThread:140240668346176> (requestor.py:_fetch_single_sync:154 -> middleware.py:apply_sync:93) from logger `RFC.middleware_content_saver`
[INFO] applying on CivitaiModelDownload(279375_A2), received

2024-02-21 00:55:57,169 <requestor-worker-4:2579769, MainThread:140240668346176> (requestor.py:_fetch_single_sync:154 -> middleware.py:apply_sync:96) from logger `RFC.middleware_content_saver`
[INFO] applied on CivitaiModelDownload(279375_A2), sent

2024-02-21 00:56:36,768 <requestor-worker-4:2579769, MainThread:140240668346176> (requestor.py:_fetch_single_sync:154 -> middleware.py:apply_sync:93) from logger `RFC.middleware_content_saver`
[INFO] applying on CivitaiModelDownload(268958_v1.0), received

2024-02-21 00:56:36,803 <requestor-worker-4:2579769, MainThread:140240668346176> (requestor.py:_fetch_single_sync:154 -> middleware.py:apply_sync:96) from logger `RFC.middleware_content_saver`
[INFO] applied on CivitaiModelDownload(268958_v1.0), sent

2024-02-21 00:56:42,275 <requestor-worker-4:2579769, MainThread:140240668346176> (requestor.py:_fetch_single_sync:154 -> middleware.py:apply_sync:93) from logger `RFC.middleware_content_saver`
[INFO] applying on CivitaiModelDownload(204583_v1.0), received

2024-02-21 00:56:42,304 <requestor-worker-4:2579769, MainThread:140240668346176> (requestor.py:_fetch_single_sync:154 -> middleware.py:apply_sync:96) from logger `RFC.middleware_content_saver`
[INFO] applied on CivitaiModelDownload(204583_v1.0), sent

2024-02-21 00:56:45,636 <requestor-worker-4:2579769, MainThread:140240668346176> (requestor.py:_fetch_single_sync:154 -> middleware.py:apply_sync:93) from logger `RFC.middleware_content_saver`
[INFO] applying on CivitaiModelDownload(269893_v1.0), received

2024-02-21 00:56:45,644 <requestor-worker-4:2579769, MainThread:140240668346176> (requestor.py:_fetch_single_sync:154 -> middleware.py:apply_sync:96) from logger `RFC.middleware_content_saver`
[INFO] applied on CivitaiModelDownload(269893_v1.0), sent

2024-02-21 01:19:41,331 <requestor-worker-4:2579769, MainThread:140240668346176> (requestor.py:_fetch_single_sync:154 -> middleware.py:apply_sync:93) from logger `RFC.middleware_content_saver`
[INFO] applying on CivitaiModelDownload(174027_SDXLv1.0), received

2024-02-21 01:19:46,599 <requestor-worker-4:2579769, MainThread:140240668346176> (requestor.py:_fetch_single_sync:154 -> middleware.py:apply_sync:96) from logger `RFC.middleware_content_saver`
[INFO] applied on CivitaiModelDownload(174027_SDXLv1.0), sent

2024-02-21 01:27:36,777 <requestor-worker-4:2579769, MainThread:140240668346176> (requestor.py:_fetch_single_sync:154 -> middleware.py:apply_sync:93) from logger `RFC.middleware_content_saver`
[INFO] applying on CivitaiModelDownload(107445_v2.0), received

2024-02-21 01:27:36,824 <requestor-worker-4:2579769, MainThread:140240668346176> (requestor.py:_fetch_single_sync:154 -> middleware.py:apply_sync:96) from logger `RFC.middleware_content_saver`
[INFO] applied on CivitaiModelDownload(107445_v2.0), sent

2024-02-21 01:32:58,145 <requestor-worker-4:2579769, MainThread:140240668346176> (requestor.py:_fetch_single_sync:154 -> middleware.py:apply_sync:93) from logger `RFC.middleware_content_saver`
[INFO] applying on CivitaiModelDownload(136527_AdvancedEnhancerXL), received

2024-02-21 01:33:03,259 <requestor-worker-4:2579769, MainThread:140240668346176> (requestor.py:_fetch_single_sync:154 -> middleware.py:apply_sync:96) from logger `RFC.middleware_content_saver`
[INFO] applied on CivitaiModelDownload(136527_AdvancedEnhancerXL), sent

2024-02-21 01:51:19,986 <requestor-worker-4:2579769, MainThread:140240668346176> (requestor.py:_fetch_single_sync:154 -> middleware.py:apply_sync:93) from logger `RFC.middleware_content_saver`
[INFO] applying on CivitaiModelDownload(127814_AdrienneBarbeauV1), received

2024-02-21 01:51:22,335 <requestor-worker-4:2579769, MainThread:140240668346176> (requestor.py:_fetch_single_sync:154 -> middleware.py:apply_sync:96) from logger `RFC.middleware_content_saver`
[INFO] applied on CivitaiModelDownload(127814_AdrienneBarbeauV1), sent

2024-02-21 02:02:38,022 <requestor-worker-4:2579769, MainThread:140240668346176> (requestor.py:_fetch_single_sync:154 -> middleware.py:apply_sync:93) from logger `RFC.middleware_content_saver`
[INFO] applying on CivitaiModelDownload(264235_v1.0), received

2024-02-21 02:02:39,725 <requestor-worker-4:2579769, MainThread:140240668346176> (requestor.py:_fetch_single_sync:154 -> middleware.py:apply_sync:96) from logger `RFC.middleware_content_saver`
[INFO] applied on CivitaiModelDownload(264235_v1.0), sent

2024-02-21 02:04:36,205 <requestor-worker-4:2579769, MainThread:140240668346176> (requestor.py:_fetch_single_sync:154 -> middleware.py:apply_sync:93) from logger `RFC.middleware_content_saver`
[INFO] applying on CivitaiModelDownload(263804_ActivisionAtariArtStyleXL), received

2024-02-21 02:04:36,751 <requestor-worker-4:2579769, MainThread:140240668346176> (requestor.py:_fetch_single_sync:154 -> middleware.py:apply_sync:96) from logger `RFC.middleware_content_saver`
[INFO] applied on CivitaiModelDownload(263804_ActivisionAtariArtStyleXL), sent

2024-02-21 02:04:59,309 <requestor-worker-4:2579769, MainThread:140240668346176> (requestor.py:_fetch_single_sync:154 -> middleware.py:apply_sync:93) from logger `RFC.middleware_content_saver`
[INFO] applying on CivitaiModelDownload(21783_v1.0), received

2024-02-21 02:04:59,315 <requestor-worker-4:2579769, MainThread:140240668346176> (requestor.py:_fetch_single_sync:154 -> middleware.py:apply_sync:96) from logger `RFC.middleware_content_saver`
[INFO] applied on CivitaiModelDownload(21783_v1.0), sent

2024-02-21 02:05:27,788 <requestor-worker-4:2579769, MainThread:140240668346176> (requestor.py:_fetch_single_sync:154 -> middleware.py:apply_sync:93) from logger `RFC.middleware_content_saver`
[INFO] applying on CivitaiModelDownload(24664_flowergirl_chineseclothes), received

2024-02-21 02:05:27,817 <requestor-worker-4:2579769, MainThread:140240668346176> (requestor.py:_fetch_single_sync:154 -> middleware.py:apply_sync:96) from logger `RFC.middleware_content_saver`
[INFO] applied on CivitaiModelDownload(24664_flowergirl_chineseclothes), sent

2024-02-21 02:05:43,449 <requestor-worker-4:2579769, MainThread:140240668346176> (requestor.py:_fetch_single_sync:154 -> middleware.py:apply_sync:93) from logger `RFC.middleware_content_saver`
[INFO] applying on CivitaiModelDownload(238339_SD1.5), received

2024-02-21 02:05:43,463 <requestor-worker-4:2579769, MainThread:140240668346176> (requestor.py:_fetch_single_sync:154 -> middleware.py:apply_sync:96) from logger `RFC.middleware_content_saver`
[INFO] applied on CivitaiModelDownload(238339_SD1.5), sent

2024-02-21 02:06:01,286 <requestor-worker-4:2579769, MainThread:140240668346176> (requestor.py:_fetch_single_sync:154 -> middleware.py:apply_sync:93) from logger `RFC.middleware_content_saver`
[INFO] applying on CivitaiModelDownload(97620_ACIDMIX), received

2024-02-21 02:06:01,302 <requestor-worker-4:2579769, MainThread:140240668346176> (requestor.py:_fetch_single_sync:154 -> middleware.py:apply_sync:96) from logger `RFC.middleware_content_saver`
[INFO] applied on CivitaiModelDownload(97620_ACIDMIX), sent

2024-02-21 02:06:54,725 <requestor-worker-4:2579769, MainThread:140240668346176> (requestor.py:_fetch_single_sync:154 -> middleware.py:apply_sync:93) from logger `RFC.middleware_content_saver`
[INFO] applying on CivitaiModelDownload(85912_v1.0), received

2024-02-21 02:06:59,052 <requestor-worker-4:2579769, MainThread:140240668346176> (requestor.py:_fetch_single_sync:154 -> middleware.py:apply_sync:96) from logger `RFC.middleware_content_saver`
[INFO] applied on CivitaiModelDownload(85912_v1.0), sent

2024-02-21 02:07:45,077 <requestor-worker-4:2579769, MainThread:140240668346176> (requestor.py:_fetch_single_sync:154 -> middleware.py:apply_sync:93) from logger `RFC.middleware_content_saver`
[INFO] applying on CivitaiModelDownload(136565_v1.0), received

2024-02-21 02:07:47,582 <requestor-worker-4:2579769, MainThread:140240668346176> (requestor.py:_fetch_single_sync:154 -> middleware.py:apply_sync:96) from logger `RFC.middleware_content_saver`
[INFO] applied on CivitaiModelDownload(136565_v1.0), sent

2024-02-21 02:08:14,194 <requestor-worker-4:2579769, MainThread:140240668346176> (requestor.py:_fetch_single_sync:154 -> middleware.py:apply_sync:93) from logger `RFC.middleware_content_saver`
[INFO] applying on CivitaiModelDownload(261154_v1.0), received

2024-02-21 02:08:15,184 <requestor-worker-4:2579769, MainThread:140240668346176> (requestor.py:_fetch_single_sync:154 -> middleware.py:apply_sync:96) from logger `RFC.middleware_content_saver`
[INFO] applied on CivitaiModelDownload(261154_v1.0), sent

2024-02-21 02:08:59,965 <requestor-worker-4:2579769, MainThread:140240668346176> (requestor.py:_fetch_single_sync:154 -> middleware.py:apply_sync:93) from logger `RFC.middleware_content_saver`
[INFO] applying on CivitaiModelDownload(303906_v1.0), received

2024-02-21 02:09:00,664 <requestor-worker-4:2579769, MainThread:140240668346176> (requestor.py:_fetch_single_sync:154 -> middleware.py:apply_sync:96) from logger `RFC.middleware_content_saver`
[INFO] applied on CivitaiModelDownload(303906_v1.0), sent

2024-02-21 02:10:48,151 <requestor-worker-4:2579769, MainThread:140240668346176> (requestor.py:_fetch_single_sync:154 -> middleware.py:apply_sync:93) from logger `RFC.middleware_content_saver`
[INFO] applying on CivitaiModelDownload(293955_AcdemicalpaintingsofHenrykSiemiradzki), received

2024-02-21 02:10:50,278 <requestor-worker-4:2579769, MainThread:140240668346176> (requestor.py:_fetch_single_sync:154 -> middleware.py:apply_sync:96) from logger `RFC.middleware_content_saver`
[INFO] applied on CivitaiModelDownload(293955_AcdemicalpaintingsofHenrykSiemiradzki), sent

2024-02-21 02:10:58,917 <requestor-worker-4:2579769, MainThread:140240668346176> (requestor.py:_fetch_single_sync:154 -> middleware.py:apply_sync:93) from logger `RFC.middleware_content_saver`
[INFO] applying on CivitaiModelDownload(22676_IsolatedIslandDemon), received

2024-02-21 02:10:58,928 <requestor-worker-4:2579769, MainThread:140240668346176> (requestor.py:_fetch_single_sync:154 -> middleware.py:apply_sync:96) from logger `RFC.middleware_content_saver`
[INFO] applied on CivitaiModelDownload(22676_IsolatedIslandDemon), sent

2024-02-21 02:11:07,792 <requestor-worker-4:2579769, MainThread:140240668346176> (requestor.py:_fetch_single_sync:154 -> middleware.py:apply_sync:93) from logger `RFC.middleware_content_saver`
[INFO] applying on CivitaiModelDownload(22674_LightCruiserDemon), received

2024-02-21 02:11:07,801 <requestor-worker-4:2579769, MainThread:140240668346176> (requestor.py:_fetch_single_sync:154 -> middleware.py:apply_sync:96) from logger `RFC.middleware_content_saver`
[INFO] applied on CivitaiModelDownload(22674_LightCruiserDemon), sent

2024-02-21 02:14:00,516 <requestor-worker-4:2579769, MainThread:140240668346176> (requestor.py:_fetch_single_sync:154 -> middleware.py:apply_sync:93) from logger `RFC.middleware_content_saver`
[INFO] applying on CivitaiModelDownload(23974_AircraftCarrierWaterOni/Demon), received

2024-02-21 02:14:02,032 <requestor-worker-4:2579769, MainThread:140240668346176> (requestor.py:_fetch_single_sync:154 -> middleware.py:apply_sync:96) from logger `RFC.middleware_content_saver`
[INFO] applied on CivitaiModelDownload(23974_AircraftCarrierWaterOni/Demon), sent

2024-02-21 02:14:22,753 <requestor-worker-4:2579769, MainThread:140240668346176> (requestor.py:_fetch_single_sync:154 -> middleware.py:apply_sync:93) from logger `RFC.middleware_content_saver`
[INFO] applying on CivitaiModelDownload(181011_v1.0), received

2024-02-21 02:14:22,759 <requestor-worker-4:2579769, MainThread:140240668346176> (requestor.py:_fetch_single_sync:154 -> middleware.py:apply_sync:96) from logger `RFC.middleware_content_saver`
[INFO] applied on CivitaiModelDownload(181011_v1.0), sent

2024-02-21 02:14:58,712 <requestor-worker-4:2579769, MainThread:140240668346176> (requestor.py:_fetch_single_sync:154 -> middleware.py:apply_sync:93) from logger `RFC.middleware_content_saver`
[INFO] applying on CivitaiModelDownload(63055_v1.0), received

2024-02-21 02:14:58,724 <requestor-worker-4:2579769, MainThread:140240668346176> (requestor.py:_fetch_single_sync:154 -> middleware.py:apply_sync:96) from logger `RFC.middleware_content_saver`
[INFO] applied on CivitaiModelDownload(63055_v1.0), sent

2024-02-21 02:15:51,253 <requestor-worker-4:2579769, MainThread:140240668346176> (requestor.py:_fetch_single_sync:154 -> middleware.py:apply_sync:93) from logger `RFC.middleware_content_saver`
[INFO] applying on CivitaiModelDownload(129769_v1.0), received

2024-02-21 02:15:51,305 <requestor-worker-4:2579769, MainThread:140240668346176> (requestor.py:_fetch_single_sync:154 -> middleware.py:apply_sync:96) from logger `RFC.middleware_content_saver`
[INFO] applied on CivitaiModelDownload(129769_v1.0), sent

2024-02-21 02:17:27,729 <requestor-worker-4:2579769, MainThread:140240668346176> (requestor.py:_fetch_single_sync:154 -> middleware.py:apply_sync:93) from logger `RFC.middleware_content_saver`
[INFO] applying on CivitaiModelDownload(149470_v1.0), received

2024-02-21 02:17:32,204 <requestor-worker-4:2579769, MainThread:140240668346176> (requestor.py:_fetch_single_sync:154 -> middleware.py:apply_sync:96) from logger `RFC.middleware_content_saver`
[INFO] applied on CivitaiModelDownload(149470_v1.0), sent

2024-02-21 02:17:59,599 <requestor-worker-4:2579769, MainThread:140240668346176> (requestor.py:_fetch_single_sync:154 -> middleware.py:apply_sync:93) from logger `RFC.middleware_content_saver`
[INFO] applying on CivitaiModelDownload(242225_v2), received

2024-02-21 02:17:59,608 <requestor-worker-4:2579769, MainThread:140240668346176> (requestor.py:_fetch_single_sync:154 -> middleware.py:apply_sync:96) from logger `RFC.middleware_content_saver`
[INFO] applied on CivitaiModelDownload(242225_v2), sent

2024-02-21 02:18:44,138 <requestor-worker-4:2579769, MainThread:140240668346176> (requestor.py:_fetch_single_sync:154 -> middleware.py:apply_sync:93) from logger `RFC.middleware_content_saver`
[INFO] applying on CivitaiModelDownload(184983_v1.0), received

2024-02-21 02:18:44,187 <requestor-worker-4:2579769, MainThread:140240668346176> (requestor.py:_fetch_single_sync:154 -> middleware.py:apply_sync:96) from logger `RFC.middleware_content_saver`
[INFO] applied on CivitaiModelDownload(184983_v1.0), sent

2024-02-21 02:18:59,821 <requestor-worker-4:2579769, MainThread:140240668346176> (requestor.py:_fetch_single_sync:154 -> middleware.py:apply_sync:93) from logger `RFC.middleware_content_saver`
[INFO] applying on CivitaiModelDownload(86225_v1.0), received

2024-02-21 02:18:59,836 <requestor-worker-4:2579769, MainThread:140240668346176> (requestor.py:_fetch_single_sync:154 -> middleware.py:apply_sync:96) from logger `RFC.middleware_content_saver`
[INFO] applied on CivitaiModelDownload(86225_v1.0), sent

2024-02-21 02:19:11,344 <requestor-worker-4:2579769, MainThread:140240668346176> (requestor.py:_fetch_single_sync:154 -> middleware.py:apply_sync:93) from logger `RFC.middleware_content_saver`
[INFO] applying on CivitaiModelDownload(155896_v4.0), received

2024-02-21 02:19:11,358 <requestor-worker-4:2579769, MainThread:140240668346176> (requestor.py:_fetch_single_sync:154 -> middleware.py:apply_sync:96) from logger `RFC.middleware_content_saver`
[INFO] applied on CivitaiModelDownload(155896_v4.0), sent

2024-02-21 02:19:28,553 <requestor-worker-4:2579769, MainThread:140240668346176> (requestor.py:_fetch_single_sync:154 -> middleware.py:apply_sync:93) from logger `RFC.middleware_content_saver`
[INFO] applying on CivitaiModelDownload(163029_v1.0), received

2024-02-21 02:19:28,568 <requestor-worker-4:2579769, MainThread:140240668346176> (requestor.py:_fetch_single_sync:154 -> middleware.py:apply_sync:96) from logger `RFC.middleware_content_saver`
[INFO] applied on CivitaiModelDownload(163029_v1.0), sent

2024-02-21 02:19:56,265 <requestor-worker-4:2579769, MainThread:140240668346176> (requestor.py:_fetch_single_sync:154 -> middleware.py:apply_sync:93) from logger `RFC.middleware_content_saver`
[INFO] applying on CivitaiModelDownload(24640_V1), received

2024-02-21 02:19:56,280 <requestor-worker-4:2579769, MainThread:140240668346176> (requestor.py:_fetch_single_sync:154 -> middleware.py:apply_sync:96) from logger `RFC.middleware_content_saver`
[INFO] applied on CivitaiModelDownload(24640_V1), sent

2024-02-21 02:20:26,183 <requestor-worker-4:2579769, MainThread:140240668346176> (requestor.py:_fetch_single_sync:154 -> middleware.py:apply_sync:93) from logger `RFC.middleware_content_saver`
[INFO] applying on CivitaiModelDownload(115128_v1.0), received

2024-02-21 02:20:26,209 <requestor-worker-4:2579769, MainThread:140240668346176> (requestor.py:_fetch_single_sync:154 -> middleware.py:apply_sync:96) from logger `RFC.middleware_content_saver`
[INFO] applied on CivitaiModelDownload(115128_v1.0), sent

2024-02-21 02:22:36,689 <requestor-worker-4:2579769, MainThread:140240668346176> (requestor.py:_fetch_single_sync:154 -> middleware.py:apply_sync:93) from logger `RFC.middleware_content_saver`
[INFO] applying on CivitaiModelDownload(175888_v1.1), received

2024-02-21 02:22:37,700 <requestor-worker-4:2579769, MainThread:140240668346176> (requestor.py:_fetch_single_sync:154 -> middleware.py:apply_sync:96) from logger `RFC.middleware_content_saver`
[INFO] applied on CivitaiModelDownload(175888_v1.1), sent

2024-02-21 02:27:17,873 <requestor-worker-4:2579769, MainThread:140240668346176> (requestor.py:_fetch_single_sync:154 -> middleware.py:apply_sync:93) from logger `RFC.middleware_content_saver`
[INFO] applying on CivitaiModelDownload(19350_v1.0), received

2024-02-21 02:27:17,921 <requestor-worker-4:2579769, MainThread:140240668346176> (requestor.py:_fetch_single_sync:154 -> middleware.py:apply_sync:96) from logger `RFC.middleware_content_saver`
[INFO] applied on CivitaiModelDownload(19350_v1.0), sent

2024-02-21 02:27:45,668 <requestor-worker-4:2579769, MainThread:140240668346176> (requestor.py:_fetch_single_sync:154 -> middleware.py:apply_sync:93) from logger `RFC.middleware_content_saver`
[INFO] applying on CivitaiModelDownload(300738_v1.0), received

2024-02-21 02:27:45,677 <requestor-worker-4:2579769, MainThread:140240668346176> (requestor.py:_fetch_single_sync:154 -> middleware.py:apply_sync:96) from logger `RFC.middleware_content_saver`
[INFO] applied on CivitaiModelDownload(300738_v1.0), sent

2024-02-21 02:37:09,701 <requestor-worker-4:2579769, MainThread:140240668346176> (requestor.py:_fetch_single_sync:154 -> middleware.py:apply_sync:93) from logger `RFC.middleware_content_saver`
[INFO] applying on CivitaiModelDownload(288783_v1.0), received

2024-02-21 02:37:41,417 <requestor-worker-4:2579769, MainThread:140240668346176> (requestor.py:_fetch_single_sync:154 -> middleware.py:apply_sync:96) from logger `RFC.middleware_content_saver`
[INFO] applied on CivitaiModelDownload(288783_v1.0), sent

2024-02-21 02:38:55,776 <requestor-worker-4:2579769, MainThread:140240668346176> (requestor.py:_fetch_single_sync:154 -> middleware.py:apply_sync:93) from logger `RFC.middleware_content_saver`
[INFO] applying on CivitaiModelDownload(143268_v1.0), received

2024-02-21 02:38:57,359 <requestor-worker-4:2579769, MainThread:140240668346176> (requestor.py:_fetch_single_sync:154 -> middleware.py:apply_sync:96) from logger `RFC.middleware_content_saver`
[INFO] applied on CivitaiModelDownload(143268_v1.0), sent

2024-02-21 02:40:24,142 <requestor-worker-4:2579769, MainThread:140240668346176> (requestor.py:_fetch_single_sync:154 -> middleware.py:apply_sync:93) from logger `RFC.middleware_content_saver`
[INFO] applying on CivitaiModelDownload(148446_v1.0), received

2024-02-21 02:40:24,196 <requestor-worker-4:2579769, MainThread:140240668346176> (requestor.py:_fetch_single_sync:154 -> middleware.py:apply_sync:96) from logger `RFC.middleware_content_saver`
[INFO] applied on CivitaiModelDownload(148446_v1.0), sent

2024-02-21 02:41:55,983 <requestor-worker-4:2579769, MainThread:140240668346176> (requestor.py:_fetch_single_sync:154 -> middleware.py:apply_sync:93) from logger `RFC.middleware_content_saver`
[INFO] applying on CivitaiModelDownload(58940_v1.0), received

2024-02-21 02:41:58,051 <requestor-worker-4:2579769, MainThread:140240668346176> (requestor.py:_fetch_single_sync:154 -> middleware.py:apply_sync:96) from logger `RFC.middleware_content_saver`
[INFO] applied on CivitaiModelDownload(58940_v1.0), sent

2024-02-21 02:44:00,883 <requestor-worker-4:2579769, MainThread:140240668346176> (requestor.py:_fetch_single_sync:154 -> middleware.py:apply_sync:93) from logger `RFC.middleware_content_saver`
[INFO] applying on CivitaiModelDownload(152252_v1.0), received

2024-02-21 02:44:03,861 <requestor-worker-4:2579769, MainThread:140240668346176> (requestor.py:_fetch_single_sync:154 -> middleware.py:apply_sync:96) from logger `RFC.middleware_content_saver`
[INFO] applied on CivitaiModelDownload(152252_v1.0), sent

2024-02-21 02:44:46,122 <requestor-worker-4:2579769, MainThread:140240668346176> (requestor.py:_fetch_single_sync:154 -> middleware.py:apply_sync:93) from logger `RFC.middleware_content_saver`
[INFO] applying on CivitaiModelDownload(117413_v1.0anime), received

2024-02-21 02:44:48,114 <requestor-worker-4:2579769, MainThread:140240668346176> (requestor.py:_fetch_single_sync:154 -> middleware.py:apply_sync:96) from logger `RFC.middleware_content_saver`
[INFO] applied on CivitaiModelDownload(117413_v1.0anime), sent

2024-02-21 02:45:58,496 <requestor-worker-4:2579769, MainThread:140240668346176> (requestor.py:_fetch_single_sync:154 -> middleware.py:apply_sync:93) from logger `RFC.middleware_content_saver`
[INFO] applying on CivitaiModelDownload(179244_v1.0), received

2024-02-21 02:46:00,408 <requestor-worker-4:2579769, MainThread:140240668346176> (requestor.py:_fetch_single_sync:154 -> middleware.py:apply_sync:96) from logger `RFC.middleware_content_saver`
[INFO] applied on CivitaiModelDownload(179244_v1.0), sent

2024-02-21 02:46:31,523 <requestor-worker-4:2579769, MainThread:140240668346176> (requestor.py:_fetch_single_sync:154 -> middleware.py:apply_sync:93) from logger `RFC.middleware_content_saver`
[INFO] applying on CivitaiModelDownload(125088_fine-tuned), received

2024-02-21 02:46:31,541 <requestor-worker-4:2579769, MainThread:140240668346176> (requestor.py:_fetch_single_sync:154 -> middleware.py:apply_sync:96) from logger `RFC.middleware_content_saver`
[INFO] applied on CivitaiModelDownload(125088_fine-tuned), sent

2024-02-21 02:46:52,271 <requestor-worker-4:2579769, MainThread:140240668346176> (requestor.py:_fetch_single_sync:154 -> middleware.py:apply_sync:93) from logger `RFC.middleware_content_saver`
[INFO] applying on CivitaiModelDownload(277864_v1.0), received

2024-02-21 02:46:52,285 <requestor-worker-4:2579769, MainThread:140240668346176> (requestor.py:_fetch_single_sync:154 -> middleware.py:apply_sync:96) from logger `RFC.middleware_content_saver`
[INFO] applied on CivitaiModelDownload(277864_v1.0), sent

2024-02-21 02:48:02,972 <requestor-worker-4:2579769, MainThread:140240668346176> (requestor.py:_fetch_single_sync:154 -> middleware.py:apply_sync:93) from logger `RFC.middleware_content_saver`
[INFO] applying on CivitaiModelDownload(291144_AST), received

2024-02-21 02:48:07,253 <requestor-worker-4:2579769, MainThread:140240668346176> (requestor.py:_fetch_single_sync:154 -> middleware.py:apply_sync:96) from logger `RFC.middleware_content_saver`
[INFO] applied on CivitaiModelDownload(291144_AST), sent

