2024-04-08 16:23:46,391 <requestor-worker-0:1416405, MainThread:139624799057728> (requestor.py:_fetch_single_async:206 -> middleware.py:apply_async:112) from logger `RFC.middleware_status_code`
[INFO] applying on AudioBookAudioPage(806818).AudioBookAudioFile(806818), received

2024-04-08 16:23:46,398 <requestor-worker-0:1416405, MainThread:139624799057728> (middleware.py:_apply_async:180 -> middleware.py:_apply_sync:169) from logger `RFC.middleware_status_code`
[INFO] status code 200 in response of AudioBookAudioPage(806818).AudioBookAudioFile(806818)

2024-04-08 16:23:46,401 <requestor-worker-0:1416405, MainThread:139624799057728> (requestor.py:_fetch_single_async:206 -> middleware.py:apply_async:115) from logger `RFC.middleware_status_code`
[INFO] applied on AudioBookAudioPage(806818).AudioBookAudioFile(806818), sent

2024-04-08 16:23:48,571 <requestor-worker-0:1416405, MainThread:139624799057728> (requestor.py:_fetch_single_async:206 -> middleware.py:apply_async:112) from logger `RFC.middleware_status_code`
[INFO] applying on AudioBookAudioPage(806932).AudioBookAudioFile(806932), received

2024-04-08 16:23:48,573 <requestor-worker-0:1416405, MainThread:139624799057728> (middleware.py:_apply_async:180 -> middleware.py:_apply_sync:169) from logger `RFC.middleware_status_code`
[INFO] status code 200 in response of AudioBookAudioPage(806932).AudioBookAudioFile(806932)

2024-04-08 16:23:48,576 <requestor-worker-0:1416405, MainThread:139624799057728> (requestor.py:_fetch_single_async:206 -> middleware.py:apply_async:115) from logger `RFC.middleware_status_code`
[INFO] applied on AudioBookAudioPage(806932).AudioBookAudioFile(806932), sent

2024-04-08 16:23:51,242 <requestor-worker-0:1416405, MainThread:139624799057728> (requestor.py:_fetch_single_async:206 -> middleware.py:apply_async:112) from logger `RFC.middleware_status_code`
[INFO] applying on AudioBookAudioPage(807008).AudioBookAudioFile(807008), received

2024-04-08 16:23:51,245 <requestor-worker-0:1416405, MainThread:139624799057728> (middleware.py:_apply_async:180 -> middleware.py:_apply_sync:169) from logger `RFC.middleware_status_code`
[INFO] status code 200 in response of AudioBookAudioPage(807008).AudioBookAudioFile(807008)

2024-04-08 16:23:51,248 <requestor-worker-0:1416405, MainThread:139624799057728> (requestor.py:_fetch_single_async:206 -> middleware.py:apply_async:115) from logger `RFC.middleware_status_code`
[INFO] applied on AudioBookAudioPage(807008).AudioBookAudioFile(807008), sent

2024-04-08 16:23:53,848 <requestor-worker-0:1416405, MainThread:139624799057728> (requestor.py:_fetch_single_async:206 -> middleware.py:apply_async:112) from logger `RFC.middleware_status_code`
[INFO] applying on AudioBookAudioPage(806937).AudioBookAudioFile(806937), received

2024-04-08 16:23:53,851 <requestor-worker-0:1416405, MainThread:139624799057728> (middleware.py:_apply_async:180 -> middleware.py:_apply_sync:169) from logger `RFC.middleware_status_code`
[INFO] status code 200 in response of AudioBookAudioPage(806937).AudioBookAudioFile(806937)

2024-04-08 16:23:53,854 <requestor-worker-0:1416405, MainThread:139624799057728> (requestor.py:_fetch_single_async:206 -> middleware.py:apply_async:115) from logger `RFC.middleware_status_code`
[INFO] applied on AudioBookAudioPage(806937).AudioBookAudioFile(806937), sent

2024-04-08 16:23:53,865 <requestor-worker-0:1416405, MainThread:139624799057728> (requestor.py:_fetch_single_async:206 -> middleware.py:apply_async:112) from logger `RFC.middleware_status_code`
[INFO] applying on AudioBookAudioPage(807003).AudioBookAudioFile(807003), received

2024-04-08 16:23:53,866 <requestor-worker-0:1416405, MainThread:139624799057728> (middleware.py:_apply_async:180 -> middleware.py:_apply_sync:169) from logger `RFC.middleware_status_code`
[INFO] status code 200 in response of AudioBookAudioPage(807003).AudioBookAudioFile(807003)

2024-04-08 16:23:53,868 <requestor-worker-0:1416405, MainThread:139624799057728> (requestor.py:_fetch_single_async:206 -> middleware.py:apply_async:115) from logger `RFC.middleware_status_code`
[INFO] applied on AudioBookAudioPage(807003).AudioBookAudioFile(807003), sent

2024-04-08 16:23:57,173 <requestor-worker-0:1416405, MainThread:139624799057728> (requestor.py:_fetch_single_async:206 -> middleware.py:apply_async:112) from logger `RFC.middleware_status_code`
[INFO] applying on AudioBookAudioPage(806941).AudioBookAudioFile(806941), received

2024-04-08 16:23:57,176 <requestor-worker-0:1416405, MainThread:139624799057728> (middleware.py:_apply_async:180 -> middleware.py:_apply_sync:169) from logger `RFC.middleware_status_code`
[INFO] status code 200 in response of AudioBookAudioPage(806941).AudioBookAudioFile(806941)

2024-04-08 16:23:57,179 <requestor-worker-0:1416405, MainThread:139624799057728> (requestor.py:_fetch_single_async:206 -> middleware.py:apply_async:115) from logger `RFC.middleware_status_code`
[INFO] applied on AudioBookAudioPage(806941).AudioBookAudioFile(806941), sent

2024-04-08 16:23:58,069 <requestor-worker-0:1416405, MainThread:139624799057728> (requestor.py:_fetch_single_async:206 -> middleware.py:apply_async:112) from logger `RFC.middleware_status_code`
[INFO] applying on AudioBookAudioPage(807006).AudioBookAudioFile(807006), received

2024-04-08 16:23:58,071 <requestor-worker-0:1416405, MainThread:139624799057728> (middleware.py:_apply_async:180 -> middleware.py:_apply_sync:169) from logger `RFC.middleware_status_code`
[INFO] status code 200 in response of AudioBookAudioPage(807006).AudioBookAudioFile(807006)

2024-04-08 16:23:58,074 <requestor-worker-0:1416405, MainThread:139624799057728> (requestor.py:_fetch_single_async:206 -> middleware.py:apply_async:115) from logger `RFC.middleware_status_code`
[INFO] applied on AudioBookAudioPage(807006).AudioBookAudioFile(807006), sent

2024-04-08 16:24:00,557 <requestor-worker-0:1416405, MainThread:139624799057728> (requestor.py:_fetch_single_async:206 -> middleware.py:apply_async:112) from logger `RFC.middleware_status_code`
[INFO] applying on AudioBookAudioPage(806883).AudioBookAudioFile(806883), received

2024-04-08 16:24:00,558 <requestor-worker-0:1416405, MainThread:139624799057728> (middleware.py:_apply_async:180 -> middleware.py:_apply_sync:169) from logger `RFC.middleware_status_code`
[INFO] status code 200 in response of AudioBookAudioPage(806883).AudioBookAudioFile(806883)

2024-04-08 16:24:00,559 <requestor-worker-0:1416405, MainThread:139624799057728> (requestor.py:_fetch_single_async:206 -> middleware.py:apply_async:115) from logger `RFC.middleware_status_code`
[INFO] applied on AudioBookAudioPage(806883).AudioBookAudioFile(806883), sent

2024-04-08 16:24:03,264 <requestor-worker-0:1416405, MainThread:139624799057728> (requestor.py:_fetch_single_async:206 -> middleware.py:apply_async:112) from logger `RFC.middleware_status_code`
[INFO] applying on AudioBookAudioPage(806888).AudioBookAudioFile(806888), received

2024-04-08 16:24:03,265 <requestor-worker-0:1416405, MainThread:139624799057728> (middleware.py:_apply_async:180 -> middleware.py:_apply_sync:169) from logger `RFC.middleware_status_code`
[INFO] status code 200 in response of AudioBookAudioPage(806888).AudioBookAudioFile(806888)

2024-04-08 16:24:03,267 <requestor-worker-0:1416405, MainThread:139624799057728> (requestor.py:_fetch_single_async:206 -> middleware.py:apply_async:115) from logger `RFC.middleware_status_code`
[INFO] applied on AudioBookAudioPage(806888).AudioBookAudioFile(806888), sent

2024-04-08 16:24:14,041 <requestor-worker-0:1416405, MainThread:139624799057728> (requestor.py:_fetch_single_async:206 -> middleware.py:apply_async:112) from logger `RFC.middleware_status_code`
[INFO] applying on AudioBookAudioPage(806953).AudioBookAudioFile(806953), received

2024-04-08 16:24:14,043 <requestor-worker-0:1416405, MainThread:139624799057728> (middleware.py:_apply_async:180 -> middleware.py:_apply_sync:169) from logger `RFC.middleware_status_code`
[INFO] status code 200 in response of AudioBookAudioPage(806953).AudioBookAudioFile(806953)

2024-04-08 16:24:14,046 <requestor-worker-0:1416405, MainThread:139624799057728> (requestor.py:_fetch_single_async:206 -> middleware.py:apply_async:115) from logger `RFC.middleware_status_code`
[INFO] applied on AudioBookAudioPage(806953).AudioBookAudioFile(806953), sent

2024-04-08 16:24:19,163 <requestor-worker-0:1416405, MainThread:139624799057728> (requestor.py:_fetch_single_async:206 -> middleware.py:apply_async:112) from logger `RFC.middleware_status_code`
[INFO] applying on AudioBookAudioPage(806928).AudioBookAudioFile(806928), received

2024-04-08 16:24:19,166 <requestor-worker-0:1416405, MainThread:139624799057728> (middleware.py:_apply_async:180 -> middleware.py:_apply_sync:169) from logger `RFC.middleware_status_code`
[INFO] status code 200 in response of AudioBookAudioPage(806928).AudioBookAudioFile(806928)

2024-04-08 16:24:19,169 <requestor-worker-0:1416405, MainThread:139624799057728> (requestor.py:_fetch_single_async:206 -> middleware.py:apply_async:115) from logger `RFC.middleware_status_code`
[INFO] applied on AudioBookAudioPage(806928).AudioBookAudioFile(806928), sent

2024-04-08 16:24:33,350 <requestor-worker-0:1416405, MainThread:139624799057728> (requestor.py:_fetch_single_async:206 -> middleware.py:apply_async:112) from logger `RFC.middleware_status_code`
[INFO] applying on AudioBookAudioPage(807006).AudioBookAudioFile(807006), received

2024-04-08 16:24:33,352 <requestor-worker-0:1416405, MainThread:139624799057728> (middleware.py:_apply_async:180 -> middleware.py:_apply_sync:169) from logger `RFC.middleware_status_code`
[INFO] status code 200 in response of AudioBookAudioPage(807006).AudioBookAudioFile(807006)

2024-04-08 16:24:33,355 <requestor-worker-0:1416405, MainThread:139624799057728> (requestor.py:_fetch_single_async:206 -> middleware.py:apply_async:115) from logger `RFC.middleware_status_code`
[INFO] applied on AudioBookAudioPage(807006).AudioBookAudioFile(807006), sent

2024-04-08 16:24:41,027 <requestor-worker-0:1416405, MainThread:139624799057728> (requestor.py:_fetch_single_async:206 -> middleware.py:apply_async:112) from logger `RFC.middleware_status_code`
[INFO] applying on AudioBookAudioPage(807069).AudioBookAudioFile(807069), received

2024-04-08 16:24:41,028 <requestor-worker-0:1416405, MainThread:139624799057728> (middleware.py:_apply_async:180 -> middleware.py:_apply_sync:169) from logger `RFC.middleware_status_code`
[INFO] status code 200 in response of AudioBookAudioPage(807069).AudioBookAudioFile(807069)

2024-04-08 16:24:41,030 <requestor-worker-0:1416405, MainThread:139624799057728> (requestor.py:_fetch_single_async:206 -> middleware.py:apply_async:115) from logger `RFC.middleware_status_code`
[INFO] applied on AudioBookAudioPage(807069).AudioBookAudioFile(807069), sent

2024-04-08 16:24:42,399 <requestor-worker-0:1416405, MainThread:139624799057728> (requestor.py:_fetch_single_async:206 -> middleware.py:apply_async:112) from logger `RFC.middleware_status_code`
[INFO] applying on AudioBookAudioPage(806932).AudioBookAudioFile(806932), received

2024-04-08 16:24:42,400 <requestor-worker-0:1416405, MainThread:139624799057728> (middleware.py:_apply_async:180 -> middleware.py:_apply_sync:169) from logger `RFC.middleware_status_code`
[INFO] status code 200 in response of AudioBookAudioPage(806932).AudioBookAudioFile(806932)

2024-04-08 16:24:42,401 <requestor-worker-0:1416405, MainThread:139624799057728> (requestor.py:_fetch_single_async:206 -> middleware.py:apply_async:115) from logger `RFC.middleware_status_code`
[INFO] applied on AudioBookAudioPage(806932).AudioBookAudioFile(806932), sent

2024-04-08 16:24:44,339 <requestor-worker-0:1416405, MainThread:139624799057728> (requestor.py:_fetch_single_async:206 -> middleware.py:apply_async:112) from logger `RFC.middleware_status_code`
[INFO] applying on AudioBookAudioPage(806818).AudioBookAudioFile(806818), received

2024-04-08 16:24:44,341 <requestor-worker-0:1416405, MainThread:139624799057728> (middleware.py:_apply_async:180 -> middleware.py:_apply_sync:169) from logger `RFC.middleware_status_code`
[INFO] status code 200 in response of AudioBookAudioPage(806818).AudioBookAudioFile(806818)

2024-04-08 16:24:44,344 <requestor-worker-0:1416405, MainThread:139624799057728> (requestor.py:_fetch_single_async:206 -> middleware.py:apply_async:115) from logger `RFC.middleware_status_code`
[INFO] applied on AudioBookAudioPage(806818).AudioBookAudioFile(806818), sent

2024-04-08 16:24:50,666 <requestor-worker-0:1416405, MainThread:139624799057728> (requestor.py:_fetch_single_async:206 -> middleware.py:apply_async:112) from logger `RFC.middleware_status_code`
[INFO] applying on AudioBookAudioPage(806937).AudioBookAudioFile(806937), received

2024-04-08 16:24:50,669 <requestor-worker-0:1416405, MainThread:139624799057728> (middleware.py:_apply_async:180 -> middleware.py:_apply_sync:169) from logger `RFC.middleware_status_code`
[INFO] status code 200 in response of AudioBookAudioPage(806937).AudioBookAudioFile(806937)

2024-04-08 16:24:50,671 <requestor-worker-0:1416405, MainThread:139624799057728> (requestor.py:_fetch_single_async:206 -> middleware.py:apply_async:115) from logger `RFC.middleware_status_code`
[INFO] applied on AudioBookAudioPage(806937).AudioBookAudioFile(806937), sent

2024-04-08 16:24:52,735 <requestor-worker-0:1416405, MainThread:139624799057728> (requestor.py:_fetch_single_async:206 -> middleware.py:apply_async:112) from logger `RFC.middleware_status_code`
[INFO] applying on AudioBookAudioPage(807008).AudioBookAudioFile(807008), received

2024-04-08 16:24:52,737 <requestor-worker-0:1416405, MainThread:139624799057728> (middleware.py:_apply_async:180 -> middleware.py:_apply_sync:169) from logger `RFC.middleware_status_code`
[INFO] status code 200 in response of AudioBookAudioPage(807008).AudioBookAudioFile(807008)

2024-04-08 16:24:52,740 <requestor-worker-0:1416405, MainThread:139624799057728> (requestor.py:_fetch_single_async:206 -> middleware.py:apply_async:115) from logger `RFC.middleware_status_code`
[INFO] applied on AudioBookAudioPage(807008).AudioBookAudioFile(807008), sent

2024-04-08 16:24:55,913 <requestor-worker-0:1416405, MainThread:139624799057728> (requestor.py:_fetch_single_async:206 -> middleware.py:apply_async:112) from logger `RFC.middleware_status_code`
[INFO] applying on AudioBookAudioPage(806883).AudioBookAudioFile(806883), received

2024-04-08 16:24:55,916 <requestor-worker-0:1416405, MainThread:139624799057728> (middleware.py:_apply_async:180 -> middleware.py:_apply_sync:169) from logger `RFC.middleware_status_code`
[INFO] status code 200 in response of AudioBookAudioPage(806883).AudioBookAudioFile(806883)

2024-04-08 16:24:55,918 <requestor-worker-0:1416405, MainThread:139624799057728> (requestor.py:_fetch_single_async:206 -> middleware.py:apply_async:115) from logger `RFC.middleware_status_code`
[INFO] applied on AudioBookAudioPage(806883).AudioBookAudioFile(806883), sent

2024-04-08 16:24:56,849 <requestor-worker-0:1416405, MainThread:139624799057728> (requestor.py:_fetch_single_async:206 -> middleware.py:apply_async:112) from logger `RFC.middleware_status_code`
[INFO] applying on AudioBookAudioPage(806941).AudioBookAudioFile(806941), received

2024-04-08 16:24:56,851 <requestor-worker-0:1416405, MainThread:139624799057728> (middleware.py:_apply_async:180 -> middleware.py:_apply_sync:169) from logger `RFC.middleware_status_code`
[INFO] status code 200 in response of AudioBookAudioPage(806941).AudioBookAudioFile(806941)

2024-04-08 16:24:56,854 <requestor-worker-0:1416405, MainThread:139624799057728> (requestor.py:_fetch_single_async:206 -> middleware.py:apply_async:115) from logger `RFC.middleware_status_code`
[INFO] applied on AudioBookAudioPage(806941).AudioBookAudioFile(806941), sent

2024-04-08 16:25:03,961 <requestor-worker-0:1416405, MainThread:139624799057728> (requestor.py:_fetch_single_async:206 -> middleware.py:apply_async:112) from logger `RFC.middleware_status_code`
[INFO] applying on AudioBookAudioPage(806888).AudioBookAudioFile(806888), received

2024-04-08 16:25:03,963 <requestor-worker-0:1416405, MainThread:139624799057728> (middleware.py:_apply_async:180 -> middleware.py:_apply_sync:169) from logger `RFC.middleware_status_code`
[INFO] status code 200 in response of AudioBookAudioPage(806888).AudioBookAudioFile(806888)

2024-04-08 16:25:03,966 <requestor-worker-0:1416405, MainThread:139624799057728> (requestor.py:_fetch_single_async:206 -> middleware.py:apply_async:115) from logger `RFC.middleware_status_code`
[INFO] applied on AudioBookAudioPage(806888).AudioBookAudioFile(806888), sent

2024-04-08 16:25:16,320 <requestor-worker-0:1416405, MainThread:139624799057728> (requestor.py:_fetch_single_async:206 -> middleware.py:apply_async:112) from logger `RFC.middleware_status_code`
[INFO] applying on AudioBookAudioPage(806953).AudioBookAudioFile(806953), received

2024-04-08 16:25:16,322 <requestor-worker-0:1416405, MainThread:139624799057728> (middleware.py:_apply_async:180 -> middleware.py:_apply_sync:169) from logger `RFC.middleware_status_code`
[INFO] status code 200 in response of AudioBookAudioPage(806953).AudioBookAudioFile(806953)

2024-04-08 16:25:16,325 <requestor-worker-0:1416405, MainThread:139624799057728> (requestor.py:_fetch_single_async:206 -> middleware.py:apply_async:115) from logger `RFC.middleware_status_code`
[INFO] applied on AudioBookAudioPage(806953).AudioBookAudioFile(806953), sent

2024-04-08 16:25:22,430 <requestor-worker-0:1416405, MainThread:139624799057728> (requestor.py:_fetch_single_async:206 -> middleware.py:apply_async:112) from logger `RFC.middleware_status_code`
[INFO] applying on AudioBookAudioPage(806928).AudioBookAudioFile(806928), received

2024-04-08 16:25:22,432 <requestor-worker-0:1416405, MainThread:139624799057728> (middleware.py:_apply_async:180 -> middleware.py:_apply_sync:169) from logger `RFC.middleware_status_code`
[INFO] status code 200 in response of AudioBookAudioPage(806928).AudioBookAudioFile(806928)

2024-04-08 16:25:22,435 <requestor-worker-0:1416405, MainThread:139624799057728> (requestor.py:_fetch_single_async:206 -> middleware.py:apply_async:115) from logger `RFC.middleware_status_code`
[INFO] applied on AudioBookAudioPage(806928).AudioBookAudioFile(806928), sent

2024-04-08 16:25:35,696 <requestor-worker-0:1416405, MainThread:139624799057728> (requestor.py:_fetch_single_async:206 -> middleware.py:apply_async:112) from logger `RFC.middleware_status_code`
[INFO] applying on AudioBookAudioPage(807006).AudioBookAudioFile(807006), received

2024-04-08 16:25:35,699 <requestor-worker-0:1416405, MainThread:139624799057728> (middleware.py:_apply_async:180 -> middleware.py:_apply_sync:169) from logger `RFC.middleware_status_code`
[INFO] status code 200 in response of AudioBookAudioPage(807006).AudioBookAudioFile(807006)

2024-04-08 16:25:35,701 <requestor-worker-0:1416405, MainThread:139624799057728> (requestor.py:_fetch_single_async:206 -> middleware.py:apply_async:115) from logger `RFC.middleware_status_code`
[INFO] applied on AudioBookAudioPage(807006).AudioBookAudioFile(807006), sent

2024-04-08 16:25:36,268 <requestor-worker-0:1416405, MainThread:139624799057728> (requestor.py:_fetch_single_async:206 -> middleware.py:apply_async:112) from logger `RFC.middleware_status_code`
[INFO] applying on AudioBookAudioPage(807003).AudioBookAudioFile(807003), received

2024-04-08 16:25:36,271 <requestor-worker-0:1416405, MainThread:139624799057728> (middleware.py:_apply_async:180 -> middleware.py:_apply_sync:169) from logger `RFC.middleware_status_code`
[INFO] status code 200 in response of AudioBookAudioPage(807003).AudioBookAudioFile(807003)

2024-04-08 16:25:36,274 <requestor-worker-0:1416405, MainThread:139624799057728> (requestor.py:_fetch_single_async:206 -> middleware.py:apply_async:115) from logger `RFC.middleware_status_code`
[INFO] applied on AudioBookAudioPage(807003).AudioBookAudioFile(807003), sent

2024-04-08 16:25:41,774 <requestor-worker-0:1416405, MainThread:139624799057728> (requestor.py:_fetch_single_async:206 -> middleware.py:apply_async:112) from logger `RFC.middleware_status_code`
[INFO] applying on AudioBookAudioPage(807069).AudioBookAudioFile(807069), received

2024-04-08 16:25:41,776 <requestor-worker-0:1416405, MainThread:139624799057728> (middleware.py:_apply_async:180 -> middleware.py:_apply_sync:169) from logger `RFC.middleware_status_code`
[INFO] status code 200 in response of AudioBookAudioPage(807069).AudioBookAudioFile(807069)

2024-04-08 16:25:41,779 <requestor-worker-0:1416405, MainThread:139624799057728> (requestor.py:_fetch_single_async:206 -> middleware.py:apply_async:115) from logger `RFC.middleware_status_code`
[INFO] applied on AudioBookAudioPage(807069).AudioBookAudioFile(807069), sent

2024-04-08 16:25:45,040 <requestor-worker-0:1416405, MainThread:139624799057728> (requestor.py:_fetch_single_async:206 -> middleware.py:apply_async:112) from logger `RFC.middleware_status_code`
[INFO] applying on AudioBookAudioPage(807162).AudioBookAudioFile(807162), received

2024-04-08 16:25:45,041 <requestor-worker-0:1416405, MainThread:139624799057728> (middleware.py:_apply_async:180 -> middleware.py:_apply_sync:169) from logger `RFC.middleware_status_code`
[INFO] status code 200 in response of AudioBookAudioPage(807162).AudioBookAudioFile(807162)

2024-04-08 16:25:45,042 <requestor-worker-0:1416405, MainThread:139624799057728> (requestor.py:_fetch_single_async:206 -> middleware.py:apply_async:115) from logger `RFC.middleware_status_code`
[INFO] applied on AudioBookAudioPage(807162).AudioBookAudioFile(807162), sent

2024-04-08 16:25:52,702 <requestor-worker-0:1416405, MainThread:139624799057728> (requestor.py:_fetch_single_async:206 -> middleware.py:apply_async:112) from logger `RFC.middleware_status_code`
[INFO] applying on AudioBookAudioPage(806937).AudioBookAudioFile(806937), received

2024-04-08 16:25:52,705 <requestor-worker-0:1416405, MainThread:139624799057728> (middleware.py:_apply_async:180 -> middleware.py:_apply_sync:169) from logger `RFC.middleware_status_code`
[INFO] status code 200 in response of AudioBookAudioPage(806937).AudioBookAudioFile(806937)

2024-04-08 16:25:52,708 <requestor-worker-0:1416405, MainThread:139624799057728> (requestor.py:_fetch_single_async:206 -> middleware.py:apply_async:115) from logger `RFC.middleware_status_code`
[INFO] applied on AudioBookAudioPage(806937).AudioBookAudioFile(806937), sent

2024-04-08 16:25:53,402 <requestor-worker-0:1416405, MainThread:139624799057728> (requestor.py:_fetch_single_async:206 -> middleware.py:apply_async:112) from logger `RFC.middleware_status_code`
[INFO] applying on AudioBookAudioPage(807164), received

2024-04-08 16:25:53,405 <requestor-worker-0:1416405, MainThread:139624799057728> (middleware.py:_apply_async:180 -> middleware.py:_apply_sync:169) from logger `RFC.middleware_status_code`
[INFO] status code 200 in response of AudioBookAudioPage(807164)

2024-04-08 16:25:53,408 <requestor-worker-0:1416405, MainThread:139624799057728> (requestor.py:_fetch_single_async:206 -> middleware.py:apply_async:115) from logger `RFC.middleware_status_code`
[INFO] applied on AudioBookAudioPage(807164), sent

2024-04-08 16:25:54,479 <requestor-worker-0:1416405, MainThread:139624799057728> (requestor.py:_fetch_single_async:206 -> middleware.py:apply_async:112) from logger `RFC.middleware_status_code`
[INFO] applying on AudioBookAudioPage(807008).AudioBookAudioFile(807008), received

2024-04-08 16:25:54,482 <requestor-worker-0:1416405, MainThread:139624799057728> (middleware.py:_apply_async:180 -> middleware.py:_apply_sync:169) from logger `RFC.middleware_status_code`
[INFO] status code 200 in response of AudioBookAudioPage(807008).AudioBookAudioFile(807008)

2024-04-08 16:25:54,485 <requestor-worker-0:1416405, MainThread:139624799057728> (requestor.py:_fetch_single_async:206 -> middleware.py:apply_async:115) from logger `RFC.middleware_status_code`
[INFO] applied on AudioBookAudioPage(807008).AudioBookAudioFile(807008), sent

2024-04-08 16:25:55,330 <requestor-worker-0:1416405, MainThread:139624799057728> (requestor.py:_fetch_single_async:206 -> middleware.py:apply_async:112) from logger `RFC.middleware_status_code`
[INFO] applying on AudioBookAudioPage(807165).AudioBookAudioFile(807165), received

2024-04-08 16:25:55,332 <requestor-worker-0:1416405, MainThread:139624799057728> (middleware.py:_apply_async:180 -> middleware.py:_apply_sync:169) from logger `RFC.middleware_status_code`
[INFO] status code 200 in response of AudioBookAudioPage(807165).AudioBookAudioFile(807165)

2024-04-08 16:25:55,335 <requestor-worker-0:1416405, MainThread:139624799057728> (requestor.py:_fetch_single_async:206 -> middleware.py:apply_async:115) from logger `RFC.middleware_status_code`
[INFO] applied on AudioBookAudioPage(807165).AudioBookAudioFile(807165), sent

2024-04-08 16:25:57,271 <requestor-worker-0:1416405, MainThread:139624799057728> (requestor.py:_fetch_single_async:206 -> middleware.py:apply_async:112) from logger `RFC.middleware_status_code`
[INFO] applying on AudioBookAudioPage(807164).AudioBookAudioFile(807164), received

2024-04-08 16:25:57,273 <requestor-worker-0:1416405, MainThread:139624799057728> (middleware.py:_apply_async:180 -> middleware.py:_apply_sync:169) from logger `RFC.middleware_status_code`
[INFO] status code 200 in response of AudioBookAudioPage(807164).AudioBookAudioFile(807164)

2024-04-08 16:25:57,276 <requestor-worker-0:1416405, MainThread:139624799057728> (requestor.py:_fetch_single_async:206 -> middleware.py:apply_async:115) from logger `RFC.middleware_status_code`
[INFO] applied on AudioBookAudioPage(807164).AudioBookAudioFile(807164), sent

2024-04-08 16:25:58,412 <requestor-worker-0:1416405, MainThread:139624799057728> (requestor.py:_fetch_single_async:206 -> middleware.py:apply_async:112) from logger `RFC.middleware_status_code`
[INFO] applying on AudioBookAudioPage(806941).AudioBookAudioFile(806941), received

2024-04-08 16:25:58,414 <requestor-worker-0:1416405, MainThread:139624799057728> (middleware.py:_apply_async:180 -> middleware.py:_apply_sync:169) from logger `RFC.middleware_status_code`
[INFO] status code 200 in response of AudioBookAudioPage(806941).AudioBookAudioFile(806941)

2024-04-08 16:25:58,416 <requestor-worker-0:1416405, MainThread:139624799057728> (requestor.py:_fetch_single_async:206 -> middleware.py:apply_async:115) from logger `RFC.middleware_status_code`
[INFO] applied on AudioBookAudioPage(806941).AudioBookAudioFile(806941), sent

2024-04-08 16:26:06,169 <requestor-worker-0:1416405, MainThread:139624799057728> (requestor.py:_fetch_single_async:206 -> middleware.py:apply_async:112) from logger `RFC.middleware_status_code`
[INFO] applying on AudioBookAudioPage(807180).AudioBookAudioFile(807180), received

2024-04-08 16:26:06,172 <requestor-worker-0:1416405, MainThread:139624799057728> (middleware.py:_apply_async:180 -> middleware.py:_apply_sync:169) from logger `RFC.middleware_status_code`
[INFO] status code 200 in response of AudioBookAudioPage(807180).AudioBookAudioFile(807180)

2024-04-08 16:26:06,175 <requestor-worker-0:1416405, MainThread:139624799057728> (requestor.py:_fetch_single_async:206 -> middleware.py:apply_async:115) from logger `RFC.middleware_status_code`
[INFO] applied on AudioBookAudioPage(807180).AudioBookAudioFile(807180), sent

2024-04-08 16:26:15,350 <requestor-worker-0:1416405, MainThread:139624799057728> (requestor.py:_fetch_single_async:206 -> middleware.py:apply_async:112) from logger `RFC.middleware_status_code`
[INFO] applying on AudioBookAudioPage(807191).AudioBookAudioFile(807191), received

2024-04-08 16:26:15,353 <requestor-worker-0:1416405, MainThread:139624799057728> (middleware.py:_apply_async:180 -> middleware.py:_apply_sync:169) from logger `RFC.middleware_status_code`
[INFO] status code 200 in response of AudioBookAudioPage(807191).AudioBookAudioFile(807191)

2024-04-08 16:26:15,355 <requestor-worker-0:1416405, MainThread:139624799057728> (requestor.py:_fetch_single_async:206 -> middleware.py:apply_async:115) from logger `RFC.middleware_status_code`
[INFO] applied on AudioBookAudioPage(807191).AudioBookAudioFile(807191), sent

2024-04-08 16:26:18,278 <requestor-worker-0:1416405, MainThread:139624799057728> (requestor.py:_fetch_single_async:206 -> middleware.py:apply_async:112) from logger `RFC.middleware_status_code`
[INFO] applying on AudioBookAudioPage(806953).AudioBookAudioFile(806953), received

2024-04-08 16:26:18,279 <requestor-worker-0:1416405, MainThread:139624799057728> (middleware.py:_apply_async:180 -> middleware.py:_apply_sync:169) from logger `RFC.middleware_status_code`
[INFO] status code 200 in response of AudioBookAudioPage(806953).AudioBookAudioFile(806953)

2024-04-08 16:26:18,280 <requestor-worker-0:1416405, MainThread:139624799057728> (requestor.py:_fetch_single_async:206 -> middleware.py:apply_async:115) from logger `RFC.middleware_status_code`
[INFO] applied on AudioBookAudioPage(806953).AudioBookAudioFile(806953), sent

2024-04-08 16:26:29,433 <requestor-worker-0:1416405, MainThread:139624799057728> (requestor.py:_fetch_single_async:206 -> middleware.py:apply_async:112) from logger `RFC.middleware_status_code`
[INFO] applying on AudioBookAudioPage(807197).AudioBookAudioFile(807197), received

2024-04-08 16:26:29,436 <requestor-worker-0:1416405, MainThread:139624799057728> (middleware.py:_apply_async:180 -> middleware.py:_apply_sync:169) from logger `RFC.middleware_status_code`
[INFO] status code 200 in response of AudioBookAudioPage(807197).AudioBookAudioFile(807197)

2024-04-08 16:26:29,438 <requestor-worker-0:1416405, MainThread:139624799057728> (requestor.py:_fetch_single_async:206 -> middleware.py:apply_async:115) from logger `RFC.middleware_status_code`
[INFO] applied on AudioBookAudioPage(807197).AudioBookAudioFile(807197), sent

2024-04-08 16:26:38,137 <requestor-worker-0:1416405, MainThread:139624799057728> (requestor.py:_fetch_single_async:206 -> middleware.py:apply_async:112) from logger `RFC.middleware_status_code`
[INFO] applying on AudioBookAudioPage(807006).AudioBookAudioFile(807006), received

2024-04-08 16:26:38,139 <requestor-worker-0:1416405, MainThread:139624799057728> (middleware.py:_apply_async:180 -> middleware.py:_apply_sync:169) from logger `RFC.middleware_status_code`
[INFO] status code 200 in response of AudioBookAudioPage(807006).AudioBookAudioFile(807006)

2024-04-08 16:26:38,142 <requestor-worker-0:1416405, MainThread:139624799057728> (requestor.py:_fetch_single_async:206 -> middleware.py:apply_async:115) from logger `RFC.middleware_status_code`
[INFO] applied on AudioBookAudioPage(807006).AudioBookAudioFile(807006), sent

2024-04-08 16:26:39,786 <requestor-worker-0:1416405, MainThread:139624799057728> (requestor.py:_fetch_single_async:206 -> middleware.py:apply_async:112) from logger `RFC.middleware_status_code`
[INFO] applying on AudioBookAudioPage(807003).AudioBookAudioFile(807003), received

2024-04-08 16:26:39,788 <requestor-worker-0:1416405, MainThread:139624799057728> (middleware.py:_apply_async:180 -> middleware.py:_apply_sync:169) from logger `RFC.middleware_status_code`
[INFO] status code 200 in response of AudioBookAudioPage(807003).AudioBookAudioFile(807003)

2024-04-08 16:26:39,791 <requestor-worker-0:1416405, MainThread:139624799057728> (requestor.py:_fetch_single_async:206 -> middleware.py:apply_async:115) from logger `RFC.middleware_status_code`
[INFO] applied on AudioBookAudioPage(807003).AudioBookAudioFile(807003), sent

2024-04-08 16:26:41,644 <requestor-worker-0:1416405, MainThread:139624799057728> (requestor.py:_fetch_single_async:206 -> middleware.py:apply_async:112) from logger `RFC.middleware_status_code`
[INFO] applying on AudioBookAudioPage(807069).AudioBookAudioFile(807069), received

2024-04-08 16:26:41,647 <requestor-worker-0:1416405, MainThread:139624799057728> (middleware.py:_apply_async:180 -> middleware.py:_apply_sync:169) from logger `RFC.middleware_status_code`
[INFO] status code 200 in response of AudioBookAudioPage(807069).AudioBookAudioFile(807069)

2024-04-08 16:26:41,650 <requestor-worker-0:1416405, MainThread:139624799057728> (requestor.py:_fetch_single_async:206 -> middleware.py:apply_async:115) from logger `RFC.middleware_status_code`
[INFO] applied on AudioBookAudioPage(807069).AudioBookAudioFile(807069), sent

2024-04-08 16:26:52,895 <requestor-worker-0:1416405, MainThread:139624799057728> (requestor.py:_fetch_single_async:206 -> middleware.py:apply_async:112) from logger `RFC.middleware_status_code`
[INFO] applying on AudioBookAudioPage(807238).AudioBookAudioFile(807238), received

2024-04-08 16:26:52,898 <requestor-worker-0:1416405, MainThread:139624799057728> (middleware.py:_apply_async:180 -> middleware.py:_apply_sync:169) from logger `RFC.middleware_status_code`
[INFO] status code 200 in response of AudioBookAudioPage(807238).AudioBookAudioFile(807238)

2024-04-08 16:26:52,901 <requestor-worker-0:1416405, MainThread:139624799057728> (requestor.py:_fetch_single_async:206 -> middleware.py:apply_async:115) from logger `RFC.middleware_status_code`
[INFO] applied on AudioBookAudioPage(807238).AudioBookAudioFile(807238), sent

2024-04-08 16:26:55,597 <requestor-worker-0:1416405, MainThread:139624799057728> (requestor.py:_fetch_single_async:206 -> middleware.py:apply_async:112) from logger `RFC.middleware_status_code`
[INFO] applying on AudioBookAudioPage(807008).AudioBookAudioFile(807008), received

2024-04-08 16:26:55,599 <requestor-worker-0:1416405, MainThread:139624799057728> (middleware.py:_apply_async:180 -> middleware.py:_apply_sync:169) from logger `RFC.middleware_status_code`
[INFO] status code 200 in response of AudioBookAudioPage(807008).AudioBookAudioFile(807008)

2024-04-08 16:26:55,602 <requestor-worker-0:1416405, MainThread:139624799057728> (requestor.py:_fetch_single_async:206 -> middleware.py:apply_async:115) from logger `RFC.middleware_status_code`
[INFO] applied on AudioBookAudioPage(807008).AudioBookAudioFile(807008), sent

2024-04-08 16:26:57,099 <requestor-worker-0:1416405, MainThread:139624799057728> (requestor.py:_fetch_single_async:206 -> middleware.py:apply_async:112) from logger `RFC.middleware_status_code`
[INFO] applying on AudioBookAudioPage(807165).AudioBookAudioFile(807165), received

2024-04-08 16:26:57,102 <requestor-worker-0:1416405, MainThread:139624799057728> (middleware.py:_apply_async:180 -> middleware.py:_apply_sync:169) from logger `RFC.middleware_status_code`
[INFO] status code 200 in response of AudioBookAudioPage(807165).AudioBookAudioFile(807165)

2024-04-08 16:26:57,105 <requestor-worker-0:1416405, MainThread:139624799057728> (requestor.py:_fetch_single_async:206 -> middleware.py:apply_async:115) from logger `RFC.middleware_status_code`
[INFO] applied on AudioBookAudioPage(807165).AudioBookAudioFile(807165), sent

2024-04-08 16:26:59,476 <requestor-worker-0:1416405, MainThread:139624799057728> (requestor.py:_fetch_single_async:206 -> middleware.py:apply_async:112) from logger `RFC.middleware_status_code`
[INFO] applying on AudioBookAudioPage(807239).AudioBookAudioFile(807239), received

2024-04-08 16:26:59,479 <requestor-worker-0:1416405, MainThread:139624799057728> (middleware.py:_apply_async:180 -> middleware.py:_apply_sync:169) from logger `RFC.middleware_status_code`
[INFO] status code 200 in response of AudioBookAudioPage(807239).AudioBookAudioFile(807239)

2024-04-08 16:26:59,481 <requestor-worker-0:1416405, MainThread:139624799057728> (requestor.py:_fetch_single_async:206 -> middleware.py:apply_async:115) from logger `RFC.middleware_status_code`
[INFO] applied on AudioBookAudioPage(807239).AudioBookAudioFile(807239), sent

2024-04-08 16:27:04,306 <requestor-worker-0:1416405, MainThread:139624799057728> (requestor.py:_fetch_single_async:206 -> middleware.py:apply_async:112) from logger `RFC.middleware_status_code`
[INFO] applying on AudioBookAudioPage(807180).AudioBookAudioFile(807180), received

2024-04-08 16:27:04,308 <requestor-worker-0:1416405, MainThread:139624799057728> (middleware.py:_apply_async:180 -> middleware.py:_apply_sync:169) from logger `RFC.middleware_status_code`
[INFO] status code 200 in response of AudioBookAudioPage(807180).AudioBookAudioFile(807180)

2024-04-08 16:27:04,310 <requestor-worker-0:1416405, MainThread:139624799057728> (requestor.py:_fetch_single_async:206 -> middleware.py:apply_async:115) from logger `RFC.middleware_status_code`
[INFO] applied on AudioBookAudioPage(807180).AudioBookAudioFile(807180), sent

2024-04-08 16:27:05,199 <requestor-worker-0:1416405, MainThread:139624799057728> (requestor.py:_fetch_single_async:206 -> middleware.py:apply_async:112) from logger `RFC.middleware_status_code`
[INFO] applying on AudioBookAudioPage(807385).AudioBookAudioFile(807385), received

2024-04-08 16:27:05,201 <requestor-worker-0:1416405, MainThread:139624799057728> (middleware.py:_apply_async:180 -> middleware.py:_apply_sync:169) from logger `RFC.middleware_status_code`
[INFO] status code 200 in response of AudioBookAudioPage(807385).AudioBookAudioFile(807385)

2024-04-08 16:27:05,204 <requestor-worker-0:1416405, MainThread:139624799057728> (requestor.py:_fetch_single_async:206 -> middleware.py:apply_async:115) from logger `RFC.middleware_status_code`
[INFO] applied on AudioBookAudioPage(807385).AudioBookAudioFile(807385), sent

2024-04-08 16:27:18,978 <requestor-worker-0:1416405, MainThread:139624799057728> (requestor.py:_fetch_single_async:206 -> middleware.py:apply_async:112) from logger `RFC.middleware_status_code`
[INFO] applying on AudioBookAudioPage(807191).AudioBookAudioFile(807191), received

2024-04-08 16:27:18,980 <requestor-worker-0:1416405, MainThread:139624799057728> (middleware.py:_apply_async:180 -> middleware.py:_apply_sync:169) from logger `RFC.middleware_status_code`
[INFO] status code 200 in response of AudioBookAudioPage(807191).AudioBookAudioFile(807191)

2024-04-08 16:27:18,983 <requestor-worker-0:1416405, MainThread:139624799057728> (requestor.py:_fetch_single_async:206 -> middleware.py:apply_async:115) from logger `RFC.middleware_status_code`
[INFO] applied on AudioBookAudioPage(807191).AudioBookAudioFile(807191), sent

2024-04-08 16:27:19,111 <requestor-worker-0:1416405, MainThread:139624799057728> (requestor.py:_fetch_single_async:206 -> middleware.py:apply_async:112) from logger `RFC.middleware_status_code`
[INFO] applying on AudioBookAudioPage(807295).AudioBookAudioFile(807295), received

2024-04-08 16:27:19,114 <requestor-worker-0:1416405, MainThread:139624799057728> (middleware.py:_apply_async:180 -> middleware.py:_apply_sync:169) from logger `RFC.middleware_status_code`
[INFO] status code 200 in response of AudioBookAudioPage(807295).AudioBookAudioFile(807295)

2024-04-08 16:27:19,117 <requestor-worker-0:1416405, MainThread:139624799057728> (requestor.py:_fetch_single_async:206 -> middleware.py:apply_async:115) from logger `RFC.middleware_status_code`
[INFO] applied on AudioBookAudioPage(807295).AudioBookAudioFile(807295), sent

2024-04-08 16:27:22,723 <requestor-worker-0:1416405, MainThread:139624799057728> (requestor.py:_fetch_single_async:206 -> middleware.py:apply_async:112) from logger `RFC.middleware_status_code`
[INFO] applying on AudioBookAudioPage(807197).AudioBookAudioFile(807197), received

2024-04-08 16:27:22,743 <requestor-worker-0:1416405, MainThread:139624799057728> (middleware.py:_apply_async:180 -> middleware.py:_apply_sync:169) from logger `RFC.middleware_status_code`
[INFO] status code 200 in response of AudioBookAudioPage(807197).AudioBookAudioFile(807197)

2024-04-08 16:27:22,747 <requestor-worker-0:1416405, MainThread:139624799057728> (requestor.py:_fetch_single_async:206 -> middleware.py:apply_async:115) from logger `RFC.middleware_status_code`
[INFO] applied on AudioBookAudioPage(807197).AudioBookAudioFile(807197), sent

2024-04-08 16:27:27,946 <requestor-worker-0:1416405, MainThread:139624799057728> (requestor.py:_fetch_single_async:206 -> middleware.py:apply_async:112) from logger `RFC.middleware_status_code`
[INFO] applying on AudioBookAudioPage(807356).AudioBookAudioFile(807356), received

2024-04-08 16:27:27,948 <requestor-worker-0:1416405, MainThread:139624799057728> (middleware.py:_apply_async:180 -> middleware.py:_apply_sync:169) from logger `RFC.middleware_status_code`
[INFO] status code 200 in response of AudioBookAudioPage(807356).AudioBookAudioFile(807356)

2024-04-08 16:27:27,951 <requestor-worker-0:1416405, MainThread:139624799057728> (requestor.py:_fetch_single_async:206 -> middleware.py:apply_async:115) from logger `RFC.middleware_status_code`
[INFO] applied on AudioBookAudioPage(807356).AudioBookAudioFile(807356), sent

2024-04-08 16:27:39,839 <requestor-worker-0:1416405, MainThread:139624799057728> (requestor.py:_fetch_single_async:206 -> middleware.py:apply_async:112) from logger `RFC.middleware_status_code`
[INFO] applying on AudioBookAudioPage(807367).AudioBookAudioFile(807367), received

2024-04-08 16:27:39,841 <requestor-worker-0:1416405, MainThread:139624799057728> (middleware.py:_apply_async:180 -> middleware.py:_apply_sync:169) from logger `RFC.middleware_status_code`
[INFO] status code 200 in response of AudioBookAudioPage(807367).AudioBookAudioFile(807367)

2024-04-08 16:27:39,844 <requestor-worker-0:1416405, MainThread:139624799057728> (requestor.py:_fetch_single_async:206 -> middleware.py:apply_async:115) from logger `RFC.middleware_status_code`
[INFO] applied on AudioBookAudioPage(807367).AudioBookAudioFile(807367), sent

2024-04-08 16:27:41,063 <requestor-worker-0:1416405, MainThread:139624799057728> (requestor.py:_fetch_single_async:206 -> middleware.py:apply_async:112) from logger `RFC.middleware_status_code`
[INFO] applying on AudioBookAudioPage(807370).AudioBookAudioFile(807370), received

2024-04-08 16:27:41,066 <requestor-worker-0:1416405, MainThread:139624799057728> (middleware.py:_apply_async:180 -> middleware.py:_apply_sync:169) from logger `RFC.middleware_status_code`
[INFO] status code 200 in response of AudioBookAudioPage(807370).AudioBookAudioFile(807370)

2024-04-08 16:27:41,068 <requestor-worker-0:1416405, MainThread:139624799057728> (requestor.py:_fetch_single_async:206 -> middleware.py:apply_async:115) from logger `RFC.middleware_status_code`
[INFO] applied on AudioBookAudioPage(807370).AudioBookAudioFile(807370), sent

2024-04-08 16:27:56,700 <requestor-worker-0:1416405, MainThread:139624799057728> (requestor.py:_fetch_single_async:206 -> middleware.py:apply_async:112) from logger `RFC.middleware_status_code`
[INFO] applying on AudioBookAudioPage(807238).AudioBookAudioFile(807238), received

2024-04-08 16:27:56,702 <requestor-worker-0:1416405, MainThread:139624799057728> (middleware.py:_apply_async:180 -> middleware.py:_apply_sync:169) from logger `RFC.middleware_status_code`
[INFO] status code 200 in response of AudioBookAudioPage(807238).AudioBookAudioFile(807238)

2024-04-08 16:27:56,705 <requestor-worker-0:1416405, MainThread:139624799057728> (requestor.py:_fetch_single_async:206 -> middleware.py:apply_async:115) from logger `RFC.middleware_status_code`
[INFO] applied on AudioBookAudioPage(807238).AudioBookAudioFile(807238), sent

2024-04-08 16:27:57,094 <requestor-worker-0:1416405, MainThread:139624799057728> (requestor.py:_fetch_single_async:206 -> middleware.py:apply_async:112) from logger `RFC.middleware_status_code`
[INFO] applying on AudioBookAudioPage(807390).AudioBookAudioFile(807390), received

2024-04-08 16:27:57,097 <requestor-worker-0:1416405, MainThread:139624799057728> (middleware.py:_apply_async:180 -> middleware.py:_apply_sync:169) from logger `RFC.middleware_status_code`
[INFO] status code 200 in response of AudioBookAudioPage(807390).AudioBookAudioFile(807390)

2024-04-08 16:27:57,100 <requestor-worker-0:1416405, MainThread:139624799057728> (requestor.py:_fetch_single_async:206 -> middleware.py:apply_async:115) from logger `RFC.middleware_status_code`
[INFO] applied on AudioBookAudioPage(807390).AudioBookAudioFile(807390), sent

2024-04-08 16:27:59,960 <requestor-worker-0:1416405, MainThread:139624799057728> (requestor.py:_fetch_single_async:206 -> middleware.py:apply_async:112) from logger `RFC.middleware_status_code`
[INFO] applying on AudioBookAudioPage(807239).AudioBookAudioFile(807239), received

2024-04-08 16:27:59,962 <requestor-worker-0:1416405, MainThread:139624799057728> (middleware.py:_apply_async:180 -> middleware.py:_apply_sync:169) from logger `RFC.middleware_status_code`
[INFO] status code 200 in response of AudioBookAudioPage(807239).AudioBookAudioFile(807239)

2024-04-08 16:27:59,965 <requestor-worker-0:1416405, MainThread:139624799057728> (requestor.py:_fetch_single_async:206 -> middleware.py:apply_async:115) from logger `RFC.middleware_status_code`
[INFO] applied on AudioBookAudioPage(807239).AudioBookAudioFile(807239), sent

2024-04-08 16:28:02,379 <requestor-worker-0:1416405, MainThread:139624799057728> (requestor.py:_fetch_single_async:206 -> middleware.py:apply_async:112) from logger `RFC.middleware_status_code`
[INFO] applying on AudioBookAudioPage(807165).AudioBookAudioFile(807165), received

2024-04-08 16:28:02,381 <requestor-worker-0:1416405, MainThread:139624799057728> (middleware.py:_apply_async:180 -> middleware.py:_apply_sync:169) from logger `RFC.middleware_status_code`
[INFO] status code 200 in response of AudioBookAudioPage(807165).AudioBookAudioFile(807165)

2024-04-08 16:28:02,382 <requestor-worker-0:1416405, MainThread:139624799057728> (requestor.py:_fetch_single_async:206 -> middleware.py:apply_async:115) from logger `RFC.middleware_status_code`
[INFO] applied on AudioBookAudioPage(807165).AudioBookAudioFile(807165), sent

2024-04-08 16:28:06,677 <requestor-worker-0:1416405, MainThread:139624799057728> (requestor.py:_fetch_single_async:206 -> middleware.py:apply_async:112) from logger `RFC.middleware_status_code`
[INFO] applying on AudioBookAudioPage(807385).AudioBookAudioFile(807385), received

2024-04-08 16:28:06,679 <requestor-worker-0:1416405, MainThread:139624799057728> (middleware.py:_apply_async:180 -> middleware.py:_apply_sync:169) from logger `RFC.middleware_status_code`
[INFO] status code 200 in response of AudioBookAudioPage(807385).AudioBookAudioFile(807385)

2024-04-08 16:28:06,682 <requestor-worker-0:1416405, MainThread:139624799057728> (requestor.py:_fetch_single_async:206 -> middleware.py:apply_async:115) from logger `RFC.middleware_status_code`
[INFO] applied on AudioBookAudioPage(807385).AudioBookAudioFile(807385), sent

2024-04-08 16:28:07,796 <requestor-worker-0:1416405, MainThread:139624799057728> (requestor.py:_fetch_single_async:206 -> middleware.py:apply_async:112) from logger `RFC.middleware_status_code`
[INFO] applying on AudioBookAudioPage(807180).AudioBookAudioFile(807180), received

2024-04-08 16:28:07,799 <requestor-worker-0:1416405, MainThread:139624799057728> (middleware.py:_apply_async:180 -> middleware.py:_apply_sync:169) from logger `RFC.middleware_status_code`
[INFO] status code 200 in response of AudioBookAudioPage(807180).AudioBookAudioFile(807180)

2024-04-08 16:28:07,802 <requestor-worker-0:1416405, MainThread:139624799057728> (requestor.py:_fetch_single_async:206 -> middleware.py:apply_async:115) from logger `RFC.middleware_status_code`
[INFO] applied on AudioBookAudioPage(807180).AudioBookAudioFile(807180), sent

2024-04-08 16:28:21,203 <requestor-worker-0:1416405, MainThread:139624799057728> (requestor.py:_fetch_single_async:206 -> middleware.py:apply_async:112) from logger `RFC.middleware_status_code`
[INFO] applying on AudioBookAudioPage(807191).AudioBookAudioFile(807191), received

2024-04-08 16:28:21,205 <requestor-worker-0:1416405, MainThread:139624799057728> (middleware.py:_apply_async:180 -> middleware.py:_apply_sync:169) from logger `RFC.middleware_status_code`
[INFO] status code 200 in response of AudioBookAudioPage(807191).AudioBookAudioFile(807191)

2024-04-08 16:28:21,208 <requestor-worker-0:1416405, MainThread:139624799057728> (requestor.py:_fetch_single_async:206 -> middleware.py:apply_async:115) from logger `RFC.middleware_status_code`
[INFO] applied on AudioBookAudioPage(807191).AudioBookAudioFile(807191), sent

2024-04-08 16:28:26,534 <requestor-worker-0:1416405, MainThread:139624799057728> (requestor.py:_fetch_single_async:206 -> middleware.py:apply_async:112) from logger `RFC.middleware_status_code`
[INFO] applying on AudioBookAudioPage(807197).AudioBookAudioFile(807197), received

2024-04-08 16:28:26,536 <requestor-worker-0:1416405, MainThread:139624799057728> (middleware.py:_apply_async:180 -> middleware.py:_apply_sync:169) from logger `RFC.middleware_status_code`
[INFO] status code 200 in response of AudioBookAudioPage(807197).AudioBookAudioFile(807197)

2024-04-08 16:28:26,539 <requestor-worker-0:1416405, MainThread:139624799057728> (requestor.py:_fetch_single_async:206 -> middleware.py:apply_async:115) from logger `RFC.middleware_status_code`
[INFO] applied on AudioBookAudioPage(807197).AudioBookAudioFile(807197), sent

2024-04-08 16:28:29,293 <requestor-worker-0:1416405, MainThread:139624799057728> (requestor.py:_fetch_single_async:206 -> middleware.py:apply_async:112) from logger `RFC.middleware_status_code`
[INFO] applying on AudioBookAudioPage(807356).AudioBookAudioFile(807356), received

2024-04-08 16:28:29,295 <requestor-worker-0:1416405, MainThread:139624799057728> (middleware.py:_apply_async:180 -> middleware.py:_apply_sync:169) from logger `RFC.middleware_status_code`
[INFO] status code 200 in response of AudioBookAudioPage(807356).AudioBookAudioFile(807356)

2024-04-08 16:28:29,298 <requestor-worker-0:1416405, MainThread:139624799057728> (requestor.py:_fetch_single_async:206 -> middleware.py:apply_async:115) from logger `RFC.middleware_status_code`
[INFO] applied on AudioBookAudioPage(807356).AudioBookAudioFile(807356), sent

2024-04-08 16:28:41,983 <requestor-worker-0:1416405, MainThread:139624799057728> (requestor.py:_fetch_single_async:206 -> middleware.py:apply_async:112) from logger `RFC.middleware_status_code`
[INFO] applying on AudioBookAudioPage(807367).AudioBookAudioFile(807367), received

2024-04-08 16:28:41,986 <requestor-worker-0:1416405, MainThread:139624799057728> (middleware.py:_apply_async:180 -> middleware.py:_apply_sync:169) from logger `RFC.middleware_status_code`
[INFO] status code 200 in response of AudioBookAudioPage(807367).AudioBookAudioFile(807367)

2024-04-08 16:28:41,989 <requestor-worker-0:1416405, MainThread:139624799057728> (requestor.py:_fetch_single_async:206 -> middleware.py:apply_async:115) from logger `RFC.middleware_status_code`
[INFO] applied on AudioBookAudioPage(807367).AudioBookAudioFile(807367), sent

2024-04-08 16:28:42,948 <requestor-worker-0:1416405, MainThread:139624799057728> (requestor.py:_fetch_single_async:206 -> middleware.py:apply_async:112) from logger `RFC.middleware_status_code`
[INFO] applying on AudioBookAudioPage(807370).AudioBookAudioFile(807370), received

2024-04-08 16:28:42,951 <requestor-worker-0:1416405, MainThread:139624799057728> (middleware.py:_apply_async:180 -> middleware.py:_apply_sync:169) from logger `RFC.middleware_status_code`
[INFO] status code 200 in response of AudioBookAudioPage(807370).AudioBookAudioFile(807370)

2024-04-08 16:28:42,954 <requestor-worker-0:1416405, MainThread:139624799057728> (requestor.py:_fetch_single_async:206 -> middleware.py:apply_async:115) from logger `RFC.middleware_status_code`
[INFO] applied on AudioBookAudioPage(807370).AudioBookAudioFile(807370), sent

2024-04-08 16:28:44,184 <requestor-worker-0:1416405, MainThread:139624799057728> (requestor.py:_fetch_single_async:206 -> middleware.py:apply_async:112) from logger `RFC.middleware_status_code`
[INFO] applying on AudioBookAudioPage(807154).AudioBookAudioFile(807154), received

2024-04-08 16:28:44,186 <requestor-worker-0:1416405, MainThread:139624799057728> (middleware.py:_apply_async:180 -> middleware.py:_apply_sync:169) from logger `RFC.middleware_status_code`
[INFO] status code 200 in response of AudioBookAudioPage(807154).AudioBookAudioFile(807154)

2024-04-08 16:28:44,189 <requestor-worker-0:1416405, MainThread:139624799057728> (requestor.py:_fetch_single_async:206 -> middleware.py:apply_async:115) from logger `RFC.middleware_status_code`
[INFO] applied on AudioBookAudioPage(807154).AudioBookAudioFile(807154), sent

2024-04-08 16:28:46,382 <requestor-worker-0:1416405, MainThread:139624799057728> (requestor.py:_fetch_single_async:206 -> middleware.py:apply_async:112) from logger `RFC.middleware_status_code`
[INFO] applying on AudioBookAudioPage(807509).AudioBookAudioFile(807509), received

2024-04-08 16:28:46,384 <requestor-worker-0:1416405, MainThread:139624799057728> (middleware.py:_apply_async:180 -> middleware.py:_apply_sync:169) from logger `RFC.middleware_status_code`
[INFO] status code 200 in response of AudioBookAudioPage(807509).AudioBookAudioFile(807509)

2024-04-08 16:28:46,385 <requestor-worker-0:1416405, MainThread:139624799057728> (requestor.py:_fetch_single_async:206 -> middleware.py:apply_async:115) from logger `RFC.middleware_status_code`
[INFO] applied on AudioBookAudioPage(807509).AudioBookAudioFile(807509), sent

2024-04-08 16:28:57,873 <requestor-worker-0:1416405, MainThread:139624799057728> (requestor.py:_fetch_single_async:206 -> middleware.py:apply_async:112) from logger `RFC.middleware_status_code`
[INFO] applying on AudioBookAudioPage(807238).AudioBookAudioFile(807238), received

2024-04-08 16:28:57,875 <requestor-worker-0:1416405, MainThread:139624799057728> (middleware.py:_apply_async:180 -> middleware.py:_apply_sync:169) from logger `RFC.middleware_status_code`
[INFO] status code 200 in response of AudioBookAudioPage(807238).AudioBookAudioFile(807238)

2024-04-08 16:28:57,879 <requestor-worker-0:1416405, MainThread:139624799057728> (requestor.py:_fetch_single_async:206 -> middleware.py:apply_async:115) from logger `RFC.middleware_status_code`
[INFO] applied on AudioBookAudioPage(807238).AudioBookAudioFile(807238), sent

2024-04-08 16:29:03,269 <requestor-worker-0:1416405, MainThread:139624799057728> (requestor.py:_fetch_single_async:206 -> middleware.py:apply_async:112) from logger `RFC.middleware_status_code`
[INFO] applying on AudioBookAudioPage(807165).AudioBookAudioFile(807165), received

2024-04-08 16:29:03,270 <requestor-worker-0:1416405, MainThread:139624799057728> (middleware.py:_apply_async:180 -> middleware.py:_apply_sync:169) from logger `RFC.middleware_status_code`
[INFO] status code 200 in response of AudioBookAudioPage(807165).AudioBookAudioFile(807165)

2024-04-08 16:29:03,271 <requestor-worker-0:1416405, MainThread:139624799057728> (requestor.py:_fetch_single_async:206 -> middleware.py:apply_async:115) from logger `RFC.middleware_status_code`
[INFO] applied on AudioBookAudioPage(807165).AudioBookAudioFile(807165), sent

2024-04-08 16:29:05,149 <requestor-worker-0:1416405, MainThread:139624799057728> (requestor.py:_fetch_single_async:206 -> middleware.py:apply_async:112) from logger `RFC.middleware_status_code`
[INFO] applying on AudioBookAudioPage(807239).AudioBookAudioFile(807239), received

2024-04-08 16:29:05,152 <requestor-worker-0:1416405, MainThread:139624799057728> (middleware.py:_apply_async:180 -> middleware.py:_apply_sync:169) from logger `RFC.middleware_status_code`
[INFO] status code 200 in response of AudioBookAudioPage(807239).AudioBookAudioFile(807239)

2024-04-08 16:29:05,154 <requestor-worker-0:1416405, MainThread:139624799057728> (requestor.py:_fetch_single_async:206 -> middleware.py:apply_async:115) from logger `RFC.middleware_status_code`
[INFO] applied on AudioBookAudioPage(807239).AudioBookAudioFile(807239), sent

2024-04-08 16:29:12,443 <requestor-worker-0:1416405, MainThread:139624799057728> (requestor.py:_fetch_single_async:206 -> middleware.py:apply_async:112) from logger `RFC.middleware_status_code`
[INFO] applying on AudioBookAudioPage(807385).AudioBookAudioFile(807385), received

2024-04-08 16:29:12,446 <requestor-worker-0:1416405, MainThread:139624799057728> (middleware.py:_apply_async:180 -> middleware.py:_apply_sync:169) from logger `RFC.middleware_status_code`
[INFO] status code 200 in response of AudioBookAudioPage(807385).AudioBookAudioFile(807385)

2024-04-08 16:29:12,449 <requestor-worker-0:1416405, MainThread:139624799057728> (requestor.py:_fetch_single_async:206 -> middleware.py:apply_async:115) from logger `RFC.middleware_status_code`
[INFO] applied on AudioBookAudioPage(807385).AudioBookAudioFile(807385), sent

2024-04-08 16:29:19,416 <requestor-worker-0:1416405, MainThread:139624799057728> (requestor.py:_fetch_single_async:206 -> middleware.py:apply_async:112) from logger `RFC.middleware_status_code`
[INFO] applying on AudioBookAudioPage(807180).AudioBookAudioFile(807180), received

2024-04-08 16:29:19,419 <requestor-worker-0:1416405, MainThread:139624799057728> (middleware.py:_apply_async:180 -> middleware.py:_apply_sync:169) from logger `RFC.middleware_status_code`
[INFO] status code 200 in response of AudioBookAudioPage(807180).AudioBookAudioFile(807180)

2024-04-08 16:29:19,424 <requestor-worker-0:1416405, MainThread:139624799057728> (requestor.py:_fetch_single_async:206 -> middleware.py:apply_async:115) from logger `RFC.middleware_status_code`
[INFO] applied on AudioBookAudioPage(807180).AudioBookAudioFile(807180), sent

2024-04-08 16:29:26,399 <requestor-worker-0:1416405, MainThread:139624799057728> (requestor.py:_fetch_single_async:206 -> middleware.py:apply_async:112) from logger `RFC.middleware_status_code`
[INFO] applying on AudioBookAudioPage(807191).AudioBookAudioFile(807191), received

2024-04-08 16:29:26,401 <requestor-worker-0:1416405, MainThread:139624799057728> (middleware.py:_apply_async:180 -> middleware.py:_apply_sync:169) from logger `RFC.middleware_status_code`
[INFO] status code 200 in response of AudioBookAudioPage(807191).AudioBookAudioFile(807191)

2024-04-08 16:29:26,404 <requestor-worker-0:1416405, MainThread:139624799057728> (requestor.py:_fetch_single_async:206 -> middleware.py:apply_async:115) from logger `RFC.middleware_status_code`
[INFO] applied on AudioBookAudioPage(807191).AudioBookAudioFile(807191), sent

2024-04-08 16:29:36,262 <requestor-worker-0:1416405, MainThread:139624799057728> (requestor.py:_fetch_single_async:206 -> middleware.py:apply_async:112) from logger `RFC.middleware_status_code`
[INFO] applying on AudioBookAudioPage(807356).AudioBookAudioFile(807356), received

2024-04-08 16:29:36,263 <requestor-worker-0:1416405, MainThread:139624799057728> (middleware.py:_apply_async:180 -> middleware.py:_apply_sync:169) from logger `RFC.middleware_status_code`
[INFO] status code 200 in response of AudioBookAudioPage(807356).AudioBookAudioFile(807356)

2024-04-08 16:29:36,265 <requestor-worker-0:1416405, MainThread:139624799057728> (requestor.py:_fetch_single_async:206 -> middleware.py:apply_async:115) from logger `RFC.middleware_status_code`
[INFO] applied on AudioBookAudioPage(807356).AudioBookAudioFile(807356), sent

2024-04-08 16:29:41,589 <requestor-worker-0:1416405, MainThread:139624799057728> (requestor.py:_fetch_single_async:206 -> middleware.py:apply_async:112) from logger `RFC.middleware_status_code`
[INFO] applying on AudioBookAudioPage(807197).AudioBookAudioFile(807197), received

2024-04-08 16:29:41,590 <requestor-worker-0:1416405, MainThread:139624799057728> (middleware.py:_apply_async:180 -> middleware.py:_apply_sync:169) from logger `RFC.middleware_status_code`
[INFO] status code 200 in response of AudioBookAudioPage(807197).AudioBookAudioFile(807197)

2024-04-08 16:29:41,592 <requestor-worker-0:1416405, MainThread:139624799057728> (requestor.py:_fetch_single_async:206 -> middleware.py:apply_async:115) from logger `RFC.middleware_status_code`
[INFO] applied on AudioBookAudioPage(807197).AudioBookAudioFile(807197), sent

2024-04-08 16:29:52,914 <requestor-worker-0:1416405, MainThread:139624799057728> (requestor.py:_fetch_single_async:206 -> middleware.py:apply_async:112) from logger `RFC.middleware_status_code`
[INFO] applying on AudioBookAudioPage(807367).AudioBookAudioFile(807367), received

2024-04-08 16:29:52,915 <requestor-worker-0:1416405, MainThread:139624799057728> (middleware.py:_apply_async:180 -> middleware.py:_apply_sync:169) from logger `RFC.middleware_status_code`
[INFO] status code 200 in response of AudioBookAudioPage(807367).AudioBookAudioFile(807367)

2024-04-08 16:29:52,916 <requestor-worker-0:1416405, MainThread:139624799057728> (requestor.py:_fetch_single_async:206 -> middleware.py:apply_async:115) from logger `RFC.middleware_status_code`
[INFO] applied on AudioBookAudioPage(807367).AudioBookAudioFile(807367), sent

2024-04-08 16:29:53,360 <requestor-worker-0:1416405, MainThread:139624799057728> (requestor.py:_fetch_single_async:206 -> middleware.py:apply_async:112) from logger `RFC.middleware_status_code`
[INFO] applying on AudioBookAudioPage(807370).AudioBookAudioFile(807370), received

2024-04-08 16:29:53,363 <requestor-worker-0:1416405, MainThread:139624799057728> (middleware.py:_apply_async:180 -> middleware.py:_apply_sync:169) from logger `RFC.middleware_status_code`
[INFO] status code 200 in response of AudioBookAudioPage(807370).AudioBookAudioFile(807370)

2024-04-08 16:29:53,366 <requestor-worker-0:1416405, MainThread:139624799057728> (requestor.py:_fetch_single_async:206 -> middleware.py:apply_async:115) from logger `RFC.middleware_status_code`
[INFO] applied on AudioBookAudioPage(807370).AudioBookAudioFile(807370), sent

2024-04-08 16:29:56,644 <requestor-worker-0:1416405, MainThread:139624799057728> (requestor.py:_fetch_single_async:206 -> middleware.py:apply_async:112) from logger `RFC.middleware_status_code`
[INFO] applying on AudioBookAudioPage(807509).AudioBookAudioFile(807509), received

2024-04-08 16:29:56,645 <requestor-worker-0:1416405, MainThread:139624799057728> (middleware.py:_apply_async:180 -> middleware.py:_apply_sync:169) from logger `RFC.middleware_status_code`
[INFO] status code 200 in response of AudioBookAudioPage(807509).AudioBookAudioFile(807509)

2024-04-08 16:29:56,647 <requestor-worker-0:1416405, MainThread:139624799057728> (requestor.py:_fetch_single_async:206 -> middleware.py:apply_async:115) from logger `RFC.middleware_status_code`
[INFO] applied on AudioBookAudioPage(807509).AudioBookAudioFile(807509), sent

2024-04-08 16:30:04,155 <requestor-worker-0:1416405, MainThread:139624799057728> (requestor.py:_fetch_single_async:206 -> middleware.py:apply_async:112) from logger `RFC.middleware_status_code`
[INFO] applying on AudioBookAudioPage(807630).AudioBookAudioFile(807630), received

2024-04-08 16:30:04,158 <requestor-worker-0:1416405, MainThread:139624799057728> (middleware.py:_apply_async:180 -> middleware.py:_apply_sync:169) from logger `RFC.middleware_status_code`
[INFO] status code 200 in response of AudioBookAudioPage(807630).AudioBookAudioFile(807630)

2024-04-08 16:30:04,160 <requestor-worker-0:1416405, MainThread:139624799057728> (requestor.py:_fetch_single_async:206 -> middleware.py:apply_async:115) from logger `RFC.middleware_status_code`
[INFO] applied on AudioBookAudioPage(807630).AudioBookAudioFile(807630), sent

2024-04-08 16:30:06,862 <requestor-worker-0:1416405, MainThread:139624799057728> (requestor.py:_fetch_single_async:206 -> middleware.py:apply_async:112) from logger `RFC.middleware_status_code`
[INFO] applying on AudioBookAudioPage(807239).AudioBookAudioFile(807239), received

2024-04-08 16:30:06,863 <requestor-worker-0:1416405, MainThread:139624799057728> (middleware.py:_apply_async:180 -> middleware.py:_apply_sync:169) from logger `RFC.middleware_status_code`
[INFO] status code 200 in response of AudioBookAudioPage(807239).AudioBookAudioFile(807239)

2024-04-08 16:30:06,865 <requestor-worker-0:1416405, MainThread:139624799057728> (requestor.py:_fetch_single_async:206 -> middleware.py:apply_async:115) from logger `RFC.middleware_status_code`
[INFO] applied on AudioBookAudioPage(807239).AudioBookAudioFile(807239), sent

2024-04-08 16:30:08,302 <requestor-worker-0:1416405, MainThread:139624799057728> (requestor.py:_fetch_single_async:206 -> middleware.py:apply_async:112) from logger `RFC.middleware_status_code`
[INFO] applying on AudioBookAudioPage(807238).AudioBookAudioFile(807238), received

2024-04-08 16:30:08,304 <requestor-worker-0:1416405, MainThread:139624799057728> (middleware.py:_apply_async:180 -> middleware.py:_apply_sync:169) from logger `RFC.middleware_status_code`
[INFO] status code 200 in response of AudioBookAudioPage(807238).AudioBookAudioFile(807238)

2024-04-08 16:30:08,306 <requestor-worker-0:1416405, MainThread:139624799057728> (requestor.py:_fetch_single_async:206 -> middleware.py:apply_async:115) from logger `RFC.middleware_status_code`
[INFO] applied on AudioBookAudioPage(807238).AudioBookAudioFile(807238), sent

2024-04-08 16:30:10,949 <requestor-worker-0:1416405, MainThread:139624799057728> (requestor.py:_fetch_single_async:206 -> middleware.py:apply_async:112) from logger `RFC.middleware_status_code`
[INFO] applying on AudioBookAudioPage(807644).AudioBookAudioFile(807644), received

2024-04-08 16:30:10,950 <requestor-worker-0:1416405, MainThread:139624799057728> (middleware.py:_apply_async:180 -> middleware.py:_apply_sync:169) from logger `RFC.middleware_status_code`
[INFO] status code 200 in response of AudioBookAudioPage(807644).AudioBookAudioFile(807644)

2024-04-08 16:30:10,951 <requestor-worker-0:1416405, MainThread:139624799057728> (requestor.py:_fetch_single_async:206 -> middleware.py:apply_async:115) from logger `RFC.middleware_status_code`
[INFO] applied on AudioBookAudioPage(807644).AudioBookAudioFile(807644), sent

2024-04-08 16:30:26,490 <requestor-worker-0:1416405, MainThread:139624799057728> (requestor.py:_fetch_single_async:206 -> middleware.py:apply_async:112) from logger `RFC.middleware_status_code`
[INFO] applying on AudioBookAudioPage(807656).AudioBookAudioFile(807656), received

2024-04-08 16:30:26,491 <requestor-worker-0:1416405, MainThread:139624799057728> (middleware.py:_apply_async:180 -> middleware.py:_apply_sync:169) from logger `RFC.middleware_status_code`
[INFO] status code 200 in response of AudioBookAudioPage(807656).AudioBookAudioFile(807656)

2024-04-08 16:30:26,492 <requestor-worker-0:1416405, MainThread:139624799057728> (requestor.py:_fetch_single_async:206 -> middleware.py:apply_async:115) from logger `RFC.middleware_status_code`
[INFO] applied on AudioBookAudioPage(807656).AudioBookAudioFile(807656), sent

2024-04-08 16:30:28,280 <requestor-worker-0:1416405, MainThread:139624799057728> (requestor.py:_fetch_single_async:206 -> middleware.py:apply_async:112) from logger `RFC.middleware_status_code`
[INFO] applying on AudioBookAudioPage(807356).AudioBookAudioFile(807356), received

2024-04-08 16:30:28,281 <requestor-worker-0:1416405, MainThread:139624799057728> (middleware.py:_apply_async:180 -> middleware.py:_apply_sync:169) from logger `RFC.middleware_status_code`
[INFO] status code 200 in response of AudioBookAudioPage(807356).AudioBookAudioFile(807356)

2024-04-08 16:30:28,283 <requestor-worker-0:1416405, MainThread:139624799057728> (requestor.py:_fetch_single_async:206 -> middleware.py:apply_async:115) from logger `RFC.middleware_status_code`
[INFO] applied on AudioBookAudioPage(807356).AudioBookAudioFile(807356), sent

2024-04-08 16:30:34,800 <requestor-worker-0:1416405, MainThread:139624799057728> (requestor.py:_fetch_single_async:206 -> middleware.py:apply_async:112) from logger `RFC.middleware_status_code`
[INFO] applying on AudioBookAudioPage(807657).AudioBookAudioFile(807657), received

2024-04-08 16:30:34,803 <requestor-worker-0:1416405, MainThread:139624799057728> (middleware.py:_apply_async:180 -> middleware.py:_apply_sync:169) from logger `RFC.middleware_status_code`
[INFO] status code 200 in response of AudioBookAudioPage(807657).AudioBookAudioFile(807657)

2024-04-08 16:30:34,805 <requestor-worker-0:1416405, MainThread:139624799057728> (requestor.py:_fetch_single_async:206 -> middleware.py:apply_async:115) from logger `RFC.middleware_status_code`
[INFO] applied on AudioBookAudioPage(807657).AudioBookAudioFile(807657), sent

2024-04-08 16:30:38,513 <requestor-worker-0:1416405, MainThread:139624799057728> (requestor.py:_fetch_single_async:206 -> middleware.py:apply_async:112) from logger `RFC.middleware_status_code`
[INFO] applying on AudioBookAudioPage(807668).AudioBookAudioFile(807668), received

2024-04-08 16:30:38,516 <requestor-worker-0:1416405, MainThread:139624799057728> (middleware.py:_apply_async:180 -> middleware.py:_apply_sync:169) from logger `RFC.middleware_status_code`
[INFO] status code 200 in response of AudioBookAudioPage(807668).AudioBookAudioFile(807668)

2024-04-08 16:30:38,519 <requestor-worker-0:1416405, MainThread:139624799057728> (requestor.py:_fetch_single_async:206 -> middleware.py:apply_async:115) from logger `RFC.middleware_status_code`
[INFO] applied on AudioBookAudioPage(807668).AudioBookAudioFile(807668), sent

2024-04-08 16:30:43,349 <requestor-worker-0:1416405, MainThread:139624799057728> (requestor.py:_fetch_single_async:206 -> middleware.py:apply_async:112) from logger `RFC.middleware_status_code`
[INFO] applying on AudioBookAudioPage(807370).AudioBookAudioFile(807370), received

2024-04-08 16:30:43,352 <requestor-worker-0:1416405, MainThread:139624799057728> (middleware.py:_apply_async:180 -> middleware.py:_apply_sync:169) from logger `RFC.middleware_status_code`
[INFO] status code 200 in response of AudioBookAudioPage(807370).AudioBookAudioFile(807370)

2024-04-08 16:30:43,354 <requestor-worker-0:1416405, MainThread:139624799057728> (requestor.py:_fetch_single_async:206 -> middleware.py:apply_async:115) from logger `RFC.middleware_status_code`
[INFO] applied on AudioBookAudioPage(807370).AudioBookAudioFile(807370), sent

2024-04-08 16:30:47,246 <requestor-worker-0:1416405, MainThread:139624799057728> (requestor.py:_fetch_single_async:206 -> middleware.py:apply_async:112) from logger `RFC.middleware_status_code`
[INFO] applying on AudioBookAudioPage(807509).AudioBookAudioFile(807509), received

2024-04-08 16:30:47,249 <requestor-worker-0:1416405, MainThread:139624799057728> (middleware.py:_apply_async:180 -> middleware.py:_apply_sync:169) from logger `RFC.middleware_status_code`
[INFO] status code 200 in response of AudioBookAudioPage(807509).AudioBookAudioFile(807509)

2024-04-08 16:30:47,251 <requestor-worker-0:1416405, MainThread:139624799057728> (requestor.py:_fetch_single_async:206 -> middleware.py:apply_async:115) from logger `RFC.middleware_status_code`
[INFO] applied on AudioBookAudioPage(807509).AudioBookAudioFile(807509), sent

2024-04-08 16:30:47,634 <requestor-worker-0:1416405, MainThread:139624799057728> (requestor.py:_fetch_single_async:206 -> middleware.py:apply_async:112) from logger `RFC.middleware_status_code`
[INFO] applying on AudioBookAudioPage(807675).AudioBookAudioFile(807675), received

2024-04-08 16:30:47,637 <requestor-worker-0:1416405, MainThread:139624799057728> (middleware.py:_apply_async:180 -> middleware.py:_apply_sync:169) from logger `RFC.middleware_status_code`
[INFO] status code 200 in response of AudioBookAudioPage(807675).AudioBookAudioFile(807675)

2024-04-08 16:30:47,639 <requestor-worker-0:1416405, MainThread:139624799057728> (requestor.py:_fetch_single_async:206 -> middleware.py:apply_async:115) from logger `RFC.middleware_status_code`
[INFO] applied on AudioBookAudioPage(807675).AudioBookAudioFile(807675), sent

2024-04-08 16:30:50,337 <requestor-worker-0:1416405, MainThread:139624799057728> (requestor.py:_fetch_single_async:206 -> middleware.py:apply_async:112) from logger `RFC.middleware_status_code`
[INFO] applying on AudioBookAudioPage(807367).AudioBookAudioFile(807367), received

2024-04-08 16:30:50,340 <requestor-worker-0:1416405, MainThread:139624799057728> (middleware.py:_apply_async:180 -> middleware.py:_apply_sync:169) from logger `RFC.middleware_status_code`
[INFO] status code 200 in response of AudioBookAudioPage(807367).AudioBookAudioFile(807367)

2024-04-08 16:30:50,342 <requestor-worker-0:1416405, MainThread:139624799057728> (requestor.py:_fetch_single_async:206 -> middleware.py:apply_async:115) from logger `RFC.middleware_status_code`
[INFO] applied on AudioBookAudioPage(807367).AudioBookAudioFile(807367), sent

2024-04-08 16:30:50,888 <requestor-worker-0:1416405, MainThread:139624799057728> (requestor.py:_fetch_single_async:206 -> middleware.py:apply_async:112) from logger `RFC.middleware_status_code`
[INFO] applying on AudioBookAudioPage(807719).AudioBookAudioFile(807719), received

2024-04-08 16:30:50,891 <requestor-worker-0:1416405, MainThread:139624799057728> (middleware.py:_apply_async:180 -> middleware.py:_apply_sync:169) from logger `RFC.middleware_status_code`
[INFO] status code 200 in response of AudioBookAudioPage(807719).AudioBookAudioFile(807719)

2024-04-08 16:30:50,894 <requestor-worker-0:1416405, MainThread:139624799057728> (requestor.py:_fetch_single_async:206 -> middleware.py:apply_async:115) from logger `RFC.middleware_status_code`
[INFO] applied on AudioBookAudioPage(807719).AudioBookAudioFile(807719), sent

2024-04-08 16:31:06,076 <requestor-worker-0:1416405, MainThread:139624799057728> (requestor.py:_fetch_single_async:206 -> middleware.py:apply_async:112) from logger `RFC.middleware_status_code`
[INFO] applying on AudioBookAudioPage(807630).AudioBookAudioFile(807630), received

2024-04-08 16:31:06,077 <requestor-worker-0:1416405, MainThread:139624799057728> (middleware.py:_apply_async:180 -> middleware.py:_apply_sync:169) from logger `RFC.middleware_status_code`
[INFO] status code 200 in response of AudioBookAudioPage(807630).AudioBookAudioFile(807630)

2024-04-08 16:31:06,078 <requestor-worker-0:1416405, MainThread:139624799057728> (requestor.py:_fetch_single_async:206 -> middleware.py:apply_async:115) from logger `RFC.middleware_status_code`
[INFO] applied on AudioBookAudioPage(807630).AudioBookAudioFile(807630), sent

2024-04-08 16:31:10,880 <requestor-worker-0:1416405, MainThread:139624799057728> (requestor.py:_fetch_single_async:206 -> middleware.py:apply_async:112) from logger `RFC.middleware_status_code`
[INFO] applying on AudioBookAudioPage(807644).AudioBookAudioFile(807644), received

2024-04-08 16:31:10,882 <requestor-worker-0:1416405, MainThread:139624799057728> (middleware.py:_apply_async:180 -> middleware.py:_apply_sync:169) from logger `RFC.middleware_status_code`
[INFO] status code 200 in response of AudioBookAudioPage(807644).AudioBookAudioFile(807644)

2024-04-08 16:31:10,885 <requestor-worker-0:1416405, MainThread:139624799057728> (requestor.py:_fetch_single_async:206 -> middleware.py:apply_async:115) from logger `RFC.middleware_status_code`
[INFO] applied on AudioBookAudioPage(807644).AudioBookAudioFile(807644), sent

2024-04-08 16:31:34,150 <requestor-worker-0:1416405, MainThread:139624799057728> (requestor.py:_fetch_single_async:206 -> middleware.py:apply_async:112) from logger `RFC.middleware_status_code`
[INFO] applying on AudioBookAudioPage(807657).AudioBookAudioFile(807657), received

2024-04-08 16:31:34,151 <requestor-worker-0:1416405, MainThread:139624799057728> (middleware.py:_apply_async:180 -> middleware.py:_apply_sync:169) from logger `RFC.middleware_status_code`
[INFO] status code 200 in response of AudioBookAudioPage(807657).AudioBookAudioFile(807657)

2024-04-08 16:31:34,152 <requestor-worker-0:1416405, MainThread:139624799057728> (requestor.py:_fetch_single_async:206 -> middleware.py:apply_async:115) from logger `RFC.middleware_status_code`
[INFO] applied on AudioBookAudioPage(807657).AudioBookAudioFile(807657), sent

2024-04-08 16:31:36,355 <requestor-worker-0:1416405, MainThread:139624799057728> (requestor.py:_fetch_single_async:206 -> middleware.py:apply_async:112) from logger `RFC.middleware_status_code`
[INFO] applying on AudioBookAudioPage(807740).AudioBookAudioFile(807740), received

2024-04-08 16:31:36,358 <requestor-worker-0:1416405, MainThread:139624799057728> (middleware.py:_apply_async:180 -> middleware.py:_apply_sync:169) from logger `RFC.middleware_status_code`
[INFO] status code 200 in response of AudioBookAudioPage(807740).AudioBookAudioFile(807740)

2024-04-08 16:31:36,360 <requestor-worker-0:1416405, MainThread:139624799057728> (requestor.py:_fetch_single_async:206 -> middleware.py:apply_async:115) from logger `RFC.middleware_status_code`
[INFO] applied on AudioBookAudioPage(807740).AudioBookAudioFile(807740), sent

2024-04-08 16:31:38,747 <requestor-worker-0:1416405, MainThread:139624799057728> (requestor.py:_fetch_single_async:206 -> middleware.py:apply_async:112) from logger `RFC.middleware_status_code`
[INFO] applying on AudioBookAudioPage(807661).AudioBookAudioFile(807661), received

2024-04-08 16:31:38,750 <requestor-worker-0:1416405, MainThread:139624799057728> (middleware.py:_apply_async:180 -> middleware.py:_apply_sync:169) from logger `RFC.middleware_status_code`
[INFO] status code 200 in response of AudioBookAudioPage(807661).AudioBookAudioFile(807661)

2024-04-08 16:31:38,753 <requestor-worker-0:1416405, MainThread:139624799057728> (requestor.py:_fetch_single_async:206 -> middleware.py:apply_async:115) from logger `RFC.middleware_status_code`
[INFO] applied on AudioBookAudioPage(807661).AudioBookAudioFile(807661), sent

2024-04-08 16:31:39,813 <requestor-worker-0:1416405, MainThread:139624799057728> (requestor.py:_fetch_single_async:206 -> middleware.py:apply_async:112) from logger `RFC.middleware_status_code`
[INFO] applying on AudioBookAudioPage(807741).AudioBookAudioFile(807741), received

2024-04-08 16:31:39,816 <requestor-worker-0:1416405, MainThread:139624799057728> (middleware.py:_apply_async:180 -> middleware.py:_apply_sync:169) from logger `RFC.middleware_status_code`
[INFO] status code 200 in response of AudioBookAudioPage(807741).AudioBookAudioFile(807741)

2024-04-08 16:31:39,818 <requestor-worker-0:1416405, MainThread:139624799057728> (requestor.py:_fetch_single_async:206 -> middleware.py:apply_async:115) from logger `RFC.middleware_status_code`
[INFO] applied on AudioBookAudioPage(807741).AudioBookAudioFile(807741), sent

2024-04-08 16:31:42,365 <requestor-worker-0:1416405, MainThread:139624799057728> (requestor.py:_fetch_single_async:206 -> middleware.py:apply_async:112) from logger `RFC.middleware_status_code`
[INFO] applying on AudioBookAudioPage(807668).AudioBookAudioFile(807668), received

2024-04-08 16:31:42,367 <requestor-worker-0:1416405, MainThread:139624799057728> (middleware.py:_apply_async:180 -> middleware.py:_apply_sync:169) from logger `RFC.middleware_status_code`
[INFO] status code 200 in response of AudioBookAudioPage(807668).AudioBookAudioFile(807668)

2024-04-08 16:31:42,370 <requestor-worker-0:1416405, MainThread:139624799057728> (requestor.py:_fetch_single_async:206 -> middleware.py:apply_async:115) from logger `RFC.middleware_status_code`
[INFO] applied on AudioBookAudioPage(807668).AudioBookAudioFile(807668), sent

2024-04-08 16:31:47,145 <requestor-worker-0:1416405, MainThread:139624799057728> (requestor.py:_fetch_single_async:206 -> middleware.py:apply_async:112) from logger `RFC.middleware_status_code`
[INFO] applying on AudioBookAudioPage(807742).AudioBookAudioFile(807742), received

2024-04-08 16:31:47,146 <requestor-worker-0:1416405, MainThread:139624799057728> (middleware.py:_apply_async:180 -> middleware.py:_apply_sync:169) from logger `RFC.middleware_status_code`
[INFO] status code 200 in response of AudioBookAudioPage(807742).AudioBookAudioFile(807742)

2024-04-08 16:31:47,147 <requestor-worker-0:1416405, MainThread:139624799057728> (requestor.py:_fetch_single_async:206 -> middleware.py:apply_async:115) from logger `RFC.middleware_status_code`
[INFO] applied on AudioBookAudioPage(807742).AudioBookAudioFile(807742), sent

2024-04-08 16:31:48,088 <requestor-worker-0:1416405, MainThread:139624799057728> (requestor.py:_fetch_single_async:206 -> middleware.py:apply_async:112) from logger `RFC.middleware_status_code`
[INFO] applying on AudioBookAudioPage(807744).AudioBookAudioFile(807744), received

2024-04-08 16:31:48,090 <requestor-worker-0:1416405, MainThread:139624799057728> (middleware.py:_apply_async:180 -> middleware.py:_apply_sync:169) from logger `RFC.middleware_status_code`
[INFO] status code 200 in response of AudioBookAudioPage(807744).AudioBookAudioFile(807744)

2024-04-08 16:31:48,093 <requestor-worker-0:1416405, MainThread:139624799057728> (requestor.py:_fetch_single_async:206 -> middleware.py:apply_async:115) from logger `RFC.middleware_status_code`
[INFO] applied on AudioBookAudioPage(807744).AudioBookAudioFile(807744), sent

2024-04-08 16:31:49,242 <requestor-worker-0:1416405, MainThread:139624799057728> (requestor.py:_fetch_single_async:206 -> middleware.py:apply_async:112) from logger `RFC.middleware_status_code`
[INFO] applying on AudioBookAudioPage(807611).AudioBookAudioFile(807611), received

2024-04-08 16:31:49,245 <requestor-worker-0:1416405, MainThread:139624799057728> (middleware.py:_apply_async:180 -> middleware.py:_apply_sync:169) from logger `RFC.middleware_status_code`
[INFO] status code 200 in response of AudioBookAudioPage(807611).AudioBookAudioFile(807611)

2024-04-08 16:31:49,248 <requestor-worker-0:1416405, MainThread:139624799057728> (requestor.py:_fetch_single_async:206 -> middleware.py:apply_async:115) from logger `RFC.middleware_status_code`
[INFO] applied on AudioBookAudioPage(807611).AudioBookAudioFile(807611), sent

2024-04-08 16:31:52,332 <requestor-worker-0:1416405, MainThread:139624799057728> (requestor.py:_fetch_single_async:206 -> middleware.py:apply_async:112) from logger `RFC.middleware_status_code`
[INFO] applying on AudioBookAudioPage(807675).AudioBookAudioFile(807675), received

2024-04-08 16:31:52,335 <requestor-worker-0:1416405, MainThread:139624799057728> (middleware.py:_apply_async:180 -> middleware.py:_apply_sync:169) from logger `RFC.middleware_status_code`
[INFO] status code 200 in response of AudioBookAudioPage(807675).AudioBookAudioFile(807675)

2024-04-08 16:31:52,339 <requestor-worker-0:1416405, MainThread:139624799057728> (requestor.py:_fetch_single_async:206 -> middleware.py:apply_async:115) from logger `RFC.middleware_status_code`
[INFO] applied on AudioBookAudioPage(807675).AudioBookAudioFile(807675), sent

2024-04-08 16:31:53,937 <requestor-worker-0:1416405, MainThread:139624799057728> (requestor.py:_fetch_single_async:206 -> middleware.py:apply_async:112) from logger `RFC.middleware_status_code`
[INFO] applying on AudioBookAudioPage(807509).AudioBookAudioFile(807509), received

2024-04-08 16:31:53,939 <requestor-worker-0:1416405, MainThread:139624799057728> (middleware.py:_apply_async:180 -> middleware.py:_apply_sync:169) from logger `RFC.middleware_status_code`
[INFO] status code 200 in response of AudioBookAudioPage(807509).AudioBookAudioFile(807509)

2024-04-08 16:31:53,942 <requestor-worker-0:1416405, MainThread:139624799057728> (requestor.py:_fetch_single_async:206 -> middleware.py:apply_async:115) from logger `RFC.middleware_status_code`
[INFO] applied on AudioBookAudioPage(807509).AudioBookAudioFile(807509), sent

2024-04-08 16:31:54,281 <requestor-worker-0:1416405, MainThread:139624799057728> (requestor.py:_fetch_single_async:206 -> middleware.py:apply_async:112) from logger `RFC.middleware_status_code`
[INFO] applying on AudioBookAudioPage(807719).AudioBookAudioFile(807719), received

2024-04-08 16:31:54,283 <requestor-worker-0:1416405, MainThread:139624799057728> (middleware.py:_apply_async:180 -> middleware.py:_apply_sync:169) from logger `RFC.middleware_status_code`
[INFO] status code 200 in response of AudioBookAudioPage(807719).AudioBookAudioFile(807719)

2024-04-08 16:31:54,286 <requestor-worker-0:1416405, MainThread:139624799057728> (requestor.py:_fetch_single_async:206 -> middleware.py:apply_async:115) from logger `RFC.middleware_status_code`
[INFO] applied on AudioBookAudioPage(807719).AudioBookAudioFile(807719), sent

2024-04-08 16:31:59,851 <requestor-worker-0:1416405, MainThread:139624799057728> (requestor.py:_fetch_single_async:206 -> middleware.py:apply_async:112) from logger `RFC.middleware_status_code`
[INFO] applying on AudioBookAudioPage(807764), received

2024-04-08 16:31:59,853 <requestor-worker-0:1416405, MainThread:139624799057728> (middleware.py:_apply_async:180 -> middleware.py:_apply_sync:169) from logger `RFC.middleware_status_code`
[INFO] status code 200 in response of AudioBookAudioPage(807764)

2024-04-08 16:31:59,856 <requestor-worker-0:1416405, MainThread:139624799057728> (requestor.py:_fetch_single_async:206 -> middleware.py:apply_async:115) from logger `RFC.middleware_status_code`
[INFO] applied on AudioBookAudioPage(807764), sent

2024-04-08 16:32:01,634 <requestor-worker-0:1416405, MainThread:139624799057728> (requestor.py:_fetch_single_async:206 -> middleware.py:apply_async:112) from logger `RFC.middleware_status_code`
[INFO] applying on AudioBookAudioPage(807653).AudioBookAudioFile(807653), received

2024-04-08 16:32:01,637 <requestor-worker-0:1416405, MainThread:139624799057728> (middleware.py:_apply_async:180 -> middleware.py:_apply_sync:169) from logger `RFC.middleware_status_code`
[INFO] status code 200 in response of AudioBookAudioPage(807653).AudioBookAudioFile(807653)

2024-04-08 16:32:01,639 <requestor-worker-0:1416405, MainThread:139624799057728> (requestor.py:_fetch_single_async:206 -> middleware.py:apply_async:115) from logger `RFC.middleware_status_code`
[INFO] applied on AudioBookAudioPage(807653).AudioBookAudioFile(807653), sent

2024-04-08 16:32:03,809 <requestor-worker-0:1416405, MainThread:139624799057728> (requestor.py:_fetch_single_async:206 -> middleware.py:apply_async:112) from logger `RFC.middleware_status_code`
[INFO] applying on AudioBookAudioPage(807772).AudioBookAudioFile(807772), received

2024-04-08 16:32:03,812 <requestor-worker-0:1416405, MainThread:139624799057728> (middleware.py:_apply_async:180 -> middleware.py:_apply_sync:169) from logger `RFC.middleware_status_code`
[INFO] status code 200 in response of AudioBookAudioPage(807772).AudioBookAudioFile(807772)

2024-04-08 16:32:03,814 <requestor-worker-0:1416405, MainThread:139624799057728> (requestor.py:_fetch_single_async:206 -> middleware.py:apply_async:115) from logger `RFC.middleware_status_code`
[INFO] applied on AudioBookAudioPage(807772).AudioBookAudioFile(807772), sent

2024-04-08 16:32:07,624 <requestor-worker-0:1416405, MainThread:139624799057728> (requestor.py:_fetch_single_async:206 -> middleware.py:apply_async:112) from logger `RFC.middleware_status_code`
[INFO] applying on AudioBookAudioPage(807773).AudioBookAudioFile(807773), received

2024-04-08 16:32:07,627 <requestor-worker-0:1416405, MainThread:139624799057728> (middleware.py:_apply_async:180 -> middleware.py:_apply_sync:169) from logger `RFC.middleware_status_code`
[INFO] status code 200 in response of AudioBookAudioPage(807773).AudioBookAudioFile(807773)

2024-04-08 16:32:07,630 <requestor-worker-0:1416405, MainThread:139624799057728> (requestor.py:_fetch_single_async:206 -> middleware.py:apply_async:115) from logger `RFC.middleware_status_code`
[INFO] applied on AudioBookAudioPage(807773).AudioBookAudioFile(807773), sent

2024-04-08 16:32:16,501 <requestor-worker-0:1416405, MainThread:139624799057728> (requestor.py:_fetch_single_async:206 -> middleware.py:apply_async:112) from logger `RFC.middleware_status_code`
[INFO] applying on AudioBookAudioPage(807779), received

2024-04-08 16:32:16,505 <requestor-worker-0:1416405, MainThread:139624799057728> (middleware.py:_apply_async:180 -> middleware.py:_apply_sync:169) from logger `RFC.middleware_status_code`
[INFO] status code 200 in response of AudioBookAudioPage(807779)

2024-04-08 16:32:16,507 <requestor-worker-0:1416405, MainThread:139624799057728> (requestor.py:_fetch_single_async:206 -> middleware.py:apply_async:115) from logger `RFC.middleware_status_code`
[INFO] applied on AudioBookAudioPage(807779), sent

2024-04-08 16:32:18,542 <requestor-worker-0:1416405, MainThread:139624799057728> (requestor.py:_fetch_single_async:206 -> middleware.py:apply_async:112) from logger `RFC.middleware_status_code`
[INFO] applying on AudioBookAudioPage(807779).AudioBookAudioFile(807779), received

2024-04-08 16:32:18,544 <requestor-worker-0:1416405, MainThread:139624799057728> (middleware.py:_apply_async:180 -> middleware.py:_apply_sync:169) from logger `RFC.middleware_status_code`
[INFO] status code 200 in response of AudioBookAudioPage(807779).AudioBookAudioFile(807779)

2024-04-08 16:32:18,546 <requestor-worker-0:1416405, MainThread:139624799057728> (requestor.py:_fetch_single_async:206 -> middleware.py:apply_async:115) from logger `RFC.middleware_status_code`
[INFO] applied on AudioBookAudioPage(807779).AudioBookAudioFile(807779), sent

2024-04-08 16:32:32,527 <requestor-worker-0:1416405, MainThread:139624799057728> (requestor.py:_fetch_single_async:206 -> middleware.py:apply_async:112) from logger `RFC.middleware_status_code`
[INFO] applying on AudioBookAudioPage(808165).AudioBookAudioFile(808165), received

2024-04-08 16:32:32,530 <requestor-worker-0:1416405, MainThread:139624799057728> (middleware.py:_apply_async:180 -> middleware.py:_apply_sync:169) from logger `RFC.middleware_status_code`
[INFO] status code 200 in response of AudioBookAudioPage(808165).AudioBookAudioFile(808165)

2024-04-08 16:32:32,533 <requestor-worker-0:1416405, MainThread:139624799057728> (requestor.py:_fetch_single_async:206 -> middleware.py:apply_async:115) from logger `RFC.middleware_status_code`
[INFO] applied on AudioBookAudioPage(808165).AudioBookAudioFile(808165), sent

2024-04-08 16:32:35,012 <requestor-worker-0:1416405, MainThread:139624799057728> (requestor.py:_fetch_single_async:206 -> middleware.py:apply_async:112) from logger `RFC.middleware_status_code`
[INFO] applying on AudioBookAudioPage(807657).AudioBookAudioFile(807657), received

2024-04-08 16:32:35,015 <requestor-worker-0:1416405, MainThread:139624799057728> (middleware.py:_apply_async:180 -> middleware.py:_apply_sync:169) from logger `RFC.middleware_status_code`
[INFO] status code 200 in response of AudioBookAudioPage(807657).AudioBookAudioFile(807657)

2024-04-08 16:32:35,017 <requestor-worker-0:1416405, MainThread:139624799057728> (requestor.py:_fetch_single_async:206 -> middleware.py:apply_async:115) from logger `RFC.middleware_status_code`
[INFO] applied on AudioBookAudioPage(807657).AudioBookAudioFile(807657), sent

2024-04-08 16:32:37,156 <requestor-worker-0:1416405, MainThread:139624799057728> (requestor.py:_fetch_single_async:206 -> middleware.py:apply_async:112) from logger `RFC.middleware_status_code`
[INFO] applying on AudioBookAudioPage(807740).AudioBookAudioFile(807740), received

2024-04-08 16:32:37,159 <requestor-worker-0:1416405, MainThread:139624799057728> (middleware.py:_apply_async:180 -> middleware.py:_apply_sync:169) from logger `RFC.middleware_status_code`
[INFO] status code 200 in response of AudioBookAudioPage(807740).AudioBookAudioFile(807740)

2024-04-08 16:32:37,162 <requestor-worker-0:1416405, MainThread:139624799057728> (requestor.py:_fetch_single_async:206 -> middleware.py:apply_async:115) from logger `RFC.middleware_status_code`
[INFO] applied on AudioBookAudioPage(807740).AudioBookAudioFile(807740), sent

2024-04-08 16:32:41,226 <requestor-worker-0:1416405, MainThread:139624799057728> (requestor.py:_fetch_single_async:206 -> middleware.py:apply_async:112) from logger `RFC.middleware_status_code`
[INFO] applying on AudioBookAudioPage(807661).AudioBookAudioFile(807661), received

2024-04-08 16:32:41,229 <requestor-worker-0:1416405, MainThread:139624799057728> (middleware.py:_apply_async:180 -> middleware.py:_apply_sync:169) from logger `RFC.middleware_status_code`
[INFO] status code 200 in response of AudioBookAudioPage(807661).AudioBookAudioFile(807661)

2024-04-08 16:32:41,232 <requestor-worker-0:1416405, MainThread:139624799057728> (requestor.py:_fetch_single_async:206 -> middleware.py:apply_async:115) from logger `RFC.middleware_status_code`
[INFO] applied on AudioBookAudioPage(807661).AudioBookAudioFile(807661), sent

2024-04-08 16:32:43,095 <requestor-worker-0:1416405, MainThread:139624799057728> (requestor.py:_fetch_single_async:206 -> middleware.py:apply_async:112) from logger `RFC.middleware_status_code`
[INFO] applying on AudioBookAudioPage(807741).AudioBookAudioFile(807741), received

2024-04-08 16:32:43,098 <requestor-worker-0:1416405, MainThread:139624799057728> (middleware.py:_apply_async:180 -> middleware.py:_apply_sync:169) from logger `RFC.middleware_status_code`
[INFO] status code 200 in response of AudioBookAudioPage(807741).AudioBookAudioFile(807741)

2024-04-08 16:32:43,100 <requestor-worker-0:1416405, MainThread:139624799057728> (requestor.py:_fetch_single_async:206 -> middleware.py:apply_async:115) from logger `RFC.middleware_status_code`
[INFO] applied on AudioBookAudioPage(807741).AudioBookAudioFile(807741), sent

2024-04-08 16:32:45,142 <requestor-worker-0:1416405, MainThread:139624799057728> (requestor.py:_fetch_single_async:206 -> middleware.py:apply_async:112) from logger `RFC.middleware_status_code`
[INFO] applying on AudioBookAudioPage(807668).AudioBookAudioFile(807668), received

2024-04-08 16:32:45,145 <requestor-worker-0:1416405, MainThread:139624799057728> (middleware.py:_apply_async:180 -> middleware.py:_apply_sync:169) from logger `RFC.middleware_status_code`
[INFO] status code 200 in response of AudioBookAudioPage(807668).AudioBookAudioFile(807668)

2024-04-08 16:32:45,147 <requestor-worker-0:1416405, MainThread:139624799057728> (requestor.py:_fetch_single_async:206 -> middleware.py:apply_async:115) from logger `RFC.middleware_status_code`
[INFO] applied on AudioBookAudioPage(807668).AudioBookAudioFile(807668), sent

2024-04-08 16:32:51,533 <requestor-worker-0:1416405, MainThread:139624799057728> (requestor.py:_fetch_single_async:206 -> middleware.py:apply_async:112) from logger `RFC.middleware_status_code`
[INFO] applying on AudioBookAudioPage(807823).AudioBookAudioFile(807823), received

2024-04-08 16:32:51,536 <requestor-worker-0:1416405, MainThread:139624799057728> (middleware.py:_apply_async:180 -> middleware.py:_apply_sync:169) from logger `RFC.middleware_status_code`
[INFO] status code 200 in response of AudioBookAudioPage(807823).AudioBookAudioFile(807823)

2024-04-08 16:32:51,538 <requestor-worker-0:1416405, MainThread:139624799057728> (requestor.py:_fetch_single_async:206 -> middleware.py:apply_async:115) from logger `RFC.middleware_status_code`
[INFO] applied on AudioBookAudioPage(807823).AudioBookAudioFile(807823), sent

2024-04-08 16:32:52,384 <requestor-worker-0:1416405, MainThread:139624799057728> (requestor.py:_fetch_single_async:206 -> middleware.py:apply_async:112) from logger `RFC.middleware_status_code`
[INFO] applying on AudioBookAudioPage(807611).AudioBookAudioFile(807611), received

2024-04-08 16:32:52,385 <requestor-worker-0:1416405, MainThread:139624799057728> (middleware.py:_apply_async:180 -> middleware.py:_apply_sync:169) from logger `RFC.middleware_status_code`
[INFO] status code 200 in response of AudioBookAudioPage(807611).AudioBookAudioFile(807611)

2024-04-08 16:32:52,386 <requestor-worker-0:1416405, MainThread:139624799057728> (requestor.py:_fetch_single_async:206 -> middleware.py:apply_async:115) from logger `RFC.middleware_status_code`
[INFO] applied on AudioBookAudioPage(807611).AudioBookAudioFile(807611), sent

2024-04-08 16:32:55,408 <requestor-worker-0:1416405, MainThread:139624799057728> (requestor.py:_fetch_single_async:206 -> middleware.py:apply_async:112) from logger `RFC.middleware_status_code`
[INFO] applying on AudioBookAudioPage(807675).AudioBookAudioFile(807675), received

2024-04-08 16:32:55,411 <requestor-worker-0:1416405, MainThread:139624799057728> (middleware.py:_apply_async:180 -> middleware.py:_apply_sync:169) from logger `RFC.middleware_status_code`
[INFO] status code 200 in response of AudioBookAudioPage(807675).AudioBookAudioFile(807675)

2024-04-08 16:32:55,413 <requestor-worker-0:1416405, MainThread:139624799057728> (requestor.py:_fetch_single_async:206 -> middleware.py:apply_async:115) from logger `RFC.middleware_status_code`
[INFO] applied on AudioBookAudioPage(807675).AudioBookAudioFile(807675), sent

2024-04-08 16:32:59,420 <requestor-worker-0:1416405, MainThread:139624799057728> (requestor.py:_fetch_single_async:206 -> middleware.py:apply_async:112) from logger `RFC.middleware_status_code`
[INFO] applying on AudioBookAudioPage(807719).AudioBookAudioFile(807719), received

2024-04-08 16:32:59,423 <requestor-worker-0:1416405, MainThread:139624799057728> (middleware.py:_apply_async:180 -> middleware.py:_apply_sync:169) from logger `RFC.middleware_status_code`
[INFO] status code 200 in response of AudioBookAudioPage(807719).AudioBookAudioFile(807719)

2024-04-08 16:32:59,426 <requestor-worker-0:1416405, MainThread:139624799057728> (requestor.py:_fetch_single_async:206 -> middleware.py:apply_async:115) from logger `RFC.middleware_status_code`
[INFO] applied on AudioBookAudioPage(807719).AudioBookAudioFile(807719), sent

2024-04-08 16:33:48,658 <requestor-worker-0:1416405, MainThread:139624799057728> (requestor.py:_fetch_single_async:206 -> middleware.py:apply_async:112) from logger `RFC.middleware_status_code`
[INFO] applying on AudioBookAudioPage(807740).AudioBookAudioFile(807740), received

2024-04-08 16:33:48,659 <requestor-worker-0:1416405, MainThread:139624799057728> (middleware.py:_apply_async:180 -> middleware.py:_apply_sync:169) from logger `RFC.middleware_status_code`
[INFO] status code 200 in response of AudioBookAudioPage(807740).AudioBookAudioFile(807740)

2024-04-08 16:33:48,661 <requestor-worker-0:1416405, MainThread:139624799057728> (requestor.py:_fetch_single_async:206 -> middleware.py:apply_async:115) from logger `RFC.middleware_status_code`
[INFO] applied on AudioBookAudioPage(807740).AudioBookAudioFile(807740), sent

2024-04-08 16:33:49,520 <requestor-worker-0:1416405, MainThread:139624799057728> (requestor.py:_fetch_single_async:206 -> middleware.py:apply_async:112) from logger `RFC.middleware_status_code`
[INFO] applying on AudioBookAudioPage(807661).AudioBookAudioFile(807661), received

2024-04-08 16:33:49,523 <requestor-worker-0:1416405, MainThread:139624799057728> (middleware.py:_apply_async:180 -> middleware.py:_apply_sync:169) from logger `RFC.middleware_status_code`
[INFO] status code 200 in response of AudioBookAudioPage(807661).AudioBookAudioFile(807661)

2024-04-08 16:33:49,526 <requestor-worker-0:1416405, MainThread:139624799057728> (requestor.py:_fetch_single_async:206 -> middleware.py:apply_async:115) from logger `RFC.middleware_status_code`
[INFO] applied on AudioBookAudioPage(807661).AudioBookAudioFile(807661), sent

2024-04-08 16:33:50,234 <requestor-worker-0:1416405, MainThread:139624799057728> (requestor.py:_fetch_single_async:206 -> middleware.py:apply_async:112) from logger `RFC.middleware_status_code`
[INFO] applying on AudioBookAudioPage(807657).AudioBookAudioFile(807657), received

2024-04-08 16:33:50,237 <requestor-worker-0:1416405, MainThread:139624799057728> (middleware.py:_apply_async:180 -> middleware.py:_apply_sync:169) from logger `RFC.middleware_status_code`
[INFO] status code 200 in response of AudioBookAudioPage(807657).AudioBookAudioFile(807657)

2024-04-08 16:33:50,240 <requestor-worker-0:1416405, MainThread:139624799057728> (requestor.py:_fetch_single_async:206 -> middleware.py:apply_async:115) from logger `RFC.middleware_status_code`
[INFO] applied on AudioBookAudioPage(807657).AudioBookAudioFile(807657), sent

2024-04-08 16:33:52,661 <requestor-worker-0:1416405, MainThread:139624799057728> (requestor.py:_fetch_single_async:206 -> middleware.py:apply_async:112) from logger `RFC.middleware_status_code`
[INFO] applying on AudioBookAudioPage(807823).AudioBookAudioFile(807823), received

2024-04-08 16:33:52,664 <requestor-worker-0:1416405, MainThread:139624799057728> (middleware.py:_apply_async:180 -> middleware.py:_apply_sync:169) from logger `RFC.middleware_status_code`
[INFO] status code 200 in response of AudioBookAudioPage(807823).AudioBookAudioFile(807823)

2024-04-08 16:33:52,667 <requestor-worker-0:1416405, MainThread:139624799057728> (requestor.py:_fetch_single_async:206 -> middleware.py:apply_async:115) from logger `RFC.middleware_status_code`
[INFO] applied on AudioBookAudioPage(807823).AudioBookAudioFile(807823), sent

2024-04-08 16:33:53,790 <requestor-worker-0:1416405, MainThread:139624799057728> (requestor.py:_fetch_single_async:206 -> middleware.py:apply_async:112) from logger `RFC.middleware_status_code`
[INFO] applying on AudioBookAudioPage(807675).AudioBookAudioFile(807675), received

2024-04-08 16:33:53,791 <requestor-worker-0:1416405, MainThread:139624799057728> (middleware.py:_apply_async:180 -> middleware.py:_apply_sync:169) from logger `RFC.middleware_status_code`
[INFO] status code 200 in response of AudioBookAudioPage(807675).AudioBookAudioFile(807675)

2024-04-08 16:33:53,792 <requestor-worker-0:1416405, MainThread:139624799057728> (requestor.py:_fetch_single_async:206 -> middleware.py:apply_async:115) from logger `RFC.middleware_status_code`
[INFO] applied on AudioBookAudioPage(807675).AudioBookAudioFile(807675), sent

2024-04-08 16:33:54,520 <requestor-worker-0:1416405, MainThread:139624799057728> (requestor.py:_fetch_single_async:206 -> middleware.py:apply_async:112) from logger `RFC.middleware_status_code`
[INFO] applying on AudioBookAudioPage(807741).AudioBookAudioFile(807741), received

2024-04-08 16:33:54,523 <requestor-worker-0:1416405, MainThread:139624799057728> (middleware.py:_apply_async:180 -> middleware.py:_apply_sync:169) from logger `RFC.middleware_status_code`
[INFO] status code 200 in response of AudioBookAudioPage(807741).AudioBookAudioFile(807741)

2024-04-08 16:33:54,526 <requestor-worker-0:1416405, MainThread:139624799057728> (requestor.py:_fetch_single_async:206 -> middleware.py:apply_async:115) from logger `RFC.middleware_status_code`
[INFO] applied on AudioBookAudioPage(807741).AudioBookAudioFile(807741), sent

2024-04-08 16:33:54,798 <requestor-worker-0:1416405, MainThread:139624799057728> (requestor.py:_fetch_single_async:206 -> middleware.py:apply_async:112) from logger `RFC.middleware_status_code`
[INFO] applying on AudioBookAudioPage(807719).AudioBookAudioFile(807719), received

2024-04-08 16:33:54,799 <requestor-worker-0:1416405, MainThread:139624799057728> (middleware.py:_apply_async:180 -> middleware.py:_apply_sync:169) from logger `RFC.middleware_status_code`
[INFO] status code 200 in response of AudioBookAudioPage(807719).AudioBookAudioFile(807719)

2024-04-08 16:33:54,800 <requestor-worker-0:1416405, MainThread:139624799057728> (requestor.py:_fetch_single_async:206 -> middleware.py:apply_async:115) from logger `RFC.middleware_status_code`
[INFO] applied on AudioBookAudioPage(807719).AudioBookAudioFile(807719), sent

2024-04-08 16:33:56,100 <requestor-worker-0:1416405, MainThread:139624799057728> (requestor.py:_fetch_single_async:206 -> middleware.py:apply_async:112) from logger `RFC.middleware_status_code`
[INFO] applying on AudioBookAudioPage(807991).AudioBookAudioFile(807991), received

2024-04-08 16:33:56,102 <requestor-worker-0:1416405, MainThread:139624799057728> (middleware.py:_apply_async:180 -> middleware.py:_apply_sync:169) from logger `RFC.middleware_status_code`
[INFO] status code 200 in response of AudioBookAudioPage(807991).AudioBookAudioFile(807991)

2024-04-08 16:33:56,103 <requestor-worker-0:1416405, MainThread:139624799057728> (requestor.py:_fetch_single_async:206 -> middleware.py:apply_async:115) from logger `RFC.middleware_status_code`
[INFO] applied on AudioBookAudioPage(807991).AudioBookAudioFile(807991), sent

2024-04-08 16:34:05,598 <requestor-worker-0:1416405, MainThread:139624799057728> (requestor.py:_fetch_single_async:206 -> middleware.py:apply_async:112) from logger `RFC.middleware_status_code`
[INFO] applying on AudioBookAudioPage(808165).AudioBookAudioFile(808165), received

2024-04-08 16:34:05,601 <requestor-worker-0:1416405, MainThread:139624799057728> (middleware.py:_apply_async:180 -> middleware.py:_apply_sync:169) from logger `RFC.middleware_status_code`
[INFO] status code 200 in response of AudioBookAudioPage(808165).AudioBookAudioFile(808165)

2024-04-08 16:34:05,604 <requestor-worker-0:1416405, MainThread:139624799057728> (requestor.py:_fetch_single_async:206 -> middleware.py:apply_async:115) from logger `RFC.middleware_status_code`
[INFO] applied on AudioBookAudioPage(808165).AudioBookAudioFile(808165), sent

2024-04-08 16:34:06,349 <requestor-worker-0:1416405, MainThread:139624799057728> (requestor.py:_fetch_single_async:206 -> middleware.py:apply_async:112) from logger `RFC.middleware_status_code`
[INFO] applying on AudioBookAudioPage(808129).AudioBookAudioFile(808129), received

2024-04-08 16:34:06,352 <requestor-worker-0:1416405, MainThread:139624799057728> (middleware.py:_apply_async:180 -> middleware.py:_apply_sync:169) from logger `RFC.middleware_status_code`
[INFO] status code 200 in response of AudioBookAudioPage(808129).AudioBookAudioFile(808129)

2024-04-08 16:34:06,355 <requestor-worker-0:1416405, MainThread:139624799057728> (requestor.py:_fetch_single_async:206 -> middleware.py:apply_async:115) from logger `RFC.middleware_status_code`
[INFO] applied on AudioBookAudioPage(808129).AudioBookAudioFile(808129), sent

2024-04-08 16:34:12,466 <requestor-worker-0:1416405, MainThread:139624799057728> (requestor.py:_fetch_single_async:206 -> middleware.py:apply_async:112) from logger `RFC.middleware_status_code`
[INFO] applying on AudioBookAudioPage(807772).AudioBookAudioFile(807772), received

2024-04-08 16:34:12,467 <requestor-worker-0:1416405, MainThread:139624799057728> (middleware.py:_apply_async:180 -> middleware.py:_apply_sync:169) from logger `RFC.middleware_status_code`
[INFO] status code 200 in response of AudioBookAudioPage(807772).AudioBookAudioFile(807772)

2024-04-08 16:34:12,468 <requestor-worker-0:1416405, MainThread:139624799057728> (requestor.py:_fetch_single_async:206 -> middleware.py:apply_async:115) from logger `RFC.middleware_status_code`
[INFO] applied on AudioBookAudioPage(807772).AudioBookAudioFile(807772), sent

2024-04-08 16:34:13,754 <requestor-worker-0:1416405, MainThread:139624799057728> (requestor.py:_fetch_single_async:206 -> middleware.py:apply_async:112) from logger `RFC.middleware_status_code`
[INFO] applying on AudioBookAudioPage(808124).AudioBookAudioFile(808124), received

2024-04-08 16:34:13,756 <requestor-worker-0:1416405, MainThread:139624799057728> (middleware.py:_apply_async:180 -> middleware.py:_apply_sync:169) from logger `RFC.middleware_status_code`
[INFO] status code 200 in response of AudioBookAudioPage(808124).AudioBookAudioFile(808124)

2024-04-08 16:34:13,759 <requestor-worker-0:1416405, MainThread:139624799057728> (requestor.py:_fetch_single_async:206 -> middleware.py:apply_async:115) from logger `RFC.middleware_status_code`
[INFO] applied on AudioBookAudioPage(808124).AudioBookAudioFile(808124), sent

2024-04-08 16:34:16,027 <requestor-worker-0:1416405, MainThread:139624799057728> (requestor.py:_fetch_single_async:206 -> middleware.py:apply_async:112) from logger `RFC.middleware_status_code`
[INFO] applying on AudioBookAudioPage(808157).AudioBookAudioFile(808157), received

2024-04-08 16:34:16,029 <requestor-worker-0:1416405, MainThread:139624799057728> (middleware.py:_apply_async:180 -> middleware.py:_apply_sync:169) from logger `RFC.middleware_status_code`
[INFO] status code 200 in response of AudioBookAudioPage(808157).AudioBookAudioFile(808157)

2024-04-08 16:34:16,031 <requestor-worker-0:1416405, MainThread:139624799057728> (requestor.py:_fetch_single_async:206 -> middleware.py:apply_async:115) from logger `RFC.middleware_status_code`
[INFO] applied on AudioBookAudioPage(808157).AudioBookAudioFile(808157), sent

2024-04-08 16:34:37,051 <requestor-worker-0:1416405, MainThread:139624799057728> (requestor.py:_fetch_single_async:206 -> middleware.py:apply_async:112) from logger `RFC.middleware_status_code`
[INFO] applying on AudioBookAudioPage(808165).AudioBookAudioFile(808165), received

2024-04-08 16:34:37,054 <requestor-worker-0:1416405, MainThread:139624799057728> (middleware.py:_apply_async:180 -> middleware.py:_apply_sync:169) from logger `RFC.middleware_status_code`
[INFO] status code 200 in response of AudioBookAudioPage(808165).AudioBookAudioFile(808165)

2024-04-08 16:34:37,057 <requestor-worker-0:1416405, MainThread:139624799057728> (requestor.py:_fetch_single_async:206 -> middleware.py:apply_async:115) from logger `RFC.middleware_status_code`
[INFO] applied on AudioBookAudioPage(808165).AudioBookAudioFile(808165), sent

2024-04-08 16:34:37,973 <requestor-worker-0:1416405, MainThread:139624799057728> (requestor.py:_fetch_single_async:206 -> middleware.py:apply_async:112) from logger `RFC.middleware_status_code`
[INFO] applying on AudioBookAudioPage(808170).AudioBookAudioFile(808170), received

2024-04-08 16:34:37,976 <requestor-worker-0:1416405, MainThread:139624799057728> (middleware.py:_apply_async:180 -> middleware.py:_apply_sync:169) from logger `RFC.middleware_status_code`
[INFO] status code 200 in response of AudioBookAudioPage(808170).AudioBookAudioFile(808170)

2024-04-08 16:34:37,978 <requestor-worker-0:1416405, MainThread:139624799057728> (requestor.py:_fetch_single_async:206 -> middleware.py:apply_async:115) from logger `RFC.middleware_status_code`
[INFO] applied on AudioBookAudioPage(808170).AudioBookAudioFile(808170), sent

2024-04-08 16:34:38,577 <requestor-worker-0:1416405, MainThread:139624799057728> (requestor.py:_fetch_single_async:206 -> middleware.py:apply_async:112) from logger `RFC.middleware_status_code`
[INFO] applying on AudioBookAudioPage(808179), received

2024-04-08 16:34:38,580 <requestor-worker-0:1416405, MainThread:139624799057728> (requestor.py:_fetch_single_async:206 -> middleware.py:apply_async:119) from logger `RFC.middleware_status_code`
[ERROR] failed on AudioBookAudioPage(808179), caught error ValueError('unexpected status code 404 in response of AudioBookAudioPage(808179)')

2024-04-08 16:34:40,348 <requestor-worker-0:1416405, MainThread:139624799057728> (requestor.py:_fetch_single_async:206 -> middleware.py:apply_async:112) from logger `RFC.middleware_status_code`
[INFO] applying on AudioBookAudioPage(808178).AudioBookAudioFile(808178), received

2024-04-08 16:34:40,351 <requestor-worker-0:1416405, MainThread:139624799057728> (middleware.py:_apply_async:180 -> middleware.py:_apply_sync:169) from logger `RFC.middleware_status_code`
[INFO] status code 200 in response of AudioBookAudioPage(808178).AudioBookAudioFile(808178)

2024-04-08 16:34:40,353 <requestor-worker-0:1416405, MainThread:139624799057728> (requestor.py:_fetch_single_async:206 -> middleware.py:apply_async:115) from logger `RFC.middleware_status_code`
[INFO] applied on AudioBookAudioPage(808178).AudioBookAudioFile(808178), sent

2024-04-08 16:34:40,742 <requestor-worker-0:1416405, MainThread:139624799057728> (requestor.py:_fetch_single_async:206 -> middleware.py:apply_async:112) from logger `RFC.middleware_status_code`
[INFO] applying on AudioBookAudioPage(807740).AudioBookAudioFile(807740), received

2024-04-08 16:34:40,745 <requestor-worker-0:1416405, MainThread:139624799057728> (middleware.py:_apply_async:180 -> middleware.py:_apply_sync:169) from logger `RFC.middleware_status_code`
[INFO] status code 200 in response of AudioBookAudioPage(807740).AudioBookAudioFile(807740)

2024-04-08 16:34:40,747 <requestor-worker-0:1416405, MainThread:139624799057728> (requestor.py:_fetch_single_async:206 -> middleware.py:apply_async:115) from logger `RFC.middleware_status_code`
[INFO] applied on AudioBookAudioPage(807740).AudioBookAudioFile(807740), sent

2024-04-08 16:34:44,149 <requestor-worker-0:1416405, MainThread:139624799057728> (requestor.py:_fetch_single_async:206 -> middleware.py:apply_async:112) from logger `RFC.middleware_status_code`
[INFO] applying on AudioBookAudioPage(808183).AudioBookAudioFile(808183), received

2024-04-08 16:34:44,152 <requestor-worker-0:1416405, MainThread:139624799057728> (middleware.py:_apply_async:180 -> middleware.py:_apply_sync:169) from logger `RFC.middleware_status_code`
[INFO] status code 200 in response of AudioBookAudioPage(808183).AudioBookAudioFile(808183)

2024-04-08 16:34:44,154 <requestor-worker-0:1416405, MainThread:139624799057728> (requestor.py:_fetch_single_async:206 -> middleware.py:apply_async:115) from logger `RFC.middleware_status_code`
[INFO] applied on AudioBookAudioPage(808183).AudioBookAudioFile(808183), sent

2024-04-08 16:34:46,664 <requestor-worker-0:1416405, MainThread:139624799057728> (requestor.py:_fetch_single_async:206 -> middleware.py:apply_async:112) from logger `RFC.middleware_status_code`
[INFO] applying on AudioBookAudioPage(807741).AudioBookAudioFile(807741), received

2024-04-08 16:34:46,665 <requestor-worker-0:1416405, MainThread:139624799057728> (middleware.py:_apply_async:180 -> middleware.py:_apply_sync:169) from logger `RFC.middleware_status_code`
[INFO] status code 200 in response of AudioBookAudioPage(807741).AudioBookAudioFile(807741)

2024-04-08 16:34:46,666 <requestor-worker-0:1416405, MainThread:139624799057728> (requestor.py:_fetch_single_async:206 -> middleware.py:apply_async:115) from logger `RFC.middleware_status_code`
[INFO] applied on AudioBookAudioPage(807741).AudioBookAudioFile(807741), sent

2024-04-08 16:34:54,753 <requestor-worker-0:1416405, MainThread:139624799057728> (requestor.py:_fetch_single_async:206 -> middleware.py:apply_async:112) from logger `RFC.middleware_status_code`
[INFO] applying on AudioBookAudioPage(807991).AudioBookAudioFile(807991), received

2024-04-08 16:34:54,756 <requestor-worker-0:1416405, MainThread:139624799057728> (middleware.py:_apply_async:180 -> middleware.py:_apply_sync:169) from logger `RFC.middleware_status_code`
[INFO] status code 200 in response of AudioBookAudioPage(807991).AudioBookAudioFile(807991)

2024-04-08 16:34:54,759 <requestor-worker-0:1416405, MainThread:139624799057728> (requestor.py:_fetch_single_async:206 -> middleware.py:apply_async:115) from logger `RFC.middleware_status_code`
[INFO] applied on AudioBookAudioPage(807991).AudioBookAudioFile(807991), sent

2024-04-08 16:34:54,935 <requestor-worker-0:1416405, MainThread:139624799057728> (requestor.py:_fetch_single_async:206 -> middleware.py:apply_async:112) from logger `RFC.middleware_status_code`
[INFO] applying on AudioBookAudioPage(808198), received

2024-04-08 16:34:54,938 <requestor-worker-0:1416405, MainThread:139624799057728> (requestor.py:_fetch_single_async:206 -> middleware.py:apply_async:119) from logger `RFC.middleware_status_code`
[ERROR] failed on AudioBookAudioPage(808198), caught error ValueError('unexpected status code 404 in response of AudioBookAudioPage(808198)')

2024-04-08 16:34:59,151 <requestor-worker-0:1416405, MainThread:139624799057728> (requestor.py:_fetch_single_async:206 -> middleware.py:apply_async:112) from logger `RFC.middleware_status_code`
[INFO] applying on AudioBookAudioPage(808201).AudioBookAudioFile(808201), received

2024-04-08 16:34:59,152 <requestor-worker-0:1416405, MainThread:139624799057728> (middleware.py:_apply_async:180 -> middleware.py:_apply_sync:169) from logger `RFC.middleware_status_code`
[INFO] status code 200 in response of AudioBookAudioPage(808201).AudioBookAudioFile(808201)

2024-04-08 16:34:59,153 <requestor-worker-0:1416405, MainThread:139624799057728> (requestor.py:_fetch_single_async:206 -> middleware.py:apply_async:115) from logger `RFC.middleware_status_code`
[INFO] applied on AudioBookAudioPage(808201).AudioBookAudioFile(808201), sent

2024-04-08 16:34:59,925 <requestor-worker-0:1416405, MainThread:139624799057728> (requestor.py:_fetch_single_async:206 -> middleware.py:apply_async:112) from logger `RFC.middleware_status_code`
[INFO] applying on AudioBookAudioPage(808196).AudioBookAudioFile(808196), received

2024-04-08 16:34:59,927 <requestor-worker-0:1416405, MainThread:139624799057728> (middleware.py:_apply_async:180 -> middleware.py:_apply_sync:169) from logger `RFC.middleware_status_code`
[INFO] status code 200 in response of AudioBookAudioPage(808196).AudioBookAudioFile(808196)

2024-04-08 16:34:59,929 <requestor-worker-0:1416405, MainThread:139624799057728> (requestor.py:_fetch_single_async:206 -> middleware.py:apply_async:115) from logger `RFC.middleware_status_code`
[INFO] applied on AudioBookAudioPage(808196).AudioBookAudioFile(808196), sent

2024-04-08 16:35:02,308 <requestor-worker-0:1416405, MainThread:139624799057728> (requestor.py:_fetch_single_async:206 -> middleware.py:apply_async:112) from logger `RFC.middleware_status_code`
[INFO] applying on AudioBookAudioPage(809466).AudioBookAudioFile(809466), received

2024-04-08 16:35:02,309 <requestor-worker-0:1416405, MainThread:139624799057728> (middleware.py:_apply_async:180 -> middleware.py:_apply_sync:169) from logger `RFC.middleware_status_code`
[INFO] status code 200 in response of AudioBookAudioPage(809466).AudioBookAudioFile(809466)

2024-04-08 16:35:02,311 <requestor-worker-0:1416405, MainThread:139624799057728> (requestor.py:_fetch_single_async:206 -> middleware.py:apply_async:115) from logger `RFC.middleware_status_code`
[INFO] applied on AudioBookAudioPage(809466).AudioBookAudioFile(809466), sent

2024-04-08 16:35:05,393 <requestor-worker-0:1416405, MainThread:139624799057728> (requestor.py:_fetch_single_async:206 -> middleware.py:apply_async:112) from logger `RFC.middleware_status_code`
[INFO] applying on AudioBookAudioPage(808217).AudioBookAudioFile(808217), received

2024-04-08 16:35:05,395 <requestor-worker-0:1416405, MainThread:139624799057728> (middleware.py:_apply_async:180 -> middleware.py:_apply_sync:169) from logger `RFC.middleware_status_code`
[INFO] status code 200 in response of AudioBookAudioPage(808217).AudioBookAudioFile(808217)

2024-04-08 16:35:05,398 <requestor-worker-0:1416405, MainThread:139624799057728> (requestor.py:_fetch_single_async:206 -> middleware.py:apply_async:115) from logger `RFC.middleware_status_code`
[INFO] applied on AudioBookAudioPage(808217).AudioBookAudioFile(808217), sent

2024-04-08 16:35:07,632 <requestor-worker-0:1416405, MainThread:139624799057728> (requestor.py:_fetch_single_async:206 -> middleware.py:apply_async:112) from logger `RFC.middleware_status_code`
[INFO] applying on AudioBookAudioPage(808124).AudioBookAudioFile(808124), received

2024-04-08 16:35:07,634 <requestor-worker-0:1416405, MainThread:139624799057728> (middleware.py:_apply_async:180 -> middleware.py:_apply_sync:169) from logger `RFC.middleware_status_code`
[INFO] status code 200 in response of AudioBookAudioPage(808124).AudioBookAudioFile(808124)

2024-04-08 16:35:07,637 <requestor-worker-0:1416405, MainThread:139624799057728> (requestor.py:_fetch_single_async:206 -> middleware.py:apply_async:115) from logger `RFC.middleware_status_code`
[INFO] applied on AudioBookAudioPage(808124).AudioBookAudioFile(808124), sent

2024-04-08 16:35:08,720 <requestor-worker-0:1416405, MainThread:139624799057728> (requestor.py:_fetch_single_async:206 -> middleware.py:apply_async:112) from logger `RFC.middleware_status_code`
[INFO] applying on AudioBookAudioPage(808129).AudioBookAudioFile(808129), received

2024-04-08 16:35:08,723 <requestor-worker-0:1416405, MainThread:139624799057728> (middleware.py:_apply_async:180 -> middleware.py:_apply_sync:169) from logger `RFC.middleware_status_code`
[INFO] status code 200 in response of AudioBookAudioPage(808129).AudioBookAudioFile(808129)

2024-04-08 16:35:08,725 <requestor-worker-0:1416405, MainThread:139624799057728> (requestor.py:_fetch_single_async:206 -> middleware.py:apply_async:115) from logger `RFC.middleware_status_code`
[INFO] applied on AudioBookAudioPage(808129).AudioBookAudioFile(808129), sent

2024-04-08 16:35:11,983 <requestor-worker-0:1416405, MainThread:139624799057728> (requestor.py:_fetch_single_async:206 -> middleware.py:apply_async:112) from logger `RFC.middleware_status_code`
[INFO] applying on AudioBookAudioPage(807772).AudioBookAudioFile(807772), received

2024-04-08 16:35:11,987 <requestor-worker-0:1416405, MainThread:139624799057728> (middleware.py:_apply_async:180 -> middleware.py:_apply_sync:169) from logger `RFC.middleware_status_code`
[INFO] status code 200 in response of AudioBookAudioPage(807772).AudioBookAudioFile(807772)

2024-04-08 16:35:11,990 <requestor-worker-0:1416405, MainThread:139624799057728> (requestor.py:_fetch_single_async:206 -> middleware.py:apply_async:115) from logger `RFC.middleware_status_code`
[INFO] applied on AudioBookAudioPage(807772).AudioBookAudioFile(807772), sent

2024-04-08 16:35:16,308 <requestor-worker-0:1416405, MainThread:139624799057728> (requestor.py:_fetch_single_async:206 -> middleware.py:apply_async:112) from logger `RFC.middleware_status_code`
[INFO] applying on AudioBookAudioPage(808157).AudioBookAudioFile(808157), received

2024-04-08 16:35:16,311 <requestor-worker-0:1416405, MainThread:139624799057728> (middleware.py:_apply_async:180 -> middleware.py:_apply_sync:169) from logger `RFC.middleware_status_code`
[INFO] status code 200 in response of AudioBookAudioPage(808157).AudioBookAudioFile(808157)

2024-04-08 16:35:16,313 <requestor-worker-0:1416405, MainThread:139624799057728> (requestor.py:_fetch_single_async:206 -> middleware.py:apply_async:115) from logger `RFC.middleware_status_code`
[INFO] applied on AudioBookAudioPage(808157).AudioBookAudioFile(808157), sent

2024-04-08 16:35:43,206 <requestor-worker-0:1416405, MainThread:139624799057728> (requestor.py:_fetch_single_async:206 -> middleware.py:apply_async:112) from logger `RFC.middleware_status_code`
[INFO] applying on AudioBookAudioPage(808317).AudioBookAudioFile(808317), received

2024-04-08 16:35:43,209 <requestor-worker-0:1416405, MainThread:139624799057728> (middleware.py:_apply_async:180 -> middleware.py:_apply_sync:169) from logger `RFC.middleware_status_code`
[INFO] status code 200 in response of AudioBookAudioPage(808317).AudioBookAudioFile(808317)

2024-04-08 16:35:43,211 <requestor-worker-0:1416405, MainThread:139624799057728> (requestor.py:_fetch_single_async:206 -> middleware.py:apply_async:115) from logger `RFC.middleware_status_code`
[INFO] applied on AudioBookAudioPage(808317).AudioBookAudioFile(808317), sent

2024-04-08 16:35:47,425 <requestor-worker-0:1416405, MainThread:139624799057728> (requestor.py:_fetch_single_async:206 -> middleware.py:apply_async:112) from logger `RFC.middleware_status_code`
[INFO] applying on AudioBookAudioPage(808183).AudioBookAudioFile(808183), received

2024-04-08 16:35:47,428 <requestor-worker-0:1416405, MainThread:139624799057728> (middleware.py:_apply_async:180 -> middleware.py:_apply_sync:169) from logger `RFC.middleware_status_code`
[INFO] status code 200 in response of AudioBookAudioPage(808183).AudioBookAudioFile(808183)

2024-04-08 16:35:47,431 <requestor-worker-0:1416405, MainThread:139624799057728> (requestor.py:_fetch_single_async:206 -> middleware.py:apply_async:115) from logger `RFC.middleware_status_code`
[INFO] applied on AudioBookAudioPage(808183).AudioBookAudioFile(808183), sent

2024-04-08 16:35:53,510 <requestor-worker-0:1416405, MainThread:139624799057728> (requestor.py:_fetch_single_async:206 -> middleware.py:apply_async:112) from logger `RFC.middleware_status_code`
[INFO] applying on AudioBookAudioPage(808340).AudioBookAudioFile(808340), received

2024-04-08 16:35:53,513 <requestor-worker-0:1416405, MainThread:139624799057728> (middleware.py:_apply_async:180 -> middleware.py:_apply_sync:169) from logger `RFC.middleware_status_code`
[INFO] status code 200 in response of AudioBookAudioPage(808340).AudioBookAudioFile(808340)

2024-04-08 16:35:53,515 <requestor-worker-0:1416405, MainThread:139624799057728> (requestor.py:_fetch_single_async:206 -> middleware.py:apply_async:115) from logger `RFC.middleware_status_code`
[INFO] applied on AudioBookAudioPage(808340).AudioBookAudioFile(808340), sent

2024-04-08 16:36:01,250 <requestor-worker-0:1416405, MainThread:139624799057728> (requestor.py:_fetch_single_async:206 -> middleware.py:apply_async:112) from logger `RFC.middleware_status_code`
[INFO] applying on AudioBookAudioPage(807991).AudioBookAudioFile(807991), received

2024-04-08 16:36:01,251 <requestor-worker-0:1416405, MainThread:139624799057728> (middleware.py:_apply_async:180 -> middleware.py:_apply_sync:169) from logger `RFC.middleware_status_code`
[INFO] status code 200 in response of AudioBookAudioPage(807991).AudioBookAudioFile(807991)

2024-04-08 16:36:01,252 <requestor-worker-0:1416405, MainThread:139624799057728> (requestor.py:_fetch_single_async:206 -> middleware.py:apply_async:115) from logger `RFC.middleware_status_code`
[INFO] applied on AudioBookAudioPage(807991).AudioBookAudioFile(807991), sent

2024-04-08 16:36:04,332 <requestor-worker-0:1416405, MainThread:139624799057728> (requestor.py:_fetch_single_async:206 -> middleware.py:apply_async:112) from logger `RFC.middleware_status_code`
[INFO] applying on AudioBookAudioPage(808201).AudioBookAudioFile(808201), received

2024-04-08 16:36:04,334 <requestor-worker-0:1416405, MainThread:139624799057728> (middleware.py:_apply_async:180 -> middleware.py:_apply_sync:169) from logger `RFC.middleware_status_code`
[INFO] status code 200 in response of AudioBookAudioPage(808201).AudioBookAudioFile(808201)

2024-04-08 16:36:04,335 <requestor-worker-0:1416405, MainThread:139624799057728> (requestor.py:_fetch_single_async:206 -> middleware.py:apply_async:115) from logger `RFC.middleware_status_code`
[INFO] applied on AudioBookAudioPage(808201).AudioBookAudioFile(808201), sent

2024-04-08 16:36:04,970 <requestor-worker-0:1416405, MainThread:139624799057728> (requestor.py:_fetch_single_async:206 -> middleware.py:apply_async:112) from logger `RFC.middleware_status_code`
[INFO] applying on AudioBookAudioPage(808196).AudioBookAudioFile(808196), received

2024-04-08 16:36:04,975 <requestor-worker-0:1416405, MainThread:139624799057728> (middleware.py:_apply_async:180 -> middleware.py:_apply_sync:169) from logger `RFC.middleware_status_code`
[INFO] status code 200 in response of AudioBookAudioPage(808196).AudioBookAudioFile(808196)

2024-04-08 16:36:04,978 <requestor-worker-0:1416405, MainThread:139624799057728> (requestor.py:_fetch_single_async:206 -> middleware.py:apply_async:115) from logger `RFC.middleware_status_code`
[INFO] applied on AudioBookAudioPage(808196).AudioBookAudioFile(808196), sent

2024-04-08 16:36:08,127 <requestor-worker-0:1416405, MainThread:139624799057728> (requestor.py:_fetch_single_async:206 -> middleware.py:apply_async:112) from logger `RFC.middleware_status_code`
[INFO] applying on AudioBookAudioPage(808217).AudioBookAudioFile(808217), received

2024-04-08 16:36:08,128 <requestor-worker-0:1416405, MainThread:139624799057728> (middleware.py:_apply_async:180 -> middleware.py:_apply_sync:169) from logger `RFC.middleware_status_code`
[INFO] status code 200 in response of AudioBookAudioPage(808217).AudioBookAudioFile(808217)

2024-04-08 16:36:08,129 <requestor-worker-0:1416405, MainThread:139624799057728> (requestor.py:_fetch_single_async:206 -> middleware.py:apply_async:115) from logger `RFC.middleware_status_code`
[INFO] applied on AudioBookAudioPage(808217).AudioBookAudioFile(808217), sent

2024-04-08 16:36:08,366 <requestor-worker-0:1416405, MainThread:139624799057728> (requestor.py:_fetch_single_async:206 -> middleware.py:apply_async:112) from logger `RFC.middleware_status_code`
[INFO] applying on AudioBookAudioPage(809466).AudioBookAudioFile(809466), received

2024-04-08 16:36:08,368 <requestor-worker-0:1416405, MainThread:139624799057728> (middleware.py:_apply_async:180 -> middleware.py:_apply_sync:169) from logger `RFC.middleware_status_code`
[INFO] status code 200 in response of AudioBookAudioPage(809466).AudioBookAudioFile(809466)

2024-04-08 16:36:08,371 <requestor-worker-0:1416405, MainThread:139624799057728> (requestor.py:_fetch_single_async:206 -> middleware.py:apply_async:115) from logger `RFC.middleware_status_code`
[INFO] applied on AudioBookAudioPage(809466).AudioBookAudioFile(809466), sent

2024-04-08 16:36:09,864 <requestor-worker-0:1416405, MainThread:139624799057728> (requestor.py:_fetch_single_async:206 -> middleware.py:apply_async:112) from logger `RFC.middleware_status_code`
[INFO] applying on AudioBookAudioPage(808365), received

2024-04-08 16:36:09,866 <requestor-worker-0:1416405, MainThread:139624799057728> (middleware.py:_apply_async:180 -> middleware.py:_apply_sync:169) from logger `RFC.middleware_status_code`
[INFO] status code 200 in response of AudioBookAudioPage(808365)

2024-04-08 16:36:09,869 <requestor-worker-0:1416405, MainThread:139624799057728> (requestor.py:_fetch_single_async:206 -> middleware.py:apply_async:115) from logger `RFC.middleware_status_code`
[INFO] applied on AudioBookAudioPage(808365), sent

2024-04-08 16:36:35,955 <requestor-worker-0:1416405, MainThread:139624799057728> (requestor.py:_fetch_single_async:206 -> middleware.py:apply_async:112) from logger `RFC.middleware_status_code`
[INFO] applying on AudioBookAudioPage(808124).AudioBookAudioFile(808124), received

2024-04-08 16:36:35,956 <requestor-worker-0:1416405, MainThread:139624799057728> (middleware.py:_apply_async:180 -> middleware.py:_apply_sync:169) from logger `RFC.middleware_status_code`
[INFO] status code 200 in response of AudioBookAudioPage(808124).AudioBookAudioFile(808124)

2024-04-08 16:36:35,957 <requestor-worker-0:1416405, MainThread:139624799057728> (requestor.py:_fetch_single_async:206 -> middleware.py:apply_async:115) from logger `RFC.middleware_status_code`
[INFO] applied on AudioBookAudioPage(808124).AudioBookAudioFile(808124), sent

2024-04-08 16:36:35,963 <requestor-worker-0:1416405, MainThread:139624799057728> (requestor.py:_fetch_single_async:206 -> middleware.py:apply_async:112) from logger `RFC.middleware_status_code`
[INFO] applying on AudioBookAudioPage(808129).AudioBookAudioFile(808129), received

2024-04-08 16:36:35,964 <requestor-worker-0:1416405, MainThread:139624799057728> (middleware.py:_apply_async:180 -> middleware.py:_apply_sync:169) from logger `RFC.middleware_status_code`
[INFO] status code 200 in response of AudioBookAudioPage(808129).AudioBookAudioFile(808129)

2024-04-08 16:36:35,964 <requestor-worker-0:1416405, MainThread:139624799057728> (requestor.py:_fetch_single_async:206 -> middleware.py:apply_async:115) from logger `RFC.middleware_status_code`
[INFO] applied on AudioBookAudioPage(808129).AudioBookAudioFile(808129), sent

2024-04-08 16:36:39,327 <requestor-worker-0:1416405, MainThread:139624799057728> (requestor.py:_fetch_single_async:206 -> middleware.py:apply_async:112) from logger `RFC.middleware_status_code`
[INFO] applying on AudioBookAudioPage(808157).AudioBookAudioFile(808157), received

2024-04-08 16:36:39,330 <requestor-worker-0:1416405, MainThread:139624799057728> (middleware.py:_apply_async:180 -> middleware.py:_apply_sync:169) from logger `RFC.middleware_status_code`
[INFO] status code 200 in response of AudioBookAudioPage(808157).AudioBookAudioFile(808157)

2024-04-08 16:36:39,333 <requestor-worker-0:1416405, MainThread:139624799057728> (requestor.py:_fetch_single_async:206 -> middleware.py:apply_async:115) from logger `RFC.middleware_status_code`
[INFO] applied on AudioBookAudioPage(808157).AudioBookAudioFile(808157), sent

2024-04-08 16:36:47,155 <requestor-worker-0:1416405, MainThread:139624799057728> (requestor.py:_fetch_single_async:206 -> middleware.py:apply_async:112) from logger `RFC.middleware_status_code`
[INFO] applying on AudioBookAudioPage(808183).AudioBookAudioFile(808183), received

2024-04-08 16:36:47,158 <requestor-worker-0:1416405, MainThread:139624799057728> (middleware.py:_apply_async:180 -> middleware.py:_apply_sync:169) from logger `RFC.middleware_status_code`
[INFO] status code 200 in response of AudioBookAudioPage(808183).AudioBookAudioFile(808183)

2024-04-08 16:36:47,160 <requestor-worker-0:1416405, MainThread:139624799057728> (requestor.py:_fetch_single_async:206 -> middleware.py:apply_async:115) from logger `RFC.middleware_status_code`
[INFO] applied on AudioBookAudioPage(808183).AudioBookAudioFile(808183), sent

2024-04-08 16:36:48,732 <requestor-worker-0:1416405, MainThread:139624799057728> (requestor.py:_fetch_single_async:206 -> middleware.py:apply_async:112) from logger `RFC.middleware_status_code`
[INFO] applying on AudioBookAudioPage(808340).AudioBookAudioFile(808340), received

2024-04-08 16:36:48,734 <requestor-worker-0:1416405, MainThread:139624799057728> (middleware.py:_apply_async:180 -> middleware.py:_apply_sync:169) from logger `RFC.middleware_status_code`
[INFO] status code 200 in response of AudioBookAudioPage(808340).AudioBookAudioFile(808340)

2024-04-08 16:36:48,736 <requestor-worker-0:1416405, MainThread:139624799057728> (requestor.py:_fetch_single_async:206 -> middleware.py:apply_async:115) from logger `RFC.middleware_status_code`
[INFO] applied on AudioBookAudioPage(808340).AudioBookAudioFile(808340), sent

2024-04-08 16:36:55,055 <requestor-worker-0:1416405, MainThread:139624799057728> (requestor.py:_fetch_single_async:206 -> middleware.py:apply_async:112) from logger `RFC.middleware_status_code`
[INFO] applying on AudioBookAudioPage(808408), received

2024-04-08 16:36:55,057 <requestor-worker-0:1416405, MainThread:139624799057728> (middleware.py:_apply_async:180 -> middleware.py:_apply_sync:169) from logger `RFC.middleware_status_code`
[INFO] status code 200 in response of AudioBookAudioPage(808408)

2024-04-08 16:36:55,060 <requestor-worker-0:1416405, MainThread:139624799057728> (requestor.py:_fetch_single_async:206 -> middleware.py:apply_async:115) from logger `RFC.middleware_status_code`
[INFO] applied on AudioBookAudioPage(808408), sent

2024-04-08 16:36:55,969 <requestor-worker-0:1416405, MainThread:139624799057728> (requestor.py:_fetch_single_async:206 -> middleware.py:apply_async:112) from logger `RFC.middleware_status_code`
[INFO] applying on AudioBookAudioPage(808409), received

2024-04-08 16:36:55,972 <requestor-worker-0:1416405, MainThread:139624799057728> (middleware.py:_apply_async:180 -> middleware.py:_apply_sync:169) from logger `RFC.middleware_status_code`
[INFO] status code 200 in response of AudioBookAudioPage(808409)

2024-04-08 16:36:55,975 <requestor-worker-0:1416405, MainThread:139624799057728> (requestor.py:_fetch_single_async:206 -> middleware.py:apply_async:115) from logger `RFC.middleware_status_code`
[INFO] applied on AudioBookAudioPage(808409), sent

2024-04-08 16:36:56,572 <requestor-worker-0:1416405, MainThread:139624799057728> (requestor.py:_fetch_single_async:206 -> middleware.py:apply_async:112) from logger `RFC.middleware_status_code`
[INFO] applying on AudioBookAudioPage(807991).AudioBookAudioFile(807991), received

2024-04-08 16:36:56,574 <requestor-worker-0:1416405, MainThread:139624799057728> (middleware.py:_apply_async:180 -> middleware.py:_apply_sync:169) from logger `RFC.middleware_status_code`
[INFO] status code 200 in response of AudioBookAudioPage(807991).AudioBookAudioFile(807991)

2024-04-08 16:36:56,577 <requestor-worker-0:1416405, MainThread:139624799057728> (requestor.py:_fetch_single_async:206 -> middleware.py:apply_async:115) from logger `RFC.middleware_status_code`
[INFO] applied on AudioBookAudioPage(807991).AudioBookAudioFile(807991), sent

2024-04-08 16:36:57,975 <requestor-worker-0:1416405, MainThread:139624799057728> (requestor.py:_fetch_single_async:206 -> middleware.py:apply_async:112) from logger `RFC.middleware_status_code`
[INFO] applying on AudioBookAudioPage(808409).AudioBookAudioFile(808409), received

2024-04-08 16:36:57,978 <requestor-worker-0:1416405, MainThread:139624799057728> (middleware.py:_apply_async:180 -> middleware.py:_apply_sync:169) from logger `RFC.middleware_status_code`
[INFO] status code 200 in response of AudioBookAudioPage(808409).AudioBookAudioFile(808409)

2024-04-08 16:36:57,981 <requestor-worker-0:1416405, MainThread:139624799057728> (requestor.py:_fetch_single_async:206 -> middleware.py:apply_async:115) from logger `RFC.middleware_status_code`
[INFO] applied on AudioBookAudioPage(808409).AudioBookAudioFile(808409), sent

2024-04-08 16:37:00,929 <requestor-worker-0:1416405, MainThread:139624799057728> (requestor.py:_fetch_single_async:206 -> middleware.py:apply_async:112) from logger `RFC.middleware_status_code`
[INFO] applying on AudioBookAudioPage(808201).AudioBookAudioFile(808201), received

2024-04-08 16:37:00,933 <requestor-worker-0:1416405, MainThread:139624799057728> (middleware.py:_apply_async:180 -> middleware.py:_apply_sync:169) from logger `RFC.middleware_status_code`
[INFO] status code 200 in response of AudioBookAudioPage(808201).AudioBookAudioFile(808201)

2024-04-08 16:37:00,936 <requestor-worker-0:1416405, MainThread:139624799057728> (requestor.py:_fetch_single_async:206 -> middleware.py:apply_async:115) from logger `RFC.middleware_status_code`
[INFO] applied on AudioBookAudioPage(808201).AudioBookAudioFile(808201), sent

2024-04-08 16:37:01,031 <requestor-worker-0:1416405, MainThread:139624799057728> (requestor.py:_fetch_single_async:206 -> middleware.py:apply_async:112) from logger `RFC.middleware_status_code`
[INFO] applying on AudioBookAudioPage(809466).AudioBookAudioFile(809466), received

2024-04-08 16:37:01,034 <requestor-worker-0:1416405, MainThread:139624799057728> (middleware.py:_apply_async:180 -> middleware.py:_apply_sync:169) from logger `RFC.middleware_status_code`
[INFO] status code 200 in response of AudioBookAudioPage(809466).AudioBookAudioFile(809466)

2024-04-08 16:37:01,038 <requestor-worker-0:1416405, MainThread:139624799057728> (requestor.py:_fetch_single_async:206 -> middleware.py:apply_async:115) from logger `RFC.middleware_status_code`
[INFO] applied on AudioBookAudioPage(809466).AudioBookAudioFile(809466), sent

2024-04-08 16:37:01,857 <requestor-worker-0:1416405, MainThread:139624799057728> (requestor.py:_fetch_single_async:206 -> middleware.py:apply_async:112) from logger `RFC.middleware_status_code`
[INFO] applying on AudioBookAudioPage(808417), received

2024-04-08 16:37:01,859 <requestor-worker-0:1416405, MainThread:139624799057728> (middleware.py:_apply_async:180 -> middleware.py:_apply_sync:169) from logger `RFC.middleware_status_code`
[INFO] status code 200 in response of AudioBookAudioPage(808417)

2024-04-08 16:37:01,862 <requestor-worker-0:1416405, MainThread:139624799057728> (requestor.py:_fetch_single_async:206 -> middleware.py:apply_async:115) from logger `RFC.middleware_status_code`
[INFO] applied on AudioBookAudioPage(808417), sent

2024-04-08 16:37:05,470 <requestor-worker-0:1416405, MainThread:139624799057728> (requestor.py:_fetch_single_async:206 -> middleware.py:apply_async:112) from logger `RFC.middleware_status_code`
[INFO] applying on AudioBookAudioPage(808419), received

2024-04-08 16:37:05,473 <requestor-worker-0:1416405, MainThread:139624799057728> (middleware.py:_apply_async:180 -> middleware.py:_apply_sync:169) from logger `RFC.middleware_status_code`
[INFO] status code 200 in response of AudioBookAudioPage(808419)

2024-04-08 16:37:05,477 <requestor-worker-0:1416405, MainThread:139624799057728> (requestor.py:_fetch_single_async:206 -> middleware.py:apply_async:115) from logger `RFC.middleware_status_code`
[INFO] applied on AudioBookAudioPage(808419), sent

2024-04-08 16:37:05,613 <requestor-worker-0:1416405, MainThread:139624799057728> (requestor.py:_fetch_single_async:206 -> middleware.py:apply_async:112) from logger `RFC.middleware_status_code`
[INFO] applying on AudioBookAudioPage(808217).AudioBookAudioFile(808217), received

2024-04-08 16:37:05,616 <requestor-worker-0:1416405, MainThread:139624799057728> (middleware.py:_apply_async:180 -> middleware.py:_apply_sync:169) from logger `RFC.middleware_status_code`
[INFO] status code 200 in response of AudioBookAudioPage(808217).AudioBookAudioFile(808217)

2024-04-08 16:37:05,619 <requestor-worker-0:1416405, MainThread:139624799057728> (requestor.py:_fetch_single_async:206 -> middleware.py:apply_async:115) from logger `RFC.middleware_status_code`
[INFO] applied on AudioBookAudioPage(808217).AudioBookAudioFile(808217), sent

2024-04-08 16:37:10,575 <requestor-worker-0:1416405, MainThread:139624799057728> (requestor.py:_fetch_single_async:206 -> middleware.py:apply_async:112) from logger `RFC.middleware_status_code`
[INFO] applying on AudioBookAudioPage(808417).AudioBookAudioFile(808417), received

2024-04-08 16:37:10,576 <requestor-worker-0:1416405, MainThread:139624799057728> (middleware.py:_apply_async:180 -> middleware.py:_apply_sync:169) from logger `RFC.middleware_status_code`
[INFO] status code 200 in response of AudioBookAudioPage(808417).AudioBookAudioFile(808417)

2024-04-08 16:37:10,577 <requestor-worker-0:1416405, MainThread:139624799057728> (requestor.py:_fetch_single_async:206 -> middleware.py:apply_async:115) from logger `RFC.middleware_status_code`
[INFO] applied on AudioBookAudioPage(808417).AudioBookAudioFile(808417), sent

2024-04-08 16:37:11,983 <requestor-worker-0:1416405, MainThread:139624799057728> (requestor.py:_fetch_single_async:206 -> middleware.py:apply_async:112) from logger `RFC.middleware_status_code`
[INFO] applying on AudioBookAudioPage(808124).AudioBookAudioFile(808124), received

2024-04-08 16:37:11,986 <requestor-worker-0:1416405, MainThread:139624799057728> (middleware.py:_apply_async:180 -> middleware.py:_apply_sync:169) from logger `RFC.middleware_status_code`
[INFO] status code 200 in response of AudioBookAudioPage(808124).AudioBookAudioFile(808124)

2024-04-08 16:37:11,989 <requestor-worker-0:1416405, MainThread:139624799057728> (requestor.py:_fetch_single_async:206 -> middleware.py:apply_async:115) from logger `RFC.middleware_status_code`
[INFO] applied on AudioBookAudioPage(808124).AudioBookAudioFile(808124), sent

2024-04-08 16:37:13,356 <requestor-worker-0:1416405, MainThread:139624799057728> (requestor.py:_fetch_single_async:206 -> middleware.py:apply_async:112) from logger `RFC.middleware_status_code`
[INFO] applying on AudioBookAudioPage(808129).AudioBookAudioFile(808129), received

2024-04-08 16:37:13,359 <requestor-worker-0:1416405, MainThread:139624799057728> (middleware.py:_apply_async:180 -> middleware.py:_apply_sync:169) from logger `RFC.middleware_status_code`
[INFO] status code 200 in response of AudioBookAudioPage(808129).AudioBookAudioFile(808129)

2024-04-08 16:37:13,362 <requestor-worker-0:1416405, MainThread:139624799057728> (requestor.py:_fetch_single_async:206 -> middleware.py:apply_async:115) from logger `RFC.middleware_status_code`
[INFO] applied on AudioBookAudioPage(808129).AudioBookAudioFile(808129), sent

2024-04-08 16:37:13,754 <requestor-worker-0:1416405, MainThread:139624799057728> (requestor.py:_fetch_single_async:206 -> middleware.py:apply_async:112) from logger `RFC.middleware_status_code`
[INFO] applying on AudioBookAudioPage(808424), received

2024-04-08 16:37:13,757 <requestor-worker-0:1416405, MainThread:139624799057728> (middleware.py:_apply_async:180 -> middleware.py:_apply_sync:169) from logger `RFC.middleware_status_code`
[INFO] status code 200 in response of AudioBookAudioPage(808424)

2024-04-08 16:37:13,759 <requestor-worker-0:1416405, MainThread:139624799057728> (requestor.py:_fetch_single_async:206 -> middleware.py:apply_async:115) from logger `RFC.middleware_status_code`
[INFO] applied on AudioBookAudioPage(808424), sent

2024-04-08 16:37:15,818 <requestor-worker-0:1416405, MainThread:139624799057728> (requestor.py:_fetch_single_async:206 -> middleware.py:apply_async:112) from logger `RFC.middleware_status_code`
[INFO] applying on AudioBookAudioPage(808157).AudioBookAudioFile(808157), received

2024-04-08 16:37:15,820 <requestor-worker-0:1416405, MainThread:139624799057728> (middleware.py:_apply_async:180 -> middleware.py:_apply_sync:169) from logger `RFC.middleware_status_code`
[INFO] status code 200 in response of AudioBookAudioPage(808157).AudioBookAudioFile(808157)

2024-04-08 16:37:15,822 <requestor-worker-0:1416405, MainThread:139624799057728> (requestor.py:_fetch_single_async:206 -> middleware.py:apply_async:115) from logger `RFC.middleware_status_code`
[INFO] applied on AudioBookAudioPage(808157).AudioBookAudioFile(808157), sent

2024-04-08 16:37:38,892 <requestor-worker-0:1416405, MainThread:139624799057728> (requestor.py:_fetch_single_async:206 -> middleware.py:apply_async:112) from logger `RFC.middleware_status_code`
[INFO] applying on AudioBookAudioPage(808389).AudioBookAudioFile(808389), received

2024-04-08 16:37:38,894 <requestor-worker-0:1416405, MainThread:139624799057728> (middleware.py:_apply_async:180 -> middleware.py:_apply_sync:169) from logger `RFC.middleware_status_code`
[INFO] status code 200 in response of AudioBookAudioPage(808389).AudioBookAudioFile(808389)

2024-04-08 16:37:38,896 <requestor-worker-0:1416405, MainThread:139624799057728> (requestor.py:_fetch_single_async:206 -> middleware.py:apply_async:115) from logger `RFC.middleware_status_code`
[INFO] applied on AudioBookAudioPage(808389).AudioBookAudioFile(808389), sent

2024-04-08 16:37:39,001 <requestor-worker-0:1416405, MainThread:139624799057728> (requestor.py:_fetch_single_async:206 -> middleware.py:apply_async:112) from logger `RFC.middleware_status_code`
[INFO] applying on AudioBookAudioPage(808443), received

2024-04-08 16:37:39,003 <requestor-worker-0:1416405, MainThread:139624799057728> (middleware.py:_apply_async:180 -> middleware.py:_apply_sync:169) from logger `RFC.middleware_status_code`
[INFO] status code 200 in response of AudioBookAudioPage(808443)

2024-04-08 16:37:39,006 <requestor-worker-0:1416405, MainThread:139624799057728> (requestor.py:_fetch_single_async:206 -> middleware.py:apply_async:115) from logger `RFC.middleware_status_code`
[INFO] applied on AudioBookAudioPage(808443), sent

2024-04-08 16:37:43,581 <requestor-worker-0:1416405, MainThread:139624799057728> (requestor.py:_fetch_single_async:206 -> middleware.py:apply_async:112) from logger `RFC.middleware_status_code`
[INFO] applying on AudioBookAudioPage(808451), received

2024-04-08 16:37:43,584 <requestor-worker-0:1416405, MainThread:139624799057728> (middleware.py:_apply_async:180 -> middleware.py:_apply_sync:169) from logger `RFC.middleware_status_code`
[INFO] status code 200 in response of AudioBookAudioPage(808451)

2024-04-08 16:37:43,586 <requestor-worker-0:1416405, MainThread:139624799057728> (requestor.py:_fetch_single_async:206 -> middleware.py:apply_async:115) from logger `RFC.middleware_status_code`
[INFO] applied on AudioBookAudioPage(808451), sent

2024-04-08 16:37:44,062 <requestor-worker-0:1416405, MainThread:139624799057728> (requestor.py:_fetch_single_async:206 -> middleware.py:apply_async:112) from logger `RFC.middleware_status_code`
[INFO] applying on AudioBookAudioPage(808365).AudioBookAudioFile(808365), received

2024-04-08 16:37:44,065 <requestor-worker-0:1416405, MainThread:139624799057728> (middleware.py:_apply_async:180 -> middleware.py:_apply_sync:169) from logger `RFC.middleware_status_code`
[INFO] status code 200 in response of AudioBookAudioPage(808365).AudioBookAudioFile(808365)

2024-04-08 16:37:44,069 <requestor-worker-0:1416405, MainThread:139624799057728> (requestor.py:_fetch_single_async:206 -> middleware.py:apply_async:115) from logger `RFC.middleware_status_code`
[INFO] applied on AudioBookAudioPage(808365).AudioBookAudioFile(808365), sent

2024-04-08 16:37:44,629 <requestor-worker-0:1416405, MainThread:139624799057728> (requestor.py:_fetch_single_async:206 -> middleware.py:apply_async:112) from logger `RFC.middleware_status_code`
[INFO] applying on AudioBookAudioPage(808443).AudioBookAudioFile(808443), received

2024-04-08 16:37:44,632 <requestor-worker-0:1416405, MainThread:139624799057728> (middleware.py:_apply_async:180 -> middleware.py:_apply_sync:169) from logger `RFC.middleware_status_code`
[INFO] status code 200 in response of AudioBookAudioPage(808443).AudioBookAudioFile(808443)

2024-04-08 16:37:44,634 <requestor-worker-0:1416405, MainThread:139624799057728> (requestor.py:_fetch_single_async:206 -> middleware.py:apply_async:115) from logger `RFC.middleware_status_code`
[INFO] applied on AudioBookAudioPage(808443).AudioBookAudioFile(808443), sent

2024-04-08 16:37:45,902 <requestor-worker-0:1416405, MainThread:139624799057728> (requestor.py:_fetch_single_async:206 -> middleware.py:apply_async:112) from logger `RFC.middleware_status_code`
[INFO] applying on AudioBookAudioPage(808452).AudioBookAudioFile(808452), received

2024-04-08 16:37:45,905 <requestor-worker-0:1416405, MainThread:139624799057728> (middleware.py:_apply_async:180 -> middleware.py:_apply_sync:169) from logger `RFC.middleware_status_code`
[INFO] status code 200 in response of AudioBookAudioPage(808452).AudioBookAudioFile(808452)

2024-04-08 16:37:45,908 <requestor-worker-0:1416405, MainThread:139624799057728> (requestor.py:_fetch_single_async:206 -> middleware.py:apply_async:115) from logger `RFC.middleware_status_code`
[INFO] applied on AudioBookAudioPage(808452).AudioBookAudioFile(808452), sent

2024-04-08 16:37:46,780 <requestor-worker-0:1416405, MainThread:139624799057728> (requestor.py:_fetch_single_async:206 -> middleware.py:apply_async:112) from logger `RFC.middleware_status_code`
[INFO] applying on AudioBookAudioPage(808451).AudioBookAudioFile(808451), received

2024-04-08 16:37:46,781 <requestor-worker-0:1416405, MainThread:139624799057728> (middleware.py:_apply_async:180 -> middleware.py:_apply_sync:169) from logger `RFC.middleware_status_code`
[INFO] status code 200 in response of AudioBookAudioPage(808451).AudioBookAudioFile(808451)

2024-04-08 16:37:46,782 <requestor-worker-0:1416405, MainThread:139624799057728> (requestor.py:_fetch_single_async:206 -> middleware.py:apply_async:115) from logger `RFC.middleware_status_code`
[INFO] applied on AudioBookAudioPage(808451).AudioBookAudioFile(808451), sent

2024-04-08 16:37:49,491 <requestor-worker-0:1416405, MainThread:139624799057728> (requestor.py:_fetch_single_async:206 -> middleware.py:apply_async:112) from logger `RFC.middleware_status_code`
[INFO] applying on AudioBookAudioPage(808183).AudioBookAudioFile(808183), received

2024-04-08 16:37:49,492 <requestor-worker-0:1416405, MainThread:139624799057728> (middleware.py:_apply_async:180 -> middleware.py:_apply_sync:169) from logger `RFC.middleware_status_code`
[INFO] status code 200 in response of AudioBookAudioPage(808183).AudioBookAudioFile(808183)

2024-04-08 16:37:49,493 <requestor-worker-0:1416405, MainThread:139624799057728> (requestor.py:_fetch_single_async:206 -> middleware.py:apply_async:115) from logger `RFC.middleware_status_code`
[INFO] applied on AudioBookAudioPage(808183).AudioBookAudioFile(808183), sent

2024-04-08 16:37:50,045 <requestor-worker-0:1416405, MainThread:139624799057728> (requestor.py:_fetch_single_async:206 -> middleware.py:apply_async:112) from logger `RFC.middleware_status_code`
[INFO] applying on AudioBookAudioPage(808340).AudioBookAudioFile(808340), received

2024-04-08 16:37:50,047 <requestor-worker-0:1416405, MainThread:139624799057728> (middleware.py:_apply_async:180 -> middleware.py:_apply_sync:169) from logger `RFC.middleware_status_code`
[INFO] status code 200 in response of AudioBookAudioPage(808340).AudioBookAudioFile(808340)

2024-04-08 16:37:50,049 <requestor-worker-0:1416405, MainThread:139624799057728> (requestor.py:_fetch_single_async:206 -> middleware.py:apply_async:115) from logger `RFC.middleware_status_code`
[INFO] applied on AudioBookAudioPage(808340).AudioBookAudioFile(808340), sent

2024-04-08 16:37:57,811 <requestor-worker-0:1416405, MainThread:139624799057728> (requestor.py:_fetch_single_async:206 -> middleware.py:apply_async:112) from logger `RFC.middleware_status_code`
[INFO] applying on AudioBookAudioPage(808461), received

2024-04-08 16:37:57,813 <requestor-worker-0:1416405, MainThread:139624799057728> (middleware.py:_apply_async:180 -> middleware.py:_apply_sync:169) from logger `RFC.middleware_status_code`
[INFO] status code 200 in response of AudioBookAudioPage(808461)

2024-04-08 16:37:57,816 <requestor-worker-0:1416405, MainThread:139624799057728> (requestor.py:_fetch_single_async:206 -> middleware.py:apply_async:115) from logger `RFC.middleware_status_code`
[INFO] applied on AudioBookAudioPage(808461), sent

2024-04-08 16:38:00,486 <requestor-worker-0:1416405, MainThread:139624799057728> (requestor.py:_fetch_single_async:206 -> middleware.py:apply_async:112) from logger `RFC.middleware_status_code`
[INFO] applying on AudioBookAudioPage(808460).AudioBookAudioFile(808460), received

2024-04-08 16:38:00,489 <requestor-worker-0:1416405, MainThread:139624799057728> (middleware.py:_apply_async:180 -> middleware.py:_apply_sync:169) from logger `RFC.middleware_status_code`
[INFO] status code 200 in response of AudioBookAudioPage(808460).AudioBookAudioFile(808460)

2024-04-08 16:38:00,491 <requestor-worker-0:1416405, MainThread:139624799057728> (requestor.py:_fetch_single_async:206 -> middleware.py:apply_async:115) from logger `RFC.middleware_status_code`
[INFO] applied on AudioBookAudioPage(808460).AudioBookAudioFile(808460), sent

2024-04-08 16:38:00,825 <requestor-worker-0:1416405, MainThread:139624799057728> (requestor.py:_fetch_single_async:206 -> middleware.py:apply_async:112) from logger `RFC.middleware_status_code`
[INFO] applying on AudioBookAudioPage(808466), received

2024-04-08 16:38:00,826 <requestor-worker-0:1416405, MainThread:139624799057728> (middleware.py:_apply_async:180 -> middleware.py:_apply_sync:169) from logger `RFC.middleware_status_code`
[INFO] status code 200 in response of AudioBookAudioPage(808466)

2024-04-08 16:38:00,827 <requestor-worker-0:1416405, MainThread:139624799057728> (requestor.py:_fetch_single_async:206 -> middleware.py:apply_async:115) from logger `RFC.middleware_status_code`
[INFO] applied on AudioBookAudioPage(808466), sent

2024-04-08 16:38:02,402 <requestor-worker-0:1416405, MainThread:139624799057728> (requestor.py:_fetch_single_async:206 -> middleware.py:apply_async:112) from logger `RFC.middleware_status_code`
[INFO] applying on AudioBookAudioPage(808469), received

2024-04-08 16:38:02,405 <requestor-worker-0:1416405, MainThread:139624799057728> (middleware.py:_apply_async:180 -> middleware.py:_apply_sync:169) from logger `RFC.middleware_status_code`
[INFO] status code 200 in response of AudioBookAudioPage(808469)

2024-04-08 16:38:02,407 <requestor-worker-0:1416405, MainThread:139624799057728> (requestor.py:_fetch_single_async:206 -> middleware.py:apply_async:115) from logger `RFC.middleware_status_code`
[INFO] applied on AudioBookAudioPage(808469), sent

2024-04-08 16:38:04,158 <requestor-worker-0:1416405, MainThread:139624799057728> (requestor.py:_fetch_single_async:206 -> middleware.py:apply_async:112) from logger `RFC.middleware_status_code`
[INFO] applying on AudioBookAudioPage(809466).AudioBookAudioFile(809466), received

2024-04-08 16:38:04,159 <requestor-worker-0:1416405, MainThread:139624799057728> (middleware.py:_apply_async:180 -> middleware.py:_apply_sync:169) from logger `RFC.middleware_status_code`
[INFO] status code 200 in response of AudioBookAudioPage(809466).AudioBookAudioFile(809466)

2024-04-08 16:38:04,160 <requestor-worker-0:1416405, MainThread:139624799057728> (requestor.py:_fetch_single_async:206 -> middleware.py:apply_async:115) from logger `RFC.middleware_status_code`
[INFO] applied on AudioBookAudioPage(809466).AudioBookAudioFile(809466), sent

2024-04-08 16:38:05,141 <requestor-worker-0:1416405, MainThread:139624799057728> (requestor.py:_fetch_single_async:206 -> middleware.py:apply_async:112) from logger `RFC.middleware_status_code`
[INFO] applying on AudioBookAudioPage(808465).AudioBookAudioFile(808465), received

2024-04-08 16:38:05,143 <requestor-worker-0:1416405, MainThread:139624799057728> (middleware.py:_apply_async:180 -> middleware.py:_apply_sync:169) from logger `RFC.middleware_status_code`
[INFO] status code 200 in response of AudioBookAudioPage(808465).AudioBookAudioFile(808465)

2024-04-08 16:38:05,146 <requestor-worker-0:1416405, MainThread:139624799057728> (requestor.py:_fetch_single_async:206 -> middleware.py:apply_async:115) from logger `RFC.middleware_status_code`
[INFO] applied on AudioBookAudioPage(808465).AudioBookAudioFile(808465), sent

2024-04-08 16:38:06,332 <requestor-worker-0:1416405, MainThread:139624799057728> (requestor.py:_fetch_single_async:206 -> middleware.py:apply_async:112) from logger `RFC.middleware_status_code`
[INFO] applying on AudioBookAudioPage(808217).AudioBookAudioFile(808217), received

2024-04-08 16:38:06,334 <requestor-worker-0:1416405, MainThread:139624799057728> (middleware.py:_apply_async:180 -> middleware.py:_apply_sync:169) from logger `RFC.middleware_status_code`
[INFO] status code 200 in response of AudioBookAudioPage(808217).AudioBookAudioFile(808217)

2024-04-08 16:38:06,337 <requestor-worker-0:1416405, MainThread:139624799057728> (requestor.py:_fetch_single_async:206 -> middleware.py:apply_async:115) from logger `RFC.middleware_status_code`
[INFO] applied on AudioBookAudioPage(808217).AudioBookAudioFile(808217), sent

2024-04-08 16:38:09,333 <requestor-worker-0:1416405, MainThread:139624799057728> (requestor.py:_fetch_single_async:206 -> middleware.py:apply_async:112) from logger `RFC.middleware_status_code`
[INFO] applying on AudioBookAudioPage(808469).AudioBookAudioFile(808469), received

2024-04-08 16:38:09,336 <requestor-worker-0:1416405, MainThread:139624799057728> (middleware.py:_apply_async:180 -> middleware.py:_apply_sync:169) from logger `RFC.middleware_status_code`
[INFO] status code 200 in response of AudioBookAudioPage(808469).AudioBookAudioFile(808469)

2024-04-08 16:38:09,339 <requestor-worker-0:1416405, MainThread:139624799057728> (requestor.py:_fetch_single_async:206 -> middleware.py:apply_async:115) from logger `RFC.middleware_status_code`
[INFO] applied on AudioBookAudioPage(808469).AudioBookAudioFile(808469), sent

2024-04-08 16:38:09,685 <requestor-worker-0:1416405, MainThread:139624799057728> (requestor.py:_fetch_single_async:206 -> middleware.py:apply_async:112) from logger `RFC.middleware_status_code`
[INFO] applying on AudioBookAudioPage(808472), received

2024-04-08 16:38:09,687 <requestor-worker-0:1416405, MainThread:139624799057728> (middleware.py:_apply_async:180 -> middleware.py:_apply_sync:169) from logger `RFC.middleware_status_code`
[INFO] status code 200 in response of AudioBookAudioPage(808472)

2024-04-08 16:38:09,690 <requestor-worker-0:1416405, MainThread:139624799057728> (requestor.py:_fetch_single_async:206 -> middleware.py:apply_async:115) from logger `RFC.middleware_status_code`
[INFO] applied on AudioBookAudioPage(808472), sent

2024-04-08 16:38:10,094 <requestor-worker-0:1416405, MainThread:139624799057728> (requestor.py:_fetch_single_async:206 -> middleware.py:apply_async:112) from logger `RFC.middleware_status_code`
[INFO] applying on AudioBookAudioPage(808471).AudioBookAudioFile(808471), received

2024-04-08 16:38:10,094 <requestor-worker-0:1416405, MainThread:139624799057728> (middleware.py:_apply_async:180 -> middleware.py:_apply_sync:169) from logger `RFC.middleware_status_code`
[INFO] status code 200 in response of AudioBookAudioPage(808471).AudioBookAudioFile(808471)

2024-04-08 16:38:10,095 <requestor-worker-0:1416405, MainThread:139624799057728> (requestor.py:_fetch_single_async:206 -> middleware.py:apply_async:115) from logger `RFC.middleware_status_code`
[INFO] applied on AudioBookAudioPage(808471).AudioBookAudioFile(808471), sent

2024-04-08 16:38:11,804 <requestor-worker-0:1416405, MainThread:139624799057728> (requestor.py:_fetch_single_async:206 -> middleware.py:apply_async:112) from logger `RFC.middleware_status_code`
[INFO] applying on AudioBookAudioPage(808478), received

2024-04-08 16:38:11,807 <requestor-worker-0:1416405, MainThread:139624799057728> (middleware.py:_apply_async:180 -> middleware.py:_apply_sync:169) from logger `RFC.middleware_status_code`
[INFO] status code 200 in response of AudioBookAudioPage(808478)

2024-04-08 16:38:11,810 <requestor-worker-0:1416405, MainThread:139624799057728> (requestor.py:_fetch_single_async:206 -> middleware.py:apply_async:115) from logger `RFC.middleware_status_code`
[INFO] applied on AudioBookAudioPage(808478), sent

2024-04-08 16:38:13,203 <requestor-worker-0:1416405, MainThread:139624799057728> (requestor.py:_fetch_single_async:206 -> middleware.py:apply_async:112) from logger `RFC.middleware_status_code`
[INFO] applying on AudioBookAudioPage(808473).AudioBookAudioFile(808473), received

2024-04-08 16:38:13,206 <requestor-worker-0:1416405, MainThread:139624799057728> (middleware.py:_apply_async:180 -> middleware.py:_apply_sync:169) from logger `RFC.middleware_status_code`
[INFO] status code 200 in response of AudioBookAudioPage(808473).AudioBookAudioFile(808473)

2024-04-08 16:38:13,208 <requestor-worker-0:1416405, MainThread:139624799057728> (requestor.py:_fetch_single_async:206 -> middleware.py:apply_async:115) from logger `RFC.middleware_status_code`
[INFO] applied on AudioBookAudioPage(808473).AudioBookAudioFile(808473), sent

2024-04-08 16:38:16,964 <requestor-worker-0:1416405, MainThread:139624799057728> (requestor.py:_fetch_single_async:206 -> middleware.py:apply_async:112) from logger `RFC.middleware_status_code`
[INFO] applying on AudioBookAudioPage(808480).AudioBookAudioFile(808480), received

2024-04-08 16:38:16,966 <requestor-worker-0:1416405, MainThread:139624799057728> (middleware.py:_apply_async:180 -> middleware.py:_apply_sync:169) from logger `RFC.middleware_status_code`
[INFO] status code 200 in response of AudioBookAudioPage(808480).AudioBookAudioFile(808480)

2024-04-08 16:38:16,969 <requestor-worker-0:1416405, MainThread:139624799057728> (requestor.py:_fetch_single_async:206 -> middleware.py:apply_async:115) from logger `RFC.middleware_status_code`
[INFO] applied on AudioBookAudioPage(808480).AudioBookAudioFile(808480), sent

2024-04-08 16:38:19,192 <requestor-worker-0:1416405, MainThread:139624799057728> (requestor.py:_fetch_single_async:206 -> middleware.py:apply_async:112) from logger `RFC.middleware_status_code`
[INFO] applying on AudioBookAudioPage(808481).AudioBookAudioFile(808481), received

2024-04-08 16:38:19,195 <requestor-worker-0:1416405, MainThread:139624799057728> (middleware.py:_apply_async:180 -> middleware.py:_apply_sync:169) from logger `RFC.middleware_status_code`
[INFO] status code 200 in response of AudioBookAudioPage(808481).AudioBookAudioFile(808481)

2024-04-08 16:38:19,198 <requestor-worker-0:1416405, MainThread:139624799057728> (requestor.py:_fetch_single_async:206 -> middleware.py:apply_async:115) from logger `RFC.middleware_status_code`
[INFO] applied on AudioBookAudioPage(808481).AudioBookAudioFile(808481), sent

2024-04-08 16:38:20,766 <requestor-worker-0:1416405, MainThread:139624799057728> (requestor.py:_fetch_single_async:206 -> middleware.py:apply_async:112) from logger `RFC.middleware_status_code`
[INFO] applying on AudioBookAudioPage(808428).AudioBookAudioFile(808428), received

2024-04-08 16:38:20,768 <requestor-worker-0:1416405, MainThread:139624799057728> (middleware.py:_apply_async:180 -> middleware.py:_apply_sync:169) from logger `RFC.middleware_status_code`
[INFO] status code 200 in response of AudioBookAudioPage(808428).AudioBookAudioFile(808428)

2024-04-08 16:38:20,771 <requestor-worker-0:1416405, MainThread:139624799057728> (requestor.py:_fetch_single_async:206 -> middleware.py:apply_async:115) from logger `RFC.middleware_status_code`
[INFO] applied on AudioBookAudioPage(808428).AudioBookAudioFile(808428), sent

2024-04-08 16:38:31,365 <requestor-worker-0:1416405, MainThread:139624799057728> (requestor.py:_fetch_single_async:206 -> middleware.py:apply_async:112) from logger `RFC.middleware_status_code`
[INFO] applying on AudioBookAudioPage(808496), received

2024-04-08 16:38:31,368 <requestor-worker-0:1416405, MainThread:139624799057728> (middleware.py:_apply_async:180 -> middleware.py:_apply_sync:169) from logger `RFC.middleware_status_code`
[INFO] status code 200 in response of AudioBookAudioPage(808496)

2024-04-08 16:38:31,371 <requestor-worker-0:1416405, MainThread:139624799057728> (requestor.py:_fetch_single_async:206 -> middleware.py:apply_async:115) from logger `RFC.middleware_status_code`
[INFO] applied on AudioBookAudioPage(808496), sent

2024-04-08 16:38:35,483 <requestor-worker-0:1416405, MainThread:139624799057728> (requestor.py:_fetch_single_async:206 -> middleware.py:apply_async:112) from logger `RFC.middleware_status_code`
[INFO] applying on AudioBookAudioPage(808504).AudioBookAudioFile(808504), received

2024-04-08 16:38:35,486 <requestor-worker-0:1416405, MainThread:139624799057728> (middleware.py:_apply_async:180 -> middleware.py:_apply_sync:169) from logger `RFC.middleware_status_code`
[INFO] status code 200 in response of AudioBookAudioPage(808504).AudioBookAudioFile(808504)

2024-04-08 16:38:35,488 <requestor-worker-0:1416405, MainThread:139624799057728> (requestor.py:_fetch_single_async:206 -> middleware.py:apply_async:115) from logger `RFC.middleware_status_code`
[INFO] applied on AudioBookAudioPage(808504).AudioBookAudioFile(808504), sent

2024-04-08 16:38:43,044 <requestor-worker-0:1416405, MainThread:139624799057728> (requestor.py:_fetch_single_async:206 -> middleware.py:apply_async:112) from logger `RFC.middleware_status_code`
[INFO] applying on AudioBookAudioPage(808507).AudioBookAudioFile(808507), received

2024-04-08 16:38:43,047 <requestor-worker-0:1416405, MainThread:139624799057728> (middleware.py:_apply_async:180 -> middleware.py:_apply_sync:169) from logger `RFC.middleware_status_code`
[INFO] status code 200 in response of AudioBookAudioPage(808507).AudioBookAudioFile(808507)

2024-04-08 16:38:43,049 <requestor-worker-0:1416405, MainThread:139624799057728> (requestor.py:_fetch_single_async:206 -> middleware.py:apply_async:115) from logger `RFC.middleware_status_code`
[INFO] applied on AudioBookAudioPage(808507).AudioBookAudioFile(808507), sent

2024-04-08 16:39:05,996 <requestor-worker-0:1416405, MainThread:139624799057728> (requestor.py:_fetch_single_async:206 -> middleware.py:apply_async:112) from logger `RFC.middleware_status_code`
[INFO] applying on AudioBookAudioPage(808532), received

2024-04-08 16:39:05,997 <requestor-worker-0:1416405, MainThread:139624799057728> (middleware.py:_apply_async:180 -> middleware.py:_apply_sync:169) from logger `RFC.middleware_status_code`
[INFO] status code 200 in response of AudioBookAudioPage(808532)

2024-04-08 16:39:05,998 <requestor-worker-0:1416405, MainThread:139624799057728> (requestor.py:_fetch_single_async:206 -> middleware.py:apply_async:115) from logger `RFC.middleware_status_code`
[INFO] applied on AudioBookAudioPage(808532), sent

2024-04-08 16:39:06,152 <requestor-worker-0:1416405, MainThread:139624799057728> (requestor.py:_fetch_single_async:206 -> middleware.py:apply_async:112) from logger `RFC.middleware_status_code`
[INFO] applying on AudioBookAudioPage(808531).AudioBookAudioFile(808531), received

2024-04-08 16:39:06,153 <requestor-worker-0:1416405, MainThread:139624799057728> (middleware.py:_apply_async:180 -> middleware.py:_apply_sync:169) from logger `RFC.middleware_status_code`
[INFO] status code 200 in response of AudioBookAudioPage(808531).AudioBookAudioFile(808531)

2024-04-08 16:39:06,154 <requestor-worker-0:1416405, MainThread:139624799057728> (requestor.py:_fetch_single_async:206 -> middleware.py:apply_async:115) from logger `RFC.middleware_status_code`
[INFO] applied on AudioBookAudioPage(808531).AudioBookAudioFile(808531), sent

2024-04-08 16:39:07,707 <requestor-worker-0:1416405, MainThread:139624799057728> (requestor.py:_fetch_single_async:206 -> middleware.py:apply_async:112) from logger `RFC.middleware_status_code`
[INFO] applying on AudioBookAudioPage(808536), received

2024-04-08 16:39:07,709 <requestor-worker-0:1416405, MainThread:139624799057728> (middleware.py:_apply_async:180 -> middleware.py:_apply_sync:169) from logger `RFC.middleware_status_code`
[INFO] status code 200 in response of AudioBookAudioPage(808536)

2024-04-08 16:39:07,712 <requestor-worker-0:1416405, MainThread:139624799057728> (requestor.py:_fetch_single_async:206 -> middleware.py:apply_async:115) from logger `RFC.middleware_status_code`
[INFO] applied on AudioBookAudioPage(808536), sent

2024-04-08 16:39:08,275 <requestor-worker-0:1416405, MainThread:139624799057728> (requestor.py:_fetch_single_async:206 -> middleware.py:apply_async:112) from logger `RFC.middleware_status_code`
[INFO] applying on AudioBookAudioPage(808533).AudioBookAudioFile(808533), received

2024-04-08 16:39:08,278 <requestor-worker-0:1416405, MainThread:139624799057728> (middleware.py:_apply_async:180 -> middleware.py:_apply_sync:169) from logger `RFC.middleware_status_code`
[INFO] status code 200 in response of AudioBookAudioPage(808533).AudioBookAudioFile(808533)

2024-04-08 16:39:08,281 <requestor-worker-0:1416405, MainThread:139624799057728> (requestor.py:_fetch_single_async:206 -> middleware.py:apply_async:115) from logger `RFC.middleware_status_code`
[INFO] applied on AudioBookAudioPage(808533).AudioBookAudioFile(808533), sent

2024-04-08 16:39:08,336 <requestor-worker-0:1416405, MainThread:139624799057728> (requestor.py:_fetch_single_async:206 -> middleware.py:apply_async:112) from logger `RFC.middleware_status_code`
[INFO] applying on AudioBookAudioPage(808532).AudioBookAudioFile(808532), received

2024-04-08 16:39:08,338 <requestor-worker-0:1416405, MainThread:139624799057728> (middleware.py:_apply_async:180 -> middleware.py:_apply_sync:169) from logger `RFC.middleware_status_code`
[INFO] status code 200 in response of AudioBookAudioPage(808532).AudioBookAudioFile(808532)

2024-04-08 16:39:08,341 <requestor-worker-0:1416405, MainThread:139624799057728> (requestor.py:_fetch_single_async:206 -> middleware.py:apply_async:115) from logger `RFC.middleware_status_code`
[INFO] applied on AudioBookAudioPage(808532).AudioBookAudioFile(808532), sent

2024-04-08 16:39:08,686 <requestor-worker-0:1416405, MainThread:139624799057728> (requestor.py:_fetch_single_async:206 -> middleware.py:apply_async:112) from logger `RFC.middleware_status_code`
[INFO] applying on AudioBookAudioPage(808537), received

2024-04-08 16:39:08,689 <requestor-worker-0:1416405, MainThread:139624799057728> (middleware.py:_apply_async:180 -> middleware.py:_apply_sync:169) from logger `RFC.middleware_status_code`
[INFO] status code 200 in response of AudioBookAudioPage(808537)

2024-04-08 16:39:08,691 <requestor-worker-0:1416405, MainThread:139624799057728> (requestor.py:_fetch_single_async:206 -> middleware.py:apply_async:115) from logger `RFC.middleware_status_code`
[INFO] applied on AudioBookAudioPage(808537), sent

2024-04-08 16:39:08,807 <requestor-worker-0:1416405, MainThread:139624799057728> (requestor.py:_fetch_single_async:206 -> middleware.py:apply_async:112) from logger `RFC.middleware_status_code`
[INFO] applying on AudioBookAudioPage(808469).AudioBookAudioFile(808469), received

2024-04-08 16:39:08,808 <requestor-worker-0:1416405, MainThread:139624799057728> (middleware.py:_apply_async:180 -> middleware.py:_apply_sync:169) from logger `RFC.middleware_status_code`
[INFO] status code 200 in response of AudioBookAudioPage(808469).AudioBookAudioFile(808469)

2024-04-08 16:39:08,809 <requestor-worker-0:1416405, MainThread:139624799057728> (requestor.py:_fetch_single_async:206 -> middleware.py:apply_async:115) from logger `RFC.middleware_status_code`
[INFO] applied on AudioBookAudioPage(808469).AudioBookAudioFile(808469), sent

2024-04-08 16:39:12,438 <requestor-worker-0:1416405, MainThread:139624799057728> (requestor.py:_fetch_single_async:206 -> middleware.py:apply_async:112) from logger `RFC.middleware_status_code`
[INFO] applying on AudioBookAudioPage(808534).AudioBookAudioFile(808534), received

2024-04-08 16:39:12,440 <requestor-worker-0:1416405, MainThread:139624799057728> (middleware.py:_apply_async:180 -> middleware.py:_apply_sync:169) from logger `RFC.middleware_status_code`
[INFO] status code 200 in response of AudioBookAudioPage(808534).AudioBookAudioFile(808534)

2024-04-08 16:39:12,442 <requestor-worker-0:1416405, MainThread:139624799057728> (requestor.py:_fetch_single_async:206 -> middleware.py:apply_async:115) from logger `RFC.middleware_status_code`
[INFO] applied on AudioBookAudioPage(808534).AudioBookAudioFile(808534), sent

2024-04-08 16:39:13,592 <requestor-worker-0:1416405, MainThread:139624799057728> (requestor.py:_fetch_single_async:206 -> middleware.py:apply_async:112) from logger `RFC.middleware_status_code`
[INFO] applying on AudioBookAudioPage(808473).AudioBookAudioFile(808473), received

2024-04-08 16:39:13,596 <requestor-worker-0:1416405, MainThread:139624799057728> (middleware.py:_apply_async:180 -> middleware.py:_apply_sync:169) from logger `RFC.middleware_status_code`
[INFO] status code 200 in response of AudioBookAudioPage(808473).AudioBookAudioFile(808473)

2024-04-08 16:39:13,599 <requestor-worker-0:1416405, MainThread:139624799057728> (requestor.py:_fetch_single_async:206 -> middleware.py:apply_async:115) from logger `RFC.middleware_status_code`
[INFO] applied on AudioBookAudioPage(808473).AudioBookAudioFile(808473), sent

2024-04-08 16:39:14,494 <requestor-worker-0:1416405, MainThread:139624799057728> (requestor.py:_fetch_single_async:206 -> middleware.py:apply_async:112) from logger `RFC.middleware_status_code`
[INFO] applying on AudioBookAudioPage(808471).AudioBookAudioFile(808471), received

2024-04-08 16:39:14,496 <requestor-worker-0:1416405, MainThread:139624799057728> (middleware.py:_apply_async:180 -> middleware.py:_apply_sync:169) from logger `RFC.middleware_status_code`
[INFO] status code 200 in response of AudioBookAudioPage(808471).AudioBookAudioFile(808471)

2024-04-08 16:39:14,499 <requestor-worker-0:1416405, MainThread:139624799057728> (requestor.py:_fetch_single_async:206 -> middleware.py:apply_async:115) from logger `RFC.middleware_status_code`
[INFO] applied on AudioBookAudioPage(808471).AudioBookAudioFile(808471), sent

2024-04-08 16:39:14,511 <requestor-worker-0:1416405, MainThread:139624799057728> (requestor.py:_fetch_single_async:206 -> middleware.py:apply_async:112) from logger `RFC.middleware_status_code`
[INFO] applying on AudioBookAudioPage(808538), received

2024-04-08 16:39:14,513 <requestor-worker-0:1416405, MainThread:139624799057728> (requestor.py:_fetch_single_async:206 -> middleware.py:apply_async:119) from logger `RFC.middleware_status_code`
[ERROR] failed on AudioBookAudioPage(808538), caught error ValueError('unexpected status code 404 in response of AudioBookAudioPage(808538)')

2024-04-08 16:39:15,539 <requestor-worker-0:1416405, MainThread:139624799057728> (requestor.py:_fetch_single_async:206 -> middleware.py:apply_async:112) from logger `RFC.middleware_status_code`
[INFO] applying on AudioBookAudioPage(808542), received

2024-04-08 16:39:15,542 <requestor-worker-0:1416405, MainThread:139624799057728> (requestor.py:_fetch_single_async:206 -> middleware.py:apply_async:119) from logger `RFC.middleware_status_code`
[ERROR] failed on AudioBookAudioPage(808542), caught error ValueError('unexpected status code 404 in response of AudioBookAudioPage(808542)')

2024-04-08 16:39:15,923 <requestor-worker-0:1416405, MainThread:139624799057728> (requestor.py:_fetch_single_async:206 -> middleware.py:apply_async:112) from logger `RFC.middleware_status_code`
[INFO] applying on AudioBookAudioPage(808480).AudioBookAudioFile(808480), received

2024-04-08 16:39:15,925 <requestor-worker-0:1416405, MainThread:139624799057728> (middleware.py:_apply_async:180 -> middleware.py:_apply_sync:169) from logger `RFC.middleware_status_code`
[INFO] status code 200 in response of AudioBookAudioPage(808480).AudioBookAudioFile(808480)

2024-04-08 16:39:15,928 <requestor-worker-0:1416405, MainThread:139624799057728> (requestor.py:_fetch_single_async:206 -> middleware.py:apply_async:115) from logger `RFC.middleware_status_code`
[INFO] applied on AudioBookAudioPage(808480).AudioBookAudioFile(808480), sent

2024-04-08 16:39:17,089 <requestor-worker-0:1416405, MainThread:139624799057728> (requestor.py:_fetch_single_async:206 -> middleware.py:apply_async:112) from logger `RFC.middleware_status_code`
[INFO] applying on AudioBookAudioPage(808544), received

2024-04-08 16:39:17,092 <requestor-worker-0:1416405, MainThread:139624799057728> (requestor.py:_fetch_single_async:206 -> middleware.py:apply_async:119) from logger `RFC.middleware_status_code`
[ERROR] failed on AudioBookAudioPage(808544), caught error ValueError('unexpected status code 404 in response of AudioBookAudioPage(808544)')

2024-04-08 16:39:22,607 <requestor-worker-0:1416405, MainThread:139624799057728> (requestor.py:_fetch_single_async:206 -> middleware.py:apply_async:112) from logger `RFC.middleware_status_code`
[INFO] applying on AudioBookAudioPage(808545).AudioBookAudioFile(808545), received

2024-04-08 16:39:22,609 <requestor-worker-0:1416405, MainThread:139624799057728> (middleware.py:_apply_async:180 -> middleware.py:_apply_sync:169) from logger `RFC.middleware_status_code`
[INFO] status code 200 in response of AudioBookAudioPage(808545).AudioBookAudioFile(808545)

2024-04-08 16:39:22,610 <requestor-worker-0:1416405, MainThread:139624799057728> (requestor.py:_fetch_single_async:206 -> middleware.py:apply_async:115) from logger `RFC.middleware_status_code`
[INFO] applied on AudioBookAudioPage(808545).AudioBookAudioFile(808545), sent

2024-04-08 16:39:23,785 <requestor-worker-0:1416405, MainThread:139624799057728> (requestor.py:_fetch_single_async:206 -> middleware.py:apply_async:112) from logger `RFC.middleware_status_code`
[INFO] applying on AudioBookAudioPage(808428).AudioBookAudioFile(808428), received

2024-04-08 16:39:23,786 <requestor-worker-0:1416405, MainThread:139624799057728> (middleware.py:_apply_async:180 -> middleware.py:_apply_sync:169) from logger `RFC.middleware_status_code`
[INFO] status code 200 in response of AudioBookAudioPage(808428).AudioBookAudioFile(808428)

2024-04-08 16:39:23,787 <requestor-worker-0:1416405, MainThread:139624799057728> (requestor.py:_fetch_single_async:206 -> middleware.py:apply_async:115) from logger `RFC.middleware_status_code`
[INFO] applied on AudioBookAudioPage(808428).AudioBookAudioFile(808428), sent

2024-04-08 16:39:33,206 <requestor-worker-0:1416405, MainThread:139624799057728> (requestor.py:_fetch_single_async:206 -> middleware.py:apply_async:112) from logger `RFC.middleware_status_code`
[INFO] applying on AudioBookAudioPage(808561).AudioBookAudioFile(808561), received

2024-04-08 16:39:33,209 <requestor-worker-0:1416405, MainThread:139624799057728> (middleware.py:_apply_async:180 -> middleware.py:_apply_sync:169) from logger `RFC.middleware_status_code`
[INFO] status code 200 in response of AudioBookAudioPage(808561).AudioBookAudioFile(808561)

2024-04-08 16:39:33,211 <requestor-worker-0:1416405, MainThread:139624799057728> (requestor.py:_fetch_single_async:206 -> middleware.py:apply_async:115) from logger `RFC.middleware_status_code`
[INFO] applied on AudioBookAudioPage(808561).AudioBookAudioFile(808561), sent

2024-04-08 16:39:51,628 <requestor-worker-0:1416405, MainThread:139624799057728> (requestor.py:_fetch_single_async:206 -> middleware.py:apply_async:112) from logger `RFC.middleware_status_code`
[INFO] applying on AudioBookAudioPage(808598).AudioBookAudioFile(808598), received

2024-04-08 16:39:51,631 <requestor-worker-0:1416405, MainThread:139624799057728> (middleware.py:_apply_async:180 -> middleware.py:_apply_sync:169) from logger `RFC.middleware_status_code`
[INFO] status code 200 in response of AudioBookAudioPage(808598).AudioBookAudioFile(808598)

2024-04-08 16:39:51,633 <requestor-worker-0:1416405, MainThread:139624799057728> (requestor.py:_fetch_single_async:206 -> middleware.py:apply_async:115) from logger `RFC.middleware_status_code`
[INFO] applied on AudioBookAudioPage(808598).AudioBookAudioFile(808598), sent

2024-04-08 16:39:52,934 <requestor-worker-0:1416405, MainThread:139624799057728> (requestor.py:_fetch_single_async:206 -> middleware.py:apply_async:112) from logger `RFC.middleware_status_code`
[INFO] applying on AudioBookAudioPage(808452).AudioBookAudioFile(808452), received

2024-04-08 16:39:52,936 <requestor-worker-0:1416405, MainThread:139624799057728> (middleware.py:_apply_async:180 -> middleware.py:_apply_sync:169) from logger `RFC.middleware_status_code`
[INFO] status code 200 in response of AudioBookAudioPage(808452).AudioBookAudioFile(808452)

2024-04-08 16:39:52,938 <requestor-worker-0:1416405, MainThread:139624799057728> (requestor.py:_fetch_single_async:206 -> middleware.py:apply_async:115) from logger `RFC.middleware_status_code`
[INFO] applied on AudioBookAudioPage(808452).AudioBookAudioFile(808452), sent

2024-04-08 16:39:57,550 <requestor-worker-0:1416405, MainThread:139624799057728> (requestor.py:_fetch_single_async:206 -> middleware.py:apply_async:112) from logger `RFC.middleware_status_code`
[INFO] applying on AudioBookAudioPage(808451).AudioBookAudioFile(808451), received

2024-04-08 16:39:57,553 <requestor-worker-0:1416405, MainThread:139624799057728> (middleware.py:_apply_async:180 -> middleware.py:_apply_sync:169) from logger `RFC.middleware_status_code`
[INFO] status code 200 in response of AudioBookAudioPage(808451).AudioBookAudioFile(808451)

2024-04-08 16:39:57,556 <requestor-worker-0:1416405, MainThread:139624799057728> (requestor.py:_fetch_single_async:206 -> middleware.py:apply_async:115) from logger `RFC.middleware_status_code`
[INFO] applied on AudioBookAudioPage(808451).AudioBookAudioFile(808451), sent

2024-04-08 16:40:14,657 <requestor-worker-0:1416405, MainThread:139624799057728> (requestor.py:_fetch_single_async:206 -> middleware.py:apply_async:112) from logger `RFC.middleware_status_code`
[INFO] applying on AudioBookAudioPage(808534).AudioBookAudioFile(808534), received

2024-04-08 16:40:14,660 <requestor-worker-0:1416405, MainThread:139624799057728> (middleware.py:_apply_async:180 -> middleware.py:_apply_sync:169) from logger `RFC.middleware_status_code`
[INFO] status code 200 in response of AudioBookAudioPage(808534).AudioBookAudioFile(808534)

2024-04-08 16:40:14,662 <requestor-worker-0:1416405, MainThread:139624799057728> (requestor.py:_fetch_single_async:206 -> middleware.py:apply_async:115) from logger `RFC.middleware_status_code`
[INFO] applied on AudioBookAudioPage(808534).AudioBookAudioFile(808534), sent

2024-04-08 16:40:15,563 <requestor-worker-0:1416405, MainThread:139624799057728> (requestor.py:_fetch_single_async:206 -> middleware.py:apply_async:112) from logger `RFC.middleware_status_code`
[INFO] applying on AudioBookAudioPage(808533).AudioBookAudioFile(808533), received

2024-04-08 16:40:15,565 <requestor-worker-0:1416405, MainThread:139624799057728> (middleware.py:_apply_async:180 -> middleware.py:_apply_sync:169) from logger `RFC.middleware_status_code`
[INFO] status code 200 in response of AudioBookAudioPage(808533).AudioBookAudioFile(808533)

2024-04-08 16:40:15,568 <requestor-worker-0:1416405, MainThread:139624799057728> (requestor.py:_fetch_single_async:206 -> middleware.py:apply_async:115) from logger `RFC.middleware_status_code`
[INFO] applied on AudioBookAudioPage(808533).AudioBookAudioFile(808533), sent

2024-04-08 16:40:15,977 <requestor-worker-0:1416405, MainThread:139624799057728> (requestor.py:_fetch_single_async:206 -> middleware.py:apply_async:112) from logger `RFC.middleware_status_code`
[INFO] applying on AudioBookAudioPage(808471).AudioBookAudioFile(808471), received

2024-04-08 16:40:15,980 <requestor-worker-0:1416405, MainThread:139624799057728> (middleware.py:_apply_async:180 -> middleware.py:_apply_sync:169) from logger `RFC.middleware_status_code`
[INFO] status code 200 in response of AudioBookAudioPage(808471).AudioBookAudioFile(808471)

2024-04-08 16:40:15,983 <requestor-worker-0:1416405, MainThread:139624799057728> (requestor.py:_fetch_single_async:206 -> middleware.py:apply_async:115) from logger `RFC.middleware_status_code`
[INFO] applied on AudioBookAudioPage(808471).AudioBookAudioFile(808471), sent

2024-04-08 16:40:16,165 <requestor-worker-0:1416405, MainThread:139624799057728> (requestor.py:_fetch_single_async:206 -> middleware.py:apply_async:112) from logger `RFC.middleware_status_code`
[INFO] applying on AudioBookAudioPage(808469).AudioBookAudioFile(808469), received

2024-04-08 16:40:16,167 <requestor-worker-0:1416405, MainThread:139624799057728> (middleware.py:_apply_async:180 -> middleware.py:_apply_sync:169) from logger `RFC.middleware_status_code`
[INFO] status code 200 in response of AudioBookAudioPage(808469).AudioBookAudioFile(808469)

2024-04-08 16:40:16,170 <requestor-worker-0:1416405, MainThread:139624799057728> (requestor.py:_fetch_single_async:206 -> middleware.py:apply_async:115) from logger `RFC.middleware_status_code`
[INFO] applied on AudioBookAudioPage(808469).AudioBookAudioFile(808469), sent

2024-04-08 16:40:16,758 <requestor-worker-0:1416405, MainThread:139624799057728> (requestor.py:_fetch_single_async:206 -> middleware.py:apply_async:112) from logger `RFC.middleware_status_code`
[INFO] applying on AudioBookAudioPage(808480).AudioBookAudioFile(808480), received

2024-04-08 16:40:16,760 <requestor-worker-0:1416405, MainThread:139624799057728> (middleware.py:_apply_async:180 -> middleware.py:_apply_sync:169) from logger `RFC.middleware_status_code`
[INFO] status code 200 in response of AudioBookAudioPage(808480).AudioBookAudioFile(808480)

2024-04-08 16:40:16,763 <requestor-worker-0:1416405, MainThread:139624799057728> (requestor.py:_fetch_single_async:206 -> middleware.py:apply_async:115) from logger `RFC.middleware_status_code`
[INFO] applied on AudioBookAudioPage(808480).AudioBookAudioFile(808480), sent

2024-04-08 16:40:22,698 <requestor-worker-0:1416405, MainThread:139624799057728> (requestor.py:_fetch_single_async:206 -> middleware.py:apply_async:112) from logger `RFC.middleware_status_code`
[INFO] applying on AudioBookAudioPage(808473).AudioBookAudioFile(808473), received

2024-04-08 16:40:22,699 <requestor-worker-0:1416405, MainThread:139624799057728> (middleware.py:_apply_async:180 -> middleware.py:_apply_sync:169) from logger `RFC.middleware_status_code`
[INFO] status code 200 in response of AudioBookAudioPage(808473).AudioBookAudioFile(808473)

2024-04-08 16:40:22,700 <requestor-worker-0:1416405, MainThread:139624799057728> (requestor.py:_fetch_single_async:206 -> middleware.py:apply_async:115) from logger `RFC.middleware_status_code`
[INFO] applied on AudioBookAudioPage(808473).AudioBookAudioFile(808473), sent

2024-04-08 16:40:27,448 <requestor-worker-0:1416405, MainThread:139624799057728> (requestor.py:_fetch_single_async:206 -> middleware.py:apply_async:112) from logger `RFC.middleware_status_code`
[INFO] applying on AudioBookAudioPage(808428).AudioBookAudioFile(808428), received

2024-04-08 16:40:27,451 <requestor-worker-0:1416405, MainThread:139624799057728> (middleware.py:_apply_async:180 -> middleware.py:_apply_sync:169) from logger `RFC.middleware_status_code`
[INFO] status code 200 in response of AudioBookAudioPage(808428).AudioBookAudioFile(808428)

2024-04-08 16:40:27,454 <requestor-worker-0:1416405, MainThread:139624799057728> (requestor.py:_fetch_single_async:206 -> middleware.py:apply_async:115) from logger `RFC.middleware_status_code`
[INFO] applied on AudioBookAudioPage(808428).AudioBookAudioFile(808428), sent

2024-04-08 16:40:33,368 <requestor-worker-0:1416405, MainThread:139624799057728> (requestor.py:_fetch_single_async:206 -> middleware.py:apply_async:112) from logger `RFC.middleware_status_code`
[INFO] applying on AudioBookAudioPage(808545).AudioBookAudioFile(808545), received

2024-04-08 16:40:33,370 <requestor-worker-0:1416405, MainThread:139624799057728> (middleware.py:_apply_async:180 -> middleware.py:_apply_sync:169) from logger `RFC.middleware_status_code`
[INFO] status code 200 in response of AudioBookAudioPage(808545).AudioBookAudioFile(808545)

2024-04-08 16:40:33,371 <requestor-worker-0:1416405, MainThread:139624799057728> (requestor.py:_fetch_single_async:206 -> middleware.py:apply_async:115) from logger `RFC.middleware_status_code`
[INFO] applied on AudioBookAudioPage(808545).AudioBookAudioFile(808545), sent

2024-04-08 16:40:33,979 <requestor-worker-0:1416405, MainThread:139624799057728> (requestor.py:_fetch_single_async:206 -> middleware.py:apply_async:112) from logger `RFC.middleware_status_code`
[INFO] applying on AudioBookAudioPage(808561).AudioBookAudioFile(808561), received

2024-04-08 16:40:33,981 <requestor-worker-0:1416405, MainThread:139624799057728> (middleware.py:_apply_async:180 -> middleware.py:_apply_sync:169) from logger `RFC.middleware_status_code`
[INFO] status code 200 in response of AudioBookAudioPage(808561).AudioBookAudioFile(808561)

2024-04-08 16:40:33,984 <requestor-worker-0:1416405, MainThread:139624799057728> (requestor.py:_fetch_single_async:206 -> middleware.py:apply_async:115) from logger `RFC.middleware_status_code`
[INFO] applied on AudioBookAudioPage(808561).AudioBookAudioFile(808561), sent

2024-04-08 16:40:49,343 <requestor-worker-0:1416405, MainThread:139624799057728> (requestor.py:_fetch_single_async:206 -> middleware.py:apply_async:112) from logger `RFC.middleware_status_code`
[INFO] applying on AudioBookAudioPage(808598).AudioBookAudioFile(808598), received

2024-04-08 16:40:49,346 <requestor-worker-0:1416405, MainThread:139624799057728> (middleware.py:_apply_async:180 -> middleware.py:_apply_sync:169) from logger `RFC.middleware_status_code`
[INFO] status code 200 in response of AudioBookAudioPage(808598).AudioBookAudioFile(808598)

2024-04-08 16:40:49,348 <requestor-worker-0:1416405, MainThread:139624799057728> (requestor.py:_fetch_single_async:206 -> middleware.py:apply_async:115) from logger `RFC.middleware_status_code`
[INFO] applied on AudioBookAudioPage(808598).AudioBookAudioFile(808598), sent

2024-04-08 16:40:54,433 <requestor-worker-0:1416405, MainThread:139624799057728> (requestor.py:_fetch_single_async:206 -> middleware.py:apply_async:112) from logger `RFC.middleware_status_code`
[INFO] applying on AudioBookAudioPage(808452).AudioBookAudioFile(808452), received

2024-04-08 16:40:54,436 <requestor-worker-0:1416405, MainThread:139624799057728> (middleware.py:_apply_async:180 -> middleware.py:_apply_sync:169) from logger `RFC.middleware_status_code`
[INFO] status code 200 in response of AudioBookAudioPage(808452).AudioBookAudioFile(808452)

2024-04-08 16:40:54,439 <requestor-worker-0:1416405, MainThread:139624799057728> (requestor.py:_fetch_single_async:206 -> middleware.py:apply_async:115) from logger `RFC.middleware_status_code`
[INFO] applied on AudioBookAudioPage(808452).AudioBookAudioFile(808452), sent

2024-04-08 16:41:01,757 <requestor-worker-0:1416405, MainThread:139624799057728> (requestor.py:_fetch_single_async:206 -> middleware.py:apply_async:112) from logger `RFC.middleware_status_code`
[INFO] applying on AudioBookAudioPage(808451).AudioBookAudioFile(808451), received

2024-04-08 16:41:01,760 <requestor-worker-0:1416405, MainThread:139624799057728> (middleware.py:_apply_async:180 -> middleware.py:_apply_sync:169) from logger `RFC.middleware_status_code`
[INFO] status code 200 in response of AudioBookAudioPage(808451).AudioBookAudioFile(808451)

2024-04-08 16:41:01,763 <requestor-worker-0:1416405, MainThread:139624799057728> (requestor.py:_fetch_single_async:206 -> middleware.py:apply_async:115) from logger `RFC.middleware_status_code`
[INFO] applied on AudioBookAudioPage(808451).AudioBookAudioFile(808451), sent

2024-04-08 16:41:13,987 <requestor-worker-0:1416405, MainThread:139624799057728> (requestor.py:_fetch_single_async:206 -> middleware.py:apply_async:112) from logger `RFC.middleware_status_code`
[INFO] applying on AudioBookAudioPage(808668).AudioBookAudioFile(808668), received

2024-04-08 16:41:13,989 <requestor-worker-0:1416405, MainThread:139624799057728> (middleware.py:_apply_async:180 -> middleware.py:_apply_sync:169) from logger `RFC.middleware_status_code`
[INFO] status code 200 in response of AudioBookAudioPage(808668).AudioBookAudioFile(808668)

2024-04-08 16:41:13,992 <requestor-worker-0:1416405, MainThread:139624799057728> (requestor.py:_fetch_single_async:206 -> middleware.py:apply_async:115) from logger `RFC.middleware_status_code`
[INFO] applied on AudioBookAudioPage(808668).AudioBookAudioFile(808668), sent

2024-04-08 16:41:14,520 <requestor-worker-0:1416405, MainThread:139624799057728> (requestor.py:_fetch_single_async:206 -> middleware.py:apply_async:112) from logger `RFC.middleware_status_code`
[INFO] applying on AudioBookAudioPage(808469).AudioBookAudioFile(808469), received

2024-04-08 16:41:14,523 <requestor-worker-0:1416405, MainThread:139624799057728> (middleware.py:_apply_async:180 -> middleware.py:_apply_sync:169) from logger `RFC.middleware_status_code`
[INFO] status code 200 in response of AudioBookAudioPage(808469).AudioBookAudioFile(808469)

2024-04-08 16:41:14,525 <requestor-worker-0:1416405, MainThread:139624799057728> (requestor.py:_fetch_single_async:206 -> middleware.py:apply_async:115) from logger `RFC.middleware_status_code`
[INFO] applied on AudioBookAudioPage(808469).AudioBookAudioFile(808469), sent

2024-04-08 16:41:15,067 <requestor-worker-0:1416405, MainThread:139624799057728> (requestor.py:_fetch_single_async:206 -> middleware.py:apply_async:112) from logger `RFC.middleware_status_code`
[INFO] applying on AudioBookAudioPage(808534).AudioBookAudioFile(808534), received

2024-04-08 16:41:15,070 <requestor-worker-0:1416405, MainThread:139624799057728> (middleware.py:_apply_async:180 -> middleware.py:_apply_sync:169) from logger `RFC.middleware_status_code`
[INFO] status code 200 in response of AudioBookAudioPage(808534).AudioBookAudioFile(808534)

2024-04-08 16:41:15,073 <requestor-worker-0:1416405, MainThread:139624799057728> (requestor.py:_fetch_single_async:206 -> middleware.py:apply_async:115) from logger `RFC.middleware_status_code`
[INFO] applied on AudioBookAudioPage(808534).AudioBookAudioFile(808534), sent

2024-04-08 16:41:15,084 <requestor-worker-0:1416405, MainThread:139624799057728> (requestor.py:_fetch_single_async:206 -> middleware.py:apply_async:112) from logger `RFC.middleware_status_code`
[INFO] applying on AudioBookAudioPage(808533).AudioBookAudioFile(808533), received

2024-04-08 16:41:15,086 <requestor-worker-0:1416405, MainThread:139624799057728> (middleware.py:_apply_async:180 -> middleware.py:_apply_sync:169) from logger `RFC.middleware_status_code`
[INFO] status code 200 in response of AudioBookAudioPage(808533).AudioBookAudioFile(808533)

2024-04-08 16:41:15,088 <requestor-worker-0:1416405, MainThread:139624799057728> (requestor.py:_fetch_single_async:206 -> middleware.py:apply_async:115) from logger `RFC.middleware_status_code`
[INFO] applied on AudioBookAudioPage(808533).AudioBookAudioFile(808533), sent

2024-04-08 16:41:15,160 <requestor-worker-0:1416405, MainThread:139624799057728> (requestor.py:_fetch_single_async:206 -> middleware.py:apply_async:112) from logger `RFC.middleware_status_code`
[INFO] applying on AudioBookAudioPage(808473).AudioBookAudioFile(808473), received

2024-04-08 16:41:15,162 <requestor-worker-0:1416405, MainThread:139624799057728> (middleware.py:_apply_async:180 -> middleware.py:_apply_sync:169) from logger `RFC.middleware_status_code`
[INFO] status code 200 in response of AudioBookAudioPage(808473).AudioBookAudioFile(808473)

2024-04-08 16:41:15,164 <requestor-worker-0:1416405, MainThread:139624799057728> (requestor.py:_fetch_single_async:206 -> middleware.py:apply_async:115) from logger `RFC.middleware_status_code`
[INFO] applied on AudioBookAudioPage(808473).AudioBookAudioFile(808473), sent

2024-04-08 16:41:20,424 <requestor-worker-0:1416405, MainThread:139624799057728> (requestor.py:_fetch_single_async:206 -> middleware.py:apply_async:112) from logger `RFC.middleware_status_code`
[INFO] applying on AudioBookAudioPage(808480).AudioBookAudioFile(808480), received

2024-04-08 16:41:20,429 <requestor-worker-0:1416405, MainThread:139624799057728> (middleware.py:_apply_async:180 -> middleware.py:_apply_sync:169) from logger `RFC.middleware_status_code`
[INFO] status code 200 in response of AudioBookAudioPage(808480).AudioBookAudioFile(808480)

2024-04-08 16:41:20,433 <requestor-worker-0:1416405, MainThread:139624799057728> (requestor.py:_fetch_single_async:206 -> middleware.py:apply_async:115) from logger `RFC.middleware_status_code`
[INFO] applied on AudioBookAudioPage(808480).AudioBookAudioFile(808480), sent

2024-04-08 16:41:23,897 <requestor-worker-0:1416405, MainThread:139624799057728> (requestor.py:_fetch_single_async:206 -> middleware.py:apply_async:112) from logger `RFC.middleware_status_code`
[INFO] applying on AudioBookAudioPage(808545).AudioBookAudioFile(808545), received

2024-04-08 16:41:23,901 <requestor-worker-0:1416405, MainThread:139624799057728> (middleware.py:_apply_async:180 -> middleware.py:_apply_sync:169) from logger `RFC.middleware_status_code`
[INFO] status code 200 in response of AudioBookAudioPage(808545).AudioBookAudioFile(808545)

2024-04-08 16:41:23,903 <requestor-worker-0:1416405, MainThread:139624799057728> (requestor.py:_fetch_single_async:206 -> middleware.py:apply_async:115) from logger `RFC.middleware_status_code`
[INFO] applied on AudioBookAudioPage(808545).AudioBookAudioFile(808545), sent

2024-04-08 16:41:26,867 <requestor-worker-0:1416405, MainThread:139624799057728> (requestor.py:_fetch_single_async:206 -> middleware.py:apply_async:112) from logger `RFC.middleware_status_code`
[INFO] applying on AudioBookAudioPage(808738).AudioBookAudioFile(808738), received

2024-04-08 16:41:26,870 <requestor-worker-0:1416405, MainThread:139624799057728> (middleware.py:_apply_async:180 -> middleware.py:_apply_sync:169) from logger `RFC.middleware_status_code`
[INFO] status code 200 in response of AudioBookAudioPage(808738).AudioBookAudioFile(808738)

2024-04-08 16:41:26,872 <requestor-worker-0:1416405, MainThread:139624799057728> (requestor.py:_fetch_single_async:206 -> middleware.py:apply_async:115) from logger `RFC.middleware_status_code`
[INFO] applied on AudioBookAudioPage(808738).AudioBookAudioFile(808738), sent

2024-04-08 16:41:36,274 <requestor-worker-0:1416405, MainThread:139624799057728> (requestor.py:_fetch_single_async:206 -> middleware.py:apply_async:112) from logger `RFC.middleware_status_code`
[INFO] applying on AudioBookAudioPage(808561).AudioBookAudioFile(808561), received

2024-04-08 16:41:36,276 <requestor-worker-0:1416405, MainThread:139624799057728> (middleware.py:_apply_async:180 -> middleware.py:_apply_sync:169) from logger `RFC.middleware_status_code`
[INFO] status code 200 in response of AudioBookAudioPage(808561).AudioBookAudioFile(808561)

2024-04-08 16:41:36,279 <requestor-worker-0:1416405, MainThread:139624799057728> (requestor.py:_fetch_single_async:206 -> middleware.py:apply_async:115) from logger `RFC.middleware_status_code`
[INFO] applied on AudioBookAudioPage(808561).AudioBookAudioFile(808561), sent

2024-04-08 16:41:50,601 <requestor-worker-0:1416405, MainThread:139624799057728> (requestor.py:_fetch_single_async:206 -> middleware.py:apply_async:112) from logger `RFC.middleware_status_code`
[INFO] applying on AudioBookAudioPage(808598).AudioBookAudioFile(808598), received

2024-04-08 16:41:50,604 <requestor-worker-0:1416405, MainThread:139624799057728> (middleware.py:_apply_async:180 -> middleware.py:_apply_sync:169) from logger `RFC.middleware_status_code`
[INFO] status code 200 in response of AudioBookAudioPage(808598).AudioBookAudioFile(808598)

2024-04-08 16:41:50,606 <requestor-worker-0:1416405, MainThread:139624799057728> (requestor.py:_fetch_single_async:206 -> middleware.py:apply_async:115) from logger `RFC.middleware_status_code`
[INFO] applied on AudioBookAudioPage(808598).AudioBookAudioFile(808598), sent

2024-04-08 16:41:55,988 <requestor-worker-0:1416405, MainThread:139624799057728> (requestor.py:_fetch_single_async:206 -> middleware.py:apply_async:112) from logger `RFC.middleware_status_code`
[INFO] applying on AudioBookAudioPage(808757).AudioBookAudioFile(808757), received

2024-04-08 16:41:55,991 <requestor-worker-0:1416405, MainThread:139624799057728> (middleware.py:_apply_async:180 -> middleware.py:_apply_sync:169) from logger `RFC.middleware_status_code`
[INFO] status code 200 in response of AudioBookAudioPage(808757).AudioBookAudioFile(808757)

2024-04-08 16:41:55,993 <requestor-worker-0:1416405, MainThread:139624799057728> (requestor.py:_fetch_single_async:206 -> middleware.py:apply_async:115) from logger `RFC.middleware_status_code`
[INFO] applied on AudioBookAudioPage(808757).AudioBookAudioFile(808757), sent

2024-04-08 16:42:00,067 <requestor-worker-0:1416405, MainThread:139624799057728> (requestor.py:_fetch_single_async:206 -> middleware.py:apply_async:112) from logger `RFC.middleware_status_code`
[INFO] applying on AudioBookAudioPage(808772).AudioBookAudioFile(808772), received

2024-04-08 16:42:00,070 <requestor-worker-0:1416405, MainThread:139624799057728> (middleware.py:_apply_async:180 -> middleware.py:_apply_sync:169) from logger `RFC.middleware_status_code`
[INFO] status code 200 in response of AudioBookAudioPage(808772).AudioBookAudioFile(808772)

2024-04-08 16:42:00,073 <requestor-worker-0:1416405, MainThread:139624799057728> (requestor.py:_fetch_single_async:206 -> middleware.py:apply_async:115) from logger `RFC.middleware_status_code`
[INFO] applied on AudioBookAudioPage(808772).AudioBookAudioFile(808772), sent

2024-04-08 16:42:00,140 <requestor-worker-0:1416405, MainThread:139624799057728> (requestor.py:_fetch_single_async:206 -> middleware.py:apply_async:112) from logger `RFC.middleware_status_code`
[INFO] applying on AudioBookAudioPage(808760).AudioBookAudioFile(808760), received

2024-04-08 16:42:00,143 <requestor-worker-0:1416405, MainThread:139624799057728> (middleware.py:_apply_async:180 -> middleware.py:_apply_sync:169) from logger `RFC.middleware_status_code`
[INFO] status code 200 in response of AudioBookAudioPage(808760).AudioBookAudioFile(808760)

2024-04-08 16:42:00,146 <requestor-worker-0:1416405, MainThread:139624799057728> (requestor.py:_fetch_single_async:206 -> middleware.py:apply_async:115) from logger `RFC.middleware_status_code`
[INFO] applied on AudioBookAudioPage(808760).AudioBookAudioFile(808760), sent

2024-04-08 16:42:16,051 <requestor-worker-0:1416405, MainThread:139624799057728> (requestor.py:_fetch_single_async:206 -> middleware.py:apply_async:112) from logger `RFC.middleware_status_code`
[INFO] applying on AudioBookAudioPage(808533).AudioBookAudioFile(808533), received

2024-04-08 16:42:16,053 <requestor-worker-0:1416405, MainThread:139624799057728> (middleware.py:_apply_async:180 -> middleware.py:_apply_sync:169) from logger `RFC.middleware_status_code`
[INFO] status code 200 in response of AudioBookAudioPage(808533).AudioBookAudioFile(808533)

2024-04-08 16:42:16,056 <requestor-worker-0:1416405, MainThread:139624799057728> (requestor.py:_fetch_single_async:206 -> middleware.py:apply_async:115) from logger `RFC.middleware_status_code`
[INFO] applied on AudioBookAudioPage(808533).AudioBookAudioFile(808533), sent

2024-04-08 16:42:17,354 <requestor-worker-0:1416405, MainThread:139624799057728> (requestor.py:_fetch_single_async:206 -> middleware.py:apply_async:112) from logger `RFC.middleware_status_code`
[INFO] applying on AudioBookAudioPage(808846).AudioBookAudioFile(808846), received

2024-04-08 16:42:17,776 <requestor-worker-0:1416405, MainThread:139624799057728> (middleware.py:_apply_async:180 -> middleware.py:_apply_sync:169) from logger `RFC.middleware_status_code`
[INFO] status code 200 in response of AudioBookAudioPage(808846).AudioBookAudioFile(808846)

2024-04-08 16:42:17,777 <requestor-worker-0:1416405, MainThread:139624799057728> (requestor.py:_fetch_single_async:206 -> middleware.py:apply_async:115) from logger `RFC.middleware_status_code`
[INFO] applied on AudioBookAudioPage(808846).AudioBookAudioFile(808846), sent

2024-04-08 16:42:19,985 <requestor-worker-0:1416405, MainThread:139624799057728> (requestor.py:_fetch_single_async:206 -> middleware.py:apply_async:112) from logger `RFC.middleware_status_code`
[INFO] applying on AudioBookAudioPage(808534).AudioBookAudioFile(808534), received

2024-04-08 16:42:19,986 <requestor-worker-0:1416405, MainThread:139624799057728> (middleware.py:_apply_async:180 -> middleware.py:_apply_sync:169) from logger `RFC.middleware_status_code`
[INFO] status code 200 in response of AudioBookAudioPage(808534).AudioBookAudioFile(808534)

2024-04-08 16:42:19,987 <requestor-worker-0:1416405, MainThread:139624799057728> (requestor.py:_fetch_single_async:206 -> middleware.py:apply_async:115) from logger `RFC.middleware_status_code`
[INFO] applied on AudioBookAudioPage(808534).AudioBookAudioFile(808534), sent

2024-04-08 16:42:21,091 <requestor-worker-0:1416405, MainThread:139624799057728> (requestor.py:_fetch_single_async:206 -> middleware.py:apply_async:112) from logger `RFC.middleware_status_code`
[INFO] applying on AudioBookAudioPage(808880).AudioBookAudioFile(808880), received

2024-04-08 16:42:21,093 <requestor-worker-0:1416405, MainThread:139624799057728> (middleware.py:_apply_async:180 -> middleware.py:_apply_sync:169) from logger `RFC.middleware_status_code`
[INFO] status code 200 in response of AudioBookAudioPage(808880).AudioBookAudioFile(808880)

2024-04-08 16:42:21,096 <requestor-worker-0:1416405, MainThread:139624799057728> (requestor.py:_fetch_single_async:206 -> middleware.py:apply_async:115) from logger `RFC.middleware_status_code`
[INFO] applied on AudioBookAudioPage(808880).AudioBookAudioFile(808880), sent

2024-04-08 16:42:33,781 <requestor-worker-0:1416405, MainThread:139624799057728> (requestor.py:_fetch_single_async:206 -> middleware.py:apply_async:112) from logger `RFC.middleware_status_code`
[INFO] applying on AudioBookAudioPage(808876), received

2024-04-08 16:42:33,783 <requestor-worker-0:1416405, MainThread:139624799057728> (middleware.py:_apply_async:180 -> middleware.py:_apply_sync:169) from logger `RFC.middleware_status_code`
[INFO] status code 200 in response of AudioBookAudioPage(808876)

2024-04-08 16:42:33,786 <requestor-worker-0:1416405, MainThread:139624799057728> (requestor.py:_fetch_single_async:206 -> middleware.py:apply_async:115) from logger `RFC.middleware_status_code`
[INFO] applied on AudioBookAudioPage(808876), sent

2024-04-08 16:42:48,583 <requestor-worker-0:1416405, MainThread:139624799057728> (requestor.py:_fetch_single_async:206 -> middleware.py:apply_async:112) from logger `RFC.middleware_status_code`
[INFO] applying on AudioBookAudioPage(808598).AudioBookAudioFile(808598), received

2024-04-08 16:42:48,585 <requestor-worker-0:1416405, MainThread:139624799057728> (middleware.py:_apply_async:180 -> middleware.py:_apply_sync:169) from logger `RFC.middleware_status_code`
[INFO] status code 200 in response of AudioBookAudioPage(808598).AudioBookAudioFile(808598)

2024-04-08 16:42:48,588 <requestor-worker-0:1416405, MainThread:139624799057728> (requestor.py:_fetch_single_async:206 -> middleware.py:apply_async:115) from logger `RFC.middleware_status_code`
[INFO] applied on AudioBookAudioPage(808598).AudioBookAudioFile(808598), sent

2024-04-08 16:42:52,856 <requestor-worker-0:1416405, MainThread:139624799057728> (requestor.py:_fetch_single_async:206 -> middleware.py:apply_async:112) from logger `RFC.middleware_status_code`
[INFO] applying on AudioBookAudioPage(808757).AudioBookAudioFile(808757), received

2024-04-08 16:42:52,858 <requestor-worker-0:1416405, MainThread:139624799057728> (middleware.py:_apply_async:180 -> middleware.py:_apply_sync:169) from logger `RFC.middleware_status_code`
[INFO] status code 200 in response of AudioBookAudioPage(808757).AudioBookAudioFile(808757)

2024-04-08 16:42:52,860 <requestor-worker-0:1416405, MainThread:139624799057728> (requestor.py:_fetch_single_async:206 -> middleware.py:apply_async:115) from logger `RFC.middleware_status_code`
[INFO] applied on AudioBookAudioPage(808757).AudioBookAudioFile(808757), sent

2024-04-08 16:42:53,650 <requestor-worker-0:1416405, MainThread:139624799057728> (requestor.py:_fetch_single_async:206 -> middleware.py:apply_async:112) from logger `RFC.middleware_status_code`
[INFO] applying on AudioBookAudioPage(808833).AudioBookAudioFile(808833), received

2024-04-08 16:42:53,651 <requestor-worker-0:1416405, MainThread:139624799057728> (middleware.py:_apply_async:180 -> middleware.py:_apply_sync:169) from logger `RFC.middleware_status_code`
[INFO] status code 200 in response of AudioBookAudioPage(808833).AudioBookAudioFile(808833)

2024-04-08 16:42:53,652 <requestor-worker-0:1416405, MainThread:139624799057728> (requestor.py:_fetch_single_async:206 -> middleware.py:apply_async:115) from logger `RFC.middleware_status_code`
[INFO] applied on AudioBookAudioPage(808833).AudioBookAudioFile(808833), sent

2024-04-08 16:42:56,210 <requestor-worker-0:1416405, MainThread:139624799057728> (requestor.py:_fetch_single_async:206 -> middleware.py:apply_async:112) from logger `RFC.middleware_status_code`
[INFO] applying on AudioBookAudioPage(808545).AudioBookAudioFile(808545), received

2024-04-08 16:42:56,213 <requestor-worker-0:1416405, MainThread:139624799057728> (middleware.py:_apply_async:180 -> middleware.py:_apply_sync:169) from logger `RFC.middleware_status_code`
[INFO] status code 200 in response of AudioBookAudioPage(808545).AudioBookAudioFile(808545)

2024-04-08 16:42:56,216 <requestor-worker-0:1416405, MainThread:139624799057728> (requestor.py:_fetch_single_async:206 -> middleware.py:apply_async:115) from logger `RFC.middleware_status_code`
[INFO] applied on AudioBookAudioPage(808545).AudioBookAudioFile(808545), sent

2024-04-08 16:42:56,912 <requestor-worker-0:1416405, MainThread:139624799057728> (requestor.py:_fetch_single_async:206 -> middleware.py:apply_async:112) from logger `RFC.middleware_status_code`
[INFO] applying on AudioBookAudioPage(808927), received

2024-04-08 16:42:56,915 <requestor-worker-0:1416405, MainThread:139624799057728> (middleware.py:_apply_async:180 -> middleware.py:_apply_sync:169) from logger `RFC.middleware_status_code`
[INFO] status code 200 in response of AudioBookAudioPage(808927)

2024-04-08 16:42:56,918 <requestor-worker-0:1416405, MainThread:139624799057728> (requestor.py:_fetch_single_async:206 -> middleware.py:apply_async:115) from logger `RFC.middleware_status_code`
[INFO] applied on AudioBookAudioPage(808927), sent

2024-04-08 16:42:57,569 <requestor-worker-0:1416405, MainThread:139624799057728> (requestor.py:_fetch_single_async:206 -> middleware.py:apply_async:112) from logger `RFC.middleware_status_code`
[INFO] applying on AudioBookAudioPage(808738).AudioBookAudioFile(808738), received

2024-04-08 16:42:57,572 <requestor-worker-0:1416405, MainThread:139624799057728> (middleware.py:_apply_async:180 -> middleware.py:_apply_sync:169) from logger `RFC.middleware_status_code`
[INFO] status code 200 in response of AudioBookAudioPage(808738).AudioBookAudioFile(808738)

2024-04-08 16:42:57,575 <requestor-worker-0:1416405, MainThread:139624799057728> (requestor.py:_fetch_single_async:206 -> middleware.py:apply_async:115) from logger `RFC.middleware_status_code`
[INFO] applied on AudioBookAudioPage(808738).AudioBookAudioFile(808738), sent

2024-04-08 16:42:57,766 <requestor-worker-0:1416405, MainThread:139624799057728> (requestor.py:_fetch_single_async:206 -> middleware.py:apply_async:112) from logger `RFC.middleware_status_code`
[INFO] applying on AudioBookAudioPage(808772).AudioBookAudioFile(808772), received

2024-04-08 16:42:57,768 <requestor-worker-0:1416405, MainThread:139624799057728> (middleware.py:_apply_async:180 -> middleware.py:_apply_sync:169) from logger `RFC.middleware_status_code`
[INFO] status code 200 in response of AudioBookAudioPage(808772).AudioBookAudioFile(808772)

2024-04-08 16:42:57,771 <requestor-worker-0:1416405, MainThread:139624799057728> (requestor.py:_fetch_single_async:206 -> middleware.py:apply_async:115) from logger `RFC.middleware_status_code`
[INFO] applied on AudioBookAudioPage(808772).AudioBookAudioFile(808772), sent

2024-04-08 16:42:58,490 <requestor-worker-0:1416405, MainThread:139624799057728> (requestor.py:_fetch_single_async:206 -> middleware.py:apply_async:112) from logger `RFC.middleware_status_code`
[INFO] applying on AudioBookAudioPage(808760).AudioBookAudioFile(808760), received

2024-04-08 16:42:58,491 <requestor-worker-0:1416405, MainThread:139624799057728> (middleware.py:_apply_async:180 -> middleware.py:_apply_sync:169) from logger `RFC.middleware_status_code`
[INFO] status code 200 in response of AudioBookAudioPage(808760).AudioBookAudioFile(808760)

2024-04-08 16:42:58,492 <requestor-worker-0:1416405, MainThread:139624799057728> (requestor.py:_fetch_single_async:206 -> middleware.py:apply_async:115) from logger `RFC.middleware_status_code`
[INFO] applied on AudioBookAudioPage(808760).AudioBookAudioFile(808760), sent

2024-04-08 16:43:00,491 <requestor-worker-0:1416405, MainThread:139624799057728> (requestor.py:_fetch_single_async:206 -> middleware.py:apply_async:112) from logger `RFC.middleware_status_code`
[INFO] applying on AudioBookAudioPage(808952).AudioBookAudioFile(808952), received

2024-04-08 16:43:00,493 <requestor-worker-0:1416405, MainThread:139624799057728> (middleware.py:_apply_async:180 -> middleware.py:_apply_sync:169) from logger `RFC.middleware_status_code`
[INFO] status code 200 in response of AudioBookAudioPage(808952).AudioBookAudioFile(808952)

2024-04-08 16:43:00,495 <requestor-worker-0:1416405, MainThread:139624799057728> (requestor.py:_fetch_single_async:206 -> middleware.py:apply_async:115) from logger `RFC.middleware_status_code`
[INFO] applied on AudioBookAudioPage(808952).AudioBookAudioFile(808952), sent

2024-04-08 16:43:17,935 <requestor-worker-0:1416405, MainThread:139624799057728> (requestor.py:_fetch_single_async:206 -> middleware.py:apply_async:112) from logger `RFC.middleware_status_code`
[INFO] applying on AudioBookAudioPage(808757).AudioBookAudioFile(808757), received

2024-04-08 16:43:17,936 <requestor-worker-0:1416405, MainThread:139624799057728> (middleware.py:_apply_async:180 -> middleware.py:_apply_sync:169) from logger `RFC.middleware_status_code`
[INFO] status code 200 in response of AudioBookAudioPage(808757).AudioBookAudioFile(808757)

2024-04-08 16:43:17,938 <requestor-worker-0:1416405, MainThread:139624799057728> (requestor.py:_fetch_single_async:206 -> middleware.py:apply_async:115) from logger `RFC.middleware_status_code`
[INFO] applied on AudioBookAudioPage(808757).AudioBookAudioFile(808757), sent

2024-04-08 16:43:17,972 <requestor-worker-0:1416405, MainThread:139624799057728> (requestor.py:_fetch_single_async:206 -> middleware.py:apply_async:112) from logger `RFC.middleware_status_code`
[INFO] applying on AudioBookAudioPage(808973).AudioBookAudioFile(808973), received

2024-04-08 16:43:17,974 <requestor-worker-0:1416405, MainThread:139624799057728> (middleware.py:_apply_async:180 -> middleware.py:_apply_sync:169) from logger `RFC.middleware_status_code`
[INFO] status code 200 in response of AudioBookAudioPage(808973).AudioBookAudioFile(808973)

2024-04-08 16:43:17,975 <requestor-worker-0:1416405, MainThread:139624799057728> (requestor.py:_fetch_single_async:206 -> middleware.py:apply_async:115) from logger `RFC.middleware_status_code`
[INFO] applied on AudioBookAudioPage(808973).AudioBookAudioFile(808973), sent

2024-04-08 16:43:18,471 <requestor-worker-0:1416405, MainThread:139624799057728> (requestor.py:_fetch_single_async:206 -> middleware.py:apply_async:112) from logger `RFC.middleware_status_code`
[INFO] applying on AudioBookAudioPage(808907).AudioBookAudioFile(808907), received

2024-04-08 16:43:18,474 <requestor-worker-0:1416405, MainThread:139624799057728> (middleware.py:_apply_async:180 -> middleware.py:_apply_sync:169) from logger `RFC.middleware_status_code`
[INFO] status code 200 in response of AudioBookAudioPage(808907).AudioBookAudioFile(808907)

2024-04-08 16:43:18,476 <requestor-worker-0:1416405, MainThread:139624799057728> (requestor.py:_fetch_single_async:206 -> middleware.py:apply_async:115) from logger `RFC.middleware_status_code`
[INFO] applied on AudioBookAudioPage(808907).AudioBookAudioFile(808907), sent

2024-04-08 16:43:18,803 <requestor-worker-0:1416405, MainThread:139624799057728> (requestor.py:_fetch_single_async:206 -> middleware.py:apply_async:112) from logger `RFC.middleware_status_code`
[INFO] applying on AudioBookAudioPage(808800).AudioBookAudioFile(808800), received

2024-04-08 16:43:18,805 <requestor-worker-0:1416405, MainThread:139624799057728> (middleware.py:_apply_async:180 -> middleware.py:_apply_sync:169) from logger `RFC.middleware_status_code`
[INFO] status code 200 in response of AudioBookAudioPage(808800).AudioBookAudioFile(808800)

2024-04-08 16:43:18,806 <requestor-worker-0:1416405, MainThread:139624799057728> (requestor.py:_fetch_single_async:206 -> middleware.py:apply_async:115) from logger `RFC.middleware_status_code`
[INFO] applied on AudioBookAudioPage(808800).AudioBookAudioFile(808800), sent

2024-04-08 16:43:18,923 <requestor-worker-0:1416405, MainThread:139624799057728> (requestor.py:_fetch_single_async:206 -> middleware.py:apply_async:112) from logger `RFC.middleware_status_code`
[INFO] applying on AudioBookAudioPage(808971).AudioBookAudioFile(808971), received

2024-04-08 16:43:18,924 <requestor-worker-0:1416405, MainThread:139624799057728> (middleware.py:_apply_async:180 -> middleware.py:_apply_sync:169) from logger `RFC.middleware_status_code`
[INFO] status code 200 in response of AudioBookAudioPage(808971).AudioBookAudioFile(808971)

2024-04-08 16:43:18,926 <requestor-worker-0:1416405, MainThread:139624799057728> (requestor.py:_fetch_single_async:206 -> middleware.py:apply_async:115) from logger `RFC.middleware_status_code`
[INFO] applied on AudioBookAudioPage(808971).AudioBookAudioFile(808971), sent

2024-04-08 16:43:27,709 <requestor-worker-0:1416405, MainThread:139624799057728> (requestor.py:_fetch_single_async:206 -> middleware.py:apply_async:112) from logger `RFC.middleware_status_code`
[INFO] applying on AudioBookAudioPage(809019).AudioBookAudioFile(809019), received

2024-04-08 16:43:27,712 <requestor-worker-0:1416405, MainThread:139624799057728> (middleware.py:_apply_async:180 -> middleware.py:_apply_sync:169) from logger `RFC.middleware_status_code`
[INFO] status code 200 in response of AudioBookAudioPage(809019).AudioBookAudioFile(809019)

2024-04-08 16:43:27,715 <requestor-worker-0:1416405, MainThread:139624799057728> (requestor.py:_fetch_single_async:206 -> middleware.py:apply_async:115) from logger `RFC.middleware_status_code`
[INFO] applied on AudioBookAudioPage(809019).AudioBookAudioFile(809019), sent

2024-04-08 16:43:29,481 <requestor-worker-0:1416405, MainThread:139624799057728> (requestor.py:_fetch_single_async:206 -> middleware.py:apply_async:112) from logger `RFC.middleware_status_code`
[INFO] applying on AudioBookAudioPage(808738).AudioBookAudioFile(808738), received

2024-04-08 16:43:29,482 <requestor-worker-0:1416405, MainThread:139624799057728> (middleware.py:_apply_async:180 -> middleware.py:_apply_sync:169) from logger `RFC.middleware_status_code`
[INFO] status code 200 in response of AudioBookAudioPage(808738).AudioBookAudioFile(808738)

2024-04-08 16:43:29,483 <requestor-worker-0:1416405, MainThread:139624799057728> (requestor.py:_fetch_single_async:206 -> middleware.py:apply_async:115) from logger `RFC.middleware_status_code`
[INFO] applied on AudioBookAudioPage(808738).AudioBookAudioFile(808738), sent

2024-04-08 16:43:39,296 <requestor-worker-0:1416405, MainThread:139624799057728> (requestor.py:_fetch_single_async:206 -> middleware.py:apply_async:112) from logger `RFC.middleware_status_code`
[INFO] applying on AudioBookAudioPage(809060).AudioBookAudioFile(809060), received

2024-04-08 16:43:39,298 <requestor-worker-0:1416405, MainThread:139624799057728> (middleware.py:_apply_async:180 -> middleware.py:_apply_sync:169) from logger `RFC.middleware_status_code`
[INFO] status code 200 in response of AudioBookAudioPage(809060).AudioBookAudioFile(809060)

2024-04-08 16:43:39,299 <requestor-worker-0:1416405, MainThread:139624799057728> (requestor.py:_fetch_single_async:206 -> middleware.py:apply_async:115) from logger `RFC.middleware_status_code`
[INFO] applied on AudioBookAudioPage(809060).AudioBookAudioFile(809060), sent

2024-04-08 16:43:40,458 <requestor-worker-0:1416405, MainThread:139624799057728> (requestor.py:_fetch_single_async:206 -> middleware.py:apply_async:112) from logger `RFC.middleware_status_code`
[INFO] applying on AudioBookAudioPage(808911).AudioBookAudioFile(808911), received

2024-04-08 16:43:40,459 <requestor-worker-0:1416405, MainThread:139624799057728> (middleware.py:_apply_async:180 -> middleware.py:_apply_sync:169) from logger `RFC.middleware_status_code`
[INFO] status code 200 in response of AudioBookAudioPage(808911).AudioBookAudioFile(808911)

2024-04-08 16:43:40,460 <requestor-worker-0:1416405, MainThread:139624799057728> (requestor.py:_fetch_single_async:206 -> middleware.py:apply_async:115) from logger `RFC.middleware_status_code`
[INFO] applied on AudioBookAudioPage(808911).AudioBookAudioFile(808911), sent

2024-04-08 16:43:45,747 <requestor-worker-0:1416405, MainThread:139624799057728> (requestor.py:_fetch_single_async:206 -> middleware.py:apply_async:112) from logger `RFC.middleware_status_code`
[INFO] applying on AudioBookAudioPage(809085).AudioBookAudioFile(809085), received

2024-04-08 16:43:45,749 <requestor-worker-0:1416405, MainThread:139624799057728> (middleware.py:_apply_async:180 -> middleware.py:_apply_sync:169) from logger `RFC.middleware_status_code`
[INFO] status code 200 in response of AudioBookAudioPage(809085).AudioBookAudioFile(809085)

2024-04-08 16:43:45,751 <requestor-worker-0:1416405, MainThread:139624799057728> (requestor.py:_fetch_single_async:206 -> middleware.py:apply_async:115) from logger `RFC.middleware_status_code`
[INFO] applied on AudioBookAudioPage(809085).AudioBookAudioFile(809085), sent

2024-04-08 16:44:01,783 <requestor-worker-0:1416405, MainThread:139624799057728> (requestor.py:_fetch_single_async:206 -> middleware.py:apply_async:112) from logger `RFC.middleware_status_code`
[INFO] applying on AudioBookAudioPage(808760).AudioBookAudioFile(808760), received

2024-04-08 16:44:01,784 <requestor-worker-0:1416405, MainThread:139624799057728> (middleware.py:_apply_async:180 -> middleware.py:_apply_sync:169) from logger `RFC.middleware_status_code`
[INFO] status code 200 in response of AudioBookAudioPage(808760).AudioBookAudioFile(808760)

2024-04-08 16:44:01,785 <requestor-worker-0:1416405, MainThread:139624799057728> (requestor.py:_fetch_single_async:206 -> middleware.py:apply_async:115) from logger `RFC.middleware_status_code`
[INFO] applied on AudioBookAudioPage(808760).AudioBookAudioFile(808760), sent

2024-04-08 16:44:04,653 <requestor-worker-0:1416405, MainThread:139624799057728> (requestor.py:_fetch_single_async:206 -> middleware.py:apply_async:112) from logger `RFC.middleware_status_code`
[INFO] applying on AudioBookAudioPage(808772).AudioBookAudioFile(808772), received

2024-04-08 16:44:04,656 <requestor-worker-0:1416405, MainThread:139624799057728> (middleware.py:_apply_async:180 -> middleware.py:_apply_sync:169) from logger `RFC.middleware_status_code`
[INFO] status code 200 in response of AudioBookAudioPage(808772).AudioBookAudioFile(808772)

2024-04-08 16:44:04,659 <requestor-worker-0:1416405, MainThread:139624799057728> (requestor.py:_fetch_single_async:206 -> middleware.py:apply_async:115) from logger `RFC.middleware_status_code`
[INFO] applied on AudioBookAudioPage(808772).AudioBookAudioFile(808772), sent

2024-04-08 16:44:05,579 <requestor-worker-0:1416405, MainThread:139624799057728> (requestor.py:_fetch_single_async:206 -> middleware.py:apply_async:112) from logger `RFC.middleware_status_code`
[INFO] applying on AudioBookAudioPage(808952).AudioBookAudioFile(808952), received

2024-04-08 16:44:05,581 <requestor-worker-0:1416405, MainThread:139624799057728> (middleware.py:_apply_async:180 -> middleware.py:_apply_sync:169) from logger `RFC.middleware_status_code`
[INFO] status code 200 in response of AudioBookAudioPage(808952).AudioBookAudioFile(808952)

2024-04-08 16:44:05,584 <requestor-worker-0:1416405, MainThread:139624799057728> (requestor.py:_fetch_single_async:206 -> middleware.py:apply_async:115) from logger `RFC.middleware_status_code`
[INFO] applied on AudioBookAudioPage(808952).AudioBookAudioFile(808952), sent

2024-04-08 16:44:18,853 <requestor-worker-0:1416405, MainThread:139624799057728> (requestor.py:_fetch_single_async:206 -> middleware.py:apply_async:112) from logger `RFC.middleware_status_code`
[INFO] applying on AudioBookAudioPage(808800).AudioBookAudioFile(808800), received

2024-04-08 16:44:18,856 <requestor-worker-0:1416405, MainThread:139624799057728> (middleware.py:_apply_async:180 -> middleware.py:_apply_sync:169) from logger `RFC.middleware_status_code`
[INFO] status code 200 in response of AudioBookAudioPage(808800).AudioBookAudioFile(808800)

2024-04-08 16:44:18,858 <requestor-worker-0:1416405, MainThread:139624799057728> (requestor.py:_fetch_single_async:206 -> middleware.py:apply_async:115) from logger `RFC.middleware_status_code`
[INFO] applied on AudioBookAudioPage(808800).AudioBookAudioFile(808800), sent

2024-04-08 16:44:19,518 <requestor-worker-0:1416405, MainThread:139624799057728> (requestor.py:_fetch_single_async:206 -> middleware.py:apply_async:112) from logger `RFC.middleware_status_code`
[INFO] applying on AudioBookAudioPage(808907).AudioBookAudioFile(808907), received

2024-04-08 16:44:19,521 <requestor-worker-0:1416405, MainThread:139624799057728> (middleware.py:_apply_async:180 -> middleware.py:_apply_sync:169) from logger `RFC.middleware_status_code`
[INFO] status code 200 in response of AudioBookAudioPage(808907).AudioBookAudioFile(808907)

2024-04-08 16:44:19,523 <requestor-worker-0:1416405, MainThread:139624799057728> (requestor.py:_fetch_single_async:206 -> middleware.py:apply_async:115) from logger `RFC.middleware_status_code`
[INFO] applied on AudioBookAudioPage(808907).AudioBookAudioFile(808907), sent

2024-04-08 16:44:20,245 <requestor-worker-0:1416405, MainThread:139624799057728> (requestor.py:_fetch_single_async:206 -> middleware.py:apply_async:112) from logger `RFC.middleware_status_code`
[INFO] applying on AudioBookAudioPage(808973).AudioBookAudioFile(808973), received

2024-04-08 16:44:20,248 <requestor-worker-0:1416405, MainThread:139624799057728> (middleware.py:_apply_async:180 -> middleware.py:_apply_sync:169) from logger `RFC.middleware_status_code`
[INFO] status code 200 in response of AudioBookAudioPage(808973).AudioBookAudioFile(808973)

2024-04-08 16:44:20,250 <requestor-worker-0:1416405, MainThread:139624799057728> (requestor.py:_fetch_single_async:206 -> middleware.py:apply_async:115) from logger `RFC.middleware_status_code`
[INFO] applied on AudioBookAudioPage(808973).AudioBookAudioFile(808973), sent

2024-04-08 16:44:20,299 <requestor-worker-0:1416405, MainThread:139624799057728> (requestor.py:_fetch_single_async:206 -> middleware.py:apply_async:112) from logger `RFC.middleware_status_code`
[INFO] applying on AudioBookAudioPage(808971).AudioBookAudioFile(808971), received

2024-04-08 16:44:20,302 <requestor-worker-0:1416405, MainThread:139624799057728> (middleware.py:_apply_async:180 -> middleware.py:_apply_sync:169) from logger `RFC.middleware_status_code`
[INFO] status code 200 in response of AudioBookAudioPage(808971).AudioBookAudioFile(808971)

2024-04-08 16:44:20,304 <requestor-worker-0:1416405, MainThread:139624799057728> (requestor.py:_fetch_single_async:206 -> middleware.py:apply_async:115) from logger `RFC.middleware_status_code`
[INFO] applied on AudioBookAudioPage(808971).AudioBookAudioFile(808971), sent

2024-04-08 16:44:28,125 <requestor-worker-0:1416405, MainThread:139624799057728> (requestor.py:_fetch_single_async:206 -> middleware.py:apply_async:112) from logger `RFC.middleware_status_code`
[INFO] applying on AudioBookAudioPage(809019).AudioBookAudioFile(809019), received

2024-04-08 16:44:28,127 <requestor-worker-0:1416405, MainThread:139624799057728> (middleware.py:_apply_async:180 -> middleware.py:_apply_sync:169) from logger `RFC.middleware_status_code`
[INFO] status code 200 in response of AudioBookAudioPage(809019).AudioBookAudioFile(809019)

2024-04-08 16:44:28,130 <requestor-worker-0:1416405, MainThread:139624799057728> (requestor.py:_fetch_single_async:206 -> middleware.py:apply_async:115) from logger `RFC.middleware_status_code`
[INFO] applied on AudioBookAudioPage(809019).AudioBookAudioFile(809019), sent

2024-04-08 16:44:32,186 <requestor-worker-0:1416405, MainThread:139624799057728> (requestor.py:_fetch_single_async:206 -> middleware.py:apply_async:112) from logger `RFC.middleware_status_code`
[INFO] applying on AudioBookAudioPage(808738).AudioBookAudioFile(808738), received

2024-04-08 16:44:32,187 <requestor-worker-0:1416405, MainThread:139624799057728> (middleware.py:_apply_async:180 -> middleware.py:_apply_sync:169) from logger `RFC.middleware_status_code`
[INFO] status code 200 in response of AudioBookAudioPage(808738).AudioBookAudioFile(808738)

2024-04-08 16:44:32,188 <requestor-worker-0:1416405, MainThread:139624799057728> (requestor.py:_fetch_single_async:206 -> middleware.py:apply_async:115) from logger `RFC.middleware_status_code`
[INFO] applied on AudioBookAudioPage(808738).AudioBookAudioFile(808738), sent

2024-04-08 16:44:39,923 <requestor-worker-0:1416405, MainThread:139624799057728> (requestor.py:_fetch_single_async:206 -> middleware.py:apply_async:112) from logger `RFC.middleware_status_code`
[INFO] applying on AudioBookAudioPage(809060).AudioBookAudioFile(809060), received

2024-04-08 16:44:39,925 <requestor-worker-0:1416405, MainThread:139624799057728> (middleware.py:_apply_async:180 -> middleware.py:_apply_sync:169) from logger `RFC.middleware_status_code`
[INFO] status code 200 in response of AudioBookAudioPage(809060).AudioBookAudioFile(809060)

2024-04-08 16:44:39,928 <requestor-worker-0:1416405, MainThread:139624799057728> (requestor.py:_fetch_single_async:206 -> middleware.py:apply_async:115) from logger `RFC.middleware_status_code`
[INFO] applied on AudioBookAudioPage(809060).AudioBookAudioFile(809060), sent

2024-04-08 16:44:41,590 <requestor-worker-0:1416405, MainThread:139624799057728> (requestor.py:_fetch_single_async:206 -> middleware.py:apply_async:112) from logger `RFC.middleware_status_code`
[INFO] applying on AudioBookAudioPage(808911).AudioBookAudioFile(808911), received

2024-04-08 16:44:41,593 <requestor-worker-0:1416405, MainThread:139624799057728> (middleware.py:_apply_async:180 -> middleware.py:_apply_sync:169) from logger `RFC.middleware_status_code`
[INFO] status code 200 in response of AudioBookAudioPage(808911).AudioBookAudioFile(808911)

2024-04-08 16:44:41,595 <requestor-worker-0:1416405, MainThread:139624799057728> (requestor.py:_fetch_single_async:206 -> middleware.py:apply_async:115) from logger `RFC.middleware_status_code`
[INFO] applied on AudioBookAudioPage(808911).AudioBookAudioFile(808911), sent

2024-04-08 16:44:46,469 <requestor-worker-0:1416405, MainThread:139624799057728> (requestor.py:_fetch_single_async:206 -> middleware.py:apply_async:112) from logger `RFC.middleware_status_code`
[INFO] applying on AudioBookAudioPage(809085).AudioBookAudioFile(809085), received

2024-04-08 16:44:46,471 <requestor-worker-0:1416405, MainThread:139624799057728> (middleware.py:_apply_async:180 -> middleware.py:_apply_sync:169) from logger `RFC.middleware_status_code`
[INFO] status code 200 in response of AudioBookAudioPage(809085).AudioBookAudioFile(809085)

2024-04-08 16:44:46,474 <requestor-worker-0:1416405, MainThread:139624799057728> (requestor.py:_fetch_single_async:206 -> middleware.py:apply_async:115) from logger `RFC.middleware_status_code`
[INFO] applied on AudioBookAudioPage(809085).AudioBookAudioFile(809085), sent

2024-04-08 16:45:07,183 <requestor-worker-0:1416405, MainThread:139624799057728> (requestor.py:_fetch_single_async:206 -> middleware.py:apply_async:112) from logger `RFC.middleware_status_code`
[INFO] applying on AudioBookAudioPage(808760).AudioBookAudioFile(808760), received

2024-04-08 16:45:07,186 <requestor-worker-0:1416405, MainThread:139624799057728> (middleware.py:_apply_async:180 -> middleware.py:_apply_sync:169) from logger `RFC.middleware_status_code`
[INFO] status code 200 in response of AudioBookAudioPage(808760).AudioBookAudioFile(808760)

2024-04-08 16:45:07,188 <requestor-worker-0:1416405, MainThread:139624799057728> (requestor.py:_fetch_single_async:206 -> middleware.py:apply_async:115) from logger `RFC.middleware_status_code`
[INFO] applied on AudioBookAudioPage(808760).AudioBookAudioFile(808760), sent

2024-04-08 16:45:09,453 <requestor-worker-0:1416405, MainThread:139624799057728> (requestor.py:_fetch_single_async:206 -> middleware.py:apply_async:112) from logger `RFC.middleware_status_code`
[INFO] applying on AudioBookAudioPage(808772).AudioBookAudioFile(808772), received

2024-04-08 16:45:09,456 <requestor-worker-0:1416405, MainThread:139624799057728> (middleware.py:_apply_async:180 -> middleware.py:_apply_sync:169) from logger `RFC.middleware_status_code`
[INFO] status code 200 in response of AudioBookAudioPage(808772).AudioBookAudioFile(808772)

2024-04-08 16:45:09,458 <requestor-worker-0:1416405, MainThread:139624799057728> (requestor.py:_fetch_single_async:206 -> middleware.py:apply_async:115) from logger `RFC.middleware_status_code`
[INFO] applied on AudioBookAudioPage(808772).AudioBookAudioFile(808772), sent

2024-04-08 16:45:09,523 <requestor-worker-0:1416405, MainThread:139624799057728> (requestor.py:_fetch_single_async:206 -> middleware.py:apply_async:112) from logger `RFC.middleware_status_code`
[INFO] applying on AudioBookAudioPage(808952).AudioBookAudioFile(808952), received

2024-04-08 16:45:09,526 <requestor-worker-0:1416405, MainThread:139624799057728> (middleware.py:_apply_async:180 -> middleware.py:_apply_sync:169) from logger `RFC.middleware_status_code`
[INFO] status code 200 in response of AudioBookAudioPage(808952).AudioBookAudioFile(808952)

2024-04-08 16:45:09,528 <requestor-worker-0:1416405, MainThread:139624799057728> (requestor.py:_fetch_single_async:206 -> middleware.py:apply_async:115) from logger `RFC.middleware_status_code`
[INFO] applied on AudioBookAudioPage(808952).AudioBookAudioFile(808952), sent

2024-04-08 16:45:24,999 <requestor-worker-0:1416405, MainThread:139624799057728> (requestor.py:_fetch_single_async:206 -> middleware.py:apply_async:112) from logger `RFC.middleware_status_code`
[INFO] applying on AudioBookAudioPage(808907).AudioBookAudioFile(808907), received

2024-04-08 16:45:25,000 <requestor-worker-0:1416405, MainThread:139624799057728> (middleware.py:_apply_async:180 -> middleware.py:_apply_sync:169) from logger `RFC.middleware_status_code`
[INFO] status code 200 in response of AudioBookAudioPage(808907).AudioBookAudioFile(808907)

2024-04-08 16:45:25,001 <requestor-worker-0:1416405, MainThread:139624799057728> (requestor.py:_fetch_single_async:206 -> middleware.py:apply_async:115) from logger `RFC.middleware_status_code`
[INFO] applied on AudioBookAudioPage(808907).AudioBookAudioFile(808907), sent

2024-04-08 16:45:30,293 <requestor-worker-0:1416405, MainThread:139624799057728> (requestor.py:_fetch_single_async:206 -> middleware.py:apply_async:112) from logger `RFC.middleware_status_code`
[INFO] applying on AudioBookAudioPage(809456).AudioBookAudioFile(809456), received

2024-04-08 16:45:30,296 <requestor-worker-0:1416405, MainThread:139624799057728> (middleware.py:_apply_async:180 -> middleware.py:_apply_sync:169) from logger `RFC.middleware_status_code`
[INFO] status code 200 in response of AudioBookAudioPage(809456).AudioBookAudioFile(809456)

2024-04-08 16:45:30,298 <requestor-worker-0:1416405, MainThread:139624799057728> (requestor.py:_fetch_single_async:206 -> middleware.py:apply_async:115) from logger `RFC.middleware_status_code`
[INFO] applied on AudioBookAudioPage(809456).AudioBookAudioFile(809456), sent

2024-04-08 16:45:30,944 <requestor-worker-0:1416405, MainThread:139624799057728> (requestor.py:_fetch_single_async:206 -> middleware.py:apply_async:112) from logger `RFC.middleware_status_code`
[INFO] applying on AudioBookAudioPage(809019).AudioBookAudioFile(809019), received

2024-04-08 16:45:30,946 <requestor-worker-0:1416405, MainThread:139624799057728> (middleware.py:_apply_async:180 -> middleware.py:_apply_sync:169) from logger `RFC.middleware_status_code`
[INFO] status code 200 in response of AudioBookAudioPage(809019).AudioBookAudioFile(809019)

2024-04-08 16:45:30,949 <requestor-worker-0:1416405, MainThread:139624799057728> (requestor.py:_fetch_single_async:206 -> middleware.py:apply_async:115) from logger `RFC.middleware_status_code`
[INFO] applied on AudioBookAudioPage(809019).AudioBookAudioFile(809019), sent

2024-04-08 16:45:38,239 <requestor-worker-0:1416405, MainThread:139624799057728> (requestor.py:_fetch_single_async:206 -> middleware.py:apply_async:112) from logger `RFC.middleware_status_code`
[INFO] applying on AudioBookAudioPage(808800).AudioBookAudioFile(808800), received

2024-04-08 16:45:38,241 <requestor-worker-0:1416405, MainThread:139624799057728> (middleware.py:_apply_async:180 -> middleware.py:_apply_sync:169) from logger `RFC.middleware_status_code`
[INFO] status code 200 in response of AudioBookAudioPage(808800).AudioBookAudioFile(808800)

2024-04-08 16:45:38,244 <requestor-worker-0:1416405, MainThread:139624799057728> (requestor.py:_fetch_single_async:206 -> middleware.py:apply_async:115) from logger `RFC.middleware_status_code`
[INFO] applied on AudioBookAudioPage(808800).AudioBookAudioFile(808800), sent

2024-04-08 16:45:39,326 <requestor-worker-0:1416405, MainThread:139624799057728> (requestor.py:_fetch_single_async:206 -> middleware.py:apply_async:112) from logger `RFC.middleware_status_code`
[INFO] applying on AudioBookAudioPage(809468), received

2024-04-08 16:45:39,329 <requestor-worker-0:1416405, MainThread:139624799057728> (middleware.py:_apply_async:180 -> middleware.py:_apply_sync:169) from logger `RFC.middleware_status_code`
[INFO] status code 200 in response of AudioBookAudioPage(809468)

2024-04-08 16:45:39,332 <requestor-worker-0:1416405, MainThread:139624799057728> (requestor.py:_fetch_single_async:206 -> middleware.py:apply_async:115) from logger `RFC.middleware_status_code`
[INFO] applied on AudioBookAudioPage(809468), sent

2024-04-08 16:45:40,730 <requestor-worker-0:1416405, MainThread:139624799057728> (requestor.py:_fetch_single_async:206 -> middleware.py:apply_async:112) from logger `RFC.middleware_status_code`
[INFO] applying on AudioBookAudioPage(808971).AudioBookAudioFile(808971), received

2024-04-08 16:45:40,733 <requestor-worker-0:1416405, MainThread:139624799057728> (middleware.py:_apply_async:180 -> middleware.py:_apply_sync:169) from logger `RFC.middleware_status_code`
[INFO] status code 200 in response of AudioBookAudioPage(808971).AudioBookAudioFile(808971)

2024-04-08 16:45:40,735 <requestor-worker-0:1416405, MainThread:139624799057728> (requestor.py:_fetch_single_async:206 -> middleware.py:apply_async:115) from logger `RFC.middleware_status_code`
[INFO] applied on AudioBookAudioPage(808971).AudioBookAudioFile(808971), sent

2024-04-08 16:45:44,330 <requestor-worker-0:1416405, MainThread:139624799057728> (requestor.py:_fetch_single_async:206 -> middleware.py:apply_async:112) from logger `RFC.middleware_status_code`
[INFO] applying on AudioBookAudioPage(808911).AudioBookAudioFile(808911), received

2024-04-08 16:45:44,332 <requestor-worker-0:1416405, MainThread:139624799057728> (middleware.py:_apply_async:180 -> middleware.py:_apply_sync:169) from logger `RFC.middleware_status_code`
[INFO] status code 200 in response of AudioBookAudioPage(808911).AudioBookAudioFile(808911)

2024-04-08 16:45:44,335 <requestor-worker-0:1416405, MainThread:139624799057728> (requestor.py:_fetch_single_async:206 -> middleware.py:apply_async:115) from logger `RFC.middleware_status_code`
[INFO] applied on AudioBookAudioPage(808911).AudioBookAudioFile(808911), sent

2024-04-08 16:45:49,150 <requestor-worker-0:1416405, MainThread:139624799057728> (requestor.py:_fetch_single_async:206 -> middleware.py:apply_async:112) from logger `RFC.middleware_status_code`
[INFO] applying on AudioBookAudioPage(809060).AudioBookAudioFile(809060), received

2024-04-08 16:45:49,154 <requestor-worker-0:1416405, MainThread:139624799057728> (middleware.py:_apply_async:180 -> middleware.py:_apply_sync:169) from logger `RFC.middleware_status_code`
[INFO] status code 200 in response of AudioBookAudioPage(809060).AudioBookAudioFile(809060)

2024-04-08 16:45:49,156 <requestor-worker-0:1416405, MainThread:139624799057728> (requestor.py:_fetch_single_async:206 -> middleware.py:apply_async:115) from logger `RFC.middleware_status_code`
[INFO] applied on AudioBookAudioPage(809060).AudioBookAudioFile(809060), sent

2024-04-08 16:45:50,373 <requestor-worker-0:1416405, MainThread:139624799057728> (requestor.py:_fetch_single_async:206 -> middleware.py:apply_async:112) from logger `RFC.middleware_status_code`
[INFO] applying on AudioBookAudioPage(808973).AudioBookAudioFile(808973), received

2024-04-08 16:45:50,375 <requestor-worker-0:1416405, MainThread:139624799057728> (middleware.py:_apply_async:180 -> middleware.py:_apply_sync:169) from logger `RFC.middleware_status_code`
[INFO] status code 200 in response of AudioBookAudioPage(808973).AudioBookAudioFile(808973)

2024-04-08 16:45:50,378 <requestor-worker-0:1416405, MainThread:139624799057728> (requestor.py:_fetch_single_async:206 -> middleware.py:apply_async:115) from logger `RFC.middleware_status_code`
[INFO] applied on AudioBookAudioPage(808973).AudioBookAudioFile(808973), sent

2024-04-08 16:46:08,555 <requestor-worker-0:1416405, MainThread:139624799057728> (requestor.py:_fetch_single_async:206 -> middleware.py:apply_async:112) from logger `RFC.middleware_status_code`
[INFO] applying on AudioBookAudioPage(809501).AudioBookAudioFile(809501), received

2024-04-08 16:46:08,558 <requestor-worker-0:1416405, MainThread:139624799057728> (middleware.py:_apply_async:180 -> middleware.py:_apply_sync:169) from logger `RFC.middleware_status_code`
[INFO] status code 200 in response of AudioBookAudioPage(809501).AudioBookAudioFile(809501)

2024-04-08 16:46:08,561 <requestor-worker-0:1416405, MainThread:139624799057728> (requestor.py:_fetch_single_async:206 -> middleware.py:apply_async:115) from logger `RFC.middleware_status_code`
[INFO] applied on AudioBookAudioPage(809501).AudioBookAudioFile(809501), sent

2024-04-08 16:46:10,578 <requestor-worker-0:1416405, MainThread:139624799057728> (requestor.py:_fetch_single_async:206 -> middleware.py:apply_async:112) from logger `RFC.middleware_status_code`
[INFO] applying on AudioBookAudioPage(809468).AudioBookAudioFile(809468), received

2024-04-08 16:46:10,581 <requestor-worker-0:1416405, MainThread:139624799057728> (middleware.py:_apply_async:180 -> middleware.py:_apply_sync:169) from logger `RFC.middleware_status_code`
[INFO] status code 200 in response of AudioBookAudioPage(809468).AudioBookAudioFile(809468)

2024-04-08 16:46:10,583 <requestor-worker-0:1416405, MainThread:139624799057728> (requestor.py:_fetch_single_async:206 -> middleware.py:apply_async:115) from logger `RFC.middleware_status_code`
[INFO] applied on AudioBookAudioPage(809468).AudioBookAudioFile(809468), sent

2024-04-08 16:46:13,969 <requestor-worker-0:1416405, MainThread:139624799057728> (requestor.py:_fetch_single_async:206 -> middleware.py:apply_async:112) from logger `RFC.middleware_status_code`
[INFO] applying on AudioBookAudioPage(809517).AudioBookAudioFile(809517), received

2024-04-08 16:46:13,972 <requestor-worker-0:1416405, MainThread:139624799057728> (middleware.py:_apply_async:180 -> middleware.py:_apply_sync:169) from logger `RFC.middleware_status_code`
[INFO] status code 200 in response of AudioBookAudioPage(809517).AudioBookAudioFile(809517)

2024-04-08 16:46:13,975 <requestor-worker-0:1416405, MainThread:139624799057728> (requestor.py:_fetch_single_async:206 -> middleware.py:apply_async:115) from logger `RFC.middleware_status_code`
[INFO] applied on AudioBookAudioPage(809517).AudioBookAudioFile(809517), sent

2024-04-08 16:46:18,700 <requestor-worker-0:1416405, MainThread:139624799057728> (requestor.py:_fetch_single_async:206 -> middleware.py:apply_async:112) from logger `RFC.middleware_status_code`
[INFO] applying on AudioBookAudioPage(809085).AudioBookAudioFile(809085), received

2024-04-08 16:46:18,703 <requestor-worker-0:1416405, MainThread:139624799057728> (middleware.py:_apply_async:180 -> middleware.py:_apply_sync:169) from logger `RFC.middleware_status_code`
[INFO] status code 200 in response of AudioBookAudioPage(809085).AudioBookAudioFile(809085)

2024-04-08 16:46:18,706 <requestor-worker-0:1416405, MainThread:139624799057728> (requestor.py:_fetch_single_async:206 -> middleware.py:apply_async:115) from logger `RFC.middleware_status_code`
[INFO] applied on AudioBookAudioPage(809085).AudioBookAudioFile(809085), sent

2024-04-08 16:46:23,653 <requestor-worker-0:1416405, MainThread:139624799057728> (requestor.py:_fetch_single_async:206 -> middleware.py:apply_async:112) from logger `RFC.middleware_status_code`
[INFO] applying on AudioBookAudioPage(809456).AudioBookAudioFile(809456), received

2024-04-08 16:46:23,655 <requestor-worker-0:1416405, MainThread:139624799057728> (middleware.py:_apply_async:180 -> middleware.py:_apply_sync:169) from logger `RFC.middleware_status_code`
[INFO] status code 200 in response of AudioBookAudioPage(809456).AudioBookAudioFile(809456)

2024-04-08 16:46:23,658 <requestor-worker-0:1416405, MainThread:139624799057728> (requestor.py:_fetch_single_async:206 -> middleware.py:apply_async:115) from logger `RFC.middleware_status_code`
[INFO] applied on AudioBookAudioPage(809456).AudioBookAudioFile(809456), sent

2024-04-08 16:46:23,731 <requestor-worker-0:1416405, MainThread:139624799057728> (requestor.py:_fetch_single_async:206 -> middleware.py:apply_async:112) from logger `RFC.middleware_status_code`
[INFO] applying on AudioBookAudioPage(808971).AudioBookAudioFile(808971), received

2024-04-08 16:46:23,734 <requestor-worker-0:1416405, MainThread:139624799057728> (middleware.py:_apply_async:180 -> middleware.py:_apply_sync:169) from logger `RFC.middleware_status_code`
[INFO] status code 200 in response of AudioBookAudioPage(808971).AudioBookAudioFile(808971)

2024-04-08 16:46:23,736 <requestor-worker-0:1416405, MainThread:139624799057728> (requestor.py:_fetch_single_async:206 -> middleware.py:apply_async:115) from logger `RFC.middleware_status_code`
[INFO] applied on AudioBookAudioPage(808971).AudioBookAudioFile(808971), sent

2024-04-08 16:46:25,418 <requestor-worker-0:1416405, MainThread:139624799057728> (requestor.py:_fetch_single_async:206 -> middleware.py:apply_async:112) from logger `RFC.middleware_status_code`
[INFO] applying on AudioBookAudioPage(809526).AudioBookAudioFile(809526), received

2024-04-08 16:46:25,421 <requestor-worker-0:1416405, MainThread:139624799057728> (middleware.py:_apply_async:180 -> middleware.py:_apply_sync:169) from logger `RFC.middleware_status_code`
[INFO] status code 200 in response of AudioBookAudioPage(809526).AudioBookAudioFile(809526)

2024-04-08 16:46:25,423 <requestor-worker-0:1416405, MainThread:139624799057728> (requestor.py:_fetch_single_async:206 -> middleware.py:apply_async:115) from logger `RFC.middleware_status_code`
[INFO] applied on AudioBookAudioPage(809526).AudioBookAudioFile(809526), sent

2024-04-08 16:46:32,423 <requestor-worker-0:1416405, MainThread:139624799057728> (requestor.py:_fetch_single_async:206 -> middleware.py:apply_async:112) from logger `RFC.middleware_status_code`
[INFO] applying on AudioBookAudioPage(809019).AudioBookAudioFile(809019), received

2024-04-08 16:46:32,425 <requestor-worker-0:1416405, MainThread:139624799057728> (middleware.py:_apply_async:180 -> middleware.py:_apply_sync:169) from logger `RFC.middleware_status_code`
[INFO] status code 200 in response of AudioBookAudioPage(809019).AudioBookAudioFile(809019)

2024-04-08 16:46:32,428 <requestor-worker-0:1416405, MainThread:139624799057728> (requestor.py:_fetch_single_async:206 -> middleware.py:apply_async:115) from logger `RFC.middleware_status_code`
[INFO] applied on AudioBookAudioPage(809019).AudioBookAudioFile(809019), sent

2024-04-08 16:46:37,568 <requestor-worker-0:1416405, MainThread:139624799057728> (requestor.py:_fetch_single_async:206 -> middleware.py:apply_async:112) from logger `RFC.middleware_status_code`
[INFO] applying on AudioBookAudioPage(809541).AudioBookAudioFile(809541), received

2024-04-08 16:46:37,571 <requestor-worker-0:1416405, MainThread:139624799057728> (middleware.py:_apply_async:180 -> middleware.py:_apply_sync:169) from logger `RFC.middleware_status_code`
[INFO] status code 200 in response of AudioBookAudioPage(809541).AudioBookAudioFile(809541)

2024-04-08 16:46:37,573 <requestor-worker-0:1416405, MainThread:139624799057728> (requestor.py:_fetch_single_async:206 -> middleware.py:apply_async:115) from logger `RFC.middleware_status_code`
[INFO] applied on AudioBookAudioPage(809541).AudioBookAudioFile(809541), sent

2024-04-08 16:46:42,016 <requestor-worker-0:1416405, MainThread:139624799057728> (requestor.py:_fetch_single_async:206 -> middleware.py:apply_async:112) from logger `RFC.middleware_status_code`
[INFO] applying on AudioBookAudioPage(809060).AudioBookAudioFile(809060), received

2024-04-08 16:46:42,018 <requestor-worker-0:1416405, MainThread:139624799057728> (middleware.py:_apply_async:180 -> middleware.py:_apply_sync:169) from logger `RFC.middleware_status_code`
[INFO] status code 200 in response of AudioBookAudioPage(809060).AudioBookAudioFile(809060)

2024-04-08 16:46:42,021 <requestor-worker-0:1416405, MainThread:139624799057728> (requestor.py:_fetch_single_async:206 -> middleware.py:apply_async:115) from logger `RFC.middleware_status_code`
[INFO] applied on AudioBookAudioPage(809060).AudioBookAudioFile(809060), sent

2024-04-08 16:47:05,450 <requestor-worker-0:1416405, MainThread:139624799057728> (requestor.py:_fetch_single_async:206 -> middleware.py:apply_async:112) from logger `RFC.middleware_status_code`
[INFO] applying on AudioBookAudioPage(809567).AudioBookAudioFile(809567), received

2024-04-08 16:47:05,452 <requestor-worker-0:1416405, MainThread:139624799057728> (middleware.py:_apply_async:180 -> middleware.py:_apply_sync:169) from logger `RFC.middleware_status_code`
[INFO] status code 200 in response of AudioBookAudioPage(809567).AudioBookAudioFile(809567)

2024-04-08 16:47:05,455 <requestor-worker-0:1416405, MainThread:139624799057728> (requestor.py:_fetch_single_async:206 -> middleware.py:apply_async:115) from logger `RFC.middleware_status_code`
[INFO] applied on AudioBookAudioPage(809567).AudioBookAudioFile(809567), sent

2024-04-08 16:47:08,689 <requestor-worker-0:1416405, MainThread:139624799057728> (requestor.py:_fetch_single_async:206 -> middleware.py:apply_async:112) from logger `RFC.middleware_status_code`
[INFO] applying on AudioBookAudioPage(809501).AudioBookAudioFile(809501), received

2024-04-08 16:47:08,692 <requestor-worker-0:1416405, MainThread:139624799057728> (middleware.py:_apply_async:180 -> middleware.py:_apply_sync:169) from logger `RFC.middleware_status_code`
[INFO] status code 200 in response of AudioBookAudioPage(809501).AudioBookAudioFile(809501)

2024-04-08 16:47:08,694 <requestor-worker-0:1416405, MainThread:139624799057728> (requestor.py:_fetch_single_async:206 -> middleware.py:apply_async:115) from logger `RFC.middleware_status_code`
[INFO] applied on AudioBookAudioPage(809501).AudioBookAudioFile(809501), sent

2024-04-08 16:47:09,007 <requestor-worker-0:1416405, MainThread:139624799057728> (requestor.py:_fetch_single_async:206 -> middleware.py:apply_async:112) from logger `RFC.middleware_status_code`
[INFO] applying on AudioBookAudioPage(809602).AudioBookAudioFile(809602), received

2024-04-08 16:47:09,009 <requestor-worker-0:1416405, MainThread:139624799057728> (middleware.py:_apply_async:180 -> middleware.py:_apply_sync:169) from logger `RFC.middleware_status_code`
[INFO] status code 200 in response of AudioBookAudioPage(809602).AudioBookAudioFile(809602)

2024-04-08 16:47:09,012 <requestor-worker-0:1416405, MainThread:139624799057728> (requestor.py:_fetch_single_async:206 -> middleware.py:apply_async:115) from logger `RFC.middleware_status_code`
[INFO] applied on AudioBookAudioPage(809602).AudioBookAudioFile(809602), sent

2024-04-08 16:47:10,500 <requestor-worker-0:1416405, MainThread:139624799057728> (requestor.py:_fetch_single_async:206 -> middleware.py:apply_async:112) from logger `RFC.middleware_status_code`
[INFO] applying on AudioBookAudioPage(809499).AudioBookAudioFile(809499), received

2024-04-08 16:47:10,503 <requestor-worker-0:1416405, MainThread:139624799057728> (middleware.py:_apply_async:180 -> middleware.py:_apply_sync:169) from logger `RFC.middleware_status_code`
[INFO] status code 200 in response of AudioBookAudioPage(809499).AudioBookAudioFile(809499)

2024-04-08 16:47:10,505 <requestor-worker-0:1416405, MainThread:139624799057728> (requestor.py:_fetch_single_async:206 -> middleware.py:apply_async:115) from logger `RFC.middleware_status_code`
[INFO] applied on AudioBookAudioPage(809499).AudioBookAudioFile(809499), sent

2024-04-08 16:47:10,838 <requestor-worker-0:1416405, MainThread:139624799057728> (requestor.py:_fetch_single_async:206 -> middleware.py:apply_async:112) from logger `RFC.middleware_status_code`
[INFO] applying on AudioBookAudioPage(809590).AudioBookAudioFile(809590), received

2024-04-08 16:47:10,840 <requestor-worker-0:1416405, MainThread:139624799057728> (middleware.py:_apply_async:180 -> middleware.py:_apply_sync:169) from logger `RFC.middleware_status_code`
[INFO] status code 200 in response of AudioBookAudioPage(809590).AudioBookAudioFile(809590)

2024-04-08 16:47:10,843 <requestor-worker-0:1416405, MainThread:139624799057728> (requestor.py:_fetch_single_async:206 -> middleware.py:apply_async:115) from logger `RFC.middleware_status_code`
[INFO] applied on AudioBookAudioPage(809590).AudioBookAudioFile(809590), sent

2024-04-08 16:47:11,359 <requestor-worker-0:1416405, MainThread:139624799057728> (requestor.py:_fetch_single_async:206 -> middleware.py:apply_async:112) from logger `RFC.middleware_status_code`
[INFO] applying on AudioBookAudioPage(810612).AudioBookAudioFile(810612), received

2024-04-08 16:47:11,360 <requestor-worker-0:1416405, MainThread:139624799057728> (middleware.py:_apply_async:180 -> middleware.py:_apply_sync:169) from logger `RFC.middleware_status_code`
[INFO] status code 200 in response of AudioBookAudioPage(810612).AudioBookAudioFile(810612)

2024-04-08 16:47:11,362 <requestor-worker-0:1416405, MainThread:139624799057728> (requestor.py:_fetch_single_async:206 -> middleware.py:apply_async:115) from logger `RFC.middleware_status_code`
[INFO] applied on AudioBookAudioPage(810612).AudioBookAudioFile(810612), sent

2024-04-08 16:47:12,792 <requestor-worker-0:1416405, MainThread:139624799057728> (requestor.py:_fetch_single_async:206 -> middleware.py:apply_async:112) from logger `RFC.middleware_status_code`
[INFO] applying on AudioBookAudioPage(809601).AudioBookAudioFile(809601), received

2024-04-08 16:47:12,795 <requestor-worker-0:1416405, MainThread:139624799057728> (middleware.py:_apply_async:180 -> middleware.py:_apply_sync:169) from logger `RFC.middleware_status_code`
[INFO] status code 200 in response of AudioBookAudioPage(809601).AudioBookAudioFile(809601)

2024-04-08 16:47:12,798 <requestor-worker-0:1416405, MainThread:139624799057728> (requestor.py:_fetch_single_async:206 -> middleware.py:apply_async:115) from logger `RFC.middleware_status_code`
[INFO] applied on AudioBookAudioPage(809601).AudioBookAudioFile(809601), sent

2024-04-08 16:47:14,835 <requestor-worker-0:1416405, MainThread:139624799057728> (requestor.py:_fetch_single_async:206 -> middleware.py:apply_async:112) from logger `RFC.middleware_status_code`
[INFO] applying on AudioBookAudioPage(809611).AudioBookAudioFile(809611), received

2024-04-08 16:47:14,836 <requestor-worker-0:1416405, MainThread:139624799057728> (middleware.py:_apply_async:180 -> middleware.py:_apply_sync:169) from logger `RFC.middleware_status_code`
[INFO] status code 200 in response of AudioBookAudioPage(809611).AudioBookAudioFile(809611)

2024-04-08 16:47:14,838 <requestor-worker-0:1416405, MainThread:139624799057728> (requestor.py:_fetch_single_async:206 -> middleware.py:apply_async:115) from logger `RFC.middleware_status_code`
[INFO] applied on AudioBookAudioPage(809611).AudioBookAudioFile(809611), sent

2024-04-08 16:47:19,193 <requestor-worker-0:1416405, MainThread:139624799057728> (requestor.py:_fetch_single_async:206 -> middleware.py:apply_async:112) from logger `RFC.middleware_status_code`
[INFO] applying on AudioBookAudioPage(809517).AudioBookAudioFile(809517), received

2024-04-08 16:47:19,195 <requestor-worker-0:1416405, MainThread:139624799057728> (middleware.py:_apply_async:180 -> middleware.py:_apply_sync:169) from logger `RFC.middleware_status_code`
[INFO] status code 200 in response of AudioBookAudioPage(809517).AudioBookAudioFile(809517)

2024-04-08 16:47:19,198 <requestor-worker-0:1416405, MainThread:139624799057728> (requestor.py:_fetch_single_async:206 -> middleware.py:apply_async:115) from logger `RFC.middleware_status_code`
[INFO] applied on AudioBookAudioPage(809517).AudioBookAudioFile(809517), sent

2024-04-08 16:47:36,073 <requestor-worker-0:1416405, MainThread:139624799057728> (requestor.py:_fetch_single_async:206 -> middleware.py:apply_async:112) from logger `RFC.middleware_status_code`
[INFO] applying on AudioBookAudioPage(809619).AudioBookAudioFile(809619), received

2024-04-08 16:47:36,075 <requestor-worker-0:1416405, MainThread:139624799057728> (middleware.py:_apply_async:180 -> middleware.py:_apply_sync:169) from logger `RFC.middleware_status_code`
[INFO] status code 200 in response of AudioBookAudioPage(809619).AudioBookAudioFile(809619)

2024-04-08 16:47:36,078 <requestor-worker-0:1416405, MainThread:139624799057728> (requestor.py:_fetch_single_async:206 -> middleware.py:apply_async:115) from logger `RFC.middleware_status_code`
[INFO] applied on AudioBookAudioPage(809619).AudioBookAudioFile(809619), sent

2024-04-08 16:47:36,886 <requestor-worker-0:1416405, MainThread:139624799057728> (requestor.py:_fetch_single_async:206 -> middleware.py:apply_async:112) from logger `RFC.middleware_status_code`
[INFO] applying on AudioBookAudioPage(809673), received

2024-04-08 16:47:36,888 <requestor-worker-0:1416405, MainThread:139624799057728> (middleware.py:_apply_async:180 -> middleware.py:_apply_sync:169) from logger `RFC.middleware_status_code`
[INFO] status code 200 in response of AudioBookAudioPage(809673)

2024-04-08 16:47:36,891 <requestor-worker-0:1416405, MainThread:139624799057728> (requestor.py:_fetch_single_async:206 -> middleware.py:apply_async:115) from logger `RFC.middleware_status_code`
[INFO] applied on AudioBookAudioPage(809673), sent

2024-04-08 16:47:43,347 <requestor-worker-0:1416405, MainThread:139624799057728> (requestor.py:_fetch_single_async:206 -> middleware.py:apply_async:112) from logger `RFC.middleware_status_code`
[INFO] applying on AudioBookAudioPage(809541).AudioBookAudioFile(809541), received

2024-04-08 16:47:43,350 <requestor-worker-0:1416405, MainThread:139624799057728> (middleware.py:_apply_async:180 -> middleware.py:_apply_sync:169) from logger `RFC.middleware_status_code`
[INFO] status code 200 in response of AudioBookAudioPage(809541).AudioBookAudioFile(809541)

2024-04-08 16:47:43,353 <requestor-worker-0:1416405, MainThread:139624799057728> (requestor.py:_fetch_single_async:206 -> middleware.py:apply_async:115) from logger `RFC.middleware_status_code`
[INFO] applied on AudioBookAudioPage(809541).AudioBookAudioFile(809541), sent

2024-04-08 16:48:00,863 <requestor-worker-0:1416405, MainThread:139624799057728> (requestor.py:_fetch_single_async:206 -> middleware.py:apply_async:112) from logger `RFC.middleware_status_code`
[INFO] applying on AudioBookAudioPage(809706).AudioBookAudioFile(809706), received

2024-04-08 16:48:00,866 <requestor-worker-0:1416405, MainThread:139624799057728> (middleware.py:_apply_async:180 -> middleware.py:_apply_sync:169) from logger `RFC.middleware_status_code`
[INFO] status code 200 in response of AudioBookAudioPage(809706).AudioBookAudioFile(809706)

2024-04-08 16:48:00,869 <requestor-worker-0:1416405, MainThread:139624799057728> (requestor.py:_fetch_single_async:206 -> middleware.py:apply_async:115) from logger `RFC.middleware_status_code`
[INFO] applied on AudioBookAudioPage(809706).AudioBookAudioFile(809706), sent

2024-04-08 16:48:11,200 <requestor-worker-0:1416405, MainThread:139624799057728> (requestor.py:_fetch_single_async:206 -> middleware.py:apply_async:112) from logger `RFC.middleware_status_code`
[INFO] applying on AudioBookAudioPage(809499).AudioBookAudioFile(809499), received

2024-04-08 16:48:11,202 <requestor-worker-0:1416405, MainThread:139624799057728> (middleware.py:_apply_async:180 -> middleware.py:_apply_sync:169) from logger `RFC.middleware_status_code`
[INFO] status code 200 in response of AudioBookAudioPage(809499).AudioBookAudioFile(809499)

2024-04-08 16:48:11,205 <requestor-worker-0:1416405, MainThread:139624799057728> (requestor.py:_fetch_single_async:206 -> middleware.py:apply_async:115) from logger `RFC.middleware_status_code`
[INFO] applied on AudioBookAudioPage(809499).AudioBookAudioFile(809499), sent

2024-04-08 16:48:11,290 <requestor-worker-0:1416405, MainThread:139624799057728> (requestor.py:_fetch_single_async:206 -> middleware.py:apply_async:112) from logger `RFC.middleware_status_code`
[INFO] applying on AudioBookAudioPage(809611).AudioBookAudioFile(809611), received

2024-04-08 16:48:11,292 <requestor-worker-0:1416405, MainThread:139624799057728> (middleware.py:_apply_async:180 -> middleware.py:_apply_sync:169) from logger `RFC.middleware_status_code`
[INFO] status code 200 in response of AudioBookAudioPage(809611).AudioBookAudioFile(809611)

2024-04-08 16:48:11,295 <requestor-worker-0:1416405, MainThread:139624799057728> (requestor.py:_fetch_single_async:206 -> middleware.py:apply_async:115) from logger `RFC.middleware_status_code`
[INFO] applied on AudioBookAudioPage(809611).AudioBookAudioFile(809611), sent

2024-04-08 16:48:13,441 <requestor-worker-0:1416405, MainThread:139624799057728> (requestor.py:_fetch_single_async:206 -> middleware.py:apply_async:112) from logger `RFC.middleware_status_code`
[INFO] applying on AudioBookAudioPage(809501).AudioBookAudioFile(809501), received

2024-04-08 16:48:13,442 <requestor-worker-0:1416405, MainThread:139624799057728> (middleware.py:_apply_async:180 -> middleware.py:_apply_sync:169) from logger `RFC.middleware_status_code`
[INFO] status code 200 in response of AudioBookAudioPage(809501).AudioBookAudioFile(809501)

2024-04-08 16:48:13,443 <requestor-worker-0:1416405, MainThread:139624799057728> (requestor.py:_fetch_single_async:206 -> middleware.py:apply_async:115) from logger `RFC.middleware_status_code`
[INFO] applied on AudioBookAudioPage(809501).AudioBookAudioFile(809501), sent

2024-04-08 16:48:14,118 <requestor-worker-0:1416405, MainThread:139624799057728> (requestor.py:_fetch_single_async:206 -> middleware.py:apply_async:112) from logger `RFC.middleware_status_code`
[INFO] applying on AudioBookAudioPage(810612).AudioBookAudioFile(810612), received

2024-04-08 16:48:14,119 <requestor-worker-0:1416405, MainThread:139624799057728> (middleware.py:_apply_async:180 -> middleware.py:_apply_sync:169) from logger `RFC.middleware_status_code`
[INFO] status code 200 in response of AudioBookAudioPage(810612).AudioBookAudioFile(810612)

2024-04-08 16:48:14,120 <requestor-worker-0:1416405, MainThread:139624799057728> (requestor.py:_fetch_single_async:206 -> middleware.py:apply_async:115) from logger `RFC.middleware_status_code`
[INFO] applied on AudioBookAudioPage(810612).AudioBookAudioFile(810612), sent

2024-04-08 16:48:18,542 <requestor-worker-0:1416405, MainThread:139624799057728> (requestor.py:_fetch_single_async:206 -> middleware.py:apply_async:112) from logger `RFC.middleware_status_code`
[INFO] applying on AudioBookAudioPage(809601).AudioBookAudioFile(809601), received

2024-04-08 16:48:18,545 <requestor-worker-0:1416405, MainThread:139624799057728> (middleware.py:_apply_async:180 -> middleware.py:_apply_sync:169) from logger `RFC.middleware_status_code`
[INFO] status code 200 in response of AudioBookAudioPage(809601).AudioBookAudioFile(809601)

2024-04-08 16:48:18,548 <requestor-worker-0:1416405, MainThread:139624799057728> (requestor.py:_fetch_single_async:206 -> middleware.py:apply_async:115) from logger `RFC.middleware_status_code`
[INFO] applied on AudioBookAudioPage(809601).AudioBookAudioFile(809601), sent

2024-04-08 16:48:20,703 <requestor-worker-0:1416405, MainThread:139624799057728> (requestor.py:_fetch_single_async:206 -> middleware.py:apply_async:112) from logger `RFC.middleware_status_code`
[INFO] applying on AudioBookAudioPage(809517).AudioBookAudioFile(809517), received

2024-04-08 16:48:20,705 <requestor-worker-0:1416405, MainThread:139624799057728> (middleware.py:_apply_async:180 -> middleware.py:_apply_sync:169) from logger `RFC.middleware_status_code`
[INFO] status code 200 in response of AudioBookAudioPage(809517).AudioBookAudioFile(809517)

2024-04-08 16:48:20,706 <requestor-worker-0:1416405, MainThread:139624799057728> (requestor.py:_fetch_single_async:206 -> middleware.py:apply_async:115) from logger `RFC.middleware_status_code`
[INFO] applied on AudioBookAudioPage(809517).AudioBookAudioFile(809517), sent

2024-04-08 16:48:24,485 <requestor-worker-0:1416405, MainThread:139624799057728> (requestor.py:_fetch_single_async:206 -> middleware.py:apply_async:112) from logger `RFC.middleware_status_code`
[INFO] applying on AudioBookAudioPage(809524).AudioBookAudioFile(809524), received

2024-04-08 16:48:24,488 <requestor-worker-0:1416405, MainThread:139624799057728> (middleware.py:_apply_async:180 -> middleware.py:_apply_sync:169) from logger `RFC.middleware_status_code`
[INFO] status code 200 in response of AudioBookAudioPage(809524).AudioBookAudioFile(809524)

2024-04-08 16:48:24,491 <requestor-worker-0:1416405, MainThread:139624799057728> (requestor.py:_fetch_single_async:206 -> middleware.py:apply_async:115) from logger `RFC.middleware_status_code`
[INFO] applied on AudioBookAudioPage(809524).AudioBookAudioFile(809524), sent

2024-04-08 16:48:26,220 <requestor-worker-0:1416405, MainThread:139624799057728> (requestor.py:_fetch_single_async:206 -> middleware.py:apply_async:112) from logger `RFC.middleware_status_code`
[INFO] applying on AudioBookAudioPage(809619).AudioBookAudioFile(809619), received

2024-04-08 16:48:26,223 <requestor-worker-0:1416405, MainThread:139624799057728> (middleware.py:_apply_async:180 -> middleware.py:_apply_sync:169) from logger `RFC.middleware_status_code`
[INFO] status code 200 in response of AudioBookAudioPage(809619).AudioBookAudioFile(809619)

2024-04-08 16:48:26,225 <requestor-worker-0:1416405, MainThread:139624799057728> (requestor.py:_fetch_single_async:206 -> middleware.py:apply_async:115) from logger `RFC.middleware_status_code`
[INFO] applied on AudioBookAudioPage(809619).AudioBookAudioFile(809619), sent

2024-04-08 16:48:41,666 <requestor-worker-0:1416405, MainThread:139624799057728> (requestor.py:_fetch_single_async:206 -> middleware.py:apply_async:112) from logger `RFC.middleware_status_code`
[INFO] applying on AudioBookAudioPage(809541).AudioBookAudioFile(809541), received

2024-04-08 16:48:41,667 <requestor-worker-0:1416405, MainThread:139624799057728> (middleware.py:_apply_async:180 -> middleware.py:_apply_sync:169) from logger `RFC.middleware_status_code`
[INFO] status code 200 in response of AudioBookAudioPage(809541).AudioBookAudioFile(809541)

2024-04-08 16:48:41,668 <requestor-worker-0:1416405, MainThread:139624799057728> (requestor.py:_fetch_single_async:206 -> middleware.py:apply_async:115) from logger `RFC.middleware_status_code`
[INFO] applied on AudioBookAudioPage(809541).AudioBookAudioFile(809541), sent

2024-04-08 16:48:48,597 <requestor-worker-0:1416405, MainThread:139624799057728> (requestor.py:_fetch_single_async:206 -> middleware.py:apply_async:112) from logger `RFC.middleware_status_code`
[INFO] applying on AudioBookAudioPage(809795), received

2024-04-08 16:48:48,599 <requestor-worker-0:1416405, MainThread:139624799057728> (middleware.py:_apply_async:180 -> middleware.py:_apply_sync:169) from logger `RFC.middleware_status_code`
[INFO] status code 200 in response of AudioBookAudioPage(809795)

2024-04-08 16:48:48,601 <requestor-worker-0:1416405, MainThread:139624799057728> (requestor.py:_fetch_single_async:206 -> middleware.py:apply_async:115) from logger `RFC.middleware_status_code`
[INFO] applied on AudioBookAudioPage(809795), sent

2024-04-08 16:48:51,014 <requestor-worker-0:1416405, MainThread:139624799057728> (requestor.py:_fetch_single_async:206 -> middleware.py:apply_async:112) from logger `RFC.middleware_status_code`
[INFO] applying on AudioBookAudioPage(809804).AudioBookAudioFile(809804), received

2024-04-08 16:48:51,017 <requestor-worker-0:1416405, MainThread:139624799057728> (middleware.py:_apply_async:180 -> middleware.py:_apply_sync:169) from logger `RFC.middleware_status_code`
[INFO] status code 200 in response of AudioBookAudioPage(809804).AudioBookAudioFile(809804)

2024-04-08 16:48:51,020 <requestor-worker-0:1416405, MainThread:139624799057728> (requestor.py:_fetch_single_async:206 -> middleware.py:apply_async:115) from logger `RFC.middleware_status_code`
[INFO] applied on AudioBookAudioPage(809804).AudioBookAudioFile(809804), sent

2024-04-08 16:48:53,790 <requestor-worker-0:1416405, MainThread:139624799057728> (requestor.py:_fetch_single_async:206 -> middleware.py:apply_async:112) from logger `RFC.middleware_status_code`
[INFO] applying on AudioBookAudioPage(809805).AudioBookAudioFile(809805), received

2024-04-08 16:48:53,792 <requestor-worker-0:1416405, MainThread:139624799057728> (middleware.py:_apply_async:180 -> middleware.py:_apply_sync:169) from logger `RFC.middleware_status_code`
[INFO] status code 200 in response of AudioBookAudioPage(809805).AudioBookAudioFile(809805)

2024-04-08 16:48:53,795 <requestor-worker-0:1416405, MainThread:139624799057728> (requestor.py:_fetch_single_async:206 -> middleware.py:apply_async:115) from logger `RFC.middleware_status_code`
[INFO] applied on AudioBookAudioPage(809805).AudioBookAudioFile(809805), sent

2024-04-08 16:49:00,966 <requestor-worker-0:1416405, MainThread:139624799057728> (requestor.py:_fetch_single_async:206 -> middleware.py:apply_async:112) from logger `RFC.middleware_status_code`
[INFO] applying on AudioBookAudioPage(809706).AudioBookAudioFile(809706), received

2024-04-08 16:49:00,968 <requestor-worker-0:1416405, MainThread:139624799057728> (middleware.py:_apply_async:180 -> middleware.py:_apply_sync:169) from logger `RFC.middleware_status_code`
[INFO] status code 200 in response of AudioBookAudioPage(809706).AudioBookAudioFile(809706)

2024-04-08 16:49:00,969 <requestor-worker-0:1416405, MainThread:139624799057728> (requestor.py:_fetch_single_async:206 -> middleware.py:apply_async:115) from logger `RFC.middleware_status_code`
[INFO] applied on AudioBookAudioPage(809706).AudioBookAudioFile(809706), sent

2024-04-08 16:49:08,944 <requestor-worker-0:1416405, MainThread:139624799057728> (requestor.py:_fetch_single_async:206 -> middleware.py:apply_async:112) from logger `RFC.middleware_status_code`
[INFO] applying on AudioBookAudioPage(809602).AudioBookAudioFile(809602), received

2024-04-08 16:49:08,946 <requestor-worker-0:1416405, MainThread:139624799057728> (middleware.py:_apply_async:180 -> middleware.py:_apply_sync:169) from logger `RFC.middleware_status_code`
[INFO] status code 200 in response of AudioBookAudioPage(809602).AudioBookAudioFile(809602)

2024-04-08 16:49:08,949 <requestor-worker-0:1416405, MainThread:139624799057728> (requestor.py:_fetch_single_async:206 -> middleware.py:apply_async:115) from logger `RFC.middleware_status_code`
[INFO] applied on AudioBookAudioPage(809602).AudioBookAudioFile(809602), sent

2024-04-08 16:49:14,310 <requestor-worker-0:1416405, MainThread:139624799057728> (requestor.py:_fetch_single_async:206 -> middleware.py:apply_async:112) from logger `RFC.middleware_status_code`
[INFO] applying on AudioBookAudioPage(809501).AudioBookAudioFile(809501), received

2024-04-08 16:49:14,311 <requestor-worker-0:1416405, MainThread:139624799057728> (middleware.py:_apply_async:180 -> middleware.py:_apply_sync:169) from logger `RFC.middleware_status_code`
[INFO] status code 200 in response of AudioBookAudioPage(809501).AudioBookAudioFile(809501)

2024-04-08 16:49:14,313 <requestor-worker-0:1416405, MainThread:139624799057728> (requestor.py:_fetch_single_async:206 -> middleware.py:apply_async:115) from logger `RFC.middleware_status_code`
[INFO] applied on AudioBookAudioPage(809501).AudioBookAudioFile(809501), sent

2024-04-08 16:49:14,539 <requestor-worker-0:1416405, MainThread:139624799057728> (requestor.py:_fetch_single_async:206 -> middleware.py:apply_async:112) from logger `RFC.middleware_status_code`
[INFO] applying on AudioBookAudioPage(809590).AudioBookAudioFile(809590), received

2024-04-08 16:49:14,567 <requestor-worker-0:1416405, MainThread:139624799057728> (middleware.py:_apply_async:180 -> middleware.py:_apply_sync:169) from logger `RFC.middleware_status_code`
[INFO] status code 200 in response of AudioBookAudioPage(809590).AudioBookAudioFile(809590)

2024-04-08 16:49:14,569 <requestor-worker-0:1416405, MainThread:139624799057728> (requestor.py:_fetch_single_async:206 -> middleware.py:apply_async:115) from logger `RFC.middleware_status_code`
[INFO] applied on AudioBookAudioPage(809590).AudioBookAudioFile(809590), sent

2024-04-08 16:49:15,653 <requestor-worker-0:1416405, MainThread:139624799057728> (requestor.py:_fetch_single_async:206 -> middleware.py:apply_async:112) from logger `RFC.middleware_status_code`
[INFO] applying on AudioBookAudioPage(809611).AudioBookAudioFile(809611), received

2024-04-08 16:49:15,654 <requestor-worker-0:1416405, MainThread:139624799057728> (middleware.py:_apply_async:180 -> middleware.py:_apply_sync:169) from logger `RFC.middleware_status_code`
[INFO] status code 200 in response of AudioBookAudioPage(809611).AudioBookAudioFile(809611)

2024-04-08 16:49:15,656 <requestor-worker-0:1416405, MainThread:139624799057728> (requestor.py:_fetch_single_async:206 -> middleware.py:apply_async:115) from logger `RFC.middleware_status_code`
[INFO] applied on AudioBookAudioPage(809611).AudioBookAudioFile(809611), sent

2024-04-08 16:49:16,124 <requestor-worker-0:1416405, MainThread:139624799057728> (requestor.py:_fetch_single_async:206 -> middleware.py:apply_async:112) from logger `RFC.middleware_status_code`
[INFO] applying on AudioBookAudioPage(809499).AudioBookAudioFile(809499), received

2024-04-08 16:49:16,126 <requestor-worker-0:1416405, MainThread:139624799057728> (middleware.py:_apply_async:180 -> middleware.py:_apply_sync:169) from logger `RFC.middleware_status_code`
[INFO] status code 200 in response of AudioBookAudioPage(809499).AudioBookAudioFile(809499)

2024-04-08 16:49:16,127 <requestor-worker-0:1416405, MainThread:139624799057728> (requestor.py:_fetch_single_async:206 -> middleware.py:apply_async:115) from logger `RFC.middleware_status_code`
[INFO] applied on AudioBookAudioPage(809499).AudioBookAudioFile(809499), sent

2024-04-08 16:49:17,122 <requestor-worker-0:1416405, MainThread:139624799057728> (requestor.py:_fetch_single_async:206 -> middleware.py:apply_async:112) from logger `RFC.middleware_status_code`
[INFO] applying on AudioBookAudioPage(810612).AudioBookAudioFile(810612), received

2024-04-08 16:49:17,124 <requestor-worker-0:1416405, MainThread:139624799057728> (middleware.py:_apply_async:180 -> middleware.py:_apply_sync:169) from logger `RFC.middleware_status_code`
[INFO] status code 200 in response of AudioBookAudioPage(810612).AudioBookAudioFile(810612)

2024-04-08 16:49:17,127 <requestor-worker-0:1416405, MainThread:139624799057728> (requestor.py:_fetch_single_async:206 -> middleware.py:apply_async:115) from logger `RFC.middleware_status_code`
[INFO] applied on AudioBookAudioPage(810612).AudioBookAudioFile(810612), sent

2024-04-08 16:49:18,399 <requestor-worker-0:1416405, MainThread:139624799057728> (requestor.py:_fetch_single_async:206 -> middleware.py:apply_async:112) from logger `RFC.middleware_status_code`
[INFO] applying on AudioBookAudioPage(809601).AudioBookAudioFile(809601), received

2024-04-08 16:49:18,401 <requestor-worker-0:1416405, MainThread:139624799057728> (middleware.py:_apply_async:180 -> middleware.py:_apply_sync:169) from logger `RFC.middleware_status_code`
[INFO] status code 200 in response of AudioBookAudioPage(809601).AudioBookAudioFile(809601)

2024-04-08 16:49:18,404 <requestor-worker-0:1416405, MainThread:139624799057728> (requestor.py:_fetch_single_async:206 -> middleware.py:apply_async:115) from logger `RFC.middleware_status_code`
[INFO] applied on AudioBookAudioPage(809601).AudioBookAudioFile(809601), sent

2024-04-08 16:49:42,214 <requestor-worker-0:1416405, MainThread:139624799057728> (requestor.py:_fetch_single_async:206 -> middleware.py:apply_async:112) from logger `RFC.middleware_status_code`
[INFO] applying on AudioBookAudioPage(809541).AudioBookAudioFile(809541), received

2024-04-08 16:49:42,232 <requestor-worker-0:1416405, MainThread:139624799057728> (middleware.py:_apply_async:180 -> middleware.py:_apply_sync:169) from logger `RFC.middleware_status_code`
[INFO] status code 200 in response of AudioBookAudioPage(809541).AudioBookAudioFile(809541)

2024-04-08 16:49:42,240 <requestor-worker-0:1416405, MainThread:139624799057728> (requestor.py:_fetch_single_async:206 -> middleware.py:apply_async:115) from logger `RFC.middleware_status_code`
[INFO] applied on AudioBookAudioPage(809541).AudioBookAudioFile(809541), sent

2024-04-08 16:49:48,204 <requestor-worker-0:1416405, MainThread:139624799057728> (requestor.py:_fetch_single_async:206 -> middleware.py:apply_async:112) from logger `RFC.middleware_status_code`
[INFO] applying on AudioBookAudioPage(809876).AudioBookAudioFile(809876), received

2024-04-08 16:49:48,207 <requestor-worker-0:1416405, MainThread:139624799057728> (middleware.py:_apply_async:180 -> middleware.py:_apply_sync:169) from logger `RFC.middleware_status_code`
[INFO] status code 200 in response of AudioBookAudioPage(809876).AudioBookAudioFile(809876)

2024-04-08 16:49:48,209 <requestor-worker-0:1416405, MainThread:139624799057728> (requestor.py:_fetch_single_async:206 -> middleware.py:apply_async:115) from logger `RFC.middleware_status_code`
[INFO] applied on AudioBookAudioPage(809876).AudioBookAudioFile(809876), sent

2024-04-08 16:49:49,272 <requestor-worker-0:1416405, MainThread:139624799057728> (requestor.py:_fetch_single_async:206 -> middleware.py:apply_async:112) from logger `RFC.middleware_status_code`
[INFO] applying on AudioBookAudioPage(809849).AudioBookAudioFile(809849), received

2024-04-08 16:49:49,274 <requestor-worker-0:1416405, MainThread:139624799057728> (middleware.py:_apply_async:180 -> middleware.py:_apply_sync:169) from logger `RFC.middleware_status_code`
[INFO] status code 200 in response of AudioBookAudioPage(809849).AudioBookAudioFile(809849)

2024-04-08 16:49:49,276 <requestor-worker-0:1416405, MainThread:139624799057728> (requestor.py:_fetch_single_async:206 -> middleware.py:apply_async:115) from logger `RFC.middleware_status_code`
[INFO] applied on AudioBookAudioPage(809849).AudioBookAudioFile(809849), sent

2024-04-08 16:49:55,308 <requestor-worker-0:1416405, MainThread:139624799057728> (requestor.py:_fetch_single_async:206 -> middleware.py:apply_async:112) from logger `RFC.middleware_status_code`
[INFO] applying on AudioBookAudioPage(809805).AudioBookAudioFile(809805), received

2024-04-08 16:49:55,311 <requestor-worker-0:1416405, MainThread:139624799057728> (middleware.py:_apply_async:180 -> middleware.py:_apply_sync:169) from logger `RFC.middleware_status_code`
[INFO] status code 200 in response of AudioBookAudioPage(809805).AudioBookAudioFile(809805)

2024-04-08 16:49:55,314 <requestor-worker-0:1416405, MainThread:139624799057728> (requestor.py:_fetch_single_async:206 -> middleware.py:apply_async:115) from logger `RFC.middleware_status_code`
[INFO] applied on AudioBookAudioPage(809805).AudioBookAudioFile(809805), sent

2024-04-08 16:50:00,353 <requestor-worker-0:1416405, MainThread:139624799057728> (requestor.py:_fetch_single_async:206 -> middleware.py:apply_async:112) from logger `RFC.middleware_status_code`
[INFO] applying on AudioBookAudioPage(809706).AudioBookAudioFile(809706), received

2024-04-08 16:50:00,355 <requestor-worker-0:1416405, MainThread:139624799057728> (middleware.py:_apply_async:180 -> middleware.py:_apply_sync:169) from logger `RFC.middleware_status_code`
[INFO] status code 200 in response of AudioBookAudioPage(809706).AudioBookAudioFile(809706)

2024-04-08 16:50:00,358 <requestor-worker-0:1416405, MainThread:139624799057728> (requestor.py:_fetch_single_async:206 -> middleware.py:apply_async:115) from logger `RFC.middleware_status_code`
[INFO] applied on AudioBookAudioPage(809706).AudioBookAudioFile(809706), sent

2024-04-08 16:50:02,797 <requestor-worker-0:1416405, MainThread:139624799057728> (requestor.py:_fetch_single_async:206 -> middleware.py:apply_async:112) from logger `RFC.middleware_status_code`
[INFO] applying on AudioBookAudioPage(809888).AudioBookAudioFile(809888), received

2024-04-08 16:50:02,800 <requestor-worker-0:1416405, MainThread:139624799057728> (middleware.py:_apply_async:180 -> middleware.py:_apply_sync:169) from logger `RFC.middleware_status_code`
[INFO] status code 200 in response of AudioBookAudioPage(809888).AudioBookAudioFile(809888)

2024-04-08 16:50:02,804 <requestor-worker-0:1416405, MainThread:139624799057728> (requestor.py:_fetch_single_async:206 -> middleware.py:apply_async:115) from logger `RFC.middleware_status_code`
[INFO] applied on AudioBookAudioPage(809888).AudioBookAudioFile(809888), sent

2024-04-08 16:50:06,428 <requestor-worker-0:1416405, MainThread:139624799057728> (requestor.py:_fetch_single_async:206 -> middleware.py:apply_async:112) from logger `RFC.middleware_status_code`
[INFO] applying on AudioBookAudioPage(809905), received

2024-04-08 16:50:06,431 <requestor-worker-0:1416405, MainThread:139624799057728> (requestor.py:_fetch_single_async:206 -> middleware.py:apply_async:119) from logger `RFC.middleware_status_code`
[ERROR] failed on AudioBookAudioPage(809905), caught error ValueError('unexpected status code 404 in response of AudioBookAudioPage(809905)')

2024-04-08 16:50:08,813 <requestor-worker-0:1416405, MainThread:139624799057728> (requestor.py:_fetch_single_async:206 -> middleware.py:apply_async:112) from logger `RFC.middleware_status_code`
[INFO] applying on AudioBookAudioPage(809907).AudioBookAudioFile(809907), received

2024-04-08 16:50:08,816 <requestor-worker-0:1416405, MainThread:139624799057728> (middleware.py:_apply_async:180 -> middleware.py:_apply_sync:169) from logger `RFC.middleware_status_code`
[INFO] status code 200 in response of AudioBookAudioPage(809907).AudioBookAudioFile(809907)

2024-04-08 16:50:08,818 <requestor-worker-0:1416405, MainThread:139624799057728> (requestor.py:_fetch_single_async:206 -> middleware.py:apply_async:115) from logger `RFC.middleware_status_code`
[INFO] applied on AudioBookAudioPage(809907).AudioBookAudioFile(809907), sent

2024-04-08 16:50:10,290 <requestor-worker-0:1416405, MainThread:139624799057728> (requestor.py:_fetch_single_async:206 -> middleware.py:apply_async:112) from logger `RFC.middleware_status_code`
[INFO] applying on AudioBookAudioPage(809911), received

2024-04-08 16:50:10,293 <requestor-worker-0:1416405, MainThread:139624799057728> (requestor.py:_fetch_single_async:206 -> middleware.py:apply_async:119) from logger `RFC.middleware_status_code`
[ERROR] failed on AudioBookAudioPage(809911), caught error ValueError('unexpected status code 404 in response of AudioBookAudioPage(809911)')

2024-04-08 16:50:11,799 <requestor-worker-0:1416405, MainThread:139624799057728> (requestor.py:_fetch_single_async:206 -> middleware.py:apply_async:112) from logger `RFC.middleware_status_code`
[INFO] applying on AudioBookAudioPage(809602).AudioBookAudioFile(809602), received

2024-04-08 16:50:11,801 <requestor-worker-0:1416405, MainThread:139624799057728> (middleware.py:_apply_async:180 -> middleware.py:_apply_sync:169) from logger `RFC.middleware_status_code`
[INFO] status code 200 in response of AudioBookAudioPage(809602).AudioBookAudioFile(809602)

2024-04-08 16:50:11,802 <requestor-worker-0:1416405, MainThread:139624799057728> (requestor.py:_fetch_single_async:206 -> middleware.py:apply_async:115) from logger `RFC.middleware_status_code`
[INFO] applied on AudioBookAudioPage(809602).AudioBookAudioFile(809602), sent

2024-04-08 16:50:12,450 <requestor-worker-0:1416405, MainThread:139624799057728> (requestor.py:_fetch_single_async:206 -> middleware.py:apply_async:112) from logger `RFC.middleware_status_code`
[INFO] applying on AudioBookAudioPage(809917), received

2024-04-08 16:50:12,451 <requestor-worker-0:1416405, MainThread:139624799057728> (middleware.py:_apply_async:180 -> middleware.py:_apply_sync:169) from logger `RFC.middleware_status_code`
[INFO] status code 200 in response of AudioBookAudioPage(809917)

2024-04-08 16:50:12,452 <requestor-worker-0:1416405, MainThread:139624799057728> (requestor.py:_fetch_single_async:206 -> middleware.py:apply_async:115) from logger `RFC.middleware_status_code`
[INFO] applied on AudioBookAudioPage(809917), sent

2024-04-08 16:50:14,010 <requestor-worker-0:1416405, MainThread:139624799057728> (requestor.py:_fetch_single_async:206 -> middleware.py:apply_async:112) from logger `RFC.middleware_status_code`
[INFO] applying on AudioBookAudioPage(809919), received

2024-04-08 16:50:14,013 <requestor-worker-0:1416405, MainThread:139624799057728> (middleware.py:_apply_async:180 -> middleware.py:_apply_sync:169) from logger `RFC.middleware_status_code`
[INFO] status code 200 in response of AudioBookAudioPage(809919)

2024-04-08 16:50:14,014 <requestor-worker-0:1416405, MainThread:139624799057728> (requestor.py:_fetch_single_async:206 -> middleware.py:apply_async:115) from logger `RFC.middleware_status_code`
[INFO] applied on AudioBookAudioPage(809919), sent

2024-04-08 16:50:14,579 <requestor-worker-0:1416405, MainThread:139624799057728> (requestor.py:_fetch_single_async:206 -> middleware.py:apply_async:112) from logger `RFC.middleware_status_code`
[INFO] applying on AudioBookAudioPage(810348).AudioBookAudioFile(810348), received

2024-04-08 16:50:14,582 <requestor-worker-0:1416405, MainThread:139624799057728> (middleware.py:_apply_async:180 -> middleware.py:_apply_sync:169) from logger `RFC.middleware_status_code`
[INFO] status code 200 in response of AudioBookAudioPage(810348).AudioBookAudioFile(810348)

2024-04-08 16:50:14,584 <requestor-worker-0:1416405, MainThread:139624799057728> (requestor.py:_fetch_single_async:206 -> middleware.py:apply_async:115) from logger `RFC.middleware_status_code`
[INFO] applied on AudioBookAudioPage(810348).AudioBookAudioFile(810348), sent

2024-04-08 16:50:14,773 <requestor-worker-0:1416405, MainThread:139624799057728> (requestor.py:_fetch_single_async:206 -> middleware.py:apply_async:112) from logger `RFC.middleware_status_code`
[INFO] applying on AudioBookAudioPage(809924), received

2024-04-08 16:50:14,774 <requestor-worker-0:1416405, MainThread:139624799057728> (middleware.py:_apply_async:180 -> middleware.py:_apply_sync:169) from logger `RFC.middleware_status_code`
[INFO] status code 200 in response of AudioBookAudioPage(809924)

2024-04-08 16:50:14,776 <requestor-worker-0:1416405, MainThread:139624799057728> (requestor.py:_fetch_single_async:206 -> middleware.py:apply_async:115) from logger `RFC.middleware_status_code`
[INFO] applied on AudioBookAudioPage(809924), sent

2024-04-08 16:50:15,682 <requestor-worker-0:1416405, MainThread:139624799057728> (requestor.py:_fetch_single_async:206 -> middleware.py:apply_async:112) from logger `RFC.middleware_status_code`
[INFO] applying on AudioBookAudioPage(809611).AudioBookAudioFile(809611), received

2024-04-08 16:50:15,685 <requestor-worker-0:1416405, MainThread:139624799057728> (middleware.py:_apply_async:180 -> middleware.py:_apply_sync:169) from logger `RFC.middleware_status_code`
[INFO] status code 200 in response of AudioBookAudioPage(809611).AudioBookAudioFile(809611)

2024-04-08 16:50:15,687 <requestor-worker-0:1416405, MainThread:139624799057728> (requestor.py:_fetch_single_async:206 -> middleware.py:apply_async:115) from logger `RFC.middleware_status_code`
[INFO] applied on AudioBookAudioPage(809611).AudioBookAudioFile(809611), sent

2024-04-08 16:50:38,260 <requestor-worker-0:1416405, MainThread:139624799057728> (requestor.py:_fetch_single_async:206 -> middleware.py:apply_async:112) from logger `RFC.middleware_status_code`
[INFO] applying on AudioBookAudioPage(809938), received

2024-04-08 16:50:38,263 <requestor-worker-0:1416405, MainThread:139624799057728> (middleware.py:_apply_async:180 -> middleware.py:_apply_sync:169) from logger `RFC.middleware_status_code`
[INFO] status code 200 in response of AudioBookAudioPage(809938)

2024-04-08 16:50:38,266 <requestor-worker-0:1416405, MainThread:139624799057728> (requestor.py:_fetch_single_async:206 -> middleware.py:apply_async:115) from logger `RFC.middleware_status_code`
[INFO] applied on AudioBookAudioPage(809938), sent

2024-04-08 16:50:38,551 <requestor-worker-0:1416405, MainThread:139624799057728> (requestor.py:_fetch_single_async:206 -> middleware.py:apply_async:112) from logger `RFC.middleware_status_code`
[INFO] applying on AudioBookAudioPage(809942), received

2024-04-08 16:50:38,552 <requestor-worker-0:1416405, MainThread:139624799057728> (requestor.py:_fetch_single_async:206 -> middleware.py:apply_async:119) from logger `RFC.middleware_status_code`
[ERROR] failed on AudioBookAudioPage(809942), caught error ValueError('unexpected status code 404 in response of AudioBookAudioPage(809942)')

2024-04-08 16:50:40,089 <requestor-worker-0:1416405, MainThread:139624799057728> (requestor.py:_fetch_single_async:206 -> middleware.py:apply_async:112) from logger `RFC.middleware_status_code`
[INFO] applying on AudioBookAudioPage(809938).AudioBookAudioFile(809938), received

2024-04-08 16:50:40,091 <requestor-worker-0:1416405, MainThread:139624799057728> (middleware.py:_apply_async:180 -> middleware.py:_apply_sync:169) from logger `RFC.middleware_status_code`
[INFO] status code 200 in response of AudioBookAudioPage(809938).AudioBookAudioFile(809938)

2024-04-08 16:50:40,093 <requestor-worker-0:1416405, MainThread:139624799057728> (requestor.py:_fetch_single_async:206 -> middleware.py:apply_async:115) from logger `RFC.middleware_status_code`
[INFO] applied on AudioBookAudioPage(809938).AudioBookAudioFile(809938), sent

2024-04-08 16:50:41,732 <requestor-worker-0:1416405, MainThread:139624799057728> (requestor.py:_fetch_single_async:206 -> middleware.py:apply_async:112) from logger `RFC.middleware_status_code`
[INFO] applying on AudioBookAudioPage(809941).AudioBookAudioFile(809941), received

2024-04-08 16:50:41,735 <requestor-worker-0:1416405, MainThread:139624799057728> (middleware.py:_apply_async:180 -> middleware.py:_apply_sync:169) from logger `RFC.middleware_status_code`
[INFO] status code 200 in response of AudioBookAudioPage(809941).AudioBookAudioFile(809941)

2024-04-08 16:50:41,738 <requestor-worker-0:1416405, MainThread:139624799057728> (requestor.py:_fetch_single_async:206 -> middleware.py:apply_async:115) from logger `RFC.middleware_status_code`
[INFO] applied on AudioBookAudioPage(809941).AudioBookAudioFile(809941), sent

2024-04-08 16:50:43,185 <requestor-worker-0:1416405, MainThread:139624799057728> (requestor.py:_fetch_single_async:206 -> middleware.py:apply_async:112) from logger `RFC.middleware_status_code`
[INFO] applying on AudioBookAudioPage(809944).AudioBookAudioFile(809944), received

2024-04-08 16:50:43,187 <requestor-worker-0:1416405, MainThread:139624799057728> (middleware.py:_apply_async:180 -> middleware.py:_apply_sync:169) from logger `RFC.middleware_status_code`
[INFO] status code 200 in response of AudioBookAudioPage(809944).AudioBookAudioFile(809944)

2024-04-08 16:50:43,188 <requestor-worker-0:1416405, MainThread:139624799057728> (requestor.py:_fetch_single_async:206 -> middleware.py:apply_async:115) from logger `RFC.middleware_status_code`
[INFO] applied on AudioBookAudioPage(809944).AudioBookAudioFile(809944), sent

2024-04-08 16:50:44,383 <requestor-worker-0:1416405, MainThread:139624799057728> (requestor.py:_fetch_single_async:206 -> middleware.py:apply_async:112) from logger `RFC.middleware_status_code`
[INFO] applying on AudioBookAudioPage(809919).AudioBookAudioFile(809919), received

2024-04-08 16:50:44,386 <requestor-worker-0:1416405, MainThread:139624799057728> (middleware.py:_apply_async:180 -> middleware.py:_apply_sync:169) from logger `RFC.middleware_status_code`
[INFO] status code 200 in response of AudioBookAudioPage(809919).AudioBookAudioFile(809919)

2024-04-08 16:50:44,388 <requestor-worker-0:1416405, MainThread:139624799057728> (requestor.py:_fetch_single_async:206 -> middleware.py:apply_async:115) from logger `RFC.middleware_status_code`
[INFO] applied on AudioBookAudioPage(809919).AudioBookAudioFile(809919), sent

2024-04-08 16:50:45,244 <requestor-worker-0:1416405, MainThread:139624799057728> (requestor.py:_fetch_single_async:206 -> middleware.py:apply_async:112) from logger `RFC.middleware_status_code`
[INFO] applying on AudioBookAudioPage(809946).AudioBookAudioFile(809946), received

2024-04-08 16:50:45,247 <requestor-worker-0:1416405, MainThread:139624799057728> (middleware.py:_apply_async:180 -> middleware.py:_apply_sync:169) from logger `RFC.middleware_status_code`
[INFO] status code 200 in response of AudioBookAudioPage(809946).AudioBookAudioFile(809946)

2024-04-08 16:50:45,264 <requestor-worker-0:1416405, MainThread:139624799057728> (requestor.py:_fetch_single_async:206 -> middleware.py:apply_async:115) from logger `RFC.middleware_status_code`
[INFO] applied on AudioBookAudioPage(809946).AudioBookAudioFile(809946), sent

2024-04-08 16:50:47,900 <requestor-worker-0:1416405, MainThread:139624799057728> (requestor.py:_fetch_single_async:206 -> middleware.py:apply_async:112) from logger `RFC.middleware_status_code`
[INFO] applying on AudioBookAudioPage(809951).AudioBookAudioFile(809951), received

2024-04-08 16:50:47,902 <requestor-worker-0:1416405, MainThread:139624799057728> (middleware.py:_apply_async:180 -> middleware.py:_apply_sync:169) from logger `RFC.middleware_status_code`
[INFO] status code 200 in response of AudioBookAudioPage(809951).AudioBookAudioFile(809951)

2024-04-08 16:50:47,905 <requestor-worker-0:1416405, MainThread:139624799057728> (requestor.py:_fetch_single_async:206 -> middleware.py:apply_async:115) from logger `RFC.middleware_status_code`
[INFO] applied on AudioBookAudioPage(809951).AudioBookAudioFile(809951), sent

2024-04-08 16:50:48,439 <requestor-worker-0:1416405, MainThread:139624799057728> (requestor.py:_fetch_single_async:206 -> middleware.py:apply_async:112) from logger `RFC.middleware_status_code`
[INFO] applying on AudioBookAudioPage(809954), received

2024-04-08 16:50:48,442 <requestor-worker-0:1416405, MainThread:139624799057728> (middleware.py:_apply_async:180 -> middleware.py:_apply_sync:169) from logger `RFC.middleware_status_code`
[INFO] status code 200 in response of AudioBookAudioPage(809954)

2024-04-08 16:50:48,444 <requestor-worker-0:1416405, MainThread:139624799057728> (requestor.py:_fetch_single_async:206 -> middleware.py:apply_async:115) from logger `RFC.middleware_status_code`
[INFO] applied on AudioBookAudioPage(809954), sent

2024-04-08 16:50:49,697 <requestor-worker-0:1416405, MainThread:139624799057728> (requestor.py:_fetch_single_async:206 -> middleware.py:apply_async:112) from logger `RFC.middleware_status_code`
[INFO] applying on AudioBookAudioPage(809849).AudioBookAudioFile(809849), received

2024-04-08 16:50:49,698 <requestor-worker-0:1416405, MainThread:139624799057728> (middleware.py:_apply_async:180 -> middleware.py:_apply_sync:169) from logger `RFC.middleware_status_code`
[INFO] status code 200 in response of AudioBookAudioPage(809849).AudioBookAudioFile(809849)

2024-04-08 16:50:49,700 <requestor-worker-0:1416405, MainThread:139624799057728> (requestor.py:_fetch_single_async:206 -> middleware.py:apply_async:115) from logger `RFC.middleware_status_code`
[INFO] applied on AudioBookAudioPage(809849).AudioBookAudioFile(809849), sent

2024-04-08 16:50:52,065 <requestor-worker-0:1416405, MainThread:139624799057728> (requestor.py:_fetch_single_async:206 -> middleware.py:apply_async:112) from logger `RFC.middleware_status_code`
[INFO] applying on AudioBookAudioPage(809957), received

2024-04-08 16:50:52,068 <requestor-worker-0:1416405, MainThread:139624799057728> (middleware.py:_apply_async:180 -> middleware.py:_apply_sync:169) from logger `RFC.middleware_status_code`
[INFO] status code 200 in response of AudioBookAudioPage(809957)

2024-04-08 16:50:52,071 <requestor-worker-0:1416405, MainThread:139624799057728> (requestor.py:_fetch_single_async:206 -> middleware.py:apply_async:115) from logger `RFC.middleware_status_code`
[INFO] applied on AudioBookAudioPage(809957), sent

2024-04-08 16:50:56,916 <requestor-worker-0:1416405, MainThread:139624799057728> (requestor.py:_fetch_single_async:206 -> middleware.py:apply_async:112) from logger `RFC.middleware_status_code`
[INFO] applying on AudioBookAudioPage(809805).AudioBookAudioFile(809805), received

2024-04-08 16:50:56,918 <requestor-worker-0:1416405, MainThread:139624799057728> (middleware.py:_apply_async:180 -> middleware.py:_apply_sync:169) from logger `RFC.middleware_status_code`
[INFO] status code 200 in response of AudioBookAudioPage(809805).AudioBookAudioFile(809805)

2024-04-08 16:50:56,921 <requestor-worker-0:1416405, MainThread:139624799057728> (requestor.py:_fetch_single_async:206 -> middleware.py:apply_async:115) from logger `RFC.middleware_status_code`
[INFO] applied on AudioBookAudioPage(809805).AudioBookAudioFile(809805), sent

2024-04-08 16:50:57,978 <requestor-worker-0:1416405, MainThread:139624799057728> (requestor.py:_fetch_single_async:206 -> middleware.py:apply_async:112) from logger `RFC.middleware_status_code`
[INFO] applying on AudioBookAudioPage(809954).AudioBookAudioFile(809954), received

2024-04-08 16:50:57,981 <requestor-worker-0:1416405, MainThread:139624799057728> (middleware.py:_apply_async:180 -> middleware.py:_apply_sync:169) from logger `RFC.middleware_status_code`
[INFO] status code 200 in response of AudioBookAudioPage(809954).AudioBookAudioFile(809954)

2024-04-08 16:50:57,983 <requestor-worker-0:1416405, MainThread:139624799057728> (requestor.py:_fetch_single_async:206 -> middleware.py:apply_async:115) from logger `RFC.middleware_status_code`
[INFO] applied on AudioBookAudioPage(809954).AudioBookAudioFile(809954), sent

2024-04-08 16:51:02,066 <requestor-worker-0:1416405, MainThread:139624799057728> (requestor.py:_fetch_single_async:206 -> middleware.py:apply_async:112) from logger `RFC.middleware_status_code`
[INFO] applying on AudioBookAudioPage(809706).AudioBookAudioFile(809706), received

2024-04-08 16:51:02,069 <requestor-worker-0:1416405, MainThread:139624799057728> (middleware.py:_apply_async:180 -> middleware.py:_apply_sync:169) from logger `RFC.middleware_status_code`
[INFO] status code 200 in response of AudioBookAudioPage(809706).AudioBookAudioFile(809706)

2024-04-08 16:51:02,072 <requestor-worker-0:1416405, MainThread:139624799057728> (requestor.py:_fetch_single_async:206 -> middleware.py:apply_async:115) from logger `RFC.middleware_status_code`
[INFO] applied on AudioBookAudioPage(809706).AudioBookAudioFile(809706), sent

2024-04-08 16:51:10,167 <requestor-worker-0:1416405, MainThread:139624799057728> (requestor.py:_fetch_single_async:206 -> middleware.py:apply_async:112) from logger `RFC.middleware_status_code`
[INFO] applying on AudioBookAudioPage(809966), received

2024-04-08 16:51:10,169 <requestor-worker-0:1416405, MainThread:139624799057728> (middleware.py:_apply_async:180 -> middleware.py:_apply_sync:169) from logger `RFC.middleware_status_code`
[INFO] status code 200 in response of AudioBookAudioPage(809966)

2024-04-08 16:51:10,172 <requestor-worker-0:1416405, MainThread:139624799057728> (requestor.py:_fetch_single_async:206 -> middleware.py:apply_async:115) from logger `RFC.middleware_status_code`
[INFO] applied on AudioBookAudioPage(809966), sent

2024-04-08 16:51:11,653 <requestor-worker-0:1416405, MainThread:139624799057728> (requestor.py:_fetch_single_async:206 -> middleware.py:apply_async:112) from logger `RFC.middleware_status_code`
[INFO] applying on AudioBookAudioPage(809972), received

2024-04-08 16:51:11,655 <requestor-worker-0:1416405, MainThread:139624799057728> (requestor.py:_fetch_single_async:206 -> middleware.py:apply_async:119) from logger `RFC.middleware_status_code`
[ERROR] failed on AudioBookAudioPage(809972), caught error ValueError('unexpected status code 404 in response of AudioBookAudioPage(809972)')

2024-04-08 16:51:13,260 <requestor-worker-0:1416405, MainThread:139624799057728> (requestor.py:_fetch_single_async:206 -> middleware.py:apply_async:112) from logger `RFC.middleware_status_code`
[INFO] applying on AudioBookAudioPage(809970), received

2024-04-08 16:51:13,263 <requestor-worker-0:1416405, MainThread:139624799057728> (requestor.py:_fetch_single_async:206 -> middleware.py:apply_async:119) from logger `RFC.middleware_status_code`
[ERROR] failed on AudioBookAudioPage(809970), caught error ValueError('unexpected status code 404 in response of AudioBookAudioPage(809970)')

2024-04-08 16:51:13,318 <requestor-worker-0:1416405, MainThread:139624799057728> (requestor.py:_fetch_single_async:206 -> middleware.py:apply_async:112) from logger `RFC.middleware_status_code`
[INFO] applying on AudioBookAudioPage(809974), received

2024-04-08 16:51:13,320 <requestor-worker-0:1416405, MainThread:139624799057728> (middleware.py:_apply_async:180 -> middleware.py:_apply_sync:169) from logger `RFC.middleware_status_code`
[INFO] status code 200 in response of AudioBookAudioPage(809974)

2024-04-08 16:51:13,397 <requestor-worker-0:1416405, MainThread:139624799057728> (requestor.py:_fetch_single_async:206 -> middleware.py:apply_async:115) from logger `RFC.middleware_status_code`
[INFO] applied on AudioBookAudioPage(809974), sent

2024-04-08 16:51:15,106 <requestor-worker-0:1416405, MainThread:139624799057728> (requestor.py:_fetch_single_async:206 -> middleware.py:apply_async:112) from logger `RFC.middleware_status_code`
[INFO] applying on AudioBookAudioPage(809977), received

2024-04-08 16:51:15,109 <requestor-worker-0:1416405, MainThread:139624799057728> (middleware.py:_apply_async:180 -> middleware.py:_apply_sync:169) from logger `RFC.middleware_status_code`
[INFO] status code 200 in response of AudioBookAudioPage(809977)

2024-04-08 16:51:15,112 <requestor-worker-0:1416405, MainThread:139624799057728> (requestor.py:_fetch_single_async:206 -> middleware.py:apply_async:115) from logger `RFC.middleware_status_code`
[INFO] applied on AudioBookAudioPage(809977), sent

2024-04-08 16:51:15,297 <requestor-worker-0:1416405, MainThread:139624799057728> (requestor.py:_fetch_single_async:206 -> middleware.py:apply_async:112) from logger `RFC.middleware_status_code`
[INFO] applying on AudioBookAudioPage(809976), received

2024-04-08 16:51:15,299 <requestor-worker-0:1416405, MainThread:139624799057728> (middleware.py:_apply_async:180 -> middleware.py:_apply_sync:169) from logger `RFC.middleware_status_code`
[INFO] status code 200 in response of AudioBookAudioPage(809976)

2024-04-08 16:51:15,302 <requestor-worker-0:1416405, MainThread:139624799057728> (requestor.py:_fetch_single_async:206 -> middleware.py:apply_async:115) from logger `RFC.middleware_status_code`
[INFO] applied on AudioBookAudioPage(809976), sent

2024-04-08 16:51:15,719 <requestor-worker-0:1416405, MainThread:139624799057728> (requestor.py:_fetch_single_async:206 -> middleware.py:apply_async:112) from logger `RFC.middleware_status_code`
[INFO] applying on AudioBookAudioPage(809973), received

2024-04-08 16:51:15,722 <requestor-worker-0:1416405, MainThread:139624799057728> (middleware.py:_apply_async:180 -> middleware.py:_apply_sync:169) from logger `RFC.middleware_status_code`
[INFO] status code 200 in response of AudioBookAudioPage(809973)

2024-04-08 16:51:15,724 <requestor-worker-0:1416405, MainThread:139624799057728> (requestor.py:_fetch_single_async:206 -> middleware.py:apply_async:115) from logger `RFC.middleware_status_code`
[INFO] applied on AudioBookAudioPage(809973), sent

2024-04-08 16:51:16,248 <requestor-worker-0:1416405, MainThread:139624799057728> (requestor.py:_fetch_single_async:206 -> middleware.py:apply_async:112) from logger `RFC.middleware_status_code`
[INFO] applying on AudioBookAudioPage(809907).AudioBookAudioFile(809907), received

2024-04-08 16:51:16,251 <requestor-worker-0:1416405, MainThread:139624799057728> (middleware.py:_apply_async:180 -> middleware.py:_apply_sync:169) from logger `RFC.middleware_status_code`
[INFO] status code 200 in response of AudioBookAudioPage(809907).AudioBookAudioFile(809907)

2024-04-08 16:51:16,254 <requestor-worker-0:1416405, MainThread:139624799057728> (requestor.py:_fetch_single_async:206 -> middleware.py:apply_async:115) from logger `RFC.middleware_status_code`
[INFO] applied on AudioBookAudioPage(809907).AudioBookAudioFile(809907), sent

2024-04-08 16:51:17,016 <requestor-worker-0:1416405, MainThread:139624799057728> (requestor.py:_fetch_single_async:206 -> middleware.py:apply_async:112) from logger `RFC.middleware_status_code`
[INFO] applying on AudioBookAudioPage(809978), received

2024-04-08 16:51:17,019 <requestor-worker-0:1416405, MainThread:139624799057728> (middleware.py:_apply_async:180 -> middleware.py:_apply_sync:169) from logger `RFC.middleware_status_code`
[INFO] status code 200 in response of AudioBookAudioPage(809978)

2024-04-08 16:51:17,022 <requestor-worker-0:1416405, MainThread:139624799057728> (requestor.py:_fetch_single_async:206 -> middleware.py:apply_async:115) from logger `RFC.middleware_status_code`
[INFO] applied on AudioBookAudioPage(809978), sent

2024-04-08 16:51:18,247 <requestor-worker-0:1416405, MainThread:139624799057728> (requestor.py:_fetch_single_async:206 -> middleware.py:apply_async:112) from logger `RFC.middleware_status_code`
[INFO] applying on AudioBookAudioPage(810348).AudioBookAudioFile(810348), received

2024-04-08 16:51:18,250 <requestor-worker-0:1416405, MainThread:139624799057728> (middleware.py:_apply_async:180 -> middleware.py:_apply_sync:169) from logger `RFC.middleware_status_code`
[INFO] status code 200 in response of AudioBookAudioPage(810348).AudioBookAudioFile(810348)

2024-04-08 16:51:18,253 <requestor-worker-0:1416405, MainThread:139624799057728> (requestor.py:_fetch_single_async:206 -> middleware.py:apply_async:115) from logger `RFC.middleware_status_code`
[INFO] applied on AudioBookAudioPage(810348).AudioBookAudioFile(810348), sent

2024-04-08 16:51:20,929 <requestor-worker-0:1416405, MainThread:139624799057728> (requestor.py:_fetch_single_async:206 -> middleware.py:apply_async:112) from logger `RFC.middleware_status_code`
[INFO] applying on AudioBookAudioPage(809977).AudioBookAudioFile(809977), received

2024-04-08 16:51:20,931 <requestor-worker-0:1416405, MainThread:139624799057728> (middleware.py:_apply_async:180 -> middleware.py:_apply_sync:169) from logger `RFC.middleware_status_code`
[INFO] status code 200 in response of AudioBookAudioPage(809977).AudioBookAudioFile(809977)

2024-04-08 16:51:20,934 <requestor-worker-0:1416405, MainThread:139624799057728> (requestor.py:_fetch_single_async:206 -> middleware.py:apply_async:115) from logger `RFC.middleware_status_code`
[INFO] applied on AudioBookAudioPage(809977).AudioBookAudioFile(809977), sent

2024-04-08 16:51:21,524 <requestor-worker-0:1416405, MainThread:139624799057728> (requestor.py:_fetch_single_async:206 -> middleware.py:apply_async:112) from logger `RFC.middleware_status_code`
[INFO] applying on AudioBookAudioPage(809973).AudioBookAudioFile(809973), received

2024-04-08 16:51:21,527 <requestor-worker-0:1416405, MainThread:139624799057728> (middleware.py:_apply_async:180 -> middleware.py:_apply_sync:169) from logger `RFC.middleware_status_code`
[INFO] status code 200 in response of AudioBookAudioPage(809973).AudioBookAudioFile(809973)

2024-04-08 16:51:21,529 <requestor-worker-0:1416405, MainThread:139624799057728> (requestor.py:_fetch_single_async:206 -> middleware.py:apply_async:115) from logger `RFC.middleware_status_code`
[INFO] applied on AudioBookAudioPage(809973).AudioBookAudioFile(809973), sent

2024-04-08 16:51:22,784 <requestor-worker-0:1416405, MainThread:139624799057728> (requestor.py:_fetch_single_async:206 -> middleware.py:apply_async:112) from logger `RFC.middleware_status_code`
[INFO] applying on AudioBookAudioPage(809978).AudioBookAudioFile(809978), received

2024-04-08 16:51:22,786 <requestor-worker-0:1416405, MainThread:139624799057728> (middleware.py:_apply_async:180 -> middleware.py:_apply_sync:169) from logger `RFC.middleware_status_code`
[INFO] status code 200 in response of AudioBookAudioPage(809978).AudioBookAudioFile(809978)

2024-04-08 16:51:22,789 <requestor-worker-0:1416405, MainThread:139624799057728> (requestor.py:_fetch_single_async:206 -> middleware.py:apply_async:115) from logger `RFC.middleware_status_code`
[INFO] applied on AudioBookAudioPage(809978).AudioBookAudioFile(809978), sent

2024-04-08 16:51:23,667 <requestor-worker-0:1416405, MainThread:139624799057728> (requestor.py:_fetch_single_async:206 -> middleware.py:apply_async:112) from logger `RFC.middleware_status_code`
[INFO] applying on AudioBookAudioPage(809914).AudioBookAudioFile(809914), received

2024-04-08 16:51:23,670 <requestor-worker-0:1416405, MainThread:139624799057728> (middleware.py:_apply_async:180 -> middleware.py:_apply_sync:169) from logger `RFC.middleware_status_code`
[INFO] status code 200 in response of AudioBookAudioPage(809914).AudioBookAudioFile(809914)

2024-04-08 16:51:23,672 <requestor-worker-0:1416405, MainThread:139624799057728> (requestor.py:_fetch_single_async:206 -> middleware.py:apply_async:115) from logger `RFC.middleware_status_code`
[INFO] applied on AudioBookAudioPage(809914).AudioBookAudioFile(809914), sent

2024-04-08 16:51:28,025 <requestor-worker-0:1416405, MainThread:139624799057728> (requestor.py:_fetch_single_async:206 -> middleware.py:apply_async:112) from logger `RFC.middleware_status_code`
[INFO] applying on AudioBookAudioPage(809982).AudioBookAudioFile(809982), received

2024-04-08 16:51:28,028 <requestor-worker-0:1416405, MainThread:139624799057728> (middleware.py:_apply_async:180 -> middleware.py:_apply_sync:169) from logger `RFC.middleware_status_code`
[INFO] status code 200 in response of AudioBookAudioPage(809982).AudioBookAudioFile(809982)

2024-04-08 16:51:28,030 <requestor-worker-0:1416405, MainThread:139624799057728> (requestor.py:_fetch_single_async:206 -> middleware.py:apply_async:115) from logger `RFC.middleware_status_code`
[INFO] applied on AudioBookAudioPage(809982).AudioBookAudioFile(809982), sent

2024-04-08 16:51:28,387 <requestor-worker-0:1416405, MainThread:139624799057728> (requestor.py:_fetch_single_async:206 -> middleware.py:apply_async:112) from logger `RFC.middleware_status_code`
[INFO] applying on AudioBookAudioPage(809990), received

2024-04-08 16:51:28,389 <requestor-worker-0:1416405, MainThread:139624799057728> (requestor.py:_fetch_single_async:206 -> middleware.py:apply_async:119) from logger `RFC.middleware_status_code`
[ERROR] failed on AudioBookAudioPage(809990), caught error ValueError('unexpected status code 404 in response of AudioBookAudioPage(809990)')

2024-04-08 16:51:30,173 <requestor-worker-0:1416405, MainThread:139624799057728> (requestor.py:_fetch_single_async:206 -> middleware.py:apply_async:112) from logger `RFC.middleware_status_code`
[INFO] applying on AudioBookAudioPage(809983).AudioBookAudioFile(809983), received

2024-04-08 16:51:30,176 <requestor-worker-0:1416405, MainThread:139624799057728> (middleware.py:_apply_async:180 -> middleware.py:_apply_sync:169) from logger `RFC.middleware_status_code`
[INFO] status code 200 in response of AudioBookAudioPage(809983).AudioBookAudioFile(809983)

2024-04-08 16:51:30,178 <requestor-worker-0:1416405, MainThread:139624799057728> (requestor.py:_fetch_single_async:206 -> middleware.py:apply_async:115) from logger `RFC.middleware_status_code`
[INFO] applied on AudioBookAudioPage(809983).AudioBookAudioFile(809983), sent

2024-04-08 16:51:32,743 <requestor-worker-0:1416405, MainThread:139624799057728> (requestor.py:_fetch_single_async:206 -> middleware.py:apply_async:112) from logger `RFC.middleware_status_code`
[INFO] applying on AudioBookAudioPage(809987).AudioBookAudioFile(809987), received

2024-04-08 16:51:32,744 <requestor-worker-0:1416405, MainThread:139624799057728> (middleware.py:_apply_async:180 -> middleware.py:_apply_sync:169) from logger `RFC.middleware_status_code`
[INFO] status code 200 in response of AudioBookAudioPage(809987).AudioBookAudioFile(809987)

2024-04-08 16:51:32,745 <requestor-worker-0:1416405, MainThread:139624799057728> (requestor.py:_fetch_single_async:206 -> middleware.py:apply_async:115) from logger `RFC.middleware_status_code`
[INFO] applied on AudioBookAudioPage(809987).AudioBookAudioFile(809987), sent

2024-04-08 16:51:40,899 <requestor-worker-0:1416405, MainThread:139624799057728> (requestor.py:_fetch_single_async:206 -> middleware.py:apply_async:112) from logger `RFC.middleware_status_code`
[INFO] applying on AudioBookAudioPage(809919).AudioBookAudioFile(809919), received

2024-04-08 16:51:40,901 <requestor-worker-0:1416405, MainThread:139624799057728> (middleware.py:_apply_async:180 -> middleware.py:_apply_sync:169) from logger `RFC.middleware_status_code`
[INFO] status code 200 in response of AudioBookAudioPage(809919).AudioBookAudioFile(809919)

2024-04-08 16:51:40,904 <requestor-worker-0:1416405, MainThread:139624799057728> (requestor.py:_fetch_single_async:206 -> middleware.py:apply_async:115) from logger `RFC.middleware_status_code`
[INFO] applied on AudioBookAudioPage(809919).AudioBookAudioFile(809919), sent

2024-04-08 16:51:51,382 <requestor-worker-0:1416405, MainThread:139624799057728> (requestor.py:_fetch_single_async:206 -> middleware.py:apply_async:112) from logger `RFC.middleware_status_code`
[INFO] applying on AudioBookAudioPage(809951).AudioBookAudioFile(809951), received

2024-04-08 16:51:51,385 <requestor-worker-0:1416405, MainThread:139624799057728> (middleware.py:_apply_async:180 -> middleware.py:_apply_sync:169) from logger `RFC.middleware_status_code`
[INFO] status code 200 in response of AudioBookAudioPage(809951).AudioBookAudioFile(809951)

2024-04-08 16:51:51,388 <requestor-worker-0:1416405, MainThread:139624799057728> (requestor.py:_fetch_single_async:206 -> middleware.py:apply_async:115) from logger `RFC.middleware_status_code`
[INFO] applied on AudioBookAudioPage(809951).AudioBookAudioFile(809951), sent

2024-04-08 16:51:54,414 <requestor-worker-0:1416405, MainThread:139624799057728> (requestor.py:_fetch_single_async:206 -> middleware.py:apply_async:112) from logger `RFC.middleware_status_code`
[INFO] applying on AudioBookAudioPage(809849).AudioBookAudioFile(809849), received

2024-04-08 16:51:54,417 <requestor-worker-0:1416405, MainThread:139624799057728> (middleware.py:_apply_async:180 -> middleware.py:_apply_sync:169) from logger `RFC.middleware_status_code`
[INFO] status code 200 in response of AudioBookAudioPage(809849).AudioBookAudioFile(809849)

2024-04-08 16:51:54,419 <requestor-worker-0:1416405, MainThread:139624799057728> (requestor.py:_fetch_single_async:206 -> middleware.py:apply_async:115) from logger `RFC.middleware_status_code`
[INFO] applied on AudioBookAudioPage(809849).AudioBookAudioFile(809849), sent

2024-04-08 16:52:01,992 <requestor-worker-0:1416405, MainThread:139624799057728> (requestor.py:_fetch_single_async:206 -> middleware.py:apply_async:112) from logger `RFC.middleware_status_code`
[INFO] applying on AudioBookAudioPage(810028), received

2024-04-08 16:52:01,994 <requestor-worker-0:1416405, MainThread:139624799057728> (middleware.py:_apply_async:180 -> middleware.py:_apply_sync:169) from logger `RFC.middleware_status_code`
[INFO] status code 200 in response of AudioBookAudioPage(810028)

2024-04-08 16:52:01,997 <requestor-worker-0:1416405, MainThread:139624799057728> (requestor.py:_fetch_single_async:206 -> middleware.py:apply_async:115) from logger `RFC.middleware_status_code`
[INFO] applied on AudioBookAudioPage(810028), sent

2024-04-08 16:52:04,344 <requestor-worker-0:1416405, MainThread:139624799057728> (requestor.py:_fetch_single_async:206 -> middleware.py:apply_async:112) from logger `RFC.middleware_status_code`
[INFO] applying on AudioBookAudioPage(809805).AudioBookAudioFile(809805), received

2024-04-08 16:52:04,347 <requestor-worker-0:1416405, MainThread:139624799057728> (middleware.py:_apply_async:180 -> middleware.py:_apply_sync:169) from logger `RFC.middleware_status_code`
[INFO] status code 200 in response of AudioBookAudioPage(809805).AudioBookAudioFile(809805)

2024-04-08 16:52:04,350 <requestor-worker-0:1416405, MainThread:139624799057728> (requestor.py:_fetch_single_async:206 -> middleware.py:apply_async:115) from logger `RFC.middleware_status_code`
[INFO] applied on AudioBookAudioPage(809805).AudioBookAudioFile(809805), sent

2024-04-08 16:52:10,405 <requestor-worker-0:1416405, MainThread:139624799057728> (requestor.py:_fetch_single_async:206 -> middleware.py:apply_async:112) from logger `RFC.middleware_status_code`
[INFO] applying on AudioBookAudioPage(809954).AudioBookAudioFile(809954), received

2024-04-08 16:52:10,407 <requestor-worker-0:1416405, MainThread:139624799057728> (middleware.py:_apply_async:180 -> middleware.py:_apply_sync:169) from logger `RFC.middleware_status_code`
[INFO] status code 200 in response of AudioBookAudioPage(809954).AudioBookAudioFile(809954)

2024-04-08 16:52:10,410 <requestor-worker-0:1416405, MainThread:139624799057728> (requestor.py:_fetch_single_async:206 -> middleware.py:apply_async:115) from logger `RFC.middleware_status_code`
[INFO] applied on AudioBookAudioPage(809954).AudioBookAudioFile(809954), sent

2024-04-08 16:52:10,543 <requestor-worker-0:1416405, MainThread:139624799057728> (requestor.py:_fetch_single_async:206 -> middleware.py:apply_async:112) from logger `RFC.middleware_status_code`
[INFO] applying on AudioBookAudioPage(810022).AudioBookAudioFile(810022), received

2024-04-08 16:52:10,545 <requestor-worker-0:1416405, MainThread:139624799057728> (middleware.py:_apply_async:180 -> middleware.py:_apply_sync:169) from logger `RFC.middleware_status_code`
[INFO] status code 200 in response of AudioBookAudioPage(810022).AudioBookAudioFile(810022)

2024-04-08 16:52:10,548 <requestor-worker-0:1416405, MainThread:139624799057728> (requestor.py:_fetch_single_async:206 -> middleware.py:apply_async:115) from logger `RFC.middleware_status_code`
[INFO] applied on AudioBookAudioPage(810022).AudioBookAudioFile(810022), sent

2024-04-08 16:52:17,235 <requestor-worker-0:1416405, MainThread:139624799057728> (requestor.py:_fetch_single_async:206 -> middleware.py:apply_async:112) from logger `RFC.middleware_status_code`
[INFO] applying on AudioBookAudioPage(809907).AudioBookAudioFile(809907), received

2024-04-08 16:52:17,237 <requestor-worker-0:1416405, MainThread:139624799057728> (middleware.py:_apply_async:180 -> middleware.py:_apply_sync:169) from logger `RFC.middleware_status_code`
[INFO] status code 200 in response of AudioBookAudioPage(809907).AudioBookAudioFile(809907)

2024-04-08 16:52:17,240 <requestor-worker-0:1416405, MainThread:139624799057728> (requestor.py:_fetch_single_async:206 -> middleware.py:apply_async:115) from logger `RFC.middleware_status_code`
[INFO] applied on AudioBookAudioPage(809907).AudioBookAudioFile(809907), sent

2024-04-08 16:52:19,712 <requestor-worker-0:1416405, MainThread:139624799057728> (requestor.py:_fetch_single_async:206 -> middleware.py:apply_async:112) from logger `RFC.middleware_status_code`
[INFO] applying on AudioBookAudioPage(810348).AudioBookAudioFile(810348), received

2024-04-08 16:52:19,713 <requestor-worker-0:1416405, MainThread:139624799057728> (middleware.py:_apply_async:180 -> middleware.py:_apply_sync:169) from logger `RFC.middleware_status_code`
[INFO] status code 200 in response of AudioBookAudioPage(810348).AudioBookAudioFile(810348)

2024-04-08 16:52:19,714 <requestor-worker-0:1416405, MainThread:139624799057728> (requestor.py:_fetch_single_async:206 -> middleware.py:apply_async:115) from logger `RFC.middleware_status_code`
[INFO] applied on AudioBookAudioPage(810348).AudioBookAudioFile(810348), sent

2024-04-08 16:52:21,044 <requestor-worker-0:1416405, MainThread:139624799057728> (requestor.py:_fetch_single_async:206 -> middleware.py:apply_async:112) from logger `RFC.middleware_status_code`
[INFO] applying on AudioBookAudioPage(810046), received

2024-04-08 16:52:21,047 <requestor-worker-0:1416405, MainThread:139624799057728> (requestor.py:_fetch_single_async:206 -> middleware.py:apply_async:119) from logger `RFC.middleware_status_code`
[ERROR] failed on AudioBookAudioPage(810046), caught error ValueError('unexpected status code 404 in response of AudioBookAudioPage(810046)')

2024-04-08 16:52:23,713 <requestor-worker-0:1416405, MainThread:139624799057728> (requestor.py:_fetch_single_async:206 -> middleware.py:apply_async:112) from logger `RFC.middleware_status_code`
[INFO] applying on AudioBookAudioPage(810053), received

2024-04-08 16:52:23,715 <requestor-worker-0:1416405, MainThread:139624799057728> (middleware.py:_apply_async:180 -> middleware.py:_apply_sync:169) from logger `RFC.middleware_status_code`
[INFO] status code 200 in response of AudioBookAudioPage(810053)

2024-04-08 16:52:23,717 <requestor-worker-0:1416405, MainThread:139624799057728> (requestor.py:_fetch_single_async:206 -> middleware.py:apply_async:115) from logger `RFC.middleware_status_code`
[INFO] applied on AudioBookAudioPage(810053), sent

2024-04-08 16:52:29,806 <requestor-worker-0:1416405, MainThread:139624799057728> (requestor.py:_fetch_single_async:206 -> middleware.py:apply_async:112) from logger `RFC.middleware_status_code`
[INFO] applying on AudioBookAudioPage(810054).AudioBookAudioFile(810054), received

2024-04-08 16:52:29,934 <requestor-worker-0:1416405, MainThread:139624799057728> (middleware.py:_apply_async:180 -> middleware.py:_apply_sync:169) from logger `RFC.middleware_status_code`
[INFO] status code 200 in response of AudioBookAudioPage(810054).AudioBookAudioFile(810054)

2024-04-08 16:52:29,937 <requestor-worker-0:1416405, MainThread:139624799057728> (requestor.py:_fetch_single_async:206 -> middleware.py:apply_async:115) from logger `RFC.middleware_status_code`
[INFO] applied on AudioBookAudioPage(810054).AudioBookAudioFile(810054), sent

2024-04-08 16:52:31,257 <requestor-worker-0:1416405, MainThread:139624799057728> (requestor.py:_fetch_single_async:206 -> middleware.py:apply_async:112) from logger `RFC.middleware_status_code`
[INFO] applying on AudioBookAudioPage(809914).AudioBookAudioFile(809914), received

2024-04-08 16:52:31,260 <requestor-worker-0:1416405, MainThread:139624799057728> (middleware.py:_apply_async:180 -> middleware.py:_apply_sync:169) from logger `RFC.middleware_status_code`
[INFO] status code 200 in response of AudioBookAudioPage(809914).AudioBookAudioFile(809914)

2024-04-08 16:52:31,262 <requestor-worker-0:1416405, MainThread:139624799057728> (requestor.py:_fetch_single_async:206 -> middleware.py:apply_async:115) from logger `RFC.middleware_status_code`
[INFO] applied on AudioBookAudioPage(809914).AudioBookAudioFile(809914), sent

2024-04-08 16:52:32,543 <requestor-worker-0:1416405, MainThread:139624799057728> (requestor.py:_fetch_single_async:206 -> middleware.py:apply_async:112) from logger `RFC.middleware_status_code`
[INFO] applying on AudioBookAudioPage(809982).AudioBookAudioFile(809982), received

2024-04-08 16:52:32,545 <requestor-worker-0:1416405, MainThread:139624799057728> (middleware.py:_apply_async:180 -> middleware.py:_apply_sync:169) from logger `RFC.middleware_status_code`
[INFO] status code 200 in response of AudioBookAudioPage(809982).AudioBookAudioFile(809982)

2024-04-08 16:52:32,547 <requestor-worker-0:1416405, MainThread:139624799057728> (requestor.py:_fetch_single_async:206 -> middleware.py:apply_async:115) from logger `RFC.middleware_status_code`
[INFO] applied on AudioBookAudioPage(809982).AudioBookAudioFile(809982), sent

2024-04-08 16:52:34,110 <requestor-worker-0:1416405, MainThread:139624799057728> (requestor.py:_fetch_single_async:206 -> middleware.py:apply_async:112) from logger `RFC.middleware_status_code`
[INFO] applying on AudioBookAudioPage(810059), received

2024-04-08 16:52:34,113 <requestor-worker-0:1416405, MainThread:139624799057728> (middleware.py:_apply_async:180 -> middleware.py:_apply_sync:169) from logger `RFC.middleware_status_code`
[INFO] status code 200 in response of AudioBookAudioPage(810059)

2024-04-08 16:52:34,115 <requestor-worker-0:1416405, MainThread:139624799057728> (requestor.py:_fetch_single_async:206 -> middleware.py:apply_async:115) from logger `RFC.middleware_status_code`
[INFO] applied on AudioBookAudioPage(810059), sent

2024-04-08 16:52:36,274 <requestor-worker-0:1416405, MainThread:139624799057728> (requestor.py:_fetch_single_async:206 -> middleware.py:apply_async:112) from logger `RFC.middleware_status_code`
[INFO] applying on AudioBookAudioPage(810064), received

2024-04-08 16:52:36,275 <requestor-worker-0:1416405, MainThread:139624799057728> (requestor.py:_fetch_single_async:206 -> middleware.py:apply_async:119) from logger `RFC.middleware_status_code`
[ERROR] failed on AudioBookAudioPage(810064), caught error ValueError('unexpected status code 404 in response of AudioBookAudioPage(810064)')

2024-04-08 16:52:36,595 <requestor-worker-0:1416405, MainThread:139624799057728> (requestor.py:_fetch_single_async:206 -> middleware.py:apply_async:112) from logger `RFC.middleware_status_code`
[INFO] applying on AudioBookAudioPage(809983).AudioBookAudioFile(809983), received

2024-04-08 16:52:36,597 <requestor-worker-0:1416405, MainThread:139624799057728> (middleware.py:_apply_async:180 -> middleware.py:_apply_sync:169) from logger `RFC.middleware_status_code`
[INFO] status code 200 in response of AudioBookAudioPage(809983).AudioBookAudioFile(809983)

2024-04-08 16:52:36,601 <requestor-worker-0:1416405, MainThread:139624799057728> (requestor.py:_fetch_single_async:206 -> middleware.py:apply_async:115) from logger `RFC.middleware_status_code`
[INFO] applied on AudioBookAudioPage(809983).AudioBookAudioFile(809983), sent

2024-04-08 16:52:38,293 <requestor-worker-0:1416405, MainThread:139624799057728> (requestor.py:_fetch_single_async:206 -> middleware.py:apply_async:112) from logger `RFC.middleware_status_code`
[INFO] applying on AudioBookAudioPage(809987).AudioBookAudioFile(809987), received

2024-04-08 16:52:38,296 <requestor-worker-0:1416405, MainThread:139624799057728> (middleware.py:_apply_async:180 -> middleware.py:_apply_sync:169) from logger `RFC.middleware_status_code`
[INFO] status code 200 in response of AudioBookAudioPage(809987).AudioBookAudioFile(809987)

2024-04-08 16:52:38,299 <requestor-worker-0:1416405, MainThread:139624799057728> (requestor.py:_fetch_single_async:206 -> middleware.py:apply_async:115) from logger `RFC.middleware_status_code`
[INFO] applied on AudioBookAudioPage(809987).AudioBookAudioFile(809987), sent

2024-04-08 16:52:38,638 <requestor-worker-0:1416405, MainThread:139624799057728> (requestor.py:_fetch_single_async:206 -> middleware.py:apply_async:112) from logger `RFC.middleware_status_code`
[INFO] applying on AudioBookAudioPage(810065), received

2024-04-08 16:52:38,641 <requestor-worker-0:1416405, MainThread:139624799057728> (requestor.py:_fetch_single_async:206 -> middleware.py:apply_async:119) from logger `RFC.middleware_status_code`
[ERROR] failed on AudioBookAudioPage(810065), caught error ValueError('unexpected status code 404 in response of AudioBookAudioPage(810065)')

2024-04-08 16:52:39,817 <requestor-worker-0:1416405, MainThread:139624799057728> (requestor.py:_fetch_single_async:206 -> middleware.py:apply_async:112) from logger `RFC.middleware_status_code`
[INFO] applying on AudioBookAudioPage(810070), received

2024-04-08 16:52:39,820 <requestor-worker-0:1416405, MainThread:139624799057728> (middleware.py:_apply_async:180 -> middleware.py:_apply_sync:169) from logger `RFC.middleware_status_code`
[INFO] status code 200 in response of AudioBookAudioPage(810070)

2024-04-08 16:52:39,823 <requestor-worker-0:1416405, MainThread:139624799057728> (requestor.py:_fetch_single_async:206 -> middleware.py:apply_async:115) from logger `RFC.middleware_status_code`
[INFO] applied on AudioBookAudioPage(810070), sent

2024-04-08 16:52:40,097 <requestor-worker-0:1416405, MainThread:139624799057728> (requestor.py:_fetch_single_async:206 -> middleware.py:apply_async:112) from logger `RFC.middleware_status_code`
[INFO] applying on AudioBookAudioPage(810073), received

2024-04-08 16:52:40,099 <requestor-worker-0:1416405, MainThread:139624799057728> (requestor.py:_fetch_single_async:206 -> middleware.py:apply_async:119) from logger `RFC.middleware_status_code`
[ERROR] failed on AudioBookAudioPage(810073), caught error ValueError('unexpected status code 404 in response of AudioBookAudioPage(810073)')

2024-04-08 16:52:50,982 <requestor-worker-0:1416405, MainThread:139624799057728> (requestor.py:_fetch_single_async:206 -> middleware.py:apply_async:112) from logger `RFC.middleware_status_code`
[INFO] applying on AudioBookAudioPage(809951).AudioBookAudioFile(809951), received

2024-04-08 16:52:50,985 <requestor-worker-0:1416405, MainThread:139624799057728> (middleware.py:_apply_async:180 -> middleware.py:_apply_sync:169) from logger `RFC.middleware_status_code`
[INFO] status code 200 in response of AudioBookAudioPage(809951).AudioBookAudioFile(809951)

2024-04-08 16:52:50,988 <requestor-worker-0:1416405, MainThread:139624799057728> (requestor.py:_fetch_single_async:206 -> middleware.py:apply_async:115) from logger `RFC.middleware_status_code`
[INFO] applied on AudioBookAudioPage(809951).AudioBookAudioFile(809951), sent

2024-04-08 16:52:52,168 <requestor-worker-0:1416405, MainThread:139624799057728> (requestor.py:_fetch_single_async:206 -> middleware.py:apply_async:112) from logger `RFC.middleware_status_code`
[INFO] applying on AudioBookAudioPage(810085), received

2024-04-08 16:52:52,172 <requestor-worker-0:1416405, MainThread:139624799057728> (middleware.py:_apply_async:180 -> middleware.py:_apply_sync:169) from logger `RFC.middleware_status_code`
[INFO] status code 200 in response of AudioBookAudioPage(810085)

2024-04-08 16:52:52,175 <requestor-worker-0:1416405, MainThread:139624799057728> (requestor.py:_fetch_single_async:206 -> middleware.py:apply_async:115) from logger `RFC.middleware_status_code`
[INFO] applied on AudioBookAudioPage(810085), sent

2024-04-08 16:52:54,250 <requestor-worker-0:1416405, MainThread:139624799057728> (requestor.py:_fetch_single_async:206 -> middleware.py:apply_async:112) from logger `RFC.middleware_status_code`
[INFO] applying on AudioBookAudioPage(810081).AudioBookAudioFile(810081), received

2024-04-08 16:52:54,253 <requestor-worker-0:1416405, MainThread:139624799057728> (middleware.py:_apply_async:180 -> middleware.py:_apply_sync:169) from logger `RFC.middleware_status_code`
[INFO] status code 200 in response of AudioBookAudioPage(810081).AudioBookAudioFile(810081)

2024-04-08 16:52:54,256 <requestor-worker-0:1416405, MainThread:139624799057728> (requestor.py:_fetch_single_async:206 -> middleware.py:apply_async:115) from logger `RFC.middleware_status_code`
[INFO] applied on AudioBookAudioPage(810081).AudioBookAudioFile(810081), sent

2024-04-08 16:52:58,983 <requestor-worker-0:1416405, MainThread:139624799057728> (requestor.py:_fetch_single_async:206 -> middleware.py:apply_async:112) from logger `RFC.middleware_status_code`
[INFO] applying on AudioBookAudioPage(809954).AudioBookAudioFile(809954), received

2024-04-08 16:52:58,985 <requestor-worker-0:1416405, MainThread:139624799057728> (middleware.py:_apply_async:180 -> middleware.py:_apply_sync:169) from logger `RFC.middleware_status_code`
[INFO] status code 200 in response of AudioBookAudioPage(809954).AudioBookAudioFile(809954)

2024-04-08 16:52:58,987 <requestor-worker-0:1416405, MainThread:139624799057728> (requestor.py:_fetch_single_async:206 -> middleware.py:apply_async:115) from logger `RFC.middleware_status_code`
[INFO] applied on AudioBookAudioPage(809954).AudioBookAudioFile(809954), sent

2024-04-08 16:52:59,414 <requestor-worker-0:1416405, MainThread:139624799057728> (requestor.py:_fetch_single_async:206 -> middleware.py:apply_async:112) from logger `RFC.middleware_status_code`
[INFO] applying on AudioBookAudioPage(810079).AudioBookAudioFile(810079), received

2024-04-08 16:52:59,417 <requestor-worker-0:1416405, MainThread:139624799057728> (middleware.py:_apply_async:180 -> middleware.py:_apply_sync:169) from logger `RFC.middleware_status_code`
[INFO] status code 200 in response of AudioBookAudioPage(810079).AudioBookAudioFile(810079)

2024-04-08 16:52:59,419 <requestor-worker-0:1416405, MainThread:139624799057728> (requestor.py:_fetch_single_async:206 -> middleware.py:apply_async:115) from logger `RFC.middleware_status_code`
[INFO] applied on AudioBookAudioPage(810079).AudioBookAudioFile(810079), sent

2024-04-08 16:53:15,917 <requestor-worker-0:1416405, MainThread:139624799057728> (requestor.py:_fetch_single_async:206 -> middleware.py:apply_async:112) from logger `RFC.middleware_status_code`
[INFO] applying on AudioBookAudioPage(810348).AudioBookAudioFile(810348), received

2024-04-08 16:53:15,918 <requestor-worker-0:1416405, MainThread:139624799057728> (middleware.py:_apply_async:180 -> middleware.py:_apply_sync:169) from logger `RFC.middleware_status_code`
[INFO] status code 200 in response of AudioBookAudioPage(810348).AudioBookAudioFile(810348)

2024-04-08 16:53:15,919 <requestor-worker-0:1416405, MainThread:139624799057728> (requestor.py:_fetch_single_async:206 -> middleware.py:apply_async:115) from logger `RFC.middleware_status_code`
[INFO] applied on AudioBookAudioPage(810348).AudioBookAudioFile(810348), sent

2024-04-08 16:53:16,051 <requestor-worker-0:1416405, MainThread:139624799057728> (requestor.py:_fetch_single_async:206 -> middleware.py:apply_async:112) from logger `RFC.middleware_status_code`
[INFO] applying on AudioBookAudioPage(809907).AudioBookAudioFile(809907), received

2024-04-08 16:53:16,054 <requestor-worker-0:1416405, MainThread:139624799057728> (middleware.py:_apply_async:180 -> middleware.py:_apply_sync:169) from logger `RFC.middleware_status_code`
[INFO] status code 200 in response of AudioBookAudioPage(809907).AudioBookAudioFile(809907)

2024-04-08 16:53:16,055 <requestor-worker-0:1416405, MainThread:139624799057728> (requestor.py:_fetch_single_async:206 -> middleware.py:apply_async:115) from logger `RFC.middleware_status_code`
[INFO] applied on AudioBookAudioPage(809907).AudioBookAudioFile(809907), sent

2024-04-08 16:53:24,279 <requestor-worker-0:1416405, MainThread:139624799057728> (requestor.py:_fetch_single_async:206 -> middleware.py:apply_async:112) from logger `RFC.middleware_status_code`
[INFO] applying on AudioBookAudioPage(809914).AudioBookAudioFile(809914), received

2024-04-08 16:53:24,282 <requestor-worker-0:1416405, MainThread:139624799057728> (middleware.py:_apply_async:180 -> middleware.py:_apply_sync:169) from logger `RFC.middleware_status_code`
[INFO] status code 200 in response of AudioBookAudioPage(809914).AudioBookAudioFile(809914)

2024-04-08 16:53:24,284 <requestor-worker-0:1416405, MainThread:139624799057728> (requestor.py:_fetch_single_async:206 -> middleware.py:apply_async:115) from logger `RFC.middleware_status_code`
[INFO] applied on AudioBookAudioPage(809914).AudioBookAudioFile(809914), sent

2024-04-08 16:53:26,241 <requestor-worker-0:1416405, MainThread:139624799057728> (requestor.py:_fetch_single_async:206 -> middleware.py:apply_async:112) from logger `RFC.middleware_status_code`
[INFO] applying on AudioBookAudioPage(810125), received

2024-04-08 16:53:26,244 <requestor-worker-0:1416405, MainThread:139624799057728> (requestor.py:_fetch_single_async:206 -> middleware.py:apply_async:119) from logger `RFC.middleware_status_code`
[ERROR] failed on AudioBookAudioPage(810125), caught error ValueError('unexpected status code 404 in response of AudioBookAudioPage(810125)')

2024-04-08 16:53:28,030 <requestor-worker-0:1416405, MainThread:139624799057728> (requestor.py:_fetch_single_async:206 -> middleware.py:apply_async:112) from logger `RFC.middleware_status_code`
[INFO] applying on AudioBookAudioPage(810133), received

2024-04-08 16:53:28,031 <requestor-worker-0:1416405, MainThread:139624799057728> (requestor.py:_fetch_single_async:206 -> middleware.py:apply_async:119) from logger `RFC.middleware_status_code`
[ERROR] failed on AudioBookAudioPage(810133), caught error ValueError('unexpected status code 404 in response of AudioBookAudioPage(810133)')

2024-04-08 16:53:28,046 <requestor-worker-0:1416405, MainThread:139624799057728> (requestor.py:_fetch_single_async:206 -> middleware.py:apply_async:112) from logger `RFC.middleware_status_code`
[INFO] applying on AudioBookAudioPage(810129).AudioBookAudioFile(810129), received

2024-04-08 16:53:28,047 <requestor-worker-0:1416405, MainThread:139624799057728> (middleware.py:_apply_async:180 -> middleware.py:_apply_sync:169) from logger `RFC.middleware_status_code`
[INFO] status code 200 in response of AudioBookAudioPage(810129).AudioBookAudioFile(810129)

2024-04-08 16:53:28,047 <requestor-worker-0:1416405, MainThread:139624799057728> (requestor.py:_fetch_single_async:206 -> middleware.py:apply_async:115) from logger `RFC.middleware_status_code`
[INFO] applied on AudioBookAudioPage(810129).AudioBookAudioFile(810129), sent

2024-04-08 16:53:28,677 <requestor-worker-0:1416405, MainThread:139624799057728> (requestor.py:_fetch_single_async:206 -> middleware.py:apply_async:112) from logger `RFC.middleware_status_code`
[INFO] applying on AudioBookAudioPage(810136), received

2024-04-08 16:53:28,679 <requestor-worker-0:1416405, MainThread:139624799057728> (requestor.py:_fetch_single_async:206 -> middleware.py:apply_async:119) from logger `RFC.middleware_status_code`
[ERROR] failed on AudioBookAudioPage(810136), caught error ValueError('unexpected status code 404 in response of AudioBookAudioPage(810136)')

2024-04-08 16:53:30,774 <requestor-worker-0:1416405, MainThread:139624799057728> (requestor.py:_fetch_single_async:206 -> middleware.py:apply_async:112) from logger `RFC.middleware_status_code`
[INFO] applying on AudioBookAudioPage(810135).AudioBookAudioFile(810135), received

2024-04-08 16:53:30,777 <requestor-worker-0:1416405, MainThread:139624799057728> (middleware.py:_apply_async:180 -> middleware.py:_apply_sync:169) from logger `RFC.middleware_status_code`
[INFO] status code 200 in response of AudioBookAudioPage(810135).AudioBookAudioFile(810135)

2024-04-08 16:53:30,780 <requestor-worker-0:1416405, MainThread:139624799057728> (requestor.py:_fetch_single_async:206 -> middleware.py:apply_async:115) from logger `RFC.middleware_status_code`
[INFO] applied on AudioBookAudioPage(810135).AudioBookAudioFile(810135), sent

2024-04-08 16:53:32,131 <requestor-worker-0:1416405, MainThread:139624799057728> (requestor.py:_fetch_single_async:206 -> middleware.py:apply_async:112) from logger `RFC.middleware_status_code`
[INFO] applying on AudioBookAudioPage(809982).AudioBookAudioFile(809982), received

2024-04-08 16:53:32,133 <requestor-worker-0:1416405, MainThread:139624799057728> (middleware.py:_apply_async:180 -> middleware.py:_apply_sync:169) from logger `RFC.middleware_status_code`
[INFO] status code 200 in response of AudioBookAudioPage(809982).AudioBookAudioFile(809982)

2024-04-08 16:53:32,136 <requestor-worker-0:1416405, MainThread:139624799057728> (requestor.py:_fetch_single_async:206 -> middleware.py:apply_async:115) from logger `RFC.middleware_status_code`
[INFO] applied on AudioBookAudioPage(809982).AudioBookAudioFile(809982), sent

2024-04-08 16:53:32,857 <requestor-worker-0:1416405, MainThread:139624799057728> (requestor.py:_fetch_single_async:206 -> middleware.py:apply_async:112) from logger `RFC.middleware_status_code`
[INFO] applying on AudioBookAudioPage(809983).AudioBookAudioFile(809983), received

2024-04-08 16:53:32,858 <requestor-worker-0:1416405, MainThread:139624799057728> (middleware.py:_apply_async:180 -> middleware.py:_apply_sync:169) from logger `RFC.middleware_status_code`
[INFO] status code 200 in response of AudioBookAudioPage(809983).AudioBookAudioFile(809983)

2024-04-08 16:53:32,859 <requestor-worker-0:1416405, MainThread:139624799057728> (requestor.py:_fetch_single_async:206 -> middleware.py:apply_async:115) from logger `RFC.middleware_status_code`
[INFO] applied on AudioBookAudioPage(809983).AudioBookAudioFile(809983), sent

2024-04-08 16:53:37,994 <requestor-worker-0:1416405, MainThread:139624799057728> (requestor.py:_fetch_single_async:206 -> middleware.py:apply_async:112) from logger `RFC.middleware_status_code`
[INFO] applying on AudioBookAudioPage(809987).AudioBookAudioFile(809987), received

2024-04-08 16:53:37,995 <requestor-worker-0:1416405, MainThread:139624799057728> (middleware.py:_apply_async:180 -> middleware.py:_apply_sync:169) from logger `RFC.middleware_status_code`
[INFO] status code 200 in response of AudioBookAudioPage(809987).AudioBookAudioFile(809987)

2024-04-08 16:53:37,996 <requestor-worker-0:1416405, MainThread:139624799057728> (requestor.py:_fetch_single_async:206 -> middleware.py:apply_async:115) from logger `RFC.middleware_status_code`
[INFO] applied on AudioBookAudioPage(809987).AudioBookAudioFile(809987), sent

2024-04-08 16:53:46,600 <requestor-worker-0:1416405, MainThread:139624799057728> (requestor.py:_fetch_single_async:206 -> middleware.py:apply_async:112) from logger `RFC.middleware_status_code`
[INFO] applying on AudioBookAudioPage(810070).AudioBookAudioFile(810070), received

2024-04-08 16:53:46,603 <requestor-worker-0:1416405, MainThread:139624799057728> (middleware.py:_apply_async:180 -> middleware.py:_apply_sync:169) from logger `RFC.middleware_status_code`
[INFO] status code 200 in response of AudioBookAudioPage(810070).AudioBookAudioFile(810070)

2024-04-08 16:53:46,605 <requestor-worker-0:1416405, MainThread:139624799057728> (requestor.py:_fetch_single_async:206 -> middleware.py:apply_async:115) from logger `RFC.middleware_status_code`
[INFO] applied on AudioBookAudioPage(810070).AudioBookAudioFile(810070), sent

2024-04-08 16:53:47,271 <requestor-worker-0:1416405, MainThread:139624799057728> (requestor.py:_fetch_single_async:206 -> middleware.py:apply_async:112) from logger `RFC.middleware_status_code`
[INFO] applying on AudioBookAudioPage(809919).AudioBookAudioFile(809919), received

2024-04-08 16:53:47,274 <requestor-worker-0:1416405, MainThread:139624799057728> (middleware.py:_apply_async:180 -> middleware.py:_apply_sync:169) from logger `RFC.middleware_status_code`
[INFO] status code 200 in response of AudioBookAudioPage(809919).AudioBookAudioFile(809919)

2024-04-08 16:53:47,277 <requestor-worker-0:1416405, MainThread:139624799057728> (requestor.py:_fetch_single_async:206 -> middleware.py:apply_async:115) from logger `RFC.middleware_status_code`
[INFO] applied on AudioBookAudioPage(809919).AudioBookAudioFile(809919), sent

2024-04-08 16:53:55,668 <requestor-worker-0:1416405, MainThread:139624799057728> (requestor.py:_fetch_single_async:206 -> middleware.py:apply_async:112) from logger `RFC.middleware_status_code`
[INFO] applying on AudioBookAudioPage(809951).AudioBookAudioFile(809951), received

2024-04-08 16:53:55,671 <requestor-worker-0:1416405, MainThread:139624799057728> (middleware.py:_apply_async:180 -> middleware.py:_apply_sync:169) from logger `RFC.middleware_status_code`
[INFO] status code 200 in response of AudioBookAudioPage(809951).AudioBookAudioFile(809951)

2024-04-08 16:53:55,674 <requestor-worker-0:1416405, MainThread:139624799057728> (requestor.py:_fetch_single_async:206 -> middleware.py:apply_async:115) from logger `RFC.middleware_status_code`
[INFO] applied on AudioBookAudioPage(809951).AudioBookAudioFile(809951), sent

2024-04-08 16:53:57,060 <requestor-worker-0:1416405, MainThread:139624799057728> (requestor.py:_fetch_single_async:206 -> middleware.py:apply_async:112) from logger `RFC.middleware_status_code`
[INFO] applying on AudioBookAudioPage(810081).AudioBookAudioFile(810081), received

2024-04-08 16:53:57,061 <requestor-worker-0:1416405, MainThread:139624799057728> (middleware.py:_apply_async:180 -> middleware.py:_apply_sync:169) from logger `RFC.middleware_status_code`
[INFO] status code 200 in response of AudioBookAudioPage(810081).AudioBookAudioFile(810081)

2024-04-08 16:53:57,063 <requestor-worker-0:1416405, MainThread:139624799057728> (requestor.py:_fetch_single_async:206 -> middleware.py:apply_async:115) from logger `RFC.middleware_status_code`
[INFO] applied on AudioBookAudioPage(810081).AudioBookAudioFile(810081), sent

2024-04-08 16:54:02,210 <requestor-worker-0:1416405, MainThread:139624799057728> (requestor.py:_fetch_single_async:206 -> middleware.py:apply_async:112) from logger `RFC.middleware_status_code`
[INFO] applying on AudioBookAudioPage(809954).AudioBookAudioFile(809954), received

2024-04-08 16:54:02,213 <requestor-worker-0:1416405, MainThread:139624799057728> (middleware.py:_apply_async:180 -> middleware.py:_apply_sync:169) from logger `RFC.middleware_status_code`
[INFO] status code 200 in response of AudioBookAudioPage(809954).AudioBookAudioFile(809954)

2024-04-08 16:54:02,216 <requestor-worker-0:1416405, MainThread:139624799057728> (requestor.py:_fetch_single_async:206 -> middleware.py:apply_async:115) from logger `RFC.middleware_status_code`
[INFO] applied on AudioBookAudioPage(809954).AudioBookAudioFile(809954), sent

2024-04-08 16:54:19,198 <requestor-worker-0:1416405, MainThread:139624799057728> (requestor.py:_fetch_single_async:206 -> middleware.py:apply_async:112) from logger `RFC.middleware_status_code`
[INFO] applying on AudioBookAudioPage(810188).AudioBookAudioFile(810188), received

2024-04-08 16:54:19,201 <requestor-worker-0:1416405, MainThread:139624799057728> (middleware.py:_apply_async:180 -> middleware.py:_apply_sync:169) from logger `RFC.middleware_status_code`
[INFO] status code 200 in response of AudioBookAudioPage(810188).AudioBookAudioFile(810188)

2024-04-08 16:54:19,204 <requestor-worker-0:1416405, MainThread:139624799057728> (requestor.py:_fetch_single_async:206 -> middleware.py:apply_async:115) from logger `RFC.middleware_status_code`
[INFO] applied on AudioBookAudioPage(810188).AudioBookAudioFile(810188), sent

2024-04-08 16:54:23,690 <requestor-worker-0:1416405, MainThread:139624799057728> (requestor.py:_fetch_single_async:206 -> middleware.py:apply_async:112) from logger `RFC.middleware_status_code`
[INFO] applying on AudioBookAudioPage(810196), received

2024-04-08 16:54:23,693 <requestor-worker-0:1416405, MainThread:139624799057728> (middleware.py:_apply_async:180 -> middleware.py:_apply_sync:169) from logger `RFC.middleware_status_code`
[INFO] status code 200 in response of AudioBookAudioPage(810196)

2024-04-08 16:54:23,696 <requestor-worker-0:1416405, MainThread:139624799057728> (requestor.py:_fetch_single_async:206 -> middleware.py:apply_async:115) from logger `RFC.middleware_status_code`
[INFO] applied on AudioBookAudioPage(810196), sent

2024-04-08 16:54:25,582 <requestor-worker-0:1416405, MainThread:139624799057728> (requestor.py:_fetch_single_async:206 -> middleware.py:apply_async:112) from logger `RFC.middleware_status_code`
[INFO] applying on AudioBookAudioPage(810201), received

2024-04-08 16:54:25,585 <requestor-worker-0:1416405, MainThread:139624799057728> (middleware.py:_apply_async:180 -> middleware.py:_apply_sync:169) from logger `RFC.middleware_status_code`
[INFO] status code 200 in response of AudioBookAudioPage(810201)

2024-04-08 16:54:25,588 <requestor-worker-0:1416405, MainThread:139624799057728> (requestor.py:_fetch_single_async:206 -> middleware.py:apply_async:115) from logger `RFC.middleware_status_code`
[INFO] applied on AudioBookAudioPage(810201), sent

2024-04-08 16:54:27,377 <requestor-worker-0:1416405, MainThread:139624799057728> (requestor.py:_fetch_single_async:206 -> middleware.py:apply_async:112) from logger `RFC.middleware_status_code`
[INFO] applying on AudioBookAudioPage(810202), received

2024-04-08 16:54:27,380 <requestor-worker-0:1416405, MainThread:139624799057728> (middleware.py:_apply_async:180 -> middleware.py:_apply_sync:169) from logger `RFC.middleware_status_code`
[INFO] status code 200 in response of AudioBookAudioPage(810202)

2024-04-08 16:54:27,383 <requestor-worker-0:1416405, MainThread:139624799057728> (requestor.py:_fetch_single_async:206 -> middleware.py:apply_async:115) from logger `RFC.middleware_status_code`
[INFO] applied on AudioBookAudioPage(810202), sent

2024-04-08 16:54:31,281 <requestor-worker-0:1416405, MainThread:139624799057728> (requestor.py:_fetch_single_async:206 -> middleware.py:apply_async:112) from logger `RFC.middleware_status_code`
[INFO] applying on AudioBookAudioPage(810200).AudioBookAudioFile(810200), received

2024-04-08 16:54:31,285 <requestor-worker-0:1416405, MainThread:139624799057728> (middleware.py:_apply_async:180 -> middleware.py:_apply_sync:169) from logger `RFC.middleware_status_code`
[INFO] status code 200 in response of AudioBookAudioPage(810200).AudioBookAudioFile(810200)

2024-04-08 16:54:31,287 <requestor-worker-0:1416405, MainThread:139624799057728> (requestor.py:_fetch_single_async:206 -> middleware.py:apply_async:115) from logger `RFC.middleware_status_code`
[INFO] applied on AudioBookAudioPage(810200).AudioBookAudioFile(810200), sent

2024-04-08 16:54:31,543 <requestor-worker-0:1416405, MainThread:139624799057728> (requestor.py:_fetch_single_async:206 -> middleware.py:apply_async:112) from logger `RFC.middleware_status_code`
[INFO] applying on AudioBookAudioPage(810135).AudioBookAudioFile(810135), received

2024-04-08 16:54:31,546 <requestor-worker-0:1416405, MainThread:139624799057728> (middleware.py:_apply_async:180 -> middleware.py:_apply_sync:169) from logger `RFC.middleware_status_code`
[INFO] status code 200 in response of AudioBookAudioPage(810135).AudioBookAudioFile(810135)

2024-04-08 16:54:31,549 <requestor-worker-0:1416405, MainThread:139624799057728> (requestor.py:_fetch_single_async:206 -> middleware.py:apply_async:115) from logger `RFC.middleware_status_code`
[INFO] applied on AudioBookAudioPage(810135).AudioBookAudioFile(810135), sent

2024-04-08 16:54:31,979 <requestor-worker-0:1416405, MainThread:139624799057728> (requestor.py:_fetch_single_async:206 -> middleware.py:apply_async:112) from logger `RFC.middleware_status_code`
[INFO] applying on AudioBookAudioPage(809982).AudioBookAudioFile(809982), received

2024-04-08 16:54:31,984 <requestor-worker-0:1416405, MainThread:139624799057728> (middleware.py:_apply_async:180 -> middleware.py:_apply_sync:169) from logger `RFC.middleware_status_code`
[INFO] status code 200 in response of AudioBookAudioPage(809982).AudioBookAudioFile(809982)

2024-04-08 16:54:31,987 <requestor-worker-0:1416405, MainThread:139624799057728> (requestor.py:_fetch_single_async:206 -> middleware.py:apply_async:115) from logger `RFC.middleware_status_code`
[INFO] applied on AudioBookAudioPage(809982).AudioBookAudioFile(809982), sent

2024-04-08 16:54:33,967 <requestor-worker-0:1416405, MainThread:139624799057728> (requestor.py:_fetch_single_async:206 -> middleware.py:apply_async:112) from logger `RFC.middleware_status_code`
[INFO] applying on AudioBookAudioPage(810129).AudioBookAudioFile(810129), received

2024-04-08 16:54:33,970 <requestor-worker-0:1416405, MainThread:139624799057728> (middleware.py:_apply_async:180 -> middleware.py:_apply_sync:169) from logger `RFC.middleware_status_code`
[INFO] status code 200 in response of AudioBookAudioPage(810129).AudioBookAudioFile(810129)

2024-04-08 16:54:33,973 <requestor-worker-0:1416405, MainThread:139624799057728> (requestor.py:_fetch_single_async:206 -> middleware.py:apply_async:115) from logger `RFC.middleware_status_code`
[INFO] applied on AudioBookAudioPage(810129).AudioBookAudioFile(810129), sent

2024-04-08 16:54:35,599 <requestor-worker-0:1416405, MainThread:139624799057728> (requestor.py:_fetch_single_async:206 -> middleware.py:apply_async:112) from logger `RFC.middleware_status_code`
[INFO] applying on AudioBookAudioPage(809983).AudioBookAudioFile(809983), received

2024-04-08 16:54:35,602 <requestor-worker-0:1416405, MainThread:139624799057728> (middleware.py:_apply_async:180 -> middleware.py:_apply_sync:169) from logger `RFC.middleware_status_code`
[INFO] status code 200 in response of AudioBookAudioPage(809983).AudioBookAudioFile(809983)

2024-04-08 16:54:35,605 <requestor-worker-0:1416405, MainThread:139624799057728> (requestor.py:_fetch_single_async:206 -> middleware.py:apply_async:115) from logger `RFC.middleware_status_code`
[INFO] applied on AudioBookAudioPage(809983).AudioBookAudioFile(809983), sent

2024-04-08 16:54:37,363 <requestor-worker-0:1416405, MainThread:139624799057728> (requestor.py:_fetch_single_async:206 -> middleware.py:apply_async:112) from logger `RFC.middleware_status_code`
[INFO] applying on AudioBookAudioPage(810214), received

2024-04-08 16:54:37,366 <requestor-worker-0:1416405, MainThread:139624799057728> (middleware.py:_apply_async:180 -> middleware.py:_apply_sync:169) from logger `RFC.middleware_status_code`
[INFO] status code 200 in response of AudioBookAudioPage(810214)

2024-04-08 16:54:37,368 <requestor-worker-0:1416405, MainThread:139624799057728> (requestor.py:_fetch_single_async:206 -> middleware.py:apply_async:115) from logger `RFC.middleware_status_code`
[INFO] applied on AudioBookAudioPage(810214), sent

2024-04-08 16:54:37,575 <requestor-worker-0:1416405, MainThread:139624799057728> (requestor.py:_fetch_single_async:206 -> middleware.py:apply_async:112) from logger `RFC.middleware_status_code`
[INFO] applying on AudioBookAudioPage(810190).AudioBookAudioFile(810190), received

2024-04-08 16:54:37,578 <requestor-worker-0:1416405, MainThread:139624799057728> (middleware.py:_apply_async:180 -> middleware.py:_apply_sync:169) from logger `RFC.middleware_status_code`
[INFO] status code 200 in response of AudioBookAudioPage(810190).AudioBookAudioFile(810190)

2024-04-08 16:54:37,581 <requestor-worker-0:1416405, MainThread:139624799057728> (requestor.py:_fetch_single_async:206 -> middleware.py:apply_async:115) from logger `RFC.middleware_status_code`
[INFO] applied on AudioBookAudioPage(810190).AudioBookAudioFile(810190), sent

2024-04-08 16:54:39,591 <requestor-worker-0:1416405, MainThread:139624799057728> (requestor.py:_fetch_single_async:206 -> middleware.py:apply_async:112) from logger `RFC.middleware_status_code`
[INFO] applying on AudioBookAudioPage(809987).AudioBookAudioFile(809987), received

2024-04-08 16:54:39,595 <requestor-worker-0:1416405, MainThread:139624799057728> (middleware.py:_apply_async:180 -> middleware.py:_apply_sync:169) from logger `RFC.middleware_status_code`
[INFO] status code 200 in response of AudioBookAudioPage(809987).AudioBookAudioFile(809987)

2024-04-08 16:54:39,597 <requestor-worker-0:1416405, MainThread:139624799057728> (requestor.py:_fetch_single_async:206 -> middleware.py:apply_async:115) from logger `RFC.middleware_status_code`
[INFO] applied on AudioBookAudioPage(809987).AudioBookAudioFile(809987), sent

2024-04-08 16:54:40,090 <requestor-worker-0:1416405, MainThread:139624799057728> (requestor.py:_fetch_single_async:206 -> middleware.py:apply_async:112) from logger `RFC.middleware_status_code`
[INFO] applying on AudioBookAudioPage(810217), received

2024-04-08 16:54:40,093 <requestor-worker-0:1416405, MainThread:139624799057728> (middleware.py:_apply_async:180 -> middleware.py:_apply_sync:169) from logger `RFC.middleware_status_code`
[INFO] status code 200 in response of AudioBookAudioPage(810217)

2024-04-08 16:54:40,096 <requestor-worker-0:1416405, MainThread:139624799057728> (requestor.py:_fetch_single_async:206 -> middleware.py:apply_async:115) from logger `RFC.middleware_status_code`
[INFO] applied on AudioBookAudioPage(810217), sent

2024-04-08 16:54:42,712 <requestor-worker-0:1416405, MainThread:139624799057728> (requestor.py:_fetch_single_async:206 -> middleware.py:apply_async:112) from logger `RFC.middleware_status_code`
[INFO] applying on AudioBookAudioPage(810219), received

2024-04-08 16:54:42,715 <requestor-worker-0:1416405, MainThread:139624799057728> (middleware.py:_apply_async:180 -> middleware.py:_apply_sync:169) from logger `RFC.middleware_status_code`
[INFO] status code 200 in response of AudioBookAudioPage(810219)

2024-04-08 16:54:42,719 <requestor-worker-0:1416405, MainThread:139624799057728> (requestor.py:_fetch_single_async:206 -> middleware.py:apply_async:115) from logger `RFC.middleware_status_code`
[INFO] applied on AudioBookAudioPage(810219), sent

2024-04-08 16:54:43,866 <requestor-worker-0:1416405, MainThread:139624799057728> (requestor.py:_fetch_single_async:206 -> middleware.py:apply_async:112) from logger `RFC.middleware_status_code`
[INFO] applying on AudioBookAudioPage(810216).AudioBookAudioFile(810216), received

2024-04-08 16:54:43,868 <requestor-worker-0:1416405, MainThread:139624799057728> (middleware.py:_apply_async:180 -> middleware.py:_apply_sync:169) from logger `RFC.middleware_status_code`
[INFO] status code 200 in response of AudioBookAudioPage(810216).AudioBookAudioFile(810216)

2024-04-08 16:54:43,870 <requestor-worker-0:1416405, MainThread:139624799057728> (requestor.py:_fetch_single_async:206 -> middleware.py:apply_async:115) from logger `RFC.middleware_status_code`
[INFO] applied on AudioBookAudioPage(810216).AudioBookAudioFile(810216), sent

2024-04-08 16:54:44,867 <requestor-worker-0:1416405, MainThread:139624799057728> (requestor.py:_fetch_single_async:206 -> middleware.py:apply_async:112) from logger `RFC.middleware_status_code`
[INFO] applying on AudioBookAudioPage(810221), received

2024-04-08 16:54:44,870 <requestor-worker-0:1416405, MainThread:139624799057728> (middleware.py:_apply_async:180 -> middleware.py:_apply_sync:169) from logger `RFC.middleware_status_code`
[INFO] status code 200 in response of AudioBookAudioPage(810221)

2024-04-08 16:54:44,873 <requestor-worker-0:1416405, MainThread:139624799057728> (requestor.py:_fetch_single_async:206 -> middleware.py:apply_async:115) from logger `RFC.middleware_status_code`
[INFO] applied on AudioBookAudioPage(810221), sent

2024-04-08 16:54:46,200 <requestor-worker-0:1416405, MainThread:139624799057728> (requestor.py:_fetch_single_async:206 -> middleware.py:apply_async:112) from logger `RFC.middleware_status_code`
[INFO] applying on AudioBookAudioPage(810223), received

2024-04-08 16:54:46,203 <requestor-worker-0:1416405, MainThread:139624799057728> (middleware.py:_apply_async:180 -> middleware.py:_apply_sync:169) from logger `RFC.middleware_status_code`
[INFO] status code 200 in response of AudioBookAudioPage(810223)

2024-04-08 16:54:46,206 <requestor-worker-0:1416405, MainThread:139624799057728> (requestor.py:_fetch_single_async:206 -> middleware.py:apply_async:115) from logger `RFC.middleware_status_code`
[INFO] applied on AudioBookAudioPage(810223), sent

2024-04-08 16:54:46,286 <requestor-worker-0:1416405, MainThread:139624799057728> (requestor.py:_fetch_single_async:206 -> middleware.py:apply_async:112) from logger `RFC.middleware_status_code`
[INFO] applying on AudioBookAudioPage(810070).AudioBookAudioFile(810070), received

2024-04-08 16:54:46,289 <requestor-worker-0:1416405, MainThread:139624799057728> (middleware.py:_apply_async:180 -> middleware.py:_apply_sync:169) from logger `RFC.middleware_status_code`
[INFO] status code 200 in response of AudioBookAudioPage(810070).AudioBookAudioFile(810070)

2024-04-08 16:54:46,292 <requestor-worker-0:1416405, MainThread:139624799057728> (requestor.py:_fetch_single_async:206 -> middleware.py:apply_async:115) from logger `RFC.middleware_status_code`
[INFO] applied on AudioBookAudioPage(810070).AudioBookAudioFile(810070), sent

2024-04-08 16:54:47,029 <requestor-worker-0:1416405, MainThread:139624799057728> (requestor.py:_fetch_single_async:206 -> middleware.py:apply_async:112) from logger `RFC.middleware_status_code`
[INFO] applying on AudioBookAudioPage(810224), received

2024-04-08 16:54:47,033 <requestor-worker-0:1416405, MainThread:139624799057728> (middleware.py:_apply_async:180 -> middleware.py:_apply_sync:169) from logger `RFC.middleware_status_code`
[INFO] status code 200 in response of AudioBookAudioPage(810224)

2024-04-08 16:54:47,036 <requestor-worker-0:1416405, MainThread:139624799057728> (requestor.py:_fetch_single_async:206 -> middleware.py:apply_async:115) from logger `RFC.middleware_status_code`
[INFO] applied on AudioBookAudioPage(810224), sent

2024-04-08 16:54:48,324 <requestor-worker-0:1416405, MainThread:139624799057728> (requestor.py:_fetch_single_async:206 -> middleware.py:apply_async:112) from logger `RFC.middleware_status_code`
[INFO] applying on AudioBookAudioPage(810225), received

2024-04-08 16:54:48,327 <requestor-worker-0:1416405, MainThread:139624799057728> (middleware.py:_apply_async:180 -> middleware.py:_apply_sync:169) from logger `RFC.middleware_status_code`
[INFO] status code 200 in response of AudioBookAudioPage(810225)

2024-04-08 16:54:48,330 <requestor-worker-0:1416405, MainThread:139624799057728> (requestor.py:_fetch_single_async:206 -> middleware.py:apply_async:115) from logger `RFC.middleware_status_code`
[INFO] applied on AudioBookAudioPage(810225), sent

2024-04-08 16:54:50,503 <requestor-worker-0:1416405, MainThread:139624799057728> (requestor.py:_fetch_single_async:206 -> middleware.py:apply_async:112) from logger `RFC.middleware_status_code`
[INFO] applying on AudioBookAudioPage(810218).AudioBookAudioFile(810218), received

2024-04-08 16:54:50,505 <requestor-worker-0:1416405, MainThread:139624799057728> (middleware.py:_apply_async:180 -> middleware.py:_apply_sync:169) from logger `RFC.middleware_status_code`
[INFO] status code 200 in response of AudioBookAudioPage(810218).AudioBookAudioFile(810218)

2024-04-08 16:54:50,509 <requestor-worker-0:1416405, MainThread:139624799057728> (requestor.py:_fetch_single_async:206 -> middleware.py:apply_async:115) from logger `RFC.middleware_status_code`
[INFO] applied on AudioBookAudioPage(810218).AudioBookAudioFile(810218), sent

2024-04-08 16:54:51,387 <requestor-worker-0:1416405, MainThread:139624799057728> (requestor.py:_fetch_single_async:206 -> middleware.py:apply_async:112) from logger `RFC.middleware_status_code`
[INFO] applying on AudioBookAudioPage(810226), received

2024-04-08 16:54:51,390 <requestor-worker-0:1416405, MainThread:139624799057728> (middleware.py:_apply_async:180 -> middleware.py:_apply_sync:169) from logger `RFC.middleware_status_code`
[INFO] status code 200 in response of AudioBookAudioPage(810226)

2024-04-08 16:54:51,395 <requestor-worker-0:1416405, MainThread:139624799057728> (requestor.py:_fetch_single_async:206 -> middleware.py:apply_async:115) from logger `RFC.middleware_status_code`
[INFO] applied on AudioBookAudioPage(810226), sent

2024-04-08 16:54:53,660 <requestor-worker-0:1416405, MainThread:139624799057728> (requestor.py:_fetch_single_async:206 -> middleware.py:apply_async:112) from logger `RFC.middleware_status_code`
[INFO] applying on AudioBookAudioPage(810231), received

2024-04-08 16:54:53,664 <requestor-worker-0:1416405, MainThread:139624799057728> (requestor.py:_fetch_single_async:206 -> middleware.py:apply_async:119) from logger `RFC.middleware_status_code`
[ERROR] failed on AudioBookAudioPage(810231), caught error ValueError('unexpected status code 404 in response of AudioBookAudioPage(810231)')

2024-04-08 16:54:53,831 <requestor-worker-0:1416405, MainThread:139624799057728> (requestor.py:_fetch_single_async:206 -> middleware.py:apply_async:112) from logger `RFC.middleware_status_code`
[INFO] applying on AudioBookAudioPage(810227).AudioBookAudioFile(810227), received

2024-04-08 16:54:53,835 <requestor-worker-0:1416405, MainThread:139624799057728> (middleware.py:_apply_async:180 -> middleware.py:_apply_sync:169) from logger `RFC.middleware_status_code`
[INFO] status code 200 in response of AudioBookAudioPage(810227).AudioBookAudioFile(810227)

2024-04-08 16:54:53,838 <requestor-worker-0:1416405, MainThread:139624799057728> (requestor.py:_fetch_single_async:206 -> middleware.py:apply_async:115) from logger `RFC.middleware_status_code`
[INFO] applied on AudioBookAudioPage(810227).AudioBookAudioFile(810227), sent

2024-04-08 16:54:54,060 <requestor-worker-0:1416405, MainThread:139624799057728> (requestor.py:_fetch_single_async:206 -> middleware.py:apply_async:112) from logger `RFC.middleware_status_code`
[INFO] applying on AudioBookAudioPage(810234), received

2024-04-08 16:54:54,063 <requestor-worker-0:1416405, MainThread:139624799057728> (requestor.py:_fetch_single_async:206 -> middleware.py:apply_async:119) from logger `RFC.middleware_status_code`
[ERROR] failed on AudioBookAudioPage(810234), caught error ValueError('unexpected status code 404 in response of AudioBookAudioPage(810234)')

2024-04-08 16:54:54,363 <requestor-worker-0:1416405, MainThread:139624799057728> (requestor.py:_fetch_single_async:206 -> middleware.py:apply_async:112) from logger `RFC.middleware_status_code`
[INFO] applying on AudioBookAudioPage(810236), received

2024-04-08 16:54:54,366 <requestor-worker-0:1416405, MainThread:139624799057728> (requestor.py:_fetch_single_async:206 -> middleware.py:apply_async:119) from logger `RFC.middleware_status_code`
[ERROR] failed on AudioBookAudioPage(810236), caught error ValueError('unexpected status code 404 in response of AudioBookAudioPage(810236)')

2024-04-08 16:54:56,743 <requestor-worker-0:1416405, MainThread:139624799057728> (requestor.py:_fetch_single_async:206 -> middleware.py:apply_async:112) from logger `RFC.middleware_status_code`
[INFO] applying on AudioBookAudioPage(810232), received

2024-04-08 16:54:56,745 <requestor-worker-0:1416405, MainThread:139624799057728> (middleware.py:_apply_async:180 -> middleware.py:_apply_sync:169) from logger `RFC.middleware_status_code`
[INFO] status code 200 in response of AudioBookAudioPage(810232)

2024-04-08 16:54:56,747 <requestor-worker-0:1416405, MainThread:139624799057728> (requestor.py:_fetch_single_async:206 -> middleware.py:apply_async:115) from logger `RFC.middleware_status_code`
[INFO] applied on AudioBookAudioPage(810232), sent

2024-04-08 16:55:00,842 <requestor-worker-0:1416405, MainThread:139624799057728> (requestor.py:_fetch_single_async:206 -> middleware.py:apply_async:112) from logger `RFC.middleware_status_code`
[INFO] applying on AudioBookAudioPage(810230).AudioBookAudioFile(810230), received

2024-04-08 16:55:00,846 <requestor-worker-0:1416405, MainThread:139624799057728> (middleware.py:_apply_async:180 -> middleware.py:_apply_sync:169) from logger `RFC.middleware_status_code`
[INFO] status code 200 in response of AudioBookAudioPage(810230).AudioBookAudioFile(810230)

2024-04-08 16:55:00,853 <requestor-worker-0:1416405, MainThread:139624799057728> (requestor.py:_fetch_single_async:206 -> middleware.py:apply_async:115) from logger `RFC.middleware_status_code`
[INFO] applied on AudioBookAudioPage(810230).AudioBookAudioFile(810230), sent

2024-04-08 16:55:01,157 <requestor-worker-0:1416405, MainThread:139624799057728> (requestor.py:_fetch_single_async:206 -> middleware.py:apply_async:112) from logger `RFC.middleware_status_code`
[INFO] applying on AudioBookAudioPage(810233).AudioBookAudioFile(810233), received

2024-04-08 16:55:01,159 <requestor-worker-0:1416405, MainThread:139624799057728> (middleware.py:_apply_async:180 -> middleware.py:_apply_sync:169) from logger `RFC.middleware_status_code`
[INFO] status code 200 in response of AudioBookAudioPage(810233).AudioBookAudioFile(810233)

2024-04-08 16:55:01,162 <requestor-worker-0:1416405, MainThread:139624799057728> (requestor.py:_fetch_single_async:206 -> middleware.py:apply_async:115) from logger `RFC.middleware_status_code`
[INFO] applied on AudioBookAudioPage(810233).AudioBookAudioFile(810233), sent

2024-04-08 16:55:08,430 <requestor-worker-0:1416405, MainThread:139624799057728> (requestor.py:_fetch_single_async:206 -> middleware.py:apply_async:112) from logger `RFC.middleware_status_code`
[INFO] applying on AudioBookAudioPage(810240), received

2024-04-08 16:55:08,431 <requestor-worker-0:1416405, MainThread:139624799057728> (requestor.py:_fetch_single_async:206 -> middleware.py:apply_async:119) from logger `RFC.middleware_status_code`
[ERROR] failed on AudioBookAudioPage(810240), caught error ValueError('unexpected status code 404 in response of AudioBookAudioPage(810240)')

2024-04-08 16:55:08,981 <requestor-worker-0:1416405, MainThread:139624799057728> (requestor.py:_fetch_single_async:206 -> middleware.py:apply_async:112) from logger `RFC.middleware_status_code`
[INFO] applying on AudioBookAudioPage(810246), received

2024-04-08 16:55:08,982 <requestor-worker-0:1416405, MainThread:139624799057728> (requestor.py:_fetch_single_async:206 -> middleware.py:apply_async:119) from logger `RFC.middleware_status_code`
[ERROR] failed on AudioBookAudioPage(810246), caught error ValueError('unexpected status code 404 in response of AudioBookAudioPage(810246)')

2024-04-08 16:55:11,416 <requestor-worker-0:1416405, MainThread:139624799057728> (requestor.py:_fetch_single_async:206 -> middleware.py:apply_async:112) from logger `RFC.middleware_status_code`
[INFO] applying on AudioBookAudioPage(810245).AudioBookAudioFile(810245), received

2024-04-08 16:55:11,419 <requestor-worker-0:1416405, MainThread:139624799057728> (middleware.py:_apply_async:180 -> middleware.py:_apply_sync:169) from logger `RFC.middleware_status_code`
[INFO] status code 200 in response of AudioBookAudioPage(810245).AudioBookAudioFile(810245)

2024-04-08 16:55:11,423 <requestor-worker-0:1416405, MainThread:139624799057728> (requestor.py:_fetch_single_async:206 -> middleware.py:apply_async:115) from logger `RFC.middleware_status_code`
[INFO] applied on AudioBookAudioPage(810245).AudioBookAudioFile(810245), sent

2024-04-08 16:55:12,813 <requestor-worker-0:1416405, MainThread:139624799057728> (requestor.py:_fetch_single_async:206 -> middleware.py:apply_async:112) from logger `RFC.middleware_status_code`
[INFO] applying on AudioBookAudioPage(810247), received

2024-04-08 16:55:12,816 <requestor-worker-0:1416405, MainThread:139624799057728> (requestor.py:_fetch_single_async:206 -> middleware.py:apply_async:119) from logger `RFC.middleware_status_code`
[ERROR] failed on AudioBookAudioPage(810247), caught error ValueError('unexpected status code 404 in response of AudioBookAudioPage(810247)')

2024-04-08 16:55:16,557 <requestor-worker-0:1416405, MainThread:139624799057728> (requestor.py:_fetch_single_async:206 -> middleware.py:apply_async:112) from logger `RFC.middleware_status_code`
[INFO] applying on AudioBookAudioPage(810254), received

2024-04-08 16:55:16,563 <requestor-worker-0:1416405, MainThread:139624799057728> (requestor.py:_fetch_single_async:206 -> middleware.py:apply_async:119) from logger `RFC.middleware_status_code`
[ERROR] failed on AudioBookAudioPage(810254), caught error ValueError('unexpected status code 404 in response of AudioBookAudioPage(810254)')

2024-04-08 16:55:16,592 <requestor-worker-0:1416405, MainThread:139624799057728> (requestor.py:_fetch_single_async:206 -> middleware.py:apply_async:112) from logger `RFC.middleware_status_code`
[INFO] applying on AudioBookAudioPage(810257), received

2024-04-08 16:55:16,596 <requestor-worker-0:1416405, MainThread:139624799057728> (requestor.py:_fetch_single_async:206 -> middleware.py:apply_async:119) from logger `RFC.middleware_status_code`
[ERROR] failed on AudioBookAudioPage(810257), caught error ValueError('unexpected status code 404 in response of AudioBookAudioPage(810257)')

2024-04-08 16:55:18,073 <requestor-worker-0:1416405, MainThread:139624799057728> (requestor.py:_fetch_single_async:206 -> middleware.py:apply_async:112) from logger `RFC.middleware_status_code`
[INFO] applying on AudioBookAudioPage(810260), received

2024-04-08 16:55:18,075 <requestor-worker-0:1416405, MainThread:139624799057728> (middleware.py:_apply_async:180 -> middleware.py:_apply_sync:169) from logger `RFC.middleware_status_code`
[INFO] status code 200 in response of AudioBookAudioPage(810260)

2024-04-08 16:55:18,077 <requestor-worker-0:1416405, MainThread:139624799057728> (requestor.py:_fetch_single_async:206 -> middleware.py:apply_async:115) from logger `RFC.middleware_status_code`
[INFO] applied on AudioBookAudioPage(810260), sent

2024-04-08 16:55:18,658 <requestor-worker-0:1416405, MainThread:139624799057728> (requestor.py:_fetch_single_async:206 -> middleware.py:apply_async:112) from logger `RFC.middleware_status_code`
[INFO] applying on AudioBookAudioPage(810259), received

2024-04-08 16:55:18,661 <requestor-worker-0:1416405, MainThread:139624799057728> (middleware.py:_apply_async:180 -> middleware.py:_apply_sync:169) from logger `RFC.middleware_status_code`
[INFO] status code 200 in response of AudioBookAudioPage(810259)

2024-04-08 16:55:18,664 <requestor-worker-0:1416405, MainThread:139624799057728> (requestor.py:_fetch_single_async:206 -> middleware.py:apply_async:115) from logger `RFC.middleware_status_code`
[INFO] applied on AudioBookAudioPage(810259), sent

2024-04-08 16:55:20,543 <requestor-worker-0:1416405, MainThread:139624799057728> (requestor.py:_fetch_single_async:206 -> middleware.py:apply_async:112) from logger `RFC.middleware_status_code`
[INFO] applying on AudioBookAudioPage(810262), received

2024-04-08 16:55:20,546 <requestor-worker-0:1416405, MainThread:139624799057728> (requestor.py:_fetch_single_async:206 -> middleware.py:apply_async:119) from logger `RFC.middleware_status_code`
[ERROR] failed on AudioBookAudioPage(810262), caught error ValueError('unexpected status code 404 in response of AudioBookAudioPage(810262)')

2024-04-08 16:55:22,034 <requestor-worker-0:1416405, MainThread:139624799057728> (requestor.py:_fetch_single_async:206 -> middleware.py:apply_async:112) from logger `RFC.middleware_status_code`
[INFO] applying on AudioBookAudioPage(810260).AudioBookAudioFile(810260), received

2024-04-08 16:55:22,038 <requestor-worker-0:1416405, MainThread:139624799057728> (middleware.py:_apply_async:180 -> middleware.py:_apply_sync:169) from logger `RFC.middleware_status_code`
[INFO] status code 200 in response of AudioBookAudioPage(810260).AudioBookAudioFile(810260)

2024-04-08 16:55:22,041 <requestor-worker-0:1416405, MainThread:139624799057728> (requestor.py:_fetch_single_async:206 -> middleware.py:apply_async:115) from logger `RFC.middleware_status_code`
[INFO] applied on AudioBookAudioPage(810260).AudioBookAudioFile(810260), sent

2024-04-08 16:55:25,098 <requestor-worker-0:1416405, MainThread:139624799057728> (requestor.py:_fetch_single_async:206 -> middleware.py:apply_async:112) from logger `RFC.middleware_status_code`
[INFO] applying on AudioBookAudioPage(810253).AudioBookAudioFile(810253), received

2024-04-08 16:55:25,104 <requestor-worker-0:1416405, MainThread:139624799057728> (middleware.py:_apply_async:180 -> middleware.py:_apply_sync:169) from logger `RFC.middleware_status_code`
[INFO] status code 200 in response of AudioBookAudioPage(810253).AudioBookAudioFile(810253)

2024-04-08 16:55:25,107 <requestor-worker-0:1416405, MainThread:139624799057728> (requestor.py:_fetch_single_async:206 -> middleware.py:apply_async:115) from logger `RFC.middleware_status_code`
[INFO] applied on AudioBookAudioPage(810253).AudioBookAudioFile(810253), sent

2024-04-08 16:55:25,547 <requestor-worker-0:1416405, MainThread:139624799057728> (requestor.py:_fetch_single_async:206 -> middleware.py:apply_async:112) from logger `RFC.middleware_status_code`
[INFO] applying on AudioBookAudioPage(810263), received

2024-04-08 16:55:25,550 <requestor-worker-0:1416405, MainThread:139624799057728> (middleware.py:_apply_async:180 -> middleware.py:_apply_sync:169) from logger `RFC.middleware_status_code`
[INFO] status code 200 in response of AudioBookAudioPage(810263)

2024-04-08 16:55:25,552 <requestor-worker-0:1416405, MainThread:139624799057728> (requestor.py:_fetch_single_async:206 -> middleware.py:apply_async:115) from logger `RFC.middleware_status_code`
[INFO] applied on AudioBookAudioPage(810263), sent

2024-04-08 16:55:27,392 <requestor-worker-0:1416405, MainThread:139624799057728> (requestor.py:_fetch_single_async:206 -> middleware.py:apply_async:112) from logger `RFC.middleware_status_code`
[INFO] applying on AudioBookAudioPage(810265), received

2024-04-08 16:55:27,401 <requestor-worker-0:1416405, MainThread:139624799057728> (requestor.py:_fetch_single_async:206 -> middleware.py:apply_async:119) from logger `RFC.middleware_status_code`
[ERROR] failed on AudioBookAudioPage(810265), caught error ValueError('unexpected status code 404 in response of AudioBookAudioPage(810265)')

2024-04-08 16:55:28,026 <requestor-worker-0:1416405, MainThread:139624799057728> (requestor.py:_fetch_single_async:206 -> middleware.py:apply_async:112) from logger `RFC.middleware_status_code`
[INFO] applying on AudioBookAudioPage(810267), received

2024-04-08 16:55:28,027 <requestor-worker-0:1416405, MainThread:139624799057728> (requestor.py:_fetch_single_async:206 -> middleware.py:apply_async:119) from logger `RFC.middleware_status_code`
[ERROR] failed on AudioBookAudioPage(810267), caught error ValueError('unexpected status code 404 in response of AudioBookAudioPage(810267)')

2024-04-08 16:55:28,958 <requestor-worker-0:1416405, MainThread:139624799057728> (requestor.py:_fetch_single_async:206 -> middleware.py:apply_async:112) from logger `RFC.middleware_status_code`
[INFO] applying on AudioBookAudioPage(810263).AudioBookAudioFile(810263), received

2024-04-08 16:55:28,961 <requestor-worker-0:1416405, MainThread:139624799057728> (middleware.py:_apply_async:180 -> middleware.py:_apply_sync:169) from logger `RFC.middleware_status_code`
[INFO] status code 200 in response of AudioBookAudioPage(810263).AudioBookAudioFile(810263)

2024-04-08 16:55:28,964 <requestor-worker-0:1416405, MainThread:139624799057728> (requestor.py:_fetch_single_async:206 -> middleware.py:apply_async:115) from logger `RFC.middleware_status_code`
[INFO] applied on AudioBookAudioPage(810263).AudioBookAudioFile(810263), sent

2024-04-08 16:55:30,587 <requestor-worker-0:1416405, MainThread:139624799057728> (requestor.py:_fetch_single_async:206 -> middleware.py:apply_async:112) from logger `RFC.middleware_status_code`
[INFO] applying on AudioBookAudioPage(810129).AudioBookAudioFile(810129), received

2024-04-08 16:55:30,590 <requestor-worker-0:1416405, MainThread:139624799057728> (middleware.py:_apply_async:180 -> middleware.py:_apply_sync:169) from logger `RFC.middleware_status_code`
[INFO] status code 200 in response of AudioBookAudioPage(810129).AudioBookAudioFile(810129)

2024-04-08 16:55:30,592 <requestor-worker-0:1416405, MainThread:139624799057728> (requestor.py:_fetch_single_async:206 -> middleware.py:apply_async:115) from logger `RFC.middleware_status_code`
[INFO] applied on AudioBookAudioPage(810129).AudioBookAudioFile(810129), sent

2024-04-08 16:55:31,904 <requestor-worker-0:1416405, MainThread:139624799057728> (requestor.py:_fetch_single_async:206 -> middleware.py:apply_async:112) from logger `RFC.middleware_status_code`
[INFO] applying on AudioBookAudioPage(810272), received

2024-04-08 16:55:31,907 <requestor-worker-0:1416405, MainThread:139624799057728> (middleware.py:_apply_async:180 -> middleware.py:_apply_sync:169) from logger `RFC.middleware_status_code`
[INFO] status code 200 in response of AudioBookAudioPage(810272)

2024-04-08 16:55:31,910 <requestor-worker-0:1416405, MainThread:139624799057728> (requestor.py:_fetch_single_async:206 -> middleware.py:apply_async:115) from logger `RFC.middleware_status_code`
[INFO] applied on AudioBookAudioPage(810272), sent

2024-04-08 16:55:53,570 <requestor-worker-0:1416405, MainThread:139624799057728> (requestor.py:_fetch_single_async:206 -> middleware.py:apply_async:112) from logger `RFC.middleware_status_code`
[INFO] applying on AudioBookAudioPage(810190).AudioBookAudioFile(810190), received

2024-04-08 16:55:53,574 <requestor-worker-0:1416405, MainThread:139624799057728> (middleware.py:_apply_async:180 -> middleware.py:_apply_sync:169) from logger `RFC.middleware_status_code`
[INFO] status code 200 in response of AudioBookAudioPage(810190).AudioBookAudioFile(810190)

2024-04-08 16:55:53,577 <requestor-worker-0:1416405, MainThread:139624799057728> (requestor.py:_fetch_single_async:206 -> middleware.py:apply_async:115) from logger `RFC.middleware_status_code`
[INFO] applied on AudioBookAudioPage(810190).AudioBookAudioFile(810190), sent

2024-04-08 16:55:53,937 <requestor-worker-0:1416405, MainThread:139624799057728> (requestor.py:_fetch_single_async:206 -> middleware.py:apply_async:112) from logger `RFC.middleware_status_code`
[INFO] applying on AudioBookAudioPage(810292), received

2024-04-08 16:55:53,940 <requestor-worker-0:1416405, MainThread:139624799057728> (requestor.py:_fetch_single_async:206 -> middleware.py:apply_async:119) from logger `RFC.middleware_status_code`
[ERROR] failed on AudioBookAudioPage(810292), caught error ValueError('unexpected status code 404 in response of AudioBookAudioPage(810292)')

2024-04-08 16:55:54,162 <requestor-worker-0:1416405, MainThread:139624799057728> (requestor.py:_fetch_single_async:206 -> middleware.py:apply_async:112) from logger `RFC.middleware_status_code`
[INFO] applying on AudioBookAudioPage(810216).AudioBookAudioFile(810216), received

2024-04-08 16:55:54,165 <requestor-worker-0:1416405, MainThread:139624799057728> (middleware.py:_apply_async:180 -> middleware.py:_apply_sync:169) from logger `RFC.middleware_status_code`
[INFO] status code 200 in response of AudioBookAudioPage(810216).AudioBookAudioFile(810216)

2024-04-08 16:55:54,168 <requestor-worker-0:1416405, MainThread:139624799057728> (requestor.py:_fetch_single_async:206 -> middleware.py:apply_async:115) from logger `RFC.middleware_status_code`
[INFO] applied on AudioBookAudioPage(810216).AudioBookAudioFile(810216), sent

2024-04-08 16:55:54,196 <requestor-worker-0:1416405, MainThread:139624799057728> (requestor.py:_fetch_single_async:206 -> middleware.py:apply_async:112) from logger `RFC.middleware_status_code`
[INFO] applying on AudioBookAudioPage(810295), received

2024-04-08 16:55:54,197 <requestor-worker-0:1416405, MainThread:139624799057728> (requestor.py:_fetch_single_async:206 -> middleware.py:apply_async:119) from logger `RFC.middleware_status_code`
[ERROR] failed on AudioBookAudioPage(810295), caught error ValueError('unexpected status code 404 in response of AudioBookAudioPage(810295)')

2024-04-08 16:55:54,364 <requestor-worker-0:1416405, MainThread:139624799057728> (requestor.py:_fetch_single_async:206 -> middleware.py:apply_async:112) from logger `RFC.middleware_status_code`
[INFO] applying on AudioBookAudioPage(810281), received

2024-04-08 16:55:54,367 <requestor-worker-0:1416405, MainThread:139624799057728> (middleware.py:_apply_async:180 -> middleware.py:_apply_sync:169) from logger `RFC.middleware_status_code`
[INFO] status code 200 in response of AudioBookAudioPage(810281)

2024-04-08 16:55:54,372 <requestor-worker-0:1416405, MainThread:139624799057728> (requestor.py:_fetch_single_async:206 -> middleware.py:apply_async:115) from logger `RFC.middleware_status_code`
[INFO] applied on AudioBookAudioPage(810281), sent

2024-04-08 16:55:55,183 <requestor-worker-0:1416405, MainThread:139624799057728> (requestor.py:_fetch_single_async:206 -> middleware.py:apply_async:112) from logger `RFC.middleware_status_code`
[INFO] applying on AudioBookAudioPage(810290), received

2024-04-08 16:55:55,185 <requestor-worker-0:1416405, MainThread:139624799057728> (middleware.py:_apply_async:180 -> middleware.py:_apply_sync:169) from logger `RFC.middleware_status_code`
[INFO] status code 200 in response of AudioBookAudioPage(810290)

2024-04-08 16:55:55,186 <requestor-worker-0:1416405, MainThread:139624799057728> (requestor.py:_fetch_single_async:206 -> middleware.py:apply_async:115) from logger `RFC.middleware_status_code`
[INFO] applied on AudioBookAudioPage(810290), sent

2024-04-08 16:55:55,309 <requestor-worker-0:1416405, MainThread:139624799057728> (requestor.py:_fetch_single_async:206 -> middleware.py:apply_async:112) from logger `RFC.middleware_status_code`
[INFO] applying on AudioBookAudioPage(810135).AudioBookAudioFile(810135), received

2024-04-08 16:55:55,312 <requestor-worker-0:1416405, MainThread:139624799057728> (middleware.py:_apply_async:180 -> middleware.py:_apply_sync:169) from logger `RFC.middleware_status_code`
[INFO] status code 200 in response of AudioBookAudioPage(810135).AudioBookAudioFile(810135)

2024-04-08 16:55:55,314 <requestor-worker-0:1416405, MainThread:139624799057728> (requestor.py:_fetch_single_async:206 -> middleware.py:apply_async:115) from logger `RFC.middleware_status_code`
[INFO] applied on AudioBookAudioPage(810135).AudioBookAudioFile(810135), sent

2024-04-08 16:55:55,325 <requestor-worker-0:1416405, MainThread:139624799057728> (requestor.py:_fetch_single_async:206 -> middleware.py:apply_async:112) from logger `RFC.middleware_status_code`
[INFO] applying on AudioBookAudioPage(810291), received

2024-04-08 16:55:55,327 <requestor-worker-0:1416405, MainThread:139624799057728> (middleware.py:_apply_async:180 -> middleware.py:_apply_sync:169) from logger `RFC.middleware_status_code`
[INFO] status code 200 in response of AudioBookAudioPage(810291)

2024-04-08 16:55:55,328 <requestor-worker-0:1416405, MainThread:139624799057728> (requestor.py:_fetch_single_async:206 -> middleware.py:apply_async:115) from logger `RFC.middleware_status_code`
[INFO] applied on AudioBookAudioPage(810291), sent

2024-04-08 16:55:55,334 <requestor-worker-0:1416405, MainThread:139624799057728> (requestor.py:_fetch_single_async:206 -> middleware.py:apply_async:112) from logger `RFC.middleware_status_code`
[INFO] applying on AudioBookAudioPage(810287), received

2024-04-08 16:55:55,335 <requestor-worker-0:1416405, MainThread:139624799057728> (middleware.py:_apply_async:180 -> middleware.py:_apply_sync:169) from logger `RFC.middleware_status_code`
[INFO] status code 200 in response of AudioBookAudioPage(810287)

2024-04-08 16:55:55,335 <requestor-worker-0:1416405, MainThread:139624799057728> (requestor.py:_fetch_single_async:206 -> middleware.py:apply_async:115) from logger `RFC.middleware_status_code`
[INFO] applied on AudioBookAudioPage(810287), sent

2024-04-08 16:55:55,347 <requestor-worker-0:1416405, MainThread:139624799057728> (requestor.py:_fetch_single_async:206 -> middleware.py:apply_async:112) from logger `RFC.middleware_status_code`
[INFO] applying on AudioBookAudioPage(810296), received

2024-04-08 16:55:55,348 <requestor-worker-0:1416405, MainThread:139624799057728> (middleware.py:_apply_async:180 -> middleware.py:_apply_sync:169) from logger `RFC.middleware_status_code`
[INFO] status code 200 in response of AudioBookAudioPage(810296)

2024-04-08 16:55:55,349 <requestor-worker-0:1416405, MainThread:139624799057728> (requestor.py:_fetch_single_async:206 -> middleware.py:apply_async:115) from logger `RFC.middleware_status_code`
[INFO] applied on AudioBookAudioPage(810296), sent

2024-04-08 16:55:58,531 <requestor-worker-0:1416405, MainThread:139624799057728> (requestor.py:_fetch_single_async:206 -> middleware.py:apply_async:112) from logger `RFC.middleware_status_code`
[INFO] applying on AudioBookAudioPage(810290).AudioBookAudioFile(810290), received

2024-04-08 16:55:58,533 <requestor-worker-0:1416405, MainThread:139624799057728> (middleware.py:_apply_async:180 -> middleware.py:_apply_sync:169) from logger `RFC.middleware_status_code`
[INFO] status code 200 in response of AudioBookAudioPage(810290).AudioBookAudioFile(810290)

2024-04-08 16:55:58,535 <requestor-worker-0:1416405, MainThread:139624799057728> (requestor.py:_fetch_single_async:206 -> middleware.py:apply_async:115) from logger `RFC.middleware_status_code`
[INFO] applied on AudioBookAudioPage(810290).AudioBookAudioFile(810290), sent

2024-04-08 16:55:58,595 <requestor-worker-0:1416405, MainThread:139624799057728> (requestor.py:_fetch_single_async:206 -> middleware.py:apply_async:112) from logger `RFC.middleware_status_code`
[INFO] applying on AudioBookAudioPage(810294).AudioBookAudioFile(810294), received

2024-04-08 16:55:58,597 <requestor-worker-0:1416405, MainThread:139624799057728> (middleware.py:_apply_async:180 -> middleware.py:_apply_sync:169) from logger `RFC.middleware_status_code`
[INFO] status code 200 in response of AudioBookAudioPage(810294).AudioBookAudioFile(810294)

2024-04-08 16:55:58,598 <requestor-worker-0:1416405, MainThread:139624799057728> (requestor.py:_fetch_single_async:206 -> middleware.py:apply_async:115) from logger `RFC.middleware_status_code`
[INFO] applied on AudioBookAudioPage(810294).AudioBookAudioFile(810294), sent

2024-04-08 16:55:58,733 <requestor-worker-0:1416405, MainThread:139624799057728> (requestor.py:_fetch_single_async:206 -> middleware.py:apply_async:112) from logger `RFC.middleware_status_code`
[INFO] applying on AudioBookAudioPage(810296).AudioBookAudioFile(810296), received

2024-04-08 16:55:58,736 <requestor-worker-0:1416405, MainThread:139624799057728> (middleware.py:_apply_async:180 -> middleware.py:_apply_sync:169) from logger `RFC.middleware_status_code`
[INFO] status code 200 in response of AudioBookAudioPage(810296).AudioBookAudioFile(810296)

2024-04-08 16:55:58,739 <requestor-worker-0:1416405, MainThread:139624799057728> (requestor.py:_fetch_single_async:206 -> middleware.py:apply_async:115) from logger `RFC.middleware_status_code`
[INFO] applied on AudioBookAudioPage(810296).AudioBookAudioFile(810296), sent

2024-04-08 16:55:58,748 <requestor-worker-0:1416405, MainThread:139624799057728> (requestor.py:_fetch_single_async:206 -> middleware.py:apply_async:112) from logger `RFC.middleware_status_code`
[INFO] applying on AudioBookAudioPage(810285).AudioBookAudioFile(810285), received

2024-04-08 16:55:58,756 <requestor-worker-0:1416405, MainThread:139624799057728> (middleware.py:_apply_async:180 -> middleware.py:_apply_sync:169) from logger `RFC.middleware_status_code`
[INFO] status code 200 in response of AudioBookAudioPage(810285).AudioBookAudioFile(810285)

2024-04-08 16:55:58,757 <requestor-worker-0:1416405, MainThread:139624799057728> (requestor.py:_fetch_single_async:206 -> middleware.py:apply_async:115) from logger `RFC.middleware_status_code`
[INFO] applied on AudioBookAudioPage(810285).AudioBookAudioFile(810285), sent

2024-04-08 16:55:58,940 <requestor-worker-0:1416405, MainThread:139624799057728> (requestor.py:_fetch_single_async:206 -> middleware.py:apply_async:112) from logger `RFC.middleware_status_code`
[INFO] applying on AudioBookAudioPage(810291).AudioBookAudioFile(810291), received

2024-04-08 16:55:58,943 <requestor-worker-0:1416405, MainThread:139624799057728> (middleware.py:_apply_async:180 -> middleware.py:_apply_sync:169) from logger `RFC.middleware_status_code`
[INFO] status code 200 in response of AudioBookAudioPage(810291).AudioBookAudioFile(810291)

2024-04-08 16:55:58,946 <requestor-worker-0:1416405, MainThread:139624799057728> (requestor.py:_fetch_single_async:206 -> middleware.py:apply_async:115) from logger `RFC.middleware_status_code`
[INFO] applied on AudioBookAudioPage(810291).AudioBookAudioFile(810291), sent

2024-04-08 16:56:09,340 <requestor-worker-0:1416405, MainThread:139624799057728> (requestor.py:_fetch_single_async:206 -> middleware.py:apply_async:112) from logger `RFC.middleware_status_code`
[INFO] applying on AudioBookAudioPage(810313), received

2024-04-08 16:56:09,343 <requestor-worker-0:1416405, MainThread:139624799057728> (requestor.py:_fetch_single_async:206 -> middleware.py:apply_async:119) from logger `RFC.middleware_status_code`
[ERROR] failed on AudioBookAudioPage(810313), caught error ValueError('unexpected status code 404 in response of AudioBookAudioPage(810313)')

2024-04-08 16:56:10,429 <requestor-worker-0:1416405, MainThread:139624799057728> (requestor.py:_fetch_single_async:206 -> middleware.py:apply_async:112) from logger `RFC.middleware_status_code`
[INFO] applying on AudioBookAudioPage(810316), received

2024-04-08 16:56:10,432 <requestor-worker-0:1416405, MainThread:139624799057728> (requestor.py:_fetch_single_async:206 -> middleware.py:apply_async:119) from logger `RFC.middleware_status_code`
[ERROR] failed on AudioBookAudioPage(810316), caught error ValueError('unexpected status code 404 in response of AudioBookAudioPage(810316)')

2024-04-08 16:56:12,358 <requestor-worker-0:1416405, MainThread:139624799057728> (requestor.py:_fetch_single_async:206 -> middleware.py:apply_async:112) from logger `RFC.middleware_status_code`
[INFO] applying on AudioBookAudioPage(810319), received

2024-04-08 16:56:12,361 <requestor-worker-0:1416405, MainThread:139624799057728> (middleware.py:_apply_async:180 -> middleware.py:_apply_sync:169) from logger `RFC.middleware_status_code`
[INFO] status code 200 in response of AudioBookAudioPage(810319)

2024-04-08 16:56:12,363 <requestor-worker-0:1416405, MainThread:139624799057728> (requestor.py:_fetch_single_async:206 -> middleware.py:apply_async:115) from logger `RFC.middleware_status_code`
[INFO] applied on AudioBookAudioPage(810319), sent

2024-04-08 16:56:16,036 <requestor-worker-0:1416405, MainThread:139624799057728> (requestor.py:_fetch_single_async:206 -> middleware.py:apply_async:112) from logger `RFC.middleware_status_code`
[INFO] applying on AudioBookAudioPage(810321).AudioBookAudioFile(810321), received

2024-04-08 16:56:16,040 <requestor-worker-0:1416405, MainThread:139624799057728> (middleware.py:_apply_async:180 -> middleware.py:_apply_sync:169) from logger `RFC.middleware_status_code`
[INFO] status code 200 in response of AudioBookAudioPage(810321).AudioBookAudioFile(810321)

2024-04-08 16:56:16,042 <requestor-worker-0:1416405, MainThread:139624799057728> (requestor.py:_fetch_single_async:206 -> middleware.py:apply_async:115) from logger `RFC.middleware_status_code`
[INFO] applied on AudioBookAudioPage(810321).AudioBookAudioFile(810321), sent

2024-04-08 16:56:32,806 <requestor-worker-0:1416405, MainThread:139624799057728> (requestor.py:_fetch_single_async:206 -> middleware.py:apply_async:112) from logger `RFC.middleware_status_code`
[INFO] applying on AudioBookAudioPage(810253).AudioBookAudioFile(810253), received

2024-04-08 16:56:32,808 <requestor-worker-0:1416405, MainThread:139624799057728> (middleware.py:_apply_async:180 -> middleware.py:_apply_sync:169) from logger `RFC.middleware_status_code`
[INFO] status code 200 in response of AudioBookAudioPage(810253).AudioBookAudioFile(810253)

2024-04-08 16:56:32,809 <requestor-worker-0:1416405, MainThread:139624799057728> (requestor.py:_fetch_single_async:206 -> middleware.py:apply_async:115) from logger `RFC.middleware_status_code`
[INFO] applied on AudioBookAudioPage(810253).AudioBookAudioFile(810253), sent

2024-04-08 16:56:34,248 <requestor-worker-0:1416405, MainThread:139624799057728> (requestor.py:_fetch_single_async:206 -> middleware.py:apply_async:112) from logger `RFC.middleware_status_code`
[INFO] applying on AudioBookAudioPage(810260).AudioBookAudioFile(810260), received

2024-04-08 16:56:34,251 <requestor-worker-0:1416405, MainThread:139624799057728> (middleware.py:_apply_async:180 -> middleware.py:_apply_sync:169) from logger `RFC.middleware_status_code`
[INFO] status code 200 in response of AudioBookAudioPage(810260).AudioBookAudioFile(810260)

2024-04-08 16:56:34,261 <requestor-worker-0:1416405, MainThread:139624799057728> (requestor.py:_fetch_single_async:206 -> middleware.py:apply_async:115) from logger `RFC.middleware_status_code`
[INFO] applied on AudioBookAudioPage(810260).AudioBookAudioFile(810260), sent

2024-04-08 16:56:34,729 <requestor-worker-0:1416405, MainThread:139624799057728> (requestor.py:_fetch_single_async:206 -> middleware.py:apply_async:112) from logger `RFC.middleware_status_code`
[INFO] applying on AudioBookAudioPage(810337), received

2024-04-08 16:56:34,733 <requestor-worker-0:1416405, MainThread:139624799057728> (middleware.py:_apply_async:180 -> middleware.py:_apply_sync:169) from logger `RFC.middleware_status_code`
[INFO] status code 200 in response of AudioBookAudioPage(810337)

2024-04-08 16:56:34,736 <requestor-worker-0:1416405, MainThread:139624799057728> (requestor.py:_fetch_single_async:206 -> middleware.py:apply_async:115) from logger `RFC.middleware_status_code`
[INFO] applied on AudioBookAudioPage(810337), sent

2024-04-08 16:56:41,134 <requestor-worker-0:1416405, MainThread:139624799057728> (requestor.py:_fetch_single_async:206 -> middleware.py:apply_async:112) from logger `RFC.middleware_status_code`
[INFO] applying on AudioBookAudioPage(810340), received

2024-04-08 16:56:41,136 <requestor-worker-0:1416405, MainThread:139624799057728> (requestor.py:_fetch_single_async:206 -> middleware.py:apply_async:119) from logger `RFC.middleware_status_code`
[ERROR] failed on AudioBookAudioPage(810340), caught error ValueError('unexpected status code 404 in response of AudioBookAudioPage(810340)')

2024-04-08 16:56:41,176 <requestor-worker-0:1416405, MainThread:139624799057728> (requestor.py:_fetch_single_async:206 -> middleware.py:apply_async:112) from logger `RFC.middleware_status_code`
[INFO] applying on AudioBookAudioPage(810339), received

2024-04-08 16:56:41,178 <requestor-worker-0:1416405, MainThread:139624799057728> (middleware.py:_apply_async:180 -> middleware.py:_apply_sync:169) from logger `RFC.middleware_status_code`
[INFO] status code 200 in response of AudioBookAudioPage(810339)

2024-04-08 16:56:41,180 <requestor-worker-0:1416405, MainThread:139624799057728> (requestor.py:_fetch_single_async:206 -> middleware.py:apply_async:115) from logger `RFC.middleware_status_code`
[INFO] applied on AudioBookAudioPage(810339), sent

2024-04-08 16:56:43,868 <requestor-worker-0:1416405, MainThread:139624799057728> (requestor.py:_fetch_single_async:206 -> middleware.py:apply_async:112) from logger `RFC.middleware_status_code`
[INFO] applying on AudioBookAudioPage(810665).AudioBookAudioFile(810665), received

2024-04-08 16:56:43,871 <requestor-worker-0:1416405, MainThread:139624799057728> (middleware.py:_apply_async:180 -> middleware.py:_apply_sync:169) from logger `RFC.middleware_status_code`
[INFO] status code 200 in response of AudioBookAudioPage(810665).AudioBookAudioFile(810665)

2024-04-08 16:56:43,874 <requestor-worker-0:1416405, MainThread:139624799057728> (requestor.py:_fetch_single_async:206 -> middleware.py:apply_async:115) from logger `RFC.middleware_status_code`
[INFO] applied on AudioBookAudioPage(810665).AudioBookAudioFile(810665), sent

2024-04-08 16:56:44,191 <requestor-worker-0:1416405, MainThread:139624799057728> (requestor.py:_fetch_single_async:206 -> middleware.py:apply_async:112) from logger `RFC.middleware_status_code`
[INFO] applying on AudioBookAudioPage(810342).AudioBookAudioFile(810342), received

2024-04-08 16:56:44,194 <requestor-worker-0:1416405, MainThread:139624799057728> (middleware.py:_apply_async:180 -> middleware.py:_apply_sync:169) from logger `RFC.middleware_status_code`
[INFO] status code 200 in response of AudioBookAudioPage(810342).AudioBookAudioFile(810342)

2024-04-08 16:56:44,198 <requestor-worker-0:1416405, MainThread:139624799057728> (requestor.py:_fetch_single_async:206 -> middleware.py:apply_async:115) from logger `RFC.middleware_status_code`
[INFO] applied on AudioBookAudioPage(810342).AudioBookAudioFile(810342), sent

2024-04-08 16:56:44,328 <requestor-worker-0:1416405, MainThread:139624799057728> (requestor.py:_fetch_single_async:206 -> middleware.py:apply_async:112) from logger `RFC.middleware_status_code`
[INFO] applying on AudioBookAudioPage(810337).AudioBookAudioFile(810337), received

2024-04-08 16:56:44,331 <requestor-worker-0:1416405, MainThread:139624799057728> (middleware.py:_apply_async:180 -> middleware.py:_apply_sync:169) from logger `RFC.middleware_status_code`
[INFO] status code 200 in response of AudioBookAudioPage(810337).AudioBookAudioFile(810337)

2024-04-08 16:56:44,334 <requestor-worker-0:1416405, MainThread:139624799057728> (requestor.py:_fetch_single_async:206 -> middleware.py:apply_async:115) from logger `RFC.middleware_status_code`
[INFO] applied on AudioBookAudioPage(810337).AudioBookAudioFile(810337), sent

2024-04-08 16:56:45,528 <requestor-worker-0:1416405, MainThread:139624799057728> (requestor.py:_fetch_single_async:206 -> middleware.py:apply_async:112) from logger `RFC.middleware_status_code`
[INFO] applying on AudioBookAudioPage(810318).AudioBookAudioFile(810318), received

2024-04-08 16:56:45,531 <requestor-worker-0:1416405, MainThread:139624799057728> (middleware.py:_apply_async:180 -> middleware.py:_apply_sync:169) from logger `RFC.middleware_status_code`
[INFO] status code 200 in response of AudioBookAudioPage(810318).AudioBookAudioFile(810318)

2024-04-08 16:56:45,534 <requestor-worker-0:1416405, MainThread:139624799057728> (requestor.py:_fetch_single_async:206 -> middleware.py:apply_async:115) from logger `RFC.middleware_status_code`
[INFO] applied on AudioBookAudioPage(810318).AudioBookAudioFile(810318), sent

2024-04-08 16:56:48,868 <requestor-worker-0:1416405, MainThread:139624799057728> (requestor.py:_fetch_single_async:206 -> middleware.py:apply_async:112) from logger `RFC.middleware_status_code`
[INFO] applying on AudioBookAudioPage(810129).AudioBookAudioFile(810129), received

2024-04-08 16:56:48,871 <requestor-worker-0:1416405, MainThread:139624799057728> (middleware.py:_apply_async:180 -> middleware.py:_apply_sync:169) from logger `RFC.middleware_status_code`
[INFO] status code 200 in response of AudioBookAudioPage(810129).AudioBookAudioFile(810129)

2024-04-08 16:56:48,874 <requestor-worker-0:1416405, MainThread:139624799057728> (requestor.py:_fetch_single_async:206 -> middleware.py:apply_async:115) from logger `RFC.middleware_status_code`
[INFO] applied on AudioBookAudioPage(810129).AudioBookAudioFile(810129), sent

2024-04-08 16:56:49,519 <requestor-worker-0:1416405, MainThread:139624799057728> (requestor.py:_fetch_single_async:206 -> middleware.py:apply_async:112) from logger `RFC.middleware_status_code`
[INFO] applying on AudioBookAudioPage(810263).AudioBookAudioFile(810263), received

2024-04-08 16:56:49,522 <requestor-worker-0:1416405, MainThread:139624799057728> (middleware.py:_apply_async:180 -> middleware.py:_apply_sync:169) from logger `RFC.middleware_status_code`
[INFO] status code 200 in response of AudioBookAudioPage(810263).AudioBookAudioFile(810263)

2024-04-08 16:56:49,524 <requestor-worker-0:1416405, MainThread:139624799057728> (requestor.py:_fetch_single_async:206 -> middleware.py:apply_async:115) from logger `RFC.middleware_status_code`
[INFO] applied on AudioBookAudioPage(810263).AudioBookAudioFile(810263), sent

2024-04-08 16:56:57,602 <requestor-worker-0:1416405, MainThread:139624799057728> (requestor.py:_fetch_single_async:206 -> middleware.py:apply_async:112) from logger `RFC.middleware_status_code`
[INFO] applying on AudioBookAudioPage(810190).AudioBookAudioFile(810190), received

2024-04-08 16:56:57,605 <requestor-worker-0:1416405, MainThread:139624799057728> (middleware.py:_apply_async:180 -> middleware.py:_apply_sync:169) from logger `RFC.middleware_status_code`
[INFO] status code 200 in response of AudioBookAudioPage(810190).AudioBookAudioFile(810190)

2024-04-08 16:56:57,608 <requestor-worker-0:1416405, MainThread:139624799057728> (requestor.py:_fetch_single_async:206 -> middleware.py:apply_async:115) from logger `RFC.middleware_status_code`
[INFO] applied on AudioBookAudioPage(810190).AudioBookAudioFile(810190), sent

2024-04-08 16:56:57,780 <requestor-worker-0:1416405, MainThread:139624799057728> (requestor.py:_fetch_single_async:206 -> middleware.py:apply_async:112) from logger `RFC.middleware_status_code`
[INFO] applying on AudioBookAudioPage(810216).AudioBookAudioFile(810216), received

2024-04-08 16:56:57,783 <requestor-worker-0:1416405, MainThread:139624799057728> (middleware.py:_apply_async:180 -> middleware.py:_apply_sync:169) from logger `RFC.middleware_status_code`
[INFO] status code 200 in response of AudioBookAudioPage(810216).AudioBookAudioFile(810216)

2024-04-08 16:56:57,786 <requestor-worker-0:1416405, MainThread:139624799057728> (requestor.py:_fetch_single_async:206 -> middleware.py:apply_async:115) from logger `RFC.middleware_status_code`
[INFO] applied on AudioBookAudioPage(810216).AudioBookAudioFile(810216), sent

2024-04-08 16:56:58,626 <requestor-worker-0:1416405, MainThread:139624799057728> (requestor.py:_fetch_single_async:206 -> middleware.py:apply_async:112) from logger `RFC.middleware_status_code`
[INFO] applying on AudioBookAudioPage(810294).AudioBookAudioFile(810294), received

2024-04-08 16:56:58,629 <requestor-worker-0:1416405, MainThread:139624799057728> (middleware.py:_apply_async:180 -> middleware.py:_apply_sync:169) from logger `RFC.middleware_status_code`
[INFO] status code 200 in response of AudioBookAudioPage(810294).AudioBookAudioFile(810294)

2024-04-08 16:56:58,632 <requestor-worker-0:1416405, MainThread:139624799057728> (requestor.py:_fetch_single_async:206 -> middleware.py:apply_async:115) from logger `RFC.middleware_status_code`
[INFO] applied on AudioBookAudioPage(810294).AudioBookAudioFile(810294), sent

2024-04-08 16:56:59,357 <requestor-worker-0:1416405, MainThread:139624799057728> (requestor.py:_fetch_single_async:206 -> middleware.py:apply_async:112) from logger `RFC.middleware_status_code`
[INFO] applying on AudioBookAudioPage(810285).AudioBookAudioFile(810285), received

2024-04-08 16:56:59,358 <requestor-worker-0:1416405, MainThread:139624799057728> (middleware.py:_apply_async:180 -> middleware.py:_apply_sync:169) from logger `RFC.middleware_status_code`
[INFO] status code 200 in response of AudioBookAudioPage(810285).AudioBookAudioFile(810285)

2024-04-08 16:56:59,360 <requestor-worker-0:1416405, MainThread:139624799057728> (requestor.py:_fetch_single_async:206 -> middleware.py:apply_async:115) from logger `RFC.middleware_status_code`
[INFO] applied on AudioBookAudioPage(810285).AudioBookAudioFile(810285), sent

2024-04-08 16:57:23,714 <requestor-worker-0:1416405, MainThread:139624799057728> (requestor.py:_fetch_single_async:206 -> middleware.py:apply_async:112) from logger `RFC.middleware_status_code`
[INFO] applying on AudioBookAudioPage(810253).AudioBookAudioFile(810253), received

2024-04-08 16:57:23,717 <requestor-worker-0:1416405, MainThread:139624799057728> (middleware.py:_apply_async:180 -> middleware.py:_apply_sync:169) from logger `RFC.middleware_status_code`
[INFO] status code 200 in response of AudioBookAudioPage(810253).AudioBookAudioFile(810253)

2024-04-08 16:57:23,720 <requestor-worker-0:1416405, MainThread:139624799057728> (requestor.py:_fetch_single_async:206 -> middleware.py:apply_async:115) from logger `RFC.middleware_status_code`
[INFO] applied on AudioBookAudioPage(810253).AudioBookAudioFile(810253), sent

2024-04-08 16:57:28,529 <requestor-worker-0:1416405, MainThread:139624799057728> (requestor.py:_fetch_single_async:206 -> middleware.py:apply_async:112) from logger `RFC.middleware_status_code`
[INFO] applying on AudioBookAudioPage(810260).AudioBookAudioFile(810260), received

2024-04-08 16:57:28,532 <requestor-worker-0:1416405, MainThread:139624799057728> (middleware.py:_apply_async:180 -> middleware.py:_apply_sync:169) from logger `RFC.middleware_status_code`
[INFO] status code 200 in response of AudioBookAudioPage(810260).AudioBookAudioFile(810260)

2024-04-08 16:57:28,535 <requestor-worker-0:1416405, MainThread:139624799057728> (requestor.py:_fetch_single_async:206 -> middleware.py:apply_async:115) from logger `RFC.middleware_status_code`
[INFO] applied on AudioBookAudioPage(810260).AudioBookAudioFile(810260), sent

2024-04-08 16:57:28,873 <requestor-worker-0:1416405, MainThread:139624799057728> (requestor.py:_fetch_single_async:206 -> middleware.py:apply_async:112) from logger `RFC.middleware_status_code`
[INFO] applying on AudioBookAudioPage(810373), received

2024-04-08 16:57:28,876 <requestor-worker-0:1416405, MainThread:139624799057728> (middleware.py:_apply_async:180 -> middleware.py:_apply_sync:169) from logger `RFC.middleware_status_code`
[INFO] status code 200 in response of AudioBookAudioPage(810373)

2024-04-08 16:57:28,880 <requestor-worker-0:1416405, MainThread:139624799057728> (requestor.py:_fetch_single_async:206 -> middleware.py:apply_async:115) from logger `RFC.middleware_status_code`
[INFO] applied on AudioBookAudioPage(810373), sent

2024-04-08 16:57:31,456 <requestor-worker-0:1416405, MainThread:139624799057728> (requestor.py:_fetch_single_async:206 -> middleware.py:apply_async:112) from logger `RFC.middleware_status_code`
[INFO] applying on AudioBookAudioPage(810372).AudioBookAudioFile(810372), received

2024-04-08 16:57:31,459 <requestor-worker-0:1416405, MainThread:139624799057728> (middleware.py:_apply_async:180 -> middleware.py:_apply_sync:169) from logger `RFC.middleware_status_code`
[INFO] status code 200 in response of AudioBookAudioPage(810372).AudioBookAudioFile(810372)

2024-04-08 16:57:31,462 <requestor-worker-0:1416405, MainThread:139624799057728> (requestor.py:_fetch_single_async:206 -> middleware.py:apply_async:115) from logger `RFC.middleware_status_code`
[INFO] applied on AudioBookAudioPage(810372).AudioBookAudioFile(810372), sent

2024-04-08 16:57:34,740 <requestor-worker-0:1416405, MainThread:139624799057728> (requestor.py:_fetch_single_async:206 -> middleware.py:apply_async:112) from logger `RFC.middleware_status_code`
[INFO] applying on AudioBookAudioPage(810376), received

2024-04-08 16:57:34,743 <requestor-worker-0:1416405, MainThread:139624799057728> (requestor.py:_fetch_single_async:206 -> middleware.py:apply_async:119) from logger `RFC.middleware_status_code`
[ERROR] failed on AudioBookAudioPage(810376), caught error ValueError('unexpected status code 404 in response of AudioBookAudioPage(810376)')

2024-04-08 16:57:35,585 <requestor-worker-0:1416405, MainThread:139624799057728> (requestor.py:_fetch_single_async:206 -> middleware.py:apply_async:112) from logger `RFC.middleware_status_code`
[INFO] applying on AudioBookAudioPage(810378), received

2024-04-08 16:57:35,586 <requestor-worker-0:1416405, MainThread:139624799057728> (middleware.py:_apply_async:180 -> middleware.py:_apply_sync:169) from logger `RFC.middleware_status_code`
[INFO] status code 200 in response of AudioBookAudioPage(810378)

2024-04-08 16:57:35,587 <requestor-worker-0:1416405, MainThread:139624799057728> (requestor.py:_fetch_single_async:206 -> middleware.py:apply_async:115) from logger `RFC.middleware_status_code`
[INFO] applied on AudioBookAudioPage(810378), sent

2024-04-08 16:57:36,991 <requestor-worker-0:1416405, MainThread:139624799057728> (requestor.py:_fetch_single_async:206 -> middleware.py:apply_async:112) from logger `RFC.middleware_status_code`
[INFO] applying on AudioBookAudioPage(810380), received

2024-04-08 16:57:36,994 <requestor-worker-0:1416405, MainThread:139624799057728> (middleware.py:_apply_async:180 -> middleware.py:_apply_sync:169) from logger `RFC.middleware_status_code`
[INFO] status code 200 in response of AudioBookAudioPage(810380)

2024-04-08 16:57:36,998 <requestor-worker-0:1416405, MainThread:139624799057728> (requestor.py:_fetch_single_async:206 -> middleware.py:apply_async:115) from logger `RFC.middleware_status_code`
[INFO] applied on AudioBookAudioPage(810380), sent

2024-04-08 16:57:37,132 <requestor-worker-0:1416405, MainThread:139624799057728> (requestor.py:_fetch_single_async:206 -> middleware.py:apply_async:112) from logger `RFC.middleware_status_code`
[INFO] applying on AudioBookAudioPage(810318).AudioBookAudioFile(810318), received

2024-04-08 16:57:37,136 <requestor-worker-0:1416405, MainThread:139624799057728> (middleware.py:_apply_async:180 -> middleware.py:_apply_sync:169) from logger `RFC.middleware_status_code`
[INFO] status code 200 in response of AudioBookAudioPage(810318).AudioBookAudioFile(810318)

2024-04-08 16:57:37,139 <requestor-worker-0:1416405, MainThread:139624799057728> (requestor.py:_fetch_single_async:206 -> middleware.py:apply_async:115) from logger `RFC.middleware_status_code`
[INFO] applied on AudioBookAudioPage(810318).AudioBookAudioFile(810318), sent

2024-04-08 16:57:39,197 <requestor-worker-0:1416405, MainThread:139624799057728> (requestor.py:_fetch_single_async:206 -> middleware.py:apply_async:112) from logger `RFC.middleware_status_code`
[INFO] applying on AudioBookAudioPage(810380).AudioBookAudioFile(810380), received

2024-04-08 16:57:39,200 <requestor-worker-0:1416405, MainThread:139624799057728> (middleware.py:_apply_async:180 -> middleware.py:_apply_sync:169) from logger `RFC.middleware_status_code`
[INFO] status code 200 in response of AudioBookAudioPage(810380).AudioBookAudioFile(810380)

2024-04-08 16:57:39,203 <requestor-worker-0:1416405, MainThread:139624799057728> (requestor.py:_fetch_single_async:206 -> middleware.py:apply_async:115) from logger `RFC.middleware_status_code`
[INFO] applied on AudioBookAudioPage(810380).AudioBookAudioFile(810380), sent

2024-04-08 16:57:39,277 <requestor-worker-0:1416405, MainThread:139624799057728> (requestor.py:_fetch_single_async:206 -> middleware.py:apply_async:112) from logger `RFC.middleware_status_code`
[INFO] applying on AudioBookAudioPage(810263).AudioBookAudioFile(810263), received

2024-04-08 16:57:39,279 <requestor-worker-0:1416405, MainThread:139624799057728> (middleware.py:_apply_async:180 -> middleware.py:_apply_sync:169) from logger `RFC.middleware_status_code`
[INFO] status code 200 in response of AudioBookAudioPage(810263).AudioBookAudioFile(810263)

2024-04-08 16:57:39,282 <requestor-worker-0:1416405, MainThread:139624799057728> (requestor.py:_fetch_single_async:206 -> middleware.py:apply_async:115) from logger `RFC.middleware_status_code`
[INFO] applied on AudioBookAudioPage(810263).AudioBookAudioFile(810263), sent

2024-04-08 16:57:40,680 <requestor-worker-0:1416405, MainThread:139624799057728> (requestor.py:_fetch_single_async:206 -> middleware.py:apply_async:112) from logger `RFC.middleware_status_code`
[INFO] applying on AudioBookAudioPage(810377).AudioBookAudioFile(810377), received

2024-04-08 16:57:40,683 <requestor-worker-0:1416405, MainThread:139624799057728> (middleware.py:_apply_async:180 -> middleware.py:_apply_sync:169) from logger `RFC.middleware_status_code`
[INFO] status code 200 in response of AudioBookAudioPage(810377).AudioBookAudioFile(810377)

2024-04-08 16:57:40,687 <requestor-worker-0:1416405, MainThread:139624799057728> (requestor.py:_fetch_single_async:206 -> middleware.py:apply_async:115) from logger `RFC.middleware_status_code`
[INFO] applied on AudioBookAudioPage(810377).AudioBookAudioFile(810377), sent

2024-04-08 16:57:46,590 <requestor-worker-0:1416405, MainThread:139624799057728> (requestor.py:_fetch_single_async:206 -> middleware.py:apply_async:112) from logger `RFC.middleware_status_code`
[INFO] applying on AudioBookAudioPage(810665).AudioBookAudioFile(810665), received

2024-04-08 16:57:46,591 <requestor-worker-0:1416405, MainThread:139624799057728> (middleware.py:_apply_async:180 -> middleware.py:_apply_sync:169) from logger `RFC.middleware_status_code`
[INFO] status code 200 in response of AudioBookAudioPage(810665).AudioBookAudioFile(810665)

2024-04-08 16:57:46,592 <requestor-worker-0:1416405, MainThread:139624799057728> (requestor.py:_fetch_single_async:206 -> middleware.py:apply_async:115) from logger `RFC.middleware_status_code`
[INFO] applied on AudioBookAudioPage(810665).AudioBookAudioFile(810665), sent

2024-04-08 16:57:47,748 <requestor-worker-0:1416405, MainThread:139624799057728> (requestor.py:_fetch_single_async:206 -> middleware.py:apply_async:112) from logger `RFC.middleware_status_code`
[INFO] applying on AudioBookAudioPage(810342).AudioBookAudioFile(810342), received

2024-04-08 16:57:47,752 <requestor-worker-0:1416405, MainThread:139624799057728> (middleware.py:_apply_async:180 -> middleware.py:_apply_sync:169) from logger `RFC.middleware_status_code`
[INFO] status code 200 in response of AudioBookAudioPage(810342).AudioBookAudioFile(810342)

2024-04-08 16:57:47,753 <requestor-worker-0:1416405, MainThread:139624799057728> (requestor.py:_fetch_single_async:206 -> middleware.py:apply_async:115) from logger `RFC.middleware_status_code`
[INFO] applied on AudioBookAudioPage(810342).AudioBookAudioFile(810342), sent

2024-04-08 16:57:48,375 <requestor-worker-0:1416405, MainThread:139624799057728> (requestor.py:_fetch_single_async:206 -> middleware.py:apply_async:112) from logger `RFC.middleware_status_code`
[INFO] applying on AudioBookAudioPage(810337).AudioBookAudioFile(810337), received

2024-04-08 16:57:48,378 <requestor-worker-0:1416405, MainThread:139624799057728> (middleware.py:_apply_async:180 -> middleware.py:_apply_sync:169) from logger `RFC.middleware_status_code`
[INFO] status code 200 in response of AudioBookAudioPage(810337).AudioBookAudioFile(810337)

2024-04-08 16:57:48,381 <requestor-worker-0:1416405, MainThread:139624799057728> (requestor.py:_fetch_single_async:206 -> middleware.py:apply_async:115) from logger `RFC.middleware_status_code`
[INFO] applied on AudioBookAudioPage(810337).AudioBookAudioFile(810337), sent

2024-04-08 16:57:56,764 <requestor-worker-0:1416405, MainThread:139624799057728> (requestor.py:_fetch_single_async:206 -> middleware.py:apply_async:112) from logger `RFC.middleware_status_code`
[INFO] applying on AudioBookAudioPage(810396), received

2024-04-08 16:57:56,767 <requestor-worker-0:1416405, MainThread:139624799057728> (requestor.py:_fetch_single_async:206 -> middleware.py:apply_async:119) from logger `RFC.middleware_status_code`
[ERROR] failed on AudioBookAudioPage(810396), caught error ValueError('unexpected status code 404 in response of AudioBookAudioPage(810396)')

2024-04-08 16:57:56,960 <requestor-worker-0:1416405, MainThread:139624799057728> (requestor.py:_fetch_single_async:206 -> middleware.py:apply_async:112) from logger `RFC.middleware_status_code`
[INFO] applying on AudioBookAudioPage(810398), received

2024-04-08 16:57:56,963 <requestor-worker-0:1416405, MainThread:139624799057728> (requestor.py:_fetch_single_async:206 -> middleware.py:apply_async:119) from logger `RFC.middleware_status_code`
[ERROR] failed on AudioBookAudioPage(810398), caught error ValueError('unexpected status code 404 in response of AudioBookAudioPage(810398)')

2024-04-08 16:57:58,020 <requestor-worker-0:1416405, MainThread:139624799057728> (requestor.py:_fetch_single_async:206 -> middleware.py:apply_async:112) from logger `RFC.middleware_status_code`
[INFO] applying on AudioBookAudioPage(810216).AudioBookAudioFile(810216), received

2024-04-08 16:57:58,023 <requestor-worker-0:1416405, MainThread:139624799057728> (middleware.py:_apply_async:180 -> middleware.py:_apply_sync:169) from logger `RFC.middleware_status_code`
[INFO] status code 200 in response of AudioBookAudioPage(810216).AudioBookAudioFile(810216)

2024-04-08 16:57:58,026 <requestor-worker-0:1416405, MainThread:139624799057728> (requestor.py:_fetch_single_async:206 -> middleware.py:apply_async:115) from logger `RFC.middleware_status_code`
[INFO] applied on AudioBookAudioPage(810216).AudioBookAudioFile(810216), sent

2024-04-08 16:57:58,427 <requestor-worker-0:1416405, MainThread:139624799057728> (requestor.py:_fetch_single_async:206 -> middleware.py:apply_async:112) from logger `RFC.middleware_status_code`
[INFO] applying on AudioBookAudioPage(810190).AudioBookAudioFile(810190), received

2024-04-08 16:57:58,430 <requestor-worker-0:1416405, MainThread:139624799057728> (middleware.py:_apply_async:180 -> middleware.py:_apply_sync:169) from logger `RFC.middleware_status_code`
[INFO] status code 200 in response of AudioBookAudioPage(810190).AudioBookAudioFile(810190)

2024-04-08 16:57:58,434 <requestor-worker-0:1416405, MainThread:139624799057728> (requestor.py:_fetch_single_async:206 -> middleware.py:apply_async:115) from logger `RFC.middleware_status_code`
[INFO] applied on AudioBookAudioPage(810190).AudioBookAudioFile(810190), sent

2024-04-08 16:57:58,883 <requestor-worker-0:1416405, MainThread:139624799057728> (requestor.py:_fetch_single_async:206 -> middleware.py:apply_async:112) from logger `RFC.middleware_status_code`
[INFO] applying on AudioBookAudioPage(810389).AudioBookAudioFile(810389), received

2024-04-08 16:57:58,886 <requestor-worker-0:1416405, MainThread:139624799057728> (middleware.py:_apply_async:180 -> middleware.py:_apply_sync:169) from logger `RFC.middleware_status_code`
[INFO] status code 200 in response of AudioBookAudioPage(810389).AudioBookAudioFile(810389)

2024-04-08 16:57:58,889 <requestor-worker-0:1416405, MainThread:139624799057728> (requestor.py:_fetch_single_async:206 -> middleware.py:apply_async:115) from logger `RFC.middleware_status_code`
[INFO] applied on AudioBookAudioPage(810389).AudioBookAudioFile(810389), sent

2024-04-08 16:57:59,891 <requestor-worker-0:1416405, MainThread:139624799057728> (requestor.py:_fetch_single_async:206 -> middleware.py:apply_async:112) from logger `RFC.middleware_status_code`
[INFO] applying on AudioBookAudioPage(810294).AudioBookAudioFile(810294), received

2024-04-08 16:57:59,894 <requestor-worker-0:1416405, MainThread:139624799057728> (middleware.py:_apply_async:180 -> middleware.py:_apply_sync:169) from logger `RFC.middleware_status_code`
[INFO] status code 200 in response of AudioBookAudioPage(810294).AudioBookAudioFile(810294)

2024-04-08 16:57:59,898 <requestor-worker-0:1416405, MainThread:139624799057728> (requestor.py:_fetch_single_async:206 -> middleware.py:apply_async:115) from logger `RFC.middleware_status_code`
[INFO] applied on AudioBookAudioPage(810294).AudioBookAudioFile(810294), sent

2024-04-08 16:58:01,966 <requestor-worker-0:1416405, MainThread:139624799057728> (requestor.py:_fetch_single_async:206 -> middleware.py:apply_async:112) from logger `RFC.middleware_status_code`
[INFO] applying on AudioBookAudioPage(810285).AudioBookAudioFile(810285), received

2024-04-08 16:58:01,969 <requestor-worker-0:1416405, MainThread:139624799057728> (middleware.py:_apply_async:180 -> middleware.py:_apply_sync:169) from logger `RFC.middleware_status_code`
[INFO] status code 200 in response of AudioBookAudioPage(810285).AudioBookAudioFile(810285)

2024-04-08 16:58:01,972 <requestor-worker-0:1416405, MainThread:139624799057728> (requestor.py:_fetch_single_async:206 -> middleware.py:apply_async:115) from logger `RFC.middleware_status_code`
[INFO] applied on AudioBookAudioPage(810285).AudioBookAudioFile(810285), sent

2024-04-08 16:58:26,024 <requestor-worker-0:1416405, MainThread:139624799057728> (requestor.py:_fetch_single_async:206 -> middleware.py:apply_async:112) from logger `RFC.middleware_status_code`
[INFO] applying on AudioBookAudioPage(810432).AudioBookAudioFile(810432), received

2024-04-08 16:58:26,027 <requestor-worker-0:1416405, MainThread:139624799057728> (middleware.py:_apply_async:180 -> middleware.py:_apply_sync:169) from logger `RFC.middleware_status_code`
[INFO] status code 200 in response of AudioBookAudioPage(810432).AudioBookAudioFile(810432)

2024-04-08 16:58:26,030 <requestor-worker-0:1416405, MainThread:139624799057728> (requestor.py:_fetch_single_async:206 -> middleware.py:apply_async:115) from logger `RFC.middleware_status_code`
[INFO] applied on AudioBookAudioPage(810432).AudioBookAudioFile(810432), sent

2024-04-08 16:58:31,036 <requestor-worker-0:1416405, MainThread:139624799057728> (requestor.py:_fetch_single_async:206 -> middleware.py:apply_async:112) from logger `RFC.middleware_status_code`
[INFO] applying on AudioBookAudioPage(810260).AudioBookAudioFile(810260), received

2024-04-08 16:58:31,039 <requestor-worker-0:1416405, MainThread:139624799057728> (middleware.py:_apply_async:180 -> middleware.py:_apply_sync:169) from logger `RFC.middleware_status_code`
[INFO] status code 200 in response of AudioBookAudioPage(810260).AudioBookAudioFile(810260)

2024-04-08 16:58:31,079 <requestor-worker-0:1416405, MainThread:139624799057728> (requestor.py:_fetch_single_async:206 -> middleware.py:apply_async:115) from logger `RFC.middleware_status_code`
[INFO] applied on AudioBookAudioPage(810260).AudioBookAudioFile(810260), sent

2024-04-08 16:58:40,602 <requestor-worker-0:1416405, MainThread:139624799057728> (requestor.py:_fetch_single_async:206 -> middleware.py:apply_async:112) from logger `RFC.middleware_status_code`
[INFO] applying on AudioBookAudioPage(810318).AudioBookAudioFile(810318), received

2024-04-08 16:58:40,605 <requestor-worker-0:1416405, MainThread:139624799057728> (middleware.py:_apply_async:180 -> middleware.py:_apply_sync:169) from logger `RFC.middleware_status_code`
[INFO] status code 200 in response of AudioBookAudioPage(810318).AudioBookAudioFile(810318)

2024-04-08 16:58:40,608 <requestor-worker-0:1416405, MainThread:139624799057728> (requestor.py:_fetch_single_async:206 -> middleware.py:apply_async:115) from logger `RFC.middleware_status_code`
[INFO] applied on AudioBookAudioPage(810318).AudioBookAudioFile(810318), sent

2024-04-08 16:58:43,928 <requestor-worker-0:1416405, MainThread:139624799057728> (requestor.py:_fetch_single_async:206 -> middleware.py:apply_async:112) from logger `RFC.middleware_status_code`
[INFO] applying on AudioBookAudioPage(810263).AudioBookAudioFile(810263), received

2024-04-08 16:58:43,931 <requestor-worker-0:1416405, MainThread:139624799057728> (middleware.py:_apply_async:180 -> middleware.py:_apply_sync:169) from logger `RFC.middleware_status_code`
[INFO] status code 200 in response of AudioBookAudioPage(810263).AudioBookAudioFile(810263)

2024-04-08 16:58:43,934 <requestor-worker-0:1416405, MainThread:139624799057728> (requestor.py:_fetch_single_async:206 -> middleware.py:apply_async:115) from logger `RFC.middleware_status_code`
[INFO] applied on AudioBookAudioPage(810263).AudioBookAudioFile(810263), sent

2024-04-08 16:58:46,045 <requestor-worker-0:1416405, MainThread:139624799057728> (requestor.py:_fetch_single_async:206 -> middleware.py:apply_async:112) from logger `RFC.middleware_status_code`
[INFO] applying on AudioBookAudioPage(810377).AudioBookAudioFile(810377), received

2024-04-08 16:58:46,049 <requestor-worker-0:1416405, MainThread:139624799057728> (middleware.py:_apply_async:180 -> middleware.py:_apply_sync:169) from logger `RFC.middleware_status_code`
[INFO] status code 200 in response of AudioBookAudioPage(810377).AudioBookAudioFile(810377)

2024-04-08 16:58:46,053 <requestor-worker-0:1416405, MainThread:139624799057728> (requestor.py:_fetch_single_async:206 -> middleware.py:apply_async:115) from logger `RFC.middleware_status_code`
[INFO] applied on AudioBookAudioPage(810377).AudioBookAudioFile(810377), sent

2024-04-08 16:58:46,629 <requestor-worker-0:1416405, MainThread:139624799057728> (requestor.py:_fetch_single_async:206 -> middleware.py:apply_async:112) from logger `RFC.middleware_status_code`
[INFO] applying on AudioBookAudioPage(810380).AudioBookAudioFile(810380), received

2024-04-08 16:58:46,630 <requestor-worker-0:1416405, MainThread:139624799057728> (middleware.py:_apply_async:180 -> middleware.py:_apply_sync:169) from logger `RFC.middleware_status_code`
[INFO] status code 200 in response of AudioBookAudioPage(810380).AudioBookAudioFile(810380)

2024-04-08 16:58:46,632 <requestor-worker-0:1416405, MainThread:139624799057728> (requestor.py:_fetch_single_async:206 -> middleware.py:apply_async:115) from logger `RFC.middleware_status_code`
[INFO] applied on AudioBookAudioPage(810380).AudioBookAudioFile(810380), sent

2024-04-08 16:58:48,509 <requestor-worker-0:1416405, MainThread:139624799057728> (requestor.py:_fetch_single_async:206 -> middleware.py:apply_async:112) from logger `RFC.middleware_status_code`
[INFO] applying on AudioBookAudioPage(810449), received

2024-04-08 16:58:48,510 <requestor-worker-0:1416405, MainThread:139624799057728> (requestor.py:_fetch_single_async:206 -> middleware.py:apply_async:119) from logger `RFC.middleware_status_code`
[ERROR] failed on AudioBookAudioPage(810449), caught error ValueError('unexpected status code 404 in response of AudioBookAudioPage(810449)')

2024-04-08 16:58:48,670 <requestor-worker-0:1416405, MainThread:139624799057728> (requestor.py:_fetch_single_async:206 -> middleware.py:apply_async:112) from logger `RFC.middleware_status_code`
[INFO] applying on AudioBookAudioPage(810337).AudioBookAudioFile(810337), received

2024-04-08 16:58:48,673 <requestor-worker-0:1416405, MainThread:139624799057728> (middleware.py:_apply_async:180 -> middleware.py:_apply_sync:169) from logger `RFC.middleware_status_code`
[INFO] status code 200 in response of AudioBookAudioPage(810337).AudioBookAudioFile(810337)

2024-04-08 16:58:48,676 <requestor-worker-0:1416405, MainThread:139624799057728> (requestor.py:_fetch_single_async:206 -> middleware.py:apply_async:115) from logger `RFC.middleware_status_code`
[INFO] applied on AudioBookAudioPage(810337).AudioBookAudioFile(810337), sent

2024-04-08 16:58:51,649 <requestor-worker-0:1416405, MainThread:139624799057728> (requestor.py:_fetch_single_async:206 -> middleware.py:apply_async:112) from logger `RFC.middleware_status_code`
[INFO] applying on AudioBookAudioPage(810342).AudioBookAudioFile(810342), received

2024-04-08 16:58:51,651 <requestor-worker-0:1416405, MainThread:139624799057728> (middleware.py:_apply_async:180 -> middleware.py:_apply_sync:169) from logger `RFC.middleware_status_code`
[INFO] status code 200 in response of AudioBookAudioPage(810342).AudioBookAudioFile(810342)

2024-04-08 16:58:51,652 <requestor-worker-0:1416405, MainThread:139624799057728> (requestor.py:_fetch_single_async:206 -> middleware.py:apply_async:115) from logger `RFC.middleware_status_code`
[INFO] applied on AudioBookAudioPage(810342).AudioBookAudioFile(810342), sent

2024-04-08 16:58:54,966 <requestor-worker-0:1416405, MainThread:139624799057728> (requestor.py:_fetch_single_async:206 -> middleware.py:apply_async:112) from logger `RFC.middleware_status_code`
[INFO] applying on AudioBookAudioPage(810448).AudioBookAudioFile(810448), received

2024-04-08 16:58:54,968 <requestor-worker-0:1416405, MainThread:139624799057728> (middleware.py:_apply_async:180 -> middleware.py:_apply_sync:169) from logger `RFC.middleware_status_code`
[INFO] status code 200 in response of AudioBookAudioPage(810448).AudioBookAudioFile(810448)

2024-04-08 16:58:54,970 <requestor-worker-0:1416405, MainThread:139624799057728> (requestor.py:_fetch_single_async:206 -> middleware.py:apply_async:115) from logger `RFC.middleware_status_code`
[INFO] applied on AudioBookAudioPage(810448).AudioBookAudioFile(810448), sent

2024-04-08 16:58:56,059 <requestor-worker-0:1416405, MainThread:139624799057728> (requestor.py:_fetch_single_async:206 -> middleware.py:apply_async:112) from logger `RFC.middleware_status_code`
[INFO] applying on AudioBookAudioPage(810465), received

2024-04-08 16:58:56,062 <requestor-worker-0:1416405, MainThread:139624799057728> (requestor.py:_fetch_single_async:206 -> middleware.py:apply_async:119) from logger `RFC.middleware_status_code`
[ERROR] failed on AudioBookAudioPage(810465), caught error ValueError('unexpected status code 404 in response of AudioBookAudioPage(810465)')

2024-04-08 16:58:59,190 <requestor-worker-0:1416405, MainThread:139624799057728> (requestor.py:_fetch_single_async:206 -> middleware.py:apply_async:112) from logger `RFC.middleware_status_code`
[INFO] applying on AudioBookAudioPage(810468), received

2024-04-08 16:58:59,194 <requestor-worker-0:1416405, MainThread:139624799057728> (middleware.py:_apply_async:180 -> middleware.py:_apply_sync:169) from logger `RFC.middleware_status_code`
[INFO] status code 200 in response of AudioBookAudioPage(810468)

2024-04-08 16:58:59,197 <requestor-worker-0:1416405, MainThread:139624799057728> (requestor.py:_fetch_single_async:206 -> middleware.py:apply_async:115) from logger `RFC.middleware_status_code`
[INFO] applied on AudioBookAudioPage(810468), sent

2024-04-08 16:59:00,979 <requestor-worker-0:1416405, MainThread:139624799057728> (requestor.py:_fetch_single_async:206 -> middleware.py:apply_async:112) from logger `RFC.middleware_status_code`
[INFO] applying on AudioBookAudioPage(810471), received

2024-04-08 16:59:00,984 <requestor-worker-0:1416405, MainThread:139624799057728> (middleware.py:_apply_async:180 -> middleware.py:_apply_sync:169) from logger `RFC.middleware_status_code`
[INFO] status code 200 in response of AudioBookAudioPage(810471)

2024-04-08 16:59:00,987 <requestor-worker-0:1416405, MainThread:139624799057728> (requestor.py:_fetch_single_async:206 -> middleware.py:apply_async:115) from logger `RFC.middleware_status_code`
[INFO] applied on AudioBookAudioPage(810471), sent

2024-04-08 16:59:03,423 <requestor-worker-0:1416405, MainThread:139624799057728> (requestor.py:_fetch_single_async:206 -> middleware.py:apply_async:112) from logger `RFC.middleware_status_code`
[INFO] applying on AudioBookAudioPage(810474).AudioBookAudioFile(810474), received

2024-04-08 16:59:03,426 <requestor-worker-0:1416405, MainThread:139624799057728> (middleware.py:_apply_async:180 -> middleware.py:_apply_sync:169) from logger `RFC.middleware_status_code`
[INFO] status code 200 in response of AudioBookAudioPage(810474).AudioBookAudioFile(810474)

2024-04-08 16:59:03,430 <requestor-worker-0:1416405, MainThread:139624799057728> (requestor.py:_fetch_single_async:206 -> middleware.py:apply_async:115) from logger `RFC.middleware_status_code`
[INFO] applied on AudioBookAudioPage(810474).AudioBookAudioFile(810474), sent

2024-04-08 16:59:04,964 <requestor-worker-0:1416405, MainThread:139624799057728> (requestor.py:_fetch_single_async:206 -> middleware.py:apply_async:112) from logger `RFC.middleware_status_code`
[INFO] applying on AudioBookAudioPage(810471).AudioBookAudioFile(810471), received

2024-04-08 16:59:04,967 <requestor-worker-0:1416405, MainThread:139624799057728> (middleware.py:_apply_async:180 -> middleware.py:_apply_sync:169) from logger `RFC.middleware_status_code`
[INFO] status code 200 in response of AudioBookAudioPage(810471).AudioBookAudioFile(810471)

2024-04-08 16:59:04,970 <requestor-worker-0:1416405, MainThread:139624799057728> (requestor.py:_fetch_single_async:206 -> middleware.py:apply_async:115) from logger `RFC.middleware_status_code`
[INFO] applied on AudioBookAudioPage(810471).AudioBookAudioFile(810471), sent

2024-04-08 16:59:09,953 <requestor-worker-0:1416405, MainThread:139624799057728> (requestor.py:_fetch_single_async:206 -> middleware.py:apply_async:112) from logger `RFC.middleware_status_code`
[INFO] applying on AudioBookAudioPage(810285).AudioBookAudioFile(810285), received

2024-04-08 16:59:09,956 <requestor-worker-0:1416405, MainThread:139624799057728> (middleware.py:_apply_async:180 -> middleware.py:_apply_sync:169) from logger `RFC.middleware_status_code`
[INFO] status code 200 in response of AudioBookAudioPage(810285).AudioBookAudioFile(810285)

2024-04-08 16:59:09,960 <requestor-worker-0:1416405, MainThread:139624799057728> (requestor.py:_fetch_single_async:206 -> middleware.py:apply_async:115) from logger `RFC.middleware_status_code`
[INFO] applied on AudioBookAudioPage(810285).AudioBookAudioFile(810285), sent

2024-04-08 16:59:21,751 <requestor-worker-0:1416405, MainThread:139624799057728> (requestor.py:_fetch_single_async:206 -> middleware.py:apply_async:112) from logger `RFC.middleware_status_code`
[INFO] applying on AudioBookAudioPage(810479), received

2024-04-08 16:59:21,753 <requestor-worker-0:1416405, MainThread:139624799057728> (middleware.py:_apply_async:180 -> middleware.py:_apply_sync:169) from logger `RFC.middleware_status_code`
[INFO] status code 200 in response of AudioBookAudioPage(810479)

2024-04-08 16:59:21,755 <requestor-worker-0:1416405, MainThread:139624799057728> (requestor.py:_fetch_single_async:206 -> middleware.py:apply_async:115) from logger `RFC.middleware_status_code`
[INFO] applied on AudioBookAudioPage(810479), sent

2024-04-08 16:59:22,667 <requestor-worker-0:1416405, MainThread:139624799057728> (requestor.py:_fetch_single_async:206 -> middleware.py:apply_async:112) from logger `RFC.middleware_status_code`
[INFO] applying on AudioBookAudioPage(810490), received

2024-04-08 16:59:22,671 <requestor-worker-0:1416405, MainThread:139624799057728> (middleware.py:_apply_async:180 -> middleware.py:_apply_sync:169) from logger `RFC.middleware_status_code`
[INFO] status code 200 in response of AudioBookAudioPage(810490)

2024-04-08 16:59:22,674 <requestor-worker-0:1416405, MainThread:139624799057728> (requestor.py:_fetch_single_async:206 -> middleware.py:apply_async:115) from logger `RFC.middleware_status_code`
[INFO] applied on AudioBookAudioPage(810490), sent

2024-04-08 16:59:25,672 <requestor-worker-0:1416405, MainThread:139624799057728> (requestor.py:_fetch_single_async:206 -> middleware.py:apply_async:112) from logger `RFC.middleware_status_code`
[INFO] applying on AudioBookAudioPage(810492), received

2024-04-08 16:59:25,673 <requestor-worker-0:1416405, MainThread:139624799057728> (middleware.py:_apply_async:180 -> middleware.py:_apply_sync:169) from logger `RFC.middleware_status_code`
[INFO] status code 200 in response of AudioBookAudioPage(810492)

2024-04-08 16:59:25,675 <requestor-worker-0:1416405, MainThread:139624799057728> (requestor.py:_fetch_single_async:206 -> middleware.py:apply_async:115) from logger `RFC.middleware_status_code`
[INFO] applied on AudioBookAudioPage(810492), sent

2024-04-08 16:59:26,870 <requestor-worker-0:1416405, MainThread:139624799057728> (requestor.py:_fetch_single_async:206 -> middleware.py:apply_async:112) from logger `RFC.middleware_status_code`
[INFO] applying on AudioBookAudioPage(810500), received

2024-04-08 16:59:26,872 <requestor-worker-0:1416405, MainThread:139624799057728> (middleware.py:_apply_async:180 -> middleware.py:_apply_sync:169) from logger `RFC.middleware_status_code`
[INFO] status code 200 in response of AudioBookAudioPage(810500)

2024-04-08 16:59:26,875 <requestor-worker-0:1416405, MainThread:139624799057728> (requestor.py:_fetch_single_async:206 -> middleware.py:apply_async:115) from logger `RFC.middleware_status_code`
[INFO] applied on AudioBookAudioPage(810500), sent

2024-04-08 16:59:26,982 <requestor-worker-0:1416405, MainThread:139624799057728> (requestor.py:_fetch_single_async:206 -> middleware.py:apply_async:112) from logger `RFC.middleware_status_code`
[INFO] applying on AudioBookAudioPage(810432).AudioBookAudioFile(810432), received

2024-04-08 16:59:26,983 <requestor-worker-0:1416405, MainThread:139624799057728> (middleware.py:_apply_async:180 -> middleware.py:_apply_sync:169) from logger `RFC.middleware_status_code`
[INFO] status code 200 in response of AudioBookAudioPage(810432).AudioBookAudioFile(810432)

2024-04-08 16:59:26,984 <requestor-worker-0:1416405, MainThread:139624799057728> (requestor.py:_fetch_single_async:206 -> middleware.py:apply_async:115) from logger `RFC.middleware_status_code`
[INFO] applied on AudioBookAudioPage(810432).AudioBookAudioFile(810432), sent

2024-04-08 16:59:29,354 <requestor-worker-0:1416405, MainThread:139624799057728> (requestor.py:_fetch_single_async:206 -> middleware.py:apply_async:112) from logger `RFC.middleware_status_code`
[INFO] applying on AudioBookAudioPage(810501).AudioBookAudioFile(810501), received

2024-04-08 16:59:29,357 <requestor-worker-0:1416405, MainThread:139624799057728> (middleware.py:_apply_async:180 -> middleware.py:_apply_sync:169) from logger `RFC.middleware_status_code`
[INFO] status code 200 in response of AudioBookAudioPage(810501).AudioBookAudioFile(810501)

2024-04-08 16:59:29,361 <requestor-worker-0:1416405, MainThread:139624799057728> (requestor.py:_fetch_single_async:206 -> middleware.py:apply_async:115) from logger `RFC.middleware_status_code`
[INFO] applied on AudioBookAudioPage(810501).AudioBookAudioFile(810501), sent

2024-04-08 16:59:29,797 <requestor-worker-0:1416405, MainThread:139624799057728> (requestor.py:_fetch_single_async:206 -> middleware.py:apply_async:112) from logger `RFC.middleware_status_code`
[INFO] applying on AudioBookAudioPage(810502), received

2024-04-08 16:59:29,800 <requestor-worker-0:1416405, MainThread:139624799057728> (middleware.py:_apply_async:180 -> middleware.py:_apply_sync:169) from logger `RFC.middleware_status_code`
[INFO] status code 200 in response of AudioBookAudioPage(810502)

2024-04-08 16:59:29,805 <requestor-worker-0:1416405, MainThread:139624799057728> (requestor.py:_fetch_single_async:206 -> middleware.py:apply_async:115) from logger `RFC.middleware_status_code`
[INFO] applied on AudioBookAudioPage(810502), sent

2024-04-08 16:59:32,314 <requestor-worker-0:1416405, MainThread:139624799057728> (requestor.py:_fetch_single_async:206 -> middleware.py:apply_async:112) from logger `RFC.middleware_status_code`
[INFO] applying on AudioBookAudioPage(810497).AudioBookAudioFile(810497), received

2024-04-08 16:59:32,316 <requestor-worker-0:1416405, MainThread:139624799057728> (middleware.py:_apply_async:180 -> middleware.py:_apply_sync:169) from logger `RFC.middleware_status_code`
[INFO] status code 200 in response of AudioBookAudioPage(810497).AudioBookAudioFile(810497)

2024-04-08 16:59:32,319 <requestor-worker-0:1416405, MainThread:139624799057728> (requestor.py:_fetch_single_async:206 -> middleware.py:apply_async:115) from logger `RFC.middleware_status_code`
[INFO] applied on AudioBookAudioPage(810497).AudioBookAudioFile(810497), sent

2024-04-08 16:59:32,483 <requestor-worker-0:1416405, MainThread:139624799057728> (requestor.py:_fetch_single_async:206 -> middleware.py:apply_async:112) from logger `RFC.middleware_status_code`
[INFO] applying on AudioBookAudioPage(810500).AudioBookAudioFile(810500), received

2024-04-08 16:59:32,486 <requestor-worker-0:1416405, MainThread:139624799057728> (middleware.py:_apply_async:180 -> middleware.py:_apply_sync:169) from logger `RFC.middleware_status_code`
[INFO] status code 200 in response of AudioBookAudioPage(810500).AudioBookAudioFile(810500)

2024-04-08 16:59:32,488 <requestor-worker-0:1416405, MainThread:139624799057728> (requestor.py:_fetch_single_async:206 -> middleware.py:apply_async:115) from logger `RFC.middleware_status_code`
[INFO] applied on AudioBookAudioPage(810500).AudioBookAudioFile(810500), sent

2024-04-08 16:59:32,949 <requestor-worker-0:1416405, MainThread:139624799057728> (requestor.py:_fetch_single_async:206 -> middleware.py:apply_async:112) from logger `RFC.middleware_status_code`
[INFO] applying on AudioBookAudioPage(810502).AudioBookAudioFile(810502), received

2024-04-08 16:59:32,952 <requestor-worker-0:1416405, MainThread:139624799057728> (middleware.py:_apply_async:180 -> middleware.py:_apply_sync:169) from logger `RFC.middleware_status_code`
[INFO] status code 200 in response of AudioBookAudioPage(810502).AudioBookAudioFile(810502)

2024-04-08 16:59:32,955 <requestor-worker-0:1416405, MainThread:139624799057728> (requestor.py:_fetch_single_async:206 -> middleware.py:apply_async:115) from logger `RFC.middleware_status_code`
[INFO] applied on AudioBookAudioPage(810502).AudioBookAudioFile(810502), sent

2024-04-08 16:59:33,485 <requestor-worker-0:1416405, MainThread:139624799057728> (requestor.py:_fetch_single_async:206 -> middleware.py:apply_async:112) from logger `RFC.middleware_status_code`
[INFO] applying on AudioBookAudioPage(810499).AudioBookAudioFile(810499), received

2024-04-08 16:59:33,488 <requestor-worker-0:1416405, MainThread:139624799057728> (middleware.py:_apply_async:180 -> middleware.py:_apply_sync:169) from logger `RFC.middleware_status_code`
[INFO] status code 200 in response of AudioBookAudioPage(810499).AudioBookAudioFile(810499)

2024-04-08 16:59:33,491 <requestor-worker-0:1416405, MainThread:139624799057728> (requestor.py:_fetch_single_async:206 -> middleware.py:apply_async:115) from logger `RFC.middleware_status_code`
[INFO] applied on AudioBookAudioPage(810499).AudioBookAudioFile(810499), sent

2024-04-08 16:59:36,062 <requestor-worker-0:1416405, MainThread:139624799057728> (requestor.py:_fetch_single_async:206 -> middleware.py:apply_async:112) from logger `RFC.middleware_status_code`
[INFO] applying on AudioBookAudioPage(810505), received

2024-04-08 16:59:36,065 <requestor-worker-0:1416405, MainThread:139624799057728> (middleware.py:_apply_async:180 -> middleware.py:_apply_sync:169) from logger `RFC.middleware_status_code`
[INFO] status code 200 in response of AudioBookAudioPage(810505)

2024-04-08 16:59:36,069 <requestor-worker-0:1416405, MainThread:139624799057728> (requestor.py:_fetch_single_async:206 -> middleware.py:apply_async:115) from logger `RFC.middleware_status_code`
[INFO] applied on AudioBookAudioPage(810505), sent

2024-04-08 16:59:39,311 <requestor-worker-0:1416405, MainThread:139624799057728> (requestor.py:_fetch_single_async:206 -> middleware.py:apply_async:112) from logger `RFC.middleware_status_code`
[INFO] applying on AudioBookAudioPage(810504).AudioBookAudioFile(810504), received

2024-04-08 16:59:39,314 <requestor-worker-0:1416405, MainThread:139624799057728> (middleware.py:_apply_async:180 -> middleware.py:_apply_sync:169) from logger `RFC.middleware_status_code`
[INFO] status code 200 in response of AudioBookAudioPage(810504).AudioBookAudioFile(810504)

2024-04-08 16:59:39,316 <requestor-worker-0:1416405, MainThread:139624799057728> (requestor.py:_fetch_single_async:206 -> middleware.py:apply_async:115) from logger `RFC.middleware_status_code`
[INFO] applied on AudioBookAudioPage(810504).AudioBookAudioFile(810504), sent

2024-04-08 16:59:42,291 <requestor-worker-0:1416405, MainThread:139624799057728> (requestor.py:_fetch_single_async:206 -> middleware.py:apply_async:112) from logger `RFC.middleware_status_code`
[INFO] applying on AudioBookAudioPage(810505).AudioBookAudioFile(810505), received

2024-04-08 16:59:42,294 <requestor-worker-0:1416405, MainThread:139624799057728> (middleware.py:_apply_async:180 -> middleware.py:_apply_sync:169) from logger `RFC.middleware_status_code`
[INFO] status code 200 in response of AudioBookAudioPage(810505).AudioBookAudioFile(810505)

2024-04-08 16:59:42,297 <requestor-worker-0:1416405, MainThread:139624799057728> (requestor.py:_fetch_single_async:206 -> middleware.py:apply_async:115) from logger `RFC.middleware_status_code`
[INFO] applied on AudioBookAudioPage(810505).AudioBookAudioFile(810505), sent

2024-04-08 16:59:42,763 <requestor-worker-0:1416405, MainThread:139624799057728> (requestor.py:_fetch_single_async:206 -> middleware.py:apply_async:112) from logger `RFC.middleware_status_code`
[INFO] applying on AudioBookAudioPage(810318).AudioBookAudioFile(810318), received

2024-04-08 16:59:42,766 <requestor-worker-0:1416405, MainThread:139624799057728> (middleware.py:_apply_async:180 -> middleware.py:_apply_sync:169) from logger `RFC.middleware_status_code`
[INFO] status code 200 in response of AudioBookAudioPage(810318).AudioBookAudioFile(810318)

2024-04-08 16:59:42,770 <requestor-worker-0:1416405, MainThread:139624799057728> (requestor.py:_fetch_single_async:206 -> middleware.py:apply_async:115) from logger `RFC.middleware_status_code`
[INFO] applied on AudioBookAudioPage(810318).AudioBookAudioFile(810318), sent

2024-04-08 16:59:45,958 <requestor-worker-0:1416405, MainThread:139624799057728> (requestor.py:_fetch_single_async:206 -> middleware.py:apply_async:112) from logger `RFC.middleware_status_code`
[INFO] applying on AudioBookAudioPage(810377).AudioBookAudioFile(810377), received

2024-04-08 16:59:45,961 <requestor-worker-0:1416405, MainThread:139624799057728> (middleware.py:_apply_async:180 -> middleware.py:_apply_sync:169) from logger `RFC.middleware_status_code`
[INFO] status code 200 in response of AudioBookAudioPage(810377).AudioBookAudioFile(810377)

2024-04-08 16:59:45,964 <requestor-worker-0:1416405, MainThread:139624799057728> (requestor.py:_fetch_single_async:206 -> middleware.py:apply_async:115) from logger `RFC.middleware_status_code`
[INFO] applied on AudioBookAudioPage(810377).AudioBookAudioFile(810377), sent

2024-04-08 16:59:48,414 <requestor-worker-0:1416405, MainThread:139624799057728> (requestor.py:_fetch_single_async:206 -> middleware.py:apply_async:112) from logger `RFC.middleware_status_code`
[INFO] applying on AudioBookAudioPage(810380).AudioBookAudioFile(810380), received

2024-04-08 16:59:48,416 <requestor-worker-0:1416405, MainThread:139624799057728> (middleware.py:_apply_async:180 -> middleware.py:_apply_sync:169) from logger `RFC.middleware_status_code`
[INFO] status code 200 in response of AudioBookAudioPage(810380).AudioBookAudioFile(810380)

2024-04-08 16:59:48,420 <requestor-worker-0:1416405, MainThread:139624799057728> (requestor.py:_fetch_single_async:206 -> middleware.py:apply_async:115) from logger `RFC.middleware_status_code`
[INFO] applied on AudioBookAudioPage(810380).AudioBookAudioFile(810380), sent

2024-04-08 16:59:50,303 <requestor-worker-0:1416405, MainThread:139624799057728> (requestor.py:_fetch_single_async:206 -> middleware.py:apply_async:112) from logger `RFC.middleware_status_code`
[INFO] applying on AudioBookAudioPage(810514).AudioBookAudioFile(810514), received

2024-04-08 16:59:50,304 <requestor-worker-0:1416405, MainThread:139624799057728> (middleware.py:_apply_async:180 -> middleware.py:_apply_sync:169) from logger `RFC.middleware_status_code`
[INFO] status code 200 in response of AudioBookAudioPage(810514).AudioBookAudioFile(810514)

2024-04-08 16:59:50,306 <requestor-worker-0:1416405, MainThread:139624799057728> (requestor.py:_fetch_single_async:206 -> middleware.py:apply_async:115) from logger `RFC.middleware_status_code`
[INFO] applied on AudioBookAudioPage(810514).AudioBookAudioFile(810514), sent

2024-04-08 16:59:55,522 <requestor-worker-0:1416405, MainThread:139624799057728> (requestor.py:_fetch_single_async:206 -> middleware.py:apply_async:112) from logger `RFC.middleware_status_code`
[INFO] applying on AudioBookAudioPage(810337).AudioBookAudioFile(810337), received

2024-04-08 16:59:55,525 <requestor-worker-0:1416405, MainThread:139624799057728> (middleware.py:_apply_async:180 -> middleware.py:_apply_sync:169) from logger `RFC.middleware_status_code`
[INFO] status code 200 in response of AudioBookAudioPage(810337).AudioBookAudioFile(810337)

2024-04-08 16:59:55,528 <requestor-worker-0:1416405, MainThread:139624799057728> (requestor.py:_fetch_single_async:206 -> middleware.py:apply_async:115) from logger `RFC.middleware_status_code`
[INFO] applied on AudioBookAudioPage(810337).AudioBookAudioFile(810337), sent

2024-04-08 16:59:56,681 <requestor-worker-0:1416405, MainThread:139624799057728> (requestor.py:_fetch_single_async:206 -> middleware.py:apply_async:112) from logger `RFC.middleware_status_code`
[INFO] applying on AudioBookAudioPage(810342).AudioBookAudioFile(810342), received

2024-04-08 16:59:56,684 <requestor-worker-0:1416405, MainThread:139624799057728> (middleware.py:_apply_async:180 -> middleware.py:_apply_sync:169) from logger `RFC.middleware_status_code`
[INFO] status code 200 in response of AudioBookAudioPage(810342).AudioBookAudioFile(810342)

2024-04-08 16:59:56,688 <requestor-worker-0:1416405, MainThread:139624799057728> (requestor.py:_fetch_single_async:206 -> middleware.py:apply_async:115) from logger `RFC.middleware_status_code`
[INFO] applied on AudioBookAudioPage(810342).AudioBookAudioFile(810342), sent

2024-04-08 16:59:56,877 <requestor-worker-0:1416405, MainThread:139624799057728> (requestor.py:_fetch_single_async:206 -> middleware.py:apply_async:112) from logger `RFC.middleware_status_code`
[INFO] applying on AudioBookAudioPage(810448).AudioBookAudioFile(810448), received

2024-04-08 16:59:56,880 <requestor-worker-0:1416405, MainThread:139624799057728> (middleware.py:_apply_async:180 -> middleware.py:_apply_sync:169) from logger `RFC.middleware_status_code`
[INFO] status code 200 in response of AudioBookAudioPage(810448).AudioBookAudioFile(810448)

2024-04-08 16:59:56,883 <requestor-worker-0:1416405, MainThread:139624799057728> (requestor.py:_fetch_single_async:206 -> middleware.py:apply_async:115) from logger `RFC.middleware_status_code`
[INFO] applied on AudioBookAudioPage(810448).AudioBookAudioFile(810448), sent

2024-04-08 17:00:28,994 <requestor-worker-0:1416405, MainThread:139624799057728> (requestor.py:_fetch_single_async:206 -> middleware.py:apply_async:112) from logger `RFC.middleware_status_code`
[INFO] applying on AudioBookAudioPage(810432).AudioBookAudioFile(810432), received

2024-04-08 17:00:29,000 <requestor-worker-0:1416405, MainThread:139624799057728> (middleware.py:_apply_async:180 -> middleware.py:_apply_sync:169) from logger `RFC.middleware_status_code`
[INFO] status code 200 in response of AudioBookAudioPage(810432).AudioBookAudioFile(810432)

2024-04-08 17:00:29,030 <requestor-worker-0:1416405, MainThread:139624799057728> (requestor.py:_fetch_single_async:206 -> middleware.py:apply_async:115) from logger `RFC.middleware_status_code`
[INFO] applied on AudioBookAudioPage(810432).AudioBookAudioFile(810432), sent

2024-04-08 17:00:30,973 <requestor-worker-0:1416405, MainThread:139624799057728> (requestor.py:_fetch_single_async:206 -> middleware.py:apply_async:112) from logger `RFC.middleware_status_code`
[INFO] applying on AudioBookAudioPage(810497).AudioBookAudioFile(810497), received

2024-04-08 17:00:30,976 <requestor-worker-0:1416405, MainThread:139624799057728> (middleware.py:_apply_async:180 -> middleware.py:_apply_sync:169) from logger `RFC.middleware_status_code`
[INFO] status code 200 in response of AudioBookAudioPage(810497).AudioBookAudioFile(810497)

2024-04-08 17:00:30,979 <requestor-worker-0:1416405, MainThread:139624799057728> (requestor.py:_fetch_single_async:206 -> middleware.py:apply_async:115) from logger `RFC.middleware_status_code`
[INFO] applied on AudioBookAudioPage(810497).AudioBookAudioFile(810497), sent

2024-04-08 17:00:36,115 <requestor-worker-0:1416405, MainThread:139624799057728> (requestor.py:_fetch_single_async:206 -> middleware.py:apply_async:112) from logger `RFC.middleware_status_code`
[INFO] applying on AudioBookAudioPage(810502).AudioBookAudioFile(810502), received

2024-04-08 17:00:36,118 <requestor-worker-0:1416405, MainThread:139624799057728> (middleware.py:_apply_async:180 -> middleware.py:_apply_sync:169) from logger `RFC.middleware_status_code`
[INFO] status code 200 in response of AudioBookAudioPage(810502).AudioBookAudioFile(810502)

2024-04-08 17:00:36,121 <requestor-worker-0:1416405, MainThread:139624799057728> (requestor.py:_fetch_single_async:206 -> middleware.py:apply_async:115) from logger `RFC.middleware_status_code`
[INFO] applied on AudioBookAudioPage(810502).AudioBookAudioFile(810502), sent

2024-04-08 17:00:43,458 <requestor-worker-0:1416405, MainThread:139624799057728> (requestor.py:_fetch_single_async:206 -> middleware.py:apply_async:112) from logger `RFC.middleware_status_code`
[INFO] applying on AudioBookAudioPage(810504).AudioBookAudioFile(810504), received

2024-04-08 17:00:43,461 <requestor-worker-0:1416405, MainThread:139624799057728> (middleware.py:_apply_async:180 -> middleware.py:_apply_sync:169) from logger `RFC.middleware_status_code`
[INFO] status code 200 in response of AudioBookAudioPage(810504).AudioBookAudioFile(810504)

2024-04-08 17:00:43,464 <requestor-worker-0:1416405, MainThread:139624799057728> (requestor.py:_fetch_single_async:206 -> middleware.py:apply_async:115) from logger `RFC.middleware_status_code`
[INFO] applied on AudioBookAudioPage(810504).AudioBookAudioFile(810504), sent

2024-04-08 17:00:43,655 <requestor-worker-0:1416405, MainThread:139624799057728> (requestor.py:_fetch_single_async:206 -> middleware.py:apply_async:112) from logger `RFC.middleware_status_code`
[INFO] applying on AudioBookAudioPage(810543).AudioBookAudioFile(810543), received

2024-04-08 17:00:43,658 <requestor-worker-0:1416405, MainThread:139624799057728> (middleware.py:_apply_async:180 -> middleware.py:_apply_sync:169) from logger `RFC.middleware_status_code`
[INFO] status code 200 in response of AudioBookAudioPage(810543).AudioBookAudioFile(810543)

2024-04-08 17:00:43,661 <requestor-worker-0:1416405, MainThread:139624799057728> (requestor.py:_fetch_single_async:206 -> middleware.py:apply_async:115) from logger `RFC.middleware_status_code`
[INFO] applied on AudioBookAudioPage(810543).AudioBookAudioFile(810543), sent

2024-04-08 17:00:44,454 <requestor-worker-0:1416405, MainThread:139624799057728> (requestor.py:_fetch_single_async:206 -> middleware.py:apply_async:112) from logger `RFC.middleware_status_code`
[INFO] applying on AudioBookAudioPage(810505).AudioBookAudioFile(810505), received

2024-04-08 17:00:44,471 <requestor-worker-0:1416405, MainThread:139624799057728> (middleware.py:_apply_async:180 -> middleware.py:_apply_sync:169) from logger `RFC.middleware_status_code`
[INFO] status code 200 in response of AudioBookAudioPage(810505).AudioBookAudioFile(810505)

2024-04-08 17:00:44,475 <requestor-worker-0:1416405, MainThread:139624799057728> (requestor.py:_fetch_single_async:206 -> middleware.py:apply_async:115) from logger `RFC.middleware_status_code`
[INFO] applied on AudioBookAudioPage(810505).AudioBookAudioFile(810505), sent

2024-04-08 17:00:48,012 <requestor-worker-0:1416405, MainThread:139624799057728> (requestor.py:_fetch_single_async:206 -> middleware.py:apply_async:112) from logger `RFC.middleware_status_code`
[INFO] applying on AudioBookAudioPage(810377).AudioBookAudioFile(810377), received

2024-04-08 17:00:48,013 <requestor-worker-0:1416405, MainThread:139624799057728> (middleware.py:_apply_async:180 -> middleware.py:_apply_sync:169) from logger `RFC.middleware_status_code`
[INFO] status code 200 in response of AudioBookAudioPage(810377).AudioBookAudioFile(810377)

2024-04-08 17:00:48,016 <requestor-worker-0:1416405, MainThread:139624799057728> (requestor.py:_fetch_single_async:206 -> middleware.py:apply_async:115) from logger `RFC.middleware_status_code`
[INFO] applied on AudioBookAudioPage(810377).AudioBookAudioFile(810377), sent

2024-04-08 17:00:48,112 <requestor-worker-0:1416405, MainThread:139624799057728> (requestor.py:_fetch_single_async:206 -> middleware.py:apply_async:112) from logger `RFC.middleware_status_code`
[INFO] applying on AudioBookAudioPage(810380).AudioBookAudioFile(810380), received

2024-04-08 17:00:48,114 <requestor-worker-0:1416405, MainThread:139624799057728> (middleware.py:_apply_async:180 -> middleware.py:_apply_sync:169) from logger `RFC.middleware_status_code`
[INFO] status code 200 in response of AudioBookAudioPage(810380).AudioBookAudioFile(810380)

2024-04-08 17:00:48,117 <requestor-worker-0:1416405, MainThread:139624799057728> (requestor.py:_fetch_single_async:206 -> middleware.py:apply_async:115) from logger `RFC.middleware_status_code`
[INFO] applied on AudioBookAudioPage(810380).AudioBookAudioFile(810380), sent

2024-04-08 17:00:50,873 <requestor-worker-0:1416405, MainThread:139624799057728> (requestor.py:_fetch_single_async:206 -> middleware.py:apply_async:112) from logger `RFC.middleware_status_code`
[INFO] applying on AudioBookAudioPage(810548), received

2024-04-08 17:00:50,876 <requestor-worker-0:1416405, MainThread:139624799057728> (middleware.py:_apply_async:180 -> middleware.py:_apply_sync:169) from logger `RFC.middleware_status_code`
[INFO] status code 200 in response of AudioBookAudioPage(810548)

2024-04-08 17:00:50,879 <requestor-worker-0:1416405, MainThread:139624799057728> (requestor.py:_fetch_single_async:206 -> middleware.py:apply_async:115) from logger `RFC.middleware_status_code`
[INFO] applied on AudioBookAudioPage(810548), sent

2024-04-08 17:00:51,196 <requestor-worker-0:1416405, MainThread:139624799057728> (requestor.py:_fetch_single_async:206 -> middleware.py:apply_async:112) from logger `RFC.middleware_status_code`
[INFO] applying on AudioBookAudioPage(810549), received

2024-04-08 17:00:51,198 <requestor-worker-0:1416405, MainThread:139624799057728> (middleware.py:_apply_async:180 -> middleware.py:_apply_sync:169) from logger `RFC.middleware_status_code`
[INFO] status code 200 in response of AudioBookAudioPage(810549)

2024-04-08 17:00:51,201 <requestor-worker-0:1416405, MainThread:139624799057728> (requestor.py:_fetch_single_async:206 -> middleware.py:apply_async:115) from logger `RFC.middleware_status_code`
[INFO] applied on AudioBookAudioPage(810549), sent

2024-04-08 17:01:00,703 <requestor-worker-0:1416405, MainThread:139624799057728> (requestor.py:_fetch_single_async:206 -> middleware.py:apply_async:112) from logger `RFC.middleware_status_code`
[INFO] applying on AudioBookAudioPage(810448).AudioBookAudioFile(810448), received

2024-04-08 17:01:00,706 <requestor-worker-0:1416405, MainThread:139624799057728> (middleware.py:_apply_async:180 -> middleware.py:_apply_sync:169) from logger `RFC.middleware_status_code`
[INFO] status code 200 in response of AudioBookAudioPage(810448).AudioBookAudioFile(810448)

2024-04-08 17:01:00,711 <requestor-worker-0:1416405, MainThread:139624799057728> (requestor.py:_fetch_single_async:206 -> middleware.py:apply_async:115) from logger `RFC.middleware_status_code`
[INFO] applied on AudioBookAudioPage(810448).AudioBookAudioFile(810448), sent

2024-04-08 17:01:00,822 <requestor-worker-0:1416405, MainThread:139624799057728> (requestor.py:_fetch_single_async:206 -> middleware.py:apply_async:112) from logger `RFC.middleware_status_code`
[INFO] applying on AudioBookAudioPage(810548).AudioBookAudioFile(810548), received

2024-04-08 17:01:00,824 <requestor-worker-0:1416405, MainThread:139624799057728> (middleware.py:_apply_async:180 -> middleware.py:_apply_sync:169) from logger `RFC.middleware_status_code`
[INFO] status code 200 in response of AudioBookAudioPage(810548).AudioBookAudioFile(810548)

2024-04-08 17:01:00,827 <requestor-worker-0:1416405, MainThread:139624799057728> (requestor.py:_fetch_single_async:206 -> middleware.py:apply_async:115) from logger `RFC.middleware_status_code`
[INFO] applied on AudioBookAudioPage(810548).AudioBookAudioFile(810548), sent

2024-04-08 17:01:00,988 <requestor-worker-0:1416405, MainThread:139624799057728> (requestor.py:_fetch_single_async:206 -> middleware.py:apply_async:112) from logger `RFC.middleware_status_code`
[INFO] applying on AudioBookAudioPage(810514).AudioBookAudioFile(810514), received

2024-04-08 17:01:00,998 <requestor-worker-0:1416405, MainThread:139624799057728> (middleware.py:_apply_async:180 -> middleware.py:_apply_sync:169) from logger `RFC.middleware_status_code`
[INFO] status code 200 in response of AudioBookAudioPage(810514).AudioBookAudioFile(810514)

2024-04-08 17:01:01,000 <requestor-worker-0:1416405, MainThread:139624799057728> (requestor.py:_fetch_single_async:206 -> middleware.py:apply_async:115) from logger `RFC.middleware_status_code`
[INFO] applied on AudioBookAudioPage(810514).AudioBookAudioFile(810514), sent

2024-04-08 17:01:06,304 <requestor-worker-0:1416405, MainThread:139624799057728> (requestor.py:_fetch_single_async:206 -> middleware.py:apply_async:112) from logger `RFC.middleware_status_code`
[INFO] applying on AudioBookAudioPage(810549).AudioBookAudioFile(810549), received

2024-04-08 17:01:06,305 <requestor-worker-0:1416405, MainThread:139624799057728> (middleware.py:_apply_async:180 -> middleware.py:_apply_sync:169) from logger `RFC.middleware_status_code`
[INFO] status code 200 in response of AudioBookAudioPage(810549).AudioBookAudioFile(810549)

2024-04-08 17:01:06,307 <requestor-worker-0:1416405, MainThread:139624799057728> (requestor.py:_fetch_single_async:206 -> middleware.py:apply_async:115) from logger `RFC.middleware_status_code`
[INFO] applied on AudioBookAudioPage(810549).AudioBookAudioFile(810549), sent

2024-04-08 17:01:10,723 <requestor-worker-0:1416405, MainThread:139624799057728> (requestor.py:_fetch_single_async:206 -> middleware.py:apply_async:112) from logger `RFC.middleware_status_code`
[INFO] applying on AudioBookAudioPage(810567), received

2024-04-08 17:01:10,726 <requestor-worker-0:1416405, MainThread:139624799057728> (middleware.py:_apply_async:180 -> middleware.py:_apply_sync:169) from logger `RFC.middleware_status_code`
[INFO] status code 200 in response of AudioBookAudioPage(810567)

2024-04-08 17:01:10,730 <requestor-worker-0:1416405, MainThread:139624799057728> (requestor.py:_fetch_single_async:206 -> middleware.py:apply_async:115) from logger `RFC.middleware_status_code`
[INFO] applied on AudioBookAudioPage(810567), sent

2024-04-08 17:01:11,279 <requestor-worker-0:1416405, MainThread:139624799057728> (requestor.py:_fetch_single_async:206 -> middleware.py:apply_async:112) from logger `RFC.middleware_status_code`
[INFO] applying on AudioBookAudioPage(810553).AudioBookAudioFile(810553), received

2024-04-08 17:01:11,281 <requestor-worker-0:1416405, MainThread:139624799057728> (middleware.py:_apply_async:180 -> middleware.py:_apply_sync:169) from logger `RFC.middleware_status_code`
[INFO] status code 200 in response of AudioBookAudioPage(810553).AudioBookAudioFile(810553)

2024-04-08 17:01:11,288 <requestor-worker-0:1416405, MainThread:139624799057728> (requestor.py:_fetch_single_async:206 -> middleware.py:apply_async:115) from logger `RFC.middleware_status_code`
[INFO] applied on AudioBookAudioPage(810553).AudioBookAudioFile(810553), sent

2024-04-08 17:01:13,930 <requestor-worker-0:1416405, MainThread:139624799057728> (requestor.py:_fetch_single_async:206 -> middleware.py:apply_async:112) from logger `RFC.middleware_status_code`
[INFO] applying on AudioBookAudioPage(810569), received

2024-04-08 17:01:13,933 <requestor-worker-0:1416405, MainThread:139624799057728> (middleware.py:_apply_async:180 -> middleware.py:_apply_sync:169) from logger `RFC.middleware_status_code`
[INFO] status code 200 in response of AudioBookAudioPage(810569)

2024-04-08 17:01:13,937 <requestor-worker-0:1416405, MainThread:139624799057728> (requestor.py:_fetch_single_async:206 -> middleware.py:apply_async:115) from logger `RFC.middleware_status_code`
[INFO] applied on AudioBookAudioPage(810569), sent

2024-04-08 17:01:16,538 <requestor-worker-0:1416405, MainThread:139624799057728> (requestor.py:_fetch_single_async:206 -> middleware.py:apply_async:112) from logger `RFC.middleware_status_code`
[INFO] applying on AudioBookAudioPage(810570), received

2024-04-08 17:01:16,541 <requestor-worker-0:1416405, MainThread:139624799057728> (middleware.py:_apply_async:180 -> middleware.py:_apply_sync:169) from logger `RFC.middleware_status_code`
[INFO] status code 200 in response of AudioBookAudioPage(810570)

2024-04-08 17:01:16,543 <requestor-worker-0:1416405, MainThread:139624799057728> (requestor.py:_fetch_single_async:206 -> middleware.py:apply_async:115) from logger `RFC.middleware_status_code`
[INFO] applied on AudioBookAudioPage(810570), sent

2024-04-08 17:01:19,121 <requestor-worker-0:1416405, MainThread:139624799057728> (requestor.py:_fetch_single_async:206 -> middleware.py:apply_async:112) from logger `RFC.middleware_status_code`
[INFO] applying on AudioBookAudioPage(810572), received

2024-04-08 17:01:19,124 <requestor-worker-0:1416405, MainThread:139624799057728> (middleware.py:_apply_async:180 -> middleware.py:_apply_sync:169) from logger `RFC.middleware_status_code`
[INFO] status code 200 in response of AudioBookAudioPage(810572)

2024-04-08 17:01:19,126 <requestor-worker-0:1416405, MainThread:139624799057728> (requestor.py:_fetch_single_async:206 -> middleware.py:apply_async:115) from logger `RFC.middleware_status_code`
[INFO] applied on AudioBookAudioPage(810572), sent

2024-04-08 17:01:21,486 <requestor-worker-0:1416405, MainThread:139624799057728> (requestor.py:_fetch_single_async:206 -> middleware.py:apply_async:112) from logger `RFC.middleware_status_code`
[INFO] applying on AudioBookAudioPage(810573), received

2024-04-08 17:01:21,487 <requestor-worker-0:1416405, MainThread:139624799057728> (middleware.py:_apply_async:180 -> middleware.py:_apply_sync:169) from logger `RFC.middleware_status_code`
[INFO] status code 200 in response of AudioBookAudioPage(810573)

2024-04-08 17:01:21,489 <requestor-worker-0:1416405, MainThread:139624799057728> (requestor.py:_fetch_single_async:206 -> middleware.py:apply_async:115) from logger `RFC.middleware_status_code`
[INFO] applied on AudioBookAudioPage(810573), sent

2024-04-08 17:01:25,455 <requestor-worker-0:1416405, MainThread:139624799057728> (requestor.py:_fetch_single_async:206 -> middleware.py:apply_async:112) from logger `RFC.middleware_status_code`
[INFO] applying on AudioBookAudioPage(810573).AudioBookAudioFile(810573), received

2024-04-08 17:01:25,458 <requestor-worker-0:1416405, MainThread:139624799057728> (middleware.py:_apply_async:180 -> middleware.py:_apply_sync:169) from logger `RFC.middleware_status_code`
[INFO] status code 200 in response of AudioBookAudioPage(810573).AudioBookAudioFile(810573)

2024-04-08 17:01:25,460 <requestor-worker-0:1416405, MainThread:139624799057728> (requestor.py:_fetch_single_async:206 -> middleware.py:apply_async:115) from logger `RFC.middleware_status_code`
[INFO] applied on AudioBookAudioPage(810573).AudioBookAudioFile(810573), sent

2024-04-08 17:01:26,516 <requestor-worker-0:1416405, MainThread:139624799057728> (requestor.py:_fetch_single_async:206 -> middleware.py:apply_async:112) from logger `RFC.middleware_status_code`
[INFO] applying on AudioBookAudioPage(810572).AudioBookAudioFile(810572), received

2024-04-08 17:01:26,519 <requestor-worker-0:1416405, MainThread:139624799057728> (middleware.py:_apply_async:180 -> middleware.py:_apply_sync:169) from logger `RFC.middleware_status_code`
[INFO] status code 200 in response of AudioBookAudioPage(810572).AudioBookAudioFile(810572)

2024-04-08 17:01:26,521 <requestor-worker-0:1416405, MainThread:139624799057728> (requestor.py:_fetch_single_async:206 -> middleware.py:apply_async:115) from logger `RFC.middleware_status_code`
[INFO] applied on AudioBookAudioPage(810572).AudioBookAudioFile(810572), sent

2024-04-08 17:01:31,231 <requestor-worker-0:1416405, MainThread:139624799057728> (requestor.py:_fetch_single_async:206 -> middleware.py:apply_async:112) from logger `RFC.middleware_status_code`
[INFO] applying on AudioBookAudioPage(810432).AudioBookAudioFile(810432), received

2024-04-08 17:01:31,232 <requestor-worker-0:1416405, MainThread:139624799057728> (middleware.py:_apply_async:180 -> middleware.py:_apply_sync:169) from logger `RFC.middleware_status_code`
[INFO] status code 200 in response of AudioBookAudioPage(810432).AudioBookAudioFile(810432)

2024-04-08 17:01:31,233 <requestor-worker-0:1416405, MainThread:139624799057728> (requestor.py:_fetch_single_async:206 -> middleware.py:apply_async:115) from logger `RFC.middleware_status_code`
[INFO] applied on AudioBookAudioPage(810432).AudioBookAudioFile(810432), sent

2024-04-08 17:01:35,881 <requestor-worker-0:1416405, MainThread:139624799057728> (requestor.py:_fetch_single_async:206 -> middleware.py:apply_async:112) from logger `RFC.middleware_status_code`
[INFO] applying on AudioBookAudioPage(810502).AudioBookAudioFile(810502), received

2024-04-08 17:01:35,882 <requestor-worker-0:1416405, MainThread:139624799057728> (middleware.py:_apply_async:180 -> middleware.py:_apply_sync:169) from logger `RFC.middleware_status_code`
[INFO] status code 200 in response of AudioBookAudioPage(810502).AudioBookAudioFile(810502)

2024-04-08 17:01:35,884 <requestor-worker-0:1416405, MainThread:139624799057728> (requestor.py:_fetch_single_async:206 -> middleware.py:apply_async:115) from logger `RFC.middleware_status_code`
[INFO] applied on AudioBookAudioPage(810502).AudioBookAudioFile(810502), sent

2024-04-08 17:01:56,210 <requestor-worker-0:1416405, MainThread:139624799057728> (requestor.py:_fetch_single_async:206 -> middleware.py:apply_async:112) from logger `RFC.middleware_status_code`
[INFO] applying on AudioBookAudioPage(810448).AudioBookAudioFile(810448), received

2024-04-08 17:01:56,213 <requestor-worker-0:1416405, MainThread:139624799057728> (middleware.py:_apply_async:180 -> middleware.py:_apply_sync:169) from logger `RFC.middleware_status_code`
[INFO] status code 200 in response of AudioBookAudioPage(810448).AudioBookAudioFile(810448)

2024-04-08 17:01:56,215 <requestor-worker-0:1416405, MainThread:139624799057728> (requestor.py:_fetch_single_async:206 -> middleware.py:apply_async:115) from logger `RFC.middleware_status_code`
[INFO] applied on AudioBookAudioPage(810448).AudioBookAudioFile(810448), sent

2024-04-08 17:01:56,235 <requestor-worker-0:1416405, MainThread:139624799057728> (requestor.py:_fetch_single_async:206 -> middleware.py:apply_async:112) from logger `RFC.middleware_status_code`
[INFO] applying on AudioBookAudioPage(810514).AudioBookAudioFile(810514), received

2024-04-08 17:01:56,238 <requestor-worker-0:1416405, MainThread:139624799057728> (middleware.py:_apply_async:180 -> middleware.py:_apply_sync:169) from logger `RFC.middleware_status_code`
[INFO] status code 200 in response of AudioBookAudioPage(810514).AudioBookAudioFile(810514)

2024-04-08 17:01:56,240 <requestor-worker-0:1416405, MainThread:139624799057728> (requestor.py:_fetch_single_async:206 -> middleware.py:apply_async:115) from logger `RFC.middleware_status_code`
[INFO] applied on AudioBookAudioPage(810514).AudioBookAudioFile(810514), sent

2024-04-08 17:01:57,387 <requestor-worker-0:1416405, MainThread:139624799057728> (requestor.py:_fetch_single_async:206 -> middleware.py:apply_async:112) from logger `RFC.middleware_status_code`
[INFO] applying on AudioBookAudioPage(810548).AudioBookAudioFile(810548), received

2024-04-08 17:01:57,389 <requestor-worker-0:1416405, MainThread:139624799057728> (middleware.py:_apply_async:180 -> middleware.py:_apply_sync:169) from logger `RFC.middleware_status_code`
[INFO] status code 200 in response of AudioBookAudioPage(810548).AudioBookAudioFile(810548)

2024-04-08 17:01:57,391 <requestor-worker-0:1416405, MainThread:139624799057728> (requestor.py:_fetch_single_async:206 -> middleware.py:apply_async:115) from logger `RFC.middleware_status_code`
[INFO] applied on AudioBookAudioPage(810548).AudioBookAudioFile(810548), sent

2024-04-08 17:01:58,869 <requestor-worker-0:1416405, MainThread:139624799057728> (requestor.py:_fetch_single_async:206 -> middleware.py:apply_async:112) from logger `RFC.middleware_status_code`
[INFO] applying on AudioBookAudioPage(810582), received

2024-04-08 17:01:58,873 <requestor-worker-0:1416405, MainThread:139624799057728> (middleware.py:_apply_async:180 -> middleware.py:_apply_sync:169) from logger `RFC.middleware_status_code`
[INFO] status code 200 in response of AudioBookAudioPage(810582)

2024-04-08 17:01:58,876 <requestor-worker-0:1416405, MainThread:139624799057728> (requestor.py:_fetch_single_async:206 -> middleware.py:apply_async:115) from logger `RFC.middleware_status_code`
[INFO] applied on AudioBookAudioPage(810582), sent

2024-04-08 17:02:00,552 <requestor-worker-0:1416405, MainThread:139624799057728> (requestor.py:_fetch_single_async:206 -> middleware.py:apply_async:112) from logger `RFC.middleware_status_code`
[INFO] applying on AudioBookAudioPage(810593), received

2024-04-08 17:02:00,555 <requestor-worker-0:1416405, MainThread:139624799057728> (middleware.py:_apply_async:180 -> middleware.py:_apply_sync:169) from logger `RFC.middleware_status_code`
[INFO] status code 200 in response of AudioBookAudioPage(810593)

2024-04-08 17:02:00,558 <requestor-worker-0:1416405, MainThread:139624799057728> (requestor.py:_fetch_single_async:206 -> middleware.py:apply_async:115) from logger `RFC.middleware_status_code`
[INFO] applied on AudioBookAudioPage(810593), sent

2024-04-08 17:02:04,443 <requestor-worker-0:1416405, MainThread:139624799057728> (requestor.py:_fetch_single_async:206 -> middleware.py:apply_async:112) from logger `RFC.middleware_status_code`
[INFO] applying on AudioBookAudioPage(810591).AudioBookAudioFile(810591), received

2024-04-08 17:02:04,446 <requestor-worker-0:1416405, MainThread:139624799057728> (middleware.py:_apply_async:180 -> middleware.py:_apply_sync:169) from logger `RFC.middleware_status_code`
[INFO] status code 200 in response of AudioBookAudioPage(810591).AudioBookAudioFile(810591)

2024-04-08 17:02:04,451 <requestor-worker-0:1416405, MainThread:139624799057728> (requestor.py:_fetch_single_async:206 -> middleware.py:apply_async:115) from logger `RFC.middleware_status_code`
[INFO] applied on AudioBookAudioPage(810591).AudioBookAudioFile(810591), sent

2024-04-08 17:02:05,451 <requestor-worker-0:1416405, MainThread:139624799057728> (requestor.py:_fetch_single_async:206 -> middleware.py:apply_async:112) from logger `RFC.middleware_status_code`
[INFO] applying on AudioBookAudioPage(810553).AudioBookAudioFile(810553), received

2024-04-08 17:02:05,454 <requestor-worker-0:1416405, MainThread:139624799057728> (middleware.py:_apply_async:180 -> middleware.py:_apply_sync:169) from logger `RFC.middleware_status_code`
[INFO] status code 200 in response of AudioBookAudioPage(810553).AudioBookAudioFile(810553)

2024-04-08 17:02:05,457 <requestor-worker-0:1416405, MainThread:139624799057728> (requestor.py:_fetch_single_async:206 -> middleware.py:apply_async:115) from logger `RFC.middleware_status_code`
[INFO] applied on AudioBookAudioPage(810553).AudioBookAudioFile(810553), sent

2024-04-08 17:02:06,339 <requestor-worker-0:1416405, MainThread:139624799057728> (requestor.py:_fetch_single_async:206 -> middleware.py:apply_async:112) from logger `RFC.middleware_status_code`
[INFO] applying on AudioBookAudioPage(810599), received

2024-04-08 17:02:06,341 <requestor-worker-0:1416405, MainThread:139624799057728> (middleware.py:_apply_async:180 -> middleware.py:_apply_sync:169) from logger `RFC.middleware_status_code`
[INFO] status code 200 in response of AudioBookAudioPage(810599)

2024-04-08 17:02:06,342 <requestor-worker-0:1416405, MainThread:139624799057728> (requestor.py:_fetch_single_async:206 -> middleware.py:apply_async:115) from logger `RFC.middleware_status_code`
[INFO] applied on AudioBookAudioPage(810599), sent

2024-04-08 17:02:08,895 <requestor-worker-0:1416405, MainThread:139624799057728> (requestor.py:_fetch_single_async:206 -> middleware.py:apply_async:112) from logger `RFC.middleware_status_code`
[INFO] applying on AudioBookAudioPage(810608), received

2024-04-08 17:02:08,899 <requestor-worker-0:1416405, MainThread:139624799057728> (requestor.py:_fetch_single_async:206 -> middleware.py:apply_async:119) from logger `RFC.middleware_status_code`
[ERROR] failed on AudioBookAudioPage(810608), caught error ValueError('unexpected status code 404 in response of AudioBookAudioPage(810608)')

2024-04-08 17:02:11,601 <requestor-worker-0:1416405, MainThread:139624799057728> (requestor.py:_fetch_single_async:206 -> middleware.py:apply_async:112) from logger `RFC.middleware_status_code`
[INFO] applying on AudioBookAudioPage(810616), received

2024-04-08 17:02:11,604 <requestor-worker-0:1416405, MainThread:139624799057728> (middleware.py:_apply_async:180 -> middleware.py:_apply_sync:169) from logger `RFC.middleware_status_code`
[INFO] status code 200 in response of AudioBookAudioPage(810616)

2024-04-08 17:02:11,606 <requestor-worker-0:1416405, MainThread:139624799057728> (requestor.py:_fetch_single_async:206 -> middleware.py:apply_async:115) from logger `RFC.middleware_status_code`
[INFO] applied on AudioBookAudioPage(810616), sent

2024-04-08 17:02:14,302 <requestor-worker-0:1416405, MainThread:139624799057728> (requestor.py:_fetch_single_async:206 -> middleware.py:apply_async:112) from logger `RFC.middleware_status_code`
[INFO] applying on AudioBookAudioPage(810620), received

2024-04-08 17:02:14,305 <requestor-worker-0:1416405, MainThread:139624799057728> (middleware.py:_apply_async:180 -> middleware.py:_apply_sync:169) from logger `RFC.middleware_status_code`
[INFO] status code 200 in response of AudioBookAudioPage(810620)

2024-04-08 17:02:14,307 <requestor-worker-0:1416405, MainThread:139624799057728> (requestor.py:_fetch_single_async:206 -> middleware.py:apply_async:115) from logger `RFC.middleware_status_code`
[INFO] applied on AudioBookAudioPage(810620), sent

2024-04-08 17:02:18,083 <requestor-worker-0:1416405, MainThread:139624799057728> (requestor.py:_fetch_single_async:206 -> middleware.py:apply_async:112) from logger `RFC.middleware_status_code`
[INFO] applying on AudioBookAudioPage(810624).AudioBookAudioFile(810624), received

2024-04-08 17:02:18,086 <requestor-worker-0:1416405, MainThread:139624799057728> (middleware.py:_apply_async:180 -> middleware.py:_apply_sync:169) from logger `RFC.middleware_status_code`
[INFO] status code 200 in response of AudioBookAudioPage(810624).AudioBookAudioFile(810624)

2024-04-08 17:02:18,089 <requestor-worker-0:1416405, MainThread:139624799057728> (requestor.py:_fetch_single_async:206 -> middleware.py:apply_async:115) from logger `RFC.middleware_status_code`
[INFO] applied on AudioBookAudioPage(810624).AudioBookAudioFile(810624), sent

2024-04-08 17:02:19,537 <requestor-worker-0:1416405, MainThread:139624799057728> (requestor.py:_fetch_single_async:206 -> middleware.py:apply_async:112) from logger `RFC.middleware_status_code`
[INFO] applying on AudioBookAudioPage(810627), received

2024-04-08 17:02:19,539 <requestor-worker-0:1416405, MainThread:139624799057728> (requestor.py:_fetch_single_async:206 -> middleware.py:apply_async:119) from logger `RFC.middleware_status_code`
[ERROR] failed on AudioBookAudioPage(810627), caught error ValueError('unexpected status code 404 in response of AudioBookAudioPage(810627)')

2024-04-08 17:02:23,186 <requestor-worker-0:1416405, MainThread:139624799057728> (requestor.py:_fetch_single_async:206 -> middleware.py:apply_async:112) from logger `RFC.middleware_status_code`
[INFO] applying on AudioBookAudioPage(810621).AudioBookAudioFile(810621), received

2024-04-08 17:02:23,189 <requestor-worker-0:1416405, MainThread:139624799057728> (middleware.py:_apply_async:180 -> middleware.py:_apply_sync:169) from logger `RFC.middleware_status_code`
[INFO] status code 200 in response of AudioBookAudioPage(810621).AudioBookAudioFile(810621)

2024-04-08 17:02:23,193 <requestor-worker-0:1416405, MainThread:139624799057728> (requestor.py:_fetch_single_async:206 -> middleware.py:apply_async:115) from logger `RFC.middleware_status_code`
[INFO] applied on AudioBookAudioPage(810621).AudioBookAudioFile(810621), sent

2024-04-08 17:02:27,162 <requestor-worker-0:1416405, MainThread:139624799057728> (requestor.py:_fetch_single_async:206 -> middleware.py:apply_async:112) from logger `RFC.middleware_status_code`
[INFO] applying on AudioBookAudioPage(810573).AudioBookAudioFile(810573), received

2024-04-08 17:02:27,163 <requestor-worker-0:1416405, MainThread:139624799057728> (middleware.py:_apply_async:180 -> middleware.py:_apply_sync:169) from logger `RFC.middleware_status_code`
[INFO] status code 200 in response of AudioBookAudioPage(810573).AudioBookAudioFile(810573)

2024-04-08 17:02:27,164 <requestor-worker-0:1416405, MainThread:139624799057728> (requestor.py:_fetch_single_async:206 -> middleware.py:apply_async:115) from logger `RFC.middleware_status_code`
[INFO] applied on AudioBookAudioPage(810573).AudioBookAudioFile(810573), sent

2024-04-08 17:02:28,155 <requestor-worker-0:1416405, MainThread:139624799057728> (requestor.py:_fetch_single_async:206 -> middleware.py:apply_async:112) from logger `RFC.middleware_status_code`
[INFO] applying on AudioBookAudioPage(810572).AudioBookAudioFile(810572), received

2024-04-08 17:02:28,157 <requestor-worker-0:1416405, MainThread:139624799057728> (middleware.py:_apply_async:180 -> middleware.py:_apply_sync:169) from logger `RFC.middleware_status_code`
[INFO] status code 200 in response of AudioBookAudioPage(810572).AudioBookAudioFile(810572)

2024-04-08 17:02:28,160 <requestor-worker-0:1416405, MainThread:139624799057728> (requestor.py:_fetch_single_async:206 -> middleware.py:apply_async:115) from logger `RFC.middleware_status_code`
[INFO] applied on AudioBookAudioPage(810572).AudioBookAudioFile(810572), sent

2024-04-08 17:02:39,845 <requestor-worker-0:1416405, MainThread:139624799057728> (requestor.py:_fetch_single_async:206 -> middleware.py:apply_async:112) from logger `RFC.middleware_status_code`
[INFO] applying on AudioBookAudioPage(810502).AudioBookAudioFile(810502), received

2024-04-08 17:02:39,848 <requestor-worker-0:1416405, MainThread:139624799057728> (middleware.py:_apply_async:180 -> middleware.py:_apply_sync:169) from logger `RFC.middleware_status_code`
[INFO] status code 200 in response of AudioBookAudioPage(810502).AudioBookAudioFile(810502)

2024-04-08 17:02:39,850 <requestor-worker-0:1416405, MainThread:139624799057728> (requestor.py:_fetch_single_async:206 -> middleware.py:apply_async:115) from logger `RFC.middleware_status_code`
[INFO] applied on AudioBookAudioPage(810502).AudioBookAudioFile(810502), sent

2024-04-08 17:02:39,885 <requestor-worker-0:1416405, MainThread:139624799057728> (requestor.py:_fetch_single_async:206 -> middleware.py:apply_async:112) from logger `RFC.middleware_status_code`
[INFO] applying on AudioBookAudioPage(810648).AudioBookAudioFile(810648), received

2024-04-08 17:02:39,888 <requestor-worker-0:1416405, MainThread:139624799057728> (middleware.py:_apply_async:180 -> middleware.py:_apply_sync:169) from logger `RFC.middleware_status_code`
[INFO] status code 200 in response of AudioBookAudioPage(810648).AudioBookAudioFile(810648)

2024-04-08 17:02:39,894 <requestor-worker-0:1416405, MainThread:139624799057728> (requestor.py:_fetch_single_async:206 -> middleware.py:apply_async:115) from logger `RFC.middleware_status_code`
[INFO] applied on AudioBookAudioPage(810648).AudioBookAudioFile(810648), sent

2024-04-08 17:02:42,103 <requestor-worker-0:1416405, MainThread:139624799057728> (requestor.py:_fetch_single_async:206 -> middleware.py:apply_async:112) from logger `RFC.middleware_status_code`
[INFO] applying on AudioBookAudioPage(810670), received

2024-04-08 17:02:42,106 <requestor-worker-0:1416405, MainThread:139624799057728> (middleware.py:_apply_async:180 -> middleware.py:_apply_sync:169) from logger `RFC.middleware_status_code`
[INFO] status code 200 in response of AudioBookAudioPage(810670)

2024-04-08 17:02:42,109 <requestor-worker-0:1416405, MainThread:139624799057728> (requestor.py:_fetch_single_async:206 -> middleware.py:apply_async:115) from logger `RFC.middleware_status_code`
[INFO] applied on AudioBookAudioPage(810670), sent

2024-04-08 17:02:44,694 <requestor-worker-0:1416405, MainThread:139624799057728> (requestor.py:_fetch_single_async:206 -> middleware.py:apply_async:112) from logger `RFC.middleware_status_code`
[INFO] applying on AudioBookAudioPage(810504).AudioBookAudioFile(810504), received

2024-04-08 17:02:44,697 <requestor-worker-0:1416405, MainThread:139624799057728> (middleware.py:_apply_async:180 -> middleware.py:_apply_sync:169) from logger `RFC.middleware_status_code`
[INFO] status code 200 in response of AudioBookAudioPage(810504).AudioBookAudioFile(810504)

2024-04-08 17:02:44,700 <requestor-worker-0:1416405, MainThread:139624799057728> (requestor.py:_fetch_single_async:206 -> middleware.py:apply_async:115) from logger `RFC.middleware_status_code`
[INFO] applied on AudioBookAudioPage(810504).AudioBookAudioFile(810504), sent

2024-04-08 17:02:44,784 <requestor-worker-0:1416405, MainThread:139624799057728> (requestor.py:_fetch_single_async:206 -> middleware.py:apply_async:112) from logger `RFC.middleware_status_code`
[INFO] applying on AudioBookAudioPage(810669).AudioBookAudioFile(810669), received

2024-04-08 17:02:44,786 <requestor-worker-0:1416405, MainThread:139624799057728> (middleware.py:_apply_async:180 -> middleware.py:_apply_sync:169) from logger `RFC.middleware_status_code`
[INFO] status code 200 in response of AudioBookAudioPage(810669).AudioBookAudioFile(810669)

2024-04-08 17:02:44,789 <requestor-worker-0:1416405, MainThread:139624799057728> (requestor.py:_fetch_single_async:206 -> middleware.py:apply_async:115) from logger `RFC.middleware_status_code`
[INFO] applied on AudioBookAudioPage(810669).AudioBookAudioFile(810669), sent

2024-04-08 17:02:45,211 <requestor-worker-0:1416405, MainThread:139624799057728> (requestor.py:_fetch_single_async:206 -> middleware.py:apply_async:112) from logger `RFC.middleware_status_code`
[INFO] applying on AudioBookAudioPage(810671), received

2024-04-08 17:02:45,212 <requestor-worker-0:1416405, MainThread:139624799057728> (middleware.py:_apply_async:180 -> middleware.py:_apply_sync:169) from logger `RFC.middleware_status_code`
[INFO] status code 200 in response of AudioBookAudioPage(810671)

2024-04-08 17:02:45,213 <requestor-worker-0:1416405, MainThread:139624799057728> (requestor.py:_fetch_single_async:206 -> middleware.py:apply_async:115) from logger `RFC.middleware_status_code`
[INFO] applied on AudioBookAudioPage(810671), sent

2024-04-08 17:02:48,878 <requestor-worker-0:1416405, MainThread:139624799057728> (requestor.py:_fetch_single_async:206 -> middleware.py:apply_async:112) from logger `RFC.middleware_status_code`
[INFO] applying on AudioBookAudioPage(810505).AudioBookAudioFile(810505), received

2024-04-08 17:02:48,881 <requestor-worker-0:1416405, MainThread:139624799057728> (middleware.py:_apply_async:180 -> middleware.py:_apply_sync:169) from logger `RFC.middleware_status_code`
[INFO] status code 200 in response of AudioBookAudioPage(810505).AudioBookAudioFile(810505)

2024-04-08 17:02:48,886 <requestor-worker-0:1416405, MainThread:139624799057728> (requestor.py:_fetch_single_async:206 -> middleware.py:apply_async:115) from logger `RFC.middleware_status_code`
[INFO] applied on AudioBookAudioPage(810505).AudioBookAudioFile(810505), sent

2024-04-08 17:02:53,136 <requestor-worker-0:1416405, MainThread:139624799057728> (requestor.py:_fetch_single_async:206 -> middleware.py:apply_async:112) from logger `RFC.middleware_status_code`
[INFO] applying on AudioBookAudioPage(810718).AudioBookAudioFile(810718), received

2024-04-08 17:02:53,138 <requestor-worker-0:1416405, MainThread:139624799057728> (middleware.py:_apply_async:180 -> middleware.py:_apply_sync:169) from logger `RFC.middleware_status_code`
[INFO] status code 200 in response of AudioBookAudioPage(810718).AudioBookAudioFile(810718)

2024-04-08 17:02:53,141 <requestor-worker-0:1416405, MainThread:139624799057728> (requestor.py:_fetch_single_async:206 -> middleware.py:apply_async:115) from logger `RFC.middleware_status_code`
[INFO] applied on AudioBookAudioPage(810718).AudioBookAudioFile(810718), sent

2024-04-08 17:02:57,202 <requestor-worker-0:1416405, MainThread:139624799057728> (requestor.py:_fetch_single_async:206 -> middleware.py:apply_async:112) from logger `RFC.middleware_status_code`
[INFO] applying on AudioBookAudioPage(810543).AudioBookAudioFile(810543), received

2024-04-08 17:02:57,205 <requestor-worker-0:1416405, MainThread:139624799057728> (middleware.py:_apply_async:180 -> middleware.py:_apply_sync:169) from logger `RFC.middleware_status_code`
[INFO] status code 200 in response of AudioBookAudioPage(810543).AudioBookAudioFile(810543)

2024-04-08 17:02:57,208 <requestor-worker-0:1416405, MainThread:139624799057728> (requestor.py:_fetch_single_async:206 -> middleware.py:apply_async:115) from logger `RFC.middleware_status_code`
[INFO] applied on AudioBookAudioPage(810543).AudioBookAudioFile(810543), sent

2024-04-08 17:03:00,478 <requestor-worker-0:1416405, MainThread:139624799057728> (requestor.py:_fetch_single_async:206 -> middleware.py:apply_async:112) from logger `RFC.middleware_status_code`
[INFO] applying on AudioBookAudioPage(810514).AudioBookAudioFile(810514), received

2024-04-08 17:03:00,482 <requestor-worker-0:1416405, MainThread:139624799057728> (middleware.py:_apply_async:180 -> middleware.py:_apply_sync:169) from logger `RFC.middleware_status_code`
[INFO] status code 200 in response of AudioBookAudioPage(810514).AudioBookAudioFile(810514)

2024-04-08 17:03:00,484 <requestor-worker-0:1416405, MainThread:139624799057728> (requestor.py:_fetch_single_async:206 -> middleware.py:apply_async:115) from logger `RFC.middleware_status_code`
[INFO] applied on AudioBookAudioPage(810514).AudioBookAudioFile(810514), sent

2024-04-08 17:03:01,570 <requestor-worker-0:1416405, MainThread:139624799057728> (requestor.py:_fetch_single_async:206 -> middleware.py:apply_async:112) from logger `RFC.middleware_status_code`
[INFO] applying on AudioBookAudioPage(810745).AudioBookAudioFile(810745), received

2024-04-08 17:03:01,574 <requestor-worker-0:1416405, MainThread:139624799057728> (middleware.py:_apply_async:180 -> middleware.py:_apply_sync:169) from logger `RFC.middleware_status_code`
[INFO] status code 200 in response of AudioBookAudioPage(810745).AudioBookAudioFile(810745)

2024-04-08 17:03:01,578 <requestor-worker-0:1416405, MainThread:139624799057728> (requestor.py:_fetch_single_async:206 -> middleware.py:apply_async:115) from logger `RFC.middleware_status_code`
[INFO] applied on AudioBookAudioPage(810745).AudioBookAudioFile(810745), sent

2024-04-08 17:03:11,136 <requestor-worker-0:1416405, MainThread:139624799057728> (requestor.py:_fetch_single_async:206 -> middleware.py:apply_async:112) from logger `RFC.middleware_status_code`
[INFO] applying on AudioBookAudioPage(810553).AudioBookAudioFile(810553), received

2024-04-08 17:03:11,139 <requestor-worker-0:1416405, MainThread:139624799057728> (middleware.py:_apply_async:180 -> middleware.py:_apply_sync:169) from logger `RFC.middleware_status_code`
[INFO] status code 200 in response of AudioBookAudioPage(810553).AudioBookAudioFile(810553)

2024-04-08 17:03:11,165 <requestor-worker-0:1416405, MainThread:139624799057728> (requestor.py:_fetch_single_async:206 -> middleware.py:apply_async:115) from logger `RFC.middleware_status_code`
[INFO] applied on AudioBookAudioPage(810553).AudioBookAudioFile(810553), sent

2024-04-08 17:03:18,089 <requestor-worker-0:1416405, MainThread:139624799057728> (requestor.py:_fetch_single_async:206 -> middleware.py:apply_async:112) from logger `RFC.middleware_status_code`
[INFO] applying on AudioBookAudioPage(810788).AudioBookAudioFile(810788), received

2024-04-08 17:03:18,092 <requestor-worker-0:1416405, MainThread:139624799057728> (middleware.py:_apply_async:180 -> middleware.py:_apply_sync:169) from logger `RFC.middleware_status_code`
[INFO] status code 200 in response of AudioBookAudioPage(810788).AudioBookAudioFile(810788)

2024-04-08 17:03:18,094 <requestor-worker-0:1416405, MainThread:139624799057728> (requestor.py:_fetch_single_async:206 -> middleware.py:apply_async:115) from logger `RFC.middleware_status_code`
[INFO] applied on AudioBookAudioPage(810788).AudioBookAudioFile(810788), sent

2024-04-08 17:03:24,758 <requestor-worker-0:1416405, MainThread:139624799057728> (requestor.py:_fetch_single_async:206 -> middleware.py:apply_async:112) from logger `RFC.middleware_status_code`
[INFO] applying on AudioBookAudioPage(810834).AudioBookAudioFile(810834), received

2024-04-08 17:03:24,760 <requestor-worker-0:1416405, MainThread:139624799057728> (middleware.py:_apply_async:180 -> middleware.py:_apply_sync:169) from logger `RFC.middleware_status_code`
[INFO] status code 200 in response of AudioBookAudioPage(810834).AudioBookAudioFile(810834)

2024-04-08 17:03:24,762 <requestor-worker-0:1416405, MainThread:139624799057728> (requestor.py:_fetch_single_async:206 -> middleware.py:apply_async:115) from logger `RFC.middleware_status_code`
[INFO] applied on AudioBookAudioPage(810834).AudioBookAudioFile(810834), sent

2024-04-08 17:03:26,541 <requestor-worker-0:1416405, MainThread:139624799057728> (requestor.py:_fetch_single_async:206 -> middleware.py:apply_async:112) from logger `RFC.middleware_status_code`
[INFO] applying on AudioBookAudioPage(810621).AudioBookAudioFile(810621), received

2024-04-08 17:03:26,544 <requestor-worker-0:1416405, MainThread:139624799057728> (middleware.py:_apply_async:180 -> middleware.py:_apply_sync:169) from logger `RFC.middleware_status_code`
[INFO] status code 200 in response of AudioBookAudioPage(810621).AudioBookAudioFile(810621)

2024-04-08 17:03:26,547 <requestor-worker-0:1416405, MainThread:139624799057728> (requestor.py:_fetch_single_async:206 -> middleware.py:apply_async:115) from logger `RFC.middleware_status_code`
[INFO] applied on AudioBookAudioPage(810621).AudioBookAudioFile(810621), sent

2024-04-08 17:03:58,045 <requestor-worker-0:1416405, MainThread:139624799057728> (requestor.py:_fetch_single_async:206 -> middleware.py:apply_async:112) from logger `RFC.middleware_status_code`
[INFO] applying on AudioBookAudioPage(810888).AudioBookAudioFile(810888), received

2024-04-08 17:03:58,047 <requestor-worker-0:1416405, MainThread:139624799057728> (middleware.py:_apply_async:180 -> middleware.py:_apply_sync:169) from logger `RFC.middleware_status_code`
[INFO] status code 200 in response of AudioBookAudioPage(810888).AudioBookAudioFile(810888)

2024-04-08 17:03:58,050 <requestor-worker-0:1416405, MainThread:139624799057728> (requestor.py:_fetch_single_async:206 -> middleware.py:apply_async:115) from logger `RFC.middleware_status_code`
[INFO] applied on AudioBookAudioPage(810888).AudioBookAudioFile(810888), sent

2024-04-08 17:04:03,313 <requestor-worker-0:1416405, MainThread:139624799057728> (requestor.py:_fetch_single_async:206 -> middleware.py:apply_async:112) from logger `RFC.middleware_status_code`
[INFO] applying on AudioBookAudioPage(810543).AudioBookAudioFile(810543), received

2024-04-08 17:04:03,316 <requestor-worker-0:1416405, MainThread:139624799057728> (middleware.py:_apply_async:180 -> middleware.py:_apply_sync:169) from logger `RFC.middleware_status_code`
[INFO] status code 200 in response of AudioBookAudioPage(810543).AudioBookAudioFile(810543)

2024-04-08 17:04:03,499 <requestor-worker-0:1416405, MainThread:139624799057728> (requestor.py:_fetch_single_async:206 -> middleware.py:apply_async:115) from logger `RFC.middleware_status_code`
[INFO] applied on AudioBookAudioPage(810543).AudioBookAudioFile(810543), sent

2024-04-08 17:04:03,946 <requestor-worker-0:1416405, MainThread:139624799057728> (requestor.py:_fetch_single_async:206 -> middleware.py:apply_async:112) from logger `RFC.middleware_status_code`
[INFO] applying on AudioBookAudioPage(810942).AudioBookAudioFile(810942), received

2024-04-08 17:04:03,949 <requestor-worker-0:1416405, MainThread:139624799057728> (middleware.py:_apply_async:180 -> middleware.py:_apply_sync:169) from logger `RFC.middleware_status_code`
[INFO] status code 200 in response of AudioBookAudioPage(810942).AudioBookAudioFile(810942)

2024-04-08 17:04:03,952 <requestor-worker-0:1416405, MainThread:139624799057728> (requestor.py:_fetch_single_async:206 -> middleware.py:apply_async:115) from logger `RFC.middleware_status_code`
[INFO] applied on AudioBookAudioPage(810942).AudioBookAudioFile(810942), sent

2024-04-08 17:04:04,546 <requestor-worker-0:1416405, MainThread:139624799057728> (requestor.py:_fetch_single_async:206 -> middleware.py:apply_async:112) from logger `RFC.middleware_status_code`
[INFO] applying on AudioBookAudioPage(810669).AudioBookAudioFile(810669), received

2024-04-08 17:04:04,548 <requestor-worker-0:1416405, MainThread:139624799057728> (middleware.py:_apply_async:180 -> middleware.py:_apply_sync:169) from logger `RFC.middleware_status_code`
[INFO] status code 200 in response of AudioBookAudioPage(810669).AudioBookAudioFile(810669)

2024-04-08 17:04:04,550 <requestor-worker-0:1416405, MainThread:139624799057728> (requestor.py:_fetch_single_async:206 -> middleware.py:apply_async:115) from logger `RFC.middleware_status_code`
[INFO] applied on AudioBookAudioPage(810669).AudioBookAudioFile(810669), sent

2024-04-08 17:04:09,692 <requestor-worker-0:1416405, MainThread:139624799057728> (requestor.py:_fetch_single_async:206 -> middleware.py:apply_async:112) from logger `RFC.middleware_status_code`
[INFO] applying on AudioBookAudioPage(810921).AudioBookAudioFile(810921), received

2024-04-08 17:04:09,694 <requestor-worker-0:1416405, MainThread:139624799057728> (middleware.py:_apply_async:180 -> middleware.py:_apply_sync:169) from logger `RFC.middleware_status_code`
[INFO] status code 200 in response of AudioBookAudioPage(810921).AudioBookAudioFile(810921)

2024-04-08 17:04:09,696 <requestor-worker-0:1416405, MainThread:139624799057728> (requestor.py:_fetch_single_async:206 -> middleware.py:apply_async:115) from logger `RFC.middleware_status_code`
[INFO] applied on AudioBookAudioPage(810921).AudioBookAudioFile(810921), sent

2024-04-08 17:04:14,831 <requestor-worker-0:1416405, MainThread:139624799057728> (requestor.py:_fetch_single_async:206 -> middleware.py:apply_async:112) from logger `RFC.middleware_status_code`
[INFO] applying on AudioBookAudioPage(810718).AudioBookAudioFile(810718), received

2024-04-08 17:04:14,833 <requestor-worker-0:1416405, MainThread:139624799057728> (middleware.py:_apply_async:180 -> middleware.py:_apply_sync:169) from logger `RFC.middleware_status_code`
[INFO] status code 200 in response of AudioBookAudioPage(810718).AudioBookAudioFile(810718)

2024-04-08 17:04:14,834 <requestor-worker-0:1416405, MainThread:139624799057728> (requestor.py:_fetch_single_async:206 -> middleware.py:apply_async:115) from logger `RFC.middleware_status_code`
[INFO] applied on AudioBookAudioPage(810718).AudioBookAudioFile(810718), sent

2024-04-08 17:04:15,849 <requestor-worker-0:1416405, MainThread:139624799057728> (requestor.py:_fetch_single_async:206 -> middleware.py:apply_async:112) from logger `RFC.middleware_status_code`
[INFO] applying on AudioBookAudioPage(810745).AudioBookAudioFile(810745), received

2024-04-08 17:04:15,852 <requestor-worker-0:1416405, MainThread:139624799057728> (middleware.py:_apply_async:180 -> middleware.py:_apply_sync:169) from logger `RFC.middleware_status_code`
[INFO] status code 200 in response of AudioBookAudioPage(810745).AudioBookAudioFile(810745)

2024-04-08 17:04:16,204 <requestor-worker-0:1416405, MainThread:139624799057728> (requestor.py:_fetch_single_async:206 -> middleware.py:apply_async:115) from logger `RFC.middleware_status_code`
[INFO] applied on AudioBookAudioPage(810745).AudioBookAudioFile(810745), sent

2024-04-08 17:04:16,368 <requestor-worker-0:1416405, MainThread:139624799057728> (requestor.py:_fetch_single_async:206 -> middleware.py:apply_async:112) from logger `RFC.middleware_status_code`
[INFO] applying on AudioBookAudioPage(810553).AudioBookAudioFile(810553), received

2024-04-08 17:04:16,370 <requestor-worker-0:1416405, MainThread:139624799057728> (middleware.py:_apply_async:180 -> middleware.py:_apply_sync:169) from logger `RFC.middleware_status_code`
[INFO] status code 200 in response of AudioBookAudioPage(810553).AudioBookAudioFile(810553)

2024-04-08 17:04:16,373 <requestor-worker-0:1416405, MainThread:139624799057728> (requestor.py:_fetch_single_async:206 -> middleware.py:apply_async:115) from logger `RFC.middleware_status_code`
[INFO] applied on AudioBookAudioPage(810553).AudioBookAudioFile(810553), sent

2024-04-08 17:04:32,870 <requestor-worker-0:1416405, MainThread:139624799057728> (requestor.py:_fetch_single_async:206 -> middleware.py:apply_async:112) from logger `RFC.middleware_status_code`
[INFO] applying on AudioBookAudioPage(810834).AudioBookAudioFile(810834), received

2024-04-08 17:04:32,877 <requestor-worker-0:1416405, MainThread:139624799057728> (middleware.py:_apply_async:180 -> middleware.py:_apply_sync:169) from logger `RFC.middleware_status_code`
[INFO] status code 200 in response of AudioBookAudioPage(810834).AudioBookAudioFile(810834)

2024-04-08 17:04:32,879 <requestor-worker-0:1416405, MainThread:139624799057728> (requestor.py:_fetch_single_async:206 -> middleware.py:apply_async:115) from logger `RFC.middleware_status_code`
[INFO] applied on AudioBookAudioPage(810834).AudioBookAudioFile(810834), sent

2024-04-08 17:04:44,737 <requestor-worker-0:1416405, MainThread:139624799057728> (requestor.py:_fetch_single_async:206 -> middleware.py:apply_async:112) from logger `RFC.middleware_status_code`
[INFO] applying on AudioBookAudioPage(810621).AudioBookAudioFile(810621), received

2024-04-08 17:04:46,092 <requestor-worker-0:1416405, MainThread:139624799057728> (middleware.py:_apply_async:180 -> middleware.py:_apply_sync:169) from logger `RFC.middleware_status_code`
[INFO] status code 200 in response of AudioBookAudioPage(810621).AudioBookAudioFile(810621)

2024-04-08 17:04:46,727 <requestor-worker-0:1416405, MainThread:139624799057728> (requestor.py:_fetch_single_async:206 -> middleware.py:apply_async:115) from logger `RFC.middleware_status_code`
[INFO] applied on AudioBookAudioPage(810621).AudioBookAudioFile(810621), sent

2024-04-08 17:04:48,672 <requestor-worker-0:1416405, MainThread:139624799057728> (requestor.py:_fetch_single_async:206 -> middleware.py:apply_async:112) from logger `RFC.middleware_status_code`
[INFO] applying on AudioBookAudioPage(810977).AudioBookAudioFile(810977), received

2024-04-08 17:04:48,675 <requestor-worker-0:1416405, MainThread:139624799057728> (middleware.py:_apply_async:180 -> middleware.py:_apply_sync:169) from logger `RFC.middleware_status_code`
[INFO] status code 200 in response of AudioBookAudioPage(810977).AudioBookAudioFile(810977)

2024-04-08 17:04:48,678 <requestor-worker-0:1416405, MainThread:139624799057728> (requestor.py:_fetch_single_async:206 -> middleware.py:apply_async:115) from logger `RFC.middleware_status_code`
[INFO] applied on AudioBookAudioPage(810977).AudioBookAudioFile(810977), sent

2024-04-08 17:05:01,645 <requestor-worker-0:1416405, MainThread:139624799057728> (requestor.py:_fetch_single_async:206 -> middleware.py:apply_async:112) from logger `RFC.middleware_status_code`
[INFO] applying on AudioBookAudioPage(811009), received

2024-04-08 17:05:01,650 <requestor-worker-0:1416405, MainThread:139624799057728> (requestor.py:_fetch_single_async:206 -> middleware.py:apply_async:119) from logger `RFC.middleware_status_code`
[ERROR] failed on AudioBookAudioPage(811009), caught error ValueError('unexpected status code 404 in response of AudioBookAudioPage(811009)')

2024-04-08 17:05:10,243 <requestor-worker-0:1416405, MainThread:139624799057728> (requestor.py:_fetch_single_async:206 -> middleware.py:apply_async:112) from logger `RFC.middleware_status_code`
[INFO] applying on AudioBookAudioPage(810921).AudioBookAudioFile(810921), received

2024-04-08 17:05:10,246 <requestor-worker-0:1416405, MainThread:139624799057728> (middleware.py:_apply_async:180 -> middleware.py:_apply_sync:169) from logger `RFC.middleware_status_code`
[INFO] status code 200 in response of AudioBookAudioPage(810921).AudioBookAudioFile(810921)

2024-04-08 17:05:10,249 <requestor-worker-0:1416405, MainThread:139624799057728> (requestor.py:_fetch_single_async:206 -> middleware.py:apply_async:115) from logger `RFC.middleware_status_code`
[INFO] applied on AudioBookAudioPage(810921).AudioBookAudioFile(810921), sent

2024-04-08 17:05:12,586 <requestor-worker-0:1416405, MainThread:139624799057728> (requestor.py:_fetch_single_async:206 -> middleware.py:apply_async:112) from logger `RFC.middleware_status_code`
[INFO] applying on AudioBookAudioPage(810621).AudioBookAudioFile(810621), received

2024-04-08 17:05:12,588 <requestor-worker-0:1416405, MainThread:139624799057728> (middleware.py:_apply_async:180 -> middleware.py:_apply_sync:169) from logger `RFC.middleware_status_code`
[INFO] status code 200 in response of AudioBookAudioPage(810621).AudioBookAudioFile(810621)

2024-04-08 17:05:12,591 <requestor-worker-0:1416405, MainThread:139624799057728> (requestor.py:_fetch_single_async:206 -> middleware.py:apply_async:115) from logger `RFC.middleware_status_code`
[INFO] applied on AudioBookAudioPage(810621).AudioBookAudioFile(810621), sent

2024-04-08 17:05:13,047 <requestor-worker-0:1416405, MainThread:139624799057728> (requestor.py:_fetch_single_async:206 -> middleware.py:apply_async:112) from logger `RFC.middleware_status_code`
[INFO] applying on AudioBookAudioPage(810985).AudioBookAudioFile(810985), received

2024-04-08 17:05:13,050 <requestor-worker-0:1416405, MainThread:139624799057728> (middleware.py:_apply_async:180 -> middleware.py:_apply_sync:169) from logger `RFC.middleware_status_code`
[INFO] status code 200 in response of AudioBookAudioPage(810985).AudioBookAudioFile(810985)

2024-04-08 17:05:13,052 <requestor-worker-0:1416405, MainThread:139624799057728> (requestor.py:_fetch_single_async:206 -> middleware.py:apply_async:115) from logger `RFC.middleware_status_code`
[INFO] applied on AudioBookAudioPage(810985).AudioBookAudioFile(810985), sent

2024-04-08 17:05:13,063 <requestor-worker-0:1416405, MainThread:139624799057728> (requestor.py:_fetch_single_async:206 -> middleware.py:apply_async:112) from logger `RFC.middleware_status_code`
[INFO] applying on AudioBookAudioPage(810834).AudioBookAudioFile(810834), received

2024-04-08 17:05:13,065 <requestor-worker-0:1416405, MainThread:139624799057728> (middleware.py:_apply_async:180 -> middleware.py:_apply_sync:169) from logger `RFC.middleware_status_code`
[INFO] status code 200 in response of AudioBookAudioPage(810834).AudioBookAudioFile(810834)

2024-04-08 17:05:13,066 <requestor-worker-0:1416405, MainThread:139624799057728> (requestor.py:_fetch_single_async:206 -> middleware.py:apply_async:115) from logger `RFC.middleware_status_code`
[INFO] applied on AudioBookAudioPage(810834).AudioBookAudioFile(810834), sent

2024-04-08 17:05:15,193 <requestor-worker-0:1416405, MainThread:139624799057728> (requestor.py:_fetch_single_async:206 -> middleware.py:apply_async:112) from logger `RFC.middleware_status_code`
[INFO] applying on AudioBookAudioPage(810888).AudioBookAudioFile(810888), received

2024-04-08 17:05:15,195 <requestor-worker-0:1416405, MainThread:139624799057728> (middleware.py:_apply_async:180 -> middleware.py:_apply_sync:169) from logger `RFC.middleware_status_code`
[INFO] status code 200 in response of AudioBookAudioPage(810888).AudioBookAudioFile(810888)

2024-04-08 17:05:15,490 <requestor-worker-0:1416405, MainThread:139624799057728> (requestor.py:_fetch_single_async:206 -> middleware.py:apply_async:115) from logger `RFC.middleware_status_code`
[INFO] applied on AudioBookAudioPage(810888).AudioBookAudioFile(810888), sent

2024-04-08 17:05:15,615 <requestor-worker-0:1416405, MainThread:139624799057728> (requestor.py:_fetch_single_async:206 -> middleware.py:apply_async:112) from logger `RFC.middleware_status_code`
[INFO] applying on AudioBookAudioPage(810745).AudioBookAudioFile(810745), received

2024-04-08 17:05:15,616 <requestor-worker-0:1416405, MainThread:139624799057728> (middleware.py:_apply_async:180 -> middleware.py:_apply_sync:169) from logger `RFC.middleware_status_code`
[INFO] status code 200 in response of AudioBookAudioPage(810745).AudioBookAudioFile(810745)

2024-04-08 17:05:15,617 <requestor-worker-0:1416405, MainThread:139624799057728> (requestor.py:_fetch_single_async:206 -> middleware.py:apply_async:115) from logger `RFC.middleware_status_code`
[INFO] applied on AudioBookAudioPage(810745).AudioBookAudioFile(810745), sent

2024-04-08 17:05:18,122 <requestor-worker-0:1416405, MainThread:139624799057728> (requestor.py:_fetch_single_async:206 -> middleware.py:apply_async:112) from logger `RFC.middleware_status_code`
[INFO] applying on AudioBookAudioPage(810669).AudioBookAudioFile(810669), received

2024-04-08 17:05:18,124 <requestor-worker-0:1416405, MainThread:139624799057728> (middleware.py:_apply_async:180 -> middleware.py:_apply_sync:169) from logger `RFC.middleware_status_code`
[INFO] status code 200 in response of AudioBookAudioPage(810669).AudioBookAudioFile(810669)

2024-04-08 17:05:18,127 <requestor-worker-0:1416405, MainThread:139624799057728> (requestor.py:_fetch_single_async:206 -> middleware.py:apply_async:115) from logger `RFC.middleware_status_code`
[INFO] applied on AudioBookAudioPage(810669).AudioBookAudioFile(810669), sent

2024-04-08 17:05:19,112 <requestor-worker-0:1416405, MainThread:139624799057728> (requestor.py:_fetch_single_async:206 -> middleware.py:apply_async:112) from logger `RFC.middleware_status_code`
[INFO] applying on AudioBookAudioPage(810977).AudioBookAudioFile(810977), received

2024-04-08 17:05:19,115 <requestor-worker-0:1416405, MainThread:139624799057728> (middleware.py:_apply_async:180 -> middleware.py:_apply_sync:169) from logger `RFC.middleware_status_code`
[INFO] status code 200 in response of AudioBookAudioPage(810977).AudioBookAudioFile(810977)

2024-04-08 17:05:19,118 <requestor-worker-0:1416405, MainThread:139624799057728> (requestor.py:_fetch_single_async:206 -> middleware.py:apply_async:115) from logger `RFC.middleware_status_code`
[INFO] applied on AudioBookAudioPage(810977).AudioBookAudioFile(810977), sent

2024-04-08 17:05:21,013 <requestor-worker-0:1416405, MainThread:139624799057728> (requestor.py:_fetch_single_async:206 -> middleware.py:apply_async:112) from logger `RFC.middleware_status_code`
[INFO] applying on AudioBookAudioPage(810718).AudioBookAudioFile(810718), received

2024-04-08 17:05:21,737 <requestor-worker-0:1416405, MainThread:139624799057728> (middleware.py:_apply_async:180 -> middleware.py:_apply_sync:169) from logger `RFC.middleware_status_code`
[INFO] status code 200 in response of AudioBookAudioPage(810718).AudioBookAudioFile(810718)

2024-04-08 17:05:22,024 <requestor-worker-0:1416405, MainThread:139624799057728> (requestor.py:_fetch_single_async:206 -> middleware.py:apply_async:115) from logger `RFC.middleware_status_code`
[INFO] applied on AudioBookAudioPage(810718).AudioBookAudioFile(810718), sent

2024-04-08 17:05:45,515 <requestor-worker-0:1416405, MainThread:139624799057728> (requestor.py:_fetch_single_async:206 -> middleware.py:apply_async:112) from logger `RFC.middleware_status_code`
[INFO] applying on AudioBookAudioPage(811032).AudioBookAudioFile(811032), received

2024-04-08 17:05:45,518 <requestor-worker-0:1416405, MainThread:139624799057728> (middleware.py:_apply_async:180 -> middleware.py:_apply_sync:169) from logger `RFC.middleware_status_code`
[INFO] status code 200 in response of AudioBookAudioPage(811032).AudioBookAudioFile(811032)

2024-04-08 17:05:46,034 <requestor-worker-0:1416405, MainThread:139624799057728> (requestor.py:_fetch_single_async:206 -> middleware.py:apply_async:115) from logger `RFC.middleware_status_code`
[INFO] applied on AudioBookAudioPage(811032).AudioBookAudioFile(811032), sent

2024-04-08 17:06:07,686 <requestor-worker-0:1416405, MainThread:139624799057728> (requestor.py:_fetch_single_async:206 -> middleware.py:apply_async:112) from logger `RFC.middleware_status_code`
[INFO] applying on AudioBookAudioPage(810942).AudioBookAudioFile(810942), received

2024-04-08 17:06:08,917 <requestor-worker-0:1416405, MainThread:139624799057728> (middleware.py:_apply_async:180 -> middleware.py:_apply_sync:169) from logger `RFC.middleware_status_code`
[INFO] status code 200 in response of AudioBookAudioPage(810942).AudioBookAudioFile(810942)

2024-04-08 17:06:08,920 <requestor-worker-0:1416405, MainThread:139624799057728> (requestor.py:_fetch_single_async:206 -> middleware.py:apply_async:115) from logger `RFC.middleware_status_code`
[INFO] applied on AudioBookAudioPage(810942).AudioBookAudioFile(810942), sent

2024-04-08 17:06:22,588 <requestor-worker-0:1416405, MainThread:139624799057728> (requestor.py:_fetch_single_async:206 -> middleware.py:apply_async:112) from logger `RFC.middleware_status_code`
[INFO] applying on AudioBookAudioPage(811072).AudioBookAudioFile(811072), received

2024-04-08 17:06:22,847 <requestor-worker-0:1416405, MainThread:139624799057728> (middleware.py:_apply_async:180 -> middleware.py:_apply_sync:169) from logger `RFC.middleware_status_code`
[INFO] status code 200 in response of AudioBookAudioPage(811072).AudioBookAudioFile(811072)

2024-04-08 17:06:22,850 <requestor-worker-0:1416405, MainThread:139624799057728> (requestor.py:_fetch_single_async:206 -> middleware.py:apply_async:115) from logger `RFC.middleware_status_code`
[INFO] applied on AudioBookAudioPage(811072).AudioBookAudioFile(811072), sent

2024-04-08 17:06:23,192 <requestor-worker-0:1416405, MainThread:139624799057728> (requestor.py:_fetch_single_async:206 -> middleware.py:apply_async:112) from logger `RFC.middleware_status_code`
[INFO] applying on AudioBookAudioPage(810977).AudioBookAudioFile(810977), received

2024-04-08 17:06:23,195 <requestor-worker-0:1416405, MainThread:139624799057728> (middleware.py:_apply_async:180 -> middleware.py:_apply_sync:169) from logger `RFC.middleware_status_code`
[INFO] status code 200 in response of AudioBookAudioPage(810977).AudioBookAudioFile(810977)

2024-04-08 17:06:23,197 <requestor-worker-0:1416405, MainThread:139624799057728> (requestor.py:_fetch_single_async:206 -> middleware.py:apply_async:115) from logger `RFC.middleware_status_code`
[INFO] applied on AudioBookAudioPage(810977).AudioBookAudioFile(810977), sent

2024-04-08 17:06:23,208 <requestor-worker-0:1416405, MainThread:139624799057728> (requestor.py:_fetch_single_async:206 -> middleware.py:apply_async:112) from logger `RFC.middleware_status_code`
[INFO] applying on AudioBookAudioPage(810921).AudioBookAudioFile(810921), received

2024-04-08 17:06:23,209 <requestor-worker-0:1416405, MainThread:139624799057728> (middleware.py:_apply_async:180 -> middleware.py:_apply_sync:169) from logger `RFC.middleware_status_code`
[INFO] status code 200 in response of AudioBookAudioPage(810921).AudioBookAudioFile(810921)

2024-04-08 17:06:23,211 <requestor-worker-0:1416405, MainThread:139624799057728> (requestor.py:_fetch_single_async:206 -> middleware.py:apply_async:115) from logger `RFC.middleware_status_code`
[INFO] applied on AudioBookAudioPage(810921).AudioBookAudioFile(810921), sent

2024-04-08 17:06:23,760 <requestor-worker-0:1416405, MainThread:139624799057728> (requestor.py:_fetch_single_async:206 -> middleware.py:apply_async:112) from logger `RFC.middleware_status_code`
[INFO] applying on AudioBookAudioPage(810985).AudioBookAudioFile(810985), received

2024-04-08 17:06:23,764 <requestor-worker-0:1416405, MainThread:139624799057728> (middleware.py:_apply_async:180 -> middleware.py:_apply_sync:169) from logger `RFC.middleware_status_code`
[INFO] status code 200 in response of AudioBookAudioPage(810985).AudioBookAudioFile(810985)

2024-04-08 17:06:24,873 <requestor-worker-0:1416405, MainThread:139624799057728> (requestor.py:_fetch_single_async:206 -> middleware.py:apply_async:115) from logger `RFC.middleware_status_code`
[INFO] applied on AudioBookAudioPage(810985).AudioBookAudioFile(810985), sent

2024-04-08 17:06:26,174 <requestor-worker-0:1416405, MainThread:139624799057728> (requestor.py:_fetch_single_async:206 -> middleware.py:apply_async:112) from logger `RFC.middleware_status_code`
[INFO] applying on AudioBookAudioPage(810669).AudioBookAudioFile(810669), received

2024-04-08 17:06:26,176 <requestor-worker-0:1416405, MainThread:139624799057728> (middleware.py:_apply_async:180 -> middleware.py:_apply_sync:169) from logger `RFC.middleware_status_code`
[INFO] status code 200 in response of AudioBookAudioPage(810669).AudioBookAudioFile(810669)

2024-04-08 17:06:26,179 <requestor-worker-0:1416405, MainThread:139624799057728> (requestor.py:_fetch_single_async:206 -> middleware.py:apply_async:115) from logger `RFC.middleware_status_code`
[INFO] applied on AudioBookAudioPage(810669).AudioBookAudioFile(810669), sent

2024-04-08 17:06:32,047 <requestor-worker-0:1416405, MainThread:139624799057728> (requestor.py:_fetch_single_async:206 -> middleware.py:apply_async:112) from logger `RFC.middleware_status_code`
[INFO] applying on AudioBookAudioPage(810718).AudioBookAudioFile(810718), received

2024-04-08 17:06:33,716 <requestor-worker-0:1416405, MainThread:139624799057728> (middleware.py:_apply_async:180 -> middleware.py:_apply_sync:169) from logger `RFC.middleware_status_code`
[INFO] status code 200 in response of AudioBookAudioPage(810718).AudioBookAudioFile(810718)

2024-04-08 17:06:33,717 <requestor-worker-0:1416405, MainThread:139624799057728> (requestor.py:_fetch_single_async:206 -> middleware.py:apply_async:115) from logger `RFC.middleware_status_code`
[INFO] applied on AudioBookAudioPage(810718).AudioBookAudioFile(810718), sent

2024-04-08 17:06:34,365 <requestor-worker-0:1416405, MainThread:139624799057728> (requestor.py:_fetch_single_async:206 -> middleware.py:apply_async:112) from logger `RFC.middleware_status_code`
[INFO] applying on AudioBookAudioPage(810745).AudioBookAudioFile(810745), received

2024-04-08 17:06:34,367 <requestor-worker-0:1416405, MainThread:139624799057728> (middleware.py:_apply_async:180 -> middleware.py:_apply_sync:169) from logger `RFC.middleware_status_code`
[INFO] status code 200 in response of AudioBookAudioPage(810745).AudioBookAudioFile(810745)

2024-04-08 17:06:35,865 <requestor-worker-0:1416405, MainThread:139624799057728> (requestor.py:_fetch_single_async:206 -> middleware.py:apply_async:115) from logger `RFC.middleware_status_code`
[INFO] applied on AudioBookAudioPage(810745).AudioBookAudioFile(810745), sent

2024-04-08 17:06:35,879 <requestor-worker-0:1416405, MainThread:139624799057728> (requestor.py:_fetch_single_async:206 -> middleware.py:apply_async:112) from logger `RFC.middleware_status_code`
[INFO] applying on AudioBookAudioPage(810834).AudioBookAudioFile(810834), received

2024-04-08 17:06:35,881 <requestor-worker-0:1416405, MainThread:139624799057728> (middleware.py:_apply_async:180 -> middleware.py:_apply_sync:169) from logger `RFC.middleware_status_code`
[INFO] status code 200 in response of AudioBookAudioPage(810834).AudioBookAudioFile(810834)

2024-04-08 17:06:35,883 <requestor-worker-0:1416405, MainThread:139624799057728> (requestor.py:_fetch_single_async:206 -> middleware.py:apply_async:115) from logger `RFC.middleware_status_code`
[INFO] applied on AudioBookAudioPage(810834).AudioBookAudioFile(810834), sent

2024-04-08 17:06:35,892 <requestor-worker-0:1416405, MainThread:139624799057728> (requestor.py:_fetch_single_async:206 -> middleware.py:apply_async:112) from logger `RFC.middleware_status_code`
[INFO] applying on AudioBookAudioPage(810888).AudioBookAudioFile(810888), received

2024-04-08 17:06:37,163 <requestor-worker-0:1416405, MainThread:139624799057728> (middleware.py:_apply_async:180 -> middleware.py:_apply_sync:169) from logger `RFC.middleware_status_code`
[INFO] status code 200 in response of AudioBookAudioPage(810888).AudioBookAudioFile(810888)

2024-04-08 17:06:38,201 <requestor-worker-0:1416405, MainThread:139624799057728> (requestor.py:_fetch_single_async:206 -> middleware.py:apply_async:115) from logger `RFC.middleware_status_code`
[INFO] applied on AudioBookAudioPage(810888).AudioBookAudioFile(810888), sent

2024-04-08 17:06:51,295 <requestor-worker-0:1416405, MainThread:139624799057728> (requestor.py:_fetch_single_async:206 -> middleware.py:apply_async:112) from logger `RFC.middleware_status_code`
[INFO] applying on AudioBookAudioPage(811032).AudioBookAudioFile(811032), received

2024-04-08 17:06:51,296 <requestor-worker-0:1416405, MainThread:139624799057728> (middleware.py:_apply_async:180 -> middleware.py:_apply_sync:169) from logger `RFC.middleware_status_code`
[INFO] status code 200 in response of AudioBookAudioPage(811032).AudioBookAudioFile(811032)

2024-04-08 17:06:51,297 <requestor-worker-0:1416405, MainThread:139624799057728> (requestor.py:_fetch_single_async:206 -> middleware.py:apply_async:115) from logger `RFC.middleware_status_code`
[INFO] applied on AudioBookAudioPage(811032).AudioBookAudioFile(811032), sent

2024-04-08 17:06:57,267 <requestor-worker-0:1416405, MainThread:139624799057728> (requestor.py:_fetch_single_async:206 -> middleware.py:apply_async:112) from logger `RFC.middleware_status_code`
[INFO] applying on AudioBookAudioPage(810942).AudioBookAudioFile(810942), received

2024-04-08 17:06:57,269 <requestor-worker-0:1416405, MainThread:139624799057728> (middleware.py:_apply_async:180 -> middleware.py:_apply_sync:169) from logger `RFC.middleware_status_code`
[INFO] status code 200 in response of AudioBookAudioPage(810942).AudioBookAudioFile(810942)

2024-04-08 17:06:57,271 <requestor-worker-0:1416405, MainThread:139624799057728> (requestor.py:_fetch_single_async:206 -> middleware.py:apply_async:115) from logger `RFC.middleware_status_code`
[INFO] applied on AudioBookAudioPage(810942).AudioBookAudioFile(810942), sent

2024-04-08 17:06:58,185 <requestor-worker-0:1416405, MainThread:139624799057728> (requestor.py:_fetch_single_async:206 -> middleware.py:apply_async:112) from logger `RFC.middleware_status_code`
[INFO] applying on AudioBookAudioPage(810985).AudioBookAudioFile(810985), received

2024-04-08 17:06:58,187 <requestor-worker-0:1416405, MainThread:139624799057728> (middleware.py:_apply_async:180 -> middleware.py:_apply_sync:169) from logger `RFC.middleware_status_code`
[INFO] status code 200 in response of AudioBookAudioPage(810985).AudioBookAudioFile(810985)

2024-04-08 17:06:58,188 <requestor-worker-0:1416405, MainThread:139624799057728> (requestor.py:_fetch_single_async:206 -> middleware.py:apply_async:115) from logger `RFC.middleware_status_code`
[INFO] applied on AudioBookAudioPage(810985).AudioBookAudioFile(810985), sent

2024-04-08 17:07:10,600 <requestor-worker-0:1416405, MainThread:139624799057728> (requestor.py:_fetch_single_async:206 -> middleware.py:apply_async:112) from logger `RFC.middleware_status_code`
[INFO] applying on AudioBookAudioPage(811205), received

2024-04-08 17:07:10,602 <requestor-worker-0:1416405, MainThread:139624799057728> (middleware.py:_apply_async:180 -> middleware.py:_apply_sync:169) from logger `RFC.middleware_status_code`
[INFO] status code 200 in response of AudioBookAudioPage(811205)

2024-04-08 17:07:10,604 <requestor-worker-0:1416405, MainThread:139624799057728> (requestor.py:_fetch_single_async:206 -> middleware.py:apply_async:115) from logger `RFC.middleware_status_code`
[INFO] applied on AudioBookAudioPage(811205), sent

2024-04-08 17:07:12,532 <requestor-worker-0:1416405, MainThread:139624799057728> (requestor.py:_fetch_single_async:206 -> middleware.py:apply_async:112) from logger `RFC.middleware_status_code`
[INFO] applying on AudioBookAudioPage(811192).AudioBookAudioFile(811192), received

2024-04-08 17:07:12,533 <requestor-worker-0:1416405, MainThread:139624799057728> (middleware.py:_apply_async:180 -> middleware.py:_apply_sync:169) from logger `RFC.middleware_status_code`
[INFO] status code 200 in response of AudioBookAudioPage(811192).AudioBookAudioFile(811192)

2024-04-08 17:07:12,568 <requestor-worker-0:1416405, MainThread:139624799057728> (requestor.py:_fetch_single_async:206 -> middleware.py:apply_async:115) from logger `RFC.middleware_status_code`
[INFO] applied on AudioBookAudioPage(811192).AudioBookAudioFile(811192), sent

2024-04-08 17:07:15,433 <requestor-worker-0:1416405, MainThread:139624799057728> (requestor.py:_fetch_single_async:206 -> middleware.py:apply_async:112) from logger `RFC.middleware_status_code`
[INFO] applying on AudioBookAudioPage(810921).AudioBookAudioFile(810921), received

2024-04-08 17:07:15,435 <requestor-worker-0:1416405, MainThread:139624799057728> (middleware.py:_apply_async:180 -> middleware.py:_apply_sync:169) from logger `RFC.middleware_status_code`
[INFO] status code 200 in response of AudioBookAudioPage(810921).AudioBookAudioFile(810921)

2024-04-08 17:07:15,438 <requestor-worker-0:1416405, MainThread:139624799057728> (requestor.py:_fetch_single_async:206 -> middleware.py:apply_async:115) from logger `RFC.middleware_status_code`
[INFO] applied on AudioBookAudioPage(810921).AudioBookAudioFile(810921), sent

2024-04-08 17:07:15,527 <requestor-worker-0:1416405, MainThread:139624799057728> (requestor.py:_fetch_single_async:206 -> middleware.py:apply_async:112) from logger `RFC.middleware_status_code`
[INFO] applying on AudioBookAudioPage(811200).AudioBookAudioFile(811200), received

2024-04-08 17:07:15,528 <requestor-worker-0:1416405, MainThread:139624799057728> (middleware.py:_apply_async:180 -> middleware.py:_apply_sync:169) from logger `RFC.middleware_status_code`
[INFO] status code 200 in response of AudioBookAudioPage(811200).AudioBookAudioFile(811200)

2024-04-08 17:07:15,530 <requestor-worker-0:1416405, MainThread:139624799057728> (requestor.py:_fetch_single_async:206 -> middleware.py:apply_async:115) from logger `RFC.middleware_status_code`
[INFO] applied on AudioBookAudioPage(811200).AudioBookAudioFile(811200), sent

2024-04-08 17:07:15,984 <requestor-worker-0:1416405, MainThread:139624799057728> (requestor.py:_fetch_single_async:206 -> middleware.py:apply_async:112) from logger `RFC.middleware_status_code`
[INFO] applying on AudioBookAudioPage(811212).AudioBookAudioFile(811212), received

2024-04-08 17:07:15,987 <requestor-worker-0:1416405, MainThread:139624799057728> (middleware.py:_apply_async:180 -> middleware.py:_apply_sync:169) from logger `RFC.middleware_status_code`
[INFO] status code 200 in response of AudioBookAudioPage(811212).AudioBookAudioFile(811212)

2024-04-08 17:07:15,990 <requestor-worker-0:1416405, MainThread:139624799057728> (requestor.py:_fetch_single_async:206 -> middleware.py:apply_async:115) from logger `RFC.middleware_status_code`
[INFO] applied on AudioBookAudioPage(811212).AudioBookAudioFile(811212), sent

2024-04-08 17:07:16,002 <requestor-worker-0:1416405, MainThread:139624799057728> (requestor.py:_fetch_single_async:206 -> middleware.py:apply_async:112) from logger `RFC.middleware_status_code`
[INFO] applying on AudioBookAudioPage(810888).AudioBookAudioFile(810888), received

2024-04-08 17:07:16,004 <requestor-worker-0:1416405, MainThread:139624799057728> (middleware.py:_apply_async:180 -> middleware.py:_apply_sync:169) from logger `RFC.middleware_status_code`
[INFO] status code 200 in response of AudioBookAudioPage(810888).AudioBookAudioFile(810888)

2024-04-08 17:07:16,006 <requestor-worker-0:1416405, MainThread:139624799057728> (requestor.py:_fetch_single_async:206 -> middleware.py:apply_async:115) from logger `RFC.middleware_status_code`
[INFO] applied on AudioBookAudioPage(810888).AudioBookAudioFile(810888), sent

2024-04-08 17:07:16,063 <requestor-worker-0:1416405, MainThread:139624799057728> (requestor.py:_fetch_single_async:206 -> middleware.py:apply_async:112) from logger `RFC.middleware_status_code`
[INFO] applying on AudioBookAudioPage(811205).AudioBookAudioFile(811205), received

2024-04-08 17:07:16,067 <requestor-worker-0:1416405, MainThread:139624799057728> (middleware.py:_apply_async:180 -> middleware.py:_apply_sync:169) from logger `RFC.middleware_status_code`
[INFO] status code 200 in response of AudioBookAudioPage(811205).AudioBookAudioFile(811205)

2024-04-08 17:07:16,069 <requestor-worker-0:1416405, MainThread:139624799057728> (requestor.py:_fetch_single_async:206 -> middleware.py:apply_async:115) from logger `RFC.middleware_status_code`
[INFO] applied on AudioBookAudioPage(811205).AudioBookAudioFile(811205), sent

2024-04-08 17:07:16,304 <requestor-worker-0:1416405, MainThread:139624799057728> (requestor.py:_fetch_single_async:206 -> middleware.py:apply_async:112) from logger `RFC.middleware_status_code`
[INFO] applying on AudioBookAudioPage(810977).AudioBookAudioFile(810977), received

2024-04-08 17:07:16,306 <requestor-worker-0:1416405, MainThread:139624799057728> (middleware.py:_apply_async:180 -> middleware.py:_apply_sync:169) from logger `RFC.middleware_status_code`
[INFO] status code 200 in response of AudioBookAudioPage(810977).AudioBookAudioFile(810977)

2024-04-08 17:07:16,308 <requestor-worker-0:1416405, MainThread:139624799057728> (requestor.py:_fetch_single_async:206 -> middleware.py:apply_async:115) from logger `RFC.middleware_status_code`
[INFO] applied on AudioBookAudioPage(810977).AudioBookAudioFile(810977), sent

2024-04-08 17:07:19,079 <requestor-worker-0:1416405, MainThread:139624799057728> (requestor.py:_fetch_single_async:206 -> middleware.py:apply_async:112) from logger `RFC.middleware_status_code`
[INFO] applying on AudioBookAudioPage(811228).AudioBookAudioFile(811228), received

2024-04-08 17:07:19,080 <requestor-worker-0:1416405, MainThread:139624799057728> (middleware.py:_apply_async:180 -> middleware.py:_apply_sync:169) from logger `RFC.middleware_status_code`
[INFO] status code 200 in response of AudioBookAudioPage(811228).AudioBookAudioFile(811228)

2024-04-08 17:07:19,081 <requestor-worker-0:1416405, MainThread:139624799057728> (requestor.py:_fetch_single_async:206 -> middleware.py:apply_async:115) from logger `RFC.middleware_status_code`
[INFO] applied on AudioBookAudioPage(811228).AudioBookAudioFile(811228), sent

2024-04-08 17:07:40,578 <requestor-worker-0:1416405, MainThread:139624799057728> (requestor.py:_fetch_single_async:206 -> middleware.py:apply_async:112) from logger `RFC.middleware_status_code`
[INFO] applying on AudioBookAudioPage(811310), received

2024-04-08 17:07:40,580 <requestor-worker-0:1416405, MainThread:139624799057728> (middleware.py:_apply_async:180 -> middleware.py:_apply_sync:169) from logger `RFC.middleware_status_code`
[INFO] status code 200 in response of AudioBookAudioPage(811310)

2024-04-08 17:07:40,581 <requestor-worker-0:1416405, MainThread:139624799057728> (requestor.py:_fetch_single_async:206 -> middleware.py:apply_async:115) from logger `RFC.middleware_status_code`
[INFO] applied on AudioBookAudioPage(811310), sent

2024-04-08 17:07:46,721 <requestor-worker-0:1416405, MainThread:139624799057728> (requestor.py:_fetch_single_async:206 -> middleware.py:apply_async:112) from logger `RFC.middleware_status_code`
[INFO] applying on AudioBookAudioPage(811313).AudioBookAudioFile(811313), received

2024-04-08 17:07:46,724 <requestor-worker-0:1416405, MainThread:139624799057728> (middleware.py:_apply_async:180 -> middleware.py:_apply_sync:169) from logger `RFC.middleware_status_code`
[INFO] status code 200 in response of AudioBookAudioPage(811313).AudioBookAudioFile(811313)

2024-04-08 17:07:46,728 <requestor-worker-0:1416405, MainThread:139624799057728> (requestor.py:_fetch_single_async:206 -> middleware.py:apply_async:115) from logger `RFC.middleware_status_code`
[INFO] applied on AudioBookAudioPage(811313).AudioBookAudioFile(811313), sent

2024-04-08 17:07:47,463 <requestor-worker-0:1416405, MainThread:139624799057728> (requestor.py:_fetch_single_async:206 -> middleware.py:apply_async:112) from logger `RFC.middleware_status_code`
[INFO] applying on AudioBookAudioPage(811319).AudioBookAudioFile(811319), received

2024-04-08 17:07:47,468 <requestor-worker-0:1416405, MainThread:139624799057728> (middleware.py:_apply_async:180 -> middleware.py:_apply_sync:169) from logger `RFC.middleware_status_code`
[INFO] status code 200 in response of AudioBookAudioPage(811319).AudioBookAudioFile(811319)

2024-04-08 17:07:47,471 <requestor-worker-0:1416405, MainThread:139624799057728> (requestor.py:_fetch_single_async:206 -> middleware.py:apply_async:115) from logger `RFC.middleware_status_code`
[INFO] applied on AudioBookAudioPage(811319).AudioBookAudioFile(811319), sent

2024-04-08 17:07:48,401 <requestor-worker-0:1416405, MainThread:139624799057728> (requestor.py:_fetch_single_async:206 -> middleware.py:apply_async:112) from logger `RFC.middleware_status_code`
[INFO] applying on AudioBookAudioPage(811335).AudioBookAudioFile(811335), received

2024-04-08 17:07:48,404 <requestor-worker-0:1416405, MainThread:139624799057728> (middleware.py:_apply_async:180 -> middleware.py:_apply_sync:169) from logger `RFC.middleware_status_code`
[INFO] status code 200 in response of AudioBookAudioPage(811335).AudioBookAudioFile(811335)

2024-04-08 17:07:48,407 <requestor-worker-0:1416405, MainThread:139624799057728> (requestor.py:_fetch_single_async:206 -> middleware.py:apply_async:115) from logger `RFC.middleware_status_code`
[INFO] applied on AudioBookAudioPage(811335).AudioBookAudioFile(811335), sent

2024-04-08 17:08:00,431 <requestor-worker-0:1416405, MainThread:139624799057728> (requestor.py:_fetch_single_async:206 -> middleware.py:apply_async:112) from logger `RFC.middleware_status_code`
[INFO] applying on AudioBookAudioPage(810985).AudioBookAudioFile(810985), received

2024-04-08 17:08:00,432 <requestor-worker-0:1416405, MainThread:139624799057728> (middleware.py:_apply_async:180 -> middleware.py:_apply_sync:169) from logger `RFC.middleware_status_code`
[INFO] status code 200 in response of AudioBookAudioPage(810985).AudioBookAudioFile(810985)

2024-04-08 17:08:00,433 <requestor-worker-0:1416405, MainThread:139624799057728> (requestor.py:_fetch_single_async:206 -> middleware.py:apply_async:115) from logger `RFC.middleware_status_code`
[INFO] applied on AudioBookAudioPage(810985).AudioBookAudioFile(810985), sent

2024-04-08 17:08:21,940 <requestor-worker-0:1416405, MainThread:139624799057728> (requestor.py:_fetch_single_async:206 -> middleware.py:apply_async:112) from logger `RFC.middleware_status_code`
[INFO] applying on AudioBookAudioPage(811192).AudioBookAudioFile(811192), received

2024-04-08 17:08:21,942 <requestor-worker-0:1416405, MainThread:139624799057728> (middleware.py:_apply_async:180 -> middleware.py:_apply_sync:169) from logger `RFC.middleware_status_code`
[INFO] status code 200 in response of AudioBookAudioPage(811192).AudioBookAudioFile(811192)

2024-04-08 17:08:21,944 <requestor-worker-0:1416405, MainThread:139624799057728> (requestor.py:_fetch_single_async:206 -> middleware.py:apply_async:115) from logger `RFC.middleware_status_code`
[INFO] applied on AudioBookAudioPage(811192).AudioBookAudioFile(811192), sent

2024-04-08 17:08:24,393 <requestor-worker-0:1416405, MainThread:139624799057728> (requestor.py:_fetch_single_async:206 -> middleware.py:apply_async:112) from logger `RFC.middleware_status_code`
[INFO] applying on AudioBookAudioPage(811205).AudioBookAudioFile(811205), received

2024-04-08 17:08:24,396 <requestor-worker-0:1416405, MainThread:139624799057728> (middleware.py:_apply_async:180 -> middleware.py:_apply_sync:169) from logger `RFC.middleware_status_code`
[INFO] status code 200 in response of AudioBookAudioPage(811205).AudioBookAudioFile(811205)

2024-04-08 17:08:24,399 <requestor-worker-0:1416405, MainThread:139624799057728> (requestor.py:_fetch_single_async:206 -> middleware.py:apply_async:115) from logger `RFC.middleware_status_code`
[INFO] applied on AudioBookAudioPage(811205).AudioBookAudioFile(811205), sent

2024-04-08 17:08:25,239 <requestor-worker-0:1416405, MainThread:139624799057728> (requestor.py:_fetch_single_async:206 -> middleware.py:apply_async:112) from logger `RFC.middleware_status_code`
[INFO] applying on AudioBookAudioPage(811228).AudioBookAudioFile(811228), received

2024-04-08 17:08:25,257 <requestor-worker-0:1416405, MainThread:139624799057728> (middleware.py:_apply_async:180 -> middleware.py:_apply_sync:169) from logger `RFC.middleware_status_code`
[INFO] status code 200 in response of AudioBookAudioPage(811228).AudioBookAudioFile(811228)

2024-04-08 17:08:25,258 <requestor-worker-0:1416405, MainThread:139624799057728> (requestor.py:_fetch_single_async:206 -> middleware.py:apply_async:115) from logger `RFC.middleware_status_code`
[INFO] applied on AudioBookAudioPage(811228).AudioBookAudioFile(811228), sent

2024-04-08 17:08:25,392 <requestor-worker-0:1416405, MainThread:139624799057728> (requestor.py:_fetch_single_async:206 -> middleware.py:apply_async:112) from logger `RFC.middleware_status_code`
[INFO] applying on AudioBookAudioPage(811395).AudioBookAudioFile(811395), received

2024-04-08 17:08:25,396 <requestor-worker-0:1416405, MainThread:139624799057728> (middleware.py:_apply_async:180 -> middleware.py:_apply_sync:169) from logger `RFC.middleware_status_code`
[INFO] status code 200 in response of AudioBookAudioPage(811395).AudioBookAudioFile(811395)

2024-04-08 17:08:25,399 <requestor-worker-0:1416405, MainThread:139624799057728> (requestor.py:_fetch_single_async:206 -> middleware.py:apply_async:115) from logger `RFC.middleware_status_code`
[INFO] applied on AudioBookAudioPage(811395).AudioBookAudioFile(811395), sent

2024-04-08 17:08:25,712 <requestor-worker-0:1416405, MainThread:139624799057728> (requestor.py:_fetch_single_async:206 -> middleware.py:apply_async:112) from logger `RFC.middleware_status_code`
[INFO] applying on AudioBookAudioPage(811444).AudioBookAudioFile(811444), received

2024-04-08 17:08:25,715 <requestor-worker-0:1416405, MainThread:139624799057728> (middleware.py:_apply_async:180 -> middleware.py:_apply_sync:169) from logger `RFC.middleware_status_code`
[INFO] status code 200 in response of AudioBookAudioPage(811444).AudioBookAudioFile(811444)

2024-04-08 17:08:25,717 <requestor-worker-0:1416405, MainThread:139624799057728> (requestor.py:_fetch_single_async:206 -> middleware.py:apply_async:115) from logger `RFC.middleware_status_code`
[INFO] applied on AudioBookAudioPage(811444).AudioBookAudioFile(811444), sent

2024-04-08 17:08:26,672 <requestor-worker-0:1416405, MainThread:139624799057728> (requestor.py:_fetch_single_async:206 -> middleware.py:apply_async:112) from logger `RFC.middleware_status_code`
[INFO] applying on AudioBookAudioPage(811400).AudioBookAudioFile(811400), received

2024-04-08 17:08:26,675 <requestor-worker-0:1416405, MainThread:139624799057728> (middleware.py:_apply_async:180 -> middleware.py:_apply_sync:169) from logger `RFC.middleware_status_code`
[INFO] status code 200 in response of AudioBookAudioPage(811400).AudioBookAudioFile(811400)

2024-04-08 17:08:26,678 <requestor-worker-0:1416405, MainThread:139624799057728> (requestor.py:_fetch_single_async:206 -> middleware.py:apply_async:115) from logger `RFC.middleware_status_code`
[INFO] applied on AudioBookAudioPage(811400).AudioBookAudioFile(811400), sent

2024-04-08 17:08:29,285 <requestor-worker-0:1416405, MainThread:139624799057728> (requestor.py:_fetch_single_async:206 -> middleware.py:apply_async:112) from logger `RFC.middleware_status_code`
[INFO] applying on AudioBookAudioPage(811454).AudioBookAudioFile(811454), received

2024-04-08 17:08:29,286 <requestor-worker-0:1416405, MainThread:139624799057728> (middleware.py:_apply_async:180 -> middleware.py:_apply_sync:169) from logger `RFC.middleware_status_code`
[INFO] status code 200 in response of AudioBookAudioPage(811454).AudioBookAudioFile(811454)

2024-04-08 17:08:29,287 <requestor-worker-0:1416405, MainThread:139624799057728> (requestor.py:_fetch_single_async:206 -> middleware.py:apply_async:115) from logger `RFC.middleware_status_code`
[INFO] applied on AudioBookAudioPage(811454).AudioBookAudioFile(811454), sent

2024-04-08 17:08:39,172 <requestor-worker-0:1416405, MainThread:139624799057728> (requestor.py:_fetch_single_async:206 -> middleware.py:apply_async:112) from logger `RFC.middleware_status_code`
[INFO] applying on AudioBookAudioPage(811313).AudioBookAudioFile(811313), received

2024-04-08 17:08:39,184 <requestor-worker-0:1416405, MainThread:139624799057728> (middleware.py:_apply_async:180 -> middleware.py:_apply_sync:169) from logger `RFC.middleware_status_code`
[INFO] status code 200 in response of AudioBookAudioPage(811313).AudioBookAudioFile(811313)

2024-04-08 17:08:39,187 <requestor-worker-0:1416405, MainThread:139624799057728> (requestor.py:_fetch_single_async:206 -> middleware.py:apply_async:115) from logger `RFC.middleware_status_code`
[INFO] applied on AudioBookAudioPage(811313).AudioBookAudioFile(811313), sent

2024-04-08 17:08:44,869 <requestor-worker-0:1416405, MainThread:139624799057728> (requestor.py:_fetch_single_async:206 -> middleware.py:apply_async:112) from logger `RFC.middleware_status_code`
[INFO] applying on AudioBookAudioPage(811466).AudioBookAudioFile(811466), received

2024-04-08 17:08:44,872 <requestor-worker-0:1416405, MainThread:139624799057728> (middleware.py:_apply_async:180 -> middleware.py:_apply_sync:169) from logger `RFC.middleware_status_code`
[INFO] status code 200 in response of AudioBookAudioPage(811466).AudioBookAudioFile(811466)

2024-04-08 17:08:44,875 <requestor-worker-0:1416405, MainThread:139624799057728> (requestor.py:_fetch_single_async:206 -> middleware.py:apply_async:115) from logger `RFC.middleware_status_code`
[INFO] applied on AudioBookAudioPage(811466).AudioBookAudioFile(811466), sent

2024-04-08 17:08:48,364 <requestor-worker-0:1416405, MainThread:139624799057728> (requestor.py:_fetch_single_async:206 -> middleware.py:apply_async:112) from logger `RFC.middleware_status_code`
[INFO] applying on AudioBookAudioPage(811335).AudioBookAudioFile(811335), received

2024-04-08 17:08:48,367 <requestor-worker-0:1416405, MainThread:139624799057728> (middleware.py:_apply_async:180 -> middleware.py:_apply_sync:169) from logger `RFC.middleware_status_code`
[INFO] status code 200 in response of AudioBookAudioPage(811335).AudioBookAudioFile(811335)

2024-04-08 17:08:48,374 <requestor-worker-0:1416405, MainThread:139624799057728> (requestor.py:_fetch_single_async:206 -> middleware.py:apply_async:115) from logger `RFC.middleware_status_code`
[INFO] applied on AudioBookAudioPage(811335).AudioBookAudioFile(811335), sent

2024-04-08 17:08:52,338 <requestor-worker-0:1416405, MainThread:139624799057728> (requestor.py:_fetch_single_async:206 -> middleware.py:apply_async:112) from logger `RFC.middleware_status_code`
[INFO] applying on AudioBookAudioPage(811319).AudioBookAudioFile(811319), received

2024-04-08 17:08:52,339 <requestor-worker-0:1416405, MainThread:139624799057728> (middleware.py:_apply_async:180 -> middleware.py:_apply_sync:169) from logger `RFC.middleware_status_code`
[INFO] status code 200 in response of AudioBookAudioPage(811319).AudioBookAudioFile(811319)

2024-04-08 17:08:52,341 <requestor-worker-0:1416405, MainThread:139624799057728> (requestor.py:_fetch_single_async:206 -> middleware.py:apply_async:115) from logger `RFC.middleware_status_code`
[INFO] applied on AudioBookAudioPage(811319).AudioBookAudioFile(811319), sent

2024-04-08 17:09:22,500 <requestor-worker-0:1416405, MainThread:139624799057728> (requestor.py:_fetch_single_async:206 -> middleware.py:apply_async:112) from logger `RFC.middleware_status_code`
[INFO] applying on AudioBookAudioPage(811395).AudioBookAudioFile(811395), received

2024-04-08 17:09:22,641 <requestor-worker-0:1416405, MainThread:139624799057728> (middleware.py:_apply_async:180 -> middleware.py:_apply_sync:169) from logger `RFC.middleware_status_code`
[INFO] status code 200 in response of AudioBookAudioPage(811395).AudioBookAudioFile(811395)

2024-04-08 17:09:22,643 <requestor-worker-0:1416405, MainThread:139624799057728> (requestor.py:_fetch_single_async:206 -> middleware.py:apply_async:115) from logger `RFC.middleware_status_code`
[INFO] applied on AudioBookAudioPage(811395).AudioBookAudioFile(811395), sent

2024-04-08 17:09:23,070 <requestor-worker-0:1416405, MainThread:139624799057728> (requestor.py:_fetch_single_async:206 -> middleware.py:apply_async:112) from logger `RFC.middleware_status_code`
[INFO] applying on AudioBookAudioPage(811228).AudioBookAudioFile(811228), received

2024-04-08 17:09:23,103 <requestor-worker-0:1416405, MainThread:139624799057728> (middleware.py:_apply_async:180 -> middleware.py:_apply_sync:169) from logger `RFC.middleware_status_code`
[INFO] status code 200 in response of AudioBookAudioPage(811228).AudioBookAudioFile(811228)

2024-04-08 17:09:23,105 <requestor-worker-0:1416405, MainThread:139624799057728> (requestor.py:_fetch_single_async:206 -> middleware.py:apply_async:115) from logger `RFC.middleware_status_code`
[INFO] applied on AudioBookAudioPage(811228).AudioBookAudioFile(811228), sent

2024-04-08 17:09:24,795 <requestor-worker-0:1416405, MainThread:139624799057728> (requestor.py:_fetch_single_async:206 -> middleware.py:apply_async:112) from logger `RFC.middleware_status_code`
[INFO] applying on AudioBookAudioPage(811205).AudioBookAudioFile(811205), received

2024-04-08 17:09:24,798 <requestor-worker-0:1416405, MainThread:139624799057728> (middleware.py:_apply_async:180 -> middleware.py:_apply_sync:169) from logger `RFC.middleware_status_code`
[INFO] status code 200 in response of AudioBookAudioPage(811205).AudioBookAudioFile(811205)

2024-04-08 17:09:24,801 <requestor-worker-0:1416405, MainThread:139624799057728> (requestor.py:_fetch_single_async:206 -> middleware.py:apply_async:115) from logger `RFC.middleware_status_code`
[INFO] applied on AudioBookAudioPage(811205).AudioBookAudioFile(811205), sent

2024-04-08 17:09:24,812 <requestor-worker-0:1416405, MainThread:139624799057728> (requestor.py:_fetch_single_async:206 -> middleware.py:apply_async:112) from logger `RFC.middleware_status_code`
[INFO] applying on AudioBookAudioPage(811400).AudioBookAudioFile(811400), received

2024-04-08 17:09:24,814 <requestor-worker-0:1416405, MainThread:139624799057728> (middleware.py:_apply_async:180 -> middleware.py:_apply_sync:169) from logger `RFC.middleware_status_code`
[INFO] status code 200 in response of AudioBookAudioPage(811400).AudioBookAudioFile(811400)

2024-04-08 17:09:24,815 <requestor-worker-0:1416405, MainThread:139624799057728> (requestor.py:_fetch_single_async:206 -> middleware.py:apply_async:115) from logger `RFC.middleware_status_code`
[INFO] applied on AudioBookAudioPage(811400).AudioBookAudioFile(811400), sent

2024-04-08 17:09:27,558 <requestor-worker-0:1416405, MainThread:139624799057728> (requestor.py:_fetch_single_async:206 -> middleware.py:apply_async:112) from logger `RFC.middleware_status_code`
[INFO] applying on AudioBookAudioPage(811444).AudioBookAudioFile(811444), received

2024-04-08 17:09:27,560 <requestor-worker-0:1416405, MainThread:139624799057728> (middleware.py:_apply_async:180 -> middleware.py:_apply_sync:169) from logger `RFC.middleware_status_code`
[INFO] status code 200 in response of AudioBookAudioPage(811444).AudioBookAudioFile(811444)

2024-04-08 17:09:27,562 <requestor-worker-0:1416405, MainThread:139624799057728> (requestor.py:_fetch_single_async:206 -> middleware.py:apply_async:115) from logger `RFC.middleware_status_code`
[INFO] applied on AudioBookAudioPage(811444).AudioBookAudioFile(811444), sent

2024-04-08 17:09:27,754 <requestor-worker-0:1416405, MainThread:139624799057728> (requestor.py:_fetch_single_async:206 -> middleware.py:apply_async:112) from logger `RFC.middleware_status_code`
[INFO] applying on AudioBookAudioPage(811454).AudioBookAudioFile(811454), received

2024-04-08 17:09:27,756 <requestor-worker-0:1416405, MainThread:139624799057728> (middleware.py:_apply_async:180 -> middleware.py:_apply_sync:169) from logger `RFC.middleware_status_code`
[INFO] status code 200 in response of AudioBookAudioPage(811454).AudioBookAudioFile(811454)

2024-04-08 17:09:27,759 <requestor-worker-0:1416405, MainThread:139624799057728> (requestor.py:_fetch_single_async:206 -> middleware.py:apply_async:115) from logger `RFC.middleware_status_code`
[INFO] applied on AudioBookAudioPage(811454).AudioBookAudioFile(811454), sent

2024-04-08 17:09:37,769 <requestor-worker-0:1416405, MainThread:139624799057728> (requestor.py:_fetch_single_async:206 -> middleware.py:apply_async:112) from logger `RFC.middleware_status_code`
[INFO] applying on AudioBookAudioPage(811313).AudioBookAudioFile(811313), received

2024-04-08 17:09:37,772 <requestor-worker-0:1416405, MainThread:139624799057728> (middleware.py:_apply_async:180 -> middleware.py:_apply_sync:169) from logger `RFC.middleware_status_code`
[INFO] status code 200 in response of AudioBookAudioPage(811313).AudioBookAudioFile(811313)

2024-04-08 17:09:37,775 <requestor-worker-0:1416405, MainThread:139624799057728> (requestor.py:_fetch_single_async:206 -> middleware.py:apply_async:115) from logger `RFC.middleware_status_code`
[INFO] applied on AudioBookAudioPage(811313).AudioBookAudioFile(811313), sent

2024-04-08 17:09:45,885 <requestor-worker-0:1416405, MainThread:139624799057728> (requestor.py:_fetch_single_async:206 -> middleware.py:apply_async:112) from logger `RFC.middleware_status_code`
[INFO] applying on AudioBookAudioPage(811319).AudioBookAudioFile(811319), received

2024-04-08 17:09:45,888 <requestor-worker-0:1416405, MainThread:139624799057728> (middleware.py:_apply_async:180 -> middleware.py:_apply_sync:169) from logger `RFC.middleware_status_code`
[INFO] status code 200 in response of AudioBookAudioPage(811319).AudioBookAudioFile(811319)

2024-04-08 17:09:45,890 <requestor-worker-0:1416405, MainThread:139624799057728> (requestor.py:_fetch_single_async:206 -> middleware.py:apply_async:115) from logger `RFC.middleware_status_code`
[INFO] applied on AudioBookAudioPage(811319).AudioBookAudioFile(811319), sent

2024-04-08 17:09:45,978 <requestor-worker-0:1416405, MainThread:139624799057728> (requestor.py:_fetch_single_async:206 -> middleware.py:apply_async:112) from logger `RFC.middleware_status_code`
[INFO] applying on AudioBookAudioPage(811466).AudioBookAudioFile(811466), received

2024-04-08 17:09:45,980 <requestor-worker-0:1416405, MainThread:139624799057728> (middleware.py:_apply_async:180 -> middleware.py:_apply_sync:169) from logger `RFC.middleware_status_code`
[INFO] status code 200 in response of AudioBookAudioPage(811466).AudioBookAudioFile(811466)

2024-04-08 17:09:45,982 <requestor-worker-0:1416405, MainThread:139624799057728> (requestor.py:_fetch_single_async:206 -> middleware.py:apply_async:115) from logger `RFC.middleware_status_code`
[INFO] applied on AudioBookAudioPage(811466).AudioBookAudioFile(811466), sent

2024-04-08 17:09:47,148 <requestor-worker-0:1416405, MainThread:139624799057728> (requestor.py:_fetch_single_async:206 -> middleware.py:apply_async:112) from logger `RFC.middleware_status_code`
[INFO] applying on AudioBookAudioPage(811335).AudioBookAudioFile(811335), received

2024-04-08 17:09:47,149 <requestor-worker-0:1416405, MainThread:139624799057728> (middleware.py:_apply_async:180 -> middleware.py:_apply_sync:169) from logger `RFC.middleware_status_code`
[INFO] status code 200 in response of AudioBookAudioPage(811335).AudioBookAudioFile(811335)

2024-04-08 17:09:47,150 <requestor-worker-0:1416405, MainThread:139624799057728> (requestor.py:_fetch_single_async:206 -> middleware.py:apply_async:115) from logger `RFC.middleware_status_code`
[INFO] applied on AudioBookAudioPage(811335).AudioBookAudioFile(811335), sent

2024-04-08 17:09:53,836 <requestor-worker-0:1416405, MainThread:139624799057728> (requestor.py:_fetch_single_async:206 -> middleware.py:apply_async:112) from logger `RFC.middleware_status_code`
[INFO] applying on AudioBookAudioPage(811826).AudioBookAudioFile(811826), received

2024-04-08 17:09:53,839 <requestor-worker-0:1416405, MainThread:139624799057728> (middleware.py:_apply_async:180 -> middleware.py:_apply_sync:169) from logger `RFC.middleware_status_code`
[INFO] status code 200 in response of AudioBookAudioPage(811826).AudioBookAudioFile(811826)

2024-04-08 17:09:53,842 <requestor-worker-0:1416405, MainThread:139624799057728> (requestor.py:_fetch_single_async:206 -> middleware.py:apply_async:115) from logger `RFC.middleware_status_code`
[INFO] applied on AudioBookAudioPage(811826).AudioBookAudioFile(811826), sent

2024-04-08 17:10:50,522 <requestor-worker-0:1416405, MainThread:139624799057728> (requestor.py:_fetch_single_async:206 -> middleware.py:apply_async:112) from logger `RFC.middleware_status_code`
[INFO] applying on AudioBookAudioPage(811529).AudioBookAudioFile(811529), received

2024-04-08 17:10:50,557 <requestor-worker-0:1416405, MainThread:139624799057728> (middleware.py:_apply_async:180 -> middleware.py:_apply_sync:169) from logger `RFC.middleware_status_code`
[INFO] status code 200 in response of AudioBookAudioPage(811529).AudioBookAudioFile(811529)

2024-04-08 17:10:50,560 <requestor-worker-0:1416405, MainThread:139624799057728> (requestor.py:_fetch_single_async:206 -> middleware.py:apply_async:115) from logger `RFC.middleware_status_code`
[INFO] applied on AudioBookAudioPage(811529).AudioBookAudioFile(811529), sent

2024-04-08 17:10:51,821 <requestor-worker-0:1416405, MainThread:139624799057728> (requestor.py:_fetch_single_async:206 -> middleware.py:apply_async:112) from logger `RFC.middleware_status_code`
[INFO] applying on AudioBookAudioPage(811319).AudioBookAudioFile(811319), received

2024-04-08 17:10:51,824 <requestor-worker-0:1416405, MainThread:139624799057728> (middleware.py:_apply_async:180 -> middleware.py:_apply_sync:169) from logger `RFC.middleware_status_code`
[INFO] status code 200 in response of AudioBookAudioPage(811319).AudioBookAudioFile(811319)

2024-04-08 17:10:51,827 <requestor-worker-0:1416405, MainThread:139624799057728> (requestor.py:_fetch_single_async:206 -> middleware.py:apply_async:115) from logger `RFC.middleware_status_code`
[INFO] applied on AudioBookAudioPage(811319).AudioBookAudioFile(811319), sent

2024-04-08 17:10:54,935 <requestor-worker-0:1416405, MainThread:139624799057728> (requestor.py:_fetch_single_async:206 -> middleware.py:apply_async:112) from logger `RFC.middleware_status_code`
[INFO] applying on AudioBookAudioPage(811400).AudioBookAudioFile(811400), received

2024-04-08 17:10:54,937 <requestor-worker-0:1416405, MainThread:139624799057728> (middleware.py:_apply_async:180 -> middleware.py:_apply_sync:169) from logger `RFC.middleware_status_code`
[INFO] status code 200 in response of AudioBookAudioPage(811400).AudioBookAudioFile(811400)

2024-04-08 17:10:54,940 <requestor-worker-0:1416405, MainThread:139624799057728> (requestor.py:_fetch_single_async:206 -> middleware.py:apply_async:115) from logger `RFC.middleware_status_code`
[INFO] applied on AudioBookAudioPage(811400).AudioBookAudioFile(811400), sent

2024-04-08 17:10:56,465 <requestor-worker-0:1416405, MainThread:139624799057728> (requestor.py:_fetch_single_async:206 -> middleware.py:apply_async:112) from logger `RFC.middleware_status_code`
[INFO] applying on AudioBookAudioPage(811313).AudioBookAudioFile(811313), received

2024-04-08 17:10:56,468 <requestor-worker-0:1416405, MainThread:139624799057728> (middleware.py:_apply_async:180 -> middleware.py:_apply_sync:169) from logger `RFC.middleware_status_code`
[INFO] status code 200 in response of AudioBookAudioPage(811313).AudioBookAudioFile(811313)

2024-04-08 17:10:56,470 <requestor-worker-0:1416405, MainThread:139624799057728> (requestor.py:_fetch_single_async:206 -> middleware.py:apply_async:115) from logger `RFC.middleware_status_code`
[INFO] applied on AudioBookAudioPage(811313).AudioBookAudioFile(811313), sent

2024-04-08 17:10:57,130 <requestor-worker-0:1416405, MainThread:139624799057728> (requestor.py:_fetch_single_async:206 -> middleware.py:apply_async:112) from logger `RFC.middleware_status_code`
[INFO] applying on AudioBookAudioPage(811527).AudioBookAudioFile(811527), received

2024-04-08 17:10:57,132 <requestor-worker-0:1416405, MainThread:139624799057728> (middleware.py:_apply_async:180 -> middleware.py:_apply_sync:169) from logger `RFC.middleware_status_code`
[INFO] status code 200 in response of AudioBookAudioPage(811527).AudioBookAudioFile(811527)

2024-04-08 17:10:57,134 <requestor-worker-0:1416405, MainThread:139624799057728> (requestor.py:_fetch_single_async:206 -> middleware.py:apply_async:115) from logger `RFC.middleware_status_code`
[INFO] applied on AudioBookAudioPage(811527).AudioBookAudioFile(811527), sent

2024-04-08 17:11:00,036 <requestor-worker-0:1416405, MainThread:139624799057728> (requestor.py:_fetch_single_async:206 -> middleware.py:apply_async:112) from logger `RFC.middleware_status_code`
[INFO] applying on AudioBookAudioPage(811466).AudioBookAudioFile(811466), received

2024-04-08 17:11:00,038 <requestor-worker-0:1416405, MainThread:139624799057728> (middleware.py:_apply_async:180 -> middleware.py:_apply_sync:169) from logger `RFC.middleware_status_code`
[INFO] status code 200 in response of AudioBookAudioPage(811466).AudioBookAudioFile(811466)

2024-04-08 17:11:00,039 <requestor-worker-0:1416405, MainThread:139624799057728> (requestor.py:_fetch_single_async:206 -> middleware.py:apply_async:115) from logger `RFC.middleware_status_code`
[INFO] applied on AudioBookAudioPage(811466).AudioBookAudioFile(811466), sent

2024-04-08 17:11:02,730 <requestor-worker-0:1416405, MainThread:139624799057728> (requestor.py:_fetch_single_async:206 -> middleware.py:apply_async:112) from logger `RFC.middleware_status_code`
[INFO] applying on AudioBookAudioPage(811826).AudioBookAudioFile(811826), received

2024-04-08 17:11:02,733 <requestor-worker-0:1416405, MainThread:139624799057728> (middleware.py:_apply_async:180 -> middleware.py:_apply_sync:169) from logger `RFC.middleware_status_code`
[INFO] status code 200 in response of AudioBookAudioPage(811826).AudioBookAudioFile(811826)

2024-04-08 17:11:02,736 <requestor-worker-0:1416405, MainThread:139624799057728> (requestor.py:_fetch_single_async:206 -> middleware.py:apply_async:115) from logger `RFC.middleware_status_code`
[INFO] applied on AudioBookAudioPage(811826).AudioBookAudioFile(811826), sent

2024-04-08 17:11:06,999 <requestor-worker-0:1416405, MainThread:139624799057728> (requestor.py:_fetch_single_async:206 -> middleware.py:apply_async:112) from logger `RFC.middleware_status_code`
[INFO] applying on AudioBookAudioPage(811552).AudioBookAudioFile(811552), received

2024-04-08 17:11:07,000 <requestor-worker-0:1416405, MainThread:139624799057728> (middleware.py:_apply_async:180 -> middleware.py:_apply_sync:169) from logger `RFC.middleware_status_code`
[INFO] status code 200 in response of AudioBookAudioPage(811552).AudioBookAudioFile(811552)

2024-04-08 17:11:07,001 <requestor-worker-0:1416405, MainThread:139624799057728> (requestor.py:_fetch_single_async:206 -> middleware.py:apply_async:115) from logger `RFC.middleware_status_code`
[INFO] applied on AudioBookAudioPage(811552).AudioBookAudioFile(811552), sent

2024-04-08 17:11:28,898 <requestor-worker-0:1416405, MainThread:139624799057728> (requestor.py:_fetch_single_async:206 -> middleware.py:apply_async:112) from logger `RFC.middleware_status_code`
[INFO] applying on AudioBookAudioPage(811395).AudioBookAudioFile(811395), received

2024-04-08 17:11:28,899 <requestor-worker-0:1416405, MainThread:139624799057728> (middleware.py:_apply_async:180 -> middleware.py:_apply_sync:169) from logger `RFC.middleware_status_code`
[INFO] status code 200 in response of AudioBookAudioPage(811395).AudioBookAudioFile(811395)

2024-04-08 17:11:28,901 <requestor-worker-0:1416405, MainThread:139624799057728> (requestor.py:_fetch_single_async:206 -> middleware.py:apply_async:115) from logger `RFC.middleware_status_code`
[INFO] applied on AudioBookAudioPage(811395).AudioBookAudioFile(811395), sent

2024-04-08 17:11:32,045 <requestor-worker-0:1416405, MainThread:139624799057728> (requestor.py:_fetch_single_async:206 -> middleware.py:apply_async:112) from logger `RFC.middleware_status_code`
[INFO] applying on AudioBookAudioPage(811473).AudioBookAudioFile(811473), received

2024-04-08 17:11:32,046 <requestor-worker-0:1416405, MainThread:139624799057728> (middleware.py:_apply_async:180 -> middleware.py:_apply_sync:169) from logger `RFC.middleware_status_code`
[INFO] status code 200 in response of AudioBookAudioPage(811473).AudioBookAudioFile(811473)

2024-04-08 17:11:32,047 <requestor-worker-0:1416405, MainThread:139624799057728> (requestor.py:_fetch_single_async:206 -> middleware.py:apply_async:115) from logger `RFC.middleware_status_code`
[INFO] applied on AudioBookAudioPage(811473).AudioBookAudioFile(811473), sent

2024-04-08 17:11:33,521 <requestor-worker-0:1416405, MainThread:139624799057728> (requestor.py:_fetch_single_async:206 -> middleware.py:apply_async:112) from logger `RFC.middleware_status_code`
[INFO] applying on AudioBookAudioPage(811552).AudioBookAudioFile(811552), received

2024-04-08 17:11:33,523 <requestor-worker-0:1416405, MainThread:139624799057728> (middleware.py:_apply_async:180 -> middleware.py:_apply_sync:169) from logger `RFC.middleware_status_code`
[INFO] status code 200 in response of AudioBookAudioPage(811552).AudioBookAudioFile(811552)

2024-04-08 17:11:33,525 <requestor-worker-0:1416405, MainThread:139624799057728> (requestor.py:_fetch_single_async:206 -> middleware.py:apply_async:115) from logger `RFC.middleware_status_code`
[INFO] applied on AudioBookAudioPage(811552).AudioBookAudioFile(811552), sent

2024-04-08 17:11:34,160 <requestor-worker-0:1416405, MainThread:139624799057728> (requestor.py:_fetch_single_async:206 -> middleware.py:apply_async:112) from logger `RFC.middleware_status_code`
[INFO] applying on AudioBookAudioPage(811561).AudioBookAudioFile(811561), received

2024-04-08 17:11:34,162 <requestor-worker-0:1416405, MainThread:139624799057728> (middleware.py:_apply_async:180 -> middleware.py:_apply_sync:169) from logger `RFC.middleware_status_code`
[INFO] status code 200 in response of AudioBookAudioPage(811561).AudioBookAudioFile(811561)

2024-04-08 17:11:34,165 <requestor-worker-0:1416405, MainThread:139624799057728> (requestor.py:_fetch_single_async:206 -> middleware.py:apply_async:115) from logger `RFC.middleware_status_code`
[INFO] applied on AudioBookAudioPage(811561).AudioBookAudioFile(811561), sent

2024-04-08 17:11:34,883 <requestor-worker-0:1416405, MainThread:139624799057728> (requestor.py:_fetch_single_async:206 -> middleware.py:apply_async:112) from logger `RFC.middleware_status_code`
[INFO] applying on AudioBookAudioPage(811573).AudioBookAudioFile(811573), received

2024-04-08 17:11:34,885 <requestor-worker-0:1416405, MainThread:139624799057728> (middleware.py:_apply_async:180 -> middleware.py:_apply_sync:169) from logger `RFC.middleware_status_code`
[INFO] status code 200 in response of AudioBookAudioPage(811573).AudioBookAudioFile(811573)

2024-04-08 17:11:34,888 <requestor-worker-0:1416405, MainThread:139624799057728> (requestor.py:_fetch_single_async:206 -> middleware.py:apply_async:115) from logger `RFC.middleware_status_code`
[INFO] applied on AudioBookAudioPage(811573).AudioBookAudioFile(811573), sent

2024-04-08 17:11:34,993 <requestor-worker-0:1416405, MainThread:139624799057728> (requestor.py:_fetch_single_async:206 -> middleware.py:apply_async:112) from logger `RFC.middleware_status_code`
[INFO] applying on AudioBookAudioPage(811553).AudioBookAudioFile(811553), received

2024-04-08 17:11:34,996 <requestor-worker-0:1416405, MainThread:139624799057728> (middleware.py:_apply_async:180 -> middleware.py:_apply_sync:169) from logger `RFC.middleware_status_code`
[INFO] status code 200 in response of AudioBookAudioPage(811553).AudioBookAudioFile(811553)

2024-04-08 17:11:35,006 <requestor-worker-0:1416405, MainThread:139624799057728> (requestor.py:_fetch_single_async:206 -> middleware.py:apply_async:115) from logger `RFC.middleware_status_code`
[INFO] applied on AudioBookAudioPage(811553).AudioBookAudioFile(811553), sent

2024-04-08 17:11:35,678 <requestor-worker-0:1416405, MainThread:139624799057728> (requestor.py:_fetch_single_async:206 -> middleware.py:apply_async:112) from logger `RFC.middleware_status_code`
[INFO] applying on AudioBookAudioPage(811575).AudioBookAudioFile(811575), received

2024-04-08 17:11:35,681 <requestor-worker-0:1416405, MainThread:139624799057728> (middleware.py:_apply_async:180 -> middleware.py:_apply_sync:169) from logger `RFC.middleware_status_code`
[INFO] status code 200 in response of AudioBookAudioPage(811575).AudioBookAudioFile(811575)

2024-04-08 17:11:35,683 <requestor-worker-0:1416405, MainThread:139624799057728> (requestor.py:_fetch_single_async:206 -> middleware.py:apply_async:115) from logger `RFC.middleware_status_code`
[INFO] applied on AudioBookAudioPage(811575).AudioBookAudioFile(811575), sent

2024-04-08 17:11:48,356 <requestor-worker-0:1416405, MainThread:139624799057728> (requestor.py:_fetch_single_async:206 -> middleware.py:apply_async:112) from logger `RFC.middleware_status_code`
[INFO] applying on AudioBookAudioPage(811395).AudioBookAudioFile(811395), received

2024-04-08 17:11:48,359 <requestor-worker-0:1416405, MainThread:139624799057728> (middleware.py:_apply_async:180 -> middleware.py:_apply_sync:169) from logger `RFC.middleware_status_code`
[INFO] status code 200 in response of AudioBookAudioPage(811395).AudioBookAudioFile(811395)

2024-04-08 17:11:48,362 <requestor-worker-0:1416405, MainThread:139624799057728> (requestor.py:_fetch_single_async:206 -> middleware.py:apply_async:115) from logger `RFC.middleware_status_code`
[INFO] applied on AudioBookAudioPage(811395).AudioBookAudioFile(811395), sent

2024-04-08 17:11:48,479 <requestor-worker-0:1416405, MainThread:139624799057728> (requestor.py:_fetch_single_async:206 -> middleware.py:apply_async:112) from logger `RFC.middleware_status_code`
[INFO] applying on AudioBookAudioPage(811466).AudioBookAudioFile(811466), received

2024-04-08 17:11:48,482 <requestor-worker-0:1416405, MainThread:139624799057728> (middleware.py:_apply_async:180 -> middleware.py:_apply_sync:169) from logger `RFC.middleware_status_code`
[INFO] status code 200 in response of AudioBookAudioPage(811466).AudioBookAudioFile(811466)

2024-04-08 17:11:48,484 <requestor-worker-0:1416405, MainThread:139624799057728> (requestor.py:_fetch_single_async:206 -> middleware.py:apply_async:115) from logger `RFC.middleware_status_code`
[INFO] applied on AudioBookAudioPage(811466).AudioBookAudioFile(811466), sent

2024-04-08 17:12:09,206 <requestor-worker-0:1416405, MainThread:139624799057728> (requestor.py:_fetch_single_async:206 -> middleware.py:apply_async:112) from logger `RFC.middleware_status_code`
[INFO] applying on AudioBookAudioPage(811745).AudioBookAudioFile(811745), received

2024-04-08 17:12:09,209 <requestor-worker-0:1416405, MainThread:139624799057728> (middleware.py:_apply_async:180 -> middleware.py:_apply_sync:169) from logger `RFC.middleware_status_code`
[INFO] status code 200 in response of AudioBookAudioPage(811745).AudioBookAudioFile(811745)

2024-04-08 17:12:09,212 <requestor-worker-0:1416405, MainThread:139624799057728> (requestor.py:_fetch_single_async:206 -> middleware.py:apply_async:115) from logger `RFC.middleware_status_code`
[INFO] applied on AudioBookAudioPage(811745).AudioBookAudioFile(811745), sent

2024-04-08 17:12:17,760 <requestor-worker-0:1416405, MainThread:139624799057728> (requestor.py:_fetch_single_async:206 -> middleware.py:apply_async:112) from logger `RFC.middleware_status_code`
[INFO] applying on AudioBookAudioPage(811782), received

2024-04-08 17:12:17,761 <requestor-worker-0:1416405, MainThread:139624799057728> (middleware.py:_apply_async:180 -> middleware.py:_apply_sync:169) from logger `RFC.middleware_status_code`
[INFO] status code 200 in response of AudioBookAudioPage(811782)

2024-04-08 17:12:17,762 <requestor-worker-0:1416405, MainThread:139624799057728> (requestor.py:_fetch_single_async:206 -> middleware.py:apply_async:115) from logger `RFC.middleware_status_code`
[INFO] applied on AudioBookAudioPage(811782), sent

2024-04-08 17:12:19,320 <requestor-worker-0:1416405, MainThread:139624799057728> (requestor.py:_fetch_single_async:206 -> middleware.py:apply_async:112) from logger `RFC.middleware_status_code`
[INFO] applying on AudioBookAudioPage(811782).AudioBookAudioFile(811782), received

2024-04-08 17:12:19,323 <requestor-worker-0:1416405, MainThread:139624799057728> (middleware.py:_apply_async:180 -> middleware.py:_apply_sync:169) from logger `RFC.middleware_status_code`
[INFO] status code 200 in response of AudioBookAudioPage(811782).AudioBookAudioFile(811782)

2024-04-08 17:12:19,326 <requestor-worker-0:1416405, MainThread:139624799057728> (requestor.py:_fetch_single_async:206 -> middleware.py:apply_async:115) from logger `RFC.middleware_status_code`
[INFO] applied on AudioBookAudioPage(811782).AudioBookAudioFile(811782), sent

2024-04-08 17:12:22,657 <requestor-worker-0:1416405, MainThread:139624799057728> (requestor.py:_fetch_single_async:206 -> middleware.py:apply_async:112) from logger `RFC.middleware_status_code`
[INFO] applying on AudioBookAudioPage(811785).AudioBookAudioFile(811785), received

2024-04-08 17:12:22,659 <requestor-worker-0:1416405, MainThread:139624799057728> (middleware.py:_apply_async:180 -> middleware.py:_apply_sync:169) from logger `RFC.middleware_status_code`
[INFO] status code 200 in response of AudioBookAudioPage(811785).AudioBookAudioFile(811785)

2024-04-08 17:12:22,662 <requestor-worker-0:1416405, MainThread:139624799057728> (requestor.py:_fetch_single_async:206 -> middleware.py:apply_async:115) from logger `RFC.middleware_status_code`
[INFO] applied on AudioBookAudioPage(811785).AudioBookAudioFile(811785), sent

2024-04-08 17:12:29,969 <requestor-worker-0:1416405, MainThread:139624799057728> (requestor.py:_fetch_single_async:206 -> middleware.py:apply_async:112) from logger `RFC.middleware_status_code`
[INFO] applying on AudioBookAudioPage(811838).AudioBookAudioFile(811838), received

2024-04-08 17:12:29,972 <requestor-worker-0:1416405, MainThread:139624799057728> (middleware.py:_apply_async:180 -> middleware.py:_apply_sync:169) from logger `RFC.middleware_status_code`
[INFO] status code 200 in response of AudioBookAudioPage(811838).AudioBookAudioFile(811838)

2024-04-08 17:12:29,976 <requestor-worker-0:1416405, MainThread:139624799057728> (requestor.py:_fetch_single_async:206 -> middleware.py:apply_async:115) from logger `RFC.middleware_status_code`
[INFO] applied on AudioBookAudioPage(811838).AudioBookAudioFile(811838), sent

2024-04-08 17:12:32,096 <requestor-worker-0:1416405, MainThread:139624799057728> (requestor.py:_fetch_single_async:206 -> middleware.py:apply_async:112) from logger `RFC.middleware_status_code`
[INFO] applying on AudioBookAudioPage(811624).AudioBookAudioFile(811624), received

2024-04-08 17:12:32,097 <requestor-worker-0:1416405, MainThread:139624799057728> (middleware.py:_apply_async:180 -> middleware.py:_apply_sync:169) from logger `RFC.middleware_status_code`
[INFO] status code 200 in response of AudioBookAudioPage(811624).AudioBookAudioFile(811624)

2024-04-08 17:12:32,099 <requestor-worker-0:1416405, MainThread:139624799057728> (requestor.py:_fetch_single_async:206 -> middleware.py:apply_async:115) from logger `RFC.middleware_status_code`
[INFO] applied on AudioBookAudioPage(811624).AudioBookAudioFile(811624), sent

2024-04-08 17:12:33,962 <requestor-worker-0:1416405, MainThread:139624799057728> (requestor.py:_fetch_single_async:206 -> middleware.py:apply_async:112) from logger `RFC.middleware_status_code`
[INFO] applying on AudioBookAudioPage(811797).AudioBookAudioFile(811797), received

2024-04-08 17:12:33,965 <requestor-worker-0:1416405, MainThread:139624799057728> (middleware.py:_apply_async:180 -> middleware.py:_apply_sync:169) from logger `RFC.middleware_status_code`
[INFO] status code 200 in response of AudioBookAudioPage(811797).AudioBookAudioFile(811797)

2024-04-08 17:12:33,968 <requestor-worker-0:1416405, MainThread:139624799057728> (requestor.py:_fetch_single_async:206 -> middleware.py:apply_async:115) from logger `RFC.middleware_status_code`
[INFO] applied on AudioBookAudioPage(811797).AudioBookAudioFile(811797), sent

2024-04-08 17:12:35,660 <requestor-worker-0:1416405, MainThread:139624799057728> (requestor.py:_fetch_single_async:206 -> middleware.py:apply_async:112) from logger `RFC.middleware_status_code`
[INFO] applying on AudioBookAudioPage(811643).AudioBookAudioFile(811643), received

2024-04-08 17:12:35,661 <requestor-worker-0:1416405, MainThread:139624799057728> (middleware.py:_apply_async:180 -> middleware.py:_apply_sync:169) from logger `RFC.middleware_status_code`
[INFO] status code 200 in response of AudioBookAudioPage(811643).AudioBookAudioFile(811643)

2024-04-08 17:12:35,765 <requestor-worker-0:1416405, MainThread:139624799057728> (requestor.py:_fetch_single_async:206 -> middleware.py:apply_async:115) from logger `RFC.middleware_status_code`
[INFO] applied on AudioBookAudioPage(811643).AudioBookAudioFile(811643), sent

2024-04-08 17:12:36,528 <requestor-worker-0:1416405, MainThread:139624799057728> (requestor.py:_fetch_single_async:206 -> middleware.py:apply_async:112) from logger `RFC.middleware_status_code`
[INFO] applying on AudioBookAudioPage(811805).AudioBookAudioFile(811805), received

2024-04-08 17:12:36,529 <requestor-worker-0:1416405, MainThread:139624799057728> (middleware.py:_apply_async:180 -> middleware.py:_apply_sync:169) from logger `RFC.middleware_status_code`
[INFO] status code 200 in response of AudioBookAudioPage(811805).AudioBookAudioFile(811805)

2024-04-08 17:12:36,530 <requestor-worker-0:1416405, MainThread:139624799057728> (requestor.py:_fetch_single_async:206 -> middleware.py:apply_async:115) from logger `RFC.middleware_status_code`
[INFO] applied on AudioBookAudioPage(811805).AudioBookAudioFile(811805), sent

2024-04-08 17:12:37,170 <requestor-worker-0:1416405, MainThread:139624799057728> (requestor.py:_fetch_single_async:206 -> middleware.py:apply_async:112) from logger `RFC.middleware_status_code`
[INFO] applying on AudioBookAudioPage(811648).AudioBookAudioFile(811648), received

2024-04-08 17:12:37,173 <requestor-worker-0:1416405, MainThread:139624799057728> (middleware.py:_apply_async:180 -> middleware.py:_apply_sync:169) from logger `RFC.middleware_status_code`
[INFO] status code 200 in response of AudioBookAudioPage(811648).AudioBookAudioFile(811648)

2024-04-08 17:12:37,175 <requestor-worker-0:1416405, MainThread:139624799057728> (requestor.py:_fetch_single_async:206 -> middleware.py:apply_async:115) from logger `RFC.middleware_status_code`
[INFO] applied on AudioBookAudioPage(811648).AudioBookAudioFile(811648), sent

2024-04-08 17:12:37,500 <requestor-worker-0:1416405, MainThread:139624799057728> (requestor.py:_fetch_single_async:206 -> middleware.py:apply_async:112) from logger `RFC.middleware_status_code`
[INFO] applying on AudioBookAudioPage(811553).AudioBookAudioFile(811553), received

2024-04-08 17:12:37,501 <requestor-worker-0:1416405, MainThread:139624799057728> (middleware.py:_apply_async:180 -> middleware.py:_apply_sync:169) from logger `RFC.middleware_status_code`
[INFO] status code 200 in response of AudioBookAudioPage(811553).AudioBookAudioFile(811553)

2024-04-08 17:12:37,502 <requestor-worker-0:1416405, MainThread:139624799057728> (requestor.py:_fetch_single_async:206 -> middleware.py:apply_async:115) from logger `RFC.middleware_status_code`
[INFO] applied on AudioBookAudioPage(811553).AudioBookAudioFile(811553), sent

2024-04-08 17:12:37,645 <requestor-worker-0:1416405, MainThread:139624799057728> (requestor.py:_fetch_single_async:206 -> middleware.py:apply_async:112) from logger `RFC.middleware_status_code`
[INFO] applying on AudioBookAudioPage(811561).AudioBookAudioFile(811561), received

2024-04-08 17:12:37,647 <requestor-worker-0:1416405, MainThread:139624799057728> (middleware.py:_apply_async:180 -> middleware.py:_apply_sync:169) from logger `RFC.middleware_status_code`
[INFO] status code 200 in response of AudioBookAudioPage(811561).AudioBookAudioFile(811561)

2024-04-08 17:12:37,650 <requestor-worker-0:1416405, MainThread:139624799057728> (requestor.py:_fetch_single_async:206 -> middleware.py:apply_async:115) from logger `RFC.middleware_status_code`
[INFO] applied on AudioBookAudioPage(811561).AudioBookAudioFile(811561), sent

2024-04-08 17:12:38,885 <requestor-worker-0:1416405, MainThread:139624799057728> (requestor.py:_fetch_single_async:206 -> middleware.py:apply_async:112) from logger `RFC.middleware_status_code`
[INFO] applying on AudioBookAudioPage(811573).AudioBookAudioFile(811573), received

2024-04-08 17:12:38,888 <requestor-worker-0:1416405, MainThread:139624799057728> (middleware.py:_apply_async:180 -> middleware.py:_apply_sync:169) from logger `RFC.middleware_status_code`
[INFO] status code 200 in response of AudioBookAudioPage(811573).AudioBookAudioFile(811573)

2024-04-08 17:12:38,899 <requestor-worker-0:1416405, MainThread:139624799057728> (requestor.py:_fetch_single_async:206 -> middleware.py:apply_async:115) from logger `RFC.middleware_status_code`
[INFO] applied on AudioBookAudioPage(811573).AudioBookAudioFile(811573), sent

2024-04-08 17:12:39,509 <requestor-worker-0:1416405, MainThread:139624799057728> (requestor.py:_fetch_single_async:206 -> middleware.py:apply_async:112) from logger `RFC.middleware_status_code`
[INFO] applying on AudioBookAudioPage(811575).AudioBookAudioFile(811575), received

2024-04-08 17:12:39,510 <requestor-worker-0:1416405, MainThread:139624799057728> (middleware.py:_apply_async:180 -> middleware.py:_apply_sync:169) from logger `RFC.middleware_status_code`
[INFO] status code 200 in response of AudioBookAudioPage(811575).AudioBookAudioFile(811575)

2024-04-08 17:12:39,512 <requestor-worker-0:1416405, MainThread:139624799057728> (requestor.py:_fetch_single_async:206 -> middleware.py:apply_async:115) from logger `RFC.middleware_status_code`
[INFO] applied on AudioBookAudioPage(811575).AudioBookAudioFile(811575), sent

2024-04-08 17:12:41,486 <requestor-worker-0:1416405, MainThread:139624799057728> (requestor.py:_fetch_single_async:206 -> middleware.py:apply_async:112) from logger `RFC.middleware_status_code`
[INFO] applying on AudioBookAudioPage(811552).AudioBookAudioFile(811552), received

2024-04-08 17:12:41,492 <requestor-worker-0:1416405, MainThread:139624799057728> (middleware.py:_apply_async:180 -> middleware.py:_apply_sync:169) from logger `RFC.middleware_status_code`
[INFO] status code 200 in response of AudioBookAudioPage(811552).AudioBookAudioFile(811552)

2024-04-08 17:12:41,495 <requestor-worker-0:1416405, MainThread:139624799057728> (requestor.py:_fetch_single_async:206 -> middleware.py:apply_async:115) from logger `RFC.middleware_status_code`
[INFO] applied on AudioBookAudioPage(811552).AudioBookAudioFile(811552), sent

2024-04-08 17:13:10,866 <requestor-worker-0:1416405, MainThread:139624799057728> (requestor.py:_fetch_single_async:206 -> middleware.py:apply_async:112) from logger `RFC.middleware_status_code`
[INFO] applying on AudioBookAudioPage(811745).AudioBookAudioFile(811745), received

2024-04-08 17:13:10,868 <requestor-worker-0:1416405, MainThread:139624799057728> (middleware.py:_apply_async:180 -> middleware.py:_apply_sync:169) from logger `RFC.middleware_status_code`
[INFO] status code 200 in response of AudioBookAudioPage(811745).AudioBookAudioFile(811745)

2024-04-08 17:13:10,871 <requestor-worker-0:1416405, MainThread:139624799057728> (requestor.py:_fetch_single_async:206 -> middleware.py:apply_async:115) from logger `RFC.middleware_status_code`
[INFO] applied on AudioBookAudioPage(811745).AudioBookAudioFile(811745), sent

2024-04-08 17:13:16,185 <requestor-worker-0:1416405, MainThread:139624799057728> (requestor.py:_fetch_single_async:206 -> middleware.py:apply_async:112) from logger `RFC.middleware_status_code`
[INFO] applying on AudioBookAudioPage(811738).AudioBookAudioFile(811738), received

2024-04-08 17:13:16,187 <requestor-worker-0:1416405, MainThread:139624799057728> (middleware.py:_apply_async:180 -> middleware.py:_apply_sync:169) from logger `RFC.middleware_status_code`
[INFO] status code 200 in response of AudioBookAudioPage(811738).AudioBookAudioFile(811738)

2024-04-08 17:13:16,189 <requestor-worker-0:1416405, MainThread:139624799057728> (requestor.py:_fetch_single_async:206 -> middleware.py:apply_async:115) from logger `RFC.middleware_status_code`
[INFO] applied on AudioBookAudioPage(811738).AudioBookAudioFile(811738), sent

2024-04-08 17:13:44,550 <requestor-worker-0:1416405, MainThread:139624799057728> (requestor.py:_fetch_single_async:206 -> middleware.py:apply_async:112) from logger `RFC.middleware_status_code`
[INFO] applying on AudioBookAudioPage(811561).AudioBookAudioFile(811561), received

2024-04-08 17:13:44,551 <requestor-worker-0:1416405, MainThread:139624799057728> (middleware.py:_apply_async:180 -> middleware.py:_apply_sync:169) from logger `RFC.middleware_status_code`
[INFO] status code 200 in response of AudioBookAudioPage(811561).AudioBookAudioFile(811561)

2024-04-08 17:13:44,575 <requestor-worker-0:1416405, MainThread:139624799057728> (requestor.py:_fetch_single_async:206 -> middleware.py:apply_async:115) from logger `RFC.middleware_status_code`
[INFO] applied on AudioBookAudioPage(811561).AudioBookAudioFile(811561), sent

2024-04-08 17:13:47,155 <requestor-worker-0:1416405, MainThread:139624799057728> (requestor.py:_fetch_single_async:206 -> middleware.py:apply_async:112) from logger `RFC.middleware_status_code`
[INFO] applying on AudioBookAudioPage(811624).AudioBookAudioFile(811624), received

2024-04-08 17:13:47,157 <requestor-worker-0:1416405, MainThread:139624799057728> (middleware.py:_apply_async:180 -> middleware.py:_apply_sync:169) from logger `RFC.middleware_status_code`
[INFO] status code 200 in response of AudioBookAudioPage(811624).AudioBookAudioFile(811624)

2024-04-08 17:13:47,158 <requestor-worker-0:1416405, MainThread:139624799057728> (requestor.py:_fetch_single_async:206 -> middleware.py:apply_async:115) from logger `RFC.middleware_status_code`
[INFO] applied on AudioBookAudioPage(811624).AudioBookAudioFile(811624), sent

2024-04-08 17:13:47,427 <requestor-worker-0:1416405, MainThread:139624799057728> (requestor.py:_fetch_single_async:206 -> middleware.py:apply_async:112) from logger `RFC.middleware_status_code`
[INFO] applying on AudioBookAudioPage(811643).AudioBookAudioFile(811643), received

2024-04-08 17:13:47,428 <requestor-worker-0:1416405, MainThread:139624799057728> (middleware.py:_apply_async:180 -> middleware.py:_apply_sync:169) from logger `RFC.middleware_status_code`
[INFO] status code 200 in response of AudioBookAudioPage(811643).AudioBookAudioFile(811643)

2024-04-08 17:13:47,429 <requestor-worker-0:1416405, MainThread:139624799057728> (requestor.py:_fetch_single_async:206 -> middleware.py:apply_async:115) from logger `RFC.middleware_status_code`
[INFO] applied on AudioBookAudioPage(811643).AudioBookAudioFile(811643), sent

2024-04-08 17:13:49,406 <requestor-worker-0:1416405, MainThread:139624799057728> (requestor.py:_fetch_single_async:206 -> middleware.py:apply_async:112) from logger `RFC.middleware_status_code`
[INFO] applying on AudioBookAudioPage(811575).AudioBookAudioFile(811575), received

2024-04-08 17:13:49,407 <requestor-worker-0:1416405, MainThread:139624799057728> (middleware.py:_apply_async:180 -> middleware.py:_apply_sync:169) from logger `RFC.middleware_status_code`
[INFO] status code 200 in response of AudioBookAudioPage(811575).AudioBookAudioFile(811575)

2024-04-08 17:13:49,408 <requestor-worker-0:1416405, MainThread:139624799057728> (requestor.py:_fetch_single_async:206 -> middleware.py:apply_async:115) from logger `RFC.middleware_status_code`
[INFO] applied on AudioBookAudioPage(811575).AudioBookAudioFile(811575), sent

2024-04-08 17:13:49,860 <requestor-worker-0:1416405, MainThread:139624799057728> (requestor.py:_fetch_single_async:206 -> middleware.py:apply_async:112) from logger `RFC.middleware_status_code`
[INFO] applying on AudioBookAudioPage(811648).AudioBookAudioFile(811648), received

2024-04-08 17:13:49,862 <requestor-worker-0:1416405, MainThread:139624799057728> (middleware.py:_apply_async:180 -> middleware.py:_apply_sync:169) from logger `RFC.middleware_status_code`
[INFO] status code 200 in response of AudioBookAudioPage(811648).AudioBookAudioFile(811648)

2024-04-08 17:13:49,864 <requestor-worker-0:1416405, MainThread:139624799057728> (requestor.py:_fetch_single_async:206 -> middleware.py:apply_async:115) from logger `RFC.middleware_status_code`
[INFO] applied on AudioBookAudioPage(811648).AudioBookAudioFile(811648), sent

2024-04-08 17:13:58,071 <requestor-worker-0:1416405, MainThread:139624799057728> (requestor.py:_fetch_single_async:206 -> middleware.py:apply_async:112) from logger `RFC.middleware_status_code`
[INFO] applying on AudioBookAudioPage(811805).AudioBookAudioFile(811805), received

2024-04-08 17:13:58,074 <requestor-worker-0:1416405, MainThread:139624799057728> (middleware.py:_apply_async:180 -> middleware.py:_apply_sync:169) from logger `RFC.middleware_status_code`
[INFO] status code 200 in response of AudioBookAudioPage(811805).AudioBookAudioFile(811805)

2024-04-08 17:13:58,114 <requestor-worker-0:1416405, MainThread:139624799057728> (requestor.py:_fetch_single_async:206 -> middleware.py:apply_async:115) from logger `RFC.middleware_status_code`
[INFO] applied on AudioBookAudioPage(811805).AudioBookAudioFile(811805), sent

2024-04-08 17:13:58,270 <requestor-worker-0:1416405, MainThread:139624799057728> (requestor.py:_fetch_single_async:206 -> middleware.py:apply_async:112) from logger `RFC.middleware_status_code`
[INFO] applying on AudioBookAudioPage(812096).AudioBookAudioFile(812096), received

2024-04-08 17:13:58,272 <requestor-worker-0:1416405, MainThread:139624799057728> (middleware.py:_apply_async:180 -> middleware.py:_apply_sync:169) from logger `RFC.middleware_status_code`
[INFO] status code 200 in response of AudioBookAudioPage(812096).AudioBookAudioFile(812096)

2024-04-08 17:13:58,275 <requestor-worker-0:1416405, MainThread:139624799057728> (requestor.py:_fetch_single_async:206 -> middleware.py:apply_async:115) from logger `RFC.middleware_status_code`
[INFO] applied on AudioBookAudioPage(812096).AudioBookAudioFile(812096), sent

2024-04-08 17:13:59,014 <requestor-worker-0:1416405, MainThread:139624799057728> (requestor.py:_fetch_single_async:206 -> middleware.py:apply_async:112) from logger `RFC.middleware_status_code`
[INFO] applying on AudioBookAudioPage(811553).AudioBookAudioFile(811553), received

2024-04-08 17:13:59,015 <requestor-worker-0:1416405, MainThread:139624799057728> (middleware.py:_apply_async:180 -> middleware.py:_apply_sync:169) from logger `RFC.middleware_status_code`
[INFO] status code 200 in response of AudioBookAudioPage(811553).AudioBookAudioFile(811553)

2024-04-08 17:13:59,016 <requestor-worker-0:1416405, MainThread:139624799057728> (requestor.py:_fetch_single_async:206 -> middleware.py:apply_async:115) from logger `RFC.middleware_status_code`
[INFO] applied on AudioBookAudioPage(811553).AudioBookAudioFile(811553), sent

2024-04-08 17:13:59,212 <requestor-worker-0:1416405, MainThread:139624799057728> (requestor.py:_fetch_single_async:206 -> middleware.py:apply_async:112) from logger `RFC.middleware_status_code`
[INFO] applying on AudioBookAudioPage(811797).AudioBookAudioFile(811797), received

2024-04-08 17:13:59,213 <requestor-worker-0:1416405, MainThread:139624799057728> (middleware.py:_apply_async:180 -> middleware.py:_apply_sync:169) from logger `RFC.middleware_status_code`
[INFO] status code 200 in response of AudioBookAudioPage(811797).AudioBookAudioFile(811797)

2024-04-08 17:13:59,215 <requestor-worker-0:1416405, MainThread:139624799057728> (requestor.py:_fetch_single_async:206 -> middleware.py:apply_async:115) from logger `RFC.middleware_status_code`
[INFO] applied on AudioBookAudioPage(811797).AudioBookAudioFile(811797), sent

2024-04-08 17:13:59,841 <requestor-worker-0:1416405, MainThread:139624799057728> (requestor.py:_fetch_single_async:206 -> middleware.py:apply_async:112) from logger `RFC.middleware_status_code`
[INFO] applying on AudioBookAudioPage(811573).AudioBookAudioFile(811573), received

2024-04-08 17:13:59,844 <requestor-worker-0:1416405, MainThread:139624799057728> (middleware.py:_apply_async:180 -> middleware.py:_apply_sync:169) from logger `RFC.middleware_status_code`
[INFO] status code 200 in response of AudioBookAudioPage(811573).AudioBookAudioFile(811573)

2024-04-08 17:13:59,847 <requestor-worker-0:1416405, MainThread:139624799057728> (requestor.py:_fetch_single_async:206 -> middleware.py:apply_async:115) from logger `RFC.middleware_status_code`
[INFO] applied on AudioBookAudioPage(811573).AudioBookAudioFile(811573), sent

2024-04-08 17:14:02,114 <requestor-worker-0:1416405, MainThread:139624799057728> (requestor.py:_fetch_single_async:206 -> middleware.py:apply_async:112) from logger `RFC.middleware_status_code`
[INFO] applying on AudioBookAudioPage(811552).AudioBookAudioFile(811552), received

2024-04-08 17:14:02,118 <requestor-worker-0:1416405, MainThread:139624799057728> (middleware.py:_apply_async:180 -> middleware.py:_apply_sync:169) from logger `RFC.middleware_status_code`
[INFO] status code 200 in response of AudioBookAudioPage(811552).AudioBookAudioFile(811552)

2024-04-08 17:14:02,121 <requestor-worker-0:1416405, MainThread:139624799057728> (requestor.py:_fetch_single_async:206 -> middleware.py:apply_async:115) from logger `RFC.middleware_status_code`
[INFO] applied on AudioBookAudioPage(811552).AudioBookAudioFile(811552), sent

2024-04-08 17:14:11,536 <requestor-worker-0:1416405, MainThread:139624799057728> (requestor.py:_fetch_single_async:206 -> middleware.py:apply_async:112) from logger `RFC.middleware_status_code`
[INFO] applying on AudioBookAudioPage(811745).AudioBookAudioFile(811745), received

2024-04-08 17:14:11,537 <requestor-worker-0:1416405, MainThread:139624799057728> (middleware.py:_apply_async:180 -> middleware.py:_apply_sync:169) from logger `RFC.middleware_status_code`
[INFO] status code 200 in response of AudioBookAudioPage(811745).AudioBookAudioFile(811745)

2024-04-08 17:14:11,538 <requestor-worker-0:1416405, MainThread:139624799057728> (requestor.py:_fetch_single_async:206 -> middleware.py:apply_async:115) from logger `RFC.middleware_status_code`
[INFO] applied on AudioBookAudioPage(811745).AudioBookAudioFile(811745), sent

2024-04-08 17:14:28,267 <requestor-worker-0:1416405, MainThread:139624799057728> (requestor.py:_fetch_single_async:206 -> middleware.py:apply_async:112) from logger `RFC.middleware_status_code`
[INFO] applying on AudioBookAudioPage(812235).AudioBookAudioFile(812235), received

2024-04-08 17:14:28,269 <requestor-worker-0:1416405, MainThread:139624799057728> (middleware.py:_apply_async:180 -> middleware.py:_apply_sync:169) from logger `RFC.middleware_status_code`
[INFO] status code 200 in response of AudioBookAudioPage(812235).AudioBookAudioFile(812235)

2024-04-08 17:14:28,271 <requestor-worker-0:1416405, MainThread:139624799057728> (requestor.py:_fetch_single_async:206 -> middleware.py:apply_async:115) from logger `RFC.middleware_status_code`
[INFO] applied on AudioBookAudioPage(812235).AudioBookAudioFile(812235), sent

2024-04-08 17:14:35,899 <requestor-worker-0:1416405, MainThread:139624799057728> (requestor.py:_fetch_single_async:206 -> middleware.py:apply_async:112) from logger `RFC.middleware_status_code`
[INFO] applying on AudioBookAudioPage(811624).AudioBookAudioFile(811624), received

2024-04-08 17:14:35,902 <requestor-worker-0:1416405, MainThread:139624799057728> (middleware.py:_apply_async:180 -> middleware.py:_apply_sync:169) from logger `RFC.middleware_status_code`
[INFO] status code 200 in response of AudioBookAudioPage(811624).AudioBookAudioFile(811624)

2024-04-08 17:14:35,905 <requestor-worker-0:1416405, MainThread:139624799057728> (requestor.py:_fetch_single_async:206 -> middleware.py:apply_async:115) from logger `RFC.middleware_status_code`
[INFO] applied on AudioBookAudioPage(811624).AudioBookAudioFile(811624), sent

2024-04-08 17:14:37,209 <requestor-worker-0:1416405, MainThread:139624799057728> (requestor.py:_fetch_single_async:206 -> middleware.py:apply_async:112) from logger `RFC.middleware_status_code`
[INFO] applying on AudioBookAudioPage(812239), received

2024-04-08 17:14:37,212 <requestor-worker-0:1416405, MainThread:139624799057728> (middleware.py:_apply_async:180 -> middleware.py:_apply_sync:169) from logger `RFC.middleware_status_code`
[INFO] status code 200 in response of AudioBookAudioPage(812239)

2024-04-08 17:14:37,215 <requestor-worker-0:1416405, MainThread:139624799057728> (requestor.py:_fetch_single_async:206 -> middleware.py:apply_async:115) from logger `RFC.middleware_status_code`
[INFO] applied on AudioBookAudioPage(812239), sent

2024-04-08 17:14:38,846 <requestor-worker-0:1416405, MainThread:139624799057728> (requestor.py:_fetch_single_async:206 -> middleware.py:apply_async:112) from logger `RFC.middleware_status_code`
[INFO] applying on AudioBookAudioPage(811643).AudioBookAudioFile(811643), received

2024-04-08 17:14:38,849 <requestor-worker-0:1416405, MainThread:139624799057728> (middleware.py:_apply_async:180 -> middleware.py:_apply_sync:169) from logger `RFC.middleware_status_code`
[INFO] status code 200 in response of AudioBookAudioPage(811643).AudioBookAudioFile(811643)

2024-04-08 17:14:38,869 <requestor-worker-0:1416405, MainThread:139624799057728> (requestor.py:_fetch_single_async:206 -> middleware.py:apply_async:115) from logger `RFC.middleware_status_code`
[INFO] applied on AudioBookAudioPage(811643).AudioBookAudioFile(811643), sent

2024-04-08 17:14:39,668 <requestor-worker-0:1416405, MainThread:139624799057728> (requestor.py:_fetch_single_async:206 -> middleware.py:apply_async:112) from logger `RFC.middleware_status_code`
[INFO] applying on AudioBookAudioPage(812254), received

2024-04-08 17:14:39,669 <requestor-worker-0:1416405, MainThread:139624799057728> (middleware.py:_apply_async:180 -> middleware.py:_apply_sync:169) from logger `RFC.middleware_status_code`
[INFO] status code 200 in response of AudioBookAudioPage(812254)

2024-04-08 17:14:39,670 <requestor-worker-0:1416405, MainThread:139624799057728> (requestor.py:_fetch_single_async:206 -> middleware.py:apply_async:115) from logger `RFC.middleware_status_code`
[INFO] applied on AudioBookAudioPage(812254), sent

2024-04-08 17:14:40,655 <requestor-worker-0:1416405, MainThread:139624799057728> (requestor.py:_fetch_single_async:206 -> middleware.py:apply_async:112) from logger `RFC.middleware_status_code`
[INFO] applying on AudioBookAudioPage(811797).AudioBookAudioFile(811797), received

2024-04-08 17:14:40,657 <requestor-worker-0:1416405, MainThread:139624799057728> (middleware.py:_apply_async:180 -> middleware.py:_apply_sync:169) from logger `RFC.middleware_status_code`
[INFO] status code 200 in response of AudioBookAudioPage(811797).AudioBookAudioFile(811797)

2024-04-08 17:14:40,659 <requestor-worker-0:1416405, MainThread:139624799057728> (requestor.py:_fetch_single_async:206 -> middleware.py:apply_async:115) from logger `RFC.middleware_status_code`
[INFO] applied on AudioBookAudioPage(811797).AudioBookAudioFile(811797), sent

2024-04-08 17:14:40,919 <requestor-worker-0:1416405, MainThread:139624799057728> (requestor.py:_fetch_single_async:206 -> middleware.py:apply_async:112) from logger `RFC.middleware_status_code`
[INFO] applying on AudioBookAudioPage(812238).AudioBookAudioFile(812238), received

2024-04-08 17:14:40,968 <requestor-worker-0:1416405, MainThread:139624799057728> (middleware.py:_apply_async:180 -> middleware.py:_apply_sync:169) from logger `RFC.middleware_status_code`
[INFO] status code 200 in response of AudioBookAudioPage(812238).AudioBookAudioFile(812238)

2024-04-08 17:14:40,971 <requestor-worker-0:1416405, MainThread:139624799057728> (requestor.py:_fetch_single_async:206 -> middleware.py:apply_async:115) from logger `RFC.middleware_status_code`
[INFO] applied on AudioBookAudioPage(812238).AudioBookAudioFile(812238), sent

2024-04-08 17:14:41,053 <requestor-worker-0:1416405, MainThread:139624799057728> (requestor.py:_fetch_single_async:206 -> middleware.py:apply_async:112) from logger `RFC.middleware_status_code`
[INFO] applying on AudioBookAudioPage(812240).AudioBookAudioFile(812240), received

2024-04-08 17:14:41,054 <requestor-worker-0:1416405, MainThread:139624799057728> (middleware.py:_apply_async:180 -> middleware.py:_apply_sync:169) from logger `RFC.middleware_status_code`
[INFO] status code 200 in response of AudioBookAudioPage(812240).AudioBookAudioFile(812240)

2024-04-08 17:14:41,055 <requestor-worker-0:1416405, MainThread:139624799057728> (requestor.py:_fetch_single_async:206 -> middleware.py:apply_async:115) from logger `RFC.middleware_status_code`
[INFO] applied on AudioBookAudioPage(812240).AudioBookAudioFile(812240), sent

2024-04-08 17:14:41,061 <requestor-worker-0:1416405, MainThread:139624799057728> (requestor.py:_fetch_single_async:206 -> middleware.py:apply_async:112) from logger `RFC.middleware_status_code`
[INFO] applying on AudioBookAudioPage(812246).AudioBookAudioFile(812246), received

2024-04-08 17:14:41,062 <requestor-worker-0:1416405, MainThread:139624799057728> (middleware.py:_apply_async:180 -> middleware.py:_apply_sync:169) from logger `RFC.middleware_status_code`
[INFO] status code 200 in response of AudioBookAudioPage(812246).AudioBookAudioFile(812246)

2024-04-08 17:14:41,064 <requestor-worker-0:1416405, MainThread:139624799057728> (requestor.py:_fetch_single_async:206 -> middleware.py:apply_async:115) from logger `RFC.middleware_status_code`
[INFO] applied on AudioBookAudioPage(812246).AudioBookAudioFile(812246), sent

2024-04-08 17:14:41,483 <requestor-worker-0:1416405, MainThread:139624799057728> (requestor.py:_fetch_single_async:206 -> middleware.py:apply_async:112) from logger `RFC.middleware_status_code`
[INFO] applying on AudioBookAudioPage(811805).AudioBookAudioFile(811805), received

2024-04-08 17:14:41,487 <requestor-worker-0:1416405, MainThread:139624799057728> (middleware.py:_apply_async:180 -> middleware.py:_apply_sync:169) from logger `RFC.middleware_status_code`
[INFO] status code 200 in response of AudioBookAudioPage(811805).AudioBookAudioFile(811805)

2024-04-08 17:14:41,489 <requestor-worker-0:1416405, MainThread:139624799057728> (requestor.py:_fetch_single_async:206 -> middleware.py:apply_async:115) from logger `RFC.middleware_status_code`
[INFO] applied on AudioBookAudioPage(811805).AudioBookAudioFile(811805), sent

2024-04-08 17:14:41,621 <requestor-worker-0:1416405, MainThread:139624799057728> (requestor.py:_fetch_single_async:206 -> middleware.py:apply_async:112) from logger `RFC.middleware_status_code`
[INFO] applying on AudioBookAudioPage(812250).AudioBookAudioFile(812250), received

2024-04-08 17:14:41,622 <requestor-worker-0:1416405, MainThread:139624799057728> (middleware.py:_apply_async:180 -> middleware.py:_apply_sync:169) from logger `RFC.middleware_status_code`
[INFO] status code 200 in response of AudioBookAudioPage(812250).AudioBookAudioFile(812250)

2024-04-08 17:14:41,624 <requestor-worker-0:1416405, MainThread:139624799057728> (requestor.py:_fetch_single_async:206 -> middleware.py:apply_async:115) from logger `RFC.middleware_status_code`
[INFO] applied on AudioBookAudioPage(812250).AudioBookAudioFile(812250), sent

2024-04-08 17:14:41,744 <requestor-worker-0:1416405, MainThread:139624799057728> (requestor.py:_fetch_single_async:206 -> middleware.py:apply_async:112) from logger `RFC.middleware_status_code`
[INFO] applying on AudioBookAudioPage(811648).AudioBookAudioFile(811648), received

2024-04-08 17:14:41,745 <requestor-worker-0:1416405, MainThread:139624799057728> (middleware.py:_apply_async:180 -> middleware.py:_apply_sync:169) from logger `RFC.middleware_status_code`
[INFO] status code 200 in response of AudioBookAudioPage(811648).AudioBookAudioFile(811648)

2024-04-08 17:14:41,746 <requestor-worker-0:1416405, MainThread:139624799057728> (requestor.py:_fetch_single_async:206 -> middleware.py:apply_async:115) from logger `RFC.middleware_status_code`
[INFO] applied on AudioBookAudioPage(811648).AudioBookAudioFile(811648), sent

2024-04-08 17:14:45,547 <requestor-worker-0:1416405, MainThread:139624799057728> (requestor.py:_fetch_single_async:206 -> middleware.py:apply_async:112) from logger `RFC.middleware_status_code`
[INFO] applying on AudioBookAudioPage(812254).AudioBookAudioFile(812254), received

2024-04-08 17:14:45,548 <requestor-worker-0:1416405, MainThread:139624799057728> (middleware.py:_apply_async:180 -> middleware.py:_apply_sync:169) from logger `RFC.middleware_status_code`
[INFO] status code 200 in response of AudioBookAudioPage(812254).AudioBookAudioFile(812254)

2024-04-08 17:14:45,549 <requestor-worker-0:1416405, MainThread:139624799057728> (requestor.py:_fetch_single_async:206 -> middleware.py:apply_async:115) from logger `RFC.middleware_status_code`
[INFO] applied on AudioBookAudioPage(812254).AudioBookAudioFile(812254), sent

2024-04-08 17:15:32,501 <requestor-worker-0:1416405, MainThread:139624799057728> (requestor.py:_fetch_single_async:206 -> middleware.py:apply_async:112) from logger `RFC.middleware_status_code`
[INFO] applying on AudioBookAudioPage(812345), received

2024-04-08 17:15:32,529 <requestor-worker-0:1416405, MainThread:139624799057728> (middleware.py:_apply_async:180 -> middleware.py:_apply_sync:169) from logger `RFC.middleware_status_code`
[INFO] status code 200 in response of AudioBookAudioPage(812345)

2024-04-08 17:15:32,531 <requestor-worker-0:1416405, MainThread:139624799057728> (requestor.py:_fetch_single_async:206 -> middleware.py:apply_async:115) from logger `RFC.middleware_status_code`
[INFO] applied on AudioBookAudioPage(812345), sent

2024-04-08 17:15:34,142 <requestor-worker-0:1416405, MainThread:139624799057728> (requestor.py:_fetch_single_async:206 -> middleware.py:apply_async:112) from logger `RFC.middleware_status_code`
[INFO] applying on AudioBookAudioPage(812343).AudioBookAudioFile(812343), received

2024-04-08 17:15:34,144 <requestor-worker-0:1416405, MainThread:139624799057728> (middleware.py:_apply_async:180 -> middleware.py:_apply_sync:169) from logger `RFC.middleware_status_code`
[INFO] status code 200 in response of AudioBookAudioPage(812343).AudioBookAudioFile(812343)

2024-04-08 17:15:34,146 <requestor-worker-0:1416405, MainThread:139624799057728> (requestor.py:_fetch_single_async:206 -> middleware.py:apply_async:115) from logger `RFC.middleware_status_code`
[INFO] applied on AudioBookAudioPage(812343).AudioBookAudioFile(812343), sent

2024-04-08 17:15:40,157 <requestor-worker-0:1416405, MainThread:139624799057728> (requestor.py:_fetch_single_async:206 -> middleware.py:apply_async:112) from logger `RFC.middleware_status_code`
[INFO] applying on AudioBookAudioPage(812362).AudioBookAudioFile(812362), received

2024-04-08 17:15:40,159 <requestor-worker-0:1416405, MainThread:139624799057728> (middleware.py:_apply_async:180 -> middleware.py:_apply_sync:169) from logger `RFC.middleware_status_code`
[INFO] status code 200 in response of AudioBookAudioPage(812362).AudioBookAudioFile(812362)

2024-04-08 17:15:40,160 <requestor-worker-0:1416405, MainThread:139624799057728> (requestor.py:_fetch_single_async:206 -> middleware.py:apply_async:115) from logger `RFC.middleware_status_code`
[INFO] applied on AudioBookAudioPage(812362).AudioBookAudioFile(812362), sent

2024-04-08 17:15:40,292 <requestor-worker-0:1416405, MainThread:139624799057728> (requestor.py:_fetch_single_async:206 -> middleware.py:apply_async:112) from logger `RFC.middleware_status_code`
[INFO] applying on AudioBookAudioPage(811797).AudioBookAudioFile(811797), received

2024-04-08 17:15:40,293 <requestor-worker-0:1416405, MainThread:139624799057728> (middleware.py:_apply_async:180 -> middleware.py:_apply_sync:169) from logger `RFC.middleware_status_code`
[INFO] status code 200 in response of AudioBookAudioPage(811797).AudioBookAudioFile(811797)

2024-04-08 17:15:40,295 <requestor-worker-0:1416405, MainThread:139624799057728> (requestor.py:_fetch_single_async:206 -> middleware.py:apply_async:115) from logger `RFC.middleware_status_code`
[INFO] applied on AudioBookAudioPage(811797).AudioBookAudioFile(811797), sent

2024-04-08 17:15:41,382 <requestor-worker-0:1416405, MainThread:139624799057728> (requestor.py:_fetch_single_async:206 -> middleware.py:apply_async:112) from logger `RFC.middleware_status_code`
[INFO] applying on AudioBookAudioPage(812368).AudioBookAudioFile(812368), received

2024-04-08 17:15:41,385 <requestor-worker-0:1416405, MainThread:139624799057728> (middleware.py:_apply_async:180 -> middleware.py:_apply_sync:169) from logger `RFC.middleware_status_code`
[INFO] status code 200 in response of AudioBookAudioPage(812368).AudioBookAudioFile(812368)

2024-04-08 17:15:41,388 <requestor-worker-0:1416405, MainThread:139624799057728> (requestor.py:_fetch_single_async:206 -> middleware.py:apply_async:115) from logger `RFC.middleware_status_code`
[INFO] applied on AudioBookAudioPage(812368).AudioBookAudioFile(812368), sent

2024-04-08 17:15:42,458 <requestor-worker-0:1416405, MainThread:139624799057728> (requestor.py:_fetch_single_async:206 -> middleware.py:apply_async:112) from logger `RFC.middleware_status_code`
[INFO] applying on AudioBookAudioPage(811805).AudioBookAudioFile(811805), received

2024-04-08 17:15:42,474 <requestor-worker-0:1416405, MainThread:139624799057728> (middleware.py:_apply_async:180 -> middleware.py:_apply_sync:169) from logger `RFC.middleware_status_code`
[INFO] status code 200 in response of AudioBookAudioPage(811805).AudioBookAudioFile(811805)

2024-04-08 17:15:42,475 <requestor-worker-0:1416405, MainThread:139624799057728> (requestor.py:_fetch_single_async:206 -> middleware.py:apply_async:115) from logger `RFC.middleware_status_code`
[INFO] applied on AudioBookAudioPage(811805).AudioBookAudioFile(811805), sent

2024-04-08 17:15:43,244 <requestor-worker-0:1416405, MainThread:139624799057728> (requestor.py:_fetch_single_async:206 -> middleware.py:apply_async:112) from logger `RFC.middleware_status_code`
[INFO] applying on AudioBookAudioPage(812240).AudioBookAudioFile(812240), received

2024-04-08 17:15:43,245 <requestor-worker-0:1416405, MainThread:139624799057728> (middleware.py:_apply_async:180 -> middleware.py:_apply_sync:169) from logger `RFC.middleware_status_code`
[INFO] status code 200 in response of AudioBookAudioPage(812240).AudioBookAudioFile(812240)

2024-04-08 17:15:43,246 <requestor-worker-0:1416405, MainThread:139624799057728> (requestor.py:_fetch_single_async:206 -> middleware.py:apply_async:115) from logger `RFC.middleware_status_code`
[INFO] applied on AudioBookAudioPage(812240).AudioBookAudioFile(812240), sent

2024-04-08 17:15:43,851 <requestor-worker-0:1416405, MainThread:139624799057728> (requestor.py:_fetch_single_async:206 -> middleware.py:apply_async:112) from logger `RFC.middleware_status_code`
[INFO] applying on AudioBookAudioPage(812246).AudioBookAudioFile(812246), received

2024-04-08 17:15:43,854 <requestor-worker-0:1416405, MainThread:139624799057728> (middleware.py:_apply_async:180 -> middleware.py:_apply_sync:169) from logger `RFC.middleware_status_code`
[INFO] status code 200 in response of AudioBookAudioPage(812246).AudioBookAudioFile(812246)

2024-04-08 17:15:43,857 <requestor-worker-0:1416405, MainThread:139624799057728> (requestor.py:_fetch_single_async:206 -> middleware.py:apply_async:115) from logger `RFC.middleware_status_code`
[INFO] applied on AudioBookAudioPage(812246).AudioBookAudioFile(812246), sent

2024-04-08 17:15:43,865 <requestor-worker-0:1416405, MainThread:139624799057728> (requestor.py:_fetch_single_async:206 -> middleware.py:apply_async:112) from logger `RFC.middleware_status_code`
[INFO] applying on AudioBookAudioPage(812239).AudioBookAudioFile(812239), received

2024-04-08 17:15:43,866 <requestor-worker-0:1416405, MainThread:139624799057728> (middleware.py:_apply_async:180 -> middleware.py:_apply_sync:169) from logger `RFC.middleware_status_code`
[INFO] status code 200 in response of AudioBookAudioPage(812239).AudioBookAudioFile(812239)

2024-04-08 17:15:43,868 <requestor-worker-0:1416405, MainThread:139624799057728> (requestor.py:_fetch_single_async:206 -> middleware.py:apply_async:115) from logger `RFC.middleware_status_code`
[INFO] applied on AudioBookAudioPage(812239).AudioBookAudioFile(812239), sent

2024-04-08 17:15:45,061 <requestor-worker-0:1416405, MainThread:139624799057728> (requestor.py:_fetch_single_async:206 -> middleware.py:apply_async:112) from logger `RFC.middleware_status_code`
[INFO] applying on AudioBookAudioPage(812250).AudioBookAudioFile(812250), received

2024-04-08 17:15:45,064 <requestor-worker-0:1416405, MainThread:139624799057728> (middleware.py:_apply_async:180 -> middleware.py:_apply_sync:169) from logger `RFC.middleware_status_code`
[INFO] status code 200 in response of AudioBookAudioPage(812250).AudioBookAudioFile(812250)

2024-04-08 17:15:45,066 <requestor-worker-0:1416405, MainThread:139624799057728> (requestor.py:_fetch_single_async:206 -> middleware.py:apply_async:115) from logger `RFC.middleware_status_code`
[INFO] applied on AudioBookAudioPage(812250).AudioBookAudioFile(812250), sent

2024-04-08 17:15:45,949 <requestor-worker-0:1416405, MainThread:139624799057728> (requestor.py:_fetch_single_async:206 -> middleware.py:apply_async:112) from logger `RFC.middleware_status_code`
[INFO] applying on AudioBookAudioPage(812254).AudioBookAudioFile(812254), received

2024-04-08 17:15:45,952 <requestor-worker-0:1416405, MainThread:139624799057728> (middleware.py:_apply_async:180 -> middleware.py:_apply_sync:169) from logger `RFC.middleware_status_code`
[INFO] status code 200 in response of AudioBookAudioPage(812254).AudioBookAudioFile(812254)

2024-04-08 17:15:45,953 <requestor-worker-0:1416405, MainThread:139624799057728> (requestor.py:_fetch_single_async:206 -> middleware.py:apply_async:115) from logger `RFC.middleware_status_code`
[INFO] applied on AudioBookAudioPage(812254).AudioBookAudioFile(812254), sent

2024-04-08 17:15:49,972 <requestor-worker-0:1416405, MainThread:139624799057728> (requestor.py:_fetch_single_async:206 -> middleware.py:apply_async:112) from logger `RFC.middleware_status_code`
[INFO] applying on AudioBookAudioPage(812238).AudioBookAudioFile(812238), received

2024-04-08 17:15:49,973 <requestor-worker-0:1416405, MainThread:139624799057728> (middleware.py:_apply_async:180 -> middleware.py:_apply_sync:169) from logger `RFC.middleware_status_code`
[INFO] status code 200 in response of AudioBookAudioPage(812238).AudioBookAudioFile(812238)

2024-04-08 17:15:49,974 <requestor-worker-0:1416405, MainThread:139624799057728> (requestor.py:_fetch_single_async:206 -> middleware.py:apply_async:115) from logger `RFC.middleware_status_code`
[INFO] applied on AudioBookAudioPage(812238).AudioBookAudioFile(812238), sent

2024-04-08 17:16:26,020 <requestor-worker-0:1416405, MainThread:139624799057728> (requestor.py:_fetch_single_async:206 -> middleware.py:apply_async:112) from logger `RFC.middleware_status_code`
[INFO] applying on AudioBookAudioPage(812412), received

2024-04-08 17:16:26,021 <requestor-worker-0:1416405, MainThread:139624799057728> (middleware.py:_apply_async:180 -> middleware.py:_apply_sync:169) from logger `RFC.middleware_status_code`
[INFO] status code 200 in response of AudioBookAudioPage(812412)

2024-04-08 17:16:26,022 <requestor-worker-0:1416405, MainThread:139624799057728> (requestor.py:_fetch_single_async:206 -> middleware.py:apply_async:115) from logger `RFC.middleware_status_code`
[INFO] applied on AudioBookAudioPage(812412), sent

2024-04-08 17:16:36,809 <requestor-worker-0:1416405, MainThread:139624799057728> (requestor.py:_fetch_single_async:206 -> middleware.py:apply_async:112) from logger `RFC.middleware_status_code`
[INFO] applying on AudioBookAudioPage(812433).AudioBookAudioFile(812433), received

2024-04-08 17:16:36,812 <requestor-worker-0:1416405, MainThread:139624799057728> (middleware.py:_apply_async:180 -> middleware.py:_apply_sync:169) from logger `RFC.middleware_status_code`
[INFO] status code 200 in response of AudioBookAudioPage(812433).AudioBookAudioFile(812433)

2024-04-08 17:16:36,814 <requestor-worker-0:1416405, MainThread:139624799057728> (requestor.py:_fetch_single_async:206 -> middleware.py:apply_async:115) from logger `RFC.middleware_status_code`
[INFO] applied on AudioBookAudioPage(812433).AudioBookAudioFile(812433), sent

2024-04-08 17:16:44,322 <requestor-worker-0:1416405, MainThread:139624799057728> (requestor.py:_fetch_single_async:206 -> middleware.py:apply_async:112) from logger `RFC.middleware_status_code`
[INFO] applying on AudioBookAudioPage(812368).AudioBookAudioFile(812368), received

2024-04-08 17:16:44,323 <requestor-worker-0:1416405, MainThread:139624799057728> (middleware.py:_apply_async:180 -> middleware.py:_apply_sync:169) from logger `RFC.middleware_status_code`
[INFO] status code 200 in response of AudioBookAudioPage(812368).AudioBookAudioFile(812368)

2024-04-08 17:16:44,325 <requestor-worker-0:1416405, MainThread:139624799057728> (requestor.py:_fetch_single_async:206 -> middleware.py:apply_async:115) from logger `RFC.middleware_status_code`
[INFO] applied on AudioBookAudioPage(812368).AudioBookAudioFile(812368), sent

2024-04-08 17:16:46,820 <requestor-worker-0:1416405, MainThread:139624799057728> (requestor.py:_fetch_single_async:206 -> middleware.py:apply_async:112) from logger `RFC.middleware_status_code`
[INFO] applying on AudioBookAudioPage(812238).AudioBookAudioFile(812238), received

2024-04-08 17:16:46,850 <requestor-worker-0:1416405, MainThread:139624799057728> (middleware.py:_apply_async:180 -> middleware.py:_apply_sync:169) from logger `RFC.middleware_status_code`
[INFO] status code 200 in response of AudioBookAudioPage(812238).AudioBookAudioFile(812238)

2024-04-08 17:16:46,852 <requestor-worker-0:1416405, MainThread:139624799057728> (requestor.py:_fetch_single_async:206 -> middleware.py:apply_async:115) from logger `RFC.middleware_status_code`
[INFO] applied on AudioBookAudioPage(812238).AudioBookAudioFile(812238), sent

2024-04-08 17:16:49,663 <requestor-worker-0:1416405, MainThread:139624799057728> (requestor.py:_fetch_single_async:206 -> middleware.py:apply_async:112) from logger `RFC.middleware_status_code`
[INFO] applying on AudioBookAudioPage(812546), received

2024-04-08 17:16:49,666 <requestor-worker-0:1416405, MainThread:139624799057728> (middleware.py:_apply_async:180 -> middleware.py:_apply_sync:169) from logger `RFC.middleware_status_code`
[INFO] status code 200 in response of AudioBookAudioPage(812546)

2024-04-08 17:16:49,669 <requestor-worker-0:1416405, MainThread:139624799057728> (requestor.py:_fetch_single_async:206 -> middleware.py:apply_async:115) from logger `RFC.middleware_status_code`
[INFO] applied on AudioBookAudioPage(812546), sent

2024-04-08 17:16:50,084 <requestor-worker-0:1416405, MainThread:139624799057728> (requestor.py:_fetch_single_async:206 -> middleware.py:apply_async:112) from logger `RFC.middleware_status_code`
[INFO] applying on AudioBookAudioPage(812239).AudioBookAudioFile(812239), received

2024-04-08 17:16:50,085 <requestor-worker-0:1416405, MainThread:139624799057728> (middleware.py:_apply_async:180 -> middleware.py:_apply_sync:169) from logger `RFC.middleware_status_code`
[INFO] status code 200 in response of AudioBookAudioPage(812239).AudioBookAudioFile(812239)

2024-04-08 17:16:50,086 <requestor-worker-0:1416405, MainThread:139624799057728> (requestor.py:_fetch_single_async:206 -> middleware.py:apply_async:115) from logger `RFC.middleware_status_code`
[INFO] applied on AudioBookAudioPage(812239).AudioBookAudioFile(812239), sent

2024-04-08 17:16:50,283 <requestor-worker-0:1416405, MainThread:139624799057728> (requestor.py:_fetch_single_async:206 -> middleware.py:apply_async:112) from logger `RFC.middleware_status_code`
[INFO] applying on AudioBookAudioPage(812246).AudioBookAudioFile(812246), received

2024-04-08 17:16:50,284 <requestor-worker-0:1416405, MainThread:139624799057728> (middleware.py:_apply_async:180 -> middleware.py:_apply_sync:169) from logger `RFC.middleware_status_code`
[INFO] status code 200 in response of AudioBookAudioPage(812246).AudioBookAudioFile(812246)

2024-04-08 17:16:50,286 <requestor-worker-0:1416405, MainThread:139624799057728> (requestor.py:_fetch_single_async:206 -> middleware.py:apply_async:115) from logger `RFC.middleware_status_code`
[INFO] applied on AudioBookAudioPage(812246).AudioBookAudioFile(812246), sent

2024-04-08 17:16:52,976 <requestor-worker-0:1416405, MainThread:139624799057728> (requestor.py:_fetch_single_async:206 -> middleware.py:apply_async:112) from logger `RFC.middleware_status_code`
[INFO] applying on AudioBookAudioPage(812250).AudioBookAudioFile(812250), received

2024-04-08 17:16:52,978 <requestor-worker-0:1416405, MainThread:139624799057728> (middleware.py:_apply_async:180 -> middleware.py:_apply_sync:169) from logger `RFC.middleware_status_code`
[INFO] status code 200 in response of AudioBookAudioPage(812250).AudioBookAudioFile(812250)

2024-04-08 17:16:52,980 <requestor-worker-0:1416405, MainThread:139624799057728> (requestor.py:_fetch_single_async:206 -> middleware.py:apply_async:115) from logger `RFC.middleware_status_code`
[INFO] applied on AudioBookAudioPage(812250).AudioBookAudioFile(812250), sent

2024-04-08 17:16:55,278 <requestor-worker-0:1416405, MainThread:139624799057728> (requestor.py:_fetch_single_async:206 -> middleware.py:apply_async:112) from logger `RFC.middleware_status_code`
[INFO] applying on AudioBookAudioPage(812240).AudioBookAudioFile(812240), received

2024-04-08 17:16:55,281 <requestor-worker-0:1416405, MainThread:139624799057728> (middleware.py:_apply_async:180 -> middleware.py:_apply_sync:169) from logger `RFC.middleware_status_code`
[INFO] status code 200 in response of AudioBookAudioPage(812240).AudioBookAudioFile(812240)

2024-04-08 17:16:55,282 <requestor-worker-0:1416405, MainThread:139624799057728> (requestor.py:_fetch_single_async:206 -> middleware.py:apply_async:115) from logger `RFC.middleware_status_code`
[INFO] applied on AudioBookAudioPage(812240).AudioBookAudioFile(812240), sent

2024-04-08 17:16:56,455 <requestor-worker-0:1416405, MainThread:139624799057728> (requestor.py:_fetch_single_async:206 -> middleware.py:apply_async:112) from logger `RFC.middleware_status_code`
[INFO] applying on AudioBookAudioPage(812565).AudioBookAudioFile(812565), received

2024-04-08 17:16:56,457 <requestor-worker-0:1416405, MainThread:139624799057728> (middleware.py:_apply_async:180 -> middleware.py:_apply_sync:169) from logger `RFC.middleware_status_code`
[INFO] status code 200 in response of AudioBookAudioPage(812565).AudioBookAudioFile(812565)

2024-04-08 17:16:56,458 <requestor-worker-0:1416405, MainThread:139624799057728> (requestor.py:_fetch_single_async:206 -> middleware.py:apply_async:115) from logger `RFC.middleware_status_code`
[INFO] applied on AudioBookAudioPage(812565).AudioBookAudioFile(812565), sent

2024-04-08 17:16:57,058 <requestor-worker-0:1416405, MainThread:139624799057728> (requestor.py:_fetch_single_async:206 -> middleware.py:apply_async:112) from logger `RFC.middleware_status_code`
[INFO] applying on AudioBookAudioPage(812254).AudioBookAudioFile(812254), received

2024-04-08 17:16:57,060 <requestor-worker-0:1416405, MainThread:139624799057728> (middleware.py:_apply_async:180 -> middleware.py:_apply_sync:169) from logger `RFC.middleware_status_code`
[INFO] status code 200 in response of AudioBookAudioPage(812254).AudioBookAudioFile(812254)

2024-04-08 17:16:57,062 <requestor-worker-0:1416405, MainThread:139624799057728> (requestor.py:_fetch_single_async:206 -> middleware.py:apply_async:115) from logger `RFC.middleware_status_code`
[INFO] applied on AudioBookAudioPage(812254).AudioBookAudioFile(812254), sent

2024-04-08 17:16:58,916 <requestor-worker-0:1416405, MainThread:139624799057728> (requestor.py:_fetch_single_async:206 -> middleware.py:apply_async:112) from logger `RFC.middleware_status_code`
[INFO] applying on AudioBookAudioPage(812481), received

2024-04-08 17:16:58,970 <requestor-worker-0:1416405, MainThread:139624799057728> (middleware.py:_apply_async:180 -> middleware.py:_apply_sync:169) from logger `RFC.middleware_status_code`
[INFO] status code 200 in response of AudioBookAudioPage(812481)

2024-04-08 17:16:58,973 <requestor-worker-0:1416405, MainThread:139624799057728> (requestor.py:_fetch_single_async:206 -> middleware.py:apply_async:115) from logger `RFC.middleware_status_code`
[INFO] applied on AudioBookAudioPage(812481), sent

2024-04-08 17:17:01,958 <requestor-worker-0:1416405, MainThread:139624799057728> (requestor.py:_fetch_single_async:206 -> middleware.py:apply_async:112) from logger `RFC.middleware_status_code`
[INFO] applying on AudioBookAudioPage(812343).AudioBookAudioFile(812343), received

2024-04-08 17:17:01,959 <requestor-worker-0:1416405, MainThread:139624799057728> (middleware.py:_apply_async:180 -> middleware.py:_apply_sync:169) from logger `RFC.middleware_status_code`
[INFO] status code 200 in response of AudioBookAudioPage(812343).AudioBookAudioFile(812343)

2024-04-08 17:17:01,961 <requestor-worker-0:1416405, MainThread:139624799057728> (requestor.py:_fetch_single_async:206 -> middleware.py:apply_async:115) from logger `RFC.middleware_status_code`
[INFO] applied on AudioBookAudioPage(812343).AudioBookAudioFile(812343), sent

2024-04-08 17:17:07,195 <requestor-worker-0:1416405, MainThread:139624799057728> (requestor.py:_fetch_single_async:206 -> middleware.py:apply_async:112) from logger `RFC.middleware_status_code`
[INFO] applying on AudioBookAudioPage(812481).AudioBookAudioFile(812481), received

2024-04-08 17:17:07,198 <requestor-worker-0:1416405, MainThread:139624799057728> (middleware.py:_apply_async:180 -> middleware.py:_apply_sync:169) from logger `RFC.middleware_status_code`
[INFO] status code 200 in response of AudioBookAudioPage(812481).AudioBookAudioFile(812481)

2024-04-08 17:17:07,200 <requestor-worker-0:1416405, MainThread:139624799057728> (requestor.py:_fetch_single_async:206 -> middleware.py:apply_async:115) from logger `RFC.middleware_status_code`
[INFO] applied on AudioBookAudioPage(812481).AudioBookAudioFile(812481), sent

2024-04-08 17:17:10,069 <requestor-worker-0:1416405, MainThread:139624799057728> (requestor.py:_fetch_single_async:206 -> middleware.py:apply_async:112) from logger `RFC.middleware_status_code`
[INFO] applying on AudioBookAudioPage(812663).AudioBookAudioFile(812663), received

2024-04-08 17:17:10,071 <requestor-worker-0:1416405, MainThread:139624799057728> (middleware.py:_apply_async:180 -> middleware.py:_apply_sync:169) from logger `RFC.middleware_status_code`
[INFO] status code 200 in response of AudioBookAudioPage(812663).AudioBookAudioFile(812663)

2024-04-08 17:17:10,072 <requestor-worker-0:1416405, MainThread:139624799057728> (requestor.py:_fetch_single_async:206 -> middleware.py:apply_async:115) from logger `RFC.middleware_status_code`
[INFO] applied on AudioBookAudioPage(812663).AudioBookAudioFile(812663), sent

2024-04-08 17:17:13,068 <requestor-worker-0:1416405, MainThread:139624799057728> (requestor.py:_fetch_single_async:206 -> middleware.py:apply_async:112) from logger `RFC.middleware_status_code`
[INFO] applying on AudioBookAudioPage(812796).AudioBookAudioFile(812796), received

2024-04-08 17:17:13,069 <requestor-worker-0:1416405, MainThread:139624799057728> (middleware.py:_apply_async:180 -> middleware.py:_apply_sync:169) from logger `RFC.middleware_status_code`
[INFO] status code 200 in response of AudioBookAudioPage(812796).AudioBookAudioFile(812796)

2024-04-08 17:17:13,070 <requestor-worker-0:1416405, MainThread:139624799057728> (requestor.py:_fetch_single_async:206 -> middleware.py:apply_async:115) from logger `RFC.middleware_status_code`
[INFO] applied on AudioBookAudioPage(812796).AudioBookAudioFile(812796), sent

2024-04-08 17:17:23,778 <requestor-worker-0:1416405, MainThread:139624799057728> (requestor.py:_fetch_single_async:206 -> middleware.py:apply_async:112) from logger `RFC.middleware_status_code`
[INFO] applying on AudioBookAudioPage(812845).AudioBookAudioFile(812845), received

2024-04-08 17:17:23,779 <requestor-worker-0:1416405, MainThread:139624799057728> (middleware.py:_apply_async:180 -> middleware.py:_apply_sync:169) from logger `RFC.middleware_status_code`
[INFO] status code 200 in response of AudioBookAudioPage(812845).AudioBookAudioFile(812845)

2024-04-08 17:17:23,781 <requestor-worker-0:1416405, MainThread:139624799057728> (requestor.py:_fetch_single_async:206 -> middleware.py:apply_async:115) from logger `RFC.middleware_status_code`
[INFO] applied on AudioBookAudioPage(812845).AudioBookAudioFile(812845), sent

2024-04-08 17:17:28,394 <requestor-worker-0:1416405, MainThread:139624799057728> (requestor.py:_fetch_single_async:206 -> middleware.py:apply_async:112) from logger `RFC.middleware_status_code`
[INFO] applying on AudioBookAudioPage(812855).AudioBookAudioFile(812855), received

2024-04-08 17:17:28,395 <requestor-worker-0:1416405, MainThread:139624799057728> (middleware.py:_apply_async:180 -> middleware.py:_apply_sync:169) from logger `RFC.middleware_status_code`
[INFO] status code 200 in response of AudioBookAudioPage(812855).AudioBookAudioFile(812855)

2024-04-08 17:17:28,397 <requestor-worker-0:1416405, MainThread:139624799057728> (requestor.py:_fetch_single_async:206 -> middleware.py:apply_async:115) from logger `RFC.middleware_status_code`
[INFO] applied on AudioBookAudioPage(812855).AudioBookAudioFile(812855), sent

2024-04-08 17:17:34,249 <requestor-worker-0:1416405, MainThread:139624799057728> (requestor.py:_fetch_single_async:206 -> middleware.py:apply_async:112) from logger `RFC.middleware_status_code`
[INFO] applying on AudioBookAudioPage(812861), received

2024-04-08 17:17:34,252 <requestor-worker-0:1416405, MainThread:139624799057728> (middleware.py:_apply_async:180 -> middleware.py:_apply_sync:169) from logger `RFC.middleware_status_code`
[INFO] status code 200 in response of AudioBookAudioPage(812861)

2024-04-08 17:17:34,254 <requestor-worker-0:1416405, MainThread:139624799057728> (requestor.py:_fetch_single_async:206 -> middleware.py:apply_async:115) from logger `RFC.middleware_status_code`
[INFO] applied on AudioBookAudioPage(812861), sent

2024-04-08 17:17:35,164 <requestor-worker-0:1416405, MainThread:139624799057728> (requestor.py:_fetch_single_async:206 -> middleware.py:apply_async:112) from logger `RFC.middleware_status_code`
[INFO] applying on AudioBookAudioPage(812861).AudioBookAudioFile(812861), received

2024-04-08 17:17:35,167 <requestor-worker-0:1416405, MainThread:139624799057728> (middleware.py:_apply_async:180 -> middleware.py:_apply_sync:169) from logger `RFC.middleware_status_code`
[INFO] status code 200 in response of AudioBookAudioPage(812861).AudioBookAudioFile(812861)

2024-04-08 17:17:35,171 <requestor-worker-0:1416405, MainThread:139624799057728> (requestor.py:_fetch_single_async:206 -> middleware.py:apply_async:115) from logger `RFC.middleware_status_code`
[INFO] applied on AudioBookAudioPage(812861).AudioBookAudioFile(812861), sent

2024-04-08 17:17:39,317 <requestor-worker-0:1416405, MainThread:139624799057728> (requestor.py:_fetch_single_async:206 -> middleware.py:apply_async:112) from logger `RFC.middleware_status_code`
[INFO] applying on AudioBookAudioPage(812863), received

2024-04-08 17:17:39,320 <requestor-worker-0:1416405, MainThread:139624799057728> (middleware.py:_apply_async:180 -> middleware.py:_apply_sync:169) from logger `RFC.middleware_status_code`
[INFO] status code 200 in response of AudioBookAudioPage(812863)

2024-04-08 17:17:39,323 <requestor-worker-0:1416405, MainThread:139624799057728> (requestor.py:_fetch_single_async:206 -> middleware.py:apply_async:115) from logger `RFC.middleware_status_code`
[INFO] applied on AudioBookAudioPage(812863), sent

2024-04-08 17:17:40,248 <requestor-worker-0:1416405, MainThread:139624799057728> (requestor.py:_fetch_single_async:206 -> middleware.py:apply_async:112) from logger `RFC.middleware_status_code`
[INFO] applying on AudioBookAudioPage(812863).AudioBookAudioFile(812863), received

2024-04-08 17:17:40,250 <requestor-worker-0:1416405, MainThread:139624799057728> (middleware.py:_apply_async:180 -> middleware.py:_apply_sync:169) from logger `RFC.middleware_status_code`
[INFO] status code 200 in response of AudioBookAudioPage(812863).AudioBookAudioFile(812863)

2024-04-08 17:17:40,251 <requestor-worker-0:1416405, MainThread:139624799057728> (requestor.py:_fetch_single_async:206 -> middleware.py:apply_async:115) from logger `RFC.middleware_status_code`
[INFO] applied on AudioBookAudioPage(812863).AudioBookAudioFile(812863), sent

2024-04-08 17:17:40,806 <requestor-worker-0:1416405, MainThread:139624799057728> (requestor.py:_fetch_single_async:206 -> middleware.py:apply_async:112) from logger `RFC.middleware_status_code`
[INFO] applying on AudioBookAudioPage(812865).AudioBookAudioFile(812865), received

2024-04-08 17:17:40,808 <requestor-worker-0:1416405, MainThread:139624799057728> (middleware.py:_apply_async:180 -> middleware.py:_apply_sync:169) from logger `RFC.middleware_status_code`
[INFO] status code 200 in response of AudioBookAudioPage(812865).AudioBookAudioFile(812865)

2024-04-08 17:17:40,810 <requestor-worker-0:1416405, MainThread:139624799057728> (requestor.py:_fetch_single_async:206 -> middleware.py:apply_async:115) from logger `RFC.middleware_status_code`
[INFO] applied on AudioBookAudioPage(812865).AudioBookAudioFile(812865), sent

2024-04-08 17:17:41,976 <requestor-worker-0:1416405, MainThread:139624799057728> (requestor.py:_fetch_single_async:206 -> middleware.py:apply_async:112) from logger `RFC.middleware_status_code`
[INFO] applying on AudioBookAudioPage(812869).AudioBookAudioFile(812869), received

2024-04-08 17:17:42,033 <requestor-worker-0:1416405, MainThread:139624799057728> (middleware.py:_apply_async:180 -> middleware.py:_apply_sync:169) from logger `RFC.middleware_status_code`
[INFO] status code 200 in response of AudioBookAudioPage(812869).AudioBookAudioFile(812869)

2024-04-08 17:17:42,287 <requestor-worker-0:1416405, MainThread:139624799057728> (requestor.py:_fetch_single_async:206 -> middleware.py:apply_async:115) from logger `RFC.middleware_status_code`
[INFO] applied on AudioBookAudioPage(812869).AudioBookAudioFile(812869), sent

2024-04-08 17:17:43,376 <requestor-worker-0:1416405, MainThread:139624799057728> (requestor.py:_fetch_single_async:206 -> middleware.py:apply_async:112) from logger `RFC.middleware_status_code`
[INFO] applying on AudioBookAudioPage(812238).AudioBookAudioFile(812238), received

2024-04-08 17:17:43,378 <requestor-worker-0:1416405, MainThread:139624799057728> (middleware.py:_apply_async:180 -> middleware.py:_apply_sync:169) from logger `RFC.middleware_status_code`
[INFO] status code 200 in response of AudioBookAudioPage(812238).AudioBookAudioFile(812238)

2024-04-08 17:17:43,381 <requestor-worker-0:1416405, MainThread:139624799057728> (requestor.py:_fetch_single_async:206 -> middleware.py:apply_async:115) from logger `RFC.middleware_status_code`
[INFO] applied on AudioBookAudioPage(812238).AudioBookAudioFile(812238), sent

2024-04-08 17:17:43,548 <requestor-worker-0:1416405, MainThread:139624799057728> (requestor.py:_fetch_single_async:206 -> middleware.py:apply_async:112) from logger `RFC.middleware_status_code`
[INFO] applying on AudioBookAudioPage(812240).AudioBookAudioFile(812240), received

2024-04-08 17:17:43,550 <requestor-worker-0:1416405, MainThread:139624799057728> (middleware.py:_apply_async:180 -> middleware.py:_apply_sync:169) from logger `RFC.middleware_status_code`
[INFO] status code 200 in response of AudioBookAudioPage(812240).AudioBookAudioFile(812240)

2024-04-08 17:17:43,553 <requestor-worker-0:1416405, MainThread:139624799057728> (requestor.py:_fetch_single_async:206 -> middleware.py:apply_async:115) from logger `RFC.middleware_status_code`
[INFO] applied on AudioBookAudioPage(812240).AudioBookAudioFile(812240), sent

2024-04-08 17:17:43,903 <requestor-worker-0:1416405, MainThread:139624799057728> (requestor.py:_fetch_single_async:206 -> middleware.py:apply_async:112) from logger `RFC.middleware_status_code`
[INFO] applying on AudioBookAudioPage(812368).AudioBookAudioFile(812368), received

2024-04-08 17:17:43,905 <requestor-worker-0:1416405, MainThread:139624799057728> (middleware.py:_apply_async:180 -> middleware.py:_apply_sync:169) from logger `RFC.middleware_status_code`
[INFO] status code 200 in response of AudioBookAudioPage(812368).AudioBookAudioFile(812368)

2024-04-08 17:17:43,908 <requestor-worker-0:1416405, MainThread:139624799057728> (requestor.py:_fetch_single_async:206 -> middleware.py:apply_async:115) from logger `RFC.middleware_status_code`
[INFO] applied on AudioBookAudioPage(812368).AudioBookAudioFile(812368), sent

2024-04-08 17:17:46,531 <requestor-worker-0:1416405, MainThread:139624799057728> (requestor.py:_fetch_single_async:206 -> middleware.py:apply_async:112) from logger `RFC.middleware_status_code`
[INFO] applying on AudioBookAudioPage(812254).AudioBookAudioFile(812254), received

2024-04-08 17:17:46,534 <requestor-worker-0:1416405, MainThread:139624799057728> (middleware.py:_apply_async:180 -> middleware.py:_apply_sync:169) from logger `RFC.middleware_status_code`
[INFO] status code 200 in response of AudioBookAudioPage(812254).AudioBookAudioFile(812254)

2024-04-08 17:17:46,536 <requestor-worker-0:1416405, MainThread:139624799057728> (requestor.py:_fetch_single_async:206 -> middleware.py:apply_async:115) from logger `RFC.middleware_status_code`
[INFO] applied on AudioBookAudioPage(812254).AudioBookAudioFile(812254), sent

2024-04-08 17:17:46,816 <requestor-worker-0:1416405, MainThread:139624799057728> (requestor.py:_fetch_single_async:206 -> middleware.py:apply_async:112) from logger `RFC.middleware_status_code`
[INFO] applying on AudioBookAudioPage(812246).AudioBookAudioFile(812246), received

2024-04-08 17:17:46,821 <requestor-worker-0:1416405, MainThread:139624799057728> (middleware.py:_apply_async:180 -> middleware.py:_apply_sync:169) from logger `RFC.middleware_status_code`
[INFO] status code 200 in response of AudioBookAudioPage(812246).AudioBookAudioFile(812246)

2024-04-08 17:17:46,823 <requestor-worker-0:1416405, MainThread:139624799057728> (requestor.py:_fetch_single_async:206 -> middleware.py:apply_async:115) from logger `RFC.middleware_status_code`
[INFO] applied on AudioBookAudioPage(812246).AudioBookAudioFile(812246), sent

2024-04-08 17:17:46,939 <requestor-worker-0:1416405, MainThread:139624799057728> (requestor.py:_fetch_single_async:206 -> middleware.py:apply_async:112) from logger `RFC.middleware_status_code`
[INFO] applying on AudioBookAudioPage(812250).AudioBookAudioFile(812250), received

2024-04-08 17:17:46,941 <requestor-worker-0:1416405, MainThread:139624799057728> (middleware.py:_apply_async:180 -> middleware.py:_apply_sync:169) from logger `RFC.middleware_status_code`
[INFO] status code 200 in response of AudioBookAudioPage(812250).AudioBookAudioFile(812250)

2024-04-08 17:17:46,943 <requestor-worker-0:1416405, MainThread:139624799057728> (requestor.py:_fetch_single_async:206 -> middleware.py:apply_async:115) from logger `RFC.middleware_status_code`
[INFO] applied on AudioBookAudioPage(812250).AudioBookAudioFile(812250), sent

2024-04-08 17:17:48,116 <requestor-worker-0:1416405, MainThread:139624799057728> (requestor.py:_fetch_single_async:206 -> middleware.py:apply_async:112) from logger `RFC.middleware_status_code`
[INFO] applying on AudioBookAudioPage(812239).AudioBookAudioFile(812239), received

2024-04-08 17:17:48,605 <requestor-worker-0:1416405, MainThread:139624799057728> (middleware.py:_apply_async:180 -> middleware.py:_apply_sync:169) from logger `RFC.middleware_status_code`
[INFO] status code 200 in response of AudioBookAudioPage(812239).AudioBookAudioFile(812239)

2024-04-08 17:17:48,721 <requestor-worker-0:1416405, MainThread:139624799057728> (requestor.py:_fetch_single_async:206 -> middleware.py:apply_async:115) from logger `RFC.middleware_status_code`
[INFO] applied on AudioBookAudioPage(812239).AudioBookAudioFile(812239), sent

2024-04-08 17:17:54,379 <requestor-worker-0:1416405, MainThread:139624799057728> (requestor.py:_fetch_single_async:206 -> middleware.py:apply_async:112) from logger `RFC.middleware_status_code`
[INFO] applying on AudioBookAudioPage(812565).AudioBookAudioFile(812565), received

2024-04-08 17:17:54,381 <requestor-worker-0:1416405, MainThread:139624799057728> (middleware.py:_apply_async:180 -> middleware.py:_apply_sync:169) from logger `RFC.middleware_status_code`
[INFO] status code 200 in response of AudioBookAudioPage(812565).AudioBookAudioFile(812565)

2024-04-08 17:17:54,384 <requestor-worker-0:1416405, MainThread:139624799057728> (requestor.py:_fetch_single_async:206 -> middleware.py:apply_async:115) from logger `RFC.middleware_status_code`
[INFO] applied on AudioBookAudioPage(812565).AudioBookAudioFile(812565), sent

2024-04-08 17:17:59,152 <requestor-worker-0:1416405, MainThread:139624799057728> (requestor.py:_fetch_single_async:206 -> middleware.py:apply_async:112) from logger `RFC.middleware_status_code`
[INFO] applying on AudioBookAudioPage(812343).AudioBookAudioFile(812343), received

2024-04-08 17:17:59,155 <requestor-worker-0:1416405, MainThread:139624799057728> (middleware.py:_apply_async:180 -> middleware.py:_apply_sync:169) from logger `RFC.middleware_status_code`
[INFO] status code 200 in response of AudioBookAudioPage(812343).AudioBookAudioFile(812343)

2024-04-08 17:17:59,157 <requestor-worker-0:1416405, MainThread:139624799057728> (requestor.py:_fetch_single_async:206 -> middleware.py:apply_async:115) from logger `RFC.middleware_status_code`
[INFO] applied on AudioBookAudioPage(812343).AudioBookAudioFile(812343), sent

2024-04-08 17:18:11,856 <requestor-worker-0:1416405, MainThread:139624799057728> (requestor.py:_fetch_single_async:206 -> middleware.py:apply_async:112) from logger `RFC.middleware_status_code`
[INFO] applying on AudioBookAudioPage(812795).AudioBookAudioFile(812795), received

2024-04-08 17:18:11,859 <requestor-worker-0:1416405, MainThread:139624799057728> (middleware.py:_apply_async:180 -> middleware.py:_apply_sync:169) from logger `RFC.middleware_status_code`
[INFO] status code 200 in response of AudioBookAudioPage(812795).AudioBookAudioFile(812795)

2024-04-08 17:18:11,862 <requestor-worker-0:1416405, MainThread:139624799057728> (requestor.py:_fetch_single_async:206 -> middleware.py:apply_async:115) from logger `RFC.middleware_status_code`
[INFO] applied on AudioBookAudioPage(812795).AudioBookAudioFile(812795), sent

2024-04-08 17:18:15,000 <requestor-worker-0:1416405, MainThread:139624799057728> (requestor.py:_fetch_single_async:206 -> middleware.py:apply_async:112) from logger `RFC.middleware_status_code`
[INFO] applying on AudioBookAudioPage(812920), received

2024-04-08 17:18:15,002 <requestor-worker-0:1416405, MainThread:139624799057728> (requestor.py:_fetch_single_async:206 -> middleware.py:apply_async:119) from logger `RFC.middleware_status_code`
[ERROR] failed on AudioBookAudioPage(812920), caught error ValueError('unexpected status code 404 in response of AudioBookAudioPage(812920)')

2024-04-08 17:18:17,221 <requestor-worker-0:1416405, MainThread:139624799057728> (requestor.py:_fetch_single_async:206 -> middleware.py:apply_async:112) from logger `RFC.middleware_status_code`
[INFO] applying on AudioBookAudioPage(812938), received

2024-04-08 17:18:17,223 <requestor-worker-0:1416405, MainThread:139624799057728> (middleware.py:_apply_async:180 -> middleware.py:_apply_sync:169) from logger `RFC.middleware_status_code`
[INFO] status code 200 in response of AudioBookAudioPage(812938)

2024-04-08 17:18:17,226 <requestor-worker-0:1416405, MainThread:139624799057728> (requestor.py:_fetch_single_async:206 -> middleware.py:apply_async:115) from logger `RFC.middleware_status_code`
[INFO] applied on AudioBookAudioPage(812938), sent

2024-04-08 17:18:22,303 <requestor-worker-0:1416405, MainThread:139624799057728> (requestor.py:_fetch_single_async:206 -> middleware.py:apply_async:112) from logger `RFC.middleware_status_code`
[INFO] applying on AudioBookAudioPage(812955).AudioBookAudioFile(812955), received

2024-04-08 17:18:22,305 <requestor-worker-0:1416405, MainThread:139624799057728> (middleware.py:_apply_async:180 -> middleware.py:_apply_sync:169) from logger `RFC.middleware_status_code`
[INFO] status code 200 in response of AudioBookAudioPage(812955).AudioBookAudioFile(812955)

2024-04-08 17:18:22,306 <requestor-worker-0:1416405, MainThread:139624799057728> (requestor.py:_fetch_single_async:206 -> middleware.py:apply_async:115) from logger `RFC.middleware_status_code`
[INFO] applied on AudioBookAudioPage(812955).AudioBookAudioFile(812955), sent

2024-04-08 17:18:40,915 <requestor-worker-0:1416405, MainThread:139624799057728> (requestor.py:_fetch_single_async:206 -> middleware.py:apply_async:112) from logger `RFC.middleware_status_code`
[INFO] applying on AudioBookAudioPage(813590).AudioBookAudioFile(813590), received

2024-04-08 17:18:40,918 <requestor-worker-0:1416405, MainThread:139624799057728> (middleware.py:_apply_async:180 -> middleware.py:_apply_sync:169) from logger `RFC.middleware_status_code`
[INFO] status code 200 in response of AudioBookAudioPage(813590).AudioBookAudioFile(813590)

2024-04-08 17:18:40,920 <requestor-worker-0:1416405, MainThread:139624799057728> (requestor.py:_fetch_single_async:206 -> middleware.py:apply_async:115) from logger `RFC.middleware_status_code`
[INFO] applied on AudioBookAudioPage(813590).AudioBookAudioFile(813590), sent

2024-04-08 17:18:46,227 <requestor-worker-0:1416405, MainThread:139624799057728> (requestor.py:_fetch_single_async:206 -> middleware.py:apply_async:112) from logger `RFC.middleware_status_code`
[INFO] applying on AudioBookAudioPage(812869).AudioBookAudioFile(812869), received

2024-04-08 17:18:46,230 <requestor-worker-0:1416405, MainThread:139624799057728> (middleware.py:_apply_async:180 -> middleware.py:_apply_sync:169) from logger `RFC.middleware_status_code`
[INFO] status code 200 in response of AudioBookAudioPage(812869).AudioBookAudioFile(812869)

2024-04-08 17:18:46,238 <requestor-worker-0:1416405, MainThread:139624799057728> (requestor.py:_fetch_single_async:206 -> middleware.py:apply_async:115) from logger `RFC.middleware_status_code`
[INFO] applied on AudioBookAudioPage(812869).AudioBookAudioFile(812869), sent

2024-04-08 17:18:46,746 <requestor-worker-0:1416405, MainThread:139624799057728> (requestor.py:_fetch_single_async:206 -> middleware.py:apply_async:112) from logger `RFC.middleware_status_code`
[INFO] applying on AudioBookAudioPage(812368).AudioBookAudioFile(812368), received

2024-04-08 17:18:46,747 <requestor-worker-0:1416405, MainThread:139624799057728> (middleware.py:_apply_async:180 -> middleware.py:_apply_sync:169) from logger `RFC.middleware_status_code`
[INFO] status code 200 in response of AudioBookAudioPage(812368).AudioBookAudioFile(812368)

2024-04-08 17:18:46,748 <requestor-worker-0:1416405, MainThread:139624799057728> (requestor.py:_fetch_single_async:206 -> middleware.py:apply_async:115) from logger `RFC.middleware_status_code`
[INFO] applied on AudioBookAudioPage(812368).AudioBookAudioFile(812368), sent

2024-04-08 17:18:48,192 <requestor-worker-0:1416405, MainThread:139624799057728> (requestor.py:_fetch_single_async:206 -> middleware.py:apply_async:112) from logger `RFC.middleware_status_code`
[INFO] applying on AudioBookAudioPage(812998).AudioBookAudioFile(812998), received

2024-04-08 17:18:48,193 <requestor-worker-0:1416405, MainThread:139624799057728> (middleware.py:_apply_async:180 -> middleware.py:_apply_sync:169) from logger `RFC.middleware_status_code`
[INFO] status code 200 in response of AudioBookAudioPage(812998).AudioBookAudioFile(812998)

2024-04-08 17:18:48,194 <requestor-worker-0:1416405, MainThread:139624799057728> (requestor.py:_fetch_single_async:206 -> middleware.py:apply_async:115) from logger `RFC.middleware_status_code`
[INFO] applied on AudioBookAudioPage(812998).AudioBookAudioFile(812998), sent

2024-04-08 17:18:48,220 <requestor-worker-0:1416405, MainThread:139624799057728> (requestor.py:_fetch_single_async:206 -> middleware.py:apply_async:112) from logger `RFC.middleware_status_code`
[INFO] applying on AudioBookAudioPage(813003), received

2024-04-08 17:18:48,221 <requestor-worker-0:1416405, MainThread:139624799057728> (middleware.py:_apply_async:180 -> middleware.py:_apply_sync:169) from logger `RFC.middleware_status_code`
[INFO] status code 200 in response of AudioBookAudioPage(813003)

2024-04-08 17:18:48,222 <requestor-worker-0:1416405, MainThread:139624799057728> (requestor.py:_fetch_single_async:206 -> middleware.py:apply_async:115) from logger `RFC.middleware_status_code`
[INFO] applied on AudioBookAudioPage(813003), sent

2024-04-08 17:18:48,228 <requestor-worker-0:1416405, MainThread:139624799057728> (requestor.py:_fetch_single_async:206 -> middleware.py:apply_async:112) from logger `RFC.middleware_status_code`
[INFO] applying on AudioBookAudioPage(813006), received

2024-04-08 17:18:48,229 <requestor-worker-0:1416405, MainThread:139624799057728> (middleware.py:_apply_async:180 -> middleware.py:_apply_sync:169) from logger `RFC.middleware_status_code`
[INFO] status code 200 in response of AudioBookAudioPage(813006)

2024-04-08 17:18:48,230 <requestor-worker-0:1416405, MainThread:139624799057728> (requestor.py:_fetch_single_async:206 -> middleware.py:apply_async:115) from logger `RFC.middleware_status_code`
[INFO] applied on AudioBookAudioPage(813006), sent

2024-04-08 17:18:49,636 <requestor-worker-0:1416405, MainThread:139624799057728> (requestor.py:_fetch_single_async:206 -> middleware.py:apply_async:112) from logger `RFC.middleware_status_code`
[INFO] applying on AudioBookAudioPage(812999), received

2024-04-08 17:18:49,638 <requestor-worker-0:1416405, MainThread:139624799057728> (middleware.py:_apply_async:180 -> middleware.py:_apply_sync:169) from logger `RFC.middleware_status_code`
[INFO] status code 200 in response of AudioBookAudioPage(812999)

2024-04-08 17:18:49,644 <requestor-worker-0:1416405, MainThread:139624799057728> (requestor.py:_fetch_single_async:206 -> middleware.py:apply_async:115) from logger `RFC.middleware_status_code`
[INFO] applied on AudioBookAudioPage(812999), sent

2024-04-08 17:18:49,710 <requestor-worker-0:1416405, MainThread:139624799057728> (requestor.py:_fetch_single_async:206 -> middleware.py:apply_async:112) from logger `RFC.middleware_status_code`
[INFO] applying on AudioBookAudioPage(813007), received

2024-04-08 17:18:49,711 <requestor-worker-0:1416405, MainThread:139624799057728> (middleware.py:_apply_async:180 -> middleware.py:_apply_sync:169) from logger `RFC.middleware_status_code`
[INFO] status code 200 in response of AudioBookAudioPage(813007)

2024-04-08 17:18:49,712 <requestor-worker-0:1416405, MainThread:139624799057728> (requestor.py:_fetch_single_async:206 -> middleware.py:apply_async:115) from logger `RFC.middleware_status_code`
[INFO] applied on AudioBookAudioPage(813007), sent

2024-04-08 17:18:50,762 <requestor-worker-0:1416405, MainThread:139624799057728> (requestor.py:_fetch_single_async:206 -> middleware.py:apply_async:112) from logger `RFC.middleware_status_code`
[INFO] applying on AudioBookAudioPage(813006).AudioBookAudioFile(813006), received

2024-04-08 17:18:50,764 <requestor-worker-0:1416405, MainThread:139624799057728> (middleware.py:_apply_async:180 -> middleware.py:_apply_sync:169) from logger `RFC.middleware_status_code`
[INFO] status code 200 in response of AudioBookAudioPage(813006).AudioBookAudioFile(813006)

2024-04-08 17:18:50,765 <requestor-worker-0:1416405, MainThread:139624799057728> (requestor.py:_fetch_single_async:206 -> middleware.py:apply_async:115) from logger `RFC.middleware_status_code`
[INFO] applied on AudioBookAudioPage(813006).AudioBookAudioFile(813006), sent

2024-04-08 17:18:54,845 <requestor-worker-0:1416405, MainThread:139624799057728> (requestor.py:_fetch_single_async:206 -> middleware.py:apply_async:112) from logger `RFC.middleware_status_code`
[INFO] applying on AudioBookAudioPage(813015), received

2024-04-08 17:18:54,848 <requestor-worker-0:1416405, MainThread:139624799057728> (middleware.py:_apply_async:180 -> middleware.py:_apply_sync:169) from logger `RFC.middleware_status_code`
[INFO] status code 200 in response of AudioBookAudioPage(813015)

2024-04-08 17:18:54,850 <requestor-worker-0:1416405, MainThread:139624799057728> (requestor.py:_fetch_single_async:206 -> middleware.py:apply_async:115) from logger `RFC.middleware_status_code`
[INFO] applied on AudioBookAudioPage(813015), sent

2024-04-08 17:18:55,425 <requestor-worker-0:1416405, MainThread:139624799057728> (requestor.py:_fetch_single_async:206 -> middleware.py:apply_async:112) from logger `RFC.middleware_status_code`
[INFO] applying on AudioBookAudioPage(813003).AudioBookAudioFile(813003), received

2024-04-08 17:18:55,428 <requestor-worker-0:1416405, MainThread:139624799057728> (middleware.py:_apply_async:180 -> middleware.py:_apply_sync:169) from logger `RFC.middleware_status_code`
[INFO] status code 200 in response of AudioBookAudioPage(813003).AudioBookAudioFile(813003)

2024-04-08 17:18:55,430 <requestor-worker-0:1416405, MainThread:139624799057728> (requestor.py:_fetch_single_async:206 -> middleware.py:apply_async:115) from logger `RFC.middleware_status_code`
[INFO] applied on AudioBookAudioPage(813003).AudioBookAudioFile(813003), sent

2024-04-08 17:18:57,011 <requestor-worker-0:1416405, MainThread:139624799057728> (requestor.py:_fetch_single_async:206 -> middleware.py:apply_async:112) from logger `RFC.middleware_status_code`
[INFO] applying on AudioBookAudioPage(813007).AudioBookAudioFile(813007), received

2024-04-08 17:18:57,014 <requestor-worker-0:1416405, MainThread:139624799057728> (middleware.py:_apply_async:180 -> middleware.py:_apply_sync:169) from logger `RFC.middleware_status_code`
[INFO] status code 200 in response of AudioBookAudioPage(813007).AudioBookAudioFile(813007)

2024-04-08 17:18:57,016 <requestor-worker-0:1416405, MainThread:139624799057728> (requestor.py:_fetch_single_async:206 -> middleware.py:apply_async:115) from logger `RFC.middleware_status_code`
[INFO] applied on AudioBookAudioPage(813007).AudioBookAudioFile(813007), sent

2024-04-08 17:18:58,642 <requestor-worker-0:1416405, MainThread:139624799057728> (requestor.py:_fetch_single_async:206 -> middleware.py:apply_async:112) from logger `RFC.middleware_status_code`
[INFO] applying on AudioBookAudioPage(812565).AudioBookAudioFile(812565), received

2024-04-08 17:18:58,643 <requestor-worker-0:1416405, MainThread:139624799057728> (middleware.py:_apply_async:180 -> middleware.py:_apply_sync:169) from logger `RFC.middleware_status_code`
[INFO] status code 200 in response of AudioBookAudioPage(812565).AudioBookAudioFile(812565)

2024-04-08 17:18:58,644 <requestor-worker-0:1416405, MainThread:139624799057728> (requestor.py:_fetch_single_async:206 -> middleware.py:apply_async:115) from logger `RFC.middleware_status_code`
[INFO] applied on AudioBookAudioPage(812565).AudioBookAudioFile(812565), sent

2024-04-08 17:18:59,458 <requestor-worker-0:1416405, MainThread:139624799057728> (requestor.py:_fetch_single_async:206 -> middleware.py:apply_async:112) from logger `RFC.middleware_status_code`
[INFO] applying on AudioBookAudioPage(812999).AudioBookAudioFile(812999), received

2024-04-08 17:18:59,461 <requestor-worker-0:1416405, MainThread:139624799057728> (middleware.py:_apply_async:180 -> middleware.py:_apply_sync:169) from logger `RFC.middleware_status_code`
[INFO] status code 200 in response of AudioBookAudioPage(812999).AudioBookAudioFile(812999)

2024-04-08 17:18:59,463 <requestor-worker-0:1416405, MainThread:139624799057728> (requestor.py:_fetch_single_async:206 -> middleware.py:apply_async:115) from logger `RFC.middleware_status_code`
[INFO] applied on AudioBookAudioPage(812999).AudioBookAudioFile(812999), sent

2024-04-08 17:19:06,719 <requestor-worker-0:1416405, MainThread:139624799057728> (requestor.py:_fetch_single_async:206 -> middleware.py:apply_async:112) from logger `RFC.middleware_status_code`
[INFO] applying on AudioBookAudioPage(813015).AudioBookAudioFile(813015), received

2024-04-08 17:19:06,721 <requestor-worker-0:1416405, MainThread:139624799057728> (middleware.py:_apply_async:180 -> middleware.py:_apply_sync:169) from logger `RFC.middleware_status_code`
[INFO] status code 200 in response of AudioBookAudioPage(813015).AudioBookAudioFile(813015)

2024-04-08 17:19:06,724 <requestor-worker-0:1416405, MainThread:139624799057728> (requestor.py:_fetch_single_async:206 -> middleware.py:apply_async:115) from logger `RFC.middleware_status_code`
[INFO] applied on AudioBookAudioPage(813015).AudioBookAudioFile(813015), sent

2024-04-08 17:19:07,109 <requestor-worker-0:1416405, MainThread:139624799057728> (requestor.py:_fetch_single_async:206 -> middleware.py:apply_async:112) from logger `RFC.middleware_status_code`
[INFO] applying on AudioBookAudioPage(813084), received

2024-04-08 17:19:07,110 <requestor-worker-0:1416405, MainThread:139624799057728> (middleware.py:_apply_async:180 -> middleware.py:_apply_sync:169) from logger `RFC.middleware_status_code`
[INFO] status code 200 in response of AudioBookAudioPage(813084)

2024-04-08 17:19:07,112 <requestor-worker-0:1416405, MainThread:139624799057728> (requestor.py:_fetch_single_async:206 -> middleware.py:apply_async:115) from logger `RFC.middleware_status_code`
[INFO] applied on AudioBookAudioPage(813084), sent

2024-04-08 17:19:10,175 <requestor-worker-0:1416405, MainThread:139624799057728> (requestor.py:_fetch_single_async:206 -> middleware.py:apply_async:112) from logger `RFC.middleware_status_code`
[INFO] applying on AudioBookAudioPage(813094).AudioBookAudioFile(813094), received

2024-04-08 17:19:10,178 <requestor-worker-0:1416405, MainThread:139624799057728> (middleware.py:_apply_async:180 -> middleware.py:_apply_sync:169) from logger `RFC.middleware_status_code`
[INFO] status code 200 in response of AudioBookAudioPage(813094).AudioBookAudioFile(813094)

2024-04-08 17:19:10,180 <requestor-worker-0:1416405, MainThread:139624799057728> (requestor.py:_fetch_single_async:206 -> middleware.py:apply_async:115) from logger `RFC.middleware_status_code`
[INFO] applied on AudioBookAudioPage(813094).AudioBookAudioFile(813094), sent

2024-04-08 17:19:10,561 <requestor-worker-0:1416405, MainThread:139624799057728> (requestor.py:_fetch_single_async:206 -> middleware.py:apply_async:112) from logger `RFC.middleware_status_code`
[INFO] applying on AudioBookAudioPage(813100), received

2024-04-08 17:19:10,564 <requestor-worker-0:1416405, MainThread:139624799057728> (middleware.py:_apply_async:180 -> middleware.py:_apply_sync:169) from logger `RFC.middleware_status_code`
[INFO] status code 200 in response of AudioBookAudioPage(813100)

2024-04-08 17:19:10,566 <requestor-worker-0:1416405, MainThread:139624799057728> (requestor.py:_fetch_single_async:206 -> middleware.py:apply_async:115) from logger `RFC.middleware_status_code`
[INFO] applied on AudioBookAudioPage(813100), sent

2024-04-08 17:19:14,359 <requestor-worker-0:1416405, MainThread:139624799057728> (requestor.py:_fetch_single_async:206 -> middleware.py:apply_async:112) from logger `RFC.middleware_status_code`
[INFO] applying on AudioBookAudioPage(813108).AudioBookAudioFile(813108), received

2024-04-08 17:19:14,489 <requestor-worker-0:1416405, MainThread:139624799057728> (middleware.py:_apply_async:180 -> middleware.py:_apply_sync:169) from logger `RFC.middleware_status_code`
[INFO] status code 200 in response of AudioBookAudioPage(813108).AudioBookAudioFile(813108)

2024-04-08 17:19:14,623 <requestor-worker-0:1416405, MainThread:139624799057728> (requestor.py:_fetch_single_async:206 -> middleware.py:apply_async:115) from logger `RFC.middleware_status_code`
[INFO] applied on AudioBookAudioPage(813108).AudioBookAudioFile(813108), sent

2024-04-08 17:19:14,878 <requestor-worker-0:1416405, MainThread:139624799057728> (requestor.py:_fetch_single_async:206 -> middleware.py:apply_async:112) from logger `RFC.middleware_status_code`
[INFO] applying on AudioBookAudioPage(812795).AudioBookAudioFile(812795), received

2024-04-08 17:19:14,879 <requestor-worker-0:1416405, MainThread:139624799057728> (middleware.py:_apply_async:180 -> middleware.py:_apply_sync:169) from logger `RFC.middleware_status_code`
[INFO] status code 200 in response of AudioBookAudioPage(812795).AudioBookAudioFile(812795)

2024-04-08 17:19:14,881 <requestor-worker-0:1416405, MainThread:139624799057728> (requestor.py:_fetch_single_async:206 -> middleware.py:apply_async:115) from logger `RFC.middleware_status_code`
[INFO] applied on AudioBookAudioPage(812795).AudioBookAudioFile(812795), sent

2024-04-08 17:19:30,883 <requestor-worker-0:1416405, MainThread:139624799057728> (requestor.py:_fetch_single_async:206 -> middleware.py:apply_async:112) from logger `RFC.middleware_status_code`
[INFO] applying on AudioBookAudioPage(813178).AudioBookAudioFile(813178), received

2024-04-08 17:19:30,886 <requestor-worker-0:1416405, MainThread:139624799057728> (middleware.py:_apply_async:180 -> middleware.py:_apply_sync:169) from logger `RFC.middleware_status_code`
[INFO] status code 200 in response of AudioBookAudioPage(813178).AudioBookAudioFile(813178)

2024-04-08 17:19:30,889 <requestor-worker-0:1416405, MainThread:139624799057728> (requestor.py:_fetch_single_async:206 -> middleware.py:apply_async:115) from logger `RFC.middleware_status_code`
[INFO] applied on AudioBookAudioPage(813178).AudioBookAudioFile(813178), sent

2024-04-08 17:19:31,148 <requestor-worker-0:1416405, MainThread:139624799057728> (requestor.py:_fetch_single_async:206 -> middleware.py:apply_async:112) from logger `RFC.middleware_status_code`
[INFO] applying on AudioBookAudioPage(813182), received

2024-04-08 17:19:31,151 <requestor-worker-0:1416405, MainThread:139624799057728> (middleware.py:_apply_async:180 -> middleware.py:_apply_sync:169) from logger `RFC.middleware_status_code`
[INFO] status code 200 in response of AudioBookAudioPage(813182)

2024-04-08 17:19:31,154 <requestor-worker-0:1416405, MainThread:139624799057728> (requestor.py:_fetch_single_async:206 -> middleware.py:apply_async:115) from logger `RFC.middleware_status_code`
[INFO] applied on AudioBookAudioPage(813182), sent

2024-04-08 17:19:35,633 <requestor-worker-0:1416405, MainThread:139624799057728> (requestor.py:_fetch_single_async:206 -> middleware.py:apply_async:112) from logger `RFC.middleware_status_code`
[INFO] applying on AudioBookAudioPage(813188), received

2024-04-08 17:19:35,636 <requestor-worker-0:1416405, MainThread:139624799057728> (middleware.py:_apply_async:180 -> middleware.py:_apply_sync:169) from logger `RFC.middleware_status_code`
[INFO] status code 200 in response of AudioBookAudioPage(813188)

2024-04-08 17:19:35,639 <requestor-worker-0:1416405, MainThread:139624799057728> (requestor.py:_fetch_single_async:206 -> middleware.py:apply_async:115) from logger `RFC.middleware_status_code`
[INFO] applied on AudioBookAudioPage(813188), sent

2024-04-08 17:19:37,774 <requestor-worker-0:1416405, MainThread:139624799057728> (requestor.py:_fetch_single_async:206 -> middleware.py:apply_async:112) from logger `RFC.middleware_status_code`
[INFO] applying on AudioBookAudioPage(813188).AudioBookAudioFile(813188), received

2024-04-08 17:19:37,777 <requestor-worker-0:1416405, MainThread:139624799057728> (middleware.py:_apply_async:180 -> middleware.py:_apply_sync:169) from logger `RFC.middleware_status_code`
[INFO] status code 200 in response of AudioBookAudioPage(813188).AudioBookAudioFile(813188)

2024-04-08 17:19:37,780 <requestor-worker-0:1416405, MainThread:139624799057728> (requestor.py:_fetch_single_async:206 -> middleware.py:apply_async:115) from logger `RFC.middleware_status_code`
[INFO] applied on AudioBookAudioPage(813188).AudioBookAudioFile(813188), sent

2024-04-08 17:19:40,769 <requestor-worker-0:1416405, MainThread:139624799057728> (requestor.py:_fetch_single_async:206 -> middleware.py:apply_async:112) from logger `RFC.middleware_status_code`
[INFO] applying on AudioBookAudioPage(813590).AudioBookAudioFile(813590), received

2024-04-08 17:19:40,771 <requestor-worker-0:1416405, MainThread:139624799057728> (middleware.py:_apply_async:180 -> middleware.py:_apply_sync:169) from logger `RFC.middleware_status_code`
[INFO] status code 200 in response of AudioBookAudioPage(813590).AudioBookAudioFile(813590)

2024-04-08 17:19:40,774 <requestor-worker-0:1416405, MainThread:139624799057728> (requestor.py:_fetch_single_async:206 -> middleware.py:apply_async:115) from logger `RFC.middleware_status_code`
[INFO] applied on AudioBookAudioPage(813590).AudioBookAudioFile(813590), sent

2024-04-08 17:19:43,331 <requestor-worker-0:1416405, MainThread:139624799057728> (requestor.py:_fetch_single_async:206 -> middleware.py:apply_async:112) from logger `RFC.middleware_status_code`
[INFO] applying on AudioBookAudioPage(813199).AudioBookAudioFile(813199), received

2024-04-08 17:19:43,334 <requestor-worker-0:1416405, MainThread:139624799057728> (middleware.py:_apply_async:180 -> middleware.py:_apply_sync:169) from logger `RFC.middleware_status_code`
[INFO] status code 200 in response of AudioBookAudioPage(813199).AudioBookAudioFile(813199)

2024-04-08 17:19:43,337 <requestor-worker-0:1416405, MainThread:139624799057728> (requestor.py:_fetch_single_async:206 -> middleware.py:apply_async:115) from logger `RFC.middleware_status_code`
[INFO] applied on AudioBookAudioPage(813199).AudioBookAudioFile(813199), sent

2024-04-08 17:19:46,776 <requestor-worker-0:1416405, MainThread:139624799057728> (requestor.py:_fetch_single_async:206 -> middleware.py:apply_async:112) from logger `RFC.middleware_status_code`
[INFO] applying on AudioBookAudioPage(813202), received

2024-04-08 17:19:46,778 <requestor-worker-0:1416405, MainThread:139624799057728> (middleware.py:_apply_async:180 -> middleware.py:_apply_sync:169) from logger `RFC.middleware_status_code`
[INFO] status code 200 in response of AudioBookAudioPage(813202)

2024-04-08 17:19:46,781 <requestor-worker-0:1416405, MainThread:139624799057728> (requestor.py:_fetch_single_async:206 -> middleware.py:apply_async:115) from logger `RFC.middleware_status_code`
[INFO] applied on AudioBookAudioPage(813202), sent

2024-04-08 17:19:47,888 <requestor-worker-0:1416405, MainThread:139624799057728> (requestor.py:_fetch_single_async:206 -> middleware.py:apply_async:112) from logger `RFC.middleware_status_code`
[INFO] applying on AudioBookAudioPage(813206), received

2024-04-08 17:19:47,891 <requestor-worker-0:1416405, MainThread:139624799057728> (middleware.py:_apply_async:180 -> middleware.py:_apply_sync:169) from logger `RFC.middleware_status_code`
[INFO] status code 200 in response of AudioBookAudioPage(813206)

2024-04-08 17:19:47,893 <requestor-worker-0:1416405, MainThread:139624799057728> (requestor.py:_fetch_single_async:206 -> middleware.py:apply_async:115) from logger `RFC.middleware_status_code`
[INFO] applied on AudioBookAudioPage(813206), sent

2024-04-08 17:19:50,093 <requestor-worker-0:1416405, MainThread:139624799057728> (requestor.py:_fetch_single_async:206 -> middleware.py:apply_async:112) from logger `RFC.middleware_status_code`
[INFO] applying on AudioBookAudioPage(813208), received

2024-04-08 17:19:50,094 <requestor-worker-0:1416405, MainThread:139624799057728> (middleware.py:_apply_async:180 -> middleware.py:_apply_sync:169) from logger `RFC.middleware_status_code`
[INFO] status code 200 in response of AudioBookAudioPage(813208)

2024-04-08 17:19:50,096 <requestor-worker-0:1416405, MainThread:139624799057728> (requestor.py:_fetch_single_async:206 -> middleware.py:apply_async:115) from logger `RFC.middleware_status_code`
[INFO] applied on AudioBookAudioPage(813208), sent

2024-04-08 17:19:50,539 <requestor-worker-0:1416405, MainThread:139624799057728> (requestor.py:_fetch_single_async:206 -> middleware.py:apply_async:112) from logger `RFC.middleware_status_code`
[INFO] applying on AudioBookAudioPage(812869).AudioBookAudioFile(812869), received

2024-04-08 17:19:50,541 <requestor-worker-0:1416405, MainThread:139624799057728> (middleware.py:_apply_async:180 -> middleware.py:_apply_sync:169) from logger `RFC.middleware_status_code`
[INFO] status code 200 in response of AudioBookAudioPage(812869).AudioBookAudioFile(812869)

2024-04-08 17:19:50,543 <requestor-worker-0:1416405, MainThread:139624799057728> (requestor.py:_fetch_single_async:206 -> middleware.py:apply_async:115) from logger `RFC.middleware_status_code`
[INFO] applied on AudioBookAudioPage(812869).AudioBookAudioFile(812869), sent

2024-04-08 17:19:52,235 <requestor-worker-0:1416405, MainThread:139624799057728> (requestor.py:_fetch_single_async:206 -> middleware.py:apply_async:112) from logger `RFC.middleware_status_code`
[INFO] applying on AudioBookAudioPage(812998).AudioBookAudioFile(812998), received

2024-04-08 17:19:52,236 <requestor-worker-0:1416405, MainThread:139624799057728> (middleware.py:_apply_async:180 -> middleware.py:_apply_sync:169) from logger `RFC.middleware_status_code`
[INFO] status code 200 in response of AudioBookAudioPage(812998).AudioBookAudioFile(812998)

2024-04-08 17:19:52,238 <requestor-worker-0:1416405, MainThread:139624799057728> (requestor.py:_fetch_single_async:206 -> middleware.py:apply_async:115) from logger `RFC.middleware_status_code`
[INFO] applied on AudioBookAudioPage(812998).AudioBookAudioFile(812998), sent

2024-04-08 17:19:52,958 <requestor-worker-0:1416405, MainThread:139624799057728> (requestor.py:_fetch_single_async:206 -> middleware.py:apply_async:112) from logger `RFC.middleware_status_code`
[INFO] applying on AudioBookAudioPage(813006).AudioBookAudioFile(813006), received

2024-04-08 17:19:52,960 <requestor-worker-0:1416405, MainThread:139624799057728> (middleware.py:_apply_async:180 -> middleware.py:_apply_sync:169) from logger `RFC.middleware_status_code`
[INFO] status code 200 in response of AudioBookAudioPage(813006).AudioBookAudioFile(813006)

2024-04-08 17:19:52,963 <requestor-worker-0:1416405, MainThread:139624799057728> (requestor.py:_fetch_single_async:206 -> middleware.py:apply_async:115) from logger `RFC.middleware_status_code`
[INFO] applied on AudioBookAudioPage(813006).AudioBookAudioFile(813006), sent

2024-04-08 17:19:53,908 <requestor-worker-0:1416405, MainThread:139624799057728> (requestor.py:_fetch_single_async:206 -> middleware.py:apply_async:112) from logger `RFC.middleware_status_code`
[INFO] applying on AudioBookAudioPage(813003).AudioBookAudioFile(813003), received

2024-04-08 17:19:53,917 <requestor-worker-0:1416405, MainThread:139624799057728> (middleware.py:_apply_async:180 -> middleware.py:_apply_sync:169) from logger `RFC.middleware_status_code`
[INFO] status code 200 in response of AudioBookAudioPage(813003).AudioBookAudioFile(813003)

2024-04-08 17:19:53,919 <requestor-worker-0:1416405, MainThread:139624799057728> (requestor.py:_fetch_single_async:206 -> middleware.py:apply_async:115) from logger `RFC.middleware_status_code`
[INFO] applied on AudioBookAudioPage(813003).AudioBookAudioFile(813003), sent

2024-04-08 17:19:55,493 <requestor-worker-0:1416405, MainThread:139624799057728> (requestor.py:_fetch_single_async:206 -> middleware.py:apply_async:112) from logger `RFC.middleware_status_code`
[INFO] applying on AudioBookAudioPage(813007).AudioBookAudioFile(813007), received

2024-04-08 17:19:55,496 <requestor-worker-0:1416405, MainThread:139624799057728> (middleware.py:_apply_async:180 -> middleware.py:_apply_sync:169) from logger `RFC.middleware_status_code`
[INFO] status code 200 in response of AudioBookAudioPage(813007).AudioBookAudioFile(813007)

2024-04-08 17:19:55,500 <requestor-worker-0:1416405, MainThread:139624799057728> (requestor.py:_fetch_single_async:206 -> middleware.py:apply_async:115) from logger `RFC.middleware_status_code`
[INFO] applied on AudioBookAudioPage(813007).AudioBookAudioFile(813007), sent

2024-04-08 17:19:57,360 <requestor-worker-0:1416405, MainThread:139624799057728> (requestor.py:_fetch_single_async:206 -> middleware.py:apply_async:112) from logger `RFC.middleware_status_code`
[INFO] applying on AudioBookAudioPage(813208).AudioBookAudioFile(813208), received

2024-04-08 17:19:57,363 <requestor-worker-0:1416405, MainThread:139624799057728> (middleware.py:_apply_async:180 -> middleware.py:_apply_sync:169) from logger `RFC.middleware_status_code`
[INFO] status code 200 in response of AudioBookAudioPage(813208).AudioBookAudioFile(813208)

2024-04-08 17:19:57,366 <requestor-worker-0:1416405, MainThread:139624799057728> (requestor.py:_fetch_single_async:206 -> middleware.py:apply_async:115) from logger `RFC.middleware_status_code`
[INFO] applied on AudioBookAudioPage(813208).AudioBookAudioFile(813208), sent

2024-04-08 17:20:01,460 <requestor-worker-0:1416405, MainThread:139624799057728> (requestor.py:_fetch_single_async:206 -> middleware.py:apply_async:112) from logger `RFC.middleware_status_code`
[INFO] applying on AudioBookAudioPage(812565).AudioBookAudioFile(812565), received

2024-04-08 17:20:01,461 <requestor-worker-0:1416405, MainThread:139624799057728> (middleware.py:_apply_async:180 -> middleware.py:_apply_sync:169) from logger `RFC.middleware_status_code`
[INFO] status code 200 in response of AudioBookAudioPage(812565).AudioBookAudioFile(812565)

2024-04-08 17:20:01,463 <requestor-worker-0:1416405, MainThread:139624799057728> (requestor.py:_fetch_single_async:206 -> middleware.py:apply_async:115) from logger `RFC.middleware_status_code`
[INFO] applied on AudioBookAudioPage(812565).AudioBookAudioFile(812565), sent

2024-04-08 17:20:11,005 <requestor-worker-0:1416405, MainThread:139624799057728> (requestor.py:_fetch_single_async:206 -> middleware.py:apply_async:112) from logger `RFC.middleware_status_code`
[INFO] applying on AudioBookAudioPage(813094).AudioBookAudioFile(813094), received

2024-04-08 17:20:11,007 <requestor-worker-0:1416405, MainThread:139624799057728> (middleware.py:_apply_async:180 -> middleware.py:_apply_sync:169) from logger `RFC.middleware_status_code`
[INFO] status code 200 in response of AudioBookAudioPage(813094).AudioBookAudioFile(813094)

2024-04-08 17:20:11,010 <requestor-worker-0:1416405, MainThread:139624799057728> (requestor.py:_fetch_single_async:206 -> middleware.py:apply_async:115) from logger `RFC.middleware_status_code`
[INFO] applied on AudioBookAudioPage(813094).AudioBookAudioFile(813094), sent

2024-04-08 17:20:14,153 <requestor-worker-0:1416405, MainThread:139624799057728> (requestor.py:_fetch_single_async:206 -> middleware.py:apply_async:112) from logger `RFC.middleware_status_code`
[INFO] applying on AudioBookAudioPage(813098).AudioBookAudioFile(813098), received

2024-04-08 17:20:14,156 <requestor-worker-0:1416405, MainThread:139624799057728> (middleware.py:_apply_async:180 -> middleware.py:_apply_sync:169) from logger `RFC.middleware_status_code`
[INFO] status code 200 in response of AudioBookAudioPage(813098).AudioBookAudioFile(813098)

2024-04-08 17:20:14,157 <requestor-worker-0:1416405, MainThread:139624799057728> (requestor.py:_fetch_single_async:206 -> middleware.py:apply_async:115) from logger `RFC.middleware_status_code`
[INFO] applied on AudioBookAudioPage(813098).AudioBookAudioFile(813098), sent

2024-04-08 17:20:14,326 <requestor-worker-0:1416405, MainThread:139624799057728> (requestor.py:_fetch_single_async:206 -> middleware.py:apply_async:112) from logger `RFC.middleware_status_code`
[INFO] applying on AudioBookAudioPage(813182).AudioBookAudioFile(813182), received

2024-04-08 17:20:14,327 <requestor-worker-0:1416405, MainThread:139624799057728> (middleware.py:_apply_async:180 -> middleware.py:_apply_sync:169) from logger `RFC.middleware_status_code`
[INFO] status code 200 in response of AudioBookAudioPage(813182).AudioBookAudioFile(813182)

2024-04-08 17:20:14,328 <requestor-worker-0:1416405, MainThread:139624799057728> (requestor.py:_fetch_single_async:206 -> middleware.py:apply_async:115) from logger `RFC.middleware_status_code`
[INFO] applied on AudioBookAudioPage(813182).AudioBookAudioFile(813182), sent

2024-04-08 17:20:18,479 <requestor-worker-0:1416405, MainThread:139624799057728> (requestor.py:_fetch_single_async:206 -> middleware.py:apply_async:112) from logger `RFC.middleware_status_code`
[INFO] applying on AudioBookAudioPage(813227).AudioBookAudioFile(813227), received

2024-04-08 17:20:18,480 <requestor-worker-0:1416405, MainThread:139624799057728> (middleware.py:_apply_async:180 -> middleware.py:_apply_sync:169) from logger `RFC.middleware_status_code`
[INFO] status code 200 in response of AudioBookAudioPage(813227).AudioBookAudioFile(813227)

2024-04-08 17:20:18,482 <requestor-worker-0:1416405, MainThread:139624799057728> (requestor.py:_fetch_single_async:206 -> middleware.py:apply_async:115) from logger `RFC.middleware_status_code`
[INFO] applied on AudioBookAudioPage(813227).AudioBookAudioFile(813227), sent

2024-04-08 17:20:43,682 <requestor-worker-0:1416405, MainThread:139624799057728> (requestor.py:_fetch_single_async:206 -> middleware.py:apply_async:112) from logger `RFC.middleware_status_code`
[INFO] applying on AudioBookAudioPage(813252), received

2024-04-08 17:20:43,683 <requestor-worker-0:1416405, MainThread:139624799057728> (middleware.py:_apply_async:180 -> middleware.py:_apply_sync:169) from logger `RFC.middleware_status_code`
[INFO] status code 200 in response of AudioBookAudioPage(813252)

2024-04-08 17:20:43,685 <requestor-worker-0:1416405, MainThread:139624799057728> (requestor.py:_fetch_single_async:206 -> middleware.py:apply_async:115) from logger `RFC.middleware_status_code`
[INFO] applied on AudioBookAudioPage(813252), sent

2024-04-08 17:20:45,014 <requestor-worker-0:1416405, MainThread:139624799057728> (requestor.py:_fetch_single_async:206 -> middleware.py:apply_async:112) from logger `RFC.middleware_status_code`
[INFO] applying on AudioBookAudioPage(813590).AudioBookAudioFile(813590), received

2024-04-08 17:20:45,017 <requestor-worker-0:1416405, MainThread:139624799057728> (middleware.py:_apply_async:180 -> middleware.py:_apply_sync:169) from logger `RFC.middleware_status_code`
[INFO] status code 200 in response of AudioBookAudioPage(813590).AudioBookAudioFile(813590)

2024-04-08 17:20:45,019 <requestor-worker-0:1416405, MainThread:139624799057728> (requestor.py:_fetch_single_async:206 -> middleware.py:apply_async:115) from logger `RFC.middleware_status_code`
[INFO] applied on AudioBookAudioPage(813590).AudioBookAudioFile(813590), sent

2024-04-08 17:20:45,628 <requestor-worker-0:1416405, MainThread:139624799057728> (requestor.py:_fetch_single_async:206 -> middleware.py:apply_async:112) from logger `RFC.middleware_status_code`
[INFO] applying on AudioBookAudioPage(813252).AudioBookAudioFile(813252), received

2024-04-08 17:20:45,658 <requestor-worker-0:1416405, MainThread:139624799057728> (middleware.py:_apply_async:180 -> middleware.py:_apply_sync:169) from logger `RFC.middleware_status_code`
[INFO] status code 200 in response of AudioBookAudioPage(813252).AudioBookAudioFile(813252)

2024-04-08 17:20:45,660 <requestor-worker-0:1416405, MainThread:139624799057728> (requestor.py:_fetch_single_async:206 -> middleware.py:apply_async:115) from logger `RFC.middleware_status_code`
[INFO] applied on AudioBookAudioPage(813252).AudioBookAudioFile(813252), sent

2024-04-08 17:20:47,145 <requestor-worker-0:1416405, MainThread:139624799057728> (requestor.py:_fetch_single_async:206 -> middleware.py:apply_async:112) from logger `RFC.middleware_status_code`
[INFO] applying on AudioBookAudioPage(813199).AudioBookAudioFile(813199), received

2024-04-08 17:20:47,147 <requestor-worker-0:1416405, MainThread:139624799057728> (middleware.py:_apply_async:180 -> middleware.py:_apply_sync:169) from logger `RFC.middleware_status_code`
[INFO] status code 200 in response of AudioBookAudioPage(813199).AudioBookAudioFile(813199)

2024-04-08 17:20:47,149 <requestor-worker-0:1416405, MainThread:139624799057728> (requestor.py:_fetch_single_async:206 -> middleware.py:apply_async:115) from logger `RFC.middleware_status_code`
[INFO] applied on AudioBookAudioPage(813199).AudioBookAudioFile(813199), sent

2024-04-08 17:20:49,562 <requestor-worker-0:1416405, MainThread:139624799057728> (requestor.py:_fetch_single_async:206 -> middleware.py:apply_async:112) from logger `RFC.middleware_status_code`
[INFO] applying on AudioBookAudioPage(814435).AudioBookAudioFile(814435), received

2024-04-08 17:20:49,563 <requestor-worker-0:1416405, MainThread:139624799057728> (middleware.py:_apply_async:180 -> middleware.py:_apply_sync:169) from logger `RFC.middleware_status_code`
[INFO] status code 200 in response of AudioBookAudioPage(814435).AudioBookAudioFile(814435)

2024-04-08 17:20:49,564 <requestor-worker-0:1416405, MainThread:139624799057728> (requestor.py:_fetch_single_async:206 -> middleware.py:apply_async:115) from logger `RFC.middleware_status_code`
[INFO] applied on AudioBookAudioPage(814435).AudioBookAudioFile(814435), sent

2024-04-08 17:20:50,272 <requestor-worker-0:1416405, MainThread:139624799057728> (requestor.py:_fetch_single_async:206 -> middleware.py:apply_async:112) from logger `RFC.middleware_status_code`
[INFO] applying on AudioBookAudioPage(812998).AudioBookAudioFile(812998), received

2024-04-08 17:20:50,274 <requestor-worker-0:1416405, MainThread:139624799057728> (middleware.py:_apply_async:180 -> middleware.py:_apply_sync:169) from logger `RFC.middleware_status_code`
[INFO] status code 200 in response of AudioBookAudioPage(812998).AudioBookAudioFile(812998)

2024-04-08 17:20:50,276 <requestor-worker-0:1416405, MainThread:139624799057728> (requestor.py:_fetch_single_async:206 -> middleware.py:apply_async:115) from logger `RFC.middleware_status_code`
[INFO] applied on AudioBookAudioPage(812998).AudioBookAudioFile(812998), sent

2024-04-08 17:20:50,410 <requestor-worker-0:1416405, MainThread:139624799057728> (requestor.py:_fetch_single_async:206 -> middleware.py:apply_async:112) from logger `RFC.middleware_status_code`
[INFO] applying on AudioBookAudioPage(812869).AudioBookAudioFile(812869), received

2024-04-08 17:20:50,413 <requestor-worker-0:1416405, MainThread:139624799057728> (middleware.py:_apply_async:180 -> middleware.py:_apply_sync:169) from logger `RFC.middleware_status_code`
[INFO] status code 200 in response of AudioBookAudioPage(812869).AudioBookAudioFile(812869)

2024-04-08 17:20:50,415 <requestor-worker-0:1416405, MainThread:139624799057728> (requestor.py:_fetch_single_async:206 -> middleware.py:apply_async:115) from logger `RFC.middleware_status_code`
[INFO] applied on AudioBookAudioPage(812869).AudioBookAudioFile(812869), sent

2024-04-08 17:20:56,904 <requestor-worker-0:1416405, MainThread:139624799057728> (requestor.py:_fetch_single_async:206 -> middleware.py:apply_async:112) from logger `RFC.middleware_status_code`
[INFO] applying on AudioBookAudioPage(813003).AudioBookAudioFile(813003), received

2024-04-08 17:20:56,908 <requestor-worker-0:1416405, MainThread:139624799057728> (middleware.py:_apply_async:180 -> middleware.py:_apply_sync:169) from logger `RFC.middleware_status_code`
[INFO] status code 200 in response of AudioBookAudioPage(813003).AudioBookAudioFile(813003)

2024-04-08 17:20:56,911 <requestor-worker-0:1416405, MainThread:139624799057728> (requestor.py:_fetch_single_async:206 -> middleware.py:apply_async:115) from logger `RFC.middleware_status_code`
[INFO] applied on AudioBookAudioPage(813003).AudioBookAudioFile(813003), sent

2024-04-08 17:20:57,168 <requestor-worker-0:1416405, MainThread:139624799057728> (requestor.py:_fetch_single_async:206 -> middleware.py:apply_async:112) from logger `RFC.middleware_status_code`
[INFO] applying on AudioBookAudioPage(813208).AudioBookAudioFile(813208), received

2024-04-08 17:20:57,170 <requestor-worker-0:1416405, MainThread:139624799057728> (middleware.py:_apply_async:180 -> middleware.py:_apply_sync:169) from logger `RFC.middleware_status_code`
[INFO] status code 200 in response of AudioBookAudioPage(813208).AudioBookAudioFile(813208)

2024-04-08 17:20:57,172 <requestor-worker-0:1416405, MainThread:139624799057728> (requestor.py:_fetch_single_async:206 -> middleware.py:apply_async:115) from logger `RFC.middleware_status_code`
[INFO] applied on AudioBookAudioPage(813208).AudioBookAudioFile(813208), sent

2024-04-08 17:21:00,315 <requestor-worker-0:1416405, MainThread:139624799057728> (requestor.py:_fetch_single_async:206 -> middleware.py:apply_async:112) from logger `RFC.middleware_status_code`
[INFO] applying on AudioBookAudioPage(813006).AudioBookAudioFile(813006), received

2024-04-08 17:21:00,316 <requestor-worker-0:1416405, MainThread:139624799057728> (middleware.py:_apply_async:180 -> middleware.py:_apply_sync:169) from logger `RFC.middleware_status_code`
[INFO] status code 200 in response of AudioBookAudioPage(813006).AudioBookAudioFile(813006)

2024-04-08 17:21:00,317 <requestor-worker-0:1416405, MainThread:139624799057728> (requestor.py:_fetch_single_async:206 -> middleware.py:apply_async:115) from logger `RFC.middleware_status_code`
[INFO] applied on AudioBookAudioPage(813006).AudioBookAudioFile(813006), sent

2024-04-08 17:21:01,123 <requestor-worker-0:1416405, MainThread:139624799057728> (requestor.py:_fetch_single_async:206 -> middleware.py:apply_async:112) from logger `RFC.middleware_status_code`
[INFO] applying on AudioBookAudioPage(813007).AudioBookAudioFile(813007), received

2024-04-08 17:21:01,125 <requestor-worker-0:1416405, MainThread:139624799057728> (middleware.py:_apply_async:180 -> middleware.py:_apply_sync:169) from logger `RFC.middleware_status_code`
[INFO] status code 200 in response of AudioBookAudioPage(813007).AudioBookAudioFile(813007)

2024-04-08 17:21:01,128 <requestor-worker-0:1416405, MainThread:139624799057728> (requestor.py:_fetch_single_async:206 -> middleware.py:apply_async:115) from logger `RFC.middleware_status_code`
[INFO] applied on AudioBookAudioPage(813007).AudioBookAudioFile(813007), sent

2024-04-08 17:21:03,753 <requestor-worker-0:1416405, MainThread:139624799057728> (requestor.py:_fetch_single_async:206 -> middleware.py:apply_async:112) from logger `RFC.middleware_status_code`
[INFO] applying on AudioBookAudioPage(813266).AudioBookAudioFile(813266), received

2024-04-08 17:21:03,756 <requestor-worker-0:1416405, MainThread:139624799057728> (middleware.py:_apply_async:180 -> middleware.py:_apply_sync:169) from logger `RFC.middleware_status_code`
[INFO] status code 200 in response of AudioBookAudioPage(813266).AudioBookAudioFile(813266)

2024-04-08 17:21:03,758 <requestor-worker-0:1416405, MainThread:139624799057728> (requestor.py:_fetch_single_async:206 -> middleware.py:apply_async:115) from logger `RFC.middleware_status_code`
[INFO] applied on AudioBookAudioPage(813266).AudioBookAudioFile(813266), sent

2024-04-08 17:21:45,753 <requestor-worker-0:1416405, MainThread:139624799057728> (requestor.py:_fetch_single_async:206 -> middleware.py:apply_async:112) from logger `RFC.middleware_status_code`
[INFO] applying on AudioBookAudioPage(813590).AudioBookAudioFile(813590), received

2024-04-08 17:21:45,756 <requestor-worker-0:1416405, MainThread:139624799057728> (middleware.py:_apply_async:180 -> middleware.py:_apply_sync:169) from logger `RFC.middleware_status_code`
[INFO] status code 200 in response of AudioBookAudioPage(813590).AudioBookAudioFile(813590)

2024-04-08 17:21:45,765 <requestor-worker-0:1416405, MainThread:139624799057728> (requestor.py:_fetch_single_async:206 -> middleware.py:apply_async:115) from logger `RFC.middleware_status_code`
[INFO] applied on AudioBookAudioPage(813590).AudioBookAudioFile(813590), sent

2024-04-08 17:21:46,882 <requestor-worker-0:1416405, MainThread:139624799057728> (requestor.py:_fetch_single_async:206 -> middleware.py:apply_async:112) from logger `RFC.middleware_status_code`
[INFO] applying on AudioBookAudioPage(813199).AudioBookAudioFile(813199), received

2024-04-08 17:21:46,885 <requestor-worker-0:1416405, MainThread:139624799057728> (middleware.py:_apply_async:180 -> middleware.py:_apply_sync:169) from logger `RFC.middleware_status_code`
[INFO] status code 200 in response of AudioBookAudioPage(813199).AudioBookAudioFile(813199)

2024-04-08 17:21:46,888 <requestor-worker-0:1416405, MainThread:139624799057728> (requestor.py:_fetch_single_async:206 -> middleware.py:apply_async:115) from logger `RFC.middleware_status_code`
[INFO] applied on AudioBookAudioPage(813199).AudioBookAudioFile(813199), sent

2024-04-08 17:21:47,989 <requestor-worker-0:1416405, MainThread:139624799057728> (requestor.py:_fetch_single_async:206 -> middleware.py:apply_async:112) from logger `RFC.middleware_status_code`
[INFO] applying on AudioBookAudioPage(813098).AudioBookAudioFile(813098), received

2024-04-08 17:21:47,992 <requestor-worker-0:1416405, MainThread:139624799057728> (middleware.py:_apply_async:180 -> middleware.py:_apply_sync:169) from logger `RFC.middleware_status_code`
[INFO] status code 200 in response of AudioBookAudioPage(813098).AudioBookAudioFile(813098)

2024-04-08 17:21:47,995 <requestor-worker-0:1416405, MainThread:139624799057728> (requestor.py:_fetch_single_async:206 -> middleware.py:apply_async:115) from logger `RFC.middleware_status_code`
[INFO] applied on AudioBookAudioPage(813098).AudioBookAudioFile(813098), sent

2024-04-08 17:21:50,901 <requestor-worker-0:1416405, MainThread:139624799057728> (requestor.py:_fetch_single_async:206 -> middleware.py:apply_async:112) from logger `RFC.middleware_status_code`
[INFO] applying on AudioBookAudioPage(814435).AudioBookAudioFile(814435), received

2024-04-08 17:21:50,902 <requestor-worker-0:1416405, MainThread:139624799057728> (middleware.py:_apply_async:180 -> middleware.py:_apply_sync:169) from logger `RFC.middleware_status_code`
[INFO] status code 200 in response of AudioBookAudioPage(814435).AudioBookAudioFile(814435)

2024-04-08 17:21:50,904 <requestor-worker-0:1416405, MainThread:139624799057728> (requestor.py:_fetch_single_async:206 -> middleware.py:apply_async:115) from logger `RFC.middleware_status_code`
[INFO] applied on AudioBookAudioPage(814435).AudioBookAudioFile(814435), sent

2024-04-08 17:21:51,965 <requestor-worker-0:1416405, MainThread:139624799057728> (requestor.py:_fetch_single_async:206 -> middleware.py:apply_async:112) from logger `RFC.middleware_status_code`
[INFO] applying on AudioBookAudioPage(813307).AudioBookAudioFile(813307), received

2024-04-08 17:21:51,966 <requestor-worker-0:1416405, MainThread:139624799057728> (middleware.py:_apply_async:180 -> middleware.py:_apply_sync:169) from logger `RFC.middleware_status_code`
[INFO] status code 200 in response of AudioBookAudioPage(813307).AudioBookAudioFile(813307)

2024-04-08 17:21:51,968 <requestor-worker-0:1416405, MainThread:139624799057728> (requestor.py:_fetch_single_async:206 -> middleware.py:apply_async:115) from logger `RFC.middleware_status_code`
[INFO] applied on AudioBookAudioPage(813307).AudioBookAudioFile(813307), sent

2024-04-08 17:21:52,979 <requestor-worker-0:1416405, MainThread:139624799057728> (requestor.py:_fetch_single_async:206 -> middleware.py:apply_async:112) from logger `RFC.middleware_status_code`
[INFO] applying on AudioBookAudioPage(812998).AudioBookAudioFile(812998), received

2024-04-08 17:21:52,982 <requestor-worker-0:1416405, MainThread:139624799057728> (middleware.py:_apply_async:180 -> middleware.py:_apply_sync:169) from logger `RFC.middleware_status_code`
[INFO] status code 200 in response of AudioBookAudioPage(812998).AudioBookAudioFile(812998)

2024-04-08 17:21:52,984 <requestor-worker-0:1416405, MainThread:139624799057728> (requestor.py:_fetch_single_async:206 -> middleware.py:apply_async:115) from logger `RFC.middleware_status_code`
[INFO] applied on AudioBookAudioPage(812998).AudioBookAudioFile(812998), sent

2024-04-08 17:21:58,914 <requestor-worker-0:1416405, MainThread:139624799057728> (requestor.py:_fetch_single_async:206 -> middleware.py:apply_async:112) from logger `RFC.middleware_status_code`
[INFO] applying on AudioBookAudioPage(813003).AudioBookAudioFile(813003), received

2024-04-08 17:21:58,916 <requestor-worker-0:1416405, MainThread:139624799057728> (middleware.py:_apply_async:180 -> middleware.py:_apply_sync:169) from logger `RFC.middleware_status_code`
[INFO] status code 200 in response of AudioBookAudioPage(813003).AudioBookAudioFile(813003)

2024-04-08 17:21:58,919 <requestor-worker-0:1416405, MainThread:139624799057728> (requestor.py:_fetch_single_async:206 -> middleware.py:apply_async:115) from logger `RFC.middleware_status_code`
[INFO] applied on AudioBookAudioPage(813003).AudioBookAudioFile(813003), sent

2024-04-08 17:21:59,495 <requestor-worker-0:1416405, MainThread:139624799057728> (requestor.py:_fetch_single_async:206 -> middleware.py:apply_async:112) from logger `RFC.middleware_status_code`
[INFO] applying on AudioBookAudioPage(813007).AudioBookAudioFile(813007), received

2024-04-08 17:21:59,498 <requestor-worker-0:1416405, MainThread:139624799057728> (middleware.py:_apply_async:180 -> middleware.py:_apply_sync:169) from logger `RFC.middleware_status_code`
[INFO] status code 200 in response of AudioBookAudioPage(813007).AudioBookAudioFile(813007)

2024-04-08 17:21:59,501 <requestor-worker-0:1416405, MainThread:139624799057728> (requestor.py:_fetch_single_async:206 -> middleware.py:apply_async:115) from logger `RFC.middleware_status_code`
[INFO] applied on AudioBookAudioPage(813007).AudioBookAudioFile(813007), sent

2024-04-08 17:21:59,511 <requestor-worker-0:1416405, MainThread:139624799057728> (requestor.py:_fetch_single_async:206 -> middleware.py:apply_async:112) from logger `RFC.middleware_status_code`
[INFO] applying on AudioBookAudioPage(813006).AudioBookAudioFile(813006), received

2024-04-08 17:21:59,512 <requestor-worker-0:1416405, MainThread:139624799057728> (middleware.py:_apply_async:180 -> middleware.py:_apply_sync:169) from logger `RFC.middleware_status_code`
[INFO] status code 200 in response of AudioBookAudioPage(813006).AudioBookAudioFile(813006)

2024-04-08 17:21:59,514 <requestor-worker-0:1416405, MainThread:139624799057728> (requestor.py:_fetch_single_async:206 -> middleware.py:apply_async:115) from logger `RFC.middleware_status_code`
[INFO] applied on AudioBookAudioPage(813006).AudioBookAudioFile(813006), sent

2024-04-08 17:22:04,444 <requestor-worker-0:1416405, MainThread:139624799057728> (requestor.py:_fetch_single_async:206 -> middleware.py:apply_async:112) from logger `RFC.middleware_status_code`
[INFO] applying on AudioBookAudioPage(813208).AudioBookAudioFile(813208), received

2024-04-08 17:22:04,447 <requestor-worker-0:1416405, MainThread:139624799057728> (middleware.py:_apply_async:180 -> middleware.py:_apply_sync:169) from logger `RFC.middleware_status_code`
[INFO] status code 200 in response of AudioBookAudioPage(813208).AudioBookAudioFile(813208)

2024-04-08 17:22:04,450 <requestor-worker-0:1416405, MainThread:139624799057728> (requestor.py:_fetch_single_async:206 -> middleware.py:apply_async:115) from logger `RFC.middleware_status_code`
[INFO] applied on AudioBookAudioPage(813208).AudioBookAudioFile(813208), sent

2024-04-08 17:22:05,073 <requestor-worker-0:1416405, MainThread:139624799057728> (requestor.py:_fetch_single_async:206 -> middleware.py:apply_async:112) from logger `RFC.middleware_status_code`
[INFO] applying on AudioBookAudioPage(813266).AudioBookAudioFile(813266), received

2024-04-08 17:22:05,075 <requestor-worker-0:1416405, MainThread:139624799057728> (middleware.py:_apply_async:180 -> middleware.py:_apply_sync:169) from logger `RFC.middleware_status_code`
[INFO] status code 200 in response of AudioBookAudioPage(813266).AudioBookAudioFile(813266)

2024-04-08 17:22:05,077 <requestor-worker-0:1416405, MainThread:139624799057728> (requestor.py:_fetch_single_async:206 -> middleware.py:apply_async:115) from logger `RFC.middleware_status_code`
[INFO] applied on AudioBookAudioPage(813266).AudioBookAudioFile(813266), sent

2024-04-08 17:22:16,959 <requestor-worker-0:1416405, MainThread:139624799057728> (requestor.py:_fetch_single_async:206 -> middleware.py:apply_async:112) from logger `RFC.middleware_status_code`
[INFO] applying on AudioBookAudioPage(813098).AudioBookAudioFile(813098), received

2024-04-08 17:22:16,960 <requestor-worker-0:1416405, MainThread:139624799057728> (middleware.py:_apply_async:180 -> middleware.py:_apply_sync:169) from logger `RFC.middleware_status_code`
[INFO] status code 200 in response of AudioBookAudioPage(813098).AudioBookAudioFile(813098)

2024-04-08 17:22:16,962 <requestor-worker-0:1416405, MainThread:139624799057728> (requestor.py:_fetch_single_async:206 -> middleware.py:apply_async:115) from logger `RFC.middleware_status_code`
[INFO] applied on AudioBookAudioPage(813098).AudioBookAudioFile(813098), sent

2024-04-08 17:22:45,289 <requestor-worker-0:1416405, MainThread:139624799057728> (requestor.py:_fetch_single_async:206 -> middleware.py:apply_async:112) from logger `RFC.middleware_status_code`
[INFO] applying on AudioBookAudioPage(813354), received

2024-04-08 17:22:45,291 <requestor-worker-0:1416405, MainThread:139624799057728> (requestor.py:_fetch_single_async:206 -> middleware.py:apply_async:119) from logger `RFC.middleware_status_code`
[ERROR] failed on AudioBookAudioPage(813354), caught error ValueError('unexpected status code 404 in response of AudioBookAudioPage(813354)')

2024-04-08 17:22:47,325 <requestor-worker-0:1416405, MainThread:139624799057728> (requestor.py:_fetch_single_async:206 -> middleware.py:apply_async:112) from logger `RFC.middleware_status_code`
[INFO] applying on AudioBookAudioPage(813350).AudioBookAudioFile(813350), received

2024-04-08 17:22:47,328 <requestor-worker-0:1416405, MainThread:139624799057728> (middleware.py:_apply_async:180 -> middleware.py:_apply_sync:169) from logger `RFC.middleware_status_code`
[INFO] status code 200 in response of AudioBookAudioPage(813350).AudioBookAudioFile(813350)

2024-04-08 17:22:47,331 <requestor-worker-0:1416405, MainThread:139624799057728> (requestor.py:_fetch_single_async:206 -> middleware.py:apply_async:115) from logger `RFC.middleware_status_code`
[INFO] applied on AudioBookAudioPage(813350).AudioBookAudioFile(813350), sent

2024-04-08 17:22:49,880 <requestor-worker-0:1416405, MainThread:139624799057728> (requestor.py:_fetch_single_async:206 -> middleware.py:apply_async:112) from logger `RFC.middleware_status_code`
[INFO] applying on AudioBookAudioPage(813199).AudioBookAudioFile(813199), received

2024-04-08 17:22:49,882 <requestor-worker-0:1416405, MainThread:139624799057728> (middleware.py:_apply_async:180 -> middleware.py:_apply_sync:169) from logger `RFC.middleware_status_code`
[INFO] status code 200 in response of AudioBookAudioPage(813199).AudioBookAudioFile(813199)

2024-04-08 17:22:49,885 <requestor-worker-0:1416405, MainThread:139624799057728> (requestor.py:_fetch_single_async:206 -> middleware.py:apply_async:115) from logger `RFC.middleware_status_code`
[INFO] applied on AudioBookAudioPage(813199).AudioBookAudioFile(813199), sent

2024-04-08 17:22:54,005 <requestor-worker-0:1416405, MainThread:139624799057728> (requestor.py:_fetch_single_async:206 -> middleware.py:apply_async:112) from logger `RFC.middleware_status_code`
[INFO] applying on AudioBookAudioPage(813365), received

2024-04-08 17:22:54,039 <requestor-worker-0:1416405, MainThread:139624799057728> (middleware.py:_apply_async:180 -> middleware.py:_apply_sync:169) from logger `RFC.middleware_status_code`
[INFO] status code 200 in response of AudioBookAudioPage(813365)

2024-04-08 17:22:54,041 <requestor-worker-0:1416405, MainThread:139624799057728> (requestor.py:_fetch_single_async:206 -> middleware.py:apply_async:115) from logger `RFC.middleware_status_code`
[INFO] applied on AudioBookAudioPage(813365), sent

2024-04-08 17:22:54,601 <requestor-worker-0:1416405, MainThread:139624799057728> (requestor.py:_fetch_single_async:206 -> middleware.py:apply_async:112) from logger `RFC.middleware_status_code`
[INFO] applying on AudioBookAudioPage(813307).AudioBookAudioFile(813307), received

2024-04-08 17:22:54,603 <requestor-worker-0:1416405, MainThread:139624799057728> (middleware.py:_apply_async:180 -> middleware.py:_apply_sync:169) from logger `RFC.middleware_status_code`
[INFO] status code 200 in response of AudioBookAudioPage(813307).AudioBookAudioFile(813307)

2024-04-08 17:22:54,606 <requestor-worker-0:1416405, MainThread:139624799057728> (requestor.py:_fetch_single_async:206 -> middleware.py:apply_async:115) from logger `RFC.middleware_status_code`
[INFO] applied on AudioBookAudioPage(813307).AudioBookAudioFile(813307), sent

2024-04-08 17:22:55,604 <requestor-worker-0:1416405, MainThread:139624799057728> (requestor.py:_fetch_single_async:206 -> middleware.py:apply_async:112) from logger `RFC.middleware_status_code`
[INFO] applying on AudioBookAudioPage(813367), received

2024-04-08 17:22:55,606 <requestor-worker-0:1416405, MainThread:139624799057728> (requestor.py:_fetch_single_async:206 -> middleware.py:apply_async:119) from logger `RFC.middleware_status_code`
[ERROR] failed on AudioBookAudioPage(813367), caught error ValueError('unexpected status code 404 in response of AudioBookAudioPage(813367)')

2024-04-08 17:22:56,216 <requestor-worker-0:1416405, MainThread:139624799057728> (requestor.py:_fetch_single_async:206 -> middleware.py:apply_async:112) from logger `RFC.middleware_status_code`
[INFO] applying on AudioBookAudioPage(814435).AudioBookAudioFile(814435), received

2024-04-08 17:22:56,219 <requestor-worker-0:1416405, MainThread:139624799057728> (middleware.py:_apply_async:180 -> middleware.py:_apply_sync:169) from logger `RFC.middleware_status_code`
[INFO] status code 200 in response of AudioBookAudioPage(814435).AudioBookAudioFile(814435)

2024-04-08 17:22:56,221 <requestor-worker-0:1416405, MainThread:139624799057728> (requestor.py:_fetch_single_async:206 -> middleware.py:apply_async:115) from logger `RFC.middleware_status_code`
[INFO] applied on AudioBookAudioPage(814435).AudioBookAudioFile(814435), sent

2024-04-08 17:22:59,051 <requestor-worker-0:1416405, MainThread:139624799057728> (requestor.py:_fetch_single_async:206 -> middleware.py:apply_async:112) from logger `RFC.middleware_status_code`
[INFO] applying on AudioBookAudioPage(813368), received

2024-04-08 17:22:59,052 <requestor-worker-0:1416405, MainThread:139624799057728> (requestor.py:_fetch_single_async:206 -> middleware.py:apply_async:119) from logger `RFC.middleware_status_code`
[ERROR] failed on AudioBookAudioPage(813368), caught error ValueError('unexpected status code 404 in response of AudioBookAudioPage(813368)')

2024-04-08 17:23:02,256 <requestor-worker-0:1416405, MainThread:139624799057728> (requestor.py:_fetch_single_async:206 -> middleware.py:apply_async:112) from logger `RFC.middleware_status_code`
[INFO] applying on AudioBookAudioPage(813366).AudioBookAudioFile(813366), received

2024-04-08 17:23:02,258 <requestor-worker-0:1416405, MainThread:139624799057728> (middleware.py:_apply_async:180 -> middleware.py:_apply_sync:169) from logger `RFC.middleware_status_code`
[INFO] status code 200 in response of AudioBookAudioPage(813366).AudioBookAudioFile(813366)

2024-04-08 17:23:02,261 <requestor-worker-0:1416405, MainThread:139624799057728> (requestor.py:_fetch_single_async:206 -> middleware.py:apply_async:115) from logger `RFC.middleware_status_code`
[INFO] applied on AudioBookAudioPage(813366).AudioBookAudioFile(813366), sent

2024-04-08 17:23:02,297 <requestor-worker-0:1416405, MainThread:139624799057728> (requestor.py:_fetch_single_async:206 -> middleware.py:apply_async:112) from logger `RFC.middleware_status_code`
[INFO] applying on AudioBookAudioPage(813358).AudioBookAudioFile(813358), received

2024-04-08 17:23:02,300 <requestor-worker-0:1416405, MainThread:139624799057728> (middleware.py:_apply_async:180 -> middleware.py:_apply_sync:169) from logger `RFC.middleware_status_code`
[INFO] status code 200 in response of AudioBookAudioPage(813358).AudioBookAudioFile(813358)

2024-04-08 17:23:02,302 <requestor-worker-0:1416405, MainThread:139624799057728> (requestor.py:_fetch_single_async:206 -> middleware.py:apply_async:115) from logger `RFC.middleware_status_code`
[INFO] applied on AudioBookAudioPage(813358).AudioBookAudioFile(813358), sent

2024-04-08 17:23:03,826 <requestor-worker-0:1416405, MainThread:139624799057728> (requestor.py:_fetch_single_async:206 -> middleware.py:apply_async:112) from logger `RFC.middleware_status_code`
[INFO] applying on AudioBookAudioPage(813266).AudioBookAudioFile(813266), received

2024-04-08 17:23:03,828 <requestor-worker-0:1416405, MainThread:139624799057728> (middleware.py:_apply_async:180 -> middleware.py:_apply_sync:169) from logger `RFC.middleware_status_code`
[INFO] status code 200 in response of AudioBookAudioPage(813266).AudioBookAudioFile(813266)

2024-04-08 17:23:03,831 <requestor-worker-0:1416405, MainThread:139624799057728> (requestor.py:_fetch_single_async:206 -> middleware.py:apply_async:115) from logger `RFC.middleware_status_code`
[INFO] applied on AudioBookAudioPage(813266).AudioBookAudioFile(813266), sent

2024-04-08 17:23:06,372 <requestor-worker-0:1416405, MainThread:139624799057728> (requestor.py:_fetch_single_async:206 -> middleware.py:apply_async:112) from logger `RFC.middleware_status_code`
[INFO] applying on AudioBookAudioPage(813385).AudioBookAudioFile(813385), received

2024-04-08 17:23:06,373 <requestor-worker-0:1416405, MainThread:139624799057728> (middleware.py:_apply_async:180 -> middleware.py:_apply_sync:169) from logger `RFC.middleware_status_code`
[INFO] status code 200 in response of AudioBookAudioPage(813385).AudioBookAudioFile(813385)

2024-04-08 17:23:06,375 <requestor-worker-0:1416405, MainThread:139624799057728> (requestor.py:_fetch_single_async:206 -> middleware.py:apply_async:115) from logger `RFC.middleware_status_code`
[INFO] applied on AudioBookAudioPage(813385).AudioBookAudioFile(813385), sent

2024-04-08 17:23:10,670 <requestor-worker-0:1416405, MainThread:139624799057728> (requestor.py:_fetch_single_async:206 -> middleware.py:apply_async:112) from logger `RFC.middleware_status_code`
[INFO] applying on AudioBookAudioPage(813400).AudioBookAudioFile(813400), received

2024-04-08 17:23:10,672 <requestor-worker-0:1416405, MainThread:139624799057728> (middleware.py:_apply_async:180 -> middleware.py:_apply_sync:169) from logger `RFC.middleware_status_code`
[INFO] status code 200 in response of AudioBookAudioPage(813400).AudioBookAudioFile(813400)

2024-04-08 17:23:10,673 <requestor-worker-0:1416405, MainThread:139624799057728> (requestor.py:_fetch_single_async:206 -> middleware.py:apply_async:115) from logger `RFC.middleware_status_code`
[INFO] applied on AudioBookAudioPage(813400).AudioBookAudioFile(813400), sent

2024-04-08 17:23:22,367 <requestor-worker-0:1416405, MainThread:139624799057728> (requestor.py:_fetch_single_async:206 -> middleware.py:apply_async:112) from logger `RFC.middleware_status_code`
[INFO] applying on AudioBookAudioPage(813428), received

2024-04-08 17:23:22,369 <requestor-worker-0:1416405, MainThread:139624799057728> (middleware.py:_apply_async:180 -> middleware.py:_apply_sync:169) from logger `RFC.middleware_status_code`
[INFO] status code 200 in response of AudioBookAudioPage(813428)

2024-04-08 17:23:22,372 <requestor-worker-0:1416405, MainThread:139624799057728> (requestor.py:_fetch_single_async:206 -> middleware.py:apply_async:115) from logger `RFC.middleware_status_code`
[INFO] applied on AudioBookAudioPage(813428), sent

2024-04-08 17:23:34,749 <requestor-worker-0:1416405, MainThread:139624799057728> (requestor.py:_fetch_single_async:206 -> middleware.py:apply_async:112) from logger `RFC.middleware_status_code`
[INFO] applying on AudioBookAudioPage(813435), received

2024-04-08 17:23:34,750 <requestor-worker-0:1416405, MainThread:139624799057728> (middleware.py:_apply_async:180 -> middleware.py:_apply_sync:169) from logger `RFC.middleware_status_code`
[INFO] status code 200 in response of AudioBookAudioPage(813435)

2024-04-08 17:23:34,751 <requestor-worker-0:1416405, MainThread:139624799057728> (requestor.py:_fetch_single_async:206 -> middleware.py:apply_async:115) from logger `RFC.middleware_status_code`
[INFO] applied on AudioBookAudioPage(813435), sent

2024-04-08 17:23:36,253 <requestor-worker-0:1416405, MainThread:139624799057728> (requestor.py:_fetch_single_async:206 -> middleware.py:apply_async:112) from logger `RFC.middleware_status_code`
[INFO] applying on AudioBookAudioPage(813444).AudioBookAudioFile(813444), received

2024-04-08 17:23:36,256 <requestor-worker-0:1416405, MainThread:139624799057728> (middleware.py:_apply_async:180 -> middleware.py:_apply_sync:169) from logger `RFC.middleware_status_code`
[INFO] status code 200 in response of AudioBookAudioPage(813444).AudioBookAudioFile(813444)

2024-04-08 17:23:36,259 <requestor-worker-0:1416405, MainThread:139624799057728> (requestor.py:_fetch_single_async:206 -> middleware.py:apply_async:115) from logger `RFC.middleware_status_code`
[INFO] applied on AudioBookAudioPage(813444).AudioBookAudioFile(813444), sent

2024-04-08 17:23:36,429 <requestor-worker-0:1416405, MainThread:139624799057728> (requestor.py:_fetch_single_async:206 -> middleware.py:apply_async:112) from logger `RFC.middleware_status_code`
[INFO] applying on AudioBookAudioPage(813428).AudioBookAudioFile(813428), received

2024-04-08 17:23:36,429 <requestor-worker-0:1416405, MainThread:139624799057728> (middleware.py:_apply_async:180 -> middleware.py:_apply_sync:169) from logger `RFC.middleware_status_code`
[INFO] status code 200 in response of AudioBookAudioPage(813428).AudioBookAudioFile(813428)

2024-04-08 17:23:36,431 <requestor-worker-0:1416405, MainThread:139624799057728> (requestor.py:_fetch_single_async:206 -> middleware.py:apply_async:115) from logger `RFC.middleware_status_code`
[INFO] applied on AudioBookAudioPage(813428).AudioBookAudioFile(813428), sent

2024-04-08 17:23:38,889 <requestor-worker-0:1416405, MainThread:139624799057728> (requestor.py:_fetch_single_async:206 -> middleware.py:apply_async:112) from logger `RFC.middleware_status_code`
[INFO] applying on AudioBookAudioPage(813462).AudioBookAudioFile(813462), received

2024-04-08 17:23:38,892 <requestor-worker-0:1416405, MainThread:139624799057728> (middleware.py:_apply_async:180 -> middleware.py:_apply_sync:169) from logger `RFC.middleware_status_code`
[INFO] status code 200 in response of AudioBookAudioPage(813462).AudioBookAudioFile(813462)

2024-04-08 17:23:38,895 <requestor-worker-0:1416405, MainThread:139624799057728> (requestor.py:_fetch_single_async:206 -> middleware.py:apply_async:115) from logger `RFC.middleware_status_code`
[INFO] applied on AudioBookAudioPage(813462).AudioBookAudioFile(813462), sent

2024-04-08 17:23:40,948 <requestor-worker-0:1416405, MainThread:139624799057728> (requestor.py:_fetch_single_async:206 -> middleware.py:apply_async:112) from logger `RFC.middleware_status_code`
[INFO] applying on AudioBookAudioPage(813435).AudioBookAudioFile(813435), received

2024-04-08 17:23:40,950 <requestor-worker-0:1416405, MainThread:139624799057728> (middleware.py:_apply_async:180 -> middleware.py:_apply_sync:169) from logger `RFC.middleware_status_code`
[INFO] status code 200 in response of AudioBookAudioPage(813435).AudioBookAudioFile(813435)

2024-04-08 17:23:40,953 <requestor-worker-0:1416405, MainThread:139624799057728> (requestor.py:_fetch_single_async:206 -> middleware.py:apply_async:115) from logger `RFC.middleware_status_code`
[INFO] applied on AudioBookAudioPage(813435).AudioBookAudioFile(813435), sent

2024-04-08 17:23:46,684 <requestor-worker-0:1416405, MainThread:139624799057728> (requestor.py:_fetch_single_async:206 -> middleware.py:apply_async:112) from logger `RFC.middleware_status_code`
[INFO] applying on AudioBookAudioPage(813466).AudioBookAudioFile(813466), received

2024-04-08 17:23:46,686 <requestor-worker-0:1416405, MainThread:139624799057728> (middleware.py:_apply_async:180 -> middleware.py:_apply_sync:169) from logger `RFC.middleware_status_code`
[INFO] status code 200 in response of AudioBookAudioPage(813466).AudioBookAudioFile(813466)

2024-04-08 17:23:46,689 <requestor-worker-0:1416405, MainThread:139624799057728> (requestor.py:_fetch_single_async:206 -> middleware.py:apply_async:115) from logger `RFC.middleware_status_code`
[INFO] applied on AudioBookAudioPage(813466).AudioBookAudioFile(813466), sent

2024-04-08 17:23:50,470 <requestor-worker-0:1416405, MainThread:139624799057728> (requestor.py:_fetch_single_async:206 -> middleware.py:apply_async:112) from logger `RFC.middleware_status_code`
[INFO] applying on AudioBookAudioPage(813350).AudioBookAudioFile(813350), received

2024-04-08 17:23:50,472 <requestor-worker-0:1416405, MainThread:139624799057728> (middleware.py:_apply_async:180 -> middleware.py:_apply_sync:169) from logger `RFC.middleware_status_code`
[INFO] status code 200 in response of AudioBookAudioPage(813350).AudioBookAudioFile(813350)

2024-04-08 17:23:50,475 <requestor-worker-0:1416405, MainThread:139624799057728> (requestor.py:_fetch_single_async:206 -> middleware.py:apply_async:115) from logger `RFC.middleware_status_code`
[INFO] applied on AudioBookAudioPage(813350).AudioBookAudioFile(813350), sent

2024-04-08 17:23:54,065 <requestor-worker-0:1416405, MainThread:139624799057728> (requestor.py:_fetch_single_async:206 -> middleware.py:apply_async:112) from logger `RFC.middleware_status_code`
[INFO] applying on AudioBookAudioPage(813471).AudioBookAudioFile(813471), received

2024-04-08 17:23:54,066 <requestor-worker-0:1416405, MainThread:139624799057728> (middleware.py:_apply_async:180 -> middleware.py:_apply_sync:169) from logger `RFC.middleware_status_code`
[INFO] status code 200 in response of AudioBookAudioPage(813471).AudioBookAudioFile(813471)

2024-04-08 17:23:54,068 <requestor-worker-0:1416405, MainThread:139624799057728> (requestor.py:_fetch_single_async:206 -> middleware.py:apply_async:115) from logger `RFC.middleware_status_code`
[INFO] applied on AudioBookAudioPage(813471).AudioBookAudioFile(813471), sent

2024-04-08 17:23:54,478 <requestor-worker-0:1416405, MainThread:139624799057728> (requestor.py:_fetch_single_async:206 -> middleware.py:apply_async:112) from logger `RFC.middleware_status_code`
[INFO] applying on AudioBookAudioPage(814435).AudioBookAudioFile(814435), received

2024-04-08 17:23:54,481 <requestor-worker-0:1416405, MainThread:139624799057728> (middleware.py:_apply_async:180 -> middleware.py:_apply_sync:169) from logger `RFC.middleware_status_code`
[INFO] status code 200 in response of AudioBookAudioPage(814435).AudioBookAudioFile(814435)

2024-04-08 17:23:54,484 <requestor-worker-0:1416405, MainThread:139624799057728> (requestor.py:_fetch_single_async:206 -> middleware.py:apply_async:115) from logger `RFC.middleware_status_code`
[INFO] applied on AudioBookAudioPage(814435).AudioBookAudioFile(814435), sent

2024-04-08 17:23:56,430 <requestor-worker-0:1416405, MainThread:139624799057728> (requestor.py:_fetch_single_async:206 -> middleware.py:apply_async:112) from logger `RFC.middleware_status_code`
[INFO] applying on AudioBookAudioPage(813307).AudioBookAudioFile(813307), received

2024-04-08 17:23:56,431 <requestor-worker-0:1416405, MainThread:139624799057728> (middleware.py:_apply_async:180 -> middleware.py:_apply_sync:169) from logger `RFC.middleware_status_code`
[INFO] status code 200 in response of AudioBookAudioPage(813307).AudioBookAudioFile(813307)

2024-04-08 17:23:56,434 <requestor-worker-0:1416405, MainThread:139624799057728> (requestor.py:_fetch_single_async:206 -> middleware.py:apply_async:115) from logger `RFC.middleware_status_code`
[INFO] applied on AudioBookAudioPage(813307).AudioBookAudioFile(813307), sent

2024-04-08 17:24:03,430 <requestor-worker-0:1416405, MainThread:139624799057728> (requestor.py:_fetch_single_async:206 -> middleware.py:apply_async:112) from logger `RFC.middleware_status_code`
[INFO] applying on AudioBookAudioPage(813370).AudioBookAudioFile(813370), received

2024-04-08 17:24:03,433 <requestor-worker-0:1416405, MainThread:139624799057728> (middleware.py:_apply_async:180 -> middleware.py:_apply_sync:169) from logger `RFC.middleware_status_code`
[INFO] status code 200 in response of AudioBookAudioPage(813370).AudioBookAudioFile(813370)

2024-04-08 17:24:03,436 <requestor-worker-0:1416405, MainThread:139624799057728> (requestor.py:_fetch_single_async:206 -> middleware.py:apply_async:115) from logger `RFC.middleware_status_code`
[INFO] applied on AudioBookAudioPage(813370).AudioBookAudioFile(813370), sent

2024-04-08 17:24:05,625 <requestor-worker-0:1416405, MainThread:139624799057728> (requestor.py:_fetch_single_async:206 -> middleware.py:apply_async:112) from logger `RFC.middleware_status_code`
[INFO] applying on AudioBookAudioPage(813490).AudioBookAudioFile(813490), received

2024-04-08 17:24:05,628 <requestor-worker-0:1416405, MainThread:139624799057728> (middleware.py:_apply_async:180 -> middleware.py:_apply_sync:169) from logger `RFC.middleware_status_code`
[INFO] status code 200 in response of AudioBookAudioPage(813490).AudioBookAudioFile(813490)

2024-04-08 17:24:05,630 <requestor-worker-0:1416405, MainThread:139624799057728> (requestor.py:_fetch_single_async:206 -> middleware.py:apply_async:115) from logger `RFC.middleware_status_code`
[INFO] applied on AudioBookAudioPage(813490).AudioBookAudioFile(813490), sent

2024-04-08 17:24:07,740 <requestor-worker-0:1416405, MainThread:139624799057728> (requestor.py:_fetch_single_async:206 -> middleware.py:apply_async:112) from logger `RFC.middleware_status_code`
[INFO] applying on AudioBookAudioPage(813266).AudioBookAudioFile(813266), received

2024-04-08 17:24:07,743 <requestor-worker-0:1416405, MainThread:139624799057728> (middleware.py:_apply_async:180 -> middleware.py:_apply_sync:169) from logger `RFC.middleware_status_code`
[INFO] status code 200 in response of AudioBookAudioPage(813266).AudioBookAudioFile(813266)

2024-04-08 17:24:07,746 <requestor-worker-0:1416405, MainThread:139624799057728> (requestor.py:_fetch_single_async:206 -> middleware.py:apply_async:115) from logger `RFC.middleware_status_code`
[INFO] applied on AudioBookAudioPage(813266).AudioBookAudioFile(813266), sent

2024-04-08 17:24:08,699 <requestor-worker-0:1416405, MainThread:139624799057728> (requestor.py:_fetch_single_async:206 -> middleware.py:apply_async:112) from logger `RFC.middleware_status_code`
[INFO] applying on AudioBookAudioPage(813400).AudioBookAudioFile(813400), received

2024-04-08 17:24:08,701 <requestor-worker-0:1416405, MainThread:139624799057728> (middleware.py:_apply_async:180 -> middleware.py:_apply_sync:169) from logger `RFC.middleware_status_code`
[INFO] status code 200 in response of AudioBookAudioPage(813400).AudioBookAudioFile(813400)

2024-04-08 17:24:08,705 <requestor-worker-0:1416405, MainThread:139624799057728> (requestor.py:_fetch_single_async:206 -> middleware.py:apply_async:115) from logger `RFC.middleware_status_code`
[INFO] applied on AudioBookAudioPage(813400).AudioBookAudioFile(813400), sent

2024-04-08 17:24:10,760 <requestor-worker-0:1416405, MainThread:139624799057728> (requestor.py:_fetch_single_async:206 -> middleware.py:apply_async:112) from logger `RFC.middleware_status_code`
[INFO] applying on AudioBookAudioPage(813385).AudioBookAudioFile(813385), received

2024-04-08 17:24:10,763 <requestor-worker-0:1416405, MainThread:139624799057728> (middleware.py:_apply_async:180 -> middleware.py:_apply_sync:169) from logger `RFC.middleware_status_code`
[INFO] status code 200 in response of AudioBookAudioPage(813385).AudioBookAudioFile(813385)

2024-04-08 17:24:10,767 <requestor-worker-0:1416405, MainThread:139624799057728> (requestor.py:_fetch_single_async:206 -> middleware.py:apply_async:115) from logger `RFC.middleware_status_code`
[INFO] applied on AudioBookAudioPage(813385).AudioBookAudioFile(813385), sent

2024-04-08 17:24:26,538 <requestor-worker-0:1416405, MainThread:139624799057728> (requestor.py:_fetch_single_async:206 -> middleware.py:apply_async:112) from logger `RFC.middleware_status_code`
[INFO] applying on AudioBookAudioPage(813444).AudioBookAudioFile(813444), received

2024-04-08 17:24:26,540 <requestor-worker-0:1416405, MainThread:139624799057728> (middleware.py:_apply_async:180 -> middleware.py:_apply_sync:169) from logger `RFC.middleware_status_code`
[INFO] status code 200 in response of AudioBookAudioPage(813444).AudioBookAudioFile(813444)

2024-04-08 17:24:26,544 <requestor-worker-0:1416405, MainThread:139624799057728> (requestor.py:_fetch_single_async:206 -> middleware.py:apply_async:115) from logger `RFC.middleware_status_code`
[INFO] applied on AudioBookAudioPage(813444).AudioBookAudioFile(813444), sent

2024-04-08 17:24:36,931 <requestor-worker-0:1416405, MainThread:139624799057728> (requestor.py:_fetch_single_async:206 -> middleware.py:apply_async:112) from logger `RFC.middleware_status_code`
[INFO] applying on AudioBookAudioPage(813540).AudioBookAudioFile(813540), received

2024-04-08 17:24:36,933 <requestor-worker-0:1416405, MainThread:139624799057728> (middleware.py:_apply_async:180 -> middleware.py:_apply_sync:169) from logger `RFC.middleware_status_code`
[INFO] status code 200 in response of AudioBookAudioPage(813540).AudioBookAudioFile(813540)

2024-04-08 17:24:36,934 <requestor-worker-0:1416405, MainThread:139624799057728> (requestor.py:_fetch_single_async:206 -> middleware.py:apply_async:115) from logger `RFC.middleware_status_code`
[INFO] applied on AudioBookAudioPage(813540).AudioBookAudioFile(813540), sent

2024-04-08 17:24:41,884 <requestor-worker-0:1416405, MainThread:139624799057728> (requestor.py:_fetch_single_async:206 -> middleware.py:apply_async:112) from logger `RFC.middleware_status_code`
[INFO] applying on AudioBookAudioPage(813462).AudioBookAudioFile(813462), received

2024-04-08 17:24:41,886 <requestor-worker-0:1416405, MainThread:139624799057728> (middleware.py:_apply_async:180 -> middleware.py:_apply_sync:169) from logger `RFC.middleware_status_code`
[INFO] status code 200 in response of AudioBookAudioPage(813462).AudioBookAudioFile(813462)

2024-04-08 17:24:41,887 <requestor-worker-0:1416405, MainThread:139624799057728> (requestor.py:_fetch_single_async:206 -> middleware.py:apply_async:115) from logger `RFC.middleware_status_code`
[INFO] applied on AudioBookAudioPage(813462).AudioBookAudioFile(813462), sent

2024-04-08 17:24:47,964 <requestor-worker-0:1416405, MainThread:139624799057728> (requestor.py:_fetch_single_async:206 -> middleware.py:apply_async:112) from logger `RFC.middleware_status_code`
[INFO] applying on AudioBookAudioPage(813466).AudioBookAudioFile(813466), received

2024-04-08 17:24:47,965 <requestor-worker-0:1416405, MainThread:139624799057728> (middleware.py:_apply_async:180 -> middleware.py:_apply_sync:169) from logger `RFC.middleware_status_code`
[INFO] status code 200 in response of AudioBookAudioPage(813466).AudioBookAudioFile(813466)

2024-04-08 17:24:47,966 <requestor-worker-0:1416405, MainThread:139624799057728> (requestor.py:_fetch_single_async:206 -> middleware.py:apply_async:115) from logger `RFC.middleware_status_code`
[INFO] applied on AudioBookAudioPage(813466).AudioBookAudioFile(813466), sent

2024-04-08 17:24:51,852 <requestor-worker-0:1416405, MainThread:139624799057728> (requestor.py:_fetch_single_async:206 -> middleware.py:apply_async:112) from logger `RFC.middleware_status_code`
[INFO] applying on AudioBookAudioPage(813350).AudioBookAudioFile(813350), received

2024-04-08 17:24:51,855 <requestor-worker-0:1416405, MainThread:139624799057728> (middleware.py:_apply_async:180 -> middleware.py:_apply_sync:169) from logger `RFC.middleware_status_code`
[INFO] status code 200 in response of AudioBookAudioPage(813350).AudioBookAudioFile(813350)

2024-04-08 17:24:51,865 <requestor-worker-0:1416405, MainThread:139624799057728> (requestor.py:_fetch_single_async:206 -> middleware.py:apply_async:115) from logger `RFC.middleware_status_code`
[INFO] applied on AudioBookAudioPage(813350).AudioBookAudioFile(813350), sent

2024-04-08 17:24:53,646 <requestor-worker-0:1416405, MainThread:139624799057728> (requestor.py:_fetch_single_async:206 -> middleware.py:apply_async:112) from logger `RFC.middleware_status_code`
[INFO] applying on AudioBookAudioPage(813471).AudioBookAudioFile(813471), received

2024-04-08 17:24:53,648 <requestor-worker-0:1416405, MainThread:139624799057728> (middleware.py:_apply_async:180 -> middleware.py:_apply_sync:169) from logger `RFC.middleware_status_code`
[INFO] status code 200 in response of AudioBookAudioPage(813471).AudioBookAudioFile(813471)

2024-04-08 17:24:53,649 <requestor-worker-0:1416405, MainThread:139624799057728> (requestor.py:_fetch_single_async:206 -> middleware.py:apply_async:115) from logger `RFC.middleware_status_code`
[INFO] applied on AudioBookAudioPage(813471).AudioBookAudioFile(813471), sent

2024-04-08 17:24:57,600 <requestor-worker-0:1416405, MainThread:139624799057728> (requestor.py:_fetch_single_async:206 -> middleware.py:apply_async:112) from logger `RFC.middleware_status_code`
[INFO] applying on AudioBookAudioPage(813574).AudioBookAudioFile(813574), received

2024-04-08 17:24:57,603 <requestor-worker-0:1416405, MainThread:139624799057728> (middleware.py:_apply_async:180 -> middleware.py:_apply_sync:169) from logger `RFC.middleware_status_code`
[INFO] status code 200 in response of AudioBookAudioPage(813574).AudioBookAudioFile(813574)

2024-04-08 17:24:57,605 <requestor-worker-0:1416405, MainThread:139624799057728> (requestor.py:_fetch_single_async:206 -> middleware.py:apply_async:115) from logger `RFC.middleware_status_code`
[INFO] applied on AudioBookAudioPage(813574).AudioBookAudioFile(813574), sent

2024-04-08 17:24:58,393 <requestor-worker-0:1416405, MainThread:139624799057728> (requestor.py:_fetch_single_async:206 -> middleware.py:apply_async:112) from logger `RFC.middleware_status_code`
[INFO] applying on AudioBookAudioPage(813307).AudioBookAudioFile(813307), received

2024-04-08 17:24:58,395 <requestor-worker-0:1416405, MainThread:139624799057728> (middleware.py:_apply_async:180 -> middleware.py:_apply_sync:169) from logger `RFC.middleware_status_code`
[INFO] status code 200 in response of AudioBookAudioPage(813307).AudioBookAudioFile(813307)

2024-04-08 17:24:58,396 <requestor-worker-0:1416405, MainThread:139624799057728> (requestor.py:_fetch_single_async:206 -> middleware.py:apply_async:115) from logger `RFC.middleware_status_code`
[INFO] applied on AudioBookAudioPage(813307).AudioBookAudioFile(813307), sent

2024-04-08 17:25:04,787 <requestor-worker-0:1416405, MainThread:139624799057728> (requestor.py:_fetch_single_async:206 -> middleware.py:apply_async:112) from logger `RFC.middleware_status_code`
[INFO] applying on AudioBookAudioPage(813490).AudioBookAudioFile(813490), received

2024-04-08 17:25:04,789 <requestor-worker-0:1416405, MainThread:139624799057728> (middleware.py:_apply_async:180 -> middleware.py:_apply_sync:169) from logger `RFC.middleware_status_code`
[INFO] status code 200 in response of AudioBookAudioPage(813490).AudioBookAudioFile(813490)

2024-04-08 17:25:04,790 <requestor-worker-0:1416405, MainThread:139624799057728> (requestor.py:_fetch_single_async:206 -> middleware.py:apply_async:115) from logger `RFC.middleware_status_code`
[INFO] applied on AudioBookAudioPage(813490).AudioBookAudioFile(813490), sent

2024-04-08 17:25:06,164 <requestor-worker-0:1416405, MainThread:139624799057728> (requestor.py:_fetch_single_async:206 -> middleware.py:apply_async:112) from logger `RFC.middleware_status_code`
[INFO] applying on AudioBookAudioPage(813588), received

2024-04-08 17:25:06,167 <requestor-worker-0:1416405, MainThread:139624799057728> (requestor.py:_fetch_single_async:206 -> middleware.py:apply_async:119) from logger `RFC.middleware_status_code`
[ERROR] failed on AudioBookAudioPage(813588), caught error ValueError('unexpected status code 404 in response of AudioBookAudioPage(813588)')

2024-04-08 17:25:07,827 <requestor-worker-0:1416405, MainThread:139624799057728> (requestor.py:_fetch_single_async:206 -> middleware.py:apply_async:112) from logger `RFC.middleware_status_code`
[INFO] applying on AudioBookAudioPage(813385).AudioBookAudioFile(813385), received

2024-04-08 17:25:07,828 <requestor-worker-0:1416405, MainThread:139624799057728> (middleware.py:_apply_async:180 -> middleware.py:_apply_sync:169) from logger `RFC.middleware_status_code`
[INFO] status code 200 in response of AudioBookAudioPage(813385).AudioBookAudioFile(813385)

2024-04-08 17:25:07,830 <requestor-worker-0:1416405, MainThread:139624799057728> (requestor.py:_fetch_single_async:206 -> middleware.py:apply_async:115) from logger `RFC.middleware_status_code`
[INFO] applied on AudioBookAudioPage(813385).AudioBookAudioFile(813385), sent

2024-04-08 17:25:08,482 <requestor-worker-0:1416405, MainThread:139624799057728> (requestor.py:_fetch_single_async:206 -> middleware.py:apply_async:112) from logger `RFC.middleware_status_code`
[INFO] applying on AudioBookAudioPage(813370).AudioBookAudioFile(813370), received

2024-04-08 17:25:08,484 <requestor-worker-0:1416405, MainThread:139624799057728> (middleware.py:_apply_async:180 -> middleware.py:_apply_sync:169) from logger `RFC.middleware_status_code`
[INFO] status code 200 in response of AudioBookAudioPage(813370).AudioBookAudioFile(813370)

2024-04-08 17:25:08,487 <requestor-worker-0:1416405, MainThread:139624799057728> (requestor.py:_fetch_single_async:206 -> middleware.py:apply_async:115) from logger `RFC.middleware_status_code`
[INFO] applied on AudioBookAudioPage(813370).AudioBookAudioFile(813370), sent

2024-04-08 17:25:09,919 <requestor-worker-0:1416405, MainThread:139624799057728> (requestor.py:_fetch_single_async:206 -> middleware.py:apply_async:112) from logger `RFC.middleware_status_code`
[INFO] applying on AudioBookAudioPage(813592), received

2024-04-08 17:25:09,920 <requestor-worker-0:1416405, MainThread:139624799057728> (middleware.py:_apply_async:180 -> middleware.py:_apply_sync:169) from logger `RFC.middleware_status_code`
[INFO] status code 200 in response of AudioBookAudioPage(813592)

2024-04-08 17:25:09,921 <requestor-worker-0:1416405, MainThread:139624799057728> (requestor.py:_fetch_single_async:206 -> middleware.py:apply_async:115) from logger `RFC.middleware_status_code`
[INFO] applied on AudioBookAudioPage(813592), sent

2024-04-08 17:25:10,153 <requestor-worker-0:1416405, MainThread:139624799057728> (requestor.py:_fetch_single_async:206 -> middleware.py:apply_async:112) from logger `RFC.middleware_status_code`
[INFO] applying on AudioBookAudioPage(813586).AudioBookAudioFile(813586), received

2024-04-08 17:25:10,155 <requestor-worker-0:1416405, MainThread:139624799057728> (middleware.py:_apply_async:180 -> middleware.py:_apply_sync:169) from logger `RFC.middleware_status_code`
[INFO] status code 200 in response of AudioBookAudioPage(813586).AudioBookAudioFile(813586)

2024-04-08 17:25:10,157 <requestor-worker-0:1416405, MainThread:139624799057728> (requestor.py:_fetch_single_async:206 -> middleware.py:apply_async:115) from logger `RFC.middleware_status_code`
[INFO] applied on AudioBookAudioPage(813586).AudioBookAudioFile(813586), sent

2024-04-08 17:25:16,981 <requestor-worker-0:1416405, MainThread:139624799057728> (requestor.py:_fetch_single_async:206 -> middleware.py:apply_async:112) from logger `RFC.middleware_status_code`
[INFO] applying on AudioBookAudioPage(813400).AudioBookAudioFile(813400), received

2024-04-08 17:25:16,983 <requestor-worker-0:1416405, MainThread:139624799057728> (middleware.py:_apply_async:180 -> middleware.py:_apply_sync:169) from logger `RFC.middleware_status_code`
[INFO] status code 200 in response of AudioBookAudioPage(813400).AudioBookAudioFile(813400)

2024-04-08 17:25:16,986 <requestor-worker-0:1416405, MainThread:139624799057728> (requestor.py:_fetch_single_async:206 -> middleware.py:apply_async:115) from logger `RFC.middleware_status_code`
[INFO] applied on AudioBookAudioPage(813400).AudioBookAudioFile(813400), sent

2024-04-08 17:25:17,119 <requestor-worker-0:1416405, MainThread:139624799057728> (requestor.py:_fetch_single_async:206 -> middleware.py:apply_async:112) from logger `RFC.middleware_status_code`
[INFO] applying on AudioBookAudioPage(813584).AudioBookAudioFile(813584), received

2024-04-08 17:25:17,121 <requestor-worker-0:1416405, MainThread:139624799057728> (middleware.py:_apply_async:180 -> middleware.py:_apply_sync:169) from logger `RFC.middleware_status_code`
[INFO] status code 200 in response of AudioBookAudioPage(813584).AudioBookAudioFile(813584)

2024-04-08 17:25:17,122 <requestor-worker-0:1416405, MainThread:139624799057728> (requestor.py:_fetch_single_async:206 -> middleware.py:apply_async:115) from logger `RFC.middleware_status_code`
[INFO] applied on AudioBookAudioPage(813584).AudioBookAudioFile(813584), sent

2024-04-08 17:25:37,724 <requestor-worker-0:1416405, MainThread:139624799057728> (requestor.py:_fetch_single_async:206 -> middleware.py:apply_async:112) from logger `RFC.middleware_status_code`
[INFO] applying on AudioBookAudioPage(813540).AudioBookAudioFile(813540), received

2024-04-08 17:25:37,727 <requestor-worker-0:1416405, MainThread:139624799057728> (middleware.py:_apply_async:180 -> middleware.py:_apply_sync:169) from logger `RFC.middleware_status_code`
[INFO] status code 200 in response of AudioBookAudioPage(813540).AudioBookAudioFile(813540)

2024-04-08 17:25:37,729 <requestor-worker-0:1416405, MainThread:139624799057728> (requestor.py:_fetch_single_async:206 -> middleware.py:apply_async:115) from logger `RFC.middleware_status_code`
[INFO] applied on AudioBookAudioPage(813540).AudioBookAudioFile(813540), sent

2024-04-08 17:25:42,769 <requestor-worker-0:1416405, MainThread:139624799057728> (requestor.py:_fetch_single_async:206 -> middleware.py:apply_async:112) from logger `RFC.middleware_status_code`
[INFO] applying on AudioBookAudioPage(813462).AudioBookAudioFile(813462), received

2024-04-08 17:25:42,771 <requestor-worker-0:1416405, MainThread:139624799057728> (middleware.py:_apply_async:180 -> middleware.py:_apply_sync:169) from logger `RFC.middleware_status_code`
[INFO] status code 200 in response of AudioBookAudioPage(813462).AudioBookAudioFile(813462)

2024-04-08 17:25:42,773 <requestor-worker-0:1416405, MainThread:139624799057728> (requestor.py:_fetch_single_async:206 -> middleware.py:apply_async:115) from logger `RFC.middleware_status_code`
[INFO] applied on AudioBookAudioPage(813462).AudioBookAudioFile(813462), sent

2024-04-08 17:25:53,347 <requestor-worker-0:1416405, MainThread:139624799057728> (requestor.py:_fetch_single_async:206 -> middleware.py:apply_async:112) from logger `RFC.middleware_status_code`
[INFO] applying on AudioBookAudioPage(813350).AudioBookAudioFile(813350), received

2024-04-08 17:25:53,349 <requestor-worker-0:1416405, MainThread:139624799057728> (middleware.py:_apply_async:180 -> middleware.py:_apply_sync:169) from logger `RFC.middleware_status_code`
[INFO] status code 200 in response of AudioBookAudioPage(813350).AudioBookAudioFile(813350)

2024-04-08 17:25:53,352 <requestor-worker-0:1416405, MainThread:139624799057728> (requestor.py:_fetch_single_async:206 -> middleware.py:apply_async:115) from logger `RFC.middleware_status_code`
[INFO] applied on AudioBookAudioPage(813350).AudioBookAudioFile(813350), sent

2024-04-08 17:25:54,647 <requestor-worker-0:1416405, MainThread:139624799057728> (requestor.py:_fetch_single_async:206 -> middleware.py:apply_async:112) from logger `RFC.middleware_status_code`
[INFO] applying on AudioBookAudioPage(813471).AudioBookAudioFile(813471), received

2024-04-08 17:25:54,650 <requestor-worker-0:1416405, MainThread:139624799057728> (middleware.py:_apply_async:180 -> middleware.py:_apply_sync:169) from logger `RFC.middleware_status_code`
[INFO] status code 200 in response of AudioBookAudioPage(813471).AudioBookAudioFile(813471)

2024-04-08 17:25:54,672 <requestor-worker-0:1416405, MainThread:139624799057728> (requestor.py:_fetch_single_async:206 -> middleware.py:apply_async:115) from logger `RFC.middleware_status_code`
[INFO] applied on AudioBookAudioPage(813471).AudioBookAudioFile(813471), sent

2024-04-08 17:25:59,715 <requestor-worker-0:1416405, MainThread:139624799057728> (requestor.py:_fetch_single_async:206 -> middleware.py:apply_async:112) from logger `RFC.middleware_status_code`
[INFO] applying on AudioBookAudioPage(813574).AudioBookAudioFile(813574), received

2024-04-08 17:25:59,718 <requestor-worker-0:1416405, MainThread:139624799057728> (middleware.py:_apply_async:180 -> middleware.py:_apply_sync:169) from logger `RFC.middleware_status_code`
[INFO] status code 200 in response of AudioBookAudioPage(813574).AudioBookAudioFile(813574)

2024-04-08 17:25:59,720 <requestor-worker-0:1416405, MainThread:139624799057728> (requestor.py:_fetch_single_async:206 -> middleware.py:apply_async:115) from logger `RFC.middleware_status_code`
[INFO] applied on AudioBookAudioPage(813574).AudioBookAudioFile(813574), sent

2024-04-08 17:26:00,854 <requestor-worker-0:1416405, MainThread:139624799057728> (requestor.py:_fetch_single_async:206 -> middleware.py:apply_async:112) from logger `RFC.middleware_status_code`
[INFO] applying on AudioBookAudioPage(813629).AudioBookAudioFile(813629), received

2024-04-08 17:26:00,856 <requestor-worker-0:1416405, MainThread:139624799057728> (middleware.py:_apply_async:180 -> middleware.py:_apply_sync:169) from logger `RFC.middleware_status_code`
[INFO] status code 200 in response of AudioBookAudioPage(813629).AudioBookAudioFile(813629)

2024-04-08 17:26:00,859 <requestor-worker-0:1416405, MainThread:139624799057728> (requestor.py:_fetch_single_async:206 -> middleware.py:apply_async:115) from logger `RFC.middleware_status_code`
[INFO] applied on AudioBookAudioPage(813629).AudioBookAudioFile(813629), sent

2024-04-08 17:26:05,145 <requestor-worker-0:1416405, MainThread:139624799057728> (requestor.py:_fetch_single_async:206 -> middleware.py:apply_async:112) from logger `RFC.middleware_status_code`
[INFO] applying on AudioBookAudioPage(813490).AudioBookAudioFile(813490), received

2024-04-08 17:26:05,147 <requestor-worker-0:1416405, MainThread:139624799057728> (middleware.py:_apply_async:180 -> middleware.py:_apply_sync:169) from logger `RFC.middleware_status_code`
[INFO] status code 200 in response of AudioBookAudioPage(813490).AudioBookAudioFile(813490)

2024-04-08 17:26:05,149 <requestor-worker-0:1416405, MainThread:139624799057728> (requestor.py:_fetch_single_async:206 -> middleware.py:apply_async:115) from logger `RFC.middleware_status_code`
[INFO] applied on AudioBookAudioPage(813490).AudioBookAudioFile(813490), sent

2024-04-08 17:26:06,237 <requestor-worker-0:1416405, MainThread:139624799057728> (requestor.py:_fetch_single_async:206 -> middleware.py:apply_async:112) from logger `RFC.middleware_status_code`
[INFO] applying on AudioBookAudioPage(813370).AudioBookAudioFile(813370), received

2024-04-08 17:26:06,238 <requestor-worker-0:1416405, MainThread:139624799057728> (middleware.py:_apply_async:180 -> middleware.py:_apply_sync:169) from logger `RFC.middleware_status_code`
[INFO] status code 200 in response of AudioBookAudioPage(813370).AudioBookAudioFile(813370)

2024-04-08 17:26:06,239 <requestor-worker-0:1416405, MainThread:139624799057728> (requestor.py:_fetch_single_async:206 -> middleware.py:apply_async:115) from logger `RFC.middleware_status_code`
[INFO] applied on AudioBookAudioPage(813370).AudioBookAudioFile(813370), sent

2024-04-08 17:26:09,062 <requestor-worker-0:1416405, MainThread:139624799057728> (requestor.py:_fetch_single_async:206 -> middleware.py:apply_async:112) from logger `RFC.middleware_status_code`
[INFO] applying on AudioBookAudioPage(813385).AudioBookAudioFile(813385), received

2024-04-08 17:26:09,063 <requestor-worker-0:1416405, MainThread:139624799057728> (middleware.py:_apply_async:180 -> middleware.py:_apply_sync:169) from logger `RFC.middleware_status_code`
[INFO] status code 200 in response of AudioBookAudioPage(813385).AudioBookAudioFile(813385)

2024-04-08 17:26:09,066 <requestor-worker-0:1416405, MainThread:139624799057728> (requestor.py:_fetch_single_async:206 -> middleware.py:apply_async:115) from logger `RFC.middleware_status_code`
[INFO] applied on AudioBookAudioPage(813385).AudioBookAudioFile(813385), sent

2024-04-08 17:26:16,762 <requestor-worker-0:1416405, MainThread:139624799057728> (requestor.py:_fetch_single_async:206 -> middleware.py:apply_async:112) from logger `RFC.middleware_status_code`
[INFO] applying on AudioBookAudioPage(813586).AudioBookAudioFile(813586), received

2024-04-08 17:26:16,764 <requestor-worker-0:1416405, MainThread:139624799057728> (middleware.py:_apply_async:180 -> middleware.py:_apply_sync:169) from logger `RFC.middleware_status_code`
[INFO] status code 200 in response of AudioBookAudioPage(813586).AudioBookAudioFile(813586)

2024-04-08 17:26:16,766 <requestor-worker-0:1416405, MainThread:139624799057728> (requestor.py:_fetch_single_async:206 -> middleware.py:apply_async:115) from logger `RFC.middleware_status_code`
[INFO] applied on AudioBookAudioPage(813586).AudioBookAudioFile(813586), sent

2024-04-08 17:26:18,264 <requestor-worker-0:1416405, MainThread:139624799057728> (requestor.py:_fetch_single_async:206 -> middleware.py:apply_async:112) from logger `RFC.middleware_status_code`
[INFO] applying on AudioBookAudioPage(813400).AudioBookAudioFile(813400), received

2024-04-08 17:26:18,265 <requestor-worker-0:1416405, MainThread:139624799057728> (middleware.py:_apply_async:180 -> middleware.py:_apply_sync:169) from logger `RFC.middleware_status_code`
[INFO] status code 200 in response of AudioBookAudioPage(813400).AudioBookAudioFile(813400)

2024-04-08 17:26:18,267 <requestor-worker-0:1416405, MainThread:139624799057728> (requestor.py:_fetch_single_async:206 -> middleware.py:apply_async:115) from logger `RFC.middleware_status_code`
[INFO] applied on AudioBookAudioPage(813400).AudioBookAudioFile(813400), sent

2024-04-08 17:26:21,909 <requestor-worker-0:1416405, MainThread:139624799057728> (requestor.py:_fetch_single_async:206 -> middleware.py:apply_async:112) from logger `RFC.middleware_status_code`
[INFO] applying on AudioBookAudioPage(813584).AudioBookAudioFile(813584), received

2024-04-08 17:26:21,912 <requestor-worker-0:1416405, MainThread:139624799057728> (middleware.py:_apply_async:180 -> middleware.py:_apply_sync:169) from logger `RFC.middleware_status_code`
[INFO] status code 200 in response of AudioBookAudioPage(813584).AudioBookAudioFile(813584)

2024-04-08 17:26:21,915 <requestor-worker-0:1416405, MainThread:139624799057728> (requestor.py:_fetch_single_async:206 -> middleware.py:apply_async:115) from logger `RFC.middleware_status_code`
[INFO] applied on AudioBookAudioPage(813584).AudioBookAudioFile(813584), sent

2024-04-08 17:26:40,293 <requestor-worker-0:1416405, MainThread:139624799057728> (requestor.py:_fetch_single_async:206 -> middleware.py:apply_async:112) from logger `RFC.middleware_status_code`
[INFO] applying on AudioBookAudioPage(813540).AudioBookAudioFile(813540), received

2024-04-08 17:26:40,296 <requestor-worker-0:1416405, MainThread:139624799057728> (middleware.py:_apply_async:180 -> middleware.py:_apply_sync:169) from logger `RFC.middleware_status_code`
[INFO] status code 200 in response of AudioBookAudioPage(813540).AudioBookAudioFile(813540)

2024-04-08 17:26:40,299 <requestor-worker-0:1416405, MainThread:139624799057728> (requestor.py:_fetch_single_async:206 -> middleware.py:apply_async:115) from logger `RFC.middleware_status_code`
[INFO] applied on AudioBookAudioPage(813540).AudioBookAudioFile(813540), sent

2024-04-08 17:26:44,436 <requestor-worker-0:1416405, MainThread:139624799057728> (requestor.py:_fetch_single_async:206 -> middleware.py:apply_async:112) from logger `RFC.middleware_status_code`
[INFO] applying on AudioBookAudioPage(813462).AudioBookAudioFile(813462), received

2024-04-08 17:26:44,438 <requestor-worker-0:1416405, MainThread:139624799057728> (middleware.py:_apply_async:180 -> middleware.py:_apply_sync:169) from logger `RFC.middleware_status_code`
[INFO] status code 200 in response of AudioBookAudioPage(813462).AudioBookAudioFile(813462)

2024-04-08 17:26:44,477 <requestor-worker-0:1416405, MainThread:139624799057728> (requestor.py:_fetch_single_async:206 -> middleware.py:apply_async:115) from logger `RFC.middleware_status_code`
[INFO] applied on AudioBookAudioPage(813462).AudioBookAudioFile(813462), sent

2024-04-08 17:27:08,237 <requestor-worker-0:1416405, MainThread:139624799057728> (requestor.py:_fetch_single_async:206 -> middleware.py:apply_async:112) from logger `RFC.middleware_status_code`
[INFO] applying on AudioBookAudioPage(813892).AudioBookAudioFile(813892), received

2024-04-08 17:27:08,239 <requestor-worker-0:1416405, MainThread:139624799057728> (middleware.py:_apply_async:180 -> middleware.py:_apply_sync:169) from logger `RFC.middleware_status_code`
[INFO] status code 200 in response of AudioBookAudioPage(813892).AudioBookAudioFile(813892)

2024-04-08 17:27:08,242 <requestor-worker-0:1416405, MainThread:139624799057728> (requestor.py:_fetch_single_async:206 -> middleware.py:apply_async:115) from logger `RFC.middleware_status_code`
[INFO] applied on AudioBookAudioPage(813892).AudioBookAudioFile(813892), sent

2024-04-08 17:27:08,333 <requestor-worker-0:1416405, MainThread:139624799057728> (requestor.py:_fetch_single_async:206 -> middleware.py:apply_async:112) from logger `RFC.middleware_status_code`
[INFO] applying on AudioBookAudioPage(813574).AudioBookAudioFile(813574), received

2024-04-08 17:27:08,335 <requestor-worker-0:1416405, MainThread:139624799057728> (middleware.py:_apply_async:180 -> middleware.py:_apply_sync:169) from logger `RFC.middleware_status_code`
[INFO] status code 200 in response of AudioBookAudioPage(813574).AudioBookAudioFile(813574)

2024-04-08 17:27:08,338 <requestor-worker-0:1416405, MainThread:139624799057728> (requestor.py:_fetch_single_async:206 -> middleware.py:apply_async:115) from logger `RFC.middleware_status_code`
[INFO] applied on AudioBookAudioPage(813574).AudioBookAudioFile(813574), sent

2024-04-08 17:27:08,708 <requestor-worker-0:1416405, MainThread:139624799057728> (requestor.py:_fetch_single_async:206 -> middleware.py:apply_async:112) from logger `RFC.middleware_status_code`
[INFO] applying on AudioBookAudioPage(813490).AudioBookAudioFile(813490), received

2024-04-08 17:27:08,711 <requestor-worker-0:1416405, MainThread:139624799057728> (middleware.py:_apply_async:180 -> middleware.py:_apply_sync:169) from logger `RFC.middleware_status_code`
[INFO] status code 200 in response of AudioBookAudioPage(813490).AudioBookAudioFile(813490)

2024-04-08 17:27:08,714 <requestor-worker-0:1416405, MainThread:139624799057728> (requestor.py:_fetch_single_async:206 -> middleware.py:apply_async:115) from logger `RFC.middleware_status_code`
[INFO] applied on AudioBookAudioPage(813490).AudioBookAudioFile(813490), sent

2024-04-08 17:27:09,565 <requestor-worker-0:1416405, MainThread:139624799057728> (requestor.py:_fetch_single_async:206 -> middleware.py:apply_async:112) from logger `RFC.middleware_status_code`
[INFO] applying on AudioBookAudioPage(813907).AudioBookAudioFile(813907), received

2024-04-08 17:27:09,566 <requestor-worker-0:1416405, MainThread:139624799057728> (middleware.py:_apply_async:180 -> middleware.py:_apply_sync:169) from logger `RFC.middleware_status_code`
[INFO] status code 200 in response of AudioBookAudioPage(813907).AudioBookAudioFile(813907)

2024-04-08 17:27:09,567 <requestor-worker-0:1416405, MainThread:139624799057728> (requestor.py:_fetch_single_async:206 -> middleware.py:apply_async:115) from logger `RFC.middleware_status_code`
[INFO] applied on AudioBookAudioPage(813907).AudioBookAudioFile(813907), sent

2024-04-08 17:27:10,427 <requestor-worker-0:1416405, MainThread:139624799057728> (requestor.py:_fetch_single_async:206 -> middleware.py:apply_async:112) from logger `RFC.middleware_status_code`
[INFO] applying on AudioBookAudioPage(813471).AudioBookAudioFile(813471), received

2024-04-08 17:27:10,429 <requestor-worker-0:1416405, MainThread:139624799057728> (middleware.py:_apply_async:180 -> middleware.py:_apply_sync:169) from logger `RFC.middleware_status_code`
[INFO] status code 200 in response of AudioBookAudioPage(813471).AudioBookAudioFile(813471)

2024-04-08 17:27:10,431 <requestor-worker-0:1416405, MainThread:139624799057728> (requestor.py:_fetch_single_async:206 -> middleware.py:apply_async:115) from logger `RFC.middleware_status_code`
[INFO] applied on AudioBookAudioPage(813471).AudioBookAudioFile(813471), sent

2024-04-08 17:27:12,723 <requestor-worker-0:1416405, MainThread:139624799057728> (requestor.py:_fetch_single_async:206 -> middleware.py:apply_async:112) from logger `RFC.middleware_status_code`
[INFO] applying on AudioBookAudioPage(813629).AudioBookAudioFile(813629), received

2024-04-08 17:27:12,724 <requestor-worker-0:1416405, MainThread:139624799057728> (middleware.py:_apply_async:180 -> middleware.py:_apply_sync:169) from logger `RFC.middleware_status_code`
[INFO] status code 200 in response of AudioBookAudioPage(813629).AudioBookAudioFile(813629)

2024-04-08 17:27:12,726 <requestor-worker-0:1416405, MainThread:139624799057728> (requestor.py:_fetch_single_async:206 -> middleware.py:apply_async:115) from logger `RFC.middleware_status_code`
[INFO] applied on AudioBookAudioPage(813629).AudioBookAudioFile(813629), sent

2024-04-08 17:27:12,871 <requestor-worker-0:1416405, MainThread:139624799057728> (requestor.py:_fetch_single_async:206 -> middleware.py:apply_async:112) from logger `RFC.middleware_status_code`
[INFO] applying on AudioBookAudioPage(813586).AudioBookAudioFile(813586), received

2024-04-08 17:27:12,872 <requestor-worker-0:1416405, MainThread:139624799057728> (middleware.py:_apply_async:180 -> middleware.py:_apply_sync:169) from logger `RFC.middleware_status_code`
[INFO] status code 200 in response of AudioBookAudioPage(813586).AudioBookAudioFile(813586)

2024-04-08 17:27:12,873 <requestor-worker-0:1416405, MainThread:139624799057728> (requestor.py:_fetch_single_async:206 -> middleware.py:apply_async:115) from logger `RFC.middleware_status_code`
[INFO] applied on AudioBookAudioPage(813586).AudioBookAudioFile(813586), sent

2024-04-08 17:27:12,883 <requestor-worker-0:1416405, MainThread:139624799057728> (requestor.py:_fetch_single_async:206 -> middleware.py:apply_async:112) from logger `RFC.middleware_status_code`
[INFO] applying on AudioBookAudioPage(813920).AudioBookAudioFile(813920), received

2024-04-08 17:27:12,884 <requestor-worker-0:1416405, MainThread:139624799057728> (middleware.py:_apply_async:180 -> middleware.py:_apply_sync:169) from logger `RFC.middleware_status_code`
[INFO] status code 200 in response of AudioBookAudioPage(813920).AudioBookAudioFile(813920)

2024-04-08 17:27:12,885 <requestor-worker-0:1416405, MainThread:139624799057728> (requestor.py:_fetch_single_async:206 -> middleware.py:apply_async:115) from logger `RFC.middleware_status_code`
[INFO] applied on AudioBookAudioPage(813920).AudioBookAudioFile(813920), sent

2024-04-08 17:27:13,020 <requestor-worker-0:1416405, MainThread:139624799057728> (requestor.py:_fetch_single_async:206 -> middleware.py:apply_async:112) from logger `RFC.middleware_status_code`
[INFO] applying on AudioBookAudioPage(813891).AudioBookAudioFile(813891), received

2024-04-08 17:27:13,021 <requestor-worker-0:1416405, MainThread:139624799057728> (middleware.py:_apply_async:180 -> middleware.py:_apply_sync:169) from logger `RFC.middleware_status_code`
[INFO] status code 200 in response of AudioBookAudioPage(813891).AudioBookAudioFile(813891)

2024-04-08 17:27:13,022 <requestor-worker-0:1416405, MainThread:139624799057728> (requestor.py:_fetch_single_async:206 -> middleware.py:apply_async:115) from logger `RFC.middleware_status_code`
[INFO] applied on AudioBookAudioPage(813891).AudioBookAudioFile(813891), sent

2024-04-08 17:27:14,420 <requestor-worker-0:1416405, MainThread:139624799057728> (requestor.py:_fetch_single_async:206 -> middleware.py:apply_async:112) from logger `RFC.middleware_status_code`
[INFO] applying on AudioBookAudioPage(813921).AudioBookAudioFile(813921), received

2024-04-08 17:27:14,424 <requestor-worker-0:1416405, MainThread:139624799057728> (middleware.py:_apply_async:180 -> middleware.py:_apply_sync:169) from logger `RFC.middleware_status_code`
[INFO] status code 200 in response of AudioBookAudioPage(813921).AudioBookAudioFile(813921)

2024-04-08 17:27:14,428 <requestor-worker-0:1416405, MainThread:139624799057728> (requestor.py:_fetch_single_async:206 -> middleware.py:apply_async:115) from logger `RFC.middleware_status_code`
[INFO] applied on AudioBookAudioPage(813921).AudioBookAudioFile(813921), sent

2024-04-08 17:27:19,994 <requestor-worker-0:1416405, MainThread:139624799057728> (requestor.py:_fetch_single_async:206 -> middleware.py:apply_async:112) from logger `RFC.middleware_status_code`
[INFO] applying on AudioBookAudioPage(813584).AudioBookAudioFile(813584), received

2024-04-08 17:27:19,997 <requestor-worker-0:1416405, MainThread:139624799057728> (middleware.py:_apply_async:180 -> middleware.py:_apply_sync:169) from logger `RFC.middleware_status_code`
[INFO] status code 200 in response of AudioBookAudioPage(813584).AudioBookAudioFile(813584)

2024-04-08 17:27:20,000 <requestor-worker-0:1416405, MainThread:139624799057728> (requestor.py:_fetch_single_async:206 -> middleware.py:apply_async:115) from logger `RFC.middleware_status_code`
[INFO] applied on AudioBookAudioPage(813584).AudioBookAudioFile(813584), sent

2024-04-08 17:27:48,596 <requestor-worker-0:1416405, MainThread:139624799057728> (requestor.py:_fetch_single_async:206 -> middleware.py:apply_async:112) from logger `RFC.middleware_status_code`
[INFO] applying on AudioBookAudioPage(813987).AudioBookAudioFile(813987), received

2024-04-08 17:27:48,599 <requestor-worker-0:1416405, MainThread:139624799057728> (middleware.py:_apply_async:180 -> middleware.py:_apply_sync:169) from logger `RFC.middleware_status_code`
[INFO] status code 200 in response of AudioBookAudioPage(813987).AudioBookAudioFile(813987)

2024-04-08 17:27:48,601 <requestor-worker-0:1416405, MainThread:139624799057728> (requestor.py:_fetch_single_async:206 -> middleware.py:apply_async:115) from logger `RFC.middleware_status_code`
[INFO] applied on AudioBookAudioPage(813987).AudioBookAudioFile(813987), sent

2024-04-08 17:28:31,460 <requestor-worker-0:1416405, MainThread:139624799057728> (requestor.py:_fetch_single_async:206 -> middleware.py:apply_async:112) from logger `RFC.middleware_status_code`
[INFO] applying on AudioBookAudioPage(813892).AudioBookAudioFile(813892), received

2024-04-08 17:28:31,463 <requestor-worker-0:1416405, MainThread:139624799057728> (middleware.py:_apply_async:180 -> middleware.py:_apply_sync:169) from logger `RFC.middleware_status_code`
[INFO] status code 200 in response of AudioBookAudioPage(813892).AudioBookAudioFile(813892)

2024-04-08 17:28:31,466 <requestor-worker-0:1416405, MainThread:139624799057728> (requestor.py:_fetch_single_async:206 -> middleware.py:apply_async:115) from logger `RFC.middleware_status_code`
[INFO] applied on AudioBookAudioPage(813892).AudioBookAudioFile(813892), sent

2024-04-08 17:28:31,701 <requestor-worker-0:1416405, MainThread:139624799057728> (requestor.py:_fetch_single_async:206 -> middleware.py:apply_async:112) from logger `RFC.middleware_status_code`
[INFO] applying on AudioBookAudioPage(814087).AudioBookAudioFile(814087), received

2024-04-08 17:28:31,702 <requestor-worker-0:1416405, MainThread:139624799057728> (middleware.py:_apply_async:180 -> middleware.py:_apply_sync:169) from logger `RFC.middleware_status_code`
[INFO] status code 200 in response of AudioBookAudioPage(814087).AudioBookAudioFile(814087)

2024-04-08 17:28:31,703 <requestor-worker-0:1416405, MainThread:139624799057728> (requestor.py:_fetch_single_async:206 -> middleware.py:apply_async:115) from logger `RFC.middleware_status_code`
[INFO] applied on AudioBookAudioPage(814087).AudioBookAudioFile(814087), sent

2024-04-08 17:28:32,609 <requestor-worker-0:1416405, MainThread:139624799057728> (requestor.py:_fetch_single_async:206 -> middleware.py:apply_async:112) from logger `RFC.middleware_status_code`
[INFO] applying on AudioBookAudioPage(814117).AudioBookAudioFile(814117), received

2024-04-08 17:28:32,645 <requestor-worker-0:1416405, MainThread:139624799057728> (middleware.py:_apply_async:180 -> middleware.py:_apply_sync:169) from logger `RFC.middleware_status_code`
[INFO] status code 200 in response of AudioBookAudioPage(814117).AudioBookAudioFile(814117)

2024-04-08 17:28:32,647 <requestor-worker-0:1416405, MainThread:139624799057728> (requestor.py:_fetch_single_async:206 -> middleware.py:apply_async:115) from logger `RFC.middleware_status_code`
[INFO] applied on AudioBookAudioPage(814117).AudioBookAudioFile(814117), sent

2024-04-08 17:28:38,227 <requestor-worker-0:1416405, MainThread:139624799057728> (requestor.py:_fetch_single_async:206 -> middleware.py:apply_async:112) from logger `RFC.middleware_status_code`
[INFO] applying on AudioBookAudioPage(813586).AudioBookAudioFile(813586), received

2024-04-08 17:28:38,228 <requestor-worker-0:1416405, MainThread:139624799057728> (middleware.py:_apply_async:180 -> middleware.py:_apply_sync:169) from logger `RFC.middleware_status_code`
[INFO] status code 200 in response of AudioBookAudioPage(813586).AudioBookAudioFile(813586)

2024-04-08 17:28:38,229 <requestor-worker-0:1416405, MainThread:139624799057728> (requestor.py:_fetch_single_async:206 -> middleware.py:apply_async:115) from logger `RFC.middleware_status_code`
[INFO] applied on AudioBookAudioPage(813586).AudioBookAudioFile(813586), sent

2024-04-08 17:28:38,915 <requestor-worker-0:1416405, MainThread:139624799057728> (requestor.py:_fetch_single_async:206 -> middleware.py:apply_async:112) from logger `RFC.middleware_status_code`
[INFO] applying on AudioBookAudioPage(813891).AudioBookAudioFile(813891), received

2024-04-08 17:28:38,918 <requestor-worker-0:1416405, MainThread:139624799057728> (middleware.py:_apply_async:180 -> middleware.py:_apply_sync:169) from logger `RFC.middleware_status_code`
[INFO] status code 200 in response of AudioBookAudioPage(813891).AudioBookAudioFile(813891)

2024-04-08 17:28:38,920 <requestor-worker-0:1416405, MainThread:139624799057728> (requestor.py:_fetch_single_async:206 -> middleware.py:apply_async:115) from logger `RFC.middleware_status_code`
[INFO] applied on AudioBookAudioPage(813891).AudioBookAudioFile(813891), sent

2024-04-08 17:28:38,933 <requestor-worker-0:1416405, MainThread:139624799057728> (requestor.py:_fetch_single_async:206 -> middleware.py:apply_async:112) from logger `RFC.middleware_status_code`
[INFO] applying on AudioBookAudioPage(814154).AudioBookAudioFile(814154), received

2024-04-08 17:28:38,935 <requestor-worker-0:1416405, MainThread:139624799057728> (middleware.py:_apply_async:180 -> middleware.py:_apply_sync:169) from logger `RFC.middleware_status_code`
[INFO] status code 200 in response of AudioBookAudioPage(814154).AudioBookAudioFile(814154)

2024-04-08 17:28:38,936 <requestor-worker-0:1416405, MainThread:139624799057728> (requestor.py:_fetch_single_async:206 -> middleware.py:apply_async:115) from logger `RFC.middleware_status_code`
[INFO] applied on AudioBookAudioPage(814154).AudioBookAudioFile(814154), sent

2024-04-08 17:28:44,207 <requestor-worker-0:1416405, MainThread:139624799057728> (requestor.py:_fetch_single_async:206 -> middleware.py:apply_async:112) from logger `RFC.middleware_status_code`
[INFO] applying on AudioBookAudioPage(813584).AudioBookAudioFile(813584), received

2024-04-08 17:28:44,209 <requestor-worker-0:1416405, MainThread:139624799057728> (middleware.py:_apply_async:180 -> middleware.py:_apply_sync:169) from logger `RFC.middleware_status_code`
[INFO] status code 200 in response of AudioBookAudioPage(813584).AudioBookAudioFile(813584)

2024-04-08 17:28:44,212 <requestor-worker-0:1416405, MainThread:139624799057728> (requestor.py:_fetch_single_async:206 -> middleware.py:apply_async:115) from logger `RFC.middleware_status_code`
[INFO] applied on AudioBookAudioPage(813584).AudioBookAudioFile(813584), sent

2024-04-08 17:28:44,597 <requestor-worker-0:1416405, MainThread:139624799057728> (requestor.py:_fetch_single_async:206 -> middleware.py:apply_async:112) from logger `RFC.middleware_status_code`
[INFO] applying on AudioBookAudioPage(813629).AudioBookAudioFile(813629), received

2024-04-08 17:28:44,634 <requestor-worker-0:1416405, MainThread:139624799057728> (middleware.py:_apply_async:180 -> middleware.py:_apply_sync:169) from logger `RFC.middleware_status_code`
[INFO] status code 200 in response of AudioBookAudioPage(813629).AudioBookAudioFile(813629)

2024-04-08 17:28:44,637 <requestor-worker-0:1416405, MainThread:139624799057728> (requestor.py:_fetch_single_async:206 -> middleware.py:apply_async:115) from logger `RFC.middleware_status_code`
[INFO] applied on AudioBookAudioPage(813629).AudioBookAudioFile(813629), sent

2024-04-08 17:28:44,688 <requestor-worker-0:1416405, MainThread:139624799057728> (requestor.py:_fetch_single_async:206 -> middleware.py:apply_async:112) from logger `RFC.middleware_status_code`
[INFO] applying on AudioBookAudioPage(813921).AudioBookAudioFile(813921), received

2024-04-08 17:28:44,690 <requestor-worker-0:1416405, MainThread:139624799057728> (middleware.py:_apply_async:180 -> middleware.py:_apply_sync:169) from logger `RFC.middleware_status_code`
[INFO] status code 200 in response of AudioBookAudioPage(813921).AudioBookAudioFile(813921)

2024-04-08 17:28:44,693 <requestor-worker-0:1416405, MainThread:139624799057728> (requestor.py:_fetch_single_async:206 -> middleware.py:apply_async:115) from logger `RFC.middleware_status_code`
[INFO] applied on AudioBookAudioPage(813921).AudioBookAudioFile(813921), sent

2024-04-08 17:28:44,844 <requestor-worker-0:1416405, MainThread:139624799057728> (requestor.py:_fetch_single_async:206 -> middleware.py:apply_async:112) from logger `RFC.middleware_status_code`
[INFO] applying on AudioBookAudioPage(813920).AudioBookAudioFile(813920), received

2024-04-08 17:28:44,847 <requestor-worker-0:1416405, MainThread:139624799057728> (middleware.py:_apply_async:180 -> middleware.py:_apply_sync:169) from logger `RFC.middleware_status_code`
[INFO] status code 200 in response of AudioBookAudioPage(813920).AudioBookAudioFile(813920)

2024-04-08 17:28:44,850 <requestor-worker-0:1416405, MainThread:139624799057728> (requestor.py:_fetch_single_async:206 -> middleware.py:apply_async:115) from logger `RFC.middleware_status_code`
[INFO] applied on AudioBookAudioPage(813920).AudioBookAudioFile(813920), sent

2024-04-08 17:28:44,977 <requestor-worker-0:1416405, MainThread:139624799057728> (requestor.py:_fetch_single_async:206 -> middleware.py:apply_async:112) from logger `RFC.middleware_status_code`
[INFO] applying on AudioBookAudioPage(813574).AudioBookAudioFile(813574), received

2024-04-08 17:28:44,978 <requestor-worker-0:1416405, MainThread:139624799057728> (middleware.py:_apply_async:180 -> middleware.py:_apply_sync:169) from logger `RFC.middleware_status_code`
[INFO] status code 200 in response of AudioBookAudioPage(813574).AudioBookAudioFile(813574)

2024-04-08 17:28:44,979 <requestor-worker-0:1416405, MainThread:139624799057728> (requestor.py:_fetch_single_async:206 -> middleware.py:apply_async:115) from logger `RFC.middleware_status_code`
[INFO] applied on AudioBookAudioPage(813574).AudioBookAudioFile(813574), sent

2024-04-08 17:28:45,241 <requestor-worker-0:1416405, MainThread:139624799057728> (requestor.py:_fetch_single_async:206 -> middleware.py:apply_async:112) from logger `RFC.middleware_status_code`
[INFO] applying on AudioBookAudioPage(813907).AudioBookAudioFile(813907), received

2024-04-08 17:28:45,244 <requestor-worker-0:1416405, MainThread:139624799057728> (middleware.py:_apply_async:180 -> middleware.py:_apply_sync:169) from logger `RFC.middleware_status_code`
[INFO] status code 200 in response of AudioBookAudioPage(813907).AudioBookAudioFile(813907)

2024-04-08 17:28:45,247 <requestor-worker-0:1416405, MainThread:139624799057728> (requestor.py:_fetch_single_async:206 -> middleware.py:apply_async:115) from logger `RFC.middleware_status_code`
[INFO] applied on AudioBookAudioPage(813907).AudioBookAudioFile(813907), sent

2024-04-08 17:29:33,570 <requestor-worker-0:1416405, MainThread:139624799057728> (requestor.py:_fetch_single_async:206 -> middleware.py:apply_async:112) from logger `RFC.middleware_status_code`
[INFO] applying on AudioBookAudioPage(813892).AudioBookAudioFile(813892), received

2024-04-08 17:29:33,710 <requestor-worker-0:1416405, MainThread:139624799057728> (middleware.py:_apply_async:180 -> middleware.py:_apply_sync:169) from logger `RFC.middleware_status_code`
[INFO] status code 200 in response of AudioBookAudioPage(813892).AudioBookAudioFile(813892)

2024-04-08 17:29:33,713 <requestor-worker-0:1416405, MainThread:139624799057728> (requestor.py:_fetch_single_async:206 -> middleware.py:apply_async:115) from logger `RFC.middleware_status_code`
[INFO] applied on AudioBookAudioPage(813892).AudioBookAudioFile(813892), sent

2024-04-08 17:29:33,729 <requestor-worker-0:1416405, MainThread:139624799057728> (requestor.py:_fetch_single_async:206 -> middleware.py:apply_async:112) from logger `RFC.middleware_status_code`
[INFO] applying on AudioBookAudioPage(813629).AudioBookAudioFile(813629), received

2024-04-08 17:29:33,731 <requestor-worker-0:1416405, MainThread:139624799057728> (middleware.py:_apply_async:180 -> middleware.py:_apply_sync:169) from logger `RFC.middleware_status_code`
[INFO] status code 200 in response of AudioBookAudioPage(813629).AudioBookAudioFile(813629)

2024-04-08 17:29:33,732 <requestor-worker-0:1416405, MainThread:139624799057728> (requestor.py:_fetch_single_async:206 -> middleware.py:apply_async:115) from logger `RFC.middleware_status_code`
[INFO] applied on AudioBookAudioPage(813629).AudioBookAudioFile(813629), sent

2024-04-08 17:29:33,970 <requestor-worker-0:1416405, MainThread:139624799057728> (requestor.py:_fetch_single_async:206 -> middleware.py:apply_async:112) from logger `RFC.middleware_status_code`
[INFO] applying on AudioBookAudioPage(813921).AudioBookAudioFile(813921), received

2024-04-08 17:29:33,973 <requestor-worker-0:1416405, MainThread:139624799057728> (middleware.py:_apply_async:180 -> middleware.py:_apply_sync:169) from logger `RFC.middleware_status_code`
[INFO] status code 200 in response of AudioBookAudioPage(813921).AudioBookAudioFile(813921)

2024-04-08 17:29:33,975 <requestor-worker-0:1416405, MainThread:139624799057728> (requestor.py:_fetch_single_async:206 -> middleware.py:apply_async:115) from logger `RFC.middleware_status_code`
[INFO] applied on AudioBookAudioPage(813921).AudioBookAudioFile(813921), sent

2024-04-08 17:29:34,612 <requestor-worker-0:1416405, MainThread:139624799057728> (requestor.py:_fetch_single_async:206 -> middleware.py:apply_async:112) from logger `RFC.middleware_status_code`
[INFO] applying on AudioBookAudioPage(814296).AudioBookAudioFile(814296), received

2024-04-08 17:29:34,615 <requestor-worker-0:1416405, MainThread:139624799057728> (middleware.py:_apply_async:180 -> middleware.py:_apply_sync:169) from logger `RFC.middleware_status_code`
[INFO] status code 200 in response of AudioBookAudioPage(814296).AudioBookAudioFile(814296)

2024-04-08 17:29:34,618 <requestor-worker-0:1416405, MainThread:139624799057728> (requestor.py:_fetch_single_async:206 -> middleware.py:apply_async:115) from logger `RFC.middleware_status_code`
[INFO] applied on AudioBookAudioPage(814296).AudioBookAudioFile(814296), sent

2024-04-08 17:29:34,921 <requestor-worker-0:1416405, MainThread:139624799057728> (requestor.py:_fetch_single_async:206 -> middleware.py:apply_async:112) from logger `RFC.middleware_status_code`
[INFO] applying on AudioBookAudioPage(813907).AudioBookAudioFile(813907), received

2024-04-08 17:29:34,924 <requestor-worker-0:1416405, MainThread:139624799057728> (middleware.py:_apply_async:180 -> middleware.py:_apply_sync:169) from logger `RFC.middleware_status_code`
[INFO] status code 200 in response of AudioBookAudioPage(813907).AudioBookAudioFile(813907)

2024-04-08 17:29:34,927 <requestor-worker-0:1416405, MainThread:139624799057728> (requestor.py:_fetch_single_async:206 -> middleware.py:apply_async:115) from logger `RFC.middleware_status_code`
[INFO] applied on AudioBookAudioPage(813907).AudioBookAudioFile(813907), sent

2024-04-08 17:29:34,992 <requestor-worker-0:1416405, MainThread:139624799057728> (requestor.py:_fetch_single_async:206 -> middleware.py:apply_async:112) from logger `RFC.middleware_status_code`
[INFO] applying on AudioBookAudioPage(814117).AudioBookAudioFile(814117), received

2024-04-08 17:29:34,993 <requestor-worker-0:1416405, MainThread:139624799057728> (middleware.py:_apply_async:180 -> middleware.py:_apply_sync:169) from logger `RFC.middleware_status_code`
[INFO] status code 200 in response of AudioBookAudioPage(814117).AudioBookAudioFile(814117)

2024-04-08 17:29:34,994 <requestor-worker-0:1416405, MainThread:139624799057728> (requestor.py:_fetch_single_async:206 -> middleware.py:apply_async:115) from logger `RFC.middleware_status_code`
[INFO] applied on AudioBookAudioPage(814117).AudioBookAudioFile(814117), sent

2024-04-08 17:29:35,743 <requestor-worker-0:1416405, MainThread:139624799057728> (requestor.py:_fetch_single_async:206 -> middleware.py:apply_async:112) from logger `RFC.middleware_status_code`
[INFO] applying on AudioBookAudioPage(814087).AudioBookAudioFile(814087), received

2024-04-08 17:29:35,745 <requestor-worker-0:1416405, MainThread:139624799057728> (middleware.py:_apply_async:180 -> middleware.py:_apply_sync:169) from logger `RFC.middleware_status_code`
[INFO] status code 200 in response of AudioBookAudioPage(814087).AudioBookAudioFile(814087)

2024-04-08 17:29:35,748 <requestor-worker-0:1416405, MainThread:139624799057728> (requestor.py:_fetch_single_async:206 -> middleware.py:apply_async:115) from logger `RFC.middleware_status_code`
[INFO] applied on AudioBookAudioPage(814087).AudioBookAudioFile(814087), sent

2024-04-08 17:29:35,758 <requestor-worker-0:1416405, MainThread:139624799057728> (requestor.py:_fetch_single_async:206 -> middleware.py:apply_async:112) from logger `RFC.middleware_status_code`
[INFO] applying on AudioBookAudioPage(814154).AudioBookAudioFile(814154), received

2024-04-08 17:29:35,760 <requestor-worker-0:1416405, MainThread:139624799057728> (middleware.py:_apply_async:180 -> middleware.py:_apply_sync:169) from logger `RFC.middleware_status_code`
[INFO] status code 200 in response of AudioBookAudioPage(814154).AudioBookAudioFile(814154)

2024-04-08 17:29:35,762 <requestor-worker-0:1416405, MainThread:139624799057728> (requestor.py:_fetch_single_async:206 -> middleware.py:apply_async:115) from logger `RFC.middleware_status_code`
[INFO] applied on AudioBookAudioPage(814154).AudioBookAudioFile(814154), sent

2024-04-08 17:29:36,349 <requestor-worker-0:1416405, MainThread:139624799057728> (requestor.py:_fetch_single_async:206 -> middleware.py:apply_async:112) from logger `RFC.middleware_status_code`
[INFO] applying on AudioBookAudioPage(814299).AudioBookAudioFile(814299), received

2024-04-08 17:29:36,351 <requestor-worker-0:1416405, MainThread:139624799057728> (middleware.py:_apply_async:180 -> middleware.py:_apply_sync:169) from logger `RFC.middleware_status_code`
[INFO] status code 200 in response of AudioBookAudioPage(814299).AudioBookAudioFile(814299)

2024-04-08 17:29:36,354 <requestor-worker-0:1416405, MainThread:139624799057728> (requestor.py:_fetch_single_async:206 -> middleware.py:apply_async:115) from logger `RFC.middleware_status_code`
[INFO] applied on AudioBookAudioPage(814299).AudioBookAudioFile(814299), sent

2024-04-08 17:29:36,551 <requestor-worker-0:1416405, MainThread:139624799057728> (requestor.py:_fetch_single_async:206 -> middleware.py:apply_async:112) from logger `RFC.middleware_status_code`
[INFO] applying on AudioBookAudioPage(813891).AudioBookAudioFile(813891), received

2024-04-08 17:29:36,553 <requestor-worker-0:1416405, MainThread:139624799057728> (middleware.py:_apply_async:180 -> middleware.py:_apply_sync:169) from logger `RFC.middleware_status_code`
[INFO] status code 200 in response of AudioBookAudioPage(813891).AudioBookAudioFile(813891)

2024-04-08 17:29:36,554 <requestor-worker-0:1416405, MainThread:139624799057728> (requestor.py:_fetch_single_async:206 -> middleware.py:apply_async:115) from logger `RFC.middleware_status_code`
[INFO] applied on AudioBookAudioPage(813891).AudioBookAudioFile(813891), sent

2024-04-08 17:29:38,001 <requestor-worker-0:1416405, MainThread:139624799057728> (requestor.py:_fetch_single_async:206 -> middleware.py:apply_async:112) from logger `RFC.middleware_status_code`
[INFO] applying on AudioBookAudioPage(813920).AudioBookAudioFile(813920), received

2024-04-08 17:29:38,004 <requestor-worker-0:1416405, MainThread:139624799057728> (middleware.py:_apply_async:180 -> middleware.py:_apply_sync:169) from logger `RFC.middleware_status_code`
[INFO] status code 200 in response of AudioBookAudioPage(813920).AudioBookAudioFile(813920)

2024-04-08 17:29:38,006 <requestor-worker-0:1416405, MainThread:139624799057728> (requestor.py:_fetch_single_async:206 -> middleware.py:apply_async:115) from logger `RFC.middleware_status_code`
[INFO] applied on AudioBookAudioPage(813920).AudioBookAudioFile(813920), sent

2024-04-08 17:29:44,025 <requestor-worker-0:1416405, MainThread:139624799057728> (requestor.py:_fetch_single_async:206 -> middleware.py:apply_async:112) from logger `RFC.middleware_status_code`
[INFO] applying on AudioBookAudioPage(814298).AudioBookAudioFile(814298), received

2024-04-08 17:29:44,027 <requestor-worker-0:1416405, MainThread:139624799057728> (middleware.py:_apply_async:180 -> middleware.py:_apply_sync:169) from logger `RFC.middleware_status_code`
[INFO] status code 200 in response of AudioBookAudioPage(814298).AudioBookAudioFile(814298)

2024-04-08 17:29:44,030 <requestor-worker-0:1416405, MainThread:139624799057728> (requestor.py:_fetch_single_async:206 -> middleware.py:apply_async:115) from logger `RFC.middleware_status_code`
[INFO] applied on AudioBookAudioPage(814298).AudioBookAudioFile(814298), sent

2024-04-08 17:31:35,421 <requestor-worker-0:1416405, MainThread:139624799057728> (requestor.py:_fetch_single_async:206 -> middleware.py:apply_async:112) from logger `RFC.middleware_status_code`
[INFO] applying on AudioBookAudioPage(814620).AudioBookAudioFile(814620), received

2024-04-08 17:31:35,423 <requestor-worker-0:1416405, MainThread:139624799057728> (middleware.py:_apply_async:180 -> middleware.py:_apply_sync:169) from logger `RFC.middleware_status_code`
[INFO] status code 200 in response of AudioBookAudioPage(814620).AudioBookAudioFile(814620)

2024-04-08 17:31:35,425 <requestor-worker-0:1416405, MainThread:139624799057728> (requestor.py:_fetch_single_async:206 -> middleware.py:apply_async:115) from logger `RFC.middleware_status_code`
[INFO] applied on AudioBookAudioPage(814620).AudioBookAudioFile(814620), sent

2024-04-08 17:31:44,594 <requestor-worker-0:1416405, MainThread:139624799057728> (requestor.py:_fetch_single_async:206 -> middleware.py:apply_async:112) from logger `RFC.middleware_status_code`
[INFO] applying on AudioBookAudioPage(814665), received

2024-04-08 17:31:44,597 <requestor-worker-0:1416405, MainThread:139624799057728> (requestor.py:_fetch_single_async:206 -> middleware.py:apply_async:119) from logger `RFC.middleware_status_code`
[ERROR] failed on AudioBookAudioPage(814665), caught error ValueError('unexpected status code 404 in response of AudioBookAudioPage(814665)')

2024-04-08 17:31:48,185 <requestor-worker-0:1416405, MainThread:139624799057728> (requestor.py:_fetch_single_async:206 -> middleware.py:apply_async:112) from logger `RFC.middleware_status_code`
[INFO] applying on AudioBookAudioPage(814684).AudioBookAudioFile(814684), received

2024-04-08 17:31:48,187 <requestor-worker-0:1416405, MainThread:139624799057728> (middleware.py:_apply_async:180 -> middleware.py:_apply_sync:169) from logger `RFC.middleware_status_code`
[INFO] status code 200 in response of AudioBookAudioPage(814684).AudioBookAudioFile(814684)

2024-04-08 17:31:48,189 <requestor-worker-0:1416405, MainThread:139624799057728> (requestor.py:_fetch_single_async:206 -> middleware.py:apply_async:115) from logger `RFC.middleware_status_code`
[INFO] applied on AudioBookAudioPage(814684).AudioBookAudioFile(814684), sent

2024-04-08 17:31:53,954 <requestor-worker-0:1416405, MainThread:139624799057728> (requestor.py:_fetch_single_async:206 -> middleware.py:apply_async:112) from logger `RFC.middleware_status_code`
[INFO] applying on AudioBookAudioPage(814710), received

2024-04-08 17:31:53,955 <requestor-worker-0:1416405, MainThread:139624799057728> (middleware.py:_apply_async:180 -> middleware.py:_apply_sync:169) from logger `RFC.middleware_status_code`
[INFO] status code 200 in response of AudioBookAudioPage(814710)

2024-04-08 17:31:53,956 <requestor-worker-0:1416405, MainThread:139624799057728> (requestor.py:_fetch_single_async:206 -> middleware.py:apply_async:115) from logger `RFC.middleware_status_code`
[INFO] applied on AudioBookAudioPage(814710), sent

2024-04-08 17:32:02,131 <requestor-worker-0:1416405, MainThread:139624799057728> (requestor.py:_fetch_single_async:206 -> middleware.py:apply_async:112) from logger `RFC.middleware_status_code`
[INFO] applying on AudioBookAudioPage(814710).AudioBookAudioFile(814710), received

2024-04-08 17:32:02,134 <requestor-worker-0:1416405, MainThread:139624799057728> (middleware.py:_apply_async:180 -> middleware.py:_apply_sync:169) from logger `RFC.middleware_status_code`
[INFO] status code 200 in response of AudioBookAudioPage(814710).AudioBookAudioFile(814710)

2024-04-08 17:32:02,137 <requestor-worker-0:1416405, MainThread:139624799057728> (requestor.py:_fetch_single_async:206 -> middleware.py:apply_async:115) from logger `RFC.middleware_status_code`
[INFO] applied on AudioBookAudioPage(814710).AudioBookAudioFile(814710), sent

2024-04-08 17:32:16,773 <requestor-worker-0:1416405, MainThread:139624799057728> (requestor.py:_fetch_single_async:206 -> middleware.py:apply_async:112) from logger `RFC.middleware_status_code`
[INFO] applying on AudioBookAudioPage(814775).AudioBookAudioFile(814775), received

2024-04-08 17:32:16,775 <requestor-worker-0:1416405, MainThread:139624799057728> (middleware.py:_apply_async:180 -> middleware.py:_apply_sync:169) from logger `RFC.middleware_status_code`
[INFO] status code 200 in response of AudioBookAudioPage(814775).AudioBookAudioFile(814775)

2024-04-08 17:32:16,777 <requestor-worker-0:1416405, MainThread:139624799057728> (requestor.py:_fetch_single_async:206 -> middleware.py:apply_async:115) from logger `RFC.middleware_status_code`
[INFO] applied on AudioBookAudioPage(814775).AudioBookAudioFile(814775), sent

2024-04-08 17:32:29,719 <requestor-worker-0:1416405, MainThread:139624799057728> (requestor.py:_fetch_single_async:206 -> middleware.py:apply_async:112) from logger `RFC.middleware_status_code`
[INFO] applying on AudioBookAudioPage(814559).AudioBookAudioFile(814559), received

2024-04-08 17:32:29,721 <requestor-worker-0:1416405, MainThread:139624799057728> (middleware.py:_apply_async:180 -> middleware.py:_apply_sync:169) from logger `RFC.middleware_status_code`
[INFO] status code 200 in response of AudioBookAudioPage(814559).AudioBookAudioFile(814559)

2024-04-08 17:32:29,722 <requestor-worker-0:1416405, MainThread:139624799057728> (requestor.py:_fetch_single_async:206 -> middleware.py:apply_async:115) from logger `RFC.middleware_status_code`
[INFO] applied on AudioBookAudioPage(814559).AudioBookAudioFile(814559), sent

2024-04-08 17:32:32,332 <requestor-worker-0:1416405, MainThread:139624799057728> (requestor.py:_fetch_single_async:206 -> middleware.py:apply_async:112) from logger `RFC.middleware_status_code`
[INFO] applying on AudioBookAudioPage(814611).AudioBookAudioFile(814611), received

2024-04-08 17:32:32,333 <requestor-worker-0:1416405, MainThread:139624799057728> (middleware.py:_apply_async:180 -> middleware.py:_apply_sync:169) from logger `RFC.middleware_status_code`
[INFO] status code 200 in response of AudioBookAudioPage(814611).AudioBookAudioFile(814611)

2024-04-08 17:32:32,334 <requestor-worker-0:1416405, MainThread:139624799057728> (requestor.py:_fetch_single_async:206 -> middleware.py:apply_async:115) from logger `RFC.middleware_status_code`
[INFO] applied on AudioBookAudioPage(814611).AudioBookAudioFile(814611), sent

2024-04-08 17:32:33,390 <requestor-worker-0:1416405, MainThread:139624799057728> (requestor.py:_fetch_single_async:206 -> middleware.py:apply_async:112) from logger `RFC.middleware_status_code`
[INFO] applying on AudioBookAudioPage(814806).AudioBookAudioFile(814806), received

2024-04-08 17:32:33,392 <requestor-worker-0:1416405, MainThread:139624799057728> (middleware.py:_apply_async:180 -> middleware.py:_apply_sync:169) from logger `RFC.middleware_status_code`
[INFO] status code 200 in response of AudioBookAudioPage(814806).AudioBookAudioFile(814806)

2024-04-08 17:32:33,394 <requestor-worker-0:1416405, MainThread:139624799057728> (requestor.py:_fetch_single_async:206 -> middleware.py:apply_async:115) from logger `RFC.middleware_status_code`
[INFO] applied on AudioBookAudioPage(814806).AudioBookAudioFile(814806), sent

2024-04-08 17:32:34,611 <requestor-worker-0:1416405, MainThread:139624799057728> (requestor.py:_fetch_single_async:206 -> middleware.py:apply_async:112) from logger `RFC.middleware_status_code`
[INFO] applying on AudioBookAudioPage(814810).AudioBookAudioFile(814810), received

2024-04-08 17:32:34,613 <requestor-worker-0:1416405, MainThread:139624799057728> (middleware.py:_apply_async:180 -> middleware.py:_apply_sync:169) from logger `RFC.middleware_status_code`
[INFO] status code 200 in response of AudioBookAudioPage(814810).AudioBookAudioFile(814810)

2024-04-08 17:32:34,614 <requestor-worker-0:1416405, MainThread:139624799057728> (requestor.py:_fetch_single_async:206 -> middleware.py:apply_async:115) from logger `RFC.middleware_status_code`
[INFO] applied on AudioBookAudioPage(814810).AudioBookAudioFile(814810), sent

2024-04-08 17:33:32,216 <requestor-worker-0:1416405, MainThread:139624799057728> (requestor.py:_fetch_single_async:206 -> middleware.py:apply_async:112) from logger `RFC.middleware_status_code`
[INFO] applying on AudioBookAudioPage(814559).AudioBookAudioFile(814559), received

2024-04-08 17:33:32,217 <requestor-worker-0:1416405, MainThread:139624799057728> (middleware.py:_apply_async:180 -> middleware.py:_apply_sync:169) from logger `RFC.middleware_status_code`
[INFO] status code 200 in response of AudioBookAudioPage(814559).AudioBookAudioFile(814559)

2024-04-08 17:33:32,218 <requestor-worker-0:1416405, MainThread:139624799057728> (requestor.py:_fetch_single_async:206 -> middleware.py:apply_async:115) from logger `RFC.middleware_status_code`
[INFO] applied on AudioBookAudioPage(814559).AudioBookAudioFile(814559), sent

2024-04-08 17:33:35,385 <requestor-worker-0:1416405, MainThread:139624799057728> (requestor.py:_fetch_single_async:206 -> middleware.py:apply_async:112) from logger `RFC.middleware_status_code`
[INFO] applying on AudioBookAudioPage(814925).AudioBookAudioFile(814925), received

2024-04-08 17:33:35,387 <requestor-worker-0:1416405, MainThread:139624799057728> (middleware.py:_apply_async:180 -> middleware.py:_apply_sync:169) from logger `RFC.middleware_status_code`
[INFO] status code 200 in response of AudioBookAudioPage(814925).AudioBookAudioFile(814925)

2024-04-08 17:33:35,390 <requestor-worker-0:1416405, MainThread:139624799057728> (requestor.py:_fetch_single_async:206 -> middleware.py:apply_async:115) from logger `RFC.middleware_status_code`
[INFO] applied on AudioBookAudioPage(814925).AudioBookAudioFile(814925), sent

2024-04-08 17:33:36,386 <requestor-worker-0:1416405, MainThread:139624799057728> (requestor.py:_fetch_single_async:206 -> middleware.py:apply_async:112) from logger `RFC.middleware_status_code`
[INFO] applying on AudioBookAudioPage(814570).AudioBookAudioFile(814570), received

2024-04-08 17:33:36,389 <requestor-worker-0:1416405, MainThread:139624799057728> (middleware.py:_apply_async:180 -> middleware.py:_apply_sync:169) from logger `RFC.middleware_status_code`
[INFO] status code 200 in response of AudioBookAudioPage(814570).AudioBookAudioFile(814570)

2024-04-08 17:33:36,392 <requestor-worker-0:1416405, MainThread:139624799057728> (requestor.py:_fetch_single_async:206 -> middleware.py:apply_async:115) from logger `RFC.middleware_status_code`
[INFO] applied on AudioBookAudioPage(814570).AudioBookAudioFile(814570), sent

2024-04-08 17:33:36,619 <requestor-worker-0:1416405, MainThread:139624799057728> (requestor.py:_fetch_single_async:206 -> middleware.py:apply_async:112) from logger `RFC.middleware_status_code`
[INFO] applying on AudioBookAudioPage(814810).AudioBookAudioFile(814810), received

2024-04-08 17:33:36,622 <requestor-worker-0:1416405, MainThread:139624799057728> (middleware.py:_apply_async:180 -> middleware.py:_apply_sync:169) from logger `RFC.middleware_status_code`
[INFO] status code 200 in response of AudioBookAudioPage(814810).AudioBookAudioFile(814810)

2024-04-08 17:33:36,626 <requestor-worker-0:1416405, MainThread:139624799057728> (requestor.py:_fetch_single_async:206 -> middleware.py:apply_async:115) from logger `RFC.middleware_status_code`
[INFO] applied on AudioBookAudioPage(814810).AudioBookAudioFile(814810), sent

2024-04-08 17:33:36,645 <requestor-worker-0:1416405, MainThread:139624799057728> (requestor.py:_fetch_single_async:206 -> middleware.py:apply_async:112) from logger `RFC.middleware_status_code`
[INFO] applying on AudioBookAudioPage(814806).AudioBookAudioFile(814806), received

2024-04-08 17:33:36,647 <requestor-worker-0:1416405, MainThread:139624799057728> (middleware.py:_apply_async:180 -> middleware.py:_apply_sync:169) from logger `RFC.middleware_status_code`
[INFO] status code 200 in response of AudioBookAudioPage(814806).AudioBookAudioFile(814806)

2024-04-08 17:33:36,649 <requestor-worker-0:1416405, MainThread:139624799057728> (requestor.py:_fetch_single_async:206 -> middleware.py:apply_async:115) from logger `RFC.middleware_status_code`
[INFO] applied on AudioBookAudioPage(814806).AudioBookAudioFile(814806), sent

2024-04-08 17:33:36,866 <requestor-worker-0:1416405, MainThread:139624799057728> (requestor.py:_fetch_single_async:206 -> middleware.py:apply_async:112) from logger `RFC.middleware_status_code`
[INFO] applying on AudioBookAudioPage(814611).AudioBookAudioFile(814611), received

2024-04-08 17:33:36,867 <requestor-worker-0:1416405, MainThread:139624799057728> (middleware.py:_apply_async:180 -> middleware.py:_apply_sync:169) from logger `RFC.middleware_status_code`
[INFO] status code 200 in response of AudioBookAudioPage(814611).AudioBookAudioFile(814611)

2024-04-08 17:33:36,868 <requestor-worker-0:1416405, MainThread:139624799057728> (requestor.py:_fetch_single_async:206 -> middleware.py:apply_async:115) from logger `RFC.middleware_status_code`
[INFO] applied on AudioBookAudioPage(814611).AudioBookAudioFile(814611), sent

2024-04-08 17:33:37,137 <requestor-worker-0:1416405, MainThread:139624799057728> (requestor.py:_fetch_single_async:206 -> middleware.py:apply_async:112) from logger `RFC.middleware_status_code`
[INFO] applying on AudioBookAudioPage(814807).AudioBookAudioFile(814807), received

2024-04-08 17:33:37,140 <requestor-worker-0:1416405, MainThread:139624799057728> (middleware.py:_apply_async:180 -> middleware.py:_apply_sync:169) from logger `RFC.middleware_status_code`
[INFO] status code 200 in response of AudioBookAudioPage(814807).AudioBookAudioFile(814807)

2024-04-08 17:33:37,143 <requestor-worker-0:1416405, MainThread:139624799057728> (requestor.py:_fetch_single_async:206 -> middleware.py:apply_async:115) from logger `RFC.middleware_status_code`
[INFO] applied on AudioBookAudioPage(814807).AudioBookAudioFile(814807), sent

2024-04-08 17:33:37,150 <requestor-worker-0:1416405, MainThread:139624799057728> (requestor.py:_fetch_single_async:206 -> middleware.py:apply_async:112) from logger `RFC.middleware_status_code`
[INFO] applying on AudioBookAudioPage(814988).AudioBookAudioFile(814988), received

2024-04-08 17:33:37,151 <requestor-worker-0:1416405, MainThread:139624799057728> (middleware.py:_apply_async:180 -> middleware.py:_apply_sync:169) from logger `RFC.middleware_status_code`
[INFO] status code 200 in response of AudioBookAudioPage(814988).AudioBookAudioFile(814988)

2024-04-08 17:33:37,152 <requestor-worker-0:1416405, MainThread:139624799057728> (requestor.py:_fetch_single_async:206 -> middleware.py:apply_async:115) from logger `RFC.middleware_status_code`
[INFO] applied on AudioBookAudioPage(814988).AudioBookAudioFile(814988), sent

2024-04-08 17:33:37,282 <requestor-worker-0:1416405, MainThread:139624799057728> (requestor.py:_fetch_single_async:206 -> middleware.py:apply_async:112) from logger `RFC.middleware_status_code`
[INFO] applying on AudioBookAudioPage(814808).AudioBookAudioFile(814808), received

2024-04-08 17:33:37,283 <requestor-worker-0:1416405, MainThread:139624799057728> (middleware.py:_apply_async:180 -> middleware.py:_apply_sync:169) from logger `RFC.middleware_status_code`
[INFO] status code 200 in response of AudioBookAudioPage(814808).AudioBookAudioFile(814808)

2024-04-08 17:33:37,285 <requestor-worker-0:1416405, MainThread:139624799057728> (requestor.py:_fetch_single_async:206 -> middleware.py:apply_async:115) from logger `RFC.middleware_status_code`
[INFO] applied on AudioBookAudioPage(814808).AudioBookAudioFile(814808), sent

2024-04-08 17:33:37,963 <requestor-worker-0:1416405, MainThread:139624799057728> (requestor.py:_fetch_single_async:206 -> middleware.py:apply_async:112) from logger `RFC.middleware_status_code`
[INFO] applying on AudioBookAudioPage(814928).AudioBookAudioFile(814928), received

2024-04-08 17:33:37,966 <requestor-worker-0:1416405, MainThread:139624799057728> (middleware.py:_apply_async:180 -> middleware.py:_apply_sync:169) from logger `RFC.middleware_status_code`
[INFO] status code 200 in response of AudioBookAudioPage(814928).AudioBookAudioFile(814928)

2024-04-08 17:33:37,968 <requestor-worker-0:1416405, MainThread:139624799057728> (requestor.py:_fetch_single_async:206 -> middleware.py:apply_async:115) from logger `RFC.middleware_status_code`
[INFO] applied on AudioBookAudioPage(814928).AudioBookAudioFile(814928), sent

2024-04-08 17:33:37,982 <requestor-worker-0:1416405, MainThread:139624799057728> (requestor.py:_fetch_single_async:206 -> middleware.py:apply_async:112) from logger `RFC.middleware_status_code`
[INFO] applying on AudioBookAudioPage(814930).AudioBookAudioFile(814930), received

2024-04-08 17:33:37,984 <requestor-worker-0:1416405, MainThread:139624799057728> (middleware.py:_apply_async:180 -> middleware.py:_apply_sync:169) from logger `RFC.middleware_status_code`
[INFO] status code 200 in response of AudioBookAudioPage(814930).AudioBookAudioFile(814930)

2024-04-08 17:33:37,986 <requestor-worker-0:1416405, MainThread:139624799057728> (requestor.py:_fetch_single_async:206 -> middleware.py:apply_async:115) from logger `RFC.middleware_status_code`
[INFO] applied on AudioBookAudioPage(814930).AudioBookAudioFile(814930), sent

2024-04-08 17:33:41,865 <requestor-worker-0:1416405, MainThread:139624799057728> (requestor.py:_fetch_single_async:206 -> middleware.py:apply_async:112) from logger `RFC.middleware_status_code`
[INFO] applying on AudioBookAudioPage(814929).AudioBookAudioFile(814929), received

2024-04-08 17:33:41,866 <requestor-worker-0:1416405, MainThread:139624799057728> (middleware.py:_apply_async:180 -> middleware.py:_apply_sync:169) from logger `RFC.middleware_status_code`
[INFO] status code 200 in response of AudioBookAudioPage(814929).AudioBookAudioFile(814929)

2024-04-08 17:33:41,868 <requestor-worker-0:1416405, MainThread:139624799057728> (requestor.py:_fetch_single_async:206 -> middleware.py:apply_async:115) from logger `RFC.middleware_status_code`
[INFO] applied on AudioBookAudioPage(814929).AudioBookAudioFile(814929), sent

2024-04-08 17:34:39,946 <requestor-worker-0:1416405, MainThread:139624799057728> (requestor.py:_fetch_single_async:206 -> middleware.py:apply_async:112) from logger `RFC.middleware_status_code`
[INFO] applying on AudioBookAudioPage(815039).AudioBookAudioFile(815039), received

2024-04-08 17:34:39,948 <requestor-worker-0:1416405, MainThread:139624799057728> (middleware.py:_apply_async:180 -> middleware.py:_apply_sync:169) from logger `RFC.middleware_status_code`
[INFO] status code 200 in response of AudioBookAudioPage(815039).AudioBookAudioFile(815039)

2024-04-08 17:34:39,951 <requestor-worker-0:1416405, MainThread:139624799057728> (requestor.py:_fetch_single_async:206 -> middleware.py:apply_async:115) from logger `RFC.middleware_status_code`
[INFO] applied on AudioBookAudioPage(815039).AudioBookAudioFile(815039), sent

2024-04-08 17:34:41,204 <requestor-worker-0:1416405, MainThread:139624799057728> (requestor.py:_fetch_single_async:206 -> middleware.py:apply_async:112) from logger `RFC.middleware_status_code`
[INFO] applying on AudioBookAudioPage(814810).AudioBookAudioFile(814810), received

2024-04-08 17:34:41,205 <requestor-worker-0:1416405, MainThread:139624799057728> (middleware.py:_apply_async:180 -> middleware.py:_apply_sync:169) from logger `RFC.middleware_status_code`
[INFO] status code 200 in response of AudioBookAudioPage(814810).AudioBookAudioFile(814810)

2024-04-08 17:34:41,206 <requestor-worker-0:1416405, MainThread:139624799057728> (requestor.py:_fetch_single_async:206 -> middleware.py:apply_async:115) from logger `RFC.middleware_status_code`
[INFO] applied on AudioBookAudioPage(814810).AudioBookAudioFile(814810), sent

2024-04-08 17:34:49,851 <requestor-worker-0:1416405, MainThread:139624799057728> (requestor.py:_fetch_single_async:206 -> middleware.py:apply_async:112) from logger `RFC.middleware_status_code`
[INFO] applying on AudioBookAudioPage(815028).AudioBookAudioFile(815028), received

2024-04-08 17:34:49,853 <requestor-worker-0:1416405, MainThread:139624799057728> (middleware.py:_apply_async:180 -> middleware.py:_apply_sync:169) from logger `RFC.middleware_status_code`
[INFO] status code 200 in response of AudioBookAudioPage(815028).AudioBookAudioFile(815028)

2024-04-08 17:34:49,855 <requestor-worker-0:1416405, MainThread:139624799057728> (requestor.py:_fetch_single_async:206 -> middleware.py:apply_async:115) from logger `RFC.middleware_status_code`
[INFO] applied on AudioBookAudioPage(815028).AudioBookAudioFile(815028), sent

2024-04-08 17:34:50,077 <requestor-worker-0:1416405, MainThread:139624799057728> (requestor.py:_fetch_single_async:206 -> middleware.py:apply_async:112) from logger `RFC.middleware_status_code`
[INFO] applying on AudioBookAudioPage(814988).AudioBookAudioFile(814988), received

2024-04-08 17:34:50,079 <requestor-worker-0:1416405, MainThread:139624799057728> (middleware.py:_apply_async:180 -> middleware.py:_apply_sync:169) from logger `RFC.middleware_status_code`
[INFO] status code 200 in response of AudioBookAudioPage(814988).AudioBookAudioFile(814988)

2024-04-08 17:34:50,080 <requestor-worker-0:1416405, MainThread:139624799057728> (requestor.py:_fetch_single_async:206 -> middleware.py:apply_async:115) from logger `RFC.middleware_status_code`
[INFO] applied on AudioBookAudioPage(814988).AudioBookAudioFile(814988), sent

2024-04-08 17:34:50,199 <requestor-worker-0:1416405, MainThread:139624799057728> (requestor.py:_fetch_single_async:206 -> middleware.py:apply_async:112) from logger `RFC.middleware_status_code`
[INFO] applying on AudioBookAudioPage(814806).AudioBookAudioFile(814806), received

2024-04-08 17:34:50,200 <requestor-worker-0:1416405, MainThread:139624799057728> (middleware.py:_apply_async:180 -> middleware.py:_apply_sync:169) from logger `RFC.middleware_status_code`
[INFO] status code 200 in response of AudioBookAudioPage(814806).AudioBookAudioFile(814806)

2024-04-08 17:34:50,201 <requestor-worker-0:1416405, MainThread:139624799057728> (requestor.py:_fetch_single_async:206 -> middleware.py:apply_async:115) from logger `RFC.middleware_status_code`
[INFO] applied on AudioBookAudioPage(814806).AudioBookAudioFile(814806), sent

2024-04-08 17:34:50,208 <requestor-worker-0:1416405, MainThread:139624799057728> (requestor.py:_fetch_single_async:206 -> middleware.py:apply_async:112) from logger `RFC.middleware_status_code`
[INFO] applying on AudioBookAudioPage(814808).AudioBookAudioFile(814808), received

2024-04-08 17:34:50,209 <requestor-worker-0:1416405, MainThread:139624799057728> (middleware.py:_apply_async:180 -> middleware.py:_apply_sync:169) from logger `RFC.middleware_status_code`
[INFO] status code 200 in response of AudioBookAudioPage(814808).AudioBookAudioFile(814808)

2024-04-08 17:34:50,210 <requestor-worker-0:1416405, MainThread:139624799057728> (requestor.py:_fetch_single_async:206 -> middleware.py:apply_async:115) from logger `RFC.middleware_status_code`
[INFO] applied on AudioBookAudioPage(814808).AudioBookAudioFile(814808), sent

2024-04-08 17:34:51,628 <requestor-worker-0:1416405, MainThread:139624799057728> (requestor.py:_fetch_single_async:206 -> middleware.py:apply_async:112) from logger `RFC.middleware_status_code`
[INFO] applying on AudioBookAudioPage(814925).AudioBookAudioFile(814925), received

2024-04-08 17:34:51,631 <requestor-worker-0:1416405, MainThread:139624799057728> (middleware.py:_apply_async:180 -> middleware.py:_apply_sync:169) from logger `RFC.middleware_status_code`
[INFO] status code 200 in response of AudioBookAudioPage(814925).AudioBookAudioFile(814925)

2024-04-08 17:34:51,634 <requestor-worker-0:1416405, MainThread:139624799057728> (requestor.py:_fetch_single_async:206 -> middleware.py:apply_async:115) from logger `RFC.middleware_status_code`
[INFO] applied on AudioBookAudioPage(814925).AudioBookAudioFile(814925), sent

2024-04-08 17:34:51,798 <requestor-worker-0:1416405, MainThread:139624799057728> (requestor.py:_fetch_single_async:206 -> middleware.py:apply_async:112) from logger `RFC.middleware_status_code`
[INFO] applying on AudioBookAudioPage(814928).AudioBookAudioFile(814928), received

2024-04-08 17:34:51,799 <requestor-worker-0:1416405, MainThread:139624799057728> (middleware.py:_apply_async:180 -> middleware.py:_apply_sync:169) from logger `RFC.middleware_status_code`
[INFO] status code 200 in response of AudioBookAudioPage(814928).AudioBookAudioFile(814928)

2024-04-08 17:34:51,800 <requestor-worker-0:1416405, MainThread:139624799057728> (requestor.py:_fetch_single_async:206 -> middleware.py:apply_async:115) from logger `RFC.middleware_status_code`
[INFO] applied on AudioBookAudioPage(814928).AudioBookAudioFile(814928), sent

2024-04-08 17:34:52,883 <requestor-worker-0:1416405, MainThread:139624799057728> (requestor.py:_fetch_single_async:206 -> middleware.py:apply_async:112) from logger `RFC.middleware_status_code`
[INFO] applying on AudioBookAudioPage(814807).AudioBookAudioFile(814807), received

2024-04-08 17:34:52,885 <requestor-worker-0:1416405, MainThread:139624799057728> (middleware.py:_apply_async:180 -> middleware.py:_apply_sync:169) from logger `RFC.middleware_status_code`
[INFO] status code 200 in response of AudioBookAudioPage(814807).AudioBookAudioFile(814807)

2024-04-08 17:34:52,888 <requestor-worker-0:1416405, MainThread:139624799057728> (requestor.py:_fetch_single_async:206 -> middleware.py:apply_async:115) from logger `RFC.middleware_status_code`
[INFO] applied on AudioBookAudioPage(814807).AudioBookAudioFile(814807), sent

2024-04-08 17:34:59,788 <requestor-worker-0:1416405, MainThread:139624799057728> (requestor.py:_fetch_single_async:206 -> middleware.py:apply_async:112) from logger `RFC.middleware_status_code`
[INFO] applying on AudioBookAudioPage(814929).AudioBookAudioFile(814929), received

2024-04-08 17:34:59,790 <requestor-worker-0:1416405, MainThread:139624799057728> (middleware.py:_apply_async:180 -> middleware.py:_apply_sync:169) from logger `RFC.middleware_status_code`
[INFO] status code 200 in response of AudioBookAudioPage(814929).AudioBookAudioFile(814929)

2024-04-08 17:34:59,793 <requestor-worker-0:1416405, MainThread:139624799057728> (requestor.py:_fetch_single_async:206 -> middleware.py:apply_async:115) from logger `RFC.middleware_status_code`
[INFO] applied on AudioBookAudioPage(814929).AudioBookAudioFile(814929), sent

2024-04-08 17:35:12,277 <requestor-worker-0:1416405, MainThread:139624799057728> (requestor.py:_fetch_single_async:206 -> middleware.py:apply_async:112) from logger `RFC.middleware_status_code`
[INFO] applying on AudioBookAudioPage(815062).AudioBookAudioFile(815062), received

2024-04-08 17:35:12,279 <requestor-worker-0:1416405, MainThread:139624799057728> (middleware.py:_apply_async:180 -> middleware.py:_apply_sync:169) from logger `RFC.middleware_status_code`
[INFO] status code 200 in response of AudioBookAudioPage(815062).AudioBookAudioFile(815062)

2024-04-08 17:35:12,281 <requestor-worker-0:1416405, MainThread:139624799057728> (requestor.py:_fetch_single_async:206 -> middleware.py:apply_async:115) from logger `RFC.middleware_status_code`
[INFO] applied on AudioBookAudioPage(815062).AudioBookAudioFile(815062), sent

2024-04-08 17:35:20,649 <requestor-worker-0:1416405, MainThread:139624799057728> (requestor.py:_fetch_single_async:206 -> middleware.py:apply_async:112) from logger `RFC.middleware_status_code`
[INFO] applying on AudioBookAudioPage(814930).AudioBookAudioFile(814930), received

2024-04-08 17:35:20,650 <requestor-worker-0:1416405, MainThread:139624799057728> (middleware.py:_apply_async:180 -> middleware.py:_apply_sync:169) from logger `RFC.middleware_status_code`
[INFO] status code 200 in response of AudioBookAudioPage(814930).AudioBookAudioFile(814930)

2024-04-08 17:35:20,652 <requestor-worker-0:1416405, MainThread:139624799057728> (requestor.py:_fetch_single_async:206 -> middleware.py:apply_async:115) from logger `RFC.middleware_status_code`
[INFO] applied on AudioBookAudioPage(814930).AudioBookAudioFile(814930), sent

2024-04-08 17:35:23,444 <requestor-worker-0:1416405, MainThread:139624799057728> (requestor.py:_fetch_single_async:206 -> middleware.py:apply_async:112) from logger `RFC.middleware_status_code`
[INFO] applying on AudioBookAudioPage(815097).AudioBookAudioFile(815097), received

2024-04-08 17:35:23,446 <requestor-worker-0:1416405, MainThread:139624799057728> (middleware.py:_apply_async:180 -> middleware.py:_apply_sync:169) from logger `RFC.middleware_status_code`
[INFO] status code 200 in response of AudioBookAudioPage(815097).AudioBookAudioFile(815097)

2024-04-08 17:35:23,448 <requestor-worker-0:1416405, MainThread:139624799057728> (requestor.py:_fetch_single_async:206 -> middleware.py:apply_async:115) from logger `RFC.middleware_status_code`
[INFO] applied on AudioBookAudioPage(815097).AudioBookAudioFile(815097), sent

2024-04-08 17:35:37,071 <requestor-worker-0:1416405, MainThread:139624799057728> (requestor.py:_fetch_single_async:206 -> middleware.py:apply_async:112) from logger `RFC.middleware_status_code`
[INFO] applying on AudioBookAudioPage(815028).AudioBookAudioFile(815028), received

2024-04-08 17:35:37,073 <requestor-worker-0:1416405, MainThread:139624799057728> (middleware.py:_apply_async:180 -> middleware.py:_apply_sync:169) from logger `RFC.middleware_status_code`
[INFO] status code 200 in response of AudioBookAudioPage(815028).AudioBookAudioFile(815028)

2024-04-08 17:35:37,076 <requestor-worker-0:1416405, MainThread:139624799057728> (requestor.py:_fetch_single_async:206 -> middleware.py:apply_async:115) from logger `RFC.middleware_status_code`
[INFO] applied on AudioBookAudioPage(815028).AudioBookAudioFile(815028), sent

2024-04-08 17:35:37,181 <requestor-worker-0:1416405, MainThread:139624799057728> (requestor.py:_fetch_single_async:206 -> middleware.py:apply_async:112) from logger `RFC.middleware_status_code`
[INFO] applying on AudioBookAudioPage(814925).AudioBookAudioFile(814925), received

2024-04-08 17:35:37,182 <requestor-worker-0:1416405, MainThread:139624799057728> (middleware.py:_apply_async:180 -> middleware.py:_apply_sync:169) from logger `RFC.middleware_status_code`
[INFO] status code 200 in response of AudioBookAudioPage(814925).AudioBookAudioFile(814925)

2024-04-08 17:35:37,183 <requestor-worker-0:1416405, MainThread:139624799057728> (requestor.py:_fetch_single_async:206 -> middleware.py:apply_async:115) from logger `RFC.middleware_status_code`
[INFO] applied on AudioBookAudioPage(814925).AudioBookAudioFile(814925), sent

2024-04-08 17:35:38,985 <requestor-worker-0:1416405, MainThread:139624799057728> (requestor.py:_fetch_single_async:206 -> middleware.py:apply_async:112) from logger `RFC.middleware_status_code`
[INFO] applying on AudioBookAudioPage(814988).AudioBookAudioFile(814988), received

2024-04-08 17:35:38,987 <requestor-worker-0:1416405, MainThread:139624799057728> (middleware.py:_apply_async:180 -> middleware.py:_apply_sync:169) from logger `RFC.middleware_status_code`
[INFO] status code 200 in response of AudioBookAudioPage(814988).AudioBookAudioFile(814988)

2024-04-08 17:35:38,989 <requestor-worker-0:1416405, MainThread:139624799057728> (requestor.py:_fetch_single_async:206 -> middleware.py:apply_async:115) from logger `RFC.middleware_status_code`
[INFO] applied on AudioBookAudioPage(814988).AudioBookAudioFile(814988), sent

2024-04-08 17:35:41,391 <requestor-worker-0:1416405, MainThread:139624799057728> (requestor.py:_fetch_single_async:206 -> middleware.py:apply_async:112) from logger `RFC.middleware_status_code`
[INFO] applying on AudioBookAudioPage(814928).AudioBookAudioFile(814928), received

2024-04-08 17:35:41,393 <requestor-worker-0:1416405, MainThread:139624799057728> (middleware.py:_apply_async:180 -> middleware.py:_apply_sync:169) from logger `RFC.middleware_status_code`
[INFO] status code 200 in response of AudioBookAudioPage(814928).AudioBookAudioFile(814928)

2024-04-08 17:35:41,396 <requestor-worker-0:1416405, MainThread:139624799057728> (requestor.py:_fetch_single_async:206 -> middleware.py:apply_async:115) from logger `RFC.middleware_status_code`
[INFO] applied on AudioBookAudioPage(814928).AudioBookAudioFile(814928), sent

2024-04-08 17:35:41,418 <requestor-worker-0:1416405, MainThread:139624799057728> (requestor.py:_fetch_single_async:206 -> middleware.py:apply_async:112) from logger `RFC.middleware_status_code`
[INFO] applying on AudioBookAudioPage(814808).AudioBookAudioFile(814808), received

2024-04-08 17:35:41,420 <requestor-worker-0:1416405, MainThread:139624799057728> (middleware.py:_apply_async:180 -> middleware.py:_apply_sync:169) from logger `RFC.middleware_status_code`
[INFO] status code 200 in response of AudioBookAudioPage(814808).AudioBookAudioFile(814808)

2024-04-08 17:35:41,422 <requestor-worker-0:1416405, MainThread:139624799057728> (requestor.py:_fetch_single_async:206 -> middleware.py:apply_async:115) from logger `RFC.middleware_status_code`
[INFO] applied on AudioBookAudioPage(814808).AudioBookAudioFile(814808), sent

2024-04-08 17:35:41,658 <requestor-worker-0:1416405, MainThread:139624799057728> (requestor.py:_fetch_single_async:206 -> middleware.py:apply_async:112) from logger `RFC.middleware_status_code`
[INFO] applying on AudioBookAudioPage(814807).AudioBookAudioFile(814807), received

2024-04-08 17:35:41,660 <requestor-worker-0:1416405, MainThread:139624799057728> (middleware.py:_apply_async:180 -> middleware.py:_apply_sync:169) from logger `RFC.middleware_status_code`
[INFO] status code 200 in response of AudioBookAudioPage(814807).AudioBookAudioFile(814807)

2024-04-08 17:35:41,662 <requestor-worker-0:1416405, MainThread:139624799057728> (requestor.py:_fetch_single_async:206 -> middleware.py:apply_async:115) from logger `RFC.middleware_status_code`
[INFO] applied on AudioBookAudioPage(814807).AudioBookAudioFile(814807), sent

2024-04-08 17:35:42,530 <requestor-worker-0:1416405, MainThread:139624799057728> (requestor.py:_fetch_single_async:206 -> middleware.py:apply_async:112) from logger `RFC.middleware_status_code`
[INFO] applying on AudioBookAudioPage(815039).AudioBookAudioFile(815039), received

2024-04-08 17:35:42,533 <requestor-worker-0:1416405, MainThread:139624799057728> (middleware.py:_apply_async:180 -> middleware.py:_apply_sync:169) from logger `RFC.middleware_status_code`
[INFO] status code 200 in response of AudioBookAudioPage(815039).AudioBookAudioFile(815039)

2024-04-08 17:35:42,535 <requestor-worker-0:1416405, MainThread:139624799057728> (requestor.py:_fetch_single_async:206 -> middleware.py:apply_async:115) from logger `RFC.middleware_status_code`
[INFO] applied on AudioBookAudioPage(815039).AudioBookAudioFile(815039), sent

2024-04-08 17:35:45,410 <requestor-worker-0:1416405, MainThread:139624799057728> (requestor.py:_fetch_single_async:206 -> middleware.py:apply_async:112) from logger `RFC.middleware_status_code`
[INFO] applying on AudioBookAudioPage(814806).AudioBookAudioFile(814806), received

2024-04-08 17:35:45,412 <requestor-worker-0:1416405, MainThread:139624799057728> (middleware.py:_apply_async:180 -> middleware.py:_apply_sync:169) from logger `RFC.middleware_status_code`
[INFO] status code 200 in response of AudioBookAudioPage(814806).AudioBookAudioFile(814806)

2024-04-08 17:35:45,415 <requestor-worker-0:1416405, MainThread:139624799057728> (requestor.py:_fetch_single_async:206 -> middleware.py:apply_async:115) from logger `RFC.middleware_status_code`
[INFO] applied on AudioBookAudioPage(814806).AudioBookAudioFile(814806), sent

2024-04-08 17:35:56,939 <requestor-worker-0:1416405, MainThread:139624799057728> (requestor.py:_fetch_single_async:206 -> middleware.py:apply_async:112) from logger `RFC.middleware_status_code`
[INFO] applying on AudioBookAudioPage(814929).AudioBookAudioFile(814929), received

2024-04-08 17:35:56,940 <requestor-worker-0:1416405, MainThread:139624799057728> (middleware.py:_apply_async:180 -> middleware.py:_apply_sync:169) from logger `RFC.middleware_status_code`
[INFO] status code 200 in response of AudioBookAudioPage(814929).AudioBookAudioFile(814929)

2024-04-08 17:35:56,941 <requestor-worker-0:1416405, MainThread:139624799057728> (requestor.py:_fetch_single_async:206 -> middleware.py:apply_async:115) from logger `RFC.middleware_status_code`
[INFO] applied on AudioBookAudioPage(814929).AudioBookAudioFile(814929), sent

2024-04-08 17:36:06,220 <requestor-worker-0:1416405, MainThread:139624799057728> (requestor.py:_fetch_single_async:206 -> middleware.py:apply_async:112) from logger `RFC.middleware_status_code`
[INFO] applying on AudioBookAudioPage(815062).AudioBookAudioFile(815062), received

2024-04-08 17:36:06,222 <requestor-worker-0:1416405, MainThread:139624799057728> (middleware.py:_apply_async:180 -> middleware.py:_apply_sync:169) from logger `RFC.middleware_status_code`
[INFO] status code 200 in response of AudioBookAudioPage(815062).AudioBookAudioFile(815062)

2024-04-08 17:36:06,223 <requestor-worker-0:1416405, MainThread:139624799057728> (requestor.py:_fetch_single_async:206 -> middleware.py:apply_async:115) from logger `RFC.middleware_status_code`
[INFO] applied on AudioBookAudioPage(815062).AudioBookAudioFile(815062), sent

2024-04-08 17:36:18,201 <requestor-worker-0:1416405, MainThread:139624799057728> (requestor.py:_fetch_single_async:206 -> middleware.py:apply_async:112) from logger `RFC.middleware_status_code`
[INFO] applying on AudioBookAudioPage(814930).AudioBookAudioFile(814930), received

2024-04-08 17:36:18,202 <requestor-worker-0:1416405, MainThread:139624799057728> (middleware.py:_apply_async:180 -> middleware.py:_apply_sync:169) from logger `RFC.middleware_status_code`
[INFO] status code 200 in response of AudioBookAudioPage(814930).AudioBookAudioFile(814930)

2024-04-08 17:36:18,204 <requestor-worker-0:1416405, MainThread:139624799057728> (requestor.py:_fetch_single_async:206 -> middleware.py:apply_async:115) from logger `RFC.middleware_status_code`
[INFO] applied on AudioBookAudioPage(814930).AudioBookAudioFile(814930), sent

2024-04-08 17:36:30,305 <requestor-worker-0:1416405, MainThread:139624799057728> (requestor.py:_fetch_single_async:206 -> middleware.py:apply_async:112) from logger `RFC.middleware_status_code`
[INFO] applying on AudioBookAudioPage(815097).AudioBookAudioFile(815097), received

2024-04-08 17:36:30,306 <requestor-worker-0:1416405, MainThread:139624799057728> (middleware.py:_apply_async:180 -> middleware.py:_apply_sync:169) from logger `RFC.middleware_status_code`
[INFO] status code 200 in response of AudioBookAudioPage(815097).AudioBookAudioFile(815097)

2024-04-08 17:36:30,307 <requestor-worker-0:1416405, MainThread:139624799057728> (requestor.py:_fetch_single_async:206 -> middleware.py:apply_async:115) from logger `RFC.middleware_status_code`
[INFO] applied on AudioBookAudioPage(815097).AudioBookAudioFile(815097), sent

2024-04-08 17:36:40,860 <requestor-worker-0:1416405, MainThread:139624799057728> (requestor.py:_fetch_single_async:206 -> middleware.py:apply_async:112) from logger `RFC.middleware_status_code`
[INFO] applying on AudioBookAudioPage(815028).AudioBookAudioFile(815028), received

2024-04-08 17:36:40,863 <requestor-worker-0:1416405, MainThread:139624799057728> (middleware.py:_apply_async:180 -> middleware.py:_apply_sync:169) from logger `RFC.middleware_status_code`
[INFO] status code 200 in response of AudioBookAudioPage(815028).AudioBookAudioFile(815028)

2024-04-08 17:36:40,866 <requestor-worker-0:1416405, MainThread:139624799057728> (requestor.py:_fetch_single_async:206 -> middleware.py:apply_async:115) from logger `RFC.middleware_status_code`
[INFO] applied on AudioBookAudioPage(815028).AudioBookAudioFile(815028), sent

2024-04-08 17:36:41,318 <requestor-worker-0:1416405, MainThread:139624799057728> (requestor.py:_fetch_single_async:206 -> middleware.py:apply_async:112) from logger `RFC.middleware_status_code`
[INFO] applying on AudioBookAudioPage(815203).AudioBookAudioFile(815203), received

2024-04-08 17:36:41,320 <requestor-worker-0:1416405, MainThread:139624799057728> (middleware.py:_apply_async:180 -> middleware.py:_apply_sync:169) from logger `RFC.middleware_status_code`
[INFO] status code 200 in response of AudioBookAudioPage(815203).AudioBookAudioFile(815203)

2024-04-08 17:36:41,323 <requestor-worker-0:1416405, MainThread:139624799057728> (requestor.py:_fetch_single_async:206 -> middleware.py:apply_async:115) from logger `RFC.middleware_status_code`
[INFO] applied on AudioBookAudioPage(815203).AudioBookAudioFile(815203), sent

2024-04-08 17:36:41,376 <requestor-worker-0:1416405, MainThread:139624799057728> (requestor.py:_fetch_single_async:206 -> middleware.py:apply_async:112) from logger `RFC.middleware_status_code`
[INFO] applying on AudioBookAudioPage(815039).AudioBookAudioFile(815039), received

2024-04-08 17:36:41,377 <requestor-worker-0:1416405, MainThread:139624799057728> (middleware.py:_apply_async:180 -> middleware.py:_apply_sync:169) from logger `RFC.middleware_status_code`
[INFO] status code 200 in response of AudioBookAudioPage(815039).AudioBookAudioFile(815039)

2024-04-08 17:36:41,379 <requestor-worker-0:1416405, MainThread:139624799057728> (requestor.py:_fetch_single_async:206 -> middleware.py:apply_async:115) from logger `RFC.middleware_status_code`
[INFO] applied on AudioBookAudioPage(815039).AudioBookAudioFile(815039), sent

2024-04-08 17:36:41,927 <requestor-worker-0:1416405, MainThread:139624799057728> (requestor.py:_fetch_single_async:206 -> middleware.py:apply_async:112) from logger `RFC.middleware_status_code`
[INFO] applying on AudioBookAudioPage(814988).AudioBookAudioFile(814988), received

2024-04-08 17:36:41,929 <requestor-worker-0:1416405, MainThread:139624799057728> (middleware.py:_apply_async:180 -> middleware.py:_apply_sync:169) from logger `RFC.middleware_status_code`
[INFO] status code 200 in response of AudioBookAudioPage(814988).AudioBookAudioFile(814988)

2024-04-08 17:36:41,931 <requestor-worker-0:1416405, MainThread:139624799057728> (requestor.py:_fetch_single_async:206 -> middleware.py:apply_async:115) from logger `RFC.middleware_status_code`
[INFO] applied on AudioBookAudioPage(814988).AudioBookAudioFile(814988), sent

2024-04-08 17:36:42,148 <requestor-worker-0:1416405, MainThread:139624799057728> (requestor.py:_fetch_single_async:206 -> middleware.py:apply_async:112) from logger `RFC.middleware_status_code`
[INFO] applying on AudioBookAudioPage(815226).AudioBookAudioFile(815226), received

2024-04-08 17:36:42,149 <requestor-worker-0:1416405, MainThread:139624799057728> (middleware.py:_apply_async:180 -> middleware.py:_apply_sync:169) from logger `RFC.middleware_status_code`
[INFO] status code 200 in response of AudioBookAudioPage(815226).AudioBookAudioFile(815226)

2024-04-08 17:36:42,151 <requestor-worker-0:1416405, MainThread:139624799057728> (requestor.py:_fetch_single_async:206 -> middleware.py:apply_async:115) from logger `RFC.middleware_status_code`
[INFO] applied on AudioBookAudioPage(815226).AudioBookAudioFile(815226), sent

2024-04-08 17:36:44,878 <requestor-worker-0:1416405, MainThread:139624799057728> (requestor.py:_fetch_single_async:206 -> middleware.py:apply_async:112) from logger `RFC.middleware_status_code`
[INFO] applying on AudioBookAudioPage(814928).AudioBookAudioFile(814928), received

2024-04-08 17:36:44,881 <requestor-worker-0:1416405, MainThread:139624799057728> (middleware.py:_apply_async:180 -> middleware.py:_apply_sync:169) from logger `RFC.middleware_status_code`
[INFO] status code 200 in response of AudioBookAudioPage(814928).AudioBookAudioFile(814928)

2024-04-08 17:36:44,884 <requestor-worker-0:1416405, MainThread:139624799057728> (requestor.py:_fetch_single_async:206 -> middleware.py:apply_async:115) from logger `RFC.middleware_status_code`
[INFO] applied on AudioBookAudioPage(814928).AudioBookAudioFile(814928), sent

2024-04-08 17:36:45,273 <requestor-worker-0:1416405, MainThread:139624799057728> (requestor.py:_fetch_single_async:206 -> middleware.py:apply_async:112) from logger `RFC.middleware_status_code`
[INFO] applying on AudioBookAudioPage(814925).AudioBookAudioFile(814925), received

2024-04-08 17:36:45,276 <requestor-worker-0:1416405, MainThread:139624799057728> (middleware.py:_apply_async:180 -> middleware.py:_apply_sync:169) from logger `RFC.middleware_status_code`
[INFO] status code 200 in response of AudioBookAudioPage(814925).AudioBookAudioFile(814925)

2024-04-08 17:36:45,279 <requestor-worker-0:1416405, MainThread:139624799057728> (requestor.py:_fetch_single_async:206 -> middleware.py:apply_async:115) from logger `RFC.middleware_status_code`
[INFO] applied on AudioBookAudioPage(814925).AudioBookAudioFile(814925), sent

2024-04-08 17:36:46,476 <requestor-worker-0:1416405, MainThread:139624799057728> (requestor.py:_fetch_single_async:206 -> middleware.py:apply_async:112) from logger `RFC.middleware_status_code`
[INFO] applying on AudioBookAudioPage(815217).AudioBookAudioFile(815217), received

2024-04-08 17:36:46,479 <requestor-worker-0:1416405, MainThread:139624799057728> (middleware.py:_apply_async:180 -> middleware.py:_apply_sync:169) from logger `RFC.middleware_status_code`
[INFO] status code 200 in response of AudioBookAudioPage(815217).AudioBookAudioFile(815217)

2024-04-08 17:36:46,482 <requestor-worker-0:1416405, MainThread:139624799057728> (requestor.py:_fetch_single_async:206 -> middleware.py:apply_async:115) from logger `RFC.middleware_status_code`
[INFO] applied on AudioBookAudioPage(815217).AudioBookAudioFile(815217), sent

2024-04-08 17:36:58,009 <requestor-worker-0:1416405, MainThread:139624799057728> (requestor.py:_fetch_single_async:206 -> middleware.py:apply_async:112) from logger `RFC.middleware_status_code`
[INFO] applying on AudioBookAudioPage(815243).AudioBookAudioFile(815243), received

2024-04-08 17:36:58,012 <requestor-worker-0:1416405, MainThread:139624799057728> (middleware.py:_apply_async:180 -> middleware.py:_apply_sync:169) from logger `RFC.middleware_status_code`
[INFO] status code 200 in response of AudioBookAudioPage(815243).AudioBookAudioFile(815243)

2024-04-08 17:36:58,014 <requestor-worker-0:1416405, MainThread:139624799057728> (requestor.py:_fetch_single_async:206 -> middleware.py:apply_async:115) from logger `RFC.middleware_status_code`
[INFO] applied on AudioBookAudioPage(815243).AudioBookAudioFile(815243), sent

2024-04-08 17:37:10,432 <requestor-worker-0:1416405, MainThread:139624799057728> (requestor.py:_fetch_single_async:206 -> middleware.py:apply_async:112) from logger `RFC.middleware_status_code`
[INFO] applying on AudioBookAudioPage(815062).AudioBookAudioFile(815062), received

2024-04-08 17:37:10,435 <requestor-worker-0:1416405, MainThread:139624799057728> (middleware.py:_apply_async:180 -> middleware.py:_apply_sync:169) from logger `RFC.middleware_status_code`
[INFO] status code 200 in response of AudioBookAudioPage(815062).AudioBookAudioFile(815062)

2024-04-08 17:37:10,439 <requestor-worker-0:1416405, MainThread:139624799057728> (requestor.py:_fetch_single_async:206 -> middleware.py:apply_async:115) from logger `RFC.middleware_status_code`
[INFO] applied on AudioBookAudioPage(815062).AudioBookAudioFile(815062), sent

2024-04-08 17:37:14,798 <requestor-worker-0:1416405, MainThread:139624799057728> (requestor.py:_fetch_single_async:206 -> middleware.py:apply_async:112) from logger `RFC.middleware_status_code`
[INFO] applying on AudioBookAudioPage(815245), received

2024-04-08 17:37:14,799 <requestor-worker-0:1416405, MainThread:139624799057728> (requestor.py:_fetch_single_async:206 -> middleware.py:apply_async:119) from logger `RFC.middleware_status_code`
[ERROR] failed on AudioBookAudioPage(815245), caught error ValueError('unexpected status code 404 in response of AudioBookAudioPage(815245)')

2024-04-08 17:37:21,215 <requestor-worker-0:1416405, MainThread:139624799057728> (requestor.py:_fetch_single_async:206 -> middleware.py:apply_async:112) from logger `RFC.middleware_status_code`
[INFO] applying on AudioBookAudioPage(815244).AudioBookAudioFile(815244), received

2024-04-08 17:37:21,217 <requestor-worker-0:1416405, MainThread:139624799057728> (middleware.py:_apply_async:180 -> middleware.py:_apply_sync:169) from logger `RFC.middleware_status_code`
[INFO] status code 200 in response of AudioBookAudioPage(815244).AudioBookAudioFile(815244)

2024-04-08 17:37:21,218 <requestor-worker-0:1416405, MainThread:139624799057728> (requestor.py:_fetch_single_async:206 -> middleware.py:apply_async:115) from logger `RFC.middleware_status_code`
[INFO] applied on AudioBookAudioPage(815244).AudioBookAudioFile(815244), sent

2024-04-08 17:37:28,809 <requestor-worker-0:1416405, MainThread:139624799057728> (requestor.py:_fetch_single_async:206 -> middleware.py:apply_async:112) from logger `RFC.middleware_status_code`
[INFO] applying on AudioBookAudioPage(815097).AudioBookAudioFile(815097), received

2024-04-08 17:37:28,810 <requestor-worker-0:1416405, MainThread:139624799057728> (middleware.py:_apply_async:180 -> middleware.py:_apply_sync:169) from logger `RFC.middleware_status_code`
[INFO] status code 200 in response of AudioBookAudioPage(815097).AudioBookAudioFile(815097)

2024-04-08 17:37:28,811 <requestor-worker-0:1416405, MainThread:139624799057728> (requestor.py:_fetch_single_async:206 -> middleware.py:apply_async:115) from logger `RFC.middleware_status_code`
[INFO] applied on AudioBookAudioPage(815097).AudioBookAudioFile(815097), sent

2024-04-08 17:37:42,239 <requestor-worker-0:1416405, MainThread:139624799057728> (requestor.py:_fetch_single_async:206 -> middleware.py:apply_async:112) from logger `RFC.middleware_status_code`
[INFO] applying on AudioBookAudioPage(815322).AudioBookAudioFile(815322), received

2024-04-08 17:37:42,240 <requestor-worker-0:1416405, MainThread:139624799057728> (middleware.py:_apply_async:180 -> middleware.py:_apply_sync:169) from logger `RFC.middleware_status_code`
[INFO] status code 200 in response of AudioBookAudioPage(815322).AudioBookAudioFile(815322)

2024-04-08 17:37:42,242 <requestor-worker-0:1416405, MainThread:139624799057728> (requestor.py:_fetch_single_async:206 -> middleware.py:apply_async:115) from logger `RFC.middleware_status_code`
[INFO] applied on AudioBookAudioPage(815322).AudioBookAudioFile(815322), sent

2024-04-08 17:37:43,198 <requestor-worker-0:1416405, MainThread:139624799057728> (requestor.py:_fetch_single_async:206 -> middleware.py:apply_async:112) from logger `RFC.middleware_status_code`
[INFO] applying on AudioBookAudioPage(815217).AudioBookAudioFile(815217), received

2024-04-08 17:37:43,200 <requestor-worker-0:1416405, MainThread:139624799057728> (middleware.py:_apply_async:180 -> middleware.py:_apply_sync:169) from logger `RFC.middleware_status_code`
[INFO] status code 200 in response of AudioBookAudioPage(815217).AudioBookAudioFile(815217)

2024-04-08 17:37:43,202 <requestor-worker-0:1416405, MainThread:139624799057728> (requestor.py:_fetch_single_async:206 -> middleware.py:apply_async:115) from logger `RFC.middleware_status_code`
[INFO] applied on AudioBookAudioPage(815217).AudioBookAudioFile(815217), sent

2024-04-08 17:37:44,352 <requestor-worker-0:1416405, MainThread:139624799057728> (requestor.py:_fetch_single_async:206 -> middleware.py:apply_async:112) from logger `RFC.middleware_status_code`
[INFO] applying on AudioBookAudioPage(815203).AudioBookAudioFile(815203), received

2024-04-08 17:37:44,355 <requestor-worker-0:1416405, MainThread:139624799057728> (middleware.py:_apply_async:180 -> middleware.py:_apply_sync:169) from logger `RFC.middleware_status_code`
[INFO] status code 200 in response of AudioBookAudioPage(815203).AudioBookAudioFile(815203)

2024-04-08 17:37:44,358 <requestor-worker-0:1416405, MainThread:139624799057728> (requestor.py:_fetch_single_async:206 -> middleware.py:apply_async:115) from logger `RFC.middleware_status_code`
[INFO] applied on AudioBookAudioPage(815203).AudioBookAudioFile(815203), sent

2024-04-08 17:37:44,913 <requestor-worker-0:1416405, MainThread:139624799057728> (requestor.py:_fetch_single_async:206 -> middleware.py:apply_async:112) from logger `RFC.middleware_status_code`
[INFO] applying on AudioBookAudioPage(815331).AudioBookAudioFile(815331), received

2024-04-08 17:37:44,916 <requestor-worker-0:1416405, MainThread:139624799057728> (middleware.py:_apply_async:180 -> middleware.py:_apply_sync:169) from logger `RFC.middleware_status_code`
[INFO] status code 200 in response of AudioBookAudioPage(815331).AudioBookAudioFile(815331)

2024-04-08 17:37:44,919 <requestor-worker-0:1416405, MainThread:139624799057728> (requestor.py:_fetch_single_async:206 -> middleware.py:apply_async:115) from logger `RFC.middleware_status_code`
[INFO] applied on AudioBookAudioPage(815331).AudioBookAudioFile(815331), sent

2024-04-08 17:37:45,043 <requestor-worker-0:1416405, MainThread:139624799057728> (requestor.py:_fetch_single_async:206 -> middleware.py:apply_async:112) from logger `RFC.middleware_status_code`
[INFO] applying on AudioBookAudioPage(815039).AudioBookAudioFile(815039), received

2024-04-08 17:37:45,046 <requestor-worker-0:1416405, MainThread:139624799057728> (middleware.py:_apply_async:180 -> middleware.py:_apply_sync:169) from logger `RFC.middleware_status_code`
[INFO] status code 200 in response of AudioBookAudioPage(815039).AudioBookAudioFile(815039)

2024-04-08 17:37:45,049 <requestor-worker-0:1416405, MainThread:139624799057728> (requestor.py:_fetch_single_async:206 -> middleware.py:apply_async:115) from logger `RFC.middleware_status_code`
[INFO] applied on AudioBookAudioPage(815039).AudioBookAudioFile(815039), sent

2024-04-08 17:37:46,217 <requestor-worker-0:1416405, MainThread:139624799057728> (requestor.py:_fetch_single_async:206 -> middleware.py:apply_async:112) from logger `RFC.middleware_status_code`
[INFO] applying on AudioBookAudioPage(815028).AudioBookAudioFile(815028), received

2024-04-08 17:37:46,219 <requestor-worker-0:1416405, MainThread:139624799057728> (middleware.py:_apply_async:180 -> middleware.py:_apply_sync:169) from logger `RFC.middleware_status_code`
[INFO] status code 200 in response of AudioBookAudioPage(815028).AudioBookAudioFile(815028)

2024-04-08 17:37:46,221 <requestor-worker-0:1416405, MainThread:139624799057728> (requestor.py:_fetch_single_async:206 -> middleware.py:apply_async:115) from logger `RFC.middleware_status_code`
[INFO] applied on AudioBookAudioPage(815028).AudioBookAudioFile(815028), sent

2024-04-08 17:37:47,861 <requestor-worker-0:1416405, MainThread:139624799057728> (requestor.py:_fetch_single_async:206 -> middleware.py:apply_async:112) from logger `RFC.middleware_status_code`
[INFO] applying on AudioBookAudioPage(815226).AudioBookAudioFile(815226), received

2024-04-08 17:37:47,862 <requestor-worker-0:1416405, MainThread:139624799057728> (middleware.py:_apply_async:180 -> middleware.py:_apply_sync:169) from logger `RFC.middleware_status_code`
[INFO] status code 200 in response of AudioBookAudioPage(815226).AudioBookAudioFile(815226)

2024-04-08 17:37:47,864 <requestor-worker-0:1416405, MainThread:139624799057728> (requestor.py:_fetch_single_async:206 -> middleware.py:apply_async:115) from logger `RFC.middleware_status_code`
[INFO] applied on AudioBookAudioPage(815226).AudioBookAudioFile(815226), sent

2024-04-08 17:37:48,714 <requestor-worker-0:1416405, MainThread:139624799057728> (requestor.py:_fetch_single_async:206 -> middleware.py:apply_async:112) from logger `RFC.middleware_status_code`
[INFO] applying on AudioBookAudioPage(815337).AudioBookAudioFile(815337), received

2024-04-08 17:37:48,716 <requestor-worker-0:1416405, MainThread:139624799057728> (middleware.py:_apply_async:180 -> middleware.py:_apply_sync:169) from logger `RFC.middleware_status_code`
[INFO] status code 200 in response of AudioBookAudioPage(815337).AudioBookAudioFile(815337)

2024-04-08 17:37:48,718 <requestor-worker-0:1416405, MainThread:139624799057728> (requestor.py:_fetch_single_async:206 -> middleware.py:apply_async:115) from logger `RFC.middleware_status_code`
[INFO] applied on AudioBookAudioPage(815337).AudioBookAudioFile(815337), sent

2024-04-08 17:37:59,105 <requestor-worker-0:1416405, MainThread:139624799057728> (requestor.py:_fetch_single_async:206 -> middleware.py:apply_async:112) from logger `RFC.middleware_status_code`
[INFO] applying on AudioBookAudioPage(815243).AudioBookAudioFile(815243), received

2024-04-08 17:37:59,107 <requestor-worker-0:1416405, MainThread:139624799057728> (middleware.py:_apply_async:180 -> middleware.py:_apply_sync:169) from logger `RFC.middleware_status_code`
[INFO] status code 200 in response of AudioBookAudioPage(815243).AudioBookAudioFile(815243)

2024-04-08 17:37:59,110 <requestor-worker-0:1416405, MainThread:139624799057728> (requestor.py:_fetch_single_async:206 -> middleware.py:apply_async:115) from logger `RFC.middleware_status_code`
[INFO] applied on AudioBookAudioPage(815243).AudioBookAudioFile(815243), sent

2024-04-08 17:38:07,615 <requestor-worker-0:1416405, MainThread:139624799057728> (requestor.py:_fetch_single_async:206 -> middleware.py:apply_async:112) from logger `RFC.middleware_status_code`
[INFO] applying on AudioBookAudioPage(815356).AudioBookAudioFile(815356), received

2024-04-08 17:38:07,617 <requestor-worker-0:1416405, MainThread:139624799057728> (middleware.py:_apply_async:180 -> middleware.py:_apply_sync:169) from logger `RFC.middleware_status_code`
[INFO] status code 200 in response of AudioBookAudioPage(815356).AudioBookAudioFile(815356)

2024-04-08 17:38:07,620 <requestor-worker-0:1416405, MainThread:139624799057728> (requestor.py:_fetch_single_async:206 -> middleware.py:apply_async:115) from logger `RFC.middleware_status_code`
[INFO] applied on AudioBookAudioPage(815356).AudioBookAudioFile(815356), sent

2024-04-08 17:38:26,272 <requestor-worker-0:1416405, MainThread:139624799057728> (requestor.py:_fetch_single_async:206 -> middleware.py:apply_async:112) from logger `RFC.middleware_status_code`
[INFO] applying on AudioBookAudioPage(815244).AudioBookAudioFile(815244), received

2024-04-08 17:38:26,275 <requestor-worker-0:1416405, MainThread:139624799057728> (middleware.py:_apply_async:180 -> middleware.py:_apply_sync:169) from logger `RFC.middleware_status_code`
[INFO] status code 200 in response of AudioBookAudioPage(815244).AudioBookAudioFile(815244)

2024-04-08 17:38:26,278 <requestor-worker-0:1416405, MainThread:139624799057728> (requestor.py:_fetch_single_async:206 -> middleware.py:apply_async:115) from logger `RFC.middleware_status_code`
[INFO] applied on AudioBookAudioPage(815244).AudioBookAudioFile(815244), sent

2024-04-08 17:38:32,591 <requestor-worker-0:1416405, MainThread:139624799057728> (requestor.py:_fetch_single_async:206 -> middleware.py:apply_async:112) from logger `RFC.middleware_status_code`
[INFO] applying on AudioBookAudioPage(815097).AudioBookAudioFile(815097), received

2024-04-08 17:38:32,593 <requestor-worker-0:1416405, MainThread:139624799057728> (middleware.py:_apply_async:180 -> middleware.py:_apply_sync:169) from logger `RFC.middleware_status_code`
[INFO] status code 200 in response of AudioBookAudioPage(815097).AudioBookAudioFile(815097)

2024-04-08 17:38:32,595 <requestor-worker-0:1416405, MainThread:139624799057728> (requestor.py:_fetch_single_async:206 -> middleware.py:apply_async:115) from logger `RFC.middleware_status_code`
[INFO] applied on AudioBookAudioPage(815097).AudioBookAudioFile(815097), sent

2024-04-08 17:38:43,206 <requestor-worker-0:1416405, MainThread:139624799057728> (requestor.py:_fetch_single_async:206 -> middleware.py:apply_async:112) from logger `RFC.middleware_status_code`
[INFO] applying on AudioBookAudioPage(815322).AudioBookAudioFile(815322), received

2024-04-08 17:38:43,209 <requestor-worker-0:1416405, MainThread:139624799057728> (middleware.py:_apply_async:180 -> middleware.py:_apply_sync:169) from logger `RFC.middleware_status_code`
[INFO] status code 200 in response of AudioBookAudioPage(815322).AudioBookAudioFile(815322)

2024-04-08 17:38:43,212 <requestor-worker-0:1416405, MainThread:139624799057728> (requestor.py:_fetch_single_async:206 -> middleware.py:apply_async:115) from logger `RFC.middleware_status_code`
[INFO] applied on AudioBookAudioPage(815322).AudioBookAudioFile(815322), sent

2024-04-08 17:38:43,329 <requestor-worker-0:1416405, MainThread:139624799057728> (requestor.py:_fetch_single_async:206 -> middleware.py:apply_async:112) from logger `RFC.middleware_status_code`
[INFO] applying on AudioBookAudioPage(815337).AudioBookAudioFile(815337), received

2024-04-08 17:38:43,331 <requestor-worker-0:1416405, MainThread:139624799057728> (middleware.py:_apply_async:180 -> middleware.py:_apply_sync:169) from logger `RFC.middleware_status_code`
[INFO] status code 200 in response of AudioBookAudioPage(815337).AudioBookAudioFile(815337)

2024-04-08 17:38:43,334 <requestor-worker-0:1416405, MainThread:139624799057728> (requestor.py:_fetch_single_async:206 -> middleware.py:apply_async:115) from logger `RFC.middleware_status_code`
[INFO] applied on AudioBookAudioPage(815337).AudioBookAudioFile(815337), sent

2024-04-08 17:38:44,857 <requestor-worker-0:1416405, MainThread:139624799057728> (requestor.py:_fetch_single_async:206 -> middleware.py:apply_async:112) from logger `RFC.middleware_status_code`
[INFO] applying on AudioBookAudioPage(815442).AudioBookAudioFile(815442), received

2024-04-08 17:38:44,860 <requestor-worker-0:1416405, MainThread:139624799057728> (middleware.py:_apply_async:180 -> middleware.py:_apply_sync:169) from logger `RFC.middleware_status_code`
[INFO] status code 200 in response of AudioBookAudioPage(815442).AudioBookAudioFile(815442)

2024-04-08 17:38:44,864 <requestor-worker-0:1416405, MainThread:139624799057728> (requestor.py:_fetch_single_async:206 -> middleware.py:apply_async:115) from logger `RFC.middleware_status_code`
[INFO] applied on AudioBookAudioPage(815442).AudioBookAudioFile(815442), sent

2024-04-08 17:38:46,487 <requestor-worker-0:1416405, MainThread:139624799057728> (requestor.py:_fetch_single_async:206 -> middleware.py:apply_async:112) from logger `RFC.middleware_status_code`
[INFO] applying on AudioBookAudioPage(815217).AudioBookAudioFile(815217), received

2024-04-08 17:38:46,490 <requestor-worker-0:1416405, MainThread:139624799057728> (middleware.py:_apply_async:180 -> middleware.py:_apply_sync:169) from logger `RFC.middleware_status_code`
[INFO] status code 200 in response of AudioBookAudioPage(815217).AudioBookAudioFile(815217)

2024-04-08 17:38:46,493 <requestor-worker-0:1416405, MainThread:139624799057728> (requestor.py:_fetch_single_async:206 -> middleware.py:apply_async:115) from logger `RFC.middleware_status_code`
[INFO] applied on AudioBookAudioPage(815217).AudioBookAudioFile(815217), sent

2024-04-08 17:38:46,907 <requestor-worker-0:1416405, MainThread:139624799057728> (requestor.py:_fetch_single_async:206 -> middleware.py:apply_async:112) from logger `RFC.middleware_status_code`
[INFO] applying on AudioBookAudioPage(815226).AudioBookAudioFile(815226), received

2024-04-08 17:38:46,910 <requestor-worker-0:1416405, MainThread:139624799057728> (middleware.py:_apply_async:180 -> middleware.py:_apply_sync:169) from logger `RFC.middleware_status_code`
[INFO] status code 200 in response of AudioBookAudioPage(815226).AudioBookAudioFile(815226)

2024-04-08 17:38:46,913 <requestor-worker-0:1416405, MainThread:139624799057728> (requestor.py:_fetch_single_async:206 -> middleware.py:apply_async:115) from logger `RFC.middleware_status_code`
[INFO] applied on AudioBookAudioPage(815226).AudioBookAudioFile(815226), sent

2024-04-08 17:38:47,422 <requestor-worker-0:1416405, MainThread:139624799057728> (requestor.py:_fetch_single_async:206 -> middleware.py:apply_async:112) from logger `RFC.middleware_status_code`
[INFO] applying on AudioBookAudioPage(815446).AudioBookAudioFile(815446), received

2024-04-08 17:38:47,423 <requestor-worker-0:1416405, MainThread:139624799057728> (middleware.py:_apply_async:180 -> middleware.py:_apply_sync:169) from logger `RFC.middleware_status_code`
[INFO] status code 200 in response of AudioBookAudioPage(815446).AudioBookAudioFile(815446)

2024-04-08 17:38:47,424 <requestor-worker-0:1416405, MainThread:139624799057728> (requestor.py:_fetch_single_async:206 -> middleware.py:apply_async:115) from logger `RFC.middleware_status_code`
[INFO] applied on AudioBookAudioPage(815446).AudioBookAudioFile(815446), sent

2024-04-08 17:38:49,817 <requestor-worker-0:1416405, MainThread:139624799057728> (requestor.py:_fetch_single_async:206 -> middleware.py:apply_async:112) from logger `RFC.middleware_status_code`
[INFO] applying on AudioBookAudioPage(815331).AudioBookAudioFile(815331), received

2024-04-08 17:38:49,819 <requestor-worker-0:1416405, MainThread:139624799057728> (middleware.py:_apply_async:180 -> middleware.py:_apply_sync:169) from logger `RFC.middleware_status_code`
[INFO] status code 200 in response of AudioBookAudioPage(815331).AudioBookAudioFile(815331)

2024-04-08 17:38:49,822 <requestor-worker-0:1416405, MainThread:139624799057728> (requestor.py:_fetch_single_async:206 -> middleware.py:apply_async:115) from logger `RFC.middleware_status_code`
[INFO] applied on AudioBookAudioPage(815331).AudioBookAudioFile(815331), sent

2024-04-08 17:38:54,036 <requestor-worker-0:1416405, MainThread:139624799057728> (requestor.py:_fetch_single_async:206 -> middleware.py:apply_async:112) from logger `RFC.middleware_status_code`
[INFO] applying on AudioBookAudioPage(815203).AudioBookAudioFile(815203), received

2024-04-08 17:38:54,039 <requestor-worker-0:1416405, MainThread:139624799057728> (middleware.py:_apply_async:180 -> middleware.py:_apply_sync:169) from logger `RFC.middleware_status_code`
[INFO] status code 200 in response of AudioBookAudioPage(815203).AudioBookAudioFile(815203)

2024-04-08 17:38:54,042 <requestor-worker-0:1416405, MainThread:139624799057728> (requestor.py:_fetch_single_async:206 -> middleware.py:apply_async:115) from logger `RFC.middleware_status_code`
[INFO] applied on AudioBookAudioPage(815203).AudioBookAudioFile(815203), sent

2024-04-08 17:39:01,086 <requestor-worker-0:1416405, MainThread:139624799057728> (requestor.py:_fetch_single_async:206 -> middleware.py:apply_async:112) from logger `RFC.middleware_status_code`
[INFO] applying on AudioBookAudioPage(815243).AudioBookAudioFile(815243), received

2024-04-08 17:39:01,089 <requestor-worker-0:1416405, MainThread:139624799057728> (middleware.py:_apply_async:180 -> middleware.py:_apply_sync:169) from logger `RFC.middleware_status_code`
[INFO] status code 200 in response of AudioBookAudioPage(815243).AudioBookAudioFile(815243)

2024-04-08 17:39:01,092 <requestor-worker-0:1416405, MainThread:139624799057728> (requestor.py:_fetch_single_async:206 -> middleware.py:apply_async:115) from logger `RFC.middleware_status_code`
[INFO] applied on AudioBookAudioPage(815243).AudioBookAudioFile(815243), sent

2024-04-08 17:39:08,682 <requestor-worker-0:1416405, MainThread:139624799057728> (requestor.py:_fetch_single_async:206 -> middleware.py:apply_async:112) from logger `RFC.middleware_status_code`
[INFO] applying on AudioBookAudioPage(815356).AudioBookAudioFile(815356), received

2024-04-08 17:39:08,684 <requestor-worker-0:1416405, MainThread:139624799057728> (middleware.py:_apply_async:180 -> middleware.py:_apply_sync:169) from logger `RFC.middleware_status_code`
[INFO] status code 200 in response of AudioBookAudioPage(815356).AudioBookAudioFile(815356)

2024-04-08 17:39:08,687 <requestor-worker-0:1416405, MainThread:139624799057728> (requestor.py:_fetch_single_async:206 -> middleware.py:apply_async:115) from logger `RFC.middleware_status_code`
[INFO] applied on AudioBookAudioPage(815356).AudioBookAudioFile(815356), sent

2024-04-08 17:39:24,249 <requestor-worker-0:1416405, MainThread:139624799057728> (requestor.py:_fetch_single_async:206 -> middleware.py:apply_async:112) from logger `RFC.middleware_status_code`
[INFO] applying on AudioBookAudioPage(815244).AudioBookAudioFile(815244), received

2024-04-08 17:39:24,250 <requestor-worker-0:1416405, MainThread:139624799057728> (middleware.py:_apply_async:180 -> middleware.py:_apply_sync:169) from logger `RFC.middleware_status_code`
[INFO] status code 200 in response of AudioBookAudioPage(815244).AudioBookAudioFile(815244)

2024-04-08 17:39:24,251 <requestor-worker-0:1416405, MainThread:139624799057728> (requestor.py:_fetch_single_async:206 -> middleware.py:apply_async:115) from logger `RFC.middleware_status_code`
[INFO] applied on AudioBookAudioPage(815244).AudioBookAudioFile(815244), sent

2024-04-08 17:39:30,598 <requestor-worker-0:1416405, MainThread:139624799057728> (requestor.py:_fetch_single_async:206 -> middleware.py:apply_async:112) from logger `RFC.middleware_status_code`
[INFO] applying on AudioBookAudioPage(815473), received

2024-04-08 17:39:30,600 <requestor-worker-0:1416405, MainThread:139624799057728> (middleware.py:_apply_async:180 -> middleware.py:_apply_sync:169) from logger `RFC.middleware_status_code`
[INFO] status code 200 in response of AudioBookAudioPage(815473)

2024-04-08 17:39:30,603 <requestor-worker-0:1416405, MainThread:139624799057728> (requestor.py:_fetch_single_async:206 -> middleware.py:apply_async:115) from logger `RFC.middleware_status_code`
[INFO] applied on AudioBookAudioPage(815473), sent

2024-04-08 17:39:39,217 <requestor-worker-0:1416405, MainThread:139624799057728> (requestor.py:_fetch_single_async:206 -> middleware.py:apply_async:112) from logger `RFC.middleware_status_code`
[INFO] applying on AudioBookAudioPage(815498).AudioBookAudioFile(815498), received

2024-04-08 17:39:39,219 <requestor-worker-0:1416405, MainThread:139624799057728> (middleware.py:_apply_async:180 -> middleware.py:_apply_sync:169) from logger `RFC.middleware_status_code`
[INFO] status code 200 in response of AudioBookAudioPage(815498).AudioBookAudioFile(815498)

2024-04-08 17:39:39,220 <requestor-worker-0:1416405, MainThread:139624799057728> (requestor.py:_fetch_single_async:206 -> middleware.py:apply_async:115) from logger `RFC.middleware_status_code`
[INFO] applied on AudioBookAudioPage(815498).AudioBookAudioFile(815498), sent

2024-04-08 17:39:47,010 <requestor-worker-0:1416405, MainThread:139624799057728> (requestor.py:_fetch_single_async:206 -> middleware.py:apply_async:112) from logger `RFC.middleware_status_code`
[INFO] applying on AudioBookAudioPage(815322).AudioBookAudioFile(815322), received

2024-04-08 17:39:47,013 <requestor-worker-0:1416405, MainThread:139624799057728> (middleware.py:_apply_async:180 -> middleware.py:_apply_sync:169) from logger `RFC.middleware_status_code`
[INFO] status code 200 in response of AudioBookAudioPage(815322).AudioBookAudioFile(815322)

2024-04-08 17:39:47,016 <requestor-worker-0:1416405, MainThread:139624799057728> (requestor.py:_fetch_single_async:206 -> middleware.py:apply_async:115) from logger `RFC.middleware_status_code`
[INFO] applied on AudioBookAudioPage(815322).AudioBookAudioFile(815322), sent

2024-04-08 17:39:47,713 <requestor-worker-0:1416405, MainThread:139624799057728> (requestor.py:_fetch_single_async:206 -> middleware.py:apply_async:112) from logger `RFC.middleware_status_code`
[INFO] applying on AudioBookAudioPage(815203).AudioBookAudioFile(815203), received

2024-04-08 17:39:47,714 <requestor-worker-0:1416405, MainThread:139624799057728> (middleware.py:_apply_async:180 -> middleware.py:_apply_sync:169) from logger `RFC.middleware_status_code`
[INFO] status code 200 in response of AudioBookAudioPage(815203).AudioBookAudioFile(815203)

2024-04-08 17:39:47,715 <requestor-worker-0:1416405, MainThread:139624799057728> (requestor.py:_fetch_single_async:206 -> middleware.py:apply_async:115) from logger `RFC.middleware_status_code`
[INFO] applied on AudioBookAudioPage(815203).AudioBookAudioFile(815203), sent

2024-04-08 17:39:48,886 <requestor-worker-0:1416405, MainThread:139624799057728> (requestor.py:_fetch_single_async:206 -> middleware.py:apply_async:112) from logger `RFC.middleware_status_code`
[INFO] applying on AudioBookAudioPage(815337).AudioBookAudioFile(815337), received

2024-04-08 17:39:48,889 <requestor-worker-0:1416405, MainThread:139624799057728> (middleware.py:_apply_async:180 -> middleware.py:_apply_sync:169) from logger `RFC.middleware_status_code`
[INFO] status code 200 in response of AudioBookAudioPage(815337).AudioBookAudioFile(815337)

2024-04-08 17:39:48,892 <requestor-worker-0:1416405, MainThread:139624799057728> (requestor.py:_fetch_single_async:206 -> middleware.py:apply_async:115) from logger `RFC.middleware_status_code`
[INFO] applied on AudioBookAudioPage(815337).AudioBookAudioFile(815337), sent

2024-04-08 17:39:49,028 <requestor-worker-0:1416405, MainThread:139624799057728> (requestor.py:_fetch_single_async:206 -> middleware.py:apply_async:112) from logger `RFC.middleware_status_code`
[INFO] applying on AudioBookAudioPage(815226).AudioBookAudioFile(815226), received

2024-04-08 17:39:49,030 <requestor-worker-0:1416405, MainThread:139624799057728> (middleware.py:_apply_async:180 -> middleware.py:_apply_sync:169) from logger `RFC.middleware_status_code`
[INFO] status code 200 in response of AudioBookAudioPage(815226).AudioBookAudioFile(815226)

2024-04-08 17:39:49,033 <requestor-worker-0:1416405, MainThread:139624799057728> (requestor.py:_fetch_single_async:206 -> middleware.py:apply_async:115) from logger `RFC.middleware_status_code`
[INFO] applied on AudioBookAudioPage(815226).AudioBookAudioFile(815226), sent

2024-04-08 17:39:49,501 <requestor-worker-0:1416405, MainThread:139624799057728> (requestor.py:_fetch_single_async:206 -> middleware.py:apply_async:112) from logger `RFC.middleware_status_code`
[INFO] applying on AudioBookAudioPage(815442).AudioBookAudioFile(815442), received

2024-04-08 17:39:49,504 <requestor-worker-0:1416405, MainThread:139624799057728> (middleware.py:_apply_async:180 -> middleware.py:_apply_sync:169) from logger `RFC.middleware_status_code`
[INFO] status code 200 in response of AudioBookAudioPage(815442).AudioBookAudioFile(815442)

2024-04-08 17:39:49,507 <requestor-worker-0:1416405, MainThread:139624799057728> (requestor.py:_fetch_single_async:206 -> middleware.py:apply_async:115) from logger `RFC.middleware_status_code`
[INFO] applied on AudioBookAudioPage(815442).AudioBookAudioFile(815442), sent

2024-04-08 17:39:50,108 <requestor-worker-0:1416405, MainThread:139624799057728> (requestor.py:_fetch_single_async:206 -> middleware.py:apply_async:112) from logger `RFC.middleware_status_code`
[INFO] applying on AudioBookAudioPage(815217).AudioBookAudioFile(815217), received

2024-04-08 17:39:50,111 <requestor-worker-0:1416405, MainThread:139624799057728> (middleware.py:_apply_async:180 -> middleware.py:_apply_sync:169) from logger `RFC.middleware_status_code`
[INFO] status code 200 in response of AudioBookAudioPage(815217).AudioBookAudioFile(815217)

2024-04-08 17:39:50,114 <requestor-worker-0:1416405, MainThread:139624799057728> (requestor.py:_fetch_single_async:206 -> middleware.py:apply_async:115) from logger `RFC.middleware_status_code`
[INFO] applied on AudioBookAudioPage(815217).AudioBookAudioFile(815217), sent

2024-04-08 17:39:50,640 <requestor-worker-0:1416405, MainThread:139624799057728> (requestor.py:_fetch_single_async:206 -> middleware.py:apply_async:112) from logger `RFC.middleware_status_code`
[INFO] applying on AudioBookAudioPage(815446).AudioBookAudioFile(815446), received

2024-04-08 17:39:50,642 <requestor-worker-0:1416405, MainThread:139624799057728> (middleware.py:_apply_async:180 -> middleware.py:_apply_sync:169) from logger `RFC.middleware_status_code`
[INFO] status code 200 in response of AudioBookAudioPage(815446).AudioBookAudioFile(815446)

2024-04-08 17:39:50,645 <requestor-worker-0:1416405, MainThread:139624799057728> (requestor.py:_fetch_single_async:206 -> middleware.py:apply_async:115) from logger `RFC.middleware_status_code`
[INFO] applied on AudioBookAudioPage(815446).AudioBookAudioFile(815446), sent

2024-04-08 17:40:01,792 <requestor-worker-0:1416405, MainThread:139624799057728> (requestor.py:_fetch_single_async:206 -> middleware.py:apply_async:112) from logger `RFC.middleware_status_code`
[INFO] applying on AudioBookAudioPage(815243).AudioBookAudioFile(815243), received

2024-04-08 17:40:01,795 <requestor-worker-0:1416405, MainThread:139624799057728> (middleware.py:_apply_async:180 -> middleware.py:_apply_sync:169) from logger `RFC.middleware_status_code`
[INFO] status code 200 in response of AudioBookAudioPage(815243).AudioBookAudioFile(815243)

2024-04-08 17:40:01,797 <requestor-worker-0:1416405, MainThread:139624799057728> (requestor.py:_fetch_single_async:206 -> middleware.py:apply_async:115) from logger `RFC.middleware_status_code`
[INFO] applied on AudioBookAudioPage(815243).AudioBookAudioFile(815243), sent

2024-04-08 17:40:03,523 <requestor-worker-0:1416405, MainThread:139624799057728> (requestor.py:_fetch_single_async:206 -> middleware.py:apply_async:112) from logger `RFC.middleware_status_code`
[INFO] applying on AudioBookAudioPage(815331).AudioBookAudioFile(815331), received

2024-04-08 17:40:03,525 <requestor-worker-0:1416405, MainThread:139624799057728> (middleware.py:_apply_async:180 -> middleware.py:_apply_sync:169) from logger `RFC.middleware_status_code`
[INFO] status code 200 in response of AudioBookAudioPage(815331).AudioBookAudioFile(815331)

2024-04-08 17:40:03,528 <requestor-worker-0:1416405, MainThread:139624799057728> (requestor.py:_fetch_single_async:206 -> middleware.py:apply_async:115) from logger `RFC.middleware_status_code`
[INFO] applied on AudioBookAudioPage(815331).AudioBookAudioFile(815331), sent

2024-04-08 17:40:09,489 <requestor-worker-0:1416405, MainThread:139624799057728> (requestor.py:_fetch_single_async:206 -> middleware.py:apply_async:112) from logger `RFC.middleware_status_code`
[INFO] applying on AudioBookAudioPage(815356).AudioBookAudioFile(815356), received

2024-04-08 17:40:09,490 <requestor-worker-0:1416405, MainThread:139624799057728> (middleware.py:_apply_async:180 -> middleware.py:_apply_sync:169) from logger `RFC.middleware_status_code`
[INFO] status code 200 in response of AudioBookAudioPage(815356).AudioBookAudioFile(815356)

2024-04-08 17:40:09,491 <requestor-worker-0:1416405, MainThread:139624799057728> (requestor.py:_fetch_single_async:206 -> middleware.py:apply_async:115) from logger `RFC.middleware_status_code`
[INFO] applied on AudioBookAudioPage(815356).AudioBookAudioFile(815356), sent

2024-04-08 17:40:35,347 <requestor-worker-0:1416405, MainThread:139624799057728> (requestor.py:_fetch_single_async:206 -> middleware.py:apply_async:112) from logger `RFC.middleware_status_code`
[INFO] applying on AudioBookAudioPage(815498).AudioBookAudioFile(815498), received

2024-04-08 17:40:35,349 <requestor-worker-0:1416405, MainThread:139624799057728> (middleware.py:_apply_async:180 -> middleware.py:_apply_sync:169) from logger `RFC.middleware_status_code`
[INFO] status code 200 in response of AudioBookAudioPage(815498).AudioBookAudioFile(815498)

2024-04-08 17:40:35,351 <requestor-worker-0:1416405, MainThread:139624799057728> (requestor.py:_fetch_single_async:206 -> middleware.py:apply_async:115) from logger `RFC.middleware_status_code`
[INFO] applied on AudioBookAudioPage(815498).AudioBookAudioFile(815498), sent

2024-04-08 17:40:50,245 <requestor-worker-0:1416405, MainThread:139624799057728> (requestor.py:_fetch_single_async:206 -> middleware.py:apply_async:112) from logger `RFC.middleware_status_code`
[INFO] applying on AudioBookAudioPage(815337).AudioBookAudioFile(815337), received

2024-04-08 17:40:50,247 <requestor-worker-0:1416405, MainThread:139624799057728> (middleware.py:_apply_async:180 -> middleware.py:_apply_sync:169) from logger `RFC.middleware_status_code`
[INFO] status code 200 in response of AudioBookAudioPage(815337).AudioBookAudioFile(815337)

2024-04-08 17:40:50,250 <requestor-worker-0:1416405, MainThread:139624799057728> (requestor.py:_fetch_single_async:206 -> middleware.py:apply_async:115) from logger `RFC.middleware_status_code`
[INFO] applied on AudioBookAudioPage(815337).AudioBookAudioFile(815337), sent

2024-04-08 17:40:50,433 <requestor-worker-0:1416405, MainThread:139624799057728> (requestor.py:_fetch_single_async:206 -> middleware.py:apply_async:112) from logger `RFC.middleware_status_code`
[INFO] applying on AudioBookAudioPage(815446).AudioBookAudioFile(815446), received

2024-04-08 17:40:50,435 <requestor-worker-0:1416405, MainThread:139624799057728> (middleware.py:_apply_async:180 -> middleware.py:_apply_sync:169) from logger `RFC.middleware_status_code`
[INFO] status code 200 in response of AudioBookAudioPage(815446).AudioBookAudioFile(815446)

2024-04-08 17:40:50,437 <requestor-worker-0:1416405, MainThread:139624799057728> (requestor.py:_fetch_single_async:206 -> middleware.py:apply_async:115) from logger `RFC.middleware_status_code`
[INFO] applied on AudioBookAudioPage(815446).AudioBookAudioFile(815446), sent

2024-04-08 17:40:51,582 <requestor-worker-0:1416405, MainThread:139624799057728> (requestor.py:_fetch_single_async:206 -> middleware.py:apply_async:112) from logger `RFC.middleware_status_code`
[INFO] applying on AudioBookAudioPage(815442).AudioBookAudioFile(815442), received

2024-04-08 17:40:51,585 <requestor-worker-0:1416405, MainThread:139624799057728> (middleware.py:_apply_async:180 -> middleware.py:_apply_sync:169) from logger `RFC.middleware_status_code`
[INFO] status code 200 in response of AudioBookAudioPage(815442).AudioBookAudioFile(815442)

2024-04-08 17:40:51,588 <requestor-worker-0:1416405, MainThread:139624799057728> (requestor.py:_fetch_single_async:206 -> middleware.py:apply_async:115) from logger `RFC.middleware_status_code`
[INFO] applied on AudioBookAudioPage(815442).AudioBookAudioFile(815442), sent

2024-04-08 17:40:54,571 <requestor-worker-0:1416405, MainThread:139624799057728> (requestor.py:_fetch_single_async:206 -> middleware.py:apply_async:112) from logger `RFC.middleware_status_code`
[INFO] applying on AudioBookAudioPage(815572).AudioBookAudioFile(815572), received

2024-04-08 17:40:54,573 <requestor-worker-0:1416405, MainThread:139624799057728> (middleware.py:_apply_async:180 -> middleware.py:_apply_sync:169) from logger `RFC.middleware_status_code`
[INFO] status code 200 in response of AudioBookAudioPage(815572).AudioBookAudioFile(815572)

2024-04-08 17:40:54,576 <requestor-worker-0:1416405, MainThread:139624799057728> (requestor.py:_fetch_single_async:206 -> middleware.py:apply_async:115) from logger `RFC.middleware_status_code`
[INFO] applied on AudioBookAudioPage(815572).AudioBookAudioFile(815572), sent

2024-04-08 17:40:58,688 <requestor-worker-0:1416405, MainThread:139624799057728> (requestor.py:_fetch_single_async:206 -> middleware.py:apply_async:112) from logger `RFC.middleware_status_code`
[INFO] applying on AudioBookAudioPage(815570).AudioBookAudioFile(815570), received

2024-04-08 17:40:58,691 <requestor-worker-0:1416405, MainThread:139624799057728> (middleware.py:_apply_async:180 -> middleware.py:_apply_sync:169) from logger `RFC.middleware_status_code`
[INFO] status code 200 in response of AudioBookAudioPage(815570).AudioBookAudioFile(815570)

2024-04-08 17:40:58,693 <requestor-worker-0:1416405, MainThread:139624799057728> (requestor.py:_fetch_single_async:206 -> middleware.py:apply_async:115) from logger `RFC.middleware_status_code`
[INFO] applied on AudioBookAudioPage(815570).AudioBookAudioFile(815570), sent

2024-04-08 17:41:02,716 <requestor-worker-0:1416405, MainThread:139624799057728> (requestor.py:_fetch_single_async:206 -> middleware.py:apply_async:112) from logger `RFC.middleware_status_code`
[INFO] applying on AudioBookAudioPage(815571).AudioBookAudioFile(815571), received

2024-04-08 17:41:02,718 <requestor-worker-0:1416405, MainThread:139624799057728> (middleware.py:_apply_async:180 -> middleware.py:_apply_sync:169) from logger `RFC.middleware_status_code`
[INFO] status code 200 in response of AudioBookAudioPage(815571).AudioBookAudioFile(815571)

2024-04-08 17:41:02,719 <requestor-worker-0:1416405, MainThread:139624799057728> (requestor.py:_fetch_single_async:206 -> middleware.py:apply_async:115) from logger `RFC.middleware_status_code`
[INFO] applied on AudioBookAudioPage(815571).AudioBookAudioFile(815571), sent

2024-04-08 17:41:03,751 <requestor-worker-0:1416405, MainThread:139624799057728> (requestor.py:_fetch_single_async:206 -> middleware.py:apply_async:112) from logger `RFC.middleware_status_code`
[INFO] applying on AudioBookAudioPage(815322).AudioBookAudioFile(815322), received

2024-04-08 17:41:03,752 <requestor-worker-0:1416405, MainThread:139624799057728> (middleware.py:_apply_async:180 -> middleware.py:_apply_sync:169) from logger `RFC.middleware_status_code`
[INFO] status code 200 in response of AudioBookAudioPage(815322).AudioBookAudioFile(815322)

2024-04-08 17:41:03,754 <requestor-worker-0:1416405, MainThread:139624799057728> (requestor.py:_fetch_single_async:206 -> middleware.py:apply_async:115) from logger `RFC.middleware_status_code`
[INFO] applied on AudioBookAudioPage(815322).AudioBookAudioFile(815322), sent

2024-04-08 17:41:12,527 <requestor-worker-0:1416405, MainThread:139624799057728> (requestor.py:_fetch_single_async:206 -> middleware.py:apply_async:112) from logger `RFC.middleware_status_code`
[INFO] applying on AudioBookAudioPage(815648).AudioBookAudioFile(815648), received

2024-04-08 17:41:12,530 <requestor-worker-0:1416405, MainThread:139624799057728> (middleware.py:_apply_async:180 -> middleware.py:_apply_sync:169) from logger `RFC.middleware_status_code`
[INFO] status code 200 in response of AudioBookAudioPage(815648).AudioBookAudioFile(815648)

2024-04-08 17:41:12,533 <requestor-worker-0:1416405, MainThread:139624799057728> (requestor.py:_fetch_single_async:206 -> middleware.py:apply_async:115) from logger `RFC.middleware_status_code`
[INFO] applied on AudioBookAudioPage(815648).AudioBookAudioFile(815648), sent

2024-04-08 17:41:13,529 <requestor-worker-0:1416405, MainThread:139624799057728> (requestor.py:_fetch_single_async:206 -> middleware.py:apply_async:112) from logger `RFC.middleware_status_code`
[INFO] applying on AudioBookAudioPage(815652).AudioBookAudioFile(815652), received

2024-04-08 17:41:13,531 <requestor-worker-0:1416405, MainThread:139624799057728> (middleware.py:_apply_async:180 -> middleware.py:_apply_sync:169) from logger `RFC.middleware_status_code`
[INFO] status code 200 in response of AudioBookAudioPage(815652).AudioBookAudioFile(815652)

2024-04-08 17:41:13,533 <requestor-worker-0:1416405, MainThread:139624799057728> (requestor.py:_fetch_single_async:206 -> middleware.py:apply_async:115) from logger `RFC.middleware_status_code`
[INFO] applied on AudioBookAudioPage(815652).AudioBookAudioFile(815652), sent

2024-04-08 17:41:16,353 <requestor-worker-0:1416405, MainThread:139624799057728> (requestor.py:_fetch_single_async:206 -> middleware.py:apply_async:112) from logger `RFC.middleware_status_code`
[INFO] applying on AudioBookAudioPage(815356).AudioBookAudioFile(815356), received

2024-04-08 17:41:16,356 <requestor-worker-0:1416405, MainThread:139624799057728> (middleware.py:_apply_async:180 -> middleware.py:_apply_sync:169) from logger `RFC.middleware_status_code`
[INFO] status code 200 in response of AudioBookAudioPage(815356).AudioBookAudioFile(815356)

2024-04-08 17:41:16,359 <requestor-worker-0:1416405, MainThread:139624799057728> (requestor.py:_fetch_single_async:206 -> middleware.py:apply_async:115) from logger `RFC.middleware_status_code`
[INFO] applied on AudioBookAudioPage(815356).AudioBookAudioFile(815356), sent

2024-04-08 17:41:30,685 <requestor-worker-0:1416405, MainThread:139624799057728> (requestor.py:_fetch_single_async:206 -> middleware.py:apply_async:112) from logger `RFC.middleware_status_code`
[INFO] applying on AudioBookAudioPage(815664).AudioBookAudioFile(815664), received

2024-04-08 17:41:30,687 <requestor-worker-0:1416405, MainThread:139624799057728> (middleware.py:_apply_async:180 -> middleware.py:_apply_sync:169) from logger `RFC.middleware_status_code`
[INFO] status code 200 in response of AudioBookAudioPage(815664).AudioBookAudioFile(815664)

2024-04-08 17:41:30,689 <requestor-worker-0:1416405, MainThread:139624799057728> (requestor.py:_fetch_single_async:206 -> middleware.py:apply_async:115) from logger `RFC.middleware_status_code`
[INFO] applied on AudioBookAudioPage(815664).AudioBookAudioFile(815664), sent

2024-04-08 17:41:41,332 <requestor-worker-0:1416405, MainThread:139624799057728> (requestor.py:_fetch_single_async:206 -> middleware.py:apply_async:112) from logger `RFC.middleware_status_code`
[INFO] applying on AudioBookAudioPage(815680).AudioBookAudioFile(815680), received

2024-04-08 17:41:41,333 <requestor-worker-0:1416405, MainThread:139624799057728> (middleware.py:_apply_async:180 -> middleware.py:_apply_sync:169) from logger `RFC.middleware_status_code`
[INFO] status code 200 in response of AudioBookAudioPage(815680).AudioBookAudioFile(815680)

2024-04-08 17:41:41,334 <requestor-worker-0:1416405, MainThread:139624799057728> (requestor.py:_fetch_single_async:206 -> middleware.py:apply_async:115) from logger `RFC.middleware_status_code`
[INFO] applied on AudioBookAudioPage(815680).AudioBookAudioFile(815680), sent

2024-04-08 17:41:47,912 <requestor-worker-0:1416405, MainThread:139624799057728> (requestor.py:_fetch_single_async:206 -> middleware.py:apply_async:112) from logger `RFC.middleware_status_code`
[INFO] applying on AudioBookAudioPage(815701), received

2024-04-08 17:41:47,914 <requestor-worker-0:1416405, MainThread:139624799057728> (middleware.py:_apply_async:180 -> middleware.py:_apply_sync:169) from logger `RFC.middleware_status_code`
[INFO] status code 200 in response of AudioBookAudioPage(815701)

2024-04-08 17:41:47,917 <requestor-worker-0:1416405, MainThread:139624799057728> (requestor.py:_fetch_single_async:206 -> middleware.py:apply_async:115) from logger `RFC.middleware_status_code`
[INFO] applied on AudioBookAudioPage(815701), sent

2024-04-08 17:41:49,291 <requestor-worker-0:1416405, MainThread:139624799057728> (requestor.py:_fetch_single_async:206 -> middleware.py:apply_async:112) from logger `RFC.middleware_status_code`
[INFO] applying on AudioBookAudioPage(815704), received

2024-04-08 17:41:49,294 <requestor-worker-0:1416405, MainThread:139624799057728> (middleware.py:_apply_async:180 -> middleware.py:_apply_sync:169) from logger `RFC.middleware_status_code`
[INFO] status code 200 in response of AudioBookAudioPage(815704)

2024-04-08 17:41:49,297 <requestor-worker-0:1416405, MainThread:139624799057728> (requestor.py:_fetch_single_async:206 -> middleware.py:apply_async:115) from logger `RFC.middleware_status_code`
[INFO] applied on AudioBookAudioPage(815704), sent

2024-04-08 17:41:49,934 <requestor-worker-0:1416405, MainThread:139624799057728> (requestor.py:_fetch_single_async:206 -> middleware.py:apply_async:112) from logger `RFC.middleware_status_code`
[INFO] applying on AudioBookAudioPage(815705), received

2024-04-08 17:41:49,937 <requestor-worker-0:1416405, MainThread:139624799057728> (requestor.py:_fetch_single_async:206 -> middleware.py:apply_async:119) from logger `RFC.middleware_status_code`
[ERROR] failed on AudioBookAudioPage(815705), caught error ValueError('unexpected status code 404 in response of AudioBookAudioPage(815705)')

2024-04-08 17:41:50,172 <requestor-worker-0:1416405, MainThread:139624799057728> (requestor.py:_fetch_single_async:206 -> middleware.py:apply_async:112) from logger `RFC.middleware_status_code`
[INFO] applying on AudioBookAudioPage(815706), received

2024-04-08 17:41:50,175 <requestor-worker-0:1416405, MainThread:139624799057728> (requestor.py:_fetch_single_async:206 -> middleware.py:apply_async:119) from logger `RFC.middleware_status_code`
[ERROR] failed on AudioBookAudioPage(815706), caught error ValueError('unexpected status code 404 in response of AudioBookAudioPage(815706)')

2024-04-08 17:41:50,423 <requestor-worker-0:1416405, MainThread:139624799057728> (requestor.py:_fetch_single_async:206 -> middleware.py:apply_async:112) from logger `RFC.middleware_status_code`
[INFO] applying on AudioBookAudioPage(815707), received

2024-04-08 17:41:50,426 <requestor-worker-0:1416405, MainThread:139624799057728> (requestor.py:_fetch_single_async:206 -> middleware.py:apply_async:119) from logger `RFC.middleware_status_code`
[ERROR] failed on AudioBookAudioPage(815707), caught error ValueError('unexpected status code 404 in response of AudioBookAudioPage(815707)')

2024-04-08 17:41:51,203 <requestor-worker-0:1416405, MainThread:139624799057728> (requestor.py:_fetch_single_async:206 -> middleware.py:apply_async:112) from logger `RFC.middleware_status_code`
[INFO] applying on AudioBookAudioPage(815570).AudioBookAudioFile(815570), received

2024-04-08 17:41:51,206 <requestor-worker-0:1416405, MainThread:139624799057728> (middleware.py:_apply_async:180 -> middleware.py:_apply_sync:169) from logger `RFC.middleware_status_code`
[INFO] status code 200 in response of AudioBookAudioPage(815570).AudioBookAudioFile(815570)

2024-04-08 17:41:51,209 <requestor-worker-0:1416405, MainThread:139624799057728> (requestor.py:_fetch_single_async:206 -> middleware.py:apply_async:115) from logger `RFC.middleware_status_code`
[INFO] applied on AudioBookAudioPage(815570).AudioBookAudioFile(815570), sent

2024-04-08 17:41:52,181 <requestor-worker-0:1416405, MainThread:139624799057728> (requestor.py:_fetch_single_async:206 -> middleware.py:apply_async:112) from logger `RFC.middleware_status_code`
[INFO] applying on AudioBookAudioPage(815702).AudioBookAudioFile(815702), received

2024-04-08 17:41:52,182 <requestor-worker-0:1416405, MainThread:139624799057728> (middleware.py:_apply_async:180 -> middleware.py:_apply_sync:169) from logger `RFC.middleware_status_code`
[INFO] status code 200 in response of AudioBookAudioPage(815702).AudioBookAudioFile(815702)

2024-04-08 17:41:52,184 <requestor-worker-0:1416405, MainThread:139624799057728> (requestor.py:_fetch_single_async:206 -> middleware.py:apply_async:115) from logger `RFC.middleware_status_code`
[INFO] applied on AudioBookAudioPage(815702).AudioBookAudioFile(815702), sent

2024-04-08 17:41:52,762 <requestor-worker-0:1416405, MainThread:139624799057728> (requestor.py:_fetch_single_async:206 -> middleware.py:apply_async:112) from logger `RFC.middleware_status_code`
[INFO] applying on AudioBookAudioPage(815710), received

2024-04-08 17:41:52,764 <requestor-worker-0:1416405, MainThread:139624799057728> (requestor.py:_fetch_single_async:206 -> middleware.py:apply_async:119) from logger `RFC.middleware_status_code`
[ERROR] failed on AudioBookAudioPage(815710), caught error ValueError('unexpected status code 404 in response of AudioBookAudioPage(815710)')

2024-04-08 17:41:53,511 <requestor-worker-0:1416405, MainThread:139624799057728> (requestor.py:_fetch_single_async:206 -> middleware.py:apply_async:112) from logger `RFC.middleware_status_code`
[INFO] applying on AudioBookAudioPage(815711), received

2024-04-08 17:41:53,512 <requestor-worker-0:1416405, MainThread:139624799057728> (middleware.py:_apply_async:180 -> middleware.py:_apply_sync:169) from logger `RFC.middleware_status_code`
[INFO] status code 200 in response of AudioBookAudioPage(815711)

2024-04-08 17:41:53,514 <requestor-worker-0:1416405, MainThread:139624799057728> (requestor.py:_fetch_single_async:206 -> middleware.py:apply_async:115) from logger `RFC.middleware_status_code`
[INFO] applied on AudioBookAudioPage(815711), sent

2024-04-08 17:41:54,855 <requestor-worker-0:1416405, MainThread:139624799057728> (requestor.py:_fetch_single_async:206 -> middleware.py:apply_async:112) from logger `RFC.middleware_status_code`
[INFO] applying on AudioBookAudioPage(815709).AudioBookAudioFile(815709), received

2024-04-08 17:41:54,858 <requestor-worker-0:1416405, MainThread:139624799057728> (middleware.py:_apply_async:180 -> middleware.py:_apply_sync:169) from logger `RFC.middleware_status_code`
[INFO] status code 200 in response of AudioBookAudioPage(815709).AudioBookAudioFile(815709)

2024-04-08 17:41:54,861 <requestor-worker-0:1416405, MainThread:139624799057728> (requestor.py:_fetch_single_async:206 -> middleware.py:apply_async:115) from logger `RFC.middleware_status_code`
[INFO] applied on AudioBookAudioPage(815709).AudioBookAudioFile(815709), sent

2024-04-08 17:42:00,478 <requestor-worker-0:1416405, MainThread:139624799057728> (requestor.py:_fetch_single_async:206 -> middleware.py:apply_async:112) from logger `RFC.middleware_status_code`
[INFO] applying on AudioBookAudioPage(815572).AudioBookAudioFile(815572), received

2024-04-08 17:42:00,481 <requestor-worker-0:1416405, MainThread:139624799057728> (middleware.py:_apply_async:180 -> middleware.py:_apply_sync:169) from logger `RFC.middleware_status_code`
[INFO] status code 200 in response of AudioBookAudioPage(815572).AudioBookAudioFile(815572)

2024-04-08 17:42:00,483 <requestor-worker-0:1416405, MainThread:139624799057728> (requestor.py:_fetch_single_async:206 -> middleware.py:apply_async:115) from logger `RFC.middleware_status_code`
[INFO] applied on AudioBookAudioPage(815572).AudioBookAudioFile(815572), sent

2024-04-08 17:42:02,506 <requestor-worker-0:1416405, MainThread:139624799057728> (requestor.py:_fetch_single_async:206 -> middleware.py:apply_async:112) from logger `RFC.middleware_status_code`
[INFO] applying on AudioBookAudioPage(815442).AudioBookAudioFile(815442), received

2024-04-08 17:42:02,508 <requestor-worker-0:1416405, MainThread:139624799057728> (middleware.py:_apply_async:180 -> middleware.py:_apply_sync:169) from logger `RFC.middleware_status_code`
[INFO] status code 200 in response of AudioBookAudioPage(815442).AudioBookAudioFile(815442)

2024-04-08 17:42:02,511 <requestor-worker-0:1416405, MainThread:139624799057728> (requestor.py:_fetch_single_async:206 -> middleware.py:apply_async:115) from logger `RFC.middleware_status_code`
[INFO] applied on AudioBookAudioPage(815442).AudioBookAudioFile(815442), sent

2024-04-08 17:42:11,257 <requestor-worker-0:1416405, MainThread:139624799057728> (requestor.py:_fetch_single_async:206 -> middleware.py:apply_async:112) from logger `RFC.middleware_status_code`
[INFO] applying on AudioBookAudioPage(815652).AudioBookAudioFile(815652), received

2024-04-08 17:42:11,259 <requestor-worker-0:1416405, MainThread:139624799057728> (middleware.py:_apply_async:180 -> middleware.py:_apply_sync:169) from logger `RFC.middleware_status_code`
[INFO] status code 200 in response of AudioBookAudioPage(815652).AudioBookAudioFile(815652)

2024-04-08 17:42:11,261 <requestor-worker-0:1416405, MainThread:139624799057728> (requestor.py:_fetch_single_async:206 -> middleware.py:apply_async:115) from logger `RFC.middleware_status_code`
[INFO] applied on AudioBookAudioPage(815652).AudioBookAudioFile(815652), sent

2024-04-08 17:42:13,203 <requestor-worker-0:1416405, MainThread:139624799057728> (requestor.py:_fetch_single_async:206 -> middleware.py:apply_async:112) from logger `RFC.middleware_status_code`
[INFO] applying on AudioBookAudioPage(815648).AudioBookAudioFile(815648), received

2024-04-08 17:42:13,206 <requestor-worker-0:1416405, MainThread:139624799057728> (middleware.py:_apply_async:180 -> middleware.py:_apply_sync:169) from logger `RFC.middleware_status_code`
[INFO] status code 200 in response of AudioBookAudioPage(815648).AudioBookAudioFile(815648)

2024-04-08 17:42:13,208 <requestor-worker-0:1416405, MainThread:139624799057728> (requestor.py:_fetch_single_async:206 -> middleware.py:apply_async:115) from logger `RFC.middleware_status_code`
[INFO] applied on AudioBookAudioPage(815648).AudioBookAudioFile(815648), sent

2024-04-08 17:42:20,491 <requestor-worker-0:1416405, MainThread:139624799057728> (requestor.py:_fetch_single_async:206 -> middleware.py:apply_async:112) from logger `RFC.middleware_status_code`
[INFO] applying on AudioBookAudioPage(815571).AudioBookAudioFile(815571), received

2024-04-08 17:42:20,494 <requestor-worker-0:1416405, MainThread:139624799057728> (middleware.py:_apply_async:180 -> middleware.py:_apply_sync:169) from logger `RFC.middleware_status_code`
[INFO] status code 200 in response of AudioBookAudioPage(815571).AudioBookAudioFile(815571)

2024-04-08 17:42:20,496 <requestor-worker-0:1416405, MainThread:139624799057728> (requestor.py:_fetch_single_async:206 -> middleware.py:apply_async:115) from logger `RFC.middleware_status_code`
[INFO] applied on AudioBookAudioPage(815571).AudioBookAudioFile(815571), sent

2024-04-08 17:42:22,951 <requestor-worker-0:1416405, MainThread:139624799057728> (requestor.py:_fetch_single_async:206 -> middleware.py:apply_async:112) from logger `RFC.middleware_status_code`
[INFO] applying on AudioBookAudioPage(815717), received

2024-04-08 17:42:22,954 <requestor-worker-0:1416405, MainThread:139624799057728> (requestor.py:_fetch_single_async:206 -> middleware.py:apply_async:119) from logger `RFC.middleware_status_code`
[ERROR] failed on AudioBookAudioPage(815717), caught error ValueError('unexpected status code 404 in response of AudioBookAudioPage(815717)')

2024-04-08 17:42:27,450 <requestor-worker-0:1416405, MainThread:139624799057728> (requestor.py:_fetch_single_async:206 -> middleware.py:apply_async:112) from logger `RFC.middleware_status_code`
[INFO] applying on AudioBookAudioPage(815726).AudioBookAudioFile(815726), received

2024-04-08 17:42:27,452 <requestor-worker-0:1416405, MainThread:139624799057728> (middleware.py:_apply_async:180 -> middleware.py:_apply_sync:169) from logger `RFC.middleware_status_code`
[INFO] status code 200 in response of AudioBookAudioPage(815726).AudioBookAudioFile(815726)

2024-04-08 17:42:27,455 <requestor-worker-0:1416405, MainThread:139624799057728> (requestor.py:_fetch_single_async:206 -> middleware.py:apply_async:115) from logger `RFC.middleware_status_code`
[INFO] applied on AudioBookAudioPage(815726).AudioBookAudioFile(815726), sent

2024-04-08 17:42:28,901 <requestor-worker-0:1416405, MainThread:139624799057728> (requestor.py:_fetch_single_async:206 -> middleware.py:apply_async:112) from logger `RFC.middleware_status_code`
[INFO] applying on AudioBookAudioPage(815664).AudioBookAudioFile(815664), received

2024-04-08 17:42:28,904 <requestor-worker-0:1416405, MainThread:139624799057728> (middleware.py:_apply_async:180 -> middleware.py:_apply_sync:169) from logger `RFC.middleware_status_code`
[INFO] status code 200 in response of AudioBookAudioPage(815664).AudioBookAudioFile(815664)

2024-04-08 17:42:28,907 <requestor-worker-0:1416405, MainThread:139624799057728> (requestor.py:_fetch_single_async:206 -> middleware.py:apply_async:115) from logger `RFC.middleware_status_code`
[INFO] applied on AudioBookAudioPage(815664).AudioBookAudioFile(815664), sent

2024-04-08 17:42:31,919 <requestor-worker-0:1416405, MainThread:139624799057728> (requestor.py:_fetch_single_async:206 -> middleware.py:apply_async:112) from logger `RFC.middleware_status_code`
[INFO] applying on AudioBookAudioPage(815730), received

2024-04-08 17:42:31,922 <requestor-worker-0:1416405, MainThread:139624799057728> (middleware.py:_apply_async:180 -> middleware.py:_apply_sync:169) from logger `RFC.middleware_status_code`
[INFO] status code 200 in response of AudioBookAudioPage(815730)

2024-04-08 17:42:31,925 <requestor-worker-0:1416405, MainThread:139624799057728> (requestor.py:_fetch_single_async:206 -> middleware.py:apply_async:115) from logger `RFC.middleware_status_code`
[INFO] applied on AudioBookAudioPage(815730), sent

2024-04-08 17:42:39,684 <requestor-worker-0:1416405, MainThread:139624799057728> (requestor.py:_fetch_single_async:206 -> middleware.py:apply_async:112) from logger `RFC.middleware_status_code`
[INFO] applying on AudioBookAudioPage(815732).AudioBookAudioFile(815732), received

2024-04-08 17:42:39,687 <requestor-worker-0:1416405, MainThread:139624799057728> (middleware.py:_apply_async:180 -> middleware.py:_apply_sync:169) from logger `RFC.middleware_status_code`
[INFO] status code 200 in response of AudioBookAudioPage(815732).AudioBookAudioFile(815732)

2024-04-08 17:42:39,689 <requestor-worker-0:1416405, MainThread:139624799057728> (requestor.py:_fetch_single_async:206 -> middleware.py:apply_async:115) from logger `RFC.middleware_status_code`
[INFO] applied on AudioBookAudioPage(815732).AudioBookAudioFile(815732), sent

2024-04-08 17:42:40,562 <requestor-worker-0:1416405, MainThread:139624799057728> (requestor.py:_fetch_single_async:206 -> middleware.py:apply_async:112) from logger `RFC.middleware_status_code`
[INFO] applying on AudioBookAudioPage(815739), received

2024-04-08 17:42:40,564 <requestor-worker-0:1416405, MainThread:139624799057728> (middleware.py:_apply_async:180 -> middleware.py:_apply_sync:169) from logger `RFC.middleware_status_code`
[INFO] status code 200 in response of AudioBookAudioPage(815739)

2024-04-08 17:42:40,565 <requestor-worker-0:1416405, MainThread:139624799057728> (requestor.py:_fetch_single_async:206 -> middleware.py:apply_async:115) from logger `RFC.middleware_status_code`
[INFO] applied on AudioBookAudioPage(815739), sent

2024-04-08 17:42:44,200 <requestor-worker-0:1416405, MainThread:139624799057728> (requestor.py:_fetch_single_async:206 -> middleware.py:apply_async:112) from logger `RFC.middleware_status_code`
[INFO] applying on AudioBookAudioPage(815680).AudioBookAudioFile(815680), received

2024-04-08 17:42:44,203 <requestor-worker-0:1416405, MainThread:139624799057728> (middleware.py:_apply_async:180 -> middleware.py:_apply_sync:169) from logger `RFC.middleware_status_code`
[INFO] status code 200 in response of AudioBookAudioPage(815680).AudioBookAudioFile(815680)

2024-04-08 17:42:44,205 <requestor-worker-0:1416405, MainThread:139624799057728> (requestor.py:_fetch_single_async:206 -> middleware.py:apply_async:115) from logger `RFC.middleware_status_code`
[INFO] applied on AudioBookAudioPage(815680).AudioBookAudioFile(815680), sent

2024-04-08 17:42:45,529 <requestor-worker-0:1416405, MainThread:139624799057728> (requestor.py:_fetch_single_async:206 -> middleware.py:apply_async:112) from logger `RFC.middleware_status_code`
[INFO] applying on AudioBookAudioPage(815749), received

2024-04-08 17:42:45,532 <requestor-worker-0:1416405, MainThread:139624799057728> (middleware.py:_apply_async:180 -> middleware.py:_apply_sync:169) from logger `RFC.middleware_status_code`
[INFO] status code 200 in response of AudioBookAudioPage(815749)

2024-04-08 17:42:45,534 <requestor-worker-0:1416405, MainThread:139624799057728> (requestor.py:_fetch_single_async:206 -> middleware.py:apply_async:115) from logger `RFC.middleware_status_code`
[INFO] applied on AudioBookAudioPage(815749), sent

2024-04-08 17:42:45,588 <requestor-worker-0:1416405, MainThread:139624799057728> (requestor.py:_fetch_single_async:206 -> middleware.py:apply_async:112) from logger `RFC.middleware_status_code`
[INFO] applying on AudioBookAudioPage(815498).AudioBookAudioFile(815498), received

2024-04-08 17:42:45,589 <requestor-worker-0:1416405, MainThread:139624799057728> (middleware.py:_apply_async:180 -> middleware.py:_apply_sync:169) from logger `RFC.middleware_status_code`
[INFO] status code 200 in response of AudioBookAudioPage(815498).AudioBookAudioFile(815498)

2024-04-08 17:42:45,591 <requestor-worker-0:1416405, MainThread:139624799057728> (requestor.py:_fetch_single_async:206 -> middleware.py:apply_async:115) from logger `RFC.middleware_status_code`
[INFO] applied on AudioBookAudioPage(815498).AudioBookAudioFile(815498), sent

2024-04-08 17:42:53,221 <requestor-worker-0:1416405, MainThread:139624799057728> (requestor.py:_fetch_single_async:206 -> middleware.py:apply_async:112) from logger `RFC.middleware_status_code`
[INFO] applying on AudioBookAudioPage(815756), received

2024-04-08 17:42:53,224 <requestor-worker-0:1416405, MainThread:139624799057728> (requestor.py:_fetch_single_async:206 -> middleware.py:apply_async:119) from logger `RFC.middleware_status_code`
[ERROR] failed on AudioBookAudioPage(815756), caught error ValueError('unexpected status code 404 in response of AudioBookAudioPage(815756)')

2024-04-08 17:42:54,174 <requestor-worker-0:1416405, MainThread:139624799057728> (requestor.py:_fetch_single_async:206 -> middleware.py:apply_async:112) from logger `RFC.middleware_status_code`
[INFO] applying on AudioBookAudioPage(815571).AudioBookAudioFile(815571), received

2024-04-08 17:42:54,176 <requestor-worker-0:1416405, MainThread:139624799057728> (middleware.py:_apply_async:180 -> middleware.py:_apply_sync:169) from logger `RFC.middleware_status_code`
[INFO] status code 200 in response of AudioBookAudioPage(815571).AudioBookAudioFile(815571)

2024-04-08 17:42:54,179 <requestor-worker-0:1416405, MainThread:139624799057728> (requestor.py:_fetch_single_async:206 -> middleware.py:apply_async:115) from logger `RFC.middleware_status_code`
[INFO] applied on AudioBookAudioPage(815571).AudioBookAudioFile(815571), sent

2024-04-08 17:42:54,610 <requestor-worker-0:1416405, MainThread:139624799057728> (requestor.py:_fetch_single_async:206 -> middleware.py:apply_async:112) from logger `RFC.middleware_status_code`
[INFO] applying on AudioBookAudioPage(815572).AudioBookAudioFile(815572), received

2024-04-08 17:42:54,613 <requestor-worker-0:1416405, MainThread:139624799057728> (middleware.py:_apply_async:180 -> middleware.py:_apply_sync:169) from logger `RFC.middleware_status_code`
[INFO] status code 200 in response of AudioBookAudioPage(815572).AudioBookAudioFile(815572)

2024-04-08 17:42:54,615 <requestor-worker-0:1416405, MainThread:139624799057728> (requestor.py:_fetch_single_async:206 -> middleware.py:apply_async:115) from logger `RFC.middleware_status_code`
[INFO] applied on AudioBookAudioPage(815572).AudioBookAudioFile(815572), sent

2024-04-08 17:42:56,981 <requestor-worker-0:1416405, MainThread:139624799057728> (requestor.py:_fetch_single_async:206 -> middleware.py:apply_async:112) from logger `RFC.middleware_status_code`
[INFO] applying on AudioBookAudioPage(815767), received

2024-04-08 17:42:56,984 <requestor-worker-0:1416405, MainThread:139624799057728> (middleware.py:_apply_async:180 -> middleware.py:_apply_sync:169) from logger `RFC.middleware_status_code`
[INFO] status code 200 in response of AudioBookAudioPage(815767)

2024-04-08 17:42:56,987 <requestor-worker-0:1416405, MainThread:139624799057728> (requestor.py:_fetch_single_async:206 -> middleware.py:apply_async:115) from logger `RFC.middleware_status_code`
[INFO] applied on AudioBookAudioPage(815767), sent

2024-04-08 17:42:57,113 <requestor-worker-0:1416405, MainThread:139624799057728> (requestor.py:_fetch_single_async:206 -> middleware.py:apply_async:112) from logger `RFC.middleware_status_code`
[INFO] applying on AudioBookAudioPage(815709).AudioBookAudioFile(815709), received

2024-04-08 17:42:57,114 <requestor-worker-0:1416405, MainThread:139624799057728> (middleware.py:_apply_async:180 -> middleware.py:_apply_sync:169) from logger `RFC.middleware_status_code`
[INFO] status code 200 in response of AudioBookAudioPage(815709).AudioBookAudioFile(815709)

2024-04-08 17:42:57,115 <requestor-worker-0:1416405, MainThread:139624799057728> (requestor.py:_fetch_single_async:206 -> middleware.py:apply_async:115) from logger `RFC.middleware_status_code`
[INFO] applied on AudioBookAudioPage(815709).AudioBookAudioFile(815709), sent

2024-04-08 17:43:00,322 <requestor-worker-0:1416405, MainThread:139624799057728> (requestor.py:_fetch_single_async:206 -> middleware.py:apply_async:112) from logger `RFC.middleware_status_code`
[INFO] applying on AudioBookAudioPage(815763), received

2024-04-08 17:43:00,325 <requestor-worker-0:1416405, MainThread:139624799057728> (middleware.py:_apply_async:180 -> middleware.py:_apply_sync:169) from logger `RFC.middleware_status_code`
[INFO] status code 200 in response of AudioBookAudioPage(815763)

2024-04-08 17:43:00,327 <requestor-worker-0:1416405, MainThread:139624799057728> (requestor.py:_fetch_single_async:206 -> middleware.py:apply_async:115) from logger `RFC.middleware_status_code`
[INFO] applied on AudioBookAudioPage(815763), sent

2024-04-08 17:43:06,703 <requestor-worker-0:1416405, MainThread:139624799057728> (requestor.py:_fetch_single_async:206 -> middleware.py:apply_async:112) from logger `RFC.middleware_status_code`
[INFO] applying on AudioBookAudioPage(815570).AudioBookAudioFile(815570), received

2024-04-08 17:43:06,705 <requestor-worker-0:1416405, MainThread:139624799057728> (middleware.py:_apply_async:180 -> middleware.py:_apply_sync:169) from logger `RFC.middleware_status_code`
[INFO] status code 200 in response of AudioBookAudioPage(815570).AudioBookAudioFile(815570)

2024-04-08 17:43:06,706 <requestor-worker-0:1416405, MainThread:139624799057728> (requestor.py:_fetch_single_async:206 -> middleware.py:apply_async:115) from logger `RFC.middleware_status_code`
[INFO] applied on AudioBookAudioPage(815570).AudioBookAudioFile(815570), sent

2024-04-08 17:43:09,507 <requestor-worker-0:1416405, MainThread:139624799057728> (requestor.py:_fetch_single_async:206 -> middleware.py:apply_async:112) from logger `RFC.middleware_status_code`
[INFO] applying on AudioBookAudioPage(815822), received

2024-04-08 17:43:09,509 <requestor-worker-0:1416405, MainThread:139624799057728> (requestor.py:_fetch_single_async:206 -> middleware.py:apply_async:119) from logger `RFC.middleware_status_code`
[ERROR] failed on AudioBookAudioPage(815822), caught error ValueError('unexpected status code 404 in response of AudioBookAudioPage(815822)')

2024-04-08 17:43:11,550 <requestor-worker-0:1416405, MainThread:139624799057728> (requestor.py:_fetch_single_async:206 -> middleware.py:apply_async:112) from logger `RFC.middleware_status_code`
[INFO] applying on AudioBookAudioPage(815849), received

2024-04-08 17:43:11,551 <requestor-worker-0:1416405, MainThread:139624799057728> (requestor.py:_fetch_single_async:206 -> middleware.py:apply_async:119) from logger `RFC.middleware_status_code`
[ERROR] failed on AudioBookAudioPage(815849), caught error ValueError('unexpected status code 404 in response of AudioBookAudioPage(815849)')

2024-04-08 17:43:12,153 <requestor-worker-0:1416405, MainThread:139624799057728> (requestor.py:_fetch_single_async:206 -> middleware.py:apply_async:112) from logger `RFC.middleware_status_code`
[INFO] applying on AudioBookAudioPage(815831).AudioBookAudioFile(815831), received

2024-04-08 17:43:12,156 <requestor-worker-0:1416405, MainThread:139624799057728> (middleware.py:_apply_async:180 -> middleware.py:_apply_sync:169) from logger `RFC.middleware_status_code`
[INFO] status code 200 in response of AudioBookAudioPage(815831).AudioBookAudioFile(815831)

2024-04-08 17:43:12,159 <requestor-worker-0:1416405, MainThread:139624799057728> (requestor.py:_fetch_single_async:206 -> middleware.py:apply_async:115) from logger `RFC.middleware_status_code`
[INFO] applied on AudioBookAudioPage(815831).AudioBookAudioFile(815831), sent

2024-04-08 17:43:13,710 <requestor-worker-0:1416405, MainThread:139624799057728> (requestor.py:_fetch_single_async:206 -> middleware.py:apply_async:112) from logger `RFC.middleware_status_code`
[INFO] applying on AudioBookAudioPage(815648).AudioBookAudioFile(815648), received

2024-04-08 17:43:13,713 <requestor-worker-0:1416405, MainThread:139624799057728> (middleware.py:_apply_async:180 -> middleware.py:_apply_sync:169) from logger `RFC.middleware_status_code`
[INFO] status code 200 in response of AudioBookAudioPage(815648).AudioBookAudioFile(815648)

2024-04-08 17:43:13,716 <requestor-worker-0:1416405, MainThread:139624799057728> (requestor.py:_fetch_single_async:206 -> middleware.py:apply_async:115) from logger `RFC.middleware_status_code`
[INFO] applied on AudioBookAudioPage(815648).AudioBookAudioFile(815648), sent

2024-04-08 17:43:17,479 <requestor-worker-0:1416405, MainThread:139624799057728> (requestor.py:_fetch_single_async:206 -> middleware.py:apply_async:112) from logger `RFC.middleware_status_code`
[INFO] applying on AudioBookAudioPage(815860).AudioBookAudioFile(815860), received

2024-04-08 17:43:17,482 <requestor-worker-0:1416405, MainThread:139624799057728> (middleware.py:_apply_async:180 -> middleware.py:_apply_sync:169) from logger `RFC.middleware_status_code`
[INFO] status code 200 in response of AudioBookAudioPage(815860).AudioBookAudioFile(815860)

2024-04-08 17:43:17,485 <requestor-worker-0:1416405, MainThread:139624799057728> (requestor.py:_fetch_single_async:206 -> middleware.py:apply_async:115) from logger `RFC.middleware_status_code`
[INFO] applied on AudioBookAudioPage(815860).AudioBookAudioFile(815860), sent

2024-04-08 17:43:21,450 <requestor-worker-0:1416405, MainThread:139624799057728> (requestor.py:_fetch_single_async:206 -> middleware.py:apply_async:112) from logger `RFC.middleware_status_code`
[INFO] applying on AudioBookAudioPage(815908).AudioBookAudioFile(815908), received

2024-04-08 17:43:21,453 <requestor-worker-0:1416405, MainThread:139624799057728> (middleware.py:_apply_async:180 -> middleware.py:_apply_sync:169) from logger `RFC.middleware_status_code`
[INFO] status code 200 in response of AudioBookAudioPage(815908).AudioBookAudioFile(815908)

2024-04-08 17:43:21,456 <requestor-worker-0:1416405, MainThread:139624799057728> (requestor.py:_fetch_single_async:206 -> middleware.py:apply_async:115) from logger `RFC.middleware_status_code`
[INFO] applied on AudioBookAudioPage(815908).AudioBookAudioFile(815908), sent

2024-04-08 17:43:23,236 <requestor-worker-0:1416405, MainThread:139624799057728> (requestor.py:_fetch_single_async:206 -> middleware.py:apply_async:112) from logger `RFC.middleware_status_code`
[INFO] applying on AudioBookAudioPage(815936).AudioBookAudioFile(815936), received

2024-04-08 17:43:23,238 <requestor-worker-0:1416405, MainThread:139624799057728> (middleware.py:_apply_async:180 -> middleware.py:_apply_sync:169) from logger `RFC.middleware_status_code`
[INFO] status code 200 in response of AudioBookAudioPage(815936).AudioBookAudioFile(815936)

2024-04-08 17:43:23,241 <requestor-worker-0:1416405, MainThread:139624799057728> (requestor.py:_fetch_single_async:206 -> middleware.py:apply_async:115) from logger `RFC.middleware_status_code`
[INFO] applied on AudioBookAudioPage(815936).AudioBookAudioFile(815936), sent

2024-04-08 17:43:25,196 <requestor-worker-0:1416405, MainThread:139624799057728> (requestor.py:_fetch_single_async:206 -> middleware.py:apply_async:112) from logger `RFC.middleware_status_code`
[INFO] applying on AudioBookAudioPage(815926).AudioBookAudioFile(815926), received

2024-04-08 17:43:25,199 <requestor-worker-0:1416405, MainThread:139624799057728> (middleware.py:_apply_async:180 -> middleware.py:_apply_sync:169) from logger `RFC.middleware_status_code`
[INFO] status code 200 in response of AudioBookAudioPage(815926).AudioBookAudioFile(815926)

2024-04-08 17:43:25,202 <requestor-worker-0:1416405, MainThread:139624799057728> (requestor.py:_fetch_single_async:206 -> middleware.py:apply_async:115) from logger `RFC.middleware_status_code`
[INFO] applied on AudioBookAudioPage(815926).AudioBookAudioFile(815926), sent

2024-04-08 17:43:27,637 <requestor-worker-0:1416405, MainThread:139624799057728> (requestor.py:_fetch_single_async:206 -> middleware.py:apply_async:112) from logger `RFC.middleware_status_code`
[INFO] applying on AudioBookAudioPage(815664).AudioBookAudioFile(815664), received

2024-04-08 17:43:27,639 <requestor-worker-0:1416405, MainThread:139624799057728> (middleware.py:_apply_async:180 -> middleware.py:_apply_sync:169) from logger `RFC.middleware_status_code`
[INFO] status code 200 in response of AudioBookAudioPage(815664).AudioBookAudioFile(815664)

2024-04-08 17:43:27,641 <requestor-worker-0:1416405, MainThread:139624799057728> (requestor.py:_fetch_single_async:206 -> middleware.py:apply_async:115) from logger `RFC.middleware_status_code`
[INFO] applied on AudioBookAudioPage(815664).AudioBookAudioFile(815664), sent

2024-04-08 17:43:33,053 <requestor-worker-0:1416405, MainThread:139624799057728> (requestor.py:_fetch_single_async:206 -> middleware.py:apply_async:112) from logger `RFC.middleware_status_code`
[INFO] applying on AudioBookAudioPage(815726).AudioBookAudioFile(815726), received

2024-04-08 17:43:33,055 <requestor-worker-0:1416405, MainThread:139624799057728> (middleware.py:_apply_async:180 -> middleware.py:_apply_sync:169) from logger `RFC.middleware_status_code`
[INFO] status code 200 in response of AudioBookAudioPage(815726).AudioBookAudioFile(815726)

2024-04-08 17:43:33,057 <requestor-worker-0:1416405, MainThread:139624799057728> (requestor.py:_fetch_single_async:206 -> middleware.py:apply_async:115) from logger `RFC.middleware_status_code`
[INFO] applied on AudioBookAudioPage(815726).AudioBookAudioFile(815726), sent

2024-04-08 17:43:33,084 <requestor-worker-0:1416405, MainThread:139624799057728> (requestor.py:_fetch_single_async:206 -> middleware.py:apply_async:112) from logger `RFC.middleware_status_code`
[INFO] applying on AudioBookAudioPage(815996).AudioBookAudioFile(815996), received

2024-04-08 17:43:33,086 <requestor-worker-0:1416405, MainThread:139624799057728> (middleware.py:_apply_async:180 -> middleware.py:_apply_sync:169) from logger `RFC.middleware_status_code`
[INFO] status code 200 in response of AudioBookAudioPage(815996).AudioBookAudioFile(815996)

2024-04-08 17:43:33,089 <requestor-worker-0:1416405, MainThread:139624799057728> (requestor.py:_fetch_single_async:206 -> middleware.py:apply_async:115) from logger `RFC.middleware_status_code`
[INFO] applied on AudioBookAudioPage(815996).AudioBookAudioFile(815996), sent

2024-04-08 17:43:41,162 <requestor-worker-0:1416405, MainThread:139624799057728> (requestor.py:_fetch_single_async:206 -> middleware.py:apply_async:112) from logger `RFC.middleware_status_code`
[INFO] applying on AudioBookAudioPage(815732).AudioBookAudioFile(815732), received

2024-04-08 17:43:41,164 <requestor-worker-0:1416405, MainThread:139624799057728> (middleware.py:_apply_async:180 -> middleware.py:_apply_sync:169) from logger `RFC.middleware_status_code`
[INFO] status code 200 in response of AudioBookAudioPage(815732).AudioBookAudioFile(815732)

2024-04-08 17:43:41,167 <requestor-worker-0:1416405, MainThread:139624799057728> (requestor.py:_fetch_single_async:206 -> middleware.py:apply_async:115) from logger `RFC.middleware_status_code`
[INFO] applied on AudioBookAudioPage(815732).AudioBookAudioFile(815732), sent

2024-04-08 17:43:45,844 <requestor-worker-0:1416405, MainThread:139624799057728> (requestor.py:_fetch_single_async:206 -> middleware.py:apply_async:112) from logger `RFC.middleware_status_code`
[INFO] applying on AudioBookAudioPage(815680).AudioBookAudioFile(815680), received

2024-04-08 17:43:45,845 <requestor-worker-0:1416405, MainThread:139624799057728> (middleware.py:_apply_async:180 -> middleware.py:_apply_sync:169) from logger `RFC.middleware_status_code`
[INFO] status code 200 in response of AudioBookAudioPage(815680).AudioBookAudioFile(815680)

2024-04-08 17:43:45,846 <requestor-worker-0:1416405, MainThread:139624799057728> (requestor.py:_fetch_single_async:206 -> middleware.py:apply_async:115) from logger `RFC.middleware_status_code`
[INFO] applied on AudioBookAudioPage(815680).AudioBookAudioFile(815680), sent

2024-04-08 17:43:49,485 <requestor-worker-0:1416405, MainThread:139624799057728> (requestor.py:_fetch_single_async:206 -> middleware.py:apply_async:112) from logger `RFC.middleware_status_code`
[INFO] applying on AudioBookAudioPage(816082), received

2024-04-08 17:43:49,486 <requestor-worker-0:1416405, MainThread:139624799057728> (middleware.py:_apply_async:180 -> middleware.py:_apply_sync:169) from logger `RFC.middleware_status_code`
[INFO] status code 200 in response of AudioBookAudioPage(816082)

2024-04-08 17:43:49,487 <requestor-worker-0:1416405, MainThread:139624799057728> (requestor.py:_fetch_single_async:206 -> middleware.py:apply_async:115) from logger `RFC.middleware_status_code`
[INFO] applied on AudioBookAudioPage(816082), sent

2024-04-08 17:43:50,914 <requestor-worker-0:1416405, MainThread:139624799057728> (requestor.py:_fetch_single_async:206 -> middleware.py:apply_async:112) from logger `RFC.middleware_status_code`
[INFO] applying on AudioBookAudioPage(816082).AudioBookAudioFile(816082), received

2024-04-08 17:43:50,916 <requestor-worker-0:1416405, MainThread:139624799057728> (middleware.py:_apply_async:180 -> middleware.py:_apply_sync:169) from logger `RFC.middleware_status_code`
[INFO] status code 200 in response of AudioBookAudioPage(816082).AudioBookAudioFile(816082)

2024-04-08 17:43:50,919 <requestor-worker-0:1416405, MainThread:139624799057728> (requestor.py:_fetch_single_async:206 -> middleware.py:apply_async:115) from logger `RFC.middleware_status_code`
[INFO] applied on AudioBookAudioPage(816082).AudioBookAudioFile(816082), sent

2024-04-08 17:43:52,672 <requestor-worker-0:1416405, MainThread:139624799057728> (requestor.py:_fetch_single_async:206 -> middleware.py:apply_async:112) from logger `RFC.middleware_status_code`
[INFO] applying on AudioBookAudioPage(816094).AudioBookAudioFile(816094), received

2024-04-08 17:43:52,673 <requestor-worker-0:1416405, MainThread:139624799057728> (middleware.py:_apply_async:180 -> middleware.py:_apply_sync:169) from logger `RFC.middleware_status_code`
[INFO] status code 200 in response of AudioBookAudioPage(816094).AudioBookAudioFile(816094)

2024-04-08 17:43:52,674 <requestor-worker-0:1416405, MainThread:139624799057728> (requestor.py:_fetch_single_async:206 -> middleware.py:apply_async:115) from logger `RFC.middleware_status_code`
[INFO] applied on AudioBookAudioPage(816094).AudioBookAudioFile(816094), sent

2024-04-08 17:43:53,895 <requestor-worker-0:1416405, MainThread:139624799057728> (requestor.py:_fetch_single_async:206 -> middleware.py:apply_async:112) from logger `RFC.middleware_status_code`
[INFO] applying on AudioBookAudioPage(816095).AudioBookAudioFile(816095), received

2024-04-08 17:43:53,898 <requestor-worker-0:1416405, MainThread:139624799057728> (middleware.py:_apply_async:180 -> middleware.py:_apply_sync:169) from logger `RFC.middleware_status_code`
[INFO] status code 200 in response of AudioBookAudioPage(816095).AudioBookAudioFile(816095)

2024-04-08 17:43:53,900 <requestor-worker-0:1416405, MainThread:139624799057728> (requestor.py:_fetch_single_async:206 -> middleware.py:apply_async:115) from logger `RFC.middleware_status_code`
[INFO] applied on AudioBookAudioPage(816095).AudioBookAudioFile(816095), sent

2024-04-08 17:43:54,006 <requestor-worker-0:1416405, MainThread:139624799057728> (requestor.py:_fetch_single_async:206 -> middleware.py:apply_async:112) from logger `RFC.middleware_status_code`
[INFO] applying on AudioBookAudioPage(815570).AudioBookAudioFile(815570), received

2024-04-08 17:43:54,009 <requestor-worker-0:1416405, MainThread:139624799057728> (middleware.py:_apply_async:180 -> middleware.py:_apply_sync:169) from logger `RFC.middleware_status_code`
[INFO] status code 200 in response of AudioBookAudioPage(815570).AudioBookAudioFile(815570)

2024-04-08 17:43:54,011 <requestor-worker-0:1416405, MainThread:139624799057728> (requestor.py:_fetch_single_async:206 -> middleware.py:apply_async:115) from logger `RFC.middleware_status_code`
[INFO] applied on AudioBookAudioPage(815570).AudioBookAudioFile(815570), sent

2024-04-08 17:44:09,078 <requestor-worker-0:1416405, MainThread:139624799057728> (requestor.py:_fetch_single_async:206 -> middleware.py:apply_async:112) from logger `RFC.middleware_status_code`
[INFO] applying on AudioBookAudioPage(816121), received

2024-04-08 17:44:09,079 <requestor-worker-0:1416405, MainThread:139624799057728> (middleware.py:_apply_async:180 -> middleware.py:_apply_sync:169) from logger `RFC.middleware_status_code`
[INFO] status code 200 in response of AudioBookAudioPage(816121)

2024-04-08 17:44:09,080 <requestor-worker-0:1416405, MainThread:139624799057728> (requestor.py:_fetch_single_async:206 -> middleware.py:apply_async:115) from logger `RFC.middleware_status_code`
[INFO] applied on AudioBookAudioPage(816121), sent

2024-04-08 17:44:10,480 <requestor-worker-0:1416405, MainThread:139624799057728> (requestor.py:_fetch_single_async:206 -> middleware.py:apply_async:112) from logger `RFC.middleware_status_code`
[INFO] applying on AudioBookAudioPage(816121).AudioBookAudioFile(816121), received

2024-04-08 17:44:10,482 <requestor-worker-0:1416405, MainThread:139624799057728> (middleware.py:_apply_async:180 -> middleware.py:_apply_sync:169) from logger `RFC.middleware_status_code`
[INFO] status code 200 in response of AudioBookAudioPage(816121).AudioBookAudioFile(816121)

2024-04-08 17:44:10,483 <requestor-worker-0:1416405, MainThread:139624799057728> (requestor.py:_fetch_single_async:206 -> middleware.py:apply_async:115) from logger `RFC.middleware_status_code`
[INFO] applied on AudioBookAudioPage(816121).AudioBookAudioFile(816121), sent

2024-04-08 17:44:29,735 <requestor-worker-0:1416405, MainThread:139624799057728> (requestor.py:_fetch_single_async:206 -> middleware.py:apply_async:112) from logger `RFC.middleware_status_code`
[INFO] applying on AudioBookAudioPage(815648).AudioBookAudioFile(815648), received

2024-04-08 17:44:29,737 <requestor-worker-0:1416405, MainThread:139624799057728> (middleware.py:_apply_async:180 -> middleware.py:_apply_sync:169) from logger `RFC.middleware_status_code`
[INFO] status code 200 in response of AudioBookAudioPage(815648).AudioBookAudioFile(815648)

2024-04-08 17:44:29,739 <requestor-worker-0:1416405, MainThread:139624799057728> (requestor.py:_fetch_single_async:206 -> middleware.py:apply_async:115) from logger `RFC.middleware_status_code`
[INFO] applied on AudioBookAudioPage(815648).AudioBookAudioFile(815648), sent

2024-04-08 17:44:30,033 <requestor-worker-0:1416405, MainThread:139624799057728> (requestor.py:_fetch_single_async:206 -> middleware.py:apply_async:112) from logger `RFC.middleware_status_code`
[INFO] applying on AudioBookAudioPage(815664).AudioBookAudioFile(815664), received

2024-04-08 17:44:30,036 <requestor-worker-0:1416405, MainThread:139624799057728> (middleware.py:_apply_async:180 -> middleware.py:_apply_sync:169) from logger `RFC.middleware_status_code`
[INFO] status code 200 in response of AudioBookAudioPage(815664).AudioBookAudioFile(815664)

2024-04-08 17:44:30,039 <requestor-worker-0:1416405, MainThread:139624799057728> (requestor.py:_fetch_single_async:206 -> middleware.py:apply_async:115) from logger `RFC.middleware_status_code`
[INFO] applied on AudioBookAudioPage(815664).AudioBookAudioFile(815664), sent

2024-04-08 17:44:30,163 <requestor-worker-0:1416405, MainThread:139624799057728> (requestor.py:_fetch_single_async:206 -> middleware.py:apply_async:112) from logger `RFC.middleware_status_code`
[INFO] applying on AudioBookAudioPage(815726).AudioBookAudioFile(815726), received

2024-04-08 17:44:30,164 <requestor-worker-0:1416405, MainThread:139624799057728> (middleware.py:_apply_async:180 -> middleware.py:_apply_sync:169) from logger `RFC.middleware_status_code`
[INFO] status code 200 in response of AudioBookAudioPage(815726).AudioBookAudioFile(815726)

2024-04-08 17:44:30,165 <requestor-worker-0:1416405, MainThread:139624799057728> (requestor.py:_fetch_single_async:206 -> middleware.py:apply_async:115) from logger `RFC.middleware_status_code`
[INFO] applied on AudioBookAudioPage(815726).AudioBookAudioFile(815726), sent

2024-04-08 17:44:30,238 <requestor-worker-0:1416405, MainThread:139624799057728> (requestor.py:_fetch_single_async:206 -> middleware.py:apply_async:112) from logger `RFC.middleware_status_code`
[INFO] applying on AudioBookAudioPage(816142).AudioBookAudioFile(816142), received

2024-04-08 17:44:30,240 <requestor-worker-0:1416405, MainThread:139624799057728> (middleware.py:_apply_async:180 -> middleware.py:_apply_sync:169) from logger `RFC.middleware_status_code`
[INFO] status code 200 in response of AudioBookAudioPage(816142).AudioBookAudioFile(816142)

2024-04-08 17:44:30,243 <requestor-worker-0:1416405, MainThread:139624799057728> (requestor.py:_fetch_single_async:206 -> middleware.py:apply_async:115) from logger `RFC.middleware_status_code`
[INFO] applied on AudioBookAudioPage(816142).AudioBookAudioFile(816142), sent

2024-04-08 17:44:30,378 <requestor-worker-0:1416405, MainThread:139624799057728> (requestor.py:_fetch_single_async:206 -> middleware.py:apply_async:112) from logger `RFC.middleware_status_code`
[INFO] applying on AudioBookAudioPage(815926).AudioBookAudioFile(815926), received

2024-04-08 17:44:30,382 <requestor-worker-0:1416405, MainThread:139624799057728> (middleware.py:_apply_async:180 -> middleware.py:_apply_sync:169) from logger `RFC.middleware_status_code`
[INFO] status code 200 in response of AudioBookAudioPage(815926).AudioBookAudioFile(815926)

2024-04-08 17:44:30,384 <requestor-worker-0:1416405, MainThread:139624799057728> (requestor.py:_fetch_single_async:206 -> middleware.py:apply_async:115) from logger `RFC.middleware_status_code`
[INFO] applied on AudioBookAudioPage(815926).AudioBookAudioFile(815926), sent

2024-04-08 17:44:30,460 <requestor-worker-0:1416405, MainThread:139624799057728> (requestor.py:_fetch_single_async:206 -> middleware.py:apply_async:112) from logger `RFC.middleware_status_code`
[INFO] applying on AudioBookAudioPage(815996).AudioBookAudioFile(815996), received

2024-04-08 17:44:30,463 <requestor-worker-0:1416405, MainThread:139624799057728> (middleware.py:_apply_async:180 -> middleware.py:_apply_sync:169) from logger `RFC.middleware_status_code`
[INFO] status code 200 in response of AudioBookAudioPage(815996).AudioBookAudioFile(815996)

2024-04-08 17:44:30,465 <requestor-worker-0:1416405, MainThread:139624799057728> (requestor.py:_fetch_single_async:206 -> middleware.py:apply_async:115) from logger `RFC.middleware_status_code`
[INFO] applied on AudioBookAudioPage(815996).AudioBookAudioFile(815996), sent

2024-04-08 17:44:30,789 <requestor-worker-0:1416405, MainThread:139624799057728> (requestor.py:_fetch_single_async:206 -> middleware.py:apply_async:112) from logger `RFC.middleware_status_code`
[INFO] applying on AudioBookAudioPage(815908).AudioBookAudioFile(815908), received

2024-04-08 17:44:30,791 <requestor-worker-0:1416405, MainThread:139624799057728> (middleware.py:_apply_async:180 -> middleware.py:_apply_sync:169) from logger `RFC.middleware_status_code`
[INFO] status code 200 in response of AudioBookAudioPage(815908).AudioBookAudioFile(815908)

2024-04-08 17:44:30,794 <requestor-worker-0:1416405, MainThread:139624799057728> (requestor.py:_fetch_single_async:206 -> middleware.py:apply_async:115) from logger `RFC.middleware_status_code`
[INFO] applied on AudioBookAudioPage(815908).AudioBookAudioFile(815908), sent

2024-04-08 17:44:30,979 <requestor-worker-0:1416405, MainThread:139624799057728> (requestor.py:_fetch_single_async:206 -> middleware.py:apply_async:112) from logger `RFC.middleware_status_code`
[INFO] applying on AudioBookAudioPage(815936).AudioBookAudioFile(815936), received

2024-04-08 17:44:30,981 <requestor-worker-0:1416405, MainThread:139624799057728> (middleware.py:_apply_async:180 -> middleware.py:_apply_sync:169) from logger `RFC.middleware_status_code`
[INFO] status code 200 in response of AudioBookAudioPage(815936).AudioBookAudioFile(815936)

2024-04-08 17:44:30,984 <requestor-worker-0:1416405, MainThread:139624799057728> (requestor.py:_fetch_single_async:206 -> middleware.py:apply_async:115) from logger `RFC.middleware_status_code`
[INFO] applied on AudioBookAudioPage(815936).AudioBookAudioFile(815936), sent

2024-04-08 17:44:42,258 <requestor-worker-0:1416405, MainThread:139624799057728> (requestor.py:_fetch_single_async:206 -> middleware.py:apply_async:112) from logger `RFC.middleware_status_code`
[INFO] applying on AudioBookAudioPage(815732).AudioBookAudioFile(815732), received

2024-04-08 17:44:42,261 <requestor-worker-0:1416405, MainThread:139624799057728> (middleware.py:_apply_async:180 -> middleware.py:_apply_sync:169) from logger `RFC.middleware_status_code`
[INFO] status code 200 in response of AudioBookAudioPage(815732).AudioBookAudioFile(815732)

2024-04-08 17:44:42,265 <requestor-worker-0:1416405, MainThread:139624799057728> (requestor.py:_fetch_single_async:206 -> middleware.py:apply_async:115) from logger `RFC.middleware_status_code`
[INFO] applied on AudioBookAudioPage(815732).AudioBookAudioFile(815732), sent

2024-04-08 17:44:45,457 <requestor-worker-0:1416405, MainThread:139624799057728> (requestor.py:_fetch_single_async:206 -> middleware.py:apply_async:112) from logger `RFC.middleware_status_code`
[INFO] applying on AudioBookAudioPage(815680).AudioBookAudioFile(815680), received

2024-04-08 17:44:45,460 <requestor-worker-0:1416405, MainThread:139624799057728> (middleware.py:_apply_async:180 -> middleware.py:_apply_sync:169) from logger `RFC.middleware_status_code`
[INFO] status code 200 in response of AudioBookAudioPage(815680).AudioBookAudioFile(815680)

2024-04-08 17:44:45,463 <requestor-worker-0:1416405, MainThread:139624799057728> (requestor.py:_fetch_single_async:206 -> middleware.py:apply_async:115) from logger `RFC.middleware_status_code`
[INFO] applied on AudioBookAudioPage(815680).AudioBookAudioFile(815680), sent

2024-04-08 17:44:46,748 <requestor-worker-0:1416405, MainThread:139624799057728> (requestor.py:_fetch_single_async:206 -> middleware.py:apply_async:112) from logger `RFC.middleware_status_code`
[INFO] applying on AudioBookAudioPage(816059).AudioBookAudioFile(816059), received

2024-04-08 17:44:46,750 <requestor-worker-0:1416405, MainThread:139624799057728> (middleware.py:_apply_async:180 -> middleware.py:_apply_sync:169) from logger `RFC.middleware_status_code`
[INFO] status code 200 in response of AudioBookAudioPage(816059).AudioBookAudioFile(816059)

2024-04-08 17:44:46,751 <requestor-worker-0:1416405, MainThread:139624799057728> (requestor.py:_fetch_single_async:206 -> middleware.py:apply_async:115) from logger `RFC.middleware_status_code`
[INFO] applied on AudioBookAudioPage(816059).AudioBookAudioFile(816059), sent

2024-04-08 17:45:31,047 <requestor-worker-0:1416405, MainThread:139624799057728> (requestor.py:_fetch_single_async:206 -> middleware.py:apply_async:112) from logger `RFC.middleware_status_code`
[INFO] applying on AudioBookAudioPage(816142).AudioBookAudioFile(816142), received

2024-04-08 17:45:31,048 <requestor-worker-0:1416405, MainThread:139624799057728> (middleware.py:_apply_async:180 -> middleware.py:_apply_sync:169) from logger `RFC.middleware_status_code`
[INFO] status code 200 in response of AudioBookAudioPage(816142).AudioBookAudioFile(816142)

2024-04-08 17:45:31,049 <requestor-worker-0:1416405, MainThread:139624799057728> (requestor.py:_fetch_single_async:206 -> middleware.py:apply_async:115) from logger `RFC.middleware_status_code`
[INFO] applied on AudioBookAudioPage(816142).AudioBookAudioFile(816142), sent

2024-04-08 17:45:31,199 <requestor-worker-0:1416405, MainThread:139624799057728> (requestor.py:_fetch_single_async:206 -> middleware.py:apply_async:112) from logger `RFC.middleware_status_code`
[INFO] applying on AudioBookAudioPage(815726).AudioBookAudioFile(815726), received

2024-04-08 17:45:31,200 <requestor-worker-0:1416405, MainThread:139624799057728> (middleware.py:_apply_async:180 -> middleware.py:_apply_sync:169) from logger `RFC.middleware_status_code`
[INFO] status code 200 in response of AudioBookAudioPage(815726).AudioBookAudioFile(815726)

2024-04-08 17:45:31,201 <requestor-worker-0:1416405, MainThread:139624799057728> (requestor.py:_fetch_single_async:206 -> middleware.py:apply_async:115) from logger `RFC.middleware_status_code`
[INFO] applied on AudioBookAudioPage(815726).AudioBookAudioFile(815726), sent

2024-04-08 17:45:31,897 <requestor-worker-0:1416405, MainThread:139624799057728> (requestor.py:_fetch_single_async:206 -> middleware.py:apply_async:112) from logger `RFC.middleware_status_code`
[INFO] applying on AudioBookAudioPage(815996).AudioBookAudioFile(815996), received

2024-04-08 17:45:31,899 <requestor-worker-0:1416405, MainThread:139624799057728> (middleware.py:_apply_async:180 -> middleware.py:_apply_sync:169) from logger `RFC.middleware_status_code`
[INFO] status code 200 in response of AudioBookAudioPage(815996).AudioBookAudioFile(815996)

2024-04-08 17:45:31,902 <requestor-worker-0:1416405, MainThread:139624799057728> (requestor.py:_fetch_single_async:206 -> middleware.py:apply_async:115) from logger `RFC.middleware_status_code`
[INFO] applied on AudioBookAudioPage(815996).AudioBookAudioFile(815996), sent

2024-04-08 17:45:33,674 <requestor-worker-0:1416405, MainThread:139624799057728> (requestor.py:_fetch_single_async:206 -> middleware.py:apply_async:112) from logger `RFC.middleware_status_code`
[INFO] applying on AudioBookAudioPage(815908).AudioBookAudioFile(815908), received

2024-04-08 17:45:33,676 <requestor-worker-0:1416405, MainThread:139624799057728> (middleware.py:_apply_async:180 -> middleware.py:_apply_sync:169) from logger `RFC.middleware_status_code`
[INFO] status code 200 in response of AudioBookAudioPage(815908).AudioBookAudioFile(815908)

2024-04-08 17:45:33,678 <requestor-worker-0:1416405, MainThread:139624799057728> (requestor.py:_fetch_single_async:206 -> middleware.py:apply_async:115) from logger `RFC.middleware_status_code`
[INFO] applied on AudioBookAudioPage(815908).AudioBookAudioFile(815908), sent

2024-04-08 17:45:33,954 <requestor-worker-0:1416405, MainThread:139624799057728> (requestor.py:_fetch_single_async:206 -> middleware.py:apply_async:112) from logger `RFC.middleware_status_code`
[INFO] applying on AudioBookAudioPage(815926).AudioBookAudioFile(815926), received

2024-04-08 17:45:33,955 <requestor-worker-0:1416405, MainThread:139624799057728> (middleware.py:_apply_async:180 -> middleware.py:_apply_sync:169) from logger `RFC.middleware_status_code`
[INFO] status code 200 in response of AudioBookAudioPage(815926).AudioBookAudioFile(815926)

2024-04-08 17:45:33,956 <requestor-worker-0:1416405, MainThread:139624799057728> (requestor.py:_fetch_single_async:206 -> middleware.py:apply_async:115) from logger `RFC.middleware_status_code`
[INFO] applied on AudioBookAudioPage(815926).AudioBookAudioFile(815926), sent

2024-04-08 17:45:34,484 <requestor-worker-0:1416405, MainThread:139624799057728> (requestor.py:_fetch_single_async:206 -> middleware.py:apply_async:112) from logger `RFC.middleware_status_code`
[INFO] applying on AudioBookAudioPage(815936).AudioBookAudioFile(815936), received

2024-04-08 17:45:34,485 <requestor-worker-0:1416405, MainThread:139624799057728> (middleware.py:_apply_async:180 -> middleware.py:_apply_sync:169) from logger `RFC.middleware_status_code`
[INFO] status code 200 in response of AudioBookAudioPage(815936).AudioBookAudioFile(815936)

2024-04-08 17:45:34,486 <requestor-worker-0:1416405, MainThread:139624799057728> (requestor.py:_fetch_single_async:206 -> middleware.py:apply_async:115) from logger `RFC.middleware_status_code`
[INFO] applied on AudioBookAudioPage(815936).AudioBookAudioFile(815936), sent

2024-04-08 17:45:35,247 <requestor-worker-0:1416405, MainThread:139624799057728> (requestor.py:_fetch_single_async:206 -> middleware.py:apply_async:112) from logger `RFC.middleware_status_code`
[INFO] applying on AudioBookAudioPage(817216).AudioBookAudioFile(817216), received

2024-04-08 17:45:35,250 <requestor-worker-0:1416405, MainThread:139624799057728> (middleware.py:_apply_async:180 -> middleware.py:_apply_sync:169) from logger `RFC.middleware_status_code`
[INFO] status code 200 in response of AudioBookAudioPage(817216).AudioBookAudioFile(817216)

2024-04-08 17:45:35,252 <requestor-worker-0:1416405, MainThread:139624799057728> (requestor.py:_fetch_single_async:206 -> middleware.py:apply_async:115) from logger `RFC.middleware_status_code`
[INFO] applied on AudioBookAudioPage(817216).AudioBookAudioFile(817216), sent

2024-04-08 17:45:38,981 <requestor-worker-0:1416405, MainThread:139624799057728> (requestor.py:_fetch_single_async:206 -> middleware.py:apply_async:112) from logger `RFC.middleware_status_code`
[INFO] applying on AudioBookAudioPage(816192).AudioBookAudioFile(816192), received

2024-04-08 17:45:38,984 <requestor-worker-0:1416405, MainThread:139624799057728> (middleware.py:_apply_async:180 -> middleware.py:_apply_sync:169) from logger `RFC.middleware_status_code`
[INFO] status code 200 in response of AudioBookAudioPage(816192).AudioBookAudioFile(816192)

2024-04-08 17:45:38,987 <requestor-worker-0:1416405, MainThread:139624799057728> (requestor.py:_fetch_single_async:206 -> middleware.py:apply_async:115) from logger `RFC.middleware_status_code`
[INFO] applied on AudioBookAudioPage(816192).AudioBookAudioFile(816192), sent

2024-04-08 17:45:39,601 <requestor-worker-0:1416405, MainThread:139624799057728> (requestor.py:_fetch_single_async:206 -> middleware.py:apply_async:112) from logger `RFC.middleware_status_code`
[INFO] applying on AudioBookAudioPage(816199), received

2024-04-08 17:45:39,604 <requestor-worker-0:1416405, MainThread:139624799057728> (middleware.py:_apply_async:180 -> middleware.py:_apply_sync:169) from logger `RFC.middleware_status_code`
[INFO] status code 200 in response of AudioBookAudioPage(816199)

2024-04-08 17:45:39,607 <requestor-worker-0:1416405, MainThread:139624799057728> (requestor.py:_fetch_single_async:206 -> middleware.py:apply_async:115) from logger `RFC.middleware_status_code`
[INFO] applied on AudioBookAudioPage(816199), sent

2024-04-08 17:45:42,086 <requestor-worker-0:1416405, MainThread:139624799057728> (requestor.py:_fetch_single_async:206 -> middleware.py:apply_async:112) from logger `RFC.middleware_status_code`
[INFO] applying on AudioBookAudioPage(816202), received

2024-04-08 17:45:42,088 <requestor-worker-0:1416405, MainThread:139624799057728> (middleware.py:_apply_async:180 -> middleware.py:_apply_sync:169) from logger `RFC.middleware_status_code`
[INFO] status code 200 in response of AudioBookAudioPage(816202)

2024-04-08 17:45:42,091 <requestor-worker-0:1416405, MainThread:139624799057728> (requestor.py:_fetch_single_async:206 -> middleware.py:apply_async:115) from logger `RFC.middleware_status_code`
[INFO] applied on AudioBookAudioPage(816202), sent

2024-04-08 17:45:43,155 <requestor-worker-0:1416405, MainThread:139624799057728> (requestor.py:_fetch_single_async:206 -> middleware.py:apply_async:112) from logger `RFC.middleware_status_code`
[INFO] applying on AudioBookAudioPage(815732).AudioBookAudioFile(815732), received

2024-04-08 17:45:43,157 <requestor-worker-0:1416405, MainThread:139624799057728> (middleware.py:_apply_async:180 -> middleware.py:_apply_sync:169) from logger `RFC.middleware_status_code`
[INFO] status code 200 in response of AudioBookAudioPage(815732).AudioBookAudioFile(815732)

2024-04-08 17:45:43,158 <requestor-worker-0:1416405, MainThread:139624799057728> (requestor.py:_fetch_single_async:206 -> middleware.py:apply_async:115) from logger `RFC.middleware_status_code`
[INFO] applied on AudioBookAudioPage(815732).AudioBookAudioFile(815732), sent

2024-04-08 17:45:46,049 <requestor-worker-0:1416405, MainThread:139624799057728> (requestor.py:_fetch_single_async:206 -> middleware.py:apply_async:112) from logger `RFC.middleware_status_code`
[INFO] applying on AudioBookAudioPage(816199).AudioBookAudioFile(816199), received

2024-04-08 17:45:46,052 <requestor-worker-0:1416405, MainThread:139624799057728> (middleware.py:_apply_async:180 -> middleware.py:_apply_sync:169) from logger `RFC.middleware_status_code`
[INFO] status code 200 in response of AudioBookAudioPage(816199).AudioBookAudioFile(816199)

2024-04-08 17:45:46,055 <requestor-worker-0:1416405, MainThread:139624799057728> (requestor.py:_fetch_single_async:206 -> middleware.py:apply_async:115) from logger `RFC.middleware_status_code`
[INFO] applied on AudioBookAudioPage(816199).AudioBookAudioFile(816199), sent

2024-04-08 17:45:46,378 <requestor-worker-0:1416405, MainThread:139624799057728> (requestor.py:_fetch_single_async:206 -> middleware.py:apply_async:112) from logger `RFC.middleware_status_code`
[INFO] applying on AudioBookAudioPage(816207), received

2024-04-08 17:45:46,380 <requestor-worker-0:1416405, MainThread:139624799057728> (middleware.py:_apply_async:180 -> middleware.py:_apply_sync:169) from logger `RFC.middleware_status_code`
[INFO] status code 200 in response of AudioBookAudioPage(816207)

2024-04-08 17:45:46,383 <requestor-worker-0:1416405, MainThread:139624799057728> (requestor.py:_fetch_single_async:206 -> middleware.py:apply_async:115) from logger `RFC.middleware_status_code`
[INFO] applied on AudioBookAudioPage(816207), sent

2024-04-08 17:45:46,720 <requestor-worker-0:1416405, MainThread:139624799057728> (requestor.py:_fetch_single_async:206 -> middleware.py:apply_async:112) from logger `RFC.middleware_status_code`
[INFO] applying on AudioBookAudioPage(816208), received

2024-04-08 17:45:46,723 <requestor-worker-0:1416405, MainThread:139624799057728> (requestor.py:_fetch_single_async:206 -> middleware.py:apply_async:119) from logger `RFC.middleware_status_code`
[ERROR] failed on AudioBookAudioPage(816208), caught error ValueError('unexpected status code 404 in response of AudioBookAudioPage(816208)')

2024-04-08 17:45:46,837 <requestor-worker-0:1416405, MainThread:139624799057728> (requestor.py:_fetch_single_async:206 -> middleware.py:apply_async:112) from logger `RFC.middleware_status_code`
[INFO] applying on AudioBookAudioPage(816059).AudioBookAudioFile(816059), received

2024-04-08 17:45:46,839 <requestor-worker-0:1416405, MainThread:139624799057728> (middleware.py:_apply_async:180 -> middleware.py:_apply_sync:169) from logger `RFC.middleware_status_code`
[INFO] status code 200 in response of AudioBookAudioPage(816059).AudioBookAudioFile(816059)

2024-04-08 17:45:46,840 <requestor-worker-0:1416405, MainThread:139624799057728> (requestor.py:_fetch_single_async:206 -> middleware.py:apply_async:115) from logger `RFC.middleware_status_code`
[INFO] applied on AudioBookAudioPage(816059).AudioBookAudioFile(816059), sent

2024-04-08 17:45:46,990 <requestor-worker-0:1416405, MainThread:139624799057728> (requestor.py:_fetch_single_async:206 -> middleware.py:apply_async:112) from logger `RFC.middleware_status_code`
[INFO] applying on AudioBookAudioPage(816204).AudioBookAudioFile(816204), received

2024-04-08 17:45:46,991 <requestor-worker-0:1416405, MainThread:139624799057728> (middleware.py:_apply_async:180 -> middleware.py:_apply_sync:169) from logger `RFC.middleware_status_code`
[INFO] status code 200 in response of AudioBookAudioPage(816204).AudioBookAudioFile(816204)

2024-04-08 17:45:46,992 <requestor-worker-0:1416405, MainThread:139624799057728> (requestor.py:_fetch_single_async:206 -> middleware.py:apply_async:115) from logger `RFC.middleware_status_code`
[INFO] applied on AudioBookAudioPage(816204).AudioBookAudioFile(816204), sent

2024-04-08 17:45:47,463 <requestor-worker-0:1416405, MainThread:139624799057728> (requestor.py:_fetch_single_async:206 -> middleware.py:apply_async:112) from logger `RFC.middleware_status_code`
[INFO] applying on AudioBookAudioPage(816202).AudioBookAudioFile(816202), received

2024-04-08 17:45:47,464 <requestor-worker-0:1416405, MainThread:139624799057728> (middleware.py:_apply_async:180 -> middleware.py:_apply_sync:169) from logger `RFC.middleware_status_code`
[INFO] status code 200 in response of AudioBookAudioPage(816202).AudioBookAudioFile(816202)

2024-04-08 17:45:47,465 <requestor-worker-0:1416405, MainThread:139624799057728> (requestor.py:_fetch_single_async:206 -> middleware.py:apply_async:115) from logger `RFC.middleware_status_code`
[INFO] applied on AudioBookAudioPage(816202).AudioBookAudioFile(816202), sent

2024-04-08 17:45:48,954 <requestor-worker-0:1416405, MainThread:139624799057728> (requestor.py:_fetch_single_async:206 -> middleware.py:apply_async:112) from logger `RFC.middleware_status_code`
[INFO] applying on AudioBookAudioPage(816209), received

2024-04-08 17:45:48,956 <requestor-worker-0:1416405, MainThread:139624799057728> (middleware.py:_apply_async:180 -> middleware.py:_apply_sync:169) from logger `RFC.middleware_status_code`
[INFO] status code 200 in response of AudioBookAudioPage(816209)

2024-04-08 17:45:48,958 <requestor-worker-0:1416405, MainThread:139624799057728> (requestor.py:_fetch_single_async:206 -> middleware.py:apply_async:115) from logger `RFC.middleware_status_code`
[INFO] applied on AudioBookAudioPage(816209), sent

2024-04-08 17:45:50,720 <requestor-worker-0:1416405, MainThread:139624799057728> (requestor.py:_fetch_single_async:206 -> middleware.py:apply_async:112) from logger `RFC.middleware_status_code`
[INFO] applying on AudioBookAudioPage(816207).AudioBookAudioFile(816207), received

2024-04-08 17:45:50,723 <requestor-worker-0:1416405, MainThread:139624799057728> (middleware.py:_apply_async:180 -> middleware.py:_apply_sync:169) from logger `RFC.middleware_status_code`
[INFO] status code 200 in response of AudioBookAudioPage(816207).AudioBookAudioFile(816207)

2024-04-08 17:45:50,725 <requestor-worker-0:1416405, MainThread:139624799057728> (requestor.py:_fetch_single_async:206 -> middleware.py:apply_async:115) from logger `RFC.middleware_status_code`
[INFO] applied on AudioBookAudioPage(816207).AudioBookAudioFile(816207), sent

2024-04-08 17:45:52,192 <requestor-worker-0:1416405, MainThread:139624799057728> (requestor.py:_fetch_single_async:206 -> middleware.py:apply_async:112) from logger `RFC.middleware_status_code`
[INFO] applying on AudioBookAudioPage(816210), received

2024-04-08 17:45:52,193 <requestor-worker-0:1416405, MainThread:139624799057728> (middleware.py:_apply_async:180 -> middleware.py:_apply_sync:169) from logger `RFC.middleware_status_code`
[INFO] status code 200 in response of AudioBookAudioPage(816210)

2024-04-08 17:45:52,194 <requestor-worker-0:1416405, MainThread:139624799057728> (requestor.py:_fetch_single_async:206 -> middleware.py:apply_async:115) from logger `RFC.middleware_status_code`
[INFO] applied on AudioBookAudioPage(816210), sent

2024-04-08 17:45:54,743 <requestor-worker-0:1416405, MainThread:139624799057728> (requestor.py:_fetch_single_async:206 -> middleware.py:apply_async:112) from logger `RFC.middleware_status_code`
[INFO] applying on AudioBookAudioPage(816173).AudioBookAudioFile(816173), received

2024-04-08 17:45:54,746 <requestor-worker-0:1416405, MainThread:139624799057728> (middleware.py:_apply_async:180 -> middleware.py:_apply_sync:169) from logger `RFC.middleware_status_code`
[INFO] status code 200 in response of AudioBookAudioPage(816173).AudioBookAudioFile(816173)

2024-04-08 17:45:54,749 <requestor-worker-0:1416405, MainThread:139624799057728> (requestor.py:_fetch_single_async:206 -> middleware.py:apply_async:115) from logger `RFC.middleware_status_code`
[INFO] applied on AudioBookAudioPage(816173).AudioBookAudioFile(816173), sent

2024-04-08 17:46:11,530 <requestor-worker-0:1416405, MainThread:139624799057728> (requestor.py:_fetch_single_async:206 -> middleware.py:apply_async:112) from logger `RFC.middleware_status_code`
[INFO] applying on AudioBookAudioPage(816211), received

2024-04-08 17:46:11,531 <requestor-worker-0:1416405, MainThread:139624799057728> (middleware.py:_apply_async:180 -> middleware.py:_apply_sync:169) from logger `RFC.middleware_status_code`
[INFO] status code 200 in response of AudioBookAudioPage(816211)

2024-04-08 17:46:11,532 <requestor-worker-0:1416405, MainThread:139624799057728> (requestor.py:_fetch_single_async:206 -> middleware.py:apply_async:115) from logger `RFC.middleware_status_code`
[INFO] applied on AudioBookAudioPage(816211), sent

2024-04-08 17:46:14,187 <requestor-worker-0:1416405, MainThread:139624799057728> (requestor.py:_fetch_single_async:206 -> middleware.py:apply_async:112) from logger `RFC.middleware_status_code`
[INFO] applying on AudioBookAudioPage(816222), received

2024-04-08 17:46:14,189 <requestor-worker-0:1416405, MainThread:139624799057728> (middleware.py:_apply_async:180 -> middleware.py:_apply_sync:169) from logger `RFC.middleware_status_code`
[INFO] status code 200 in response of AudioBookAudioPage(816222)

2024-04-08 17:46:14,192 <requestor-worker-0:1416405, MainThread:139624799057728> (requestor.py:_fetch_single_async:206 -> middleware.py:apply_async:115) from logger `RFC.middleware_status_code`
[INFO] applied on AudioBookAudioPage(816222), sent

2024-04-08 17:46:19,549 <requestor-worker-0:1416405, MainThread:139624799057728> (requestor.py:_fetch_single_async:206 -> middleware.py:apply_async:112) from logger `RFC.middleware_status_code`
[INFO] applying on AudioBookAudioPage(816220), received

2024-04-08 17:46:19,551 <requestor-worker-0:1416405, MainThread:139624799057728> (middleware.py:_apply_async:180 -> middleware.py:_apply_sync:169) from logger `RFC.middleware_status_code`
[INFO] status code 200 in response of AudioBookAudioPage(816220)

2024-04-08 17:46:19,554 <requestor-worker-0:1416405, MainThread:139624799057728> (requestor.py:_fetch_single_async:206 -> middleware.py:apply_async:115) from logger `RFC.middleware_status_code`
[INFO] applied on AudioBookAudioPage(816220), sent

2024-04-08 17:46:21,609 <requestor-worker-0:1416405, MainThread:139624799057728> (requestor.py:_fetch_single_async:206 -> middleware.py:apply_async:112) from logger `RFC.middleware_status_code`
[INFO] applying on AudioBookAudioPage(816222).AudioBookAudioFile(816222), received

2024-04-08 17:46:21,610 <requestor-worker-0:1416405, MainThread:139624799057728> (middleware.py:_apply_async:180 -> middleware.py:_apply_sync:169) from logger `RFC.middleware_status_code`
[INFO] status code 200 in response of AudioBookAudioPage(816222).AudioBookAudioFile(816222)

2024-04-08 17:46:21,611 <requestor-worker-0:1416405, MainThread:139624799057728> (requestor.py:_fetch_single_async:206 -> middleware.py:apply_async:115) from logger `RFC.middleware_status_code`
[INFO] applied on AudioBookAudioPage(816222).AudioBookAudioFile(816222), sent

