2024-04-04 00:30:39,673 <requestor-worker-1:1998827, MainThread:140298684229440> (requestor.py:_fetch_single_async:216 -> requestor.py:_handle_error:100) from logger `RFC.requestor_failed`
[ERROR] Traceback (most recent call last):
  File "/remote-home/qhgao/Workspace/Projects/RFC-crawlers/RFC-dev/RFC/req/requestor.py", line 206, in _fetch_single_async
    result = await middleware.apply_async(item, result, self._session._request_lib, self._session._async_lib)
  File "/remote-home/qhgao/Workspace/Projects/RFC-crawlers/RFC-dev/RFC/req/middleware.py", line 121, in apply_async
    self._handle_error(e, item, result)
  File "/remote-home/qhgao/Workspace/Projects/RFC-crawlers/RFC-dev/RFC/req/middleware.py", line 83, in _handle_error
    raise error
  File "/remote-home/qhgao/Workspace/Projects/RFC-crawlers/RFC-dev/RFC/req/middleware.py", line 114, in apply_async
    _result = await self._apply_async(item, result, request_lib, async_lib)
  File "/remote-home/qhgao/Workspace/Projects/RFC-crawlers/RFC-dev/RFC/req/middleware.py", line 180, in _apply_async
    return self._apply_sync(item, result, request_lib)
  File "/remote-home/qhgao/Workspace/Projects/RFC-crawlers/RFC-dev/RFC/req/middleware.py", line 168, in _apply_sync
    raise ValueError(f"unexpected status code {repr(status_code)} in response of {repr(item)}")
ValueError: unexpected status code 404 in response of AudioBookAudioPage(1201708)


2024-04-04 00:30:40,356 <requestor-worker-1:1998827, MainThread:140298684229440> (requestor.py:_fetch_single_async:216 -> requestor.py:_handle_error:99) from logger `RFC.requestor_failed`
[ERROR] failed on AudioBookAudioPage(1201711), caught error "['ValueError'] ValueError('unexpected status code 404 in response of AudioBookAudioPage(1201711)')"

2024-04-04 00:30:40,358 <requestor-worker-1:1998827, MainThread:140298684229440> (requestor.py:_fetch_single_async:216 -> requestor.py:_handle_error:100) from logger `RFC.requestor_failed`
[ERROR] Traceback (most recent call last):
  File "/remote-home/qhgao/Workspace/Projects/RFC-crawlers/RFC-dev/RFC/req/requestor.py", line 206, in _fetch_single_async
    result = await middleware.apply_async(item, result, self._session._request_lib, self._session._async_lib)
  File "/remote-home/qhgao/Workspace/Projects/RFC-crawlers/RFC-dev/RFC/req/middleware.py", line 121, in apply_async
    self._handle_error(e, item, result)
  File "/remote-home/qhgao/Workspace/Projects/RFC-crawlers/RFC-dev/RFC/req/middleware.py", line 83, in _handle_error
    raise error
  File "/remote-home/qhgao/Workspace/Projects/RFC-crawlers/RFC-dev/RFC/req/middleware.py", line 114, in apply_async
    _result = await self._apply_async(item, result, request_lib, async_lib)
  File "/remote-home/qhgao/Workspace/Projects/RFC-crawlers/RFC-dev/RFC/req/middleware.py", line 180, in _apply_async
    return self._apply_sync(item, result, request_lib)
  File "/remote-home/qhgao/Workspace/Projects/RFC-crawlers/RFC-dev/RFC/req/middleware.py", line 168, in _apply_sync
    raise ValueError(f"unexpected status code {repr(status_code)} in response of {repr(item)}")
ValueError: unexpected status code 404 in response of AudioBookAudioPage(1201711)


2024-04-04 00:30:40,729 <requestor-worker-1:1998827, MainThread:140298684229440> (requestor.py:_fetch_single_async:216 -> requestor.py:_handle_error:99) from logger `RFC.requestor_failed`
[ERROR] failed on AudioBookAudioPage(1201712), caught error "['ValueError'] ValueError('unexpected status code 404 in response of AudioBookAudioPage(1201712)')"

2024-04-04 00:30:40,731 <requestor-worker-1:1998827, MainThread:140298684229440> (requestor.py:_fetch_single_async:216 -> requestor.py:_handle_error:100) from logger `RFC.requestor_failed`
[ERROR] Traceback (most recent call last):
  File "/remote-home/qhgao/Workspace/Projects/RFC-crawlers/RFC-dev/RFC/req/requestor.py", line 206, in _fetch_single_async
    result = await middleware.apply_async(item, result, self._session._request_lib, self._session._async_lib)
  File "/remote-home/qhgao/Workspace/Projects/RFC-crawlers/RFC-dev/RFC/req/middleware.py", line 121, in apply_async
    self._handle_error(e, item, result)
  File "/remote-home/qhgao/Workspace/Projects/RFC-crawlers/RFC-dev/RFC/req/middleware.py", line 83, in _handle_error
    raise error
  File "/remote-home/qhgao/Workspace/Projects/RFC-crawlers/RFC-dev/RFC/req/middleware.py", line 114, in apply_async
    _result = await self._apply_async(item, result, request_lib, async_lib)
  File "/remote-home/qhgao/Workspace/Projects/RFC-crawlers/RFC-dev/RFC/req/middleware.py", line 180, in _apply_async
    return self._apply_sync(item, result, request_lib)
  File "/remote-home/qhgao/Workspace/Projects/RFC-crawlers/RFC-dev/RFC/req/middleware.py", line 168, in _apply_sync
    raise ValueError(f"unexpected status code {repr(status_code)} in response of {repr(item)}")
ValueError: unexpected status code 404 in response of AudioBookAudioPage(1201712)


2024-04-04 00:30:41,642 <requestor-worker-1:1998827, MainThread:140298684229440> (requestor.py:_fetch_single_async:216 -> requestor.py:_handle_error:99) from logger `RFC.requestor_failed`
[ERROR] failed on AudioBookAudioPage(1201715), caught error "['ValueError'] ValueError('unexpected status code 404 in response of AudioBookAudioPage(1201715)')"

2024-04-04 00:30:41,645 <requestor-worker-1:1998827, MainThread:140298684229440> (requestor.py:_fetch_single_async:216 -> requestor.py:_handle_error:100) from logger `RFC.requestor_failed`
[ERROR] Traceback (most recent call last):
  File "/remote-home/qhgao/Workspace/Projects/RFC-crawlers/RFC-dev/RFC/req/requestor.py", line 206, in _fetch_single_async
    result = await middleware.apply_async(item, result, self._session._request_lib, self._session._async_lib)
  File "/remote-home/qhgao/Workspace/Projects/RFC-crawlers/RFC-dev/RFC/req/middleware.py", line 121, in apply_async
    self._handle_error(e, item, result)
  File "/remote-home/qhgao/Workspace/Projects/RFC-crawlers/RFC-dev/RFC/req/middleware.py", line 83, in _handle_error
    raise error
  File "/remote-home/qhgao/Workspace/Projects/RFC-crawlers/RFC-dev/RFC/req/middleware.py", line 114, in apply_async
    _result = await self._apply_async(item, result, request_lib, async_lib)
  File "/remote-home/qhgao/Workspace/Projects/RFC-crawlers/RFC-dev/RFC/req/middleware.py", line 180, in _apply_async
    return self._apply_sync(item, result, request_lib)
  File "/remote-home/qhgao/Workspace/Projects/RFC-crawlers/RFC-dev/RFC/req/middleware.py", line 168, in _apply_sync
    raise ValueError(f"unexpected status code {repr(status_code)} in response of {repr(item)}")
ValueError: unexpected status code 404 in response of AudioBookAudioPage(1201715)


2024-04-04 00:30:42,285 <requestor-worker-1:1998827, MainThread:140298684229440> (requestor.py:_fetch_single_async:216 -> requestor.py:_handle_error:99) from logger `RFC.requestor_failed`
[ERROR] failed on AudioBookAudioPage(1201716), caught error "['ValueError'] ValueError('unexpected status code 404 in response of AudioBookAudioPage(1201716)')"

2024-04-04 00:30:42,288 <requestor-worker-1:1998827, MainThread:140298684229440> (requestor.py:_fetch_single_async:216 -> requestor.py:_handle_error:100) from logger `RFC.requestor_failed`
[ERROR] Traceback (most recent call last):
  File "/remote-home/qhgao/Workspace/Projects/RFC-crawlers/RFC-dev/RFC/req/requestor.py", line 206, in _fetch_single_async
    result = await middleware.apply_async(item, result, self._session._request_lib, self._session._async_lib)
  File "/remote-home/qhgao/Workspace/Projects/RFC-crawlers/RFC-dev/RFC/req/middleware.py", line 121, in apply_async
    self._handle_error(e, item, result)
  File "/remote-home/qhgao/Workspace/Projects/RFC-crawlers/RFC-dev/RFC/req/middleware.py", line 83, in _handle_error
    raise error
  File "/remote-home/qhgao/Workspace/Projects/RFC-crawlers/RFC-dev/RFC/req/middleware.py", line 114, in apply_async
    _result = await self._apply_async(item, result, request_lib, async_lib)
  File "/remote-home/qhgao/Workspace/Projects/RFC-crawlers/RFC-dev/RFC/req/middleware.py", line 180, in _apply_async
    return self._apply_sync(item, result, request_lib)
  File "/remote-home/qhgao/Workspace/Projects/RFC-crawlers/RFC-dev/RFC/req/middleware.py", line 168, in _apply_sync
    raise ValueError(f"unexpected status code {repr(status_code)} in response of {repr(item)}")
ValueError: unexpected status code 404 in response of AudioBookAudioPage(1201716)


2024-04-04 00:30:43,023 <requestor-worker-1:1998827, MainThread:140298684229440> (requestor.py:_fetch_single_async:216 -> requestor.py:_handle_error:99) from logger `RFC.requestor_failed`
[ERROR] failed on AudioBookAudioPage(1201718), caught error "['ValueError'] ValueError('unexpected status code 404 in response of AudioBookAudioPage(1201718)')"

2024-04-04 00:30:43,026 <requestor-worker-1:1998827, MainThread:140298684229440> (requestor.py:_fetch_single_async:216 -> requestor.py:_handle_error:100) from logger `RFC.requestor_failed`
[ERROR] Traceback (most recent call last):
  File "/remote-home/qhgao/Workspace/Projects/RFC-crawlers/RFC-dev/RFC/req/requestor.py", line 206, in _fetch_single_async
    result = await middleware.apply_async(item, result, self._session._request_lib, self._session._async_lib)
  File "/remote-home/qhgao/Workspace/Projects/RFC-crawlers/RFC-dev/RFC/req/middleware.py", line 121, in apply_async
    self._handle_error(e, item, result)
  File "/remote-home/qhgao/Workspace/Projects/RFC-crawlers/RFC-dev/RFC/req/middleware.py", line 83, in _handle_error
    raise error
  File "/remote-home/qhgao/Workspace/Projects/RFC-crawlers/RFC-dev/RFC/req/middleware.py", line 114, in apply_async
    _result = await self._apply_async(item, result, request_lib, async_lib)
  File "/remote-home/qhgao/Workspace/Projects/RFC-crawlers/RFC-dev/RFC/req/middleware.py", line 180, in _apply_async
    return self._apply_sync(item, result, request_lib)
  File "/remote-home/qhgao/Workspace/Projects/RFC-crawlers/RFC-dev/RFC/req/middleware.py", line 168, in _apply_sync
    raise ValueError(f"unexpected status code {repr(status_code)} in response of {repr(item)}")
ValueError: unexpected status code 404 in response of AudioBookAudioPage(1201718)


2024-04-04 00:31:10,317 <requestor-worker-1:1998827, MainThread:140298684229440> (requestor.py:_fetch_single_async:216 -> requestor.py:_handle_error:99) from logger `RFC.requestor_failed`
[ERROR] failed on AudioBookAudioPage(1201360).AudioBookAudioFile(1201360), caught error "['TimeoutError'] TimeoutError()"

2024-04-04 00:31:10,319 <requestor-worker-1:1998827, MainThread:140298684229440> (requestor.py:_fetch_single_async:216 -> requestor.py:_handle_error:100) from logger `RFC.requestor_failed`
[ERROR] Traceback (most recent call last):
  File "/remote-home/qhgao/Workspace/Projects/RFC-crawlers/RFC-dev/RFC/req/requestor.py", line 206, in _fetch_single_async
    result = await middleware.apply_async(item, result, self._session._request_lib, self._session._async_lib)
  File "/remote-home/qhgao/Workspace/Projects/RFC-crawlers/RFC-dev/RFC/req/middleware.py", line 121, in apply_async
    self._handle_error(e, item, result)
  File "/remote-home/qhgao/Workspace/Projects/RFC-crawlers/RFC-dev/RFC/req/middleware.py", line 83, in _handle_error
    raise error
  File "/remote-home/qhgao/Workspace/Projects/RFC-crawlers/RFC-dev/RFC/req/middleware.py", line 114, in apply_async
    _result = await self._apply_async(item, result, request_lib, async_lib)
  File "/remote-home/qhgao/Workspace/Projects/RFC-crawlers/RFC-dev/RFC/req/middleware.py", line 316, in _apply_async
    result.content = result.json if 'json' in result else await get_content_async(result.response, request_lib)  # type: ignore
  File "/remote-home/qhgao/Workspace/Projects/RFC-crawlers/RFC-dev/RFC/req/middleware_func.py", line 88, in get_content_async
    return await resp.read()
  File "/remote-home/qhgao/Workspace/Applications/anaconda3/envs/share_py310/lib/python3.10/site-packages/aiohttp/client_reqrep.py", line 1037, in read
    self._body = await self.content.read()
  File "/remote-home/qhgao/Workspace/Applications/anaconda3/envs/share_py310/lib/python3.10/site-packages/aiohttp/streams.py", line 375, in read
    block = await self.readany()
  File "/remote-home/qhgao/Workspace/Applications/anaconda3/envs/share_py310/lib/python3.10/site-packages/aiohttp/streams.py", line 397, in readany
    await self._wait("readany")
  File "/remote-home/qhgao/Workspace/Applications/anaconda3/envs/share_py310/lib/python3.10/site-packages/aiohttp/streams.py", line 303, in _wait
    with self._timer:
  File "/remote-home/qhgao/Workspace/Applications/anaconda3/envs/share_py310/lib/python3.10/site-packages/aiohttp/helpers.py", line 721, in __exit__
    raise asyncio.TimeoutError from None
asyncio.exceptions.TimeoutError


2024-04-04 00:31:59,679 <requestor-worker-1:1998827, MainThread:140298684229440> (requestor.py:_fetch_single_async:216 -> requestor.py:_handle_error:99) from logger `RFC.requestor_failed`
[ERROR] failed on AudioBookAudioPage(1201474).AudioBookAudioFile(1201474), caught error "['TimeoutError'] TimeoutError()"

2024-04-04 00:31:59,682 <requestor-worker-1:1998827, MainThread:140298684229440> (requestor.py:_fetch_single_async:216 -> requestor.py:_handle_error:100) from logger `RFC.requestor_failed`
[ERROR] Traceback (most recent call last):
  File "/remote-home/qhgao/Workspace/Projects/RFC-crawlers/RFC-dev/RFC/req/requestor.py", line 206, in _fetch_single_async
    result = await middleware.apply_async(item, result, self._session._request_lib, self._session._async_lib)
  File "/remote-home/qhgao/Workspace/Projects/RFC-crawlers/RFC-dev/RFC/req/middleware.py", line 121, in apply_async
    self._handle_error(e, item, result)
  File "/remote-home/qhgao/Workspace/Projects/RFC-crawlers/RFC-dev/RFC/req/middleware.py", line 83, in _handle_error
    raise error
  File "/remote-home/qhgao/Workspace/Projects/RFC-crawlers/RFC-dev/RFC/req/middleware.py", line 114, in apply_async
    _result = await self._apply_async(item, result, request_lib, async_lib)
  File "/remote-home/qhgao/Workspace/Projects/RFC-crawlers/RFC-dev/RFC/req/middleware.py", line 316, in _apply_async
    result.content = result.json if 'json' in result else await get_content_async(result.response, request_lib)  # type: ignore
  File "/remote-home/qhgao/Workspace/Projects/RFC-crawlers/RFC-dev/RFC/req/middleware_func.py", line 88, in get_content_async
    return await resp.read()
  File "/remote-home/qhgao/Workspace/Applications/anaconda3/envs/share_py310/lib/python3.10/site-packages/aiohttp/client_reqrep.py", line 1037, in read
    self._body = await self.content.read()
  File "/remote-home/qhgao/Workspace/Applications/anaconda3/envs/share_py310/lib/python3.10/site-packages/aiohttp/streams.py", line 375, in read
    block = await self.readany()
  File "/remote-home/qhgao/Workspace/Applications/anaconda3/envs/share_py310/lib/python3.10/site-packages/aiohttp/streams.py", line 397, in readany
    await self._wait("readany")
  File "/remote-home/qhgao/Workspace/Applications/anaconda3/envs/share_py310/lib/python3.10/site-packages/aiohttp/streams.py", line 303, in _wait
    with self._timer:
  File "/remote-home/qhgao/Workspace/Applications/anaconda3/envs/share_py310/lib/python3.10/site-packages/aiohttp/helpers.py", line 721, in __exit__
    raise asyncio.TimeoutError from None
asyncio.exceptions.TimeoutError


2024-04-04 00:32:08,295 <requestor-worker-1:1998827, MainThread:140298684229440> (requestor.py:_fetch_single_async:216 -> requestor.py:_handle_error:99) from logger `RFC.requestor_failed`
[ERROR] failed on AudioBookAudioPage(1201481).AudioBookAudioFile(1201481), caught error "['TimeoutError'] TimeoutError()"

2024-04-04 00:32:08,297 <requestor-worker-1:1998827, MainThread:140298684229440> (requestor.py:_fetch_single_async:216 -> requestor.py:_handle_error:100) from logger `RFC.requestor_failed`
[ERROR] Traceback (most recent call last):
  File "/remote-home/qhgao/Workspace/Projects/RFC-crawlers/RFC-dev/RFC/req/requestor.py", line 206, in _fetch_single_async
    result = await middleware.apply_async(item, result, self._session._request_lib, self._session._async_lib)
  File "/remote-home/qhgao/Workspace/Projects/RFC-crawlers/RFC-dev/RFC/req/middleware.py", line 121, in apply_async
    self._handle_error(e, item, result)
  File "/remote-home/qhgao/Workspace/Projects/RFC-crawlers/RFC-dev/RFC/req/middleware.py", line 83, in _handle_error
    raise error
  File "/remote-home/qhgao/Workspace/Projects/RFC-crawlers/RFC-dev/RFC/req/middleware.py", line 114, in apply_async
    _result = await self._apply_async(item, result, request_lib, async_lib)
  File "/remote-home/qhgao/Workspace/Projects/RFC-crawlers/RFC-dev/RFC/req/middleware.py", line 316, in _apply_async
    result.content = result.json if 'json' in result else await get_content_async(result.response, request_lib)  # type: ignore
  File "/remote-home/qhgao/Workspace/Projects/RFC-crawlers/RFC-dev/RFC/req/middleware_func.py", line 88, in get_content_async
    return await resp.read()
  File "/remote-home/qhgao/Workspace/Applications/anaconda3/envs/share_py310/lib/python3.10/site-packages/aiohttp/client_reqrep.py", line 1037, in read
    self._body = await self.content.read()
  File "/remote-home/qhgao/Workspace/Applications/anaconda3/envs/share_py310/lib/python3.10/site-packages/aiohttp/streams.py", line 375, in read
    block = await self.readany()
  File "/remote-home/qhgao/Workspace/Applications/anaconda3/envs/share_py310/lib/python3.10/site-packages/aiohttp/streams.py", line 397, in readany
    await self._wait("readany")
  File "/remote-home/qhgao/Workspace/Applications/anaconda3/envs/share_py310/lib/python3.10/site-packages/aiohttp/streams.py", line 303, in _wait
    with self._timer:
  File "/remote-home/qhgao/Workspace/Applications/anaconda3/envs/share_py310/lib/python3.10/site-packages/aiohttp/helpers.py", line 721, in __exit__
    raise asyncio.TimeoutError from None
asyncio.exceptions.TimeoutError


2024-04-04 00:32:10,297 <requestor-worker-1:1998827, MainThread:140298684229440> (requestor.py:_fetch_single_async:216 -> requestor.py:_handle_error:99) from logger `RFC.requestor_failed`
[ERROR] failed on AudioBookAudioPage(1201486).AudioBookAudioFile(1201486), caught error "['TimeoutError'] TimeoutError()"

2024-04-04 00:32:10,300 <requestor-worker-1:1998827, MainThread:140298684229440> (requestor.py:_fetch_single_async:216 -> requestor.py:_handle_error:100) from logger `RFC.requestor_failed`
[ERROR] Traceback (most recent call last):
  File "/remote-home/qhgao/Workspace/Projects/RFC-crawlers/RFC-dev/RFC/req/requestor.py", line 206, in _fetch_single_async
    result = await middleware.apply_async(item, result, self._session._request_lib, self._session._async_lib)
  File "/remote-home/qhgao/Workspace/Projects/RFC-crawlers/RFC-dev/RFC/req/middleware.py", line 121, in apply_async
    self._handle_error(e, item, result)
  File "/remote-home/qhgao/Workspace/Projects/RFC-crawlers/RFC-dev/RFC/req/middleware.py", line 83, in _handle_error
    raise error
  File "/remote-home/qhgao/Workspace/Projects/RFC-crawlers/RFC-dev/RFC/req/middleware.py", line 114, in apply_async
    _result = await self._apply_async(item, result, request_lib, async_lib)
  File "/remote-home/qhgao/Workspace/Projects/RFC-crawlers/RFC-dev/RFC/req/middleware.py", line 316, in _apply_async
    result.content = result.json if 'json' in result else await get_content_async(result.response, request_lib)  # type: ignore
  File "/remote-home/qhgao/Workspace/Projects/RFC-crawlers/RFC-dev/RFC/req/middleware_func.py", line 88, in get_content_async
    return await resp.read()
  File "/remote-home/qhgao/Workspace/Applications/anaconda3/envs/share_py310/lib/python3.10/site-packages/aiohttp/client_reqrep.py", line 1037, in read
    self._body = await self.content.read()
  File "/remote-home/qhgao/Workspace/Applications/anaconda3/envs/share_py310/lib/python3.10/site-packages/aiohttp/streams.py", line 375, in read
    block = await self.readany()
  File "/remote-home/qhgao/Workspace/Applications/anaconda3/envs/share_py310/lib/python3.10/site-packages/aiohttp/streams.py", line 397, in readany
    await self._wait("readany")
  File "/remote-home/qhgao/Workspace/Applications/anaconda3/envs/share_py310/lib/python3.10/site-packages/aiohttp/streams.py", line 303, in _wait
    with self._timer:
  File "/remote-home/qhgao/Workspace/Applications/anaconda3/envs/share_py310/lib/python3.10/site-packages/aiohttp/helpers.py", line 721, in __exit__
    raise asyncio.TimeoutError from None
asyncio.exceptions.TimeoutError


2024-04-04 00:32:36,523 <requestor-worker-1:1998827, MainThread:140298684229440> (requestor.py:_fetch_single_async:216 -> requestor.py:_handle_error:99) from logger `RFC.requestor_failed`
[ERROR] failed on AudioBookAudioPage(1201840), caught error "['ValueError'] ValueError('unexpected status code 404 in response of AudioBookAudioPage(1201840)')"

2024-04-04 00:32:36,524 <requestor-worker-1:1998827, MainThread:140298684229440> (requestor.py:_fetch_single_async:216 -> requestor.py:_handle_error:100) from logger `RFC.requestor_failed`
[ERROR] Traceback (most recent call last):
  File "/remote-home/qhgao/Workspace/Projects/RFC-crawlers/RFC-dev/RFC/req/requestor.py", line 206, in _fetch_single_async
    result = await middleware.apply_async(item, result, self._session._request_lib, self._session._async_lib)
  File "/remote-home/qhgao/Workspace/Projects/RFC-crawlers/RFC-dev/RFC/req/middleware.py", line 121, in apply_async
    self._handle_error(e, item, result)
  File "/remote-home/qhgao/Workspace/Projects/RFC-crawlers/RFC-dev/RFC/req/middleware.py", line 83, in _handle_error
    raise error
  File "/remote-home/qhgao/Workspace/Projects/RFC-crawlers/RFC-dev/RFC/req/middleware.py", line 114, in apply_async
    _result = await self._apply_async(item, result, request_lib, async_lib)
  File "/remote-home/qhgao/Workspace/Projects/RFC-crawlers/RFC-dev/RFC/req/middleware.py", line 180, in _apply_async
    return self._apply_sync(item, result, request_lib)
  File "/remote-home/qhgao/Workspace/Projects/RFC-crawlers/RFC-dev/RFC/req/middleware.py", line 168, in _apply_sync
    raise ValueError(f"unexpected status code {repr(status_code)} in response of {repr(item)}")
ValueError: unexpected status code 404 in response of AudioBookAudioPage(1201840)


2024-04-04 00:32:39,250 <requestor-worker-1:1998827, MainThread:140298684229440> (requestor.py:_fetch_single_async:216 -> requestor.py:_handle_error:99) from logger `RFC.requestor_failed`
[ERROR] failed on AudioBookAudioPage(1201847), caught error "['ValueError'] ValueError('unexpected status code 404 in response of AudioBookAudioPage(1201847)')"

2024-04-04 00:32:39,252 <requestor-worker-1:1998827, MainThread:140298684229440> (requestor.py:_fetch_single_async:216 -> requestor.py:_handle_error:100) from logger `RFC.requestor_failed`
[ERROR] Traceback (most recent call last):
  File "/remote-home/qhgao/Workspace/Projects/RFC-crawlers/RFC-dev/RFC/req/requestor.py", line 206, in _fetch_single_async
    result = await middleware.apply_async(item, result, self._session._request_lib, self._session._async_lib)
  File "/remote-home/qhgao/Workspace/Projects/RFC-crawlers/RFC-dev/RFC/req/middleware.py", line 121, in apply_async
    self._handle_error(e, item, result)
  File "/remote-home/qhgao/Workspace/Projects/RFC-crawlers/RFC-dev/RFC/req/middleware.py", line 83, in _handle_error
    raise error
  File "/remote-home/qhgao/Workspace/Projects/RFC-crawlers/RFC-dev/RFC/req/middleware.py", line 114, in apply_async
    _result = await self._apply_async(item, result, request_lib, async_lib)
  File "/remote-home/qhgao/Workspace/Projects/RFC-crawlers/RFC-dev/RFC/req/middleware.py", line 180, in _apply_async
    return self._apply_sync(item, result, request_lib)
  File "/remote-home/qhgao/Workspace/Projects/RFC-crawlers/RFC-dev/RFC/req/middleware.py", line 168, in _apply_sync
    raise ValueError(f"unexpected status code {repr(status_code)} in response of {repr(item)}")
ValueError: unexpected status code 404 in response of AudioBookAudioPage(1201847)


2024-04-04 00:33:02,301 <requestor-worker-1:1998827, MainThread:140298684229440> (requestor.py:_fetch_single_async:216 -> requestor.py:_handle_error:99) from logger `RFC.requestor_failed`
[ERROR] failed on AudioBookAudioPage(1201567).AudioBookAudioFile(1201567), caught error "['TimeoutError'] TimeoutError()"

2024-04-04 00:33:02,304 <requestor-worker-1:1998827, MainThread:140298684229440> (requestor.py:_fetch_single_async:216 -> requestor.py:_handle_error:100) from logger `RFC.requestor_failed`
[ERROR] Traceback (most recent call last):
  File "/remote-home/qhgao/Workspace/Projects/RFC-crawlers/RFC-dev/RFC/req/requestor.py", line 206, in _fetch_single_async
    result = await middleware.apply_async(item, result, self._session._request_lib, self._session._async_lib)
  File "/remote-home/qhgao/Workspace/Projects/RFC-crawlers/RFC-dev/RFC/req/middleware.py", line 121, in apply_async
    self._handle_error(e, item, result)
  File "/remote-home/qhgao/Workspace/Projects/RFC-crawlers/RFC-dev/RFC/req/middleware.py", line 83, in _handle_error
    raise error
  File "/remote-home/qhgao/Workspace/Projects/RFC-crawlers/RFC-dev/RFC/req/middleware.py", line 114, in apply_async
    _result = await self._apply_async(item, result, request_lib, async_lib)
  File "/remote-home/qhgao/Workspace/Projects/RFC-crawlers/RFC-dev/RFC/req/middleware.py", line 316, in _apply_async
    result.content = result.json if 'json' in result else await get_content_async(result.response, request_lib)  # type: ignore
  File "/remote-home/qhgao/Workspace/Projects/RFC-crawlers/RFC-dev/RFC/req/middleware_func.py", line 88, in get_content_async
    return await resp.read()
  File "/remote-home/qhgao/Workspace/Applications/anaconda3/envs/share_py310/lib/python3.10/site-packages/aiohttp/client_reqrep.py", line 1037, in read
    self._body = await self.content.read()
  File "/remote-home/qhgao/Workspace/Applications/anaconda3/envs/share_py310/lib/python3.10/site-packages/aiohttp/streams.py", line 375, in read
    block = await self.readany()
  File "/remote-home/qhgao/Workspace/Applications/anaconda3/envs/share_py310/lib/python3.10/site-packages/aiohttp/streams.py", line 397, in readany
    await self._wait("readany")
  File "/remote-home/qhgao/Workspace/Applications/anaconda3/envs/share_py310/lib/python3.10/site-packages/aiohttp/streams.py", line 303, in _wait
    with self._timer:
  File "/remote-home/qhgao/Workspace/Applications/anaconda3/envs/share_py310/lib/python3.10/site-packages/aiohttp/helpers.py", line 721, in __exit__
    raise asyncio.TimeoutError from None
asyncio.exceptions.TimeoutError


2024-04-04 00:33:16,819 <requestor-worker-1:1998827, MainThread:140298684229440> (requestor.py:_fetch_single_async:216 -> requestor.py:_handle_error:99) from logger `RFC.requestor_failed`
[ERROR] failed on AudioBookAudioPage(1201869), caught error "['ValueError'] ValueError('unexpected status code 404 in response of AudioBookAudioPage(1201869)')"

2024-04-04 00:33:16,821 <requestor-worker-1:1998827, MainThread:140298684229440> (requestor.py:_fetch_single_async:216 -> requestor.py:_handle_error:100) from logger `RFC.requestor_failed`
[ERROR] Traceback (most recent call last):
  File "/remote-home/qhgao/Workspace/Projects/RFC-crawlers/RFC-dev/RFC/req/requestor.py", line 206, in _fetch_single_async
    result = await middleware.apply_async(item, result, self._session._request_lib, self._session._async_lib)
  File "/remote-home/qhgao/Workspace/Projects/RFC-crawlers/RFC-dev/RFC/req/middleware.py", line 121, in apply_async
    self._handle_error(e, item, result)
  File "/remote-home/qhgao/Workspace/Projects/RFC-crawlers/RFC-dev/RFC/req/middleware.py", line 83, in _handle_error
    raise error
  File "/remote-home/qhgao/Workspace/Projects/RFC-crawlers/RFC-dev/RFC/req/middleware.py", line 114, in apply_async
    _result = await self._apply_async(item, result, request_lib, async_lib)
  File "/remote-home/qhgao/Workspace/Projects/RFC-crawlers/RFC-dev/RFC/req/middleware.py", line 180, in _apply_async
    return self._apply_sync(item, result, request_lib)
  File "/remote-home/qhgao/Workspace/Projects/RFC-crawlers/RFC-dev/RFC/req/middleware.py", line 168, in _apply_sync
    raise ValueError(f"unexpected status code {repr(status_code)} in response of {repr(item)}")
ValueError: unexpected status code 404 in response of AudioBookAudioPage(1201869)


2024-04-04 00:33:20,595 <requestor-worker-1:1998827, MainThread:140298684229440> (requestor.py:_fetch_single_async:216 -> requestor.py:_handle_error:99) from logger `RFC.requestor_failed`
[ERROR] failed on AudioBookAudioPage(1201797).AudioBookAudioFile(1201797), caught error "['TimeoutError'] TimeoutError()"

2024-04-04 00:33:20,598 <requestor-worker-1:1998827, MainThread:140298684229440> (requestor.py:_fetch_single_async:216 -> requestor.py:_handle_error:100) from logger `RFC.requestor_failed`
[ERROR] Traceback (most recent call last):
  File "/remote-home/qhgao/Workspace/Projects/RFC-crawlers/RFC-dev/RFC/req/requestor.py", line 206, in _fetch_single_async
    result = await middleware.apply_async(item, result, self._session._request_lib, self._session._async_lib)
  File "/remote-home/qhgao/Workspace/Projects/RFC-crawlers/RFC-dev/RFC/req/middleware.py", line 121, in apply_async
    self._handle_error(e, item, result)
  File "/remote-home/qhgao/Workspace/Projects/RFC-crawlers/RFC-dev/RFC/req/middleware.py", line 83, in _handle_error
    raise error
  File "/remote-home/qhgao/Workspace/Projects/RFC-crawlers/RFC-dev/RFC/req/middleware.py", line 114, in apply_async
    _result = await self._apply_async(item, result, request_lib, async_lib)
  File "/remote-home/qhgao/Workspace/Projects/RFC-crawlers/RFC-dev/RFC/req/middleware.py", line 316, in _apply_async
    result.content = result.json if 'json' in result else await get_content_async(result.response, request_lib)  # type: ignore
  File "/remote-home/qhgao/Workspace/Projects/RFC-crawlers/RFC-dev/RFC/req/middleware_func.py", line 88, in get_content_async
    return await resp.read()
  File "/remote-home/qhgao/Workspace/Applications/anaconda3/envs/share_py310/lib/python3.10/site-packages/aiohttp/client_reqrep.py", line 1037, in read
    self._body = await self.content.read()
  File "/remote-home/qhgao/Workspace/Applications/anaconda3/envs/share_py310/lib/python3.10/site-packages/aiohttp/streams.py", line 375, in read
    block = await self.readany()
  File "/remote-home/qhgao/Workspace/Applications/anaconda3/envs/share_py310/lib/python3.10/site-packages/aiohttp/streams.py", line 397, in readany
    await self._wait("readany")
  File "/remote-home/qhgao/Workspace/Applications/anaconda3/envs/share_py310/lib/python3.10/site-packages/aiohttp/streams.py", line 303, in _wait
    with self._timer:
  File "/remote-home/qhgao/Workspace/Applications/anaconda3/envs/share_py310/lib/python3.10/site-packages/aiohttp/helpers.py", line 721, in __exit__
    raise asyncio.TimeoutError from None
asyncio.exceptions.TimeoutError


2024-04-04 00:34:01,554 <requestor-worker-1:1998827, MainThread:140298684229440> (requestor.py:_fetch_single_async:216 -> requestor.py:_handle_error:99) from logger `RFC.requestor_failed`
[ERROR] failed on AudioBookAudioPage(1201909), caught error "['ValueError'] ValueError('unexpected status code 404 in response of AudioBookAudioPage(1201909)')"

2024-04-04 00:34:01,557 <requestor-worker-1:1998827, MainThread:140298684229440> (requestor.py:_fetch_single_async:216 -> requestor.py:_handle_error:100) from logger `RFC.requestor_failed`
[ERROR] Traceback (most recent call last):
  File "/remote-home/qhgao/Workspace/Projects/RFC-crawlers/RFC-dev/RFC/req/requestor.py", line 206, in _fetch_single_async
    result = await middleware.apply_async(item, result, self._session._request_lib, self._session._async_lib)
  File "/remote-home/qhgao/Workspace/Projects/RFC-crawlers/RFC-dev/RFC/req/middleware.py", line 121, in apply_async
    self._handle_error(e, item, result)
  File "/remote-home/qhgao/Workspace/Projects/RFC-crawlers/RFC-dev/RFC/req/middleware.py", line 83, in _handle_error
    raise error
  File "/remote-home/qhgao/Workspace/Projects/RFC-crawlers/RFC-dev/RFC/req/middleware.py", line 114, in apply_async
    _result = await self._apply_async(item, result, request_lib, async_lib)
  File "/remote-home/qhgao/Workspace/Projects/RFC-crawlers/RFC-dev/RFC/req/middleware.py", line 180, in _apply_async
    return self._apply_sync(item, result, request_lib)
  File "/remote-home/qhgao/Workspace/Projects/RFC-crawlers/RFC-dev/RFC/req/middleware.py", line 168, in _apply_sync
    raise ValueError(f"unexpected status code {repr(status_code)} in response of {repr(item)}")
ValueError: unexpected status code 404 in response of AudioBookAudioPage(1201909)


2024-04-04 00:34:04,296 <requestor-worker-1:1998827, MainThread:140298684229440> (requestor.py:_fetch_single_async:216 -> requestor.py:_handle_error:99) from logger `RFC.requestor_failed`
[ERROR] failed on AudioBookAudioPage(1201660).AudioBookAudioFile(1201660), caught error "['TimeoutError'] TimeoutError()"

2024-04-04 00:34:04,299 <requestor-worker-1:1998827, MainThread:140298684229440> (requestor.py:_fetch_single_async:216 -> requestor.py:_handle_error:100) from logger `RFC.requestor_failed`
[ERROR] Traceback (most recent call last):
  File "/remote-home/qhgao/Workspace/Projects/RFC-crawlers/RFC-dev/RFC/req/requestor.py", line 206, in _fetch_single_async
    result = await middleware.apply_async(item, result, self._session._request_lib, self._session._async_lib)
  File "/remote-home/qhgao/Workspace/Projects/RFC-crawlers/RFC-dev/RFC/req/middleware.py", line 121, in apply_async
    self._handle_error(e, item, result)
  File "/remote-home/qhgao/Workspace/Projects/RFC-crawlers/RFC-dev/RFC/req/middleware.py", line 83, in _handle_error
    raise error
  File "/remote-home/qhgao/Workspace/Projects/RFC-crawlers/RFC-dev/RFC/req/middleware.py", line 114, in apply_async
    _result = await self._apply_async(item, result, request_lib, async_lib)
  File "/remote-home/qhgao/Workspace/Projects/RFC-crawlers/RFC-dev/RFC/req/middleware.py", line 316, in _apply_async
    result.content = result.json if 'json' in result else await get_content_async(result.response, request_lib)  # type: ignore
  File "/remote-home/qhgao/Workspace/Projects/RFC-crawlers/RFC-dev/RFC/req/middleware_func.py", line 88, in get_content_async
    return await resp.read()
  File "/remote-home/qhgao/Workspace/Applications/anaconda3/envs/share_py310/lib/python3.10/site-packages/aiohttp/client_reqrep.py", line 1037, in read
    self._body = await self.content.read()
  File "/remote-home/qhgao/Workspace/Applications/anaconda3/envs/share_py310/lib/python3.10/site-packages/aiohttp/streams.py", line 375, in read
    block = await self.readany()
  File "/remote-home/qhgao/Workspace/Applications/anaconda3/envs/share_py310/lib/python3.10/site-packages/aiohttp/streams.py", line 397, in readany
    await self._wait("readany")
  File "/remote-home/qhgao/Workspace/Applications/anaconda3/envs/share_py310/lib/python3.10/site-packages/aiohttp/streams.py", line 303, in _wait
    with self._timer:
  File "/remote-home/qhgao/Workspace/Applications/anaconda3/envs/share_py310/lib/python3.10/site-packages/aiohttp/helpers.py", line 721, in __exit__
    raise asyncio.TimeoutError from None
asyncio.exceptions.TimeoutError


2024-04-04 00:34:05,216 <requestor-worker-1:1998827, MainThread:140298684229440> (requestor.py:_fetch_single_async:216 -> requestor.py:_handle_error:99) from logger `RFC.requestor_failed`
[ERROR] failed on AudioBookAudioPage(1201916), caught error "['ValueError'] ValueError('unexpected status code 404 in response of AudioBookAudioPage(1201916)')"

2024-04-04 00:34:05,217 <requestor-worker-1:1998827, MainThread:140298684229440> (requestor.py:_fetch_single_async:216 -> requestor.py:_handle_error:100) from logger `RFC.requestor_failed`
[ERROR] Traceback (most recent call last):
  File "/remote-home/qhgao/Workspace/Projects/RFC-crawlers/RFC-dev/RFC/req/requestor.py", line 206, in _fetch_single_async
    result = await middleware.apply_async(item, result, self._session._request_lib, self._session._async_lib)
  File "/remote-home/qhgao/Workspace/Projects/RFC-crawlers/RFC-dev/RFC/req/middleware.py", line 121, in apply_async
    self._handle_error(e, item, result)
  File "/remote-home/qhgao/Workspace/Projects/RFC-crawlers/RFC-dev/RFC/req/middleware.py", line 83, in _handle_error
    raise error
  File "/remote-home/qhgao/Workspace/Projects/RFC-crawlers/RFC-dev/RFC/req/middleware.py", line 114, in apply_async
    _result = await self._apply_async(item, result, request_lib, async_lib)
  File "/remote-home/qhgao/Workspace/Projects/RFC-crawlers/RFC-dev/RFC/req/middleware.py", line 180, in _apply_async
    return self._apply_sync(item, result, request_lib)
  File "/remote-home/qhgao/Workspace/Projects/RFC-crawlers/RFC-dev/RFC/req/middleware.py", line 168, in _apply_sync
    raise ValueError(f"unexpected status code {repr(status_code)} in response of {repr(item)}")
ValueError: unexpected status code 404 in response of AudioBookAudioPage(1201916)


2024-04-04 00:34:19,575 <requestor-worker-1:1998827, MainThread:140298684229440> (requestor.py:_fetch_single_async:216 -> requestor.py:_handle_error:99) from logger `RFC.requestor_failed`
[ERROR] failed on AudioBookAudioPage(1201926), caught error "['ValueError'] ValueError('unexpected status code 404 in response of AudioBookAudioPage(1201926)')"

2024-04-04 00:34:19,578 <requestor-worker-1:1998827, MainThread:140298684229440> (requestor.py:_fetch_single_async:216 -> requestor.py:_handle_error:100) from logger `RFC.requestor_failed`
[ERROR] Traceback (most recent call last):
  File "/remote-home/qhgao/Workspace/Projects/RFC-crawlers/RFC-dev/RFC/req/requestor.py", line 206, in _fetch_single_async
    result = await middleware.apply_async(item, result, self._session._request_lib, self._session._async_lib)
  File "/remote-home/qhgao/Workspace/Projects/RFC-crawlers/RFC-dev/RFC/req/middleware.py", line 121, in apply_async
    self._handle_error(e, item, result)
  File "/remote-home/qhgao/Workspace/Projects/RFC-crawlers/RFC-dev/RFC/req/middleware.py", line 83, in _handle_error
    raise error
  File "/remote-home/qhgao/Workspace/Projects/RFC-crawlers/RFC-dev/RFC/req/middleware.py", line 114, in apply_async
    _result = await self._apply_async(item, result, request_lib, async_lib)
  File "/remote-home/qhgao/Workspace/Projects/RFC-crawlers/RFC-dev/RFC/req/middleware.py", line 180, in _apply_async
    return self._apply_sync(item, result, request_lib)
  File "/remote-home/qhgao/Workspace/Projects/RFC-crawlers/RFC-dev/RFC/req/middleware.py", line 168, in _apply_sync
    raise ValueError(f"unexpected status code {repr(status_code)} in response of {repr(item)}")
ValueError: unexpected status code 404 in response of AudioBookAudioPage(1201926)


2024-04-04 00:35:09,850 <requestor-worker-1:1998827, MainThread:140298684229440> (requestor.py:_fetch_single_async:216 -> requestor.py:_handle_error:99) from logger `RFC.requestor_failed`
[ERROR] failed on AudioBookAudioPage(1201968), caught error "['TimeoutError'] TimeoutError()"

2024-04-04 00:35:09,851 <requestor-worker-1:1998827, MainThread:140298684229440> (requestor.py:_fetch_single_async:216 -> requestor.py:_handle_error:100) from logger `RFC.requestor_failed`
[ERROR] Traceback (most recent call last):
  File "/remote-home/qhgao/Workspace/Projects/RFC-crawlers/RFC-dev/RFC/req/requestor.py", line 199, in _fetch_single_async
    resp = await self._session.request(item)
  File "/remote-home/qhgao/Workspace/Projects/RFC-crawlers/RFC-dev/RFC/req/session.py", line 320, in request
    return await self._session.request(**request_args)
  File "/remote-home/qhgao/Workspace/Applications/anaconda3/envs/share_py310/lib/python3.10/site-packages/aiohttp/client.py", line 560, in _request
    await resp.start(conn)
  File "/remote-home/qhgao/Workspace/Applications/anaconda3/envs/share_py310/lib/python3.10/site-packages/aiohttp/client_reqrep.py", line 894, in start
    with self._timer:
  File "/remote-home/qhgao/Workspace/Applications/anaconda3/envs/share_py310/lib/python3.10/site-packages/aiohttp/helpers.py", line 721, in __exit__
    raise asyncio.TimeoutError from None
asyncio.exceptions.TimeoutError


2024-04-04 00:35:15,476 <requestor-worker-1:1998827, MainThread:140298684229440> (requestor.py:_fetch_single_async:216 -> requestor.py:_handle_error:99) from logger `RFC.requestor_failed`
[ERROR] failed on AudioBookAudioPage(1201987), caught error "['ValueError'] ValueError('unexpected status code 404 in response of AudioBookAudioPage(1201987)')"

2024-04-04 00:35:15,478 <requestor-worker-1:1998827, MainThread:140298684229440> (requestor.py:_fetch_single_async:216 -> requestor.py:_handle_error:100) from logger `RFC.requestor_failed`
[ERROR] Traceback (most recent call last):
  File "/remote-home/qhgao/Workspace/Projects/RFC-crawlers/RFC-dev/RFC/req/requestor.py", line 206, in _fetch_single_async
    result = await middleware.apply_async(item, result, self._session._request_lib, self._session._async_lib)
  File "/remote-home/qhgao/Workspace/Projects/RFC-crawlers/RFC-dev/RFC/req/middleware.py", line 121, in apply_async
    self._handle_error(e, item, result)
  File "/remote-home/qhgao/Workspace/Projects/RFC-crawlers/RFC-dev/RFC/req/middleware.py", line 83, in _handle_error
    raise error
  File "/remote-home/qhgao/Workspace/Projects/RFC-crawlers/RFC-dev/RFC/req/middleware.py", line 114, in apply_async
    _result = await self._apply_async(item, result, request_lib, async_lib)
  File "/remote-home/qhgao/Workspace/Projects/RFC-crawlers/RFC-dev/RFC/req/middleware.py", line 180, in _apply_async
    return self._apply_sync(item, result, request_lib)
  File "/remote-home/qhgao/Workspace/Projects/RFC-crawlers/RFC-dev/RFC/req/middleware.py", line 168, in _apply_sync
    raise ValueError(f"unexpected status code {repr(status_code)} in response of {repr(item)}")
ValueError: unexpected status code 404 in response of AudioBookAudioPage(1201987)


2024-04-04 00:35:17,219 <requestor-worker-1:1998827, MainThread:140298684229440> (requestor.py:_fetch_single_async:216 -> requestor.py:_handle_error:99) from logger `RFC.requestor_failed`
[ERROR] failed on AudioBookAudioPage(1201989), caught error "['ValueError'] ValueError('unexpected status code 404 in response of AudioBookAudioPage(1201989)')"

2024-04-04 00:35:17,220 <requestor-worker-1:1998827, MainThread:140298684229440> (requestor.py:_fetch_single_async:216 -> requestor.py:_handle_error:100) from logger `RFC.requestor_failed`
[ERROR] Traceback (most recent call last):
  File "/remote-home/qhgao/Workspace/Projects/RFC-crawlers/RFC-dev/RFC/req/requestor.py", line 206, in _fetch_single_async
    result = await middleware.apply_async(item, result, self._session._request_lib, self._session._async_lib)
  File "/remote-home/qhgao/Workspace/Projects/RFC-crawlers/RFC-dev/RFC/req/middleware.py", line 121, in apply_async
    self._handle_error(e, item, result)
  File "/remote-home/qhgao/Workspace/Projects/RFC-crawlers/RFC-dev/RFC/req/middleware.py", line 83, in _handle_error
    raise error
  File "/remote-home/qhgao/Workspace/Projects/RFC-crawlers/RFC-dev/RFC/req/middleware.py", line 114, in apply_async
    _result = await self._apply_async(item, result, request_lib, async_lib)
  File "/remote-home/qhgao/Workspace/Projects/RFC-crawlers/RFC-dev/RFC/req/middleware.py", line 180, in _apply_async
    return self._apply_sync(item, result, request_lib)
  File "/remote-home/qhgao/Workspace/Projects/RFC-crawlers/RFC-dev/RFC/req/middleware.py", line 168, in _apply_sync
    raise ValueError(f"unexpected status code {repr(status_code)} in response of {repr(item)}")
ValueError: unexpected status code 404 in response of AudioBookAudioPage(1201989)


2024-04-04 00:35:29,297 <requestor-worker-1:1998827, MainThread:140298684229440> (requestor.py:_fetch_single_async:216 -> requestor.py:_handle_error:99) from logger `RFC.requestor_failed`
[ERROR] failed on AudioBookAudioPage(1201758).AudioBookAudioFile(1201758), caught error "['TimeoutError'] TimeoutError()"

2024-04-04 00:35:29,301 <requestor-worker-1:1998827, MainThread:140298684229440> (requestor.py:_fetch_single_async:216 -> requestor.py:_handle_error:100) from logger `RFC.requestor_failed`
[ERROR] Traceback (most recent call last):
  File "/remote-home/qhgao/Workspace/Projects/RFC-crawlers/RFC-dev/RFC/req/requestor.py", line 206, in _fetch_single_async
    result = await middleware.apply_async(item, result, self._session._request_lib, self._session._async_lib)
  File "/remote-home/qhgao/Workspace/Projects/RFC-crawlers/RFC-dev/RFC/req/middleware.py", line 121, in apply_async
    self._handle_error(e, item, result)
  File "/remote-home/qhgao/Workspace/Projects/RFC-crawlers/RFC-dev/RFC/req/middleware.py", line 83, in _handle_error
    raise error
  File "/remote-home/qhgao/Workspace/Projects/RFC-crawlers/RFC-dev/RFC/req/middleware.py", line 114, in apply_async
    _result = await self._apply_async(item, result, request_lib, async_lib)
  File "/remote-home/qhgao/Workspace/Projects/RFC-crawlers/RFC-dev/RFC/req/middleware.py", line 316, in _apply_async
    result.content = result.json if 'json' in result else await get_content_async(result.response, request_lib)  # type: ignore
  File "/remote-home/qhgao/Workspace/Projects/RFC-crawlers/RFC-dev/RFC/req/middleware_func.py", line 88, in get_content_async
    return await resp.read()
  File "/remote-home/qhgao/Workspace/Applications/anaconda3/envs/share_py310/lib/python3.10/site-packages/aiohttp/client_reqrep.py", line 1037, in read
    self._body = await self.content.read()
  File "/remote-home/qhgao/Workspace/Applications/anaconda3/envs/share_py310/lib/python3.10/site-packages/aiohttp/streams.py", line 375, in read
    block = await self.readany()
  File "/remote-home/qhgao/Workspace/Applications/anaconda3/envs/share_py310/lib/python3.10/site-packages/aiohttp/streams.py", line 397, in readany
    await self._wait("readany")
  File "/remote-home/qhgao/Workspace/Applications/anaconda3/envs/share_py310/lib/python3.10/site-packages/aiohttp/streams.py", line 303, in _wait
    with self._timer:
  File "/remote-home/qhgao/Workspace/Applications/anaconda3/envs/share_py310/lib/python3.10/site-packages/aiohttp/helpers.py", line 721, in __exit__
    raise asyncio.TimeoutError from None
asyncio.exceptions.TimeoutError


2024-04-04 00:35:35,298 <requestor-worker-1:1998827, MainThread:140298684229440> (requestor.py:_fetch_single_async:216 -> requestor.py:_handle_error:99) from logger `RFC.requestor_failed`
[ERROR] failed on AudioBookAudioPage(1201763).AudioBookAudioFile(1201763), caught error "['TimeoutError'] TimeoutError()"

2024-04-04 00:35:35,301 <requestor-worker-1:1998827, MainThread:140298684229440> (requestor.py:_fetch_single_async:216 -> requestor.py:_handle_error:100) from logger `RFC.requestor_failed`
[ERROR] Traceback (most recent call last):
  File "/remote-home/qhgao/Workspace/Projects/RFC-crawlers/RFC-dev/RFC/req/requestor.py", line 206, in _fetch_single_async
    result = await middleware.apply_async(item, result, self._session._request_lib, self._session._async_lib)
  File "/remote-home/qhgao/Workspace/Projects/RFC-crawlers/RFC-dev/RFC/req/middleware.py", line 121, in apply_async
    self._handle_error(e, item, result)
  File "/remote-home/qhgao/Workspace/Projects/RFC-crawlers/RFC-dev/RFC/req/middleware.py", line 83, in _handle_error
    raise error
  File "/remote-home/qhgao/Workspace/Projects/RFC-crawlers/RFC-dev/RFC/req/middleware.py", line 114, in apply_async
    _result = await self._apply_async(item, result, request_lib, async_lib)
  File "/remote-home/qhgao/Workspace/Projects/RFC-crawlers/RFC-dev/RFC/req/middleware.py", line 316, in _apply_async
    result.content = result.json if 'json' in result else await get_content_async(result.response, request_lib)  # type: ignore
  File "/remote-home/qhgao/Workspace/Projects/RFC-crawlers/RFC-dev/RFC/req/middleware_func.py", line 88, in get_content_async
    return await resp.read()
  File "/remote-home/qhgao/Workspace/Applications/anaconda3/envs/share_py310/lib/python3.10/site-packages/aiohttp/client_reqrep.py", line 1037, in read
    self._body = await self.content.read()
  File "/remote-home/qhgao/Workspace/Applications/anaconda3/envs/share_py310/lib/python3.10/site-packages/aiohttp/streams.py", line 375, in read
    block = await self.readany()
  File "/remote-home/qhgao/Workspace/Applications/anaconda3/envs/share_py310/lib/python3.10/site-packages/aiohttp/streams.py", line 397, in readany
    await self._wait("readany")
  File "/remote-home/qhgao/Workspace/Applications/anaconda3/envs/share_py310/lib/python3.10/site-packages/aiohttp/streams.py", line 303, in _wait
    with self._timer:
  File "/remote-home/qhgao/Workspace/Applications/anaconda3/envs/share_py310/lib/python3.10/site-packages/aiohttp/helpers.py", line 721, in __exit__
    raise asyncio.TimeoutError from None
asyncio.exceptions.TimeoutError


2024-04-04 00:35:47,316 <requestor-worker-1:1998827, MainThread:140298684229440> (requestor.py:_fetch_single_async:216 -> requestor.py:_handle_error:99) from logger `RFC.requestor_failed`
[ERROR] failed on AudioBookAudioPage(1202005), caught error "['TimeoutError'] TimeoutError()"

2024-04-04 00:35:47,318 <requestor-worker-1:1998827, MainThread:140298684229440> (requestor.py:_fetch_single_async:216 -> requestor.py:_handle_error:100) from logger `RFC.requestor_failed`
[ERROR] Traceback (most recent call last):
  File "/remote-home/qhgao/Workspace/Projects/RFC-crawlers/RFC-dev/RFC/req/requestor.py", line 199, in _fetch_single_async
    resp = await self._session.request(item)
  File "/remote-home/qhgao/Workspace/Projects/RFC-crawlers/RFC-dev/RFC/req/session.py", line 320, in request
    return await self._session.request(**request_args)
  File "/remote-home/qhgao/Workspace/Applications/anaconda3/envs/share_py310/lib/python3.10/site-packages/aiohttp/client.py", line 467, in _request
    with timer:
  File "/remote-home/qhgao/Workspace/Applications/anaconda3/envs/share_py310/lib/python3.10/site-packages/aiohttp/helpers.py", line 721, in __exit__
    raise asyncio.TimeoutError from None
asyncio.exceptions.TimeoutError


2024-04-04 00:35:51,813 <requestor-worker-1:1998827, MainThread:140298684229440> (requestor.py:_fetch_single_async:216 -> requestor.py:_handle_error:99) from logger `RFC.requestor_failed`
[ERROR] failed on AudioBookAudioPage(1202029), caught error "['ValueError'] ValueError('unexpected status code 404 in response of AudioBookAudioPage(1202029)')"

2024-04-04 00:35:51,814 <requestor-worker-1:1998827, MainThread:140298684229440> (requestor.py:_fetch_single_async:216 -> requestor.py:_handle_error:100) from logger `RFC.requestor_failed`
[ERROR] Traceback (most recent call last):
  File "/remote-home/qhgao/Workspace/Projects/RFC-crawlers/RFC-dev/RFC/req/requestor.py", line 206, in _fetch_single_async
    result = await middleware.apply_async(item, result, self._session._request_lib, self._session._async_lib)
  File "/remote-home/qhgao/Workspace/Projects/RFC-crawlers/RFC-dev/RFC/req/middleware.py", line 121, in apply_async
    self._handle_error(e, item, result)
  File "/remote-home/qhgao/Workspace/Projects/RFC-crawlers/RFC-dev/RFC/req/middleware.py", line 83, in _handle_error
    raise error
  File "/remote-home/qhgao/Workspace/Projects/RFC-crawlers/RFC-dev/RFC/req/middleware.py", line 114, in apply_async
    _result = await self._apply_async(item, result, request_lib, async_lib)
  File "/remote-home/qhgao/Workspace/Projects/RFC-crawlers/RFC-dev/RFC/req/middleware.py", line 180, in _apply_async
    return self._apply_sync(item, result, request_lib)
  File "/remote-home/qhgao/Workspace/Projects/RFC-crawlers/RFC-dev/RFC/req/middleware.py", line 168, in _apply_sync
    raise ValueError(f"unexpected status code {repr(status_code)} in response of {repr(item)}")
ValueError: unexpected status code 404 in response of AudioBookAudioPage(1202029)


2024-04-04 00:36:06,327 <requestor-worker-1:1998827, MainThread:140298684229440> (requestor.py:_fetch_single_async:216 -> requestor.py:_handle_error:99) from logger `RFC.requestor_failed`
[ERROR] failed on AudioBookAudioPage(1201801).AudioBookAudioFile(1201801), caught error "['TimeoutError'] TimeoutError()"

2024-04-04 00:36:06,330 <requestor-worker-1:1998827, MainThread:140298684229440> (requestor.py:_fetch_single_async:216 -> requestor.py:_handle_error:100) from logger `RFC.requestor_failed`
[ERROR] Traceback (most recent call last):
  File "/remote-home/qhgao/Workspace/Projects/RFC-crawlers/RFC-dev/RFC/req/requestor.py", line 206, in _fetch_single_async
    result = await middleware.apply_async(item, result, self._session._request_lib, self._session._async_lib)
  File "/remote-home/qhgao/Workspace/Projects/RFC-crawlers/RFC-dev/RFC/req/middleware.py", line 121, in apply_async
    self._handle_error(e, item, result)
  File "/remote-home/qhgao/Workspace/Projects/RFC-crawlers/RFC-dev/RFC/req/middleware.py", line 83, in _handle_error
    raise error
  File "/remote-home/qhgao/Workspace/Projects/RFC-crawlers/RFC-dev/RFC/req/middleware.py", line 114, in apply_async
    _result = await self._apply_async(item, result, request_lib, async_lib)
  File "/remote-home/qhgao/Workspace/Projects/RFC-crawlers/RFC-dev/RFC/req/middleware.py", line 316, in _apply_async
    result.content = result.json if 'json' in result else await get_content_async(result.response, request_lib)  # type: ignore
  File "/remote-home/qhgao/Workspace/Projects/RFC-crawlers/RFC-dev/RFC/req/middleware_func.py", line 88, in get_content_async
    return await resp.read()
  File "/remote-home/qhgao/Workspace/Applications/anaconda3/envs/share_py310/lib/python3.10/site-packages/aiohttp/client_reqrep.py", line 1037, in read
    self._body = await self.content.read()
  File "/remote-home/qhgao/Workspace/Applications/anaconda3/envs/share_py310/lib/python3.10/site-packages/aiohttp/streams.py", line 375, in read
    block = await self.readany()
  File "/remote-home/qhgao/Workspace/Applications/anaconda3/envs/share_py310/lib/python3.10/site-packages/aiohttp/streams.py", line 397, in readany
    await self._wait("readany")
  File "/remote-home/qhgao/Workspace/Applications/anaconda3/envs/share_py310/lib/python3.10/site-packages/aiohttp/streams.py", line 303, in _wait
    with self._timer:
  File "/remote-home/qhgao/Workspace/Applications/anaconda3/envs/share_py310/lib/python3.10/site-packages/aiohttp/helpers.py", line 721, in __exit__
    raise asyncio.TimeoutError from None
asyncio.exceptions.TimeoutError


2024-04-04 00:36:19,708 <requestor-worker-1:1998827, MainThread:140298684229440> (requestor.py:_fetch_single_async:216 -> requestor.py:_handle_error:99) from logger `RFC.requestor_failed`
[ERROR] failed on AudioBookAudioPage(1202043), caught error "['TimeoutError'] TimeoutError()"

2024-04-04 00:36:19,711 <requestor-worker-1:1998827, MainThread:140298684229440> (requestor.py:_fetch_single_async:216 -> requestor.py:_handle_error:100) from logger `RFC.requestor_failed`
[ERROR] Traceback (most recent call last):
  File "/remote-home/qhgao/Workspace/Projects/RFC-crawlers/RFC-dev/RFC/req/requestor.py", line 206, in _fetch_single_async
    result = await middleware.apply_async(item, result, self._session._request_lib, self._session._async_lib)
  File "/remote-home/qhgao/Workspace/Projects/RFC-crawlers/RFC-dev/RFC/req/middleware.py", line 121, in apply_async
    self._handle_error(e, item, result)
  File "/remote-home/qhgao/Workspace/Projects/RFC-crawlers/RFC-dev/RFC/req/middleware.py", line 83, in _handle_error
    raise error
  File "/remote-home/qhgao/Workspace/Projects/RFC-crawlers/RFC-dev/RFC/req/middleware.py", line 114, in apply_async
    _result = await self._apply_async(item, result, request_lib, async_lib)
  File "/remote-home/qhgao/Workspace/Projects/RFC-crawlers/RFC-dev/RFC/req/middleware.py", line 316, in _apply_async
    result.content = result.json if 'json' in result else await get_content_async(result.response, request_lib)  # type: ignore
  File "/remote-home/qhgao/Workspace/Projects/RFC-crawlers/RFC-dev/RFC/req/middleware_func.py", line 88, in get_content_async
    return await resp.read()
  File "/remote-home/qhgao/Workspace/Applications/anaconda3/envs/share_py310/lib/python3.10/site-packages/aiohttp/client_reqrep.py", line 1037, in read
    self._body = await self.content.read()
  File "/remote-home/qhgao/Workspace/Applications/anaconda3/envs/share_py310/lib/python3.10/site-packages/aiohttp/streams.py", line 375, in read
    block = await self.readany()
  File "/remote-home/qhgao/Workspace/Applications/anaconda3/envs/share_py310/lib/python3.10/site-packages/aiohttp/streams.py", line 397, in readany
    await self._wait("readany")
  File "/remote-home/qhgao/Workspace/Applications/anaconda3/envs/share_py310/lib/python3.10/site-packages/aiohttp/streams.py", line 303, in _wait
    with self._timer:
  File "/remote-home/qhgao/Workspace/Applications/anaconda3/envs/share_py310/lib/python3.10/site-packages/aiohttp/helpers.py", line 721, in __exit__
    raise asyncio.TimeoutError from None
asyncio.exceptions.TimeoutError


2024-04-04 00:36:24,312 <requestor-worker-1:1998827, MainThread:140298684229440> (requestor.py:_fetch_single_async:216 -> requestor.py:_handle_error:99) from logger `RFC.requestor_failed`
[ERROR] failed on AudioBookAudioPage(1201823).AudioBookAudioFile(1201823), caught error "['TimeoutError'] TimeoutError()"

2024-04-04 00:36:24,314 <requestor-worker-1:1998827, MainThread:140298684229440> (requestor.py:_fetch_single_async:216 -> requestor.py:_handle_error:100) from logger `RFC.requestor_failed`
[ERROR] Traceback (most recent call last):
  File "/remote-home/qhgao/Workspace/Projects/RFC-crawlers/RFC-dev/RFC/req/requestor.py", line 206, in _fetch_single_async
    result = await middleware.apply_async(item, result, self._session._request_lib, self._session._async_lib)
  File "/remote-home/qhgao/Workspace/Projects/RFC-crawlers/RFC-dev/RFC/req/middleware.py", line 121, in apply_async
    self._handle_error(e, item, result)
  File "/remote-home/qhgao/Workspace/Projects/RFC-crawlers/RFC-dev/RFC/req/middleware.py", line 83, in _handle_error
    raise error
  File "/remote-home/qhgao/Workspace/Projects/RFC-crawlers/RFC-dev/RFC/req/middleware.py", line 114, in apply_async
    _result = await self._apply_async(item, result, request_lib, async_lib)
  File "/remote-home/qhgao/Workspace/Projects/RFC-crawlers/RFC-dev/RFC/req/middleware.py", line 316, in _apply_async
    result.content = result.json if 'json' in result else await get_content_async(result.response, request_lib)  # type: ignore
  File "/remote-home/qhgao/Workspace/Projects/RFC-crawlers/RFC-dev/RFC/req/middleware_func.py", line 88, in get_content_async
    return await resp.read()
  File "/remote-home/qhgao/Workspace/Applications/anaconda3/envs/share_py310/lib/python3.10/site-packages/aiohttp/client_reqrep.py", line 1037, in read
    self._body = await self.content.read()
  File "/remote-home/qhgao/Workspace/Applications/anaconda3/envs/share_py310/lib/python3.10/site-packages/aiohttp/streams.py", line 375, in read
    block = await self.readany()
  File "/remote-home/qhgao/Workspace/Applications/anaconda3/envs/share_py310/lib/python3.10/site-packages/aiohttp/streams.py", line 397, in readany
    await self._wait("readany")
  File "/remote-home/qhgao/Workspace/Applications/anaconda3/envs/share_py310/lib/python3.10/site-packages/aiohttp/streams.py", line 303, in _wait
    with self._timer:
  File "/remote-home/qhgao/Workspace/Applications/anaconda3/envs/share_py310/lib/python3.10/site-packages/aiohttp/helpers.py", line 721, in __exit__
    raise asyncio.TimeoutError from None
asyncio.exceptions.TimeoutError


2024-04-04 00:36:28,297 <requestor-worker-1:1998827, MainThread:140298684229440> (requestor.py:_fetch_single_async:216 -> requestor.py:_handle_error:99) from logger `RFC.requestor_failed`
[ERROR] failed on AudioBookAudioPage(1201820).AudioBookAudioFile(1201820), caught error "['TimeoutError'] TimeoutError()"

2024-04-04 00:36:28,302 <requestor-worker-1:1998827, MainThread:140298684229440> (requestor.py:_fetch_single_async:216 -> requestor.py:_handle_error:100) from logger `RFC.requestor_failed`
[ERROR] Traceback (most recent call last):
  File "/remote-home/qhgao/Workspace/Projects/RFC-crawlers/RFC-dev/RFC/req/requestor.py", line 206, in _fetch_single_async
    result = await middleware.apply_async(item, result, self._session._request_lib, self._session._async_lib)
  File "/remote-home/qhgao/Workspace/Projects/RFC-crawlers/RFC-dev/RFC/req/middleware.py", line 121, in apply_async
    self._handle_error(e, item, result)
  File "/remote-home/qhgao/Workspace/Projects/RFC-crawlers/RFC-dev/RFC/req/middleware.py", line 83, in _handle_error
    raise error
  File "/remote-home/qhgao/Workspace/Projects/RFC-crawlers/RFC-dev/RFC/req/middleware.py", line 114, in apply_async
    _result = await self._apply_async(item, result, request_lib, async_lib)
  File "/remote-home/qhgao/Workspace/Projects/RFC-crawlers/RFC-dev/RFC/req/middleware.py", line 316, in _apply_async
    result.content = result.json if 'json' in result else await get_content_async(result.response, request_lib)  # type: ignore
  File "/remote-home/qhgao/Workspace/Projects/RFC-crawlers/RFC-dev/RFC/req/middleware_func.py", line 88, in get_content_async
    return await resp.read()
  File "/remote-home/qhgao/Workspace/Applications/anaconda3/envs/share_py310/lib/python3.10/site-packages/aiohttp/client_reqrep.py", line 1037, in read
    self._body = await self.content.read()
  File "/remote-home/qhgao/Workspace/Applications/anaconda3/envs/share_py310/lib/python3.10/site-packages/aiohttp/streams.py", line 375, in read
    block = await self.readany()
  File "/remote-home/qhgao/Workspace/Applications/anaconda3/envs/share_py310/lib/python3.10/site-packages/aiohttp/streams.py", line 397, in readany
    await self._wait("readany")
  File "/remote-home/qhgao/Workspace/Applications/anaconda3/envs/share_py310/lib/python3.10/site-packages/aiohttp/streams.py", line 303, in _wait
    with self._timer:
  File "/remote-home/qhgao/Workspace/Applications/anaconda3/envs/share_py310/lib/python3.10/site-packages/aiohttp/helpers.py", line 721, in __exit__
    raise asyncio.TimeoutError from None
asyncio.exceptions.TimeoutError


2024-04-04 00:36:29,912 <requestor-worker-1:1998827, MainThread:140298684229440> (requestor.py:_fetch_single_async:216 -> requestor.py:_handle_error:99) from logger `RFC.requestor_failed`
[ERROR] failed on AudioBookAudioPage(1202084), caught error "['ValueError'] ValueError('unexpected status code 404 in response of AudioBookAudioPage(1202084)')"

2024-04-04 00:36:29,915 <requestor-worker-1:1998827, MainThread:140298684229440> (requestor.py:_fetch_single_async:216 -> requestor.py:_handle_error:100) from logger `RFC.requestor_failed`
[ERROR] Traceback (most recent call last):
  File "/remote-home/qhgao/Workspace/Projects/RFC-crawlers/RFC-dev/RFC/req/requestor.py", line 206, in _fetch_single_async
    result = await middleware.apply_async(item, result, self._session._request_lib, self._session._async_lib)
  File "/remote-home/qhgao/Workspace/Projects/RFC-crawlers/RFC-dev/RFC/req/middleware.py", line 121, in apply_async
    self._handle_error(e, item, result)
  File "/remote-home/qhgao/Workspace/Projects/RFC-crawlers/RFC-dev/RFC/req/middleware.py", line 83, in _handle_error
    raise error
  File "/remote-home/qhgao/Workspace/Projects/RFC-crawlers/RFC-dev/RFC/req/middleware.py", line 114, in apply_async
    _result = await self._apply_async(item, result, request_lib, async_lib)
  File "/remote-home/qhgao/Workspace/Projects/RFC-crawlers/RFC-dev/RFC/req/middleware.py", line 180, in _apply_async
    return self._apply_sync(item, result, request_lib)
  File "/remote-home/qhgao/Workspace/Projects/RFC-crawlers/RFC-dev/RFC/req/middleware.py", line 168, in _apply_sync
    raise ValueError(f"unexpected status code {repr(status_code)} in response of {repr(item)}")
ValueError: unexpected status code 404 in response of AudioBookAudioPage(1202084)


2024-04-04 00:36:31,345 <requestor-worker-1:1998827, MainThread:140298684229440> (requestor.py:_fetch_single_async:216 -> requestor.py:_handle_error:99) from logger `RFC.requestor_failed`
[ERROR] failed on AudioBookAudioPage(1202088), caught error "['ValueError'] ValueError('unexpected status code 404 in response of AudioBookAudioPage(1202088)')"

2024-04-04 00:36:31,346 <requestor-worker-1:1998827, MainThread:140298684229440> (requestor.py:_fetch_single_async:216 -> requestor.py:_handle_error:100) from logger `RFC.requestor_failed`
[ERROR] Traceback (most recent call last):
  File "/remote-home/qhgao/Workspace/Projects/RFC-crawlers/RFC-dev/RFC/req/requestor.py", line 206, in _fetch_single_async
    result = await middleware.apply_async(item, result, self._session._request_lib, self._session._async_lib)
  File "/remote-home/qhgao/Workspace/Projects/RFC-crawlers/RFC-dev/RFC/req/middleware.py", line 121, in apply_async
    self._handle_error(e, item, result)
  File "/remote-home/qhgao/Workspace/Projects/RFC-crawlers/RFC-dev/RFC/req/middleware.py", line 83, in _handle_error
    raise error
  File "/remote-home/qhgao/Workspace/Projects/RFC-crawlers/RFC-dev/RFC/req/middleware.py", line 114, in apply_async
    _result = await self._apply_async(item, result, request_lib, async_lib)
  File "/remote-home/qhgao/Workspace/Projects/RFC-crawlers/RFC-dev/RFC/req/middleware.py", line 180, in _apply_async
    return self._apply_sync(item, result, request_lib)
  File "/remote-home/qhgao/Workspace/Projects/RFC-crawlers/RFC-dev/RFC/req/middleware.py", line 168, in _apply_sync
    raise ValueError(f"unexpected status code {repr(status_code)} in response of {repr(item)}")
ValueError: unexpected status code 404 in response of AudioBookAudioPage(1202088)


2024-04-04 00:36:39,463 <requestor-worker-1:1998827, MainThread:140298684229440> (requestor.py:_fetch_single_async:216 -> requestor.py:_handle_error:99) from logger `RFC.requestor_failed`
[ERROR] failed on AudioBookAudioPage(1202085), caught error "['ValueError'] ValueError('unexpected status code 404 in response of AudioBookAudioPage(1202085)')"

2024-04-04 00:36:39,464 <requestor-worker-1:1998827, MainThread:140298684229440> (requestor.py:_fetch_single_async:216 -> requestor.py:_handle_error:100) from logger `RFC.requestor_failed`
[ERROR] Traceback (most recent call last):
  File "/remote-home/qhgao/Workspace/Projects/RFC-crawlers/RFC-dev/RFC/req/requestor.py", line 206, in _fetch_single_async
    result = await middleware.apply_async(item, result, self._session._request_lib, self._session._async_lib)
  File "/remote-home/qhgao/Workspace/Projects/RFC-crawlers/RFC-dev/RFC/req/middleware.py", line 121, in apply_async
    self._handle_error(e, item, result)
  File "/remote-home/qhgao/Workspace/Projects/RFC-crawlers/RFC-dev/RFC/req/middleware.py", line 83, in _handle_error
    raise error
  File "/remote-home/qhgao/Workspace/Projects/RFC-crawlers/RFC-dev/RFC/req/middleware.py", line 114, in apply_async
    _result = await self._apply_async(item, result, request_lib, async_lib)
  File "/remote-home/qhgao/Workspace/Projects/RFC-crawlers/RFC-dev/RFC/req/middleware.py", line 180, in _apply_async
    return self._apply_sync(item, result, request_lib)
  File "/remote-home/qhgao/Workspace/Projects/RFC-crawlers/RFC-dev/RFC/req/middleware.py", line 168, in _apply_sync
    raise ValueError(f"unexpected status code {repr(status_code)} in response of {repr(item)}")
ValueError: unexpected status code 404 in response of AudioBookAudioPage(1202085)


2024-04-04 00:36:52,328 <requestor-worker-1:1998827, MainThread:140298684229440> (requestor.py:_fetch_single_async:216 -> requestor.py:_handle_error:99) from logger `RFC.requestor_failed`
[ERROR] failed on AudioBookAudioPage(1202094), caught error "['TimeoutError'] TimeoutError()"

2024-04-04 00:36:52,331 <requestor-worker-1:1998827, MainThread:140298684229440> (requestor.py:_fetch_single_async:216 -> requestor.py:_handle_error:100) from logger `RFC.requestor_failed`
[ERROR] Traceback (most recent call last):
  File "/remote-home/qhgao/Workspace/Projects/RFC-crawlers/RFC-dev/RFC/req/requestor.py", line 206, in _fetch_single_async
    result = await middleware.apply_async(item, result, self._session._request_lib, self._session._async_lib)
  File "/remote-home/qhgao/Workspace/Projects/RFC-crawlers/RFC-dev/RFC/req/middleware.py", line 121, in apply_async
    self._handle_error(e, item, result)
  File "/remote-home/qhgao/Workspace/Projects/RFC-crawlers/RFC-dev/RFC/req/middleware.py", line 83, in _handle_error
    raise error
  File "/remote-home/qhgao/Workspace/Projects/RFC-crawlers/RFC-dev/RFC/req/middleware.py", line 114, in apply_async
    _result = await self._apply_async(item, result, request_lib, async_lib)
  File "/remote-home/qhgao/Workspace/Projects/RFC-crawlers/RFC-dev/RFC/req/middleware.py", line 316, in _apply_async
    result.content = result.json if 'json' in result else await get_content_async(result.response, request_lib)  # type: ignore
  File "/remote-home/qhgao/Workspace/Projects/RFC-crawlers/RFC-dev/RFC/req/middleware_func.py", line 88, in get_content_async
    return await resp.read()
  File "/remote-home/qhgao/Workspace/Applications/anaconda3/envs/share_py310/lib/python3.10/site-packages/aiohttp/client_reqrep.py", line 1037, in read
    self._body = await self.content.read()
  File "/remote-home/qhgao/Workspace/Applications/anaconda3/envs/share_py310/lib/python3.10/site-packages/aiohttp/streams.py", line 375, in read
    block = await self.readany()
  File "/remote-home/qhgao/Workspace/Applications/anaconda3/envs/share_py310/lib/python3.10/site-packages/aiohttp/streams.py", line 397, in readany
    await self._wait("readany")
  File "/remote-home/qhgao/Workspace/Applications/anaconda3/envs/share_py310/lib/python3.10/site-packages/aiohttp/streams.py", line 303, in _wait
    with self._timer:
  File "/remote-home/qhgao/Workspace/Applications/anaconda3/envs/share_py310/lib/python3.10/site-packages/aiohttp/helpers.py", line 721, in __exit__
    raise asyncio.TimeoutError from None
asyncio.exceptions.TimeoutError


2024-04-04 00:37:13,334 <requestor-worker-1:1998827, MainThread:140298684229440> (requestor.py:_fetch_single_async:216 -> requestor.py:_handle_error:99) from logger `RFC.requestor_failed`
[ERROR] failed on AudioBookAudioPage(1202111), caught error "['TimeoutError'] TimeoutError()"

2024-04-04 00:37:13,335 <requestor-worker-1:1998827, MainThread:140298684229440> (requestor.py:_fetch_single_async:216 -> requestor.py:_handle_error:100) from logger `RFC.requestor_failed`
[ERROR] Traceback (most recent call last):
  File "/remote-home/qhgao/Workspace/Projects/RFC-crawlers/RFC-dev/RFC/req/requestor.py", line 199, in _fetch_single_async
    resp = await self._session.request(item)
  File "/remote-home/qhgao/Workspace/Projects/RFC-crawlers/RFC-dev/RFC/req/session.py", line 320, in request
    return await self._session.request(**request_args)
  File "/remote-home/qhgao/Workspace/Applications/anaconda3/envs/share_py310/lib/python3.10/site-packages/aiohttp/client.py", line 560, in _request
    await resp.start(conn)
  File "/remote-home/qhgao/Workspace/Applications/anaconda3/envs/share_py310/lib/python3.10/site-packages/aiohttp/client_reqrep.py", line 894, in start
    with self._timer:
  File "/remote-home/qhgao/Workspace/Applications/anaconda3/envs/share_py310/lib/python3.10/site-packages/aiohttp/helpers.py", line 721, in __exit__
    raise asyncio.TimeoutError from None
asyncio.exceptions.TimeoutError


2024-04-04 00:37:27,293 <requestor-worker-1:1998827, MainThread:140298684229440> (requestor.py:_fetch_single_async:216 -> requestor.py:_handle_error:99) from logger `RFC.requestor_failed`
[ERROR] failed on AudioBookAudioPage(1201866).AudioBookAudioFile(1201866), caught error "['TimeoutError'] TimeoutError()"

2024-04-04 00:37:27,295 <requestor-worker-1:1998827, MainThread:140298684229440> (requestor.py:_fetch_single_async:216 -> requestor.py:_handle_error:100) from logger `RFC.requestor_failed`
[ERROR] Traceback (most recent call last):
  File "/remote-home/qhgao/Workspace/Projects/RFC-crawlers/RFC-dev/RFC/req/requestor.py", line 206, in _fetch_single_async
    result = await middleware.apply_async(item, result, self._session._request_lib, self._session._async_lib)
  File "/remote-home/qhgao/Workspace/Projects/RFC-crawlers/RFC-dev/RFC/req/middleware.py", line 121, in apply_async
    self._handle_error(e, item, result)
  File "/remote-home/qhgao/Workspace/Projects/RFC-crawlers/RFC-dev/RFC/req/middleware.py", line 83, in _handle_error
    raise error
  File "/remote-home/qhgao/Workspace/Projects/RFC-crawlers/RFC-dev/RFC/req/middleware.py", line 114, in apply_async
    _result = await self._apply_async(item, result, request_lib, async_lib)
  File "/remote-home/qhgao/Workspace/Projects/RFC-crawlers/RFC-dev/RFC/req/middleware.py", line 316, in _apply_async
    result.content = result.json if 'json' in result else await get_content_async(result.response, request_lib)  # type: ignore
  File "/remote-home/qhgao/Workspace/Projects/RFC-crawlers/RFC-dev/RFC/req/middleware_func.py", line 88, in get_content_async
    return await resp.read()
  File "/remote-home/qhgao/Workspace/Applications/anaconda3/envs/share_py310/lib/python3.10/site-packages/aiohttp/client_reqrep.py", line 1037, in read
    self._body = await self.content.read()
  File "/remote-home/qhgao/Workspace/Applications/anaconda3/envs/share_py310/lib/python3.10/site-packages/aiohttp/streams.py", line 375, in read
    block = await self.readany()
  File "/remote-home/qhgao/Workspace/Applications/anaconda3/envs/share_py310/lib/python3.10/site-packages/aiohttp/streams.py", line 397, in readany
    await self._wait("readany")
  File "/remote-home/qhgao/Workspace/Applications/anaconda3/envs/share_py310/lib/python3.10/site-packages/aiohttp/streams.py", line 303, in _wait
    with self._timer:
  File "/remote-home/qhgao/Workspace/Applications/anaconda3/envs/share_py310/lib/python3.10/site-packages/aiohttp/helpers.py", line 721, in __exit__
    raise asyncio.TimeoutError from None
asyncio.exceptions.TimeoutError


2024-04-04 00:37:34,298 <requestor-worker-1:1998827, MainThread:140298684229440> (requestor.py:_fetch_single_async:216 -> requestor.py:_handle_error:99) from logger `RFC.requestor_failed`
[ERROR] failed on AudioBookAudioPage(1201877).AudioBookAudioFile(1201877), caught error "['TimeoutError'] TimeoutError()"

2024-04-04 00:37:34,301 <requestor-worker-1:1998827, MainThread:140298684229440> (requestor.py:_fetch_single_async:216 -> requestor.py:_handle_error:100) from logger `RFC.requestor_failed`
[ERROR] Traceback (most recent call last):
  File "/remote-home/qhgao/Workspace/Projects/RFC-crawlers/RFC-dev/RFC/req/requestor.py", line 206, in _fetch_single_async
    result = await middleware.apply_async(item, result, self._session._request_lib, self._session._async_lib)
  File "/remote-home/qhgao/Workspace/Projects/RFC-crawlers/RFC-dev/RFC/req/middleware.py", line 121, in apply_async
    self._handle_error(e, item, result)
  File "/remote-home/qhgao/Workspace/Projects/RFC-crawlers/RFC-dev/RFC/req/middleware.py", line 83, in _handle_error
    raise error
  File "/remote-home/qhgao/Workspace/Projects/RFC-crawlers/RFC-dev/RFC/req/middleware.py", line 114, in apply_async
    _result = await self._apply_async(item, result, request_lib, async_lib)
  File "/remote-home/qhgao/Workspace/Projects/RFC-crawlers/RFC-dev/RFC/req/middleware.py", line 316, in _apply_async
    result.content = result.json if 'json' in result else await get_content_async(result.response, request_lib)  # type: ignore
  File "/remote-home/qhgao/Workspace/Projects/RFC-crawlers/RFC-dev/RFC/req/middleware_func.py", line 88, in get_content_async
    return await resp.read()
  File "/remote-home/qhgao/Workspace/Applications/anaconda3/envs/share_py310/lib/python3.10/site-packages/aiohttp/client_reqrep.py", line 1037, in read
    self._body = await self.content.read()
  File "/remote-home/qhgao/Workspace/Applications/anaconda3/envs/share_py310/lib/python3.10/site-packages/aiohttp/streams.py", line 375, in read
    block = await self.readany()
  File "/remote-home/qhgao/Workspace/Applications/anaconda3/envs/share_py310/lib/python3.10/site-packages/aiohttp/streams.py", line 397, in readany
    await self._wait("readany")
  File "/remote-home/qhgao/Workspace/Applications/anaconda3/envs/share_py310/lib/python3.10/site-packages/aiohttp/streams.py", line 303, in _wait
    with self._timer:
  File "/remote-home/qhgao/Workspace/Applications/anaconda3/envs/share_py310/lib/python3.10/site-packages/aiohttp/helpers.py", line 721, in __exit__
    raise asyncio.TimeoutError from None
asyncio.exceptions.TimeoutError


2024-04-04 00:37:35,639 <requestor-worker-1:1998827, MainThread:140298684229440> (requestor.py:_fetch_single_async:216 -> requestor.py:_handle_error:99) from logger `RFC.requestor_failed`
[ERROR] failed on AudioBookAudioPage(1202141), caught error "['ValueError'] ValueError('unexpected status code 404 in response of AudioBookAudioPage(1202141)')"

2024-04-04 00:37:35,641 <requestor-worker-1:1998827, MainThread:140298684229440> (requestor.py:_fetch_single_async:216 -> requestor.py:_handle_error:100) from logger `RFC.requestor_failed`
[ERROR] Traceback (most recent call last):
  File "/remote-home/qhgao/Workspace/Projects/RFC-crawlers/RFC-dev/RFC/req/requestor.py", line 206, in _fetch_single_async
    result = await middleware.apply_async(item, result, self._session._request_lib, self._session._async_lib)
  File "/remote-home/qhgao/Workspace/Projects/RFC-crawlers/RFC-dev/RFC/req/middleware.py", line 121, in apply_async
    self._handle_error(e, item, result)
  File "/remote-home/qhgao/Workspace/Projects/RFC-crawlers/RFC-dev/RFC/req/middleware.py", line 83, in _handle_error
    raise error
  File "/remote-home/qhgao/Workspace/Projects/RFC-crawlers/RFC-dev/RFC/req/middleware.py", line 114, in apply_async
    _result = await self._apply_async(item, result, request_lib, async_lib)
  File "/remote-home/qhgao/Workspace/Projects/RFC-crawlers/RFC-dev/RFC/req/middleware.py", line 180, in _apply_async
    return self._apply_sync(item, result, request_lib)
  File "/remote-home/qhgao/Workspace/Projects/RFC-crawlers/RFC-dev/RFC/req/middleware.py", line 168, in _apply_sync
    raise ValueError(f"unexpected status code {repr(status_code)} in response of {repr(item)}")
ValueError: unexpected status code 404 in response of AudioBookAudioPage(1202141)


2024-04-04 00:37:38,205 <requestor-worker-1:1998827, MainThread:140298684229440> (requestor.py:_fetch_single_async:216 -> requestor.py:_handle_error:99) from logger `RFC.requestor_failed`
[ERROR] failed on AudioBookAudioPage(1202139), caught error "['ValueError'] ValueError('unexpected status code 404 in response of AudioBookAudioPage(1202139)')"

2024-04-04 00:37:38,207 <requestor-worker-1:1998827, MainThread:140298684229440> (requestor.py:_fetch_single_async:216 -> requestor.py:_handle_error:100) from logger `RFC.requestor_failed`
[ERROR] Traceback (most recent call last):
  File "/remote-home/qhgao/Workspace/Projects/RFC-crawlers/RFC-dev/RFC/req/requestor.py", line 206, in _fetch_single_async
    result = await middleware.apply_async(item, result, self._session._request_lib, self._session._async_lib)
  File "/remote-home/qhgao/Workspace/Projects/RFC-crawlers/RFC-dev/RFC/req/middleware.py", line 121, in apply_async
    self._handle_error(e, item, result)
  File "/remote-home/qhgao/Workspace/Projects/RFC-crawlers/RFC-dev/RFC/req/middleware.py", line 83, in _handle_error
    raise error
  File "/remote-home/qhgao/Workspace/Projects/RFC-crawlers/RFC-dev/RFC/req/middleware.py", line 114, in apply_async
    _result = await self._apply_async(item, result, request_lib, async_lib)
  File "/remote-home/qhgao/Workspace/Projects/RFC-crawlers/RFC-dev/RFC/req/middleware.py", line 180, in _apply_async
    return self._apply_sync(item, result, request_lib)
  File "/remote-home/qhgao/Workspace/Projects/RFC-crawlers/RFC-dev/RFC/req/middleware.py", line 168, in _apply_sync
    raise ValueError(f"unexpected status code {repr(status_code)} in response of {repr(item)}")
ValueError: unexpected status code 404 in response of AudioBookAudioPage(1202139)


2024-04-04 00:38:08,294 <requestor-worker-1:1998827, MainThread:140298684229440> (requestor.py:_fetch_single_async:216 -> requestor.py:_handle_error:99) from logger `RFC.requestor_failed`
[ERROR] failed on AudioBookAudioPage(1201905).AudioBookAudioFile(1201905), caught error "['TimeoutError'] TimeoutError()"

2024-04-04 00:38:08,295 <requestor-worker-1:1998827, MainThread:140298684229440> (requestor.py:_fetch_single_async:216 -> requestor.py:_handle_error:100) from logger `RFC.requestor_failed`
[ERROR] Traceback (most recent call last):
  File "/remote-home/qhgao/Workspace/Projects/RFC-crawlers/RFC-dev/RFC/req/requestor.py", line 206, in _fetch_single_async
    result = await middleware.apply_async(item, result, self._session._request_lib, self._session._async_lib)
  File "/remote-home/qhgao/Workspace/Projects/RFC-crawlers/RFC-dev/RFC/req/middleware.py", line 121, in apply_async
    self._handle_error(e, item, result)
  File "/remote-home/qhgao/Workspace/Projects/RFC-crawlers/RFC-dev/RFC/req/middleware.py", line 83, in _handle_error
    raise error
  File "/remote-home/qhgao/Workspace/Projects/RFC-crawlers/RFC-dev/RFC/req/middleware.py", line 114, in apply_async
    _result = await self._apply_async(item, result, request_lib, async_lib)
  File "/remote-home/qhgao/Workspace/Projects/RFC-crawlers/RFC-dev/RFC/req/middleware.py", line 316, in _apply_async
    result.content = result.json if 'json' in result else await get_content_async(result.response, request_lib)  # type: ignore
  File "/remote-home/qhgao/Workspace/Projects/RFC-crawlers/RFC-dev/RFC/req/middleware_func.py", line 88, in get_content_async
    return await resp.read()
  File "/remote-home/qhgao/Workspace/Applications/anaconda3/envs/share_py310/lib/python3.10/site-packages/aiohttp/client_reqrep.py", line 1037, in read
    self._body = await self.content.read()
  File "/remote-home/qhgao/Workspace/Applications/anaconda3/envs/share_py310/lib/python3.10/site-packages/aiohttp/streams.py", line 375, in read
    block = await self.readany()
  File "/remote-home/qhgao/Workspace/Applications/anaconda3/envs/share_py310/lib/python3.10/site-packages/aiohttp/streams.py", line 397, in readany
    await self._wait("readany")
  File "/remote-home/qhgao/Workspace/Applications/anaconda3/envs/share_py310/lib/python3.10/site-packages/aiohttp/streams.py", line 303, in _wait
    with self._timer:
  File "/remote-home/qhgao/Workspace/Applications/anaconda3/envs/share_py310/lib/python3.10/site-packages/aiohttp/helpers.py", line 721, in __exit__
    raise asyncio.TimeoutError from None
asyncio.exceptions.TimeoutError


2024-04-04 00:38:11,343 <requestor-worker-1:1998827, MainThread:140298684229440> (requestor.py:_fetch_single_async:216 -> requestor.py:_handle_error:99) from logger `RFC.requestor_failed`
[ERROR] failed on AudioBookAudioPage(1202156), caught error "['ValueError'] ValueError('unexpected status code 404 in response of AudioBookAudioPage(1202156)')"

2024-04-04 00:38:11,345 <requestor-worker-1:1998827, MainThread:140298684229440> (requestor.py:_fetch_single_async:216 -> requestor.py:_handle_error:100) from logger `RFC.requestor_failed`
[ERROR] Traceback (most recent call last):
  File "/remote-home/qhgao/Workspace/Projects/RFC-crawlers/RFC-dev/RFC/req/requestor.py", line 206, in _fetch_single_async
    result = await middleware.apply_async(item, result, self._session._request_lib, self._session._async_lib)
  File "/remote-home/qhgao/Workspace/Projects/RFC-crawlers/RFC-dev/RFC/req/middleware.py", line 121, in apply_async
    self._handle_error(e, item, result)
  File "/remote-home/qhgao/Workspace/Projects/RFC-crawlers/RFC-dev/RFC/req/middleware.py", line 83, in _handle_error
    raise error
  File "/remote-home/qhgao/Workspace/Projects/RFC-crawlers/RFC-dev/RFC/req/middleware.py", line 114, in apply_async
    _result = await self._apply_async(item, result, request_lib, async_lib)
  File "/remote-home/qhgao/Workspace/Projects/RFC-crawlers/RFC-dev/RFC/req/middleware.py", line 180, in _apply_async
    return self._apply_sync(item, result, request_lib)
  File "/remote-home/qhgao/Workspace/Projects/RFC-crawlers/RFC-dev/RFC/req/middleware.py", line 168, in _apply_sync
    raise ValueError(f"unexpected status code {repr(status_code)} in response of {repr(item)}")
ValueError: unexpected status code 404 in response of AudioBookAudioPage(1202156)


2024-04-04 00:38:18,034 <requestor-worker-1:1998827, MainThread:140298684229440> (requestor.py:_fetch_single_async:216 -> requestor.py:_handle_error:99) from logger `RFC.requestor_failed`
[ERROR] failed on AudioBookAudioPage(1202167), caught error "['ValueError'] ValueError('unexpected status code 404 in response of AudioBookAudioPage(1202167)')"

2024-04-04 00:38:18,036 <requestor-worker-1:1998827, MainThread:140298684229440> (requestor.py:_fetch_single_async:216 -> requestor.py:_handle_error:100) from logger `RFC.requestor_failed`
[ERROR] Traceback (most recent call last):
  File "/remote-home/qhgao/Workspace/Projects/RFC-crawlers/RFC-dev/RFC/req/requestor.py", line 206, in _fetch_single_async
    result = await middleware.apply_async(item, result, self._session._request_lib, self._session._async_lib)
  File "/remote-home/qhgao/Workspace/Projects/RFC-crawlers/RFC-dev/RFC/req/middleware.py", line 121, in apply_async
    self._handle_error(e, item, result)
  File "/remote-home/qhgao/Workspace/Projects/RFC-crawlers/RFC-dev/RFC/req/middleware.py", line 83, in _handle_error
    raise error
  File "/remote-home/qhgao/Workspace/Projects/RFC-crawlers/RFC-dev/RFC/req/middleware.py", line 114, in apply_async
    _result = await self._apply_async(item, result, request_lib, async_lib)
  File "/remote-home/qhgao/Workspace/Projects/RFC-crawlers/RFC-dev/RFC/req/middleware.py", line 180, in _apply_async
    return self._apply_sync(item, result, request_lib)
  File "/remote-home/qhgao/Workspace/Projects/RFC-crawlers/RFC-dev/RFC/req/middleware.py", line 168, in _apply_sync
    raise ValueError(f"unexpected status code {repr(status_code)} in response of {repr(item)}")
ValueError: unexpected status code 404 in response of AudioBookAudioPage(1202167)


2024-04-04 00:38:30,083 <requestor-worker-1:1998827, MainThread:140298684229440> (requestor.py:_fetch_single_async:216 -> requestor.py:_handle_error:99) from logger `RFC.requestor_failed`
[ERROR] failed on AudioBookAudioPage(1202173), caught error "['ValueError'] ValueError('unexpected status code 404 in response of AudioBookAudioPage(1202173)')"

2024-04-04 00:38:30,085 <requestor-worker-1:1998827, MainThread:140298684229440> (requestor.py:_fetch_single_async:216 -> requestor.py:_handle_error:100) from logger `RFC.requestor_failed`
[ERROR] Traceback (most recent call last):
  File "/remote-home/qhgao/Workspace/Projects/RFC-crawlers/RFC-dev/RFC/req/requestor.py", line 206, in _fetch_single_async
    result = await middleware.apply_async(item, result, self._session._request_lib, self._session._async_lib)
  File "/remote-home/qhgao/Workspace/Projects/RFC-crawlers/RFC-dev/RFC/req/middleware.py", line 121, in apply_async
    self._handle_error(e, item, result)
  File "/remote-home/qhgao/Workspace/Projects/RFC-crawlers/RFC-dev/RFC/req/middleware.py", line 83, in _handle_error
    raise error
  File "/remote-home/qhgao/Workspace/Projects/RFC-crawlers/RFC-dev/RFC/req/middleware.py", line 114, in apply_async
    _result = await self._apply_async(item, result, request_lib, async_lib)
  File "/remote-home/qhgao/Workspace/Projects/RFC-crawlers/RFC-dev/RFC/req/middleware.py", line 180, in _apply_async
    return self._apply_sync(item, result, request_lib)
  File "/remote-home/qhgao/Workspace/Projects/RFC-crawlers/RFC-dev/RFC/req/middleware.py", line 168, in _apply_sync
    raise ValueError(f"unexpected status code {repr(status_code)} in response of {repr(item)}")
ValueError: unexpected status code 404 in response of AudioBookAudioPage(1202173)


2024-04-04 00:38:31,120 <requestor-worker-1:1998827, MainThread:140298684229440> (requestor.py:_fetch_single_async:216 -> requestor.py:_handle_error:99) from logger `RFC.requestor_failed`
[ERROR] failed on AudioBookAudioPage(1202176), caught error "['ValueError'] ValueError('unexpected status code 404 in response of AudioBookAudioPage(1202176)')"

2024-04-04 00:38:31,122 <requestor-worker-1:1998827, MainThread:140298684229440> (requestor.py:_fetch_single_async:216 -> requestor.py:_handle_error:100) from logger `RFC.requestor_failed`
[ERROR] Traceback (most recent call last):
  File "/remote-home/qhgao/Workspace/Projects/RFC-crawlers/RFC-dev/RFC/req/requestor.py", line 206, in _fetch_single_async
    result = await middleware.apply_async(item, result, self._session._request_lib, self._session._async_lib)
  File "/remote-home/qhgao/Workspace/Projects/RFC-crawlers/RFC-dev/RFC/req/middleware.py", line 121, in apply_async
    self._handle_error(e, item, result)
  File "/remote-home/qhgao/Workspace/Projects/RFC-crawlers/RFC-dev/RFC/req/middleware.py", line 83, in _handle_error
    raise error
  File "/remote-home/qhgao/Workspace/Projects/RFC-crawlers/RFC-dev/RFC/req/middleware.py", line 114, in apply_async
    _result = await self._apply_async(item, result, request_lib, async_lib)
  File "/remote-home/qhgao/Workspace/Projects/RFC-crawlers/RFC-dev/RFC/req/middleware.py", line 180, in _apply_async
    return self._apply_sync(item, result, request_lib)
  File "/remote-home/qhgao/Workspace/Projects/RFC-crawlers/RFC-dev/RFC/req/middleware.py", line 168, in _apply_sync
    raise ValueError(f"unexpected status code {repr(status_code)} in response of {repr(item)}")
ValueError: unexpected status code 404 in response of AudioBookAudioPage(1202176)


2024-04-04 00:39:36,296 <requestor-worker-1:1998827, MainThread:140298684229440> (requestor.py:_fetch_single_async:216 -> requestor.py:_handle_error:99) from logger `RFC.requestor_failed`
[ERROR] failed on AudioBookAudioPage(1202000).AudioBookAudioFile(1202000), caught error "['TimeoutError'] TimeoutError()"

2024-04-04 00:39:36,297 <requestor-worker-1:1998827, MainThread:140298684229440> (requestor.py:_fetch_single_async:216 -> requestor.py:_handle_error:100) from logger `RFC.requestor_failed`
[ERROR] Traceback (most recent call last):
  File "/remote-home/qhgao/Workspace/Projects/RFC-crawlers/RFC-dev/RFC/req/requestor.py", line 206, in _fetch_single_async
    result = await middleware.apply_async(item, result, self._session._request_lib, self._session._async_lib)
  File "/remote-home/qhgao/Workspace/Projects/RFC-crawlers/RFC-dev/RFC/req/middleware.py", line 121, in apply_async
    self._handle_error(e, item, result)
  File "/remote-home/qhgao/Workspace/Projects/RFC-crawlers/RFC-dev/RFC/req/middleware.py", line 83, in _handle_error
    raise error
  File "/remote-home/qhgao/Workspace/Projects/RFC-crawlers/RFC-dev/RFC/req/middleware.py", line 114, in apply_async
    _result = await self._apply_async(item, result, request_lib, async_lib)
  File "/remote-home/qhgao/Workspace/Projects/RFC-crawlers/RFC-dev/RFC/req/middleware.py", line 316, in _apply_async
    result.content = result.json if 'json' in result else await get_content_async(result.response, request_lib)  # type: ignore
  File "/remote-home/qhgao/Workspace/Projects/RFC-crawlers/RFC-dev/RFC/req/middleware_func.py", line 88, in get_content_async
    return await resp.read()
  File "/remote-home/qhgao/Workspace/Applications/anaconda3/envs/share_py310/lib/python3.10/site-packages/aiohttp/client_reqrep.py", line 1037, in read
    self._body = await self.content.read()
  File "/remote-home/qhgao/Workspace/Applications/anaconda3/envs/share_py310/lib/python3.10/site-packages/aiohttp/streams.py", line 375, in read
    block = await self.readany()
  File "/remote-home/qhgao/Workspace/Applications/anaconda3/envs/share_py310/lib/python3.10/site-packages/aiohttp/streams.py", line 397, in readany
    await self._wait("readany")
  File "/remote-home/qhgao/Workspace/Applications/anaconda3/envs/share_py310/lib/python3.10/site-packages/aiohttp/streams.py", line 303, in _wait
    with self._timer:
  File "/remote-home/qhgao/Workspace/Applications/anaconda3/envs/share_py310/lib/python3.10/site-packages/aiohttp/helpers.py", line 721, in __exit__
    raise asyncio.TimeoutError from None
asyncio.exceptions.TimeoutError


2024-04-04 00:39:42,294 <requestor-worker-1:1998827, MainThread:140298684229440> (requestor.py:_fetch_single_async:216 -> requestor.py:_handle_error:99) from logger `RFC.requestor_failed`
[ERROR] failed on AudioBookAudioPage(1202015).AudioBookAudioFile(1202015), caught error "['TimeoutError'] TimeoutError()"

2024-04-04 00:39:42,296 <requestor-worker-1:1998827, MainThread:140298684229440> (requestor.py:_fetch_single_async:216 -> requestor.py:_handle_error:100) from logger `RFC.requestor_failed`
[ERROR] Traceback (most recent call last):
  File "/remote-home/qhgao/Workspace/Projects/RFC-crawlers/RFC-dev/RFC/req/requestor.py", line 206, in _fetch_single_async
    result = await middleware.apply_async(item, result, self._session._request_lib, self._session._async_lib)
  File "/remote-home/qhgao/Workspace/Projects/RFC-crawlers/RFC-dev/RFC/req/middleware.py", line 121, in apply_async
    self._handle_error(e, item, result)
  File "/remote-home/qhgao/Workspace/Projects/RFC-crawlers/RFC-dev/RFC/req/middleware.py", line 83, in _handle_error
    raise error
  File "/remote-home/qhgao/Workspace/Projects/RFC-crawlers/RFC-dev/RFC/req/middleware.py", line 114, in apply_async
    _result = await self._apply_async(item, result, request_lib, async_lib)
  File "/remote-home/qhgao/Workspace/Projects/RFC-crawlers/RFC-dev/RFC/req/middleware.py", line 316, in _apply_async
    result.content = result.json if 'json' in result else await get_content_async(result.response, request_lib)  # type: ignore
  File "/remote-home/qhgao/Workspace/Projects/RFC-crawlers/RFC-dev/RFC/req/middleware_func.py", line 88, in get_content_async
    return await resp.read()
  File "/remote-home/qhgao/Workspace/Applications/anaconda3/envs/share_py310/lib/python3.10/site-packages/aiohttp/client_reqrep.py", line 1037, in read
    self._body = await self.content.read()
  File "/remote-home/qhgao/Workspace/Applications/anaconda3/envs/share_py310/lib/python3.10/site-packages/aiohttp/streams.py", line 375, in read
    block = await self.readany()
  File "/remote-home/qhgao/Workspace/Applications/anaconda3/envs/share_py310/lib/python3.10/site-packages/aiohttp/streams.py", line 397, in readany
    await self._wait("readany")
  File "/remote-home/qhgao/Workspace/Applications/anaconda3/envs/share_py310/lib/python3.10/site-packages/aiohttp/streams.py", line 303, in _wait
    with self._timer:
  File "/remote-home/qhgao/Workspace/Applications/anaconda3/envs/share_py310/lib/python3.10/site-packages/aiohttp/helpers.py", line 721, in __exit__
    raise asyncio.TimeoutError from None
asyncio.exceptions.TimeoutError


2024-04-04 00:39:49,098 <requestor-worker-1:1998827, MainThread:140298684229440> (requestor.py:_fetch_single_async:216 -> requestor.py:_handle_error:99) from logger `RFC.requestor_failed`
[ERROR] failed on AudioBookAudioPage(1202229), caught error "['ValueError'] ValueError('unexpected status code 404 in response of AudioBookAudioPage(1202229)')"

2024-04-04 00:39:49,100 <requestor-worker-1:1998827, MainThread:140298684229440> (requestor.py:_fetch_single_async:216 -> requestor.py:_handle_error:100) from logger `RFC.requestor_failed`
[ERROR] Traceback (most recent call last):
  File "/remote-home/qhgao/Workspace/Projects/RFC-crawlers/RFC-dev/RFC/req/requestor.py", line 206, in _fetch_single_async
    result = await middleware.apply_async(item, result, self._session._request_lib, self._session._async_lib)
  File "/remote-home/qhgao/Workspace/Projects/RFC-crawlers/RFC-dev/RFC/req/middleware.py", line 121, in apply_async
    self._handle_error(e, item, result)
  File "/remote-home/qhgao/Workspace/Projects/RFC-crawlers/RFC-dev/RFC/req/middleware.py", line 83, in _handle_error
    raise error
  File "/remote-home/qhgao/Workspace/Projects/RFC-crawlers/RFC-dev/RFC/req/middleware.py", line 114, in apply_async
    _result = await self._apply_async(item, result, request_lib, async_lib)
  File "/remote-home/qhgao/Workspace/Projects/RFC-crawlers/RFC-dev/RFC/req/middleware.py", line 180, in _apply_async
    return self._apply_sync(item, result, request_lib)
  File "/remote-home/qhgao/Workspace/Projects/RFC-crawlers/RFC-dev/RFC/req/middleware.py", line 168, in _apply_sync
    raise ValueError(f"unexpected status code {repr(status_code)} in response of {repr(item)}")
ValueError: unexpected status code 404 in response of AudioBookAudioPage(1202229)


2024-04-04 00:39:51,575 <requestor-worker-1:1998827, MainThread:140298684229440> (requestor.py:_fetch_single_async:216 -> requestor.py:_handle_error:99) from logger `RFC.requestor_failed`
[ERROR] failed on AudioBookAudioPage(1202231), caught error "['ValueError'] ValueError('unexpected status code 404 in response of AudioBookAudioPage(1202231)')"

2024-04-04 00:39:51,577 <requestor-worker-1:1998827, MainThread:140298684229440> (requestor.py:_fetch_single_async:216 -> requestor.py:_handle_error:100) from logger `RFC.requestor_failed`
[ERROR] Traceback (most recent call last):
  File "/remote-home/qhgao/Workspace/Projects/RFC-crawlers/RFC-dev/RFC/req/requestor.py", line 206, in _fetch_single_async
    result = await middleware.apply_async(item, result, self._session._request_lib, self._session._async_lib)
  File "/remote-home/qhgao/Workspace/Projects/RFC-crawlers/RFC-dev/RFC/req/middleware.py", line 121, in apply_async
    self._handle_error(e, item, result)
  File "/remote-home/qhgao/Workspace/Projects/RFC-crawlers/RFC-dev/RFC/req/middleware.py", line 83, in _handle_error
    raise error
  File "/remote-home/qhgao/Workspace/Projects/RFC-crawlers/RFC-dev/RFC/req/middleware.py", line 114, in apply_async
    _result = await self._apply_async(item, result, request_lib, async_lib)
  File "/remote-home/qhgao/Workspace/Projects/RFC-crawlers/RFC-dev/RFC/req/middleware.py", line 180, in _apply_async
    return self._apply_sync(item, result, request_lib)
  File "/remote-home/qhgao/Workspace/Projects/RFC-crawlers/RFC-dev/RFC/req/middleware.py", line 168, in _apply_sync
    raise ValueError(f"unexpected status code {repr(status_code)} in response of {repr(item)}")
ValueError: unexpected status code 404 in response of AudioBookAudioPage(1202231)


2024-04-04 00:40:00,862 <requestor-worker-1:1998827, MainThread:140298684229440> (requestor.py:_fetch_single_async:216 -> requestor.py:_handle_error:99) from logger `RFC.requestor_failed`
[ERROR] failed on AudioBookAudioPage(1202239), caught error "['ValueError'] ValueError('unexpected status code 404 in response of AudioBookAudioPage(1202239)')"

2024-04-04 00:40:00,864 <requestor-worker-1:1998827, MainThread:140298684229440> (requestor.py:_fetch_single_async:216 -> requestor.py:_handle_error:100) from logger `RFC.requestor_failed`
[ERROR] Traceback (most recent call last):
  File "/remote-home/qhgao/Workspace/Projects/RFC-crawlers/RFC-dev/RFC/req/requestor.py", line 206, in _fetch_single_async
    result = await middleware.apply_async(item, result, self._session._request_lib, self._session._async_lib)
  File "/remote-home/qhgao/Workspace/Projects/RFC-crawlers/RFC-dev/RFC/req/middleware.py", line 121, in apply_async
    self._handle_error(e, item, result)
  File "/remote-home/qhgao/Workspace/Projects/RFC-crawlers/RFC-dev/RFC/req/middleware.py", line 83, in _handle_error
    raise error
  File "/remote-home/qhgao/Workspace/Projects/RFC-crawlers/RFC-dev/RFC/req/middleware.py", line 114, in apply_async
    _result = await self._apply_async(item, result, request_lib, async_lib)
  File "/remote-home/qhgao/Workspace/Projects/RFC-crawlers/RFC-dev/RFC/req/middleware.py", line 180, in _apply_async
    return self._apply_sync(item, result, request_lib)
  File "/remote-home/qhgao/Workspace/Projects/RFC-crawlers/RFC-dev/RFC/req/middleware.py", line 168, in _apply_sync
    raise ValueError(f"unexpected status code {repr(status_code)} in response of {repr(item)}")
ValueError: unexpected status code 404 in response of AudioBookAudioPage(1202239)


2024-04-04 00:40:31,297 <requestor-worker-1:1998827, MainThread:140298684229440> (requestor.py:_fetch_single_async:216 -> requestor.py:_handle_error:99) from logger `RFC.requestor_failed`
[ERROR] failed on AudioBookAudioPage(1202075).AudioBookAudioFile(1202075), caught error "['TimeoutError'] TimeoutError()"

2024-04-04 00:40:31,300 <requestor-worker-1:1998827, MainThread:140298684229440> (requestor.py:_fetch_single_async:216 -> requestor.py:_handle_error:100) from logger `RFC.requestor_failed`
[ERROR] Traceback (most recent call last):
  File "/remote-home/qhgao/Workspace/Projects/RFC-crawlers/RFC-dev/RFC/req/requestor.py", line 206, in _fetch_single_async
    result = await middleware.apply_async(item, result, self._session._request_lib, self._session._async_lib)
  File "/remote-home/qhgao/Workspace/Projects/RFC-crawlers/RFC-dev/RFC/req/middleware.py", line 121, in apply_async
    self._handle_error(e, item, result)
  File "/remote-home/qhgao/Workspace/Projects/RFC-crawlers/RFC-dev/RFC/req/middleware.py", line 83, in _handle_error
    raise error
  File "/remote-home/qhgao/Workspace/Projects/RFC-crawlers/RFC-dev/RFC/req/middleware.py", line 114, in apply_async
    _result = await self._apply_async(item, result, request_lib, async_lib)
  File "/remote-home/qhgao/Workspace/Projects/RFC-crawlers/RFC-dev/RFC/req/middleware.py", line 316, in _apply_async
    result.content = result.json if 'json' in result else await get_content_async(result.response, request_lib)  # type: ignore
  File "/remote-home/qhgao/Workspace/Projects/RFC-crawlers/RFC-dev/RFC/req/middleware_func.py", line 88, in get_content_async
    return await resp.read()
  File "/remote-home/qhgao/Workspace/Applications/anaconda3/envs/share_py310/lib/python3.10/site-packages/aiohttp/client_reqrep.py", line 1037, in read
    self._body = await self.content.read()
  File "/remote-home/qhgao/Workspace/Applications/anaconda3/envs/share_py310/lib/python3.10/site-packages/aiohttp/streams.py", line 375, in read
    block = await self.readany()
  File "/remote-home/qhgao/Workspace/Applications/anaconda3/envs/share_py310/lib/python3.10/site-packages/aiohttp/streams.py", line 397, in readany
    await self._wait("readany")
  File "/remote-home/qhgao/Workspace/Applications/anaconda3/envs/share_py310/lib/python3.10/site-packages/aiohttp/streams.py", line 303, in _wait
    with self._timer:
  File "/remote-home/qhgao/Workspace/Applications/anaconda3/envs/share_py310/lib/python3.10/site-packages/aiohttp/helpers.py", line 721, in __exit__
    raise asyncio.TimeoutError from None
asyncio.exceptions.TimeoutError


2024-04-04 00:40:34,297 <requestor-worker-1:1998827, MainThread:140298684229440> (requestor.py:_fetch_single_async:216 -> requestor.py:_handle_error:99) from logger `RFC.requestor_failed`
[ERROR] failed on AudioBookAudioPage(1202268), caught error "['ValueError'] ValueError('unexpected status code 404 in response of AudioBookAudioPage(1202268)')"

2024-04-04 00:40:34,298 <requestor-worker-1:1998827, MainThread:140298684229440> (requestor.py:_fetch_single_async:216 -> requestor.py:_handle_error:100) from logger `RFC.requestor_failed`
[ERROR] Traceback (most recent call last):
  File "/remote-home/qhgao/Workspace/Projects/RFC-crawlers/RFC-dev/RFC/req/requestor.py", line 206, in _fetch_single_async
    result = await middleware.apply_async(item, result, self._session._request_lib, self._session._async_lib)
  File "/remote-home/qhgao/Workspace/Projects/RFC-crawlers/RFC-dev/RFC/req/middleware.py", line 121, in apply_async
    self._handle_error(e, item, result)
  File "/remote-home/qhgao/Workspace/Projects/RFC-crawlers/RFC-dev/RFC/req/middleware.py", line 83, in _handle_error
    raise error
  File "/remote-home/qhgao/Workspace/Projects/RFC-crawlers/RFC-dev/RFC/req/middleware.py", line 114, in apply_async
    _result = await self._apply_async(item, result, request_lib, async_lib)
  File "/remote-home/qhgao/Workspace/Projects/RFC-crawlers/RFC-dev/RFC/req/middleware.py", line 180, in _apply_async
    return self._apply_sync(item, result, request_lib)
  File "/remote-home/qhgao/Workspace/Projects/RFC-crawlers/RFC-dev/RFC/req/middleware.py", line 168, in _apply_sync
    raise ValueError(f"unexpected status code {repr(status_code)} in response of {repr(item)}")
ValueError: unexpected status code 404 in response of AudioBookAudioPage(1202268)


2024-04-04 00:40:46,310 <requestor-worker-1:1998827, MainThread:140298684229440> (requestor.py:_fetch_single_async:216 -> requestor.py:_handle_error:99) from logger `RFC.requestor_failed`
[ERROR] failed on AudioBookAudioPage(1202092).AudioBookAudioFile(1202092), caught error "['TimeoutError'] TimeoutError()"

2024-04-04 00:40:46,313 <requestor-worker-1:1998827, MainThread:140298684229440> (requestor.py:_fetch_single_async:216 -> requestor.py:_handle_error:100) from logger `RFC.requestor_failed`
[ERROR] Traceback (most recent call last):
  File "/remote-home/qhgao/Workspace/Projects/RFC-crawlers/RFC-dev/RFC/req/requestor.py", line 206, in _fetch_single_async
    result = await middleware.apply_async(item, result, self._session._request_lib, self._session._async_lib)
  File "/remote-home/qhgao/Workspace/Projects/RFC-crawlers/RFC-dev/RFC/req/middleware.py", line 121, in apply_async
    self._handle_error(e, item, result)
  File "/remote-home/qhgao/Workspace/Projects/RFC-crawlers/RFC-dev/RFC/req/middleware.py", line 83, in _handle_error
    raise error
  File "/remote-home/qhgao/Workspace/Projects/RFC-crawlers/RFC-dev/RFC/req/middleware.py", line 114, in apply_async
    _result = await self._apply_async(item, result, request_lib, async_lib)
  File "/remote-home/qhgao/Workspace/Projects/RFC-crawlers/RFC-dev/RFC/req/middleware.py", line 316, in _apply_async
    result.content = result.json if 'json' in result else await get_content_async(result.response, request_lib)  # type: ignore
  File "/remote-home/qhgao/Workspace/Projects/RFC-crawlers/RFC-dev/RFC/req/middleware_func.py", line 88, in get_content_async
    return await resp.read()
  File "/remote-home/qhgao/Workspace/Applications/anaconda3/envs/share_py310/lib/python3.10/site-packages/aiohttp/client_reqrep.py", line 1037, in read
    self._body = await self.content.read()
  File "/remote-home/qhgao/Workspace/Applications/anaconda3/envs/share_py310/lib/python3.10/site-packages/aiohttp/streams.py", line 375, in read
    block = await self.readany()
  File "/remote-home/qhgao/Workspace/Applications/anaconda3/envs/share_py310/lib/python3.10/site-packages/aiohttp/streams.py", line 397, in readany
    await self._wait("readany")
  File "/remote-home/qhgao/Workspace/Applications/anaconda3/envs/share_py310/lib/python3.10/site-packages/aiohttp/streams.py", line 303, in _wait
    with self._timer:
  File "/remote-home/qhgao/Workspace/Applications/anaconda3/envs/share_py310/lib/python3.10/site-packages/aiohttp/helpers.py", line 721, in __exit__
    raise asyncio.TimeoutError from None
asyncio.exceptions.TimeoutError


2024-04-04 00:41:20,324 <requestor-worker-1:1998827, MainThread:140298684229440> (requestor.py:_fetch_single_async:216 -> requestor.py:_handle_error:99) from logger `RFC.requestor_failed`
[ERROR] failed on AudioBookAudioPage(1202123).AudioBookAudioFile(1202123), caught error "['TimeoutError'] TimeoutError()"

2024-04-04 00:41:20,326 <requestor-worker-1:1998827, MainThread:140298684229440> (requestor.py:_fetch_single_async:216 -> requestor.py:_handle_error:100) from logger `RFC.requestor_failed`
[ERROR] Traceback (most recent call last):
  File "/remote-home/qhgao/Workspace/Projects/RFC-crawlers/RFC-dev/RFC/req/requestor.py", line 206, in _fetch_single_async
    result = await middleware.apply_async(item, result, self._session._request_lib, self._session._async_lib)
  File "/remote-home/qhgao/Workspace/Projects/RFC-crawlers/RFC-dev/RFC/req/middleware.py", line 121, in apply_async
    self._handle_error(e, item, result)
  File "/remote-home/qhgao/Workspace/Projects/RFC-crawlers/RFC-dev/RFC/req/middleware.py", line 83, in _handle_error
    raise error
  File "/remote-home/qhgao/Workspace/Projects/RFC-crawlers/RFC-dev/RFC/req/middleware.py", line 114, in apply_async
    _result = await self._apply_async(item, result, request_lib, async_lib)
  File "/remote-home/qhgao/Workspace/Projects/RFC-crawlers/RFC-dev/RFC/req/middleware.py", line 316, in _apply_async
    result.content = result.json if 'json' in result else await get_content_async(result.response, request_lib)  # type: ignore
  File "/remote-home/qhgao/Workspace/Projects/RFC-crawlers/RFC-dev/RFC/req/middleware_func.py", line 88, in get_content_async
    return await resp.read()
  File "/remote-home/qhgao/Workspace/Applications/anaconda3/envs/share_py310/lib/python3.10/site-packages/aiohttp/client_reqrep.py", line 1037, in read
    self._body = await self.content.read()
  File "/remote-home/qhgao/Workspace/Applications/anaconda3/envs/share_py310/lib/python3.10/site-packages/aiohttp/streams.py", line 375, in read
    block = await self.readany()
  File "/remote-home/qhgao/Workspace/Applications/anaconda3/envs/share_py310/lib/python3.10/site-packages/aiohttp/streams.py", line 397, in readany
    await self._wait("readany")
  File "/remote-home/qhgao/Workspace/Applications/anaconda3/envs/share_py310/lib/python3.10/site-packages/aiohttp/streams.py", line 303, in _wait
    with self._timer:
  File "/remote-home/qhgao/Workspace/Applications/anaconda3/envs/share_py310/lib/python3.10/site-packages/aiohttp/helpers.py", line 721, in __exit__
    raise asyncio.TimeoutError from None
asyncio.exceptions.TimeoutError


2024-04-04 00:41:24,495 <requestor-worker-1:1998827, MainThread:140298684229440> (requestor.py:_fetch_single_async:216 -> requestor.py:_handle_error:99) from logger `RFC.requestor_failed`
[ERROR] failed on AudioBookAudioPage(1202317), caught error "['ValueError'] ValueError('unexpected status code 404 in response of AudioBookAudioPage(1202317)')"

2024-04-04 00:41:24,496 <requestor-worker-1:1998827, MainThread:140298684229440> (requestor.py:_fetch_single_async:216 -> requestor.py:_handle_error:100) from logger `RFC.requestor_failed`
[ERROR] Traceback (most recent call last):
  File "/remote-home/qhgao/Workspace/Projects/RFC-crawlers/RFC-dev/RFC/req/requestor.py", line 206, in _fetch_single_async
    result = await middleware.apply_async(item, result, self._session._request_lib, self._session._async_lib)
  File "/remote-home/qhgao/Workspace/Projects/RFC-crawlers/RFC-dev/RFC/req/middleware.py", line 121, in apply_async
    self._handle_error(e, item, result)
  File "/remote-home/qhgao/Workspace/Projects/RFC-crawlers/RFC-dev/RFC/req/middleware.py", line 83, in _handle_error
    raise error
  File "/remote-home/qhgao/Workspace/Projects/RFC-crawlers/RFC-dev/RFC/req/middleware.py", line 114, in apply_async
    _result = await self._apply_async(item, result, request_lib, async_lib)
  File "/remote-home/qhgao/Workspace/Projects/RFC-crawlers/RFC-dev/RFC/req/middleware.py", line 180, in _apply_async
    return self._apply_sync(item, result, request_lib)
  File "/remote-home/qhgao/Workspace/Projects/RFC-crawlers/RFC-dev/RFC/req/middleware.py", line 168, in _apply_sync
    raise ValueError(f"unexpected status code {repr(status_code)} in response of {repr(item)}")
ValueError: unexpected status code 404 in response of AudioBookAudioPage(1202317)


2024-04-04 00:41:25,366 <requestor-worker-1:1998827, MainThread:140298684229440> (requestor.py:_fetch_single_async:216 -> requestor.py:_handle_error:99) from logger `RFC.requestor_failed`
[ERROR] failed on AudioBookAudioPage(1202319), caught error "['ValueError'] ValueError('unexpected status code 404 in response of AudioBookAudioPage(1202319)')"

2024-04-04 00:41:25,368 <requestor-worker-1:1998827, MainThread:140298684229440> (requestor.py:_fetch_single_async:216 -> requestor.py:_handle_error:100) from logger `RFC.requestor_failed`
[ERROR] Traceback (most recent call last):
  File "/remote-home/qhgao/Workspace/Projects/RFC-crawlers/RFC-dev/RFC/req/requestor.py", line 206, in _fetch_single_async
    result = await middleware.apply_async(item, result, self._session._request_lib, self._session._async_lib)
  File "/remote-home/qhgao/Workspace/Projects/RFC-crawlers/RFC-dev/RFC/req/middleware.py", line 121, in apply_async
    self._handle_error(e, item, result)
  File "/remote-home/qhgao/Workspace/Projects/RFC-crawlers/RFC-dev/RFC/req/middleware.py", line 83, in _handle_error
    raise error
  File "/remote-home/qhgao/Workspace/Projects/RFC-crawlers/RFC-dev/RFC/req/middleware.py", line 114, in apply_async
    _result = await self._apply_async(item, result, request_lib, async_lib)
  File "/remote-home/qhgao/Workspace/Projects/RFC-crawlers/RFC-dev/RFC/req/middleware.py", line 180, in _apply_async
    return self._apply_sync(item, result, request_lib)
  File "/remote-home/qhgao/Workspace/Projects/RFC-crawlers/RFC-dev/RFC/req/middleware.py", line 168, in _apply_sync
    raise ValueError(f"unexpected status code {repr(status_code)} in response of {repr(item)}")
ValueError: unexpected status code 404 in response of AudioBookAudioPage(1202319)


2024-04-04 00:41:25,596 <requestor-worker-1:1998827, MainThread:140298684229440> (requestor.py:_fetch_single_async:216 -> requestor.py:_handle_error:99) from logger `RFC.requestor_failed`
[ERROR] failed on AudioBookAudioPage(1202320), caught error "['ValueError'] ValueError('unexpected status code 404 in response of AudioBookAudioPage(1202320)')"

2024-04-04 00:41:25,599 <requestor-worker-1:1998827, MainThread:140298684229440> (requestor.py:_fetch_single_async:216 -> requestor.py:_handle_error:100) from logger `RFC.requestor_failed`
[ERROR] Traceback (most recent call last):
  File "/remote-home/qhgao/Workspace/Projects/RFC-crawlers/RFC-dev/RFC/req/requestor.py", line 206, in _fetch_single_async
    result = await middleware.apply_async(item, result, self._session._request_lib, self._session._async_lib)
  File "/remote-home/qhgao/Workspace/Projects/RFC-crawlers/RFC-dev/RFC/req/middleware.py", line 121, in apply_async
    self._handle_error(e, item, result)
  File "/remote-home/qhgao/Workspace/Projects/RFC-crawlers/RFC-dev/RFC/req/middleware.py", line 83, in _handle_error
    raise error
  File "/remote-home/qhgao/Workspace/Projects/RFC-crawlers/RFC-dev/RFC/req/middleware.py", line 114, in apply_async
    _result = await self._apply_async(item, result, request_lib, async_lib)
  File "/remote-home/qhgao/Workspace/Projects/RFC-crawlers/RFC-dev/RFC/req/middleware.py", line 180, in _apply_async
    return self._apply_sync(item, result, request_lib)
  File "/remote-home/qhgao/Workspace/Projects/RFC-crawlers/RFC-dev/RFC/req/middleware.py", line 168, in _apply_sync
    raise ValueError(f"unexpected status code {repr(status_code)} in response of {repr(item)}")
ValueError: unexpected status code 404 in response of AudioBookAudioPage(1202320)


2024-04-04 00:41:26,647 <requestor-worker-1:1998827, MainThread:140298684229440> (requestor.py:_fetch_single_async:216 -> requestor.py:_handle_error:99) from logger `RFC.requestor_failed`
[ERROR] failed on AudioBookAudioPage(1202322), caught error "['ValueError'] ValueError('unexpected status code 404 in response of AudioBookAudioPage(1202322)')"

2024-04-04 00:41:26,649 <requestor-worker-1:1998827, MainThread:140298684229440> (requestor.py:_fetch_single_async:216 -> requestor.py:_handle_error:100) from logger `RFC.requestor_failed`
[ERROR] Traceback (most recent call last):
  File "/remote-home/qhgao/Workspace/Projects/RFC-crawlers/RFC-dev/RFC/req/requestor.py", line 206, in _fetch_single_async
    result = await middleware.apply_async(item, result, self._session._request_lib, self._session._async_lib)
  File "/remote-home/qhgao/Workspace/Projects/RFC-crawlers/RFC-dev/RFC/req/middleware.py", line 121, in apply_async
    self._handle_error(e, item, result)
  File "/remote-home/qhgao/Workspace/Projects/RFC-crawlers/RFC-dev/RFC/req/middleware.py", line 83, in _handle_error
    raise error
  File "/remote-home/qhgao/Workspace/Projects/RFC-crawlers/RFC-dev/RFC/req/middleware.py", line 114, in apply_async
    _result = await self._apply_async(item, result, request_lib, async_lib)
  File "/remote-home/qhgao/Workspace/Projects/RFC-crawlers/RFC-dev/RFC/req/middleware.py", line 180, in _apply_async
    return self._apply_sync(item, result, request_lib)
  File "/remote-home/qhgao/Workspace/Projects/RFC-crawlers/RFC-dev/RFC/req/middleware.py", line 168, in _apply_sync
    raise ValueError(f"unexpected status code {repr(status_code)} in response of {repr(item)}")
ValueError: unexpected status code 404 in response of AudioBookAudioPage(1202322)


2024-04-04 00:41:31,523 <requestor-worker-1:1998827, MainThread:140298684229440> (requestor.py:_fetch_single_async:216 -> requestor.py:_handle_error:99) from logger `RFC.requestor_failed`
[ERROR] failed on AudioBookAudioPage(1202325), caught error "['ValueError'] ValueError('unexpected status code 404 in response of AudioBookAudioPage(1202325)')"

2024-04-04 00:41:31,525 <requestor-worker-1:1998827, MainThread:140298684229440> (requestor.py:_fetch_single_async:216 -> requestor.py:_handle_error:100) from logger `RFC.requestor_failed`
[ERROR] Traceback (most recent call last):
  File "/remote-home/qhgao/Workspace/Projects/RFC-crawlers/RFC-dev/RFC/req/requestor.py", line 206, in _fetch_single_async
    result = await middleware.apply_async(item, result, self._session._request_lib, self._session._async_lib)
  File "/remote-home/qhgao/Workspace/Projects/RFC-crawlers/RFC-dev/RFC/req/middleware.py", line 121, in apply_async
    self._handle_error(e, item, result)
  File "/remote-home/qhgao/Workspace/Projects/RFC-crawlers/RFC-dev/RFC/req/middleware.py", line 83, in _handle_error
    raise error
  File "/remote-home/qhgao/Workspace/Projects/RFC-crawlers/RFC-dev/RFC/req/middleware.py", line 114, in apply_async
    _result = await self._apply_async(item, result, request_lib, async_lib)
  File "/remote-home/qhgao/Workspace/Projects/RFC-crawlers/RFC-dev/RFC/req/middleware.py", line 180, in _apply_async
    return self._apply_sync(item, result, request_lib)
  File "/remote-home/qhgao/Workspace/Projects/RFC-crawlers/RFC-dev/RFC/req/middleware.py", line 168, in _apply_sync
    raise ValueError(f"unexpected status code {repr(status_code)} in response of {repr(item)}")
ValueError: unexpected status code 404 in response of AudioBookAudioPage(1202325)


2024-04-04 00:41:34,212 <requestor-worker-1:1998827, MainThread:140298684229440> (requestor.py:_fetch_single_async:216 -> requestor.py:_handle_error:99) from logger `RFC.requestor_failed`
[ERROR] failed on AudioBookAudioPage(1202326), caught error "['ValueError'] ValueError('unexpected status code 404 in response of AudioBookAudioPage(1202326)')"

2024-04-04 00:41:34,214 <requestor-worker-1:1998827, MainThread:140298684229440> (requestor.py:_fetch_single_async:216 -> requestor.py:_handle_error:100) from logger `RFC.requestor_failed`
[ERROR] Traceback (most recent call last):
  File "/remote-home/qhgao/Workspace/Projects/RFC-crawlers/RFC-dev/RFC/req/requestor.py", line 206, in _fetch_single_async
    result = await middleware.apply_async(item, result, self._session._request_lib, self._session._async_lib)
  File "/remote-home/qhgao/Workspace/Projects/RFC-crawlers/RFC-dev/RFC/req/middleware.py", line 121, in apply_async
    self._handle_error(e, item, result)
  File "/remote-home/qhgao/Workspace/Projects/RFC-crawlers/RFC-dev/RFC/req/middleware.py", line 83, in _handle_error
    raise error
  File "/remote-home/qhgao/Workspace/Projects/RFC-crawlers/RFC-dev/RFC/req/middleware.py", line 114, in apply_async
    _result = await self._apply_async(item, result, request_lib, async_lib)
  File "/remote-home/qhgao/Workspace/Projects/RFC-crawlers/RFC-dev/RFC/req/middleware.py", line 180, in _apply_async
    return self._apply_sync(item, result, request_lib)
  File "/remote-home/qhgao/Workspace/Projects/RFC-crawlers/RFC-dev/RFC/req/middleware.py", line 168, in _apply_sync
    raise ValueError(f"unexpected status code {repr(status_code)} in response of {repr(item)}")
ValueError: unexpected status code 404 in response of AudioBookAudioPage(1202326)


2024-04-04 00:41:38,324 <requestor-worker-1:1998827, MainThread:140298684229440> (requestor.py:_fetch_single_async:216 -> requestor.py:_handle_error:99) from logger `RFC.requestor_failed`
[ERROR] failed on AudioBookAudioPage(1202315), caught error "['TimeoutError'] TimeoutError()"

2024-04-04 00:41:38,325 <requestor-worker-1:1998827, MainThread:140298684229440> (requestor.py:_fetch_single_async:216 -> requestor.py:_handle_error:100) from logger `RFC.requestor_failed`
[ERROR] Traceback (most recent call last):
  File "/remote-home/qhgao/Workspace/Projects/RFC-crawlers/RFC-dev/RFC/req/requestor.py", line 199, in _fetch_single_async
    resp = await self._session.request(item)
  File "/remote-home/qhgao/Workspace/Projects/RFC-crawlers/RFC-dev/RFC/req/session.py", line 320, in request
    return await self._session.request(**request_args)
  File "/remote-home/qhgao/Workspace/Applications/anaconda3/envs/share_py310/lib/python3.10/site-packages/aiohttp/client.py", line 560, in _request
    await resp.start(conn)
  File "/remote-home/qhgao/Workspace/Applications/anaconda3/envs/share_py310/lib/python3.10/site-packages/aiohttp/client_reqrep.py", line 894, in start
    with self._timer:
  File "/remote-home/qhgao/Workspace/Applications/anaconda3/envs/share_py310/lib/python3.10/site-packages/aiohttp/helpers.py", line 721, in __exit__
    raise asyncio.TimeoutError from None
asyncio.exceptions.TimeoutError


2024-04-04 00:41:44,296 <requestor-worker-1:1998827, MainThread:140298684229440> (requestor.py:_fetch_single_async:216 -> requestor.py:_handle_error:99) from logger `RFC.requestor_failed`
[ERROR] failed on AudioBookAudioPage(1202134).AudioBookAudioFile(1202134), caught error "['TimeoutError'] TimeoutError()"

2024-04-04 00:41:44,298 <requestor-worker-1:1998827, MainThread:140298684229440> (requestor.py:_fetch_single_async:216 -> requestor.py:_handle_error:100) from logger `RFC.requestor_failed`
[ERROR] Traceback (most recent call last):
  File "/remote-home/qhgao/Workspace/Projects/RFC-crawlers/RFC-dev/RFC/req/requestor.py", line 206, in _fetch_single_async
    result = await middleware.apply_async(item, result, self._session._request_lib, self._session._async_lib)
  File "/remote-home/qhgao/Workspace/Projects/RFC-crawlers/RFC-dev/RFC/req/middleware.py", line 121, in apply_async
    self._handle_error(e, item, result)
  File "/remote-home/qhgao/Workspace/Projects/RFC-crawlers/RFC-dev/RFC/req/middleware.py", line 83, in _handle_error
    raise error
  File "/remote-home/qhgao/Workspace/Projects/RFC-crawlers/RFC-dev/RFC/req/middleware.py", line 114, in apply_async
    _result = await self._apply_async(item, result, request_lib, async_lib)
  File "/remote-home/qhgao/Workspace/Projects/RFC-crawlers/RFC-dev/RFC/req/middleware.py", line 316, in _apply_async
    result.content = result.json if 'json' in result else await get_content_async(result.response, request_lib)  # type: ignore
  File "/remote-home/qhgao/Workspace/Projects/RFC-crawlers/RFC-dev/RFC/req/middleware_func.py", line 88, in get_content_async
    return await resp.read()
  File "/remote-home/qhgao/Workspace/Applications/anaconda3/envs/share_py310/lib/python3.10/site-packages/aiohttp/client_reqrep.py", line 1037, in read
    self._body = await self.content.read()
  File "/remote-home/qhgao/Workspace/Applications/anaconda3/envs/share_py310/lib/python3.10/site-packages/aiohttp/streams.py", line 375, in read
    block = await self.readany()
  File "/remote-home/qhgao/Workspace/Applications/anaconda3/envs/share_py310/lib/python3.10/site-packages/aiohttp/streams.py", line 397, in readany
    await self._wait("readany")
  File "/remote-home/qhgao/Workspace/Applications/anaconda3/envs/share_py310/lib/python3.10/site-packages/aiohttp/streams.py", line 303, in _wait
    with self._timer:
  File "/remote-home/qhgao/Workspace/Applications/anaconda3/envs/share_py310/lib/python3.10/site-packages/aiohttp/helpers.py", line 721, in __exit__
    raise asyncio.TimeoutError from None
asyncio.exceptions.TimeoutError


2024-04-04 00:41:52,295 <requestor-worker-1:1998827, MainThread:140298684229440> (requestor.py:_fetch_single_async:216 -> requestor.py:_handle_error:99) from logger `RFC.requestor_failed`
[ERROR] failed on AudioBookAudioPage(1202149).AudioBookAudioFile(1202149), caught error "['TimeoutError'] TimeoutError()"

2024-04-04 00:41:52,298 <requestor-worker-1:1998827, MainThread:140298684229440> (requestor.py:_fetch_single_async:216 -> requestor.py:_handle_error:100) from logger `RFC.requestor_failed`
[ERROR] Traceback (most recent call last):
  File "/remote-home/qhgao/Workspace/Projects/RFC-crawlers/RFC-dev/RFC/req/requestor.py", line 206, in _fetch_single_async
    result = await middleware.apply_async(item, result, self._session._request_lib, self._session._async_lib)
  File "/remote-home/qhgao/Workspace/Projects/RFC-crawlers/RFC-dev/RFC/req/middleware.py", line 121, in apply_async
    self._handle_error(e, item, result)
  File "/remote-home/qhgao/Workspace/Projects/RFC-crawlers/RFC-dev/RFC/req/middleware.py", line 83, in _handle_error
    raise error
  File "/remote-home/qhgao/Workspace/Projects/RFC-crawlers/RFC-dev/RFC/req/middleware.py", line 114, in apply_async
    _result = await self._apply_async(item, result, request_lib, async_lib)
  File "/remote-home/qhgao/Workspace/Projects/RFC-crawlers/RFC-dev/RFC/req/middleware.py", line 316, in _apply_async
    result.content = result.json if 'json' in result else await get_content_async(result.response, request_lib)  # type: ignore
  File "/remote-home/qhgao/Workspace/Projects/RFC-crawlers/RFC-dev/RFC/req/middleware_func.py", line 88, in get_content_async
    return await resp.read()
  File "/remote-home/qhgao/Workspace/Applications/anaconda3/envs/share_py310/lib/python3.10/site-packages/aiohttp/client_reqrep.py", line 1037, in read
    self._body = await self.content.read()
  File "/remote-home/qhgao/Workspace/Applications/anaconda3/envs/share_py310/lib/python3.10/site-packages/aiohttp/streams.py", line 375, in read
    block = await self.readany()
  File "/remote-home/qhgao/Workspace/Applications/anaconda3/envs/share_py310/lib/python3.10/site-packages/aiohttp/streams.py", line 397, in readany
    await self._wait("readany")
  File "/remote-home/qhgao/Workspace/Applications/anaconda3/envs/share_py310/lib/python3.10/site-packages/aiohttp/streams.py", line 303, in _wait
    with self._timer:
  File "/remote-home/qhgao/Workspace/Applications/anaconda3/envs/share_py310/lib/python3.10/site-packages/aiohttp/helpers.py", line 721, in __exit__
    raise asyncio.TimeoutError from None
asyncio.exceptions.TimeoutError


2024-04-04 00:42:13,297 <requestor-worker-1:1998827, MainThread:140298684229440> (requestor.py:_fetch_single_async:216 -> requestor.py:_handle_error:99) from logger `RFC.requestor_failed`
[ERROR] failed on AudioBookAudioPage(1202352), caught error "['TimeoutError'] TimeoutError()"

2024-04-04 00:42:13,300 <requestor-worker-1:1998827, MainThread:140298684229440> (requestor.py:_fetch_single_async:216 -> requestor.py:_handle_error:100) from logger `RFC.requestor_failed`
[ERROR] Traceback (most recent call last):
  File "/remote-home/qhgao/Workspace/Projects/RFC-crawlers/RFC-dev/RFC/req/requestor.py", line 206, in _fetch_single_async
    result = await middleware.apply_async(item, result, self._session._request_lib, self._session._async_lib)
  File "/remote-home/qhgao/Workspace/Projects/RFC-crawlers/RFC-dev/RFC/req/middleware.py", line 121, in apply_async
    self._handle_error(e, item, result)
  File "/remote-home/qhgao/Workspace/Projects/RFC-crawlers/RFC-dev/RFC/req/middleware.py", line 83, in _handle_error
    raise error
  File "/remote-home/qhgao/Workspace/Projects/RFC-crawlers/RFC-dev/RFC/req/middleware.py", line 114, in apply_async
    _result = await self._apply_async(item, result, request_lib, async_lib)
  File "/remote-home/qhgao/Workspace/Projects/RFC-crawlers/RFC-dev/RFC/req/middleware.py", line 316, in _apply_async
    result.content = result.json if 'json' in result else await get_content_async(result.response, request_lib)  # type: ignore
  File "/remote-home/qhgao/Workspace/Projects/RFC-crawlers/RFC-dev/RFC/req/middleware_func.py", line 88, in get_content_async
    return await resp.read()
  File "/remote-home/qhgao/Workspace/Applications/anaconda3/envs/share_py310/lib/python3.10/site-packages/aiohttp/client_reqrep.py", line 1037, in read
    self._body = await self.content.read()
  File "/remote-home/qhgao/Workspace/Applications/anaconda3/envs/share_py310/lib/python3.10/site-packages/aiohttp/streams.py", line 375, in read
    block = await self.readany()
  File "/remote-home/qhgao/Workspace/Applications/anaconda3/envs/share_py310/lib/python3.10/site-packages/aiohttp/streams.py", line 397, in readany
    await self._wait("readany")
  File "/remote-home/qhgao/Workspace/Applications/anaconda3/envs/share_py310/lib/python3.10/site-packages/aiohttp/streams.py", line 303, in _wait
    with self._timer:
  File "/remote-home/qhgao/Workspace/Applications/anaconda3/envs/share_py310/lib/python3.10/site-packages/aiohttp/helpers.py", line 721, in __exit__
    raise asyncio.TimeoutError from None
asyncio.exceptions.TimeoutError


2024-04-04 00:42:26,297 <requestor-worker-1:1998827, MainThread:140298684229440> (requestor.py:_fetch_single_async:216 -> requestor.py:_handle_error:99) from logger `RFC.requestor_failed`
[ERROR] failed on AudioBookAudioPage(1202362), caught error "['TimeoutError'] TimeoutError()"

2024-04-04 00:42:26,300 <requestor-worker-1:1998827, MainThread:140298684229440> (requestor.py:_fetch_single_async:216 -> requestor.py:_handle_error:100) from logger `RFC.requestor_failed`
[ERROR] Traceback (most recent call last):
  File "/remote-home/qhgao/Workspace/Projects/RFC-crawlers/RFC-dev/RFC/req/requestor.py", line 206, in _fetch_single_async
    result = await middleware.apply_async(item, result, self._session._request_lib, self._session._async_lib)
  File "/remote-home/qhgao/Workspace/Projects/RFC-crawlers/RFC-dev/RFC/req/middleware.py", line 121, in apply_async
    self._handle_error(e, item, result)
  File "/remote-home/qhgao/Workspace/Projects/RFC-crawlers/RFC-dev/RFC/req/middleware.py", line 83, in _handle_error
    raise error
  File "/remote-home/qhgao/Workspace/Projects/RFC-crawlers/RFC-dev/RFC/req/middleware.py", line 114, in apply_async
    _result = await self._apply_async(item, result, request_lib, async_lib)
  File "/remote-home/qhgao/Workspace/Projects/RFC-crawlers/RFC-dev/RFC/req/middleware.py", line 316, in _apply_async
    result.content = result.json if 'json' in result else await get_content_async(result.response, request_lib)  # type: ignore
  File "/remote-home/qhgao/Workspace/Projects/RFC-crawlers/RFC-dev/RFC/req/middleware_func.py", line 88, in get_content_async
    return await resp.read()
  File "/remote-home/qhgao/Workspace/Applications/anaconda3/envs/share_py310/lib/python3.10/site-packages/aiohttp/client_reqrep.py", line 1037, in read
    self._body = await self.content.read()
  File "/remote-home/qhgao/Workspace/Applications/anaconda3/envs/share_py310/lib/python3.10/site-packages/aiohttp/streams.py", line 375, in read
    block = await self.readany()
  File "/remote-home/qhgao/Workspace/Applications/anaconda3/envs/share_py310/lib/python3.10/site-packages/aiohttp/streams.py", line 397, in readany
    await self._wait("readany")
  File "/remote-home/qhgao/Workspace/Applications/anaconda3/envs/share_py310/lib/python3.10/site-packages/aiohttp/streams.py", line 303, in _wait
    with self._timer:
  File "/remote-home/qhgao/Workspace/Applications/anaconda3/envs/share_py310/lib/python3.10/site-packages/aiohttp/helpers.py", line 721, in __exit__
    raise asyncio.TimeoutError from None
asyncio.exceptions.TimeoutError


2024-04-04 00:42:55,297 <requestor-worker-1:1998827, MainThread:140298684229440> (requestor.py:_fetch_single_async:216 -> requestor.py:_handle_error:99) from logger `RFC.requestor_failed`
[ERROR] failed on AudioBookAudioPage(1202187).AudioBookAudioFile(1202187), caught error "['TimeoutError'] TimeoutError()"

2024-04-04 00:42:55,300 <requestor-worker-1:1998827, MainThread:140298684229440> (requestor.py:_fetch_single_async:216 -> requestor.py:_handle_error:100) from logger `RFC.requestor_failed`
[ERROR] Traceback (most recent call last):
  File "/remote-home/qhgao/Workspace/Projects/RFC-crawlers/RFC-dev/RFC/req/requestor.py", line 206, in _fetch_single_async
    result = await middleware.apply_async(item, result, self._session._request_lib, self._session._async_lib)
  File "/remote-home/qhgao/Workspace/Projects/RFC-crawlers/RFC-dev/RFC/req/middleware.py", line 121, in apply_async
    self._handle_error(e, item, result)
  File "/remote-home/qhgao/Workspace/Projects/RFC-crawlers/RFC-dev/RFC/req/middleware.py", line 83, in _handle_error
    raise error
  File "/remote-home/qhgao/Workspace/Projects/RFC-crawlers/RFC-dev/RFC/req/middleware.py", line 114, in apply_async
    _result = await self._apply_async(item, result, request_lib, async_lib)
  File "/remote-home/qhgao/Workspace/Projects/RFC-crawlers/RFC-dev/RFC/req/middleware.py", line 316, in _apply_async
    result.content = result.json if 'json' in result else await get_content_async(result.response, request_lib)  # type: ignore
  File "/remote-home/qhgao/Workspace/Projects/RFC-crawlers/RFC-dev/RFC/req/middleware_func.py", line 88, in get_content_async
    return await resp.read()
  File "/remote-home/qhgao/Workspace/Applications/anaconda3/envs/share_py310/lib/python3.10/site-packages/aiohttp/client_reqrep.py", line 1037, in read
    self._body = await self.content.read()
  File "/remote-home/qhgao/Workspace/Applications/anaconda3/envs/share_py310/lib/python3.10/site-packages/aiohttp/streams.py", line 375, in read
    block = await self.readany()
  File "/remote-home/qhgao/Workspace/Applications/anaconda3/envs/share_py310/lib/python3.10/site-packages/aiohttp/streams.py", line 397, in readany
    await self._wait("readany")
  File "/remote-home/qhgao/Workspace/Applications/anaconda3/envs/share_py310/lib/python3.10/site-packages/aiohttp/streams.py", line 303, in _wait
    with self._timer:
  File "/remote-home/qhgao/Workspace/Applications/anaconda3/envs/share_py310/lib/python3.10/site-packages/aiohttp/helpers.py", line 721, in __exit__
    raise asyncio.TimeoutError from None
asyncio.exceptions.TimeoutError


2024-04-04 00:43:02,231 <requestor-worker-1:1998827, MainThread:140298684229440> (requestor.py:_fetch_single_async:216 -> requestor.py:_handle_error:99) from logger `RFC.requestor_failed`
[ERROR] failed on AudioBookAudioPage(1202393), caught error "['ValueError'] ValueError('unexpected status code 404 in response of AudioBookAudioPage(1202393)')"

2024-04-04 00:43:02,232 <requestor-worker-1:1998827, MainThread:140298684229440> (requestor.py:_fetch_single_async:216 -> requestor.py:_handle_error:100) from logger `RFC.requestor_failed`
[ERROR] Traceback (most recent call last):
  File "/remote-home/qhgao/Workspace/Projects/RFC-crawlers/RFC-dev/RFC/req/requestor.py", line 206, in _fetch_single_async
    result = await middleware.apply_async(item, result, self._session._request_lib, self._session._async_lib)
  File "/remote-home/qhgao/Workspace/Projects/RFC-crawlers/RFC-dev/RFC/req/middleware.py", line 121, in apply_async
    self._handle_error(e, item, result)
  File "/remote-home/qhgao/Workspace/Projects/RFC-crawlers/RFC-dev/RFC/req/middleware.py", line 83, in _handle_error
    raise error
  File "/remote-home/qhgao/Workspace/Projects/RFC-crawlers/RFC-dev/RFC/req/middleware.py", line 114, in apply_async
    _result = await self._apply_async(item, result, request_lib, async_lib)
  File "/remote-home/qhgao/Workspace/Projects/RFC-crawlers/RFC-dev/RFC/req/middleware.py", line 180, in _apply_async
    return self._apply_sync(item, result, request_lib)
  File "/remote-home/qhgao/Workspace/Projects/RFC-crawlers/RFC-dev/RFC/req/middleware.py", line 168, in _apply_sync
    raise ValueError(f"unexpected status code {repr(status_code)} in response of {repr(item)}")
ValueError: unexpected status code 404 in response of AudioBookAudioPage(1202393)


2024-04-04 00:43:55,136 <requestor-worker-1:1998827, MainThread:140298684229440> (requestor.py:_fetch_single_async:216 -> requestor.py:_handle_error:99) from logger `RFC.requestor_failed`
[ERROR] failed on AudioBookAudioPage(1202457), caught error "['ValueError'] ValueError('unexpected status code 404 in response of AudioBookAudioPage(1202457)')"

2024-04-04 00:43:55,138 <requestor-worker-1:1998827, MainThread:140298684229440> (requestor.py:_fetch_single_async:216 -> requestor.py:_handle_error:100) from logger `RFC.requestor_failed`
[ERROR] Traceback (most recent call last):
  File "/remote-home/qhgao/Workspace/Projects/RFC-crawlers/RFC-dev/RFC/req/requestor.py", line 206, in _fetch_single_async
    result = await middleware.apply_async(item, result, self._session._request_lib, self._session._async_lib)
  File "/remote-home/qhgao/Workspace/Projects/RFC-crawlers/RFC-dev/RFC/req/middleware.py", line 121, in apply_async
    self._handle_error(e, item, result)
  File "/remote-home/qhgao/Workspace/Projects/RFC-crawlers/RFC-dev/RFC/req/middleware.py", line 83, in _handle_error
    raise error
  File "/remote-home/qhgao/Workspace/Projects/RFC-crawlers/RFC-dev/RFC/req/middleware.py", line 114, in apply_async
    _result = await self._apply_async(item, result, request_lib, async_lib)
  File "/remote-home/qhgao/Workspace/Projects/RFC-crawlers/RFC-dev/RFC/req/middleware.py", line 180, in _apply_async
    return self._apply_sync(item, result, request_lib)
  File "/remote-home/qhgao/Workspace/Projects/RFC-crawlers/RFC-dev/RFC/req/middleware.py", line 168, in _apply_sync
    raise ValueError(f"unexpected status code {repr(status_code)} in response of {repr(item)}")
ValueError: unexpected status code 404 in response of AudioBookAudioPage(1202457)


2024-04-04 00:43:56,293 <requestor-worker-1:1998827, MainThread:140298684229440> (requestor.py:_fetch_single_async:216 -> requestor.py:_handle_error:99) from logger `RFC.requestor_failed`
[ERROR] failed on AudioBookAudioPage(1202227).AudioBookAudioFile(1202227), caught error "['TimeoutError'] TimeoutError()"

2024-04-04 00:43:56,295 <requestor-worker-1:1998827, MainThread:140298684229440> (requestor.py:_fetch_single_async:216 -> requestor.py:_handle_error:100) from logger `RFC.requestor_failed`
[ERROR] Traceback (most recent call last):
  File "/remote-home/qhgao/Workspace/Projects/RFC-crawlers/RFC-dev/RFC/req/requestor.py", line 206, in _fetch_single_async
    result = await middleware.apply_async(item, result, self._session._request_lib, self._session._async_lib)
  File "/remote-home/qhgao/Workspace/Projects/RFC-crawlers/RFC-dev/RFC/req/middleware.py", line 121, in apply_async
    self._handle_error(e, item, result)
  File "/remote-home/qhgao/Workspace/Projects/RFC-crawlers/RFC-dev/RFC/req/middleware.py", line 83, in _handle_error
    raise error
  File "/remote-home/qhgao/Workspace/Projects/RFC-crawlers/RFC-dev/RFC/req/middleware.py", line 114, in apply_async
    _result = await self._apply_async(item, result, request_lib, async_lib)
  File "/remote-home/qhgao/Workspace/Projects/RFC-crawlers/RFC-dev/RFC/req/middleware.py", line 316, in _apply_async
    result.content = result.json if 'json' in result else await get_content_async(result.response, request_lib)  # type: ignore
  File "/remote-home/qhgao/Workspace/Projects/RFC-crawlers/RFC-dev/RFC/req/middleware_func.py", line 88, in get_content_async
    return await resp.read()
  File "/remote-home/qhgao/Workspace/Applications/anaconda3/envs/share_py310/lib/python3.10/site-packages/aiohttp/client_reqrep.py", line 1037, in read
    self._body = await self.content.read()
  File "/remote-home/qhgao/Workspace/Applications/anaconda3/envs/share_py310/lib/python3.10/site-packages/aiohttp/streams.py", line 375, in read
    block = await self.readany()
  File "/remote-home/qhgao/Workspace/Applications/anaconda3/envs/share_py310/lib/python3.10/site-packages/aiohttp/streams.py", line 397, in readany
    await self._wait("readany")
  File "/remote-home/qhgao/Workspace/Applications/anaconda3/envs/share_py310/lib/python3.10/site-packages/aiohttp/streams.py", line 303, in _wait
    with self._timer:
  File "/remote-home/qhgao/Workspace/Applications/anaconda3/envs/share_py310/lib/python3.10/site-packages/aiohttp/helpers.py", line 721, in __exit__
    raise asyncio.TimeoutError from None
asyncio.exceptions.TimeoutError


2024-04-04 00:43:56,474 <requestor-worker-1:1998827, MainThread:140298684229440> (requestor.py:_fetch_single_async:216 -> requestor.py:_handle_error:99) from logger `RFC.requestor_failed`
[ERROR] failed on AudioBookAudioPage(1202464), caught error "['ValueError'] ValueError('unexpected status code 404 in response of AudioBookAudioPage(1202464)')"

2024-04-04 00:43:56,475 <requestor-worker-1:1998827, MainThread:140298684229440> (requestor.py:_fetch_single_async:216 -> requestor.py:_handle_error:100) from logger `RFC.requestor_failed`
[ERROR] Traceback (most recent call last):
  File "/remote-home/qhgao/Workspace/Projects/RFC-crawlers/RFC-dev/RFC/req/requestor.py", line 206, in _fetch_single_async
    result = await middleware.apply_async(item, result, self._session._request_lib, self._session._async_lib)
  File "/remote-home/qhgao/Workspace/Projects/RFC-crawlers/RFC-dev/RFC/req/middleware.py", line 121, in apply_async
    self._handle_error(e, item, result)
  File "/remote-home/qhgao/Workspace/Projects/RFC-crawlers/RFC-dev/RFC/req/middleware.py", line 83, in _handle_error
    raise error
  File "/remote-home/qhgao/Workspace/Projects/RFC-crawlers/RFC-dev/RFC/req/middleware.py", line 114, in apply_async
    _result = await self._apply_async(item, result, request_lib, async_lib)
  File "/remote-home/qhgao/Workspace/Projects/RFC-crawlers/RFC-dev/RFC/req/middleware.py", line 180, in _apply_async
    return self._apply_sync(item, result, request_lib)
  File "/remote-home/qhgao/Workspace/Projects/RFC-crawlers/RFC-dev/RFC/req/middleware.py", line 168, in _apply_sync
    raise ValueError(f"unexpected status code {repr(status_code)} in response of {repr(item)}")
ValueError: unexpected status code 404 in response of AudioBookAudioPage(1202464)


2024-04-04 00:43:56,664 <requestor-worker-1:1998827, MainThread:140298684229440> (requestor.py:_fetch_single_async:216 -> requestor.py:_handle_error:99) from logger `RFC.requestor_failed`
[ERROR] failed on AudioBookAudioPage(1202465), caught error "['ValueError'] ValueError('unexpected status code 404 in response of AudioBookAudioPage(1202465)')"

2024-04-04 00:43:56,666 <requestor-worker-1:1998827, MainThread:140298684229440> (requestor.py:_fetch_single_async:216 -> requestor.py:_handle_error:100) from logger `RFC.requestor_failed`
[ERROR] Traceback (most recent call last):
  File "/remote-home/qhgao/Workspace/Projects/RFC-crawlers/RFC-dev/RFC/req/requestor.py", line 206, in _fetch_single_async
    result = await middleware.apply_async(item, result, self._session._request_lib, self._session._async_lib)
  File "/remote-home/qhgao/Workspace/Projects/RFC-crawlers/RFC-dev/RFC/req/middleware.py", line 121, in apply_async
    self._handle_error(e, item, result)
  File "/remote-home/qhgao/Workspace/Projects/RFC-crawlers/RFC-dev/RFC/req/middleware.py", line 83, in _handle_error
    raise error
  File "/remote-home/qhgao/Workspace/Projects/RFC-crawlers/RFC-dev/RFC/req/middleware.py", line 114, in apply_async
    _result = await self._apply_async(item, result, request_lib, async_lib)
  File "/remote-home/qhgao/Workspace/Projects/RFC-crawlers/RFC-dev/RFC/req/middleware.py", line 180, in _apply_async
    return self._apply_sync(item, result, request_lib)
  File "/remote-home/qhgao/Workspace/Projects/RFC-crawlers/RFC-dev/RFC/req/middleware.py", line 168, in _apply_sync
    raise ValueError(f"unexpected status code {repr(status_code)} in response of {repr(item)}")
ValueError: unexpected status code 404 in response of AudioBookAudioPage(1202465)


2024-04-04 00:43:56,863 <requestor-worker-1:1998827, MainThread:140298684229440> (requestor.py:_fetch_single_async:216 -> requestor.py:_handle_error:99) from logger `RFC.requestor_failed`
[ERROR] failed on AudioBookAudioPage(1202466), caught error "['ValueError'] ValueError('unexpected status code 404 in response of AudioBookAudioPage(1202466)')"

2024-04-04 00:43:56,865 <requestor-worker-1:1998827, MainThread:140298684229440> (requestor.py:_fetch_single_async:216 -> requestor.py:_handle_error:100) from logger `RFC.requestor_failed`
[ERROR] Traceback (most recent call last):
  File "/remote-home/qhgao/Workspace/Projects/RFC-crawlers/RFC-dev/RFC/req/requestor.py", line 206, in _fetch_single_async
    result = await middleware.apply_async(item, result, self._session._request_lib, self._session._async_lib)
  File "/remote-home/qhgao/Workspace/Projects/RFC-crawlers/RFC-dev/RFC/req/middleware.py", line 121, in apply_async
    self._handle_error(e, item, result)
  File "/remote-home/qhgao/Workspace/Projects/RFC-crawlers/RFC-dev/RFC/req/middleware.py", line 83, in _handle_error
    raise error
  File "/remote-home/qhgao/Workspace/Projects/RFC-crawlers/RFC-dev/RFC/req/middleware.py", line 114, in apply_async
    _result = await self._apply_async(item, result, request_lib, async_lib)
  File "/remote-home/qhgao/Workspace/Projects/RFC-crawlers/RFC-dev/RFC/req/middleware.py", line 180, in _apply_async
    return self._apply_sync(item, result, request_lib)
  File "/remote-home/qhgao/Workspace/Projects/RFC-crawlers/RFC-dev/RFC/req/middleware.py", line 168, in _apply_sync
    raise ValueError(f"unexpected status code {repr(status_code)} in response of {repr(item)}")
ValueError: unexpected status code 404 in response of AudioBookAudioPage(1202466)


2024-04-04 00:43:57,627 <requestor-worker-1:1998827, MainThread:140298684229440> (requestor.py:_fetch_single_async:216 -> requestor.py:_handle_error:99) from logger `RFC.requestor_failed`
[ERROR] failed on AudioBookAudioPage(1202472), caught error "['ValueError'] ValueError('unexpected status code 404 in response of AudioBookAudioPage(1202472)')"

2024-04-04 00:43:57,629 <requestor-worker-1:1998827, MainThread:140298684229440> (requestor.py:_fetch_single_async:216 -> requestor.py:_handle_error:100) from logger `RFC.requestor_failed`
[ERROR] Traceback (most recent call last):
  File "/remote-home/qhgao/Workspace/Projects/RFC-crawlers/RFC-dev/RFC/req/requestor.py", line 206, in _fetch_single_async
    result = await middleware.apply_async(item, result, self._session._request_lib, self._session._async_lib)
  File "/remote-home/qhgao/Workspace/Projects/RFC-crawlers/RFC-dev/RFC/req/middleware.py", line 121, in apply_async
    self._handle_error(e, item, result)
  File "/remote-home/qhgao/Workspace/Projects/RFC-crawlers/RFC-dev/RFC/req/middleware.py", line 83, in _handle_error
    raise error
  File "/remote-home/qhgao/Workspace/Projects/RFC-crawlers/RFC-dev/RFC/req/middleware.py", line 114, in apply_async
    _result = await self._apply_async(item, result, request_lib, async_lib)
  File "/remote-home/qhgao/Workspace/Projects/RFC-crawlers/RFC-dev/RFC/req/middleware.py", line 180, in _apply_async
    return self._apply_sync(item, result, request_lib)
  File "/remote-home/qhgao/Workspace/Projects/RFC-crawlers/RFC-dev/RFC/req/middleware.py", line 168, in _apply_sync
    raise ValueError(f"unexpected status code {repr(status_code)} in response of {repr(item)}")
ValueError: unexpected status code 404 in response of AudioBookAudioPage(1202472)


2024-04-04 00:44:02,294 <requestor-worker-1:1998827, MainThread:140298684229440> (requestor.py:_fetch_single_async:216 -> requestor.py:_handle_error:99) from logger `RFC.requestor_failed`
[ERROR] failed on AudioBookAudioPage(1202226).AudioBookAudioFile(1202226), caught error "['TimeoutError'] TimeoutError()"

2024-04-04 00:44:02,295 <requestor-worker-1:1998827, MainThread:140298684229440> (requestor.py:_fetch_single_async:216 -> requestor.py:_handle_error:100) from logger `RFC.requestor_failed`
[ERROR] Traceback (most recent call last):
  File "/remote-home/qhgao/Workspace/Projects/RFC-crawlers/RFC-dev/RFC/req/requestor.py", line 206, in _fetch_single_async
    result = await middleware.apply_async(item, result, self._session._request_lib, self._session._async_lib)
  File "/remote-home/qhgao/Workspace/Projects/RFC-crawlers/RFC-dev/RFC/req/middleware.py", line 121, in apply_async
    self._handle_error(e, item, result)
  File "/remote-home/qhgao/Workspace/Projects/RFC-crawlers/RFC-dev/RFC/req/middleware.py", line 83, in _handle_error
    raise error
  File "/remote-home/qhgao/Workspace/Projects/RFC-crawlers/RFC-dev/RFC/req/middleware.py", line 114, in apply_async
    _result = await self._apply_async(item, result, request_lib, async_lib)
  File "/remote-home/qhgao/Workspace/Projects/RFC-crawlers/RFC-dev/RFC/req/middleware.py", line 316, in _apply_async
    result.content = result.json if 'json' in result else await get_content_async(result.response, request_lib)  # type: ignore
  File "/remote-home/qhgao/Workspace/Projects/RFC-crawlers/RFC-dev/RFC/req/middleware_func.py", line 88, in get_content_async
    return await resp.read()
  File "/remote-home/qhgao/Workspace/Applications/anaconda3/envs/share_py310/lib/python3.10/site-packages/aiohttp/client_reqrep.py", line 1037, in read
    self._body = await self.content.read()
  File "/remote-home/qhgao/Workspace/Applications/anaconda3/envs/share_py310/lib/python3.10/site-packages/aiohttp/streams.py", line 375, in read
    block = await self.readany()
  File "/remote-home/qhgao/Workspace/Applications/anaconda3/envs/share_py310/lib/python3.10/site-packages/aiohttp/streams.py", line 397, in readany
    await self._wait("readany")
  File "/remote-home/qhgao/Workspace/Applications/anaconda3/envs/share_py310/lib/python3.10/site-packages/aiohttp/streams.py", line 303, in _wait
    with self._timer:
  File "/remote-home/qhgao/Workspace/Applications/anaconda3/envs/share_py310/lib/python3.10/site-packages/aiohttp/helpers.py", line 721, in __exit__
    raise asyncio.TimeoutError from None
asyncio.exceptions.TimeoutError


2024-04-04 00:44:03,294 <requestor-worker-1:1998827, MainThread:140298684229440> (requestor.py:_fetch_single_async:216 -> requestor.py:_handle_error:99) from logger `RFC.requestor_failed`
[ERROR] failed on AudioBookAudioPage(1202237).AudioBookAudioFile(1202237), caught error "['TimeoutError'] TimeoutError()"

2024-04-04 00:44:03,295 <requestor-worker-1:1998827, MainThread:140298684229440> (requestor.py:_fetch_single_async:216 -> requestor.py:_handle_error:100) from logger `RFC.requestor_failed`
[ERROR] Traceback (most recent call last):
  File "/remote-home/qhgao/Workspace/Projects/RFC-crawlers/RFC-dev/RFC/req/requestor.py", line 206, in _fetch_single_async
    result = await middleware.apply_async(item, result, self._session._request_lib, self._session._async_lib)
  File "/remote-home/qhgao/Workspace/Projects/RFC-crawlers/RFC-dev/RFC/req/middleware.py", line 121, in apply_async
    self._handle_error(e, item, result)
  File "/remote-home/qhgao/Workspace/Projects/RFC-crawlers/RFC-dev/RFC/req/middleware.py", line 83, in _handle_error
    raise error
  File "/remote-home/qhgao/Workspace/Projects/RFC-crawlers/RFC-dev/RFC/req/middleware.py", line 114, in apply_async
    _result = await self._apply_async(item, result, request_lib, async_lib)
  File "/remote-home/qhgao/Workspace/Projects/RFC-crawlers/RFC-dev/RFC/req/middleware.py", line 316, in _apply_async
    result.content = result.json if 'json' in result else await get_content_async(result.response, request_lib)  # type: ignore
  File "/remote-home/qhgao/Workspace/Projects/RFC-crawlers/RFC-dev/RFC/req/middleware_func.py", line 88, in get_content_async
    return await resp.read()
  File "/remote-home/qhgao/Workspace/Applications/anaconda3/envs/share_py310/lib/python3.10/site-packages/aiohttp/client_reqrep.py", line 1037, in read
    self._body = await self.content.read()
  File "/remote-home/qhgao/Workspace/Applications/anaconda3/envs/share_py310/lib/python3.10/site-packages/aiohttp/streams.py", line 375, in read
    block = await self.readany()
  File "/remote-home/qhgao/Workspace/Applications/anaconda3/envs/share_py310/lib/python3.10/site-packages/aiohttp/streams.py", line 397, in readany
    await self._wait("readany")
  File "/remote-home/qhgao/Workspace/Applications/anaconda3/envs/share_py310/lib/python3.10/site-packages/aiohttp/streams.py", line 303, in _wait
    with self._timer:
  File "/remote-home/qhgao/Workspace/Applications/anaconda3/envs/share_py310/lib/python3.10/site-packages/aiohttp/helpers.py", line 721, in __exit__
    raise asyncio.TimeoutError from None
asyncio.exceptions.TimeoutError


2024-04-04 00:44:07,295 <requestor-worker-1:1998827, MainThread:140298684229440> (requestor.py:_fetch_single_async:216 -> requestor.py:_handle_error:99) from logger `RFC.requestor_failed`
[ERROR] failed on AudioBookAudioPage(1202238).AudioBookAudioFile(1202238), caught error "['TimeoutError'] TimeoutError()"

2024-04-04 00:44:07,297 <requestor-worker-1:1998827, MainThread:140298684229440> (requestor.py:_fetch_single_async:216 -> requestor.py:_handle_error:100) from logger `RFC.requestor_failed`
[ERROR] Traceback (most recent call last):
  File "/remote-home/qhgao/Workspace/Projects/RFC-crawlers/RFC-dev/RFC/req/requestor.py", line 206, in _fetch_single_async
    result = await middleware.apply_async(item, result, self._session._request_lib, self._session._async_lib)
  File "/remote-home/qhgao/Workspace/Projects/RFC-crawlers/RFC-dev/RFC/req/middleware.py", line 121, in apply_async
    self._handle_error(e, item, result)
  File "/remote-home/qhgao/Workspace/Projects/RFC-crawlers/RFC-dev/RFC/req/middleware.py", line 83, in _handle_error
    raise error
  File "/remote-home/qhgao/Workspace/Projects/RFC-crawlers/RFC-dev/RFC/req/middleware.py", line 114, in apply_async
    _result = await self._apply_async(item, result, request_lib, async_lib)
  File "/remote-home/qhgao/Workspace/Projects/RFC-crawlers/RFC-dev/RFC/req/middleware.py", line 316, in _apply_async
    result.content = result.json if 'json' in result else await get_content_async(result.response, request_lib)  # type: ignore
  File "/remote-home/qhgao/Workspace/Projects/RFC-crawlers/RFC-dev/RFC/req/middleware_func.py", line 88, in get_content_async
    return await resp.read()
  File "/remote-home/qhgao/Workspace/Applications/anaconda3/envs/share_py310/lib/python3.10/site-packages/aiohttp/client_reqrep.py", line 1037, in read
    self._body = await self.content.read()
  File "/remote-home/qhgao/Workspace/Applications/anaconda3/envs/share_py310/lib/python3.10/site-packages/aiohttp/streams.py", line 375, in read
    block = await self.readany()
  File "/remote-home/qhgao/Workspace/Applications/anaconda3/envs/share_py310/lib/python3.10/site-packages/aiohttp/streams.py", line 397, in readany
    await self._wait("readany")
  File "/remote-home/qhgao/Workspace/Applications/anaconda3/envs/share_py310/lib/python3.10/site-packages/aiohttp/streams.py", line 303, in _wait
    with self._timer:
  File "/remote-home/qhgao/Workspace/Applications/anaconda3/envs/share_py310/lib/python3.10/site-packages/aiohttp/helpers.py", line 721, in __exit__
    raise asyncio.TimeoutError from None
asyncio.exceptions.TimeoutError


2024-04-04 00:44:07,302 <requestor-worker-1:1998827, MainThread:140298684229440> (requestor.py:_fetch_single_async:216 -> requestor.py:_handle_error:99) from logger `RFC.requestor_failed`
[ERROR] failed on AudioBookAudioPage(1202242).AudioBookAudioFile(1202242), caught error "['TimeoutError'] TimeoutError()"

2024-04-04 00:44:07,303 <requestor-worker-1:1998827, MainThread:140298684229440> (requestor.py:_fetch_single_async:216 -> requestor.py:_handle_error:100) from logger `RFC.requestor_failed`
[ERROR] Traceback (most recent call last):
  File "/remote-home/qhgao/Workspace/Projects/RFC-crawlers/RFC-dev/RFC/req/requestor.py", line 206, in _fetch_single_async
    result = await middleware.apply_async(item, result, self._session._request_lib, self._session._async_lib)
  File "/remote-home/qhgao/Workspace/Projects/RFC-crawlers/RFC-dev/RFC/req/middleware.py", line 121, in apply_async
    self._handle_error(e, item, result)
  File "/remote-home/qhgao/Workspace/Projects/RFC-crawlers/RFC-dev/RFC/req/middleware.py", line 83, in _handle_error
    raise error
  File "/remote-home/qhgao/Workspace/Projects/RFC-crawlers/RFC-dev/RFC/req/middleware.py", line 114, in apply_async
    _result = await self._apply_async(item, result, request_lib, async_lib)
  File "/remote-home/qhgao/Workspace/Projects/RFC-crawlers/RFC-dev/RFC/req/middleware.py", line 316, in _apply_async
    result.content = result.json if 'json' in result else await get_content_async(result.response, request_lib)  # type: ignore
  File "/remote-home/qhgao/Workspace/Projects/RFC-crawlers/RFC-dev/RFC/req/middleware_func.py", line 88, in get_content_async
    return await resp.read()
  File "/remote-home/qhgao/Workspace/Applications/anaconda3/envs/share_py310/lib/python3.10/site-packages/aiohttp/client_reqrep.py", line 1037, in read
    self._body = await self.content.read()
  File "/remote-home/qhgao/Workspace/Applications/anaconda3/envs/share_py310/lib/python3.10/site-packages/aiohttp/streams.py", line 375, in read
    block = await self.readany()
  File "/remote-home/qhgao/Workspace/Applications/anaconda3/envs/share_py310/lib/python3.10/site-packages/aiohttp/streams.py", line 397, in readany
    await self._wait("readany")
  File "/remote-home/qhgao/Workspace/Applications/anaconda3/envs/share_py310/lib/python3.10/site-packages/aiohttp/streams.py", line 303, in _wait
    with self._timer:
  File "/remote-home/qhgao/Workspace/Applications/anaconda3/envs/share_py310/lib/python3.10/site-packages/aiohttp/helpers.py", line 721, in __exit__
    raise asyncio.TimeoutError from None
asyncio.exceptions.TimeoutError


2024-04-04 00:44:11,158 <requestor-worker-1:1998827, MainThread:140298684229440> (requestor.py:_fetch_single_async:216 -> requestor.py:_handle_error:99) from logger `RFC.requestor_failed`
[ERROR] failed on AudioBookAudioPage(1202484), caught error "['ValueError'] ValueError('unexpected status code 404 in response of AudioBookAudioPage(1202484)')"

2024-04-04 00:44:11,161 <requestor-worker-1:1998827, MainThread:140298684229440> (requestor.py:_fetch_single_async:216 -> requestor.py:_handle_error:100) from logger `RFC.requestor_failed`
[ERROR] Traceback (most recent call last):
  File "/remote-home/qhgao/Workspace/Projects/RFC-crawlers/RFC-dev/RFC/req/requestor.py", line 206, in _fetch_single_async
    result = await middleware.apply_async(item, result, self._session._request_lib, self._session._async_lib)
  File "/remote-home/qhgao/Workspace/Projects/RFC-crawlers/RFC-dev/RFC/req/middleware.py", line 121, in apply_async
    self._handle_error(e, item, result)
  File "/remote-home/qhgao/Workspace/Projects/RFC-crawlers/RFC-dev/RFC/req/middleware.py", line 83, in _handle_error
    raise error
  File "/remote-home/qhgao/Workspace/Projects/RFC-crawlers/RFC-dev/RFC/req/middleware.py", line 114, in apply_async
    _result = await self._apply_async(item, result, request_lib, async_lib)
  File "/remote-home/qhgao/Workspace/Projects/RFC-crawlers/RFC-dev/RFC/req/middleware.py", line 180, in _apply_async
    return self._apply_sync(item, result, request_lib)
  File "/remote-home/qhgao/Workspace/Projects/RFC-crawlers/RFC-dev/RFC/req/middleware.py", line 168, in _apply_sync
    raise ValueError(f"unexpected status code {repr(status_code)} in response of {repr(item)}")
ValueError: unexpected status code 404 in response of AudioBookAudioPage(1202484)


2024-04-04 00:44:19,411 <requestor-worker-1:1998827, MainThread:140298684229440> (requestor.py:_fetch_single_async:216 -> requestor.py:_handle_error:99) from logger `RFC.requestor_failed`
[ERROR] failed on AudioBookAudioPage(1202492), caught error "['ValueError'] ValueError('unexpected status code 404 in response of AudioBookAudioPage(1202492)')"

2024-04-04 00:44:19,414 <requestor-worker-1:1998827, MainThread:140298684229440> (requestor.py:_fetch_single_async:216 -> requestor.py:_handle_error:100) from logger `RFC.requestor_failed`
[ERROR] Traceback (most recent call last):
  File "/remote-home/qhgao/Workspace/Projects/RFC-crawlers/RFC-dev/RFC/req/requestor.py", line 206, in _fetch_single_async
    result = await middleware.apply_async(item, result, self._session._request_lib, self._session._async_lib)
  File "/remote-home/qhgao/Workspace/Projects/RFC-crawlers/RFC-dev/RFC/req/middleware.py", line 121, in apply_async
    self._handle_error(e, item, result)
  File "/remote-home/qhgao/Workspace/Projects/RFC-crawlers/RFC-dev/RFC/req/middleware.py", line 83, in _handle_error
    raise error
  File "/remote-home/qhgao/Workspace/Projects/RFC-crawlers/RFC-dev/RFC/req/middleware.py", line 114, in apply_async
    _result = await self._apply_async(item, result, request_lib, async_lib)
  File "/remote-home/qhgao/Workspace/Projects/RFC-crawlers/RFC-dev/RFC/req/middleware.py", line 180, in _apply_async
    return self._apply_sync(item, result, request_lib)
  File "/remote-home/qhgao/Workspace/Projects/RFC-crawlers/RFC-dev/RFC/req/middleware.py", line 168, in _apply_sync
    raise ValueError(f"unexpected status code {repr(status_code)} in response of {repr(item)}")
ValueError: unexpected status code 404 in response of AudioBookAudioPage(1202492)


2024-04-04 00:44:21,243 <requestor-worker-1:1998827, MainThread:140298684229440> (requestor.py:_fetch_single_async:216 -> requestor.py:_handle_error:99) from logger `RFC.requestor_failed`
[ERROR] failed on AudioBookAudioPage(1202497), caught error "['ValueError'] ValueError('unexpected status code 404 in response of AudioBookAudioPage(1202497)')"

2024-04-04 00:44:21,244 <requestor-worker-1:1998827, MainThread:140298684229440> (requestor.py:_fetch_single_async:216 -> requestor.py:_handle_error:100) from logger `RFC.requestor_failed`
[ERROR] Traceback (most recent call last):
  File "/remote-home/qhgao/Workspace/Projects/RFC-crawlers/RFC-dev/RFC/req/requestor.py", line 206, in _fetch_single_async
    result = await middleware.apply_async(item, result, self._session._request_lib, self._session._async_lib)
  File "/remote-home/qhgao/Workspace/Projects/RFC-crawlers/RFC-dev/RFC/req/middleware.py", line 121, in apply_async
    self._handle_error(e, item, result)
  File "/remote-home/qhgao/Workspace/Projects/RFC-crawlers/RFC-dev/RFC/req/middleware.py", line 83, in _handle_error
    raise error
  File "/remote-home/qhgao/Workspace/Projects/RFC-crawlers/RFC-dev/RFC/req/middleware.py", line 114, in apply_async
    _result = await self._apply_async(item, result, request_lib, async_lib)
  File "/remote-home/qhgao/Workspace/Projects/RFC-crawlers/RFC-dev/RFC/req/middleware.py", line 180, in _apply_async
    return self._apply_sync(item, result, request_lib)
  File "/remote-home/qhgao/Workspace/Projects/RFC-crawlers/RFC-dev/RFC/req/middleware.py", line 168, in _apply_sync
    raise ValueError(f"unexpected status code {repr(status_code)} in response of {repr(item)}")
ValueError: unexpected status code 404 in response of AudioBookAudioPage(1202497)


2024-04-04 00:44:22,487 <requestor-worker-1:1998827, MainThread:140298684229440> (requestor.py:_fetch_single_async:216 -> requestor.py:_handle_error:99) from logger `RFC.requestor_failed`
[ERROR] failed on AudioBookAudioPage(1202500), caught error "['ValueError'] ValueError('unexpected status code 404 in response of AudioBookAudioPage(1202500)')"

2024-04-04 00:44:22,490 <requestor-worker-1:1998827, MainThread:140298684229440> (requestor.py:_fetch_single_async:216 -> requestor.py:_handle_error:100) from logger `RFC.requestor_failed`
[ERROR] Traceback (most recent call last):
  File "/remote-home/qhgao/Workspace/Projects/RFC-crawlers/RFC-dev/RFC/req/requestor.py", line 206, in _fetch_single_async
    result = await middleware.apply_async(item, result, self._session._request_lib, self._session._async_lib)
  File "/remote-home/qhgao/Workspace/Projects/RFC-crawlers/RFC-dev/RFC/req/middleware.py", line 121, in apply_async
    self._handle_error(e, item, result)
  File "/remote-home/qhgao/Workspace/Projects/RFC-crawlers/RFC-dev/RFC/req/middleware.py", line 83, in _handle_error
    raise error
  File "/remote-home/qhgao/Workspace/Projects/RFC-crawlers/RFC-dev/RFC/req/middleware.py", line 114, in apply_async
    _result = await self._apply_async(item, result, request_lib, async_lib)
  File "/remote-home/qhgao/Workspace/Projects/RFC-crawlers/RFC-dev/RFC/req/middleware.py", line 180, in _apply_async
    return self._apply_sync(item, result, request_lib)
  File "/remote-home/qhgao/Workspace/Projects/RFC-crawlers/RFC-dev/RFC/req/middleware.py", line 168, in _apply_sync
    raise ValueError(f"unexpected status code {repr(status_code)} in response of {repr(item)}")
ValueError: unexpected status code 404 in response of AudioBookAudioPage(1202500)


2024-04-04 00:44:24,615 <requestor-worker-1:1998827, MainThread:140298684229440> (requestor.py:_fetch_single_async:216 -> requestor.py:_handle_error:99) from logger `RFC.requestor_failed`
[ERROR] failed on AudioBookAudioPage(1202504), caught error "['ValueError'] ValueError('unexpected status code 404 in response of AudioBookAudioPage(1202504)')"

2024-04-04 00:44:24,618 <requestor-worker-1:1998827, MainThread:140298684229440> (requestor.py:_fetch_single_async:216 -> requestor.py:_handle_error:100) from logger `RFC.requestor_failed`
[ERROR] Traceback (most recent call last):
  File "/remote-home/qhgao/Workspace/Projects/RFC-crawlers/RFC-dev/RFC/req/requestor.py", line 206, in _fetch_single_async
    result = await middleware.apply_async(item, result, self._session._request_lib, self._session._async_lib)
  File "/remote-home/qhgao/Workspace/Projects/RFC-crawlers/RFC-dev/RFC/req/middleware.py", line 121, in apply_async
    self._handle_error(e, item, result)
  File "/remote-home/qhgao/Workspace/Projects/RFC-crawlers/RFC-dev/RFC/req/middleware.py", line 83, in _handle_error
    raise error
  File "/remote-home/qhgao/Workspace/Projects/RFC-crawlers/RFC-dev/RFC/req/middleware.py", line 114, in apply_async
    _result = await self._apply_async(item, result, request_lib, async_lib)
  File "/remote-home/qhgao/Workspace/Projects/RFC-crawlers/RFC-dev/RFC/req/middleware.py", line 180, in _apply_async
    return self._apply_sync(item, result, request_lib)
  File "/remote-home/qhgao/Workspace/Projects/RFC-crawlers/RFC-dev/RFC/req/middleware.py", line 168, in _apply_sync
    raise ValueError(f"unexpected status code {repr(status_code)} in response of {repr(item)}")
ValueError: unexpected status code 404 in response of AudioBookAudioPage(1202504)


2024-04-04 00:44:46,308 <requestor-worker-1:1998827, MainThread:140298684229440> (requestor.py:_fetch_single_async:216 -> requestor.py:_handle_error:99) from logger `RFC.requestor_failed`
[ERROR] failed on AudioBookAudioPage(1202508), caught error "['TimeoutError'] TimeoutError()"

2024-04-04 00:44:46,311 <requestor-worker-1:1998827, MainThread:140298684229440> (requestor.py:_fetch_single_async:216 -> requestor.py:_handle_error:100) from logger `RFC.requestor_failed`
[ERROR] Traceback (most recent call last):
  File "/remote-home/qhgao/Workspace/Projects/RFC-crawlers/RFC-dev/RFC/req/requestor.py", line 206, in _fetch_single_async
    result = await middleware.apply_async(item, result, self._session._request_lib, self._session._async_lib)
  File "/remote-home/qhgao/Workspace/Projects/RFC-crawlers/RFC-dev/RFC/req/middleware.py", line 121, in apply_async
    self._handle_error(e, item, result)
  File "/remote-home/qhgao/Workspace/Projects/RFC-crawlers/RFC-dev/RFC/req/middleware.py", line 83, in _handle_error
    raise error
  File "/remote-home/qhgao/Workspace/Projects/RFC-crawlers/RFC-dev/RFC/req/middleware.py", line 114, in apply_async
    _result = await self._apply_async(item, result, request_lib, async_lib)
  File "/remote-home/qhgao/Workspace/Projects/RFC-crawlers/RFC-dev/RFC/req/middleware.py", line 316, in _apply_async
    result.content = result.json if 'json' in result else await get_content_async(result.response, request_lib)  # type: ignore
  File "/remote-home/qhgao/Workspace/Projects/RFC-crawlers/RFC-dev/RFC/req/middleware_func.py", line 88, in get_content_async
    return await resp.read()
  File "/remote-home/qhgao/Workspace/Applications/anaconda3/envs/share_py310/lib/python3.10/site-packages/aiohttp/client_reqrep.py", line 1037, in read
    self._body = await self.content.read()
  File "/remote-home/qhgao/Workspace/Applications/anaconda3/envs/share_py310/lib/python3.10/site-packages/aiohttp/streams.py", line 375, in read
    block = await self.readany()
  File "/remote-home/qhgao/Workspace/Applications/anaconda3/envs/share_py310/lib/python3.10/site-packages/aiohttp/streams.py", line 397, in readany
    await self._wait("readany")
  File "/remote-home/qhgao/Workspace/Applications/anaconda3/envs/share_py310/lib/python3.10/site-packages/aiohttp/streams.py", line 303, in _wait
    with self._timer:
  File "/remote-home/qhgao/Workspace/Applications/anaconda3/envs/share_py310/lib/python3.10/site-packages/aiohttp/helpers.py", line 721, in __exit__
    raise asyncio.TimeoutError from None
asyncio.exceptions.TimeoutError


2024-04-04 00:44:48,308 <requestor-worker-1:1998827, MainThread:140298684229440> (requestor.py:_fetch_single_async:216 -> requestor.py:_handle_error:99) from logger `RFC.requestor_failed`
[ERROR] failed on AudioBookAudioPage(1202511), caught error "['TimeoutError'] TimeoutError()"

2024-04-04 00:44:48,311 <requestor-worker-1:1998827, MainThread:140298684229440> (requestor.py:_fetch_single_async:216 -> requestor.py:_handle_error:100) from logger `RFC.requestor_failed`
[ERROR] Traceback (most recent call last):
  File "/remote-home/qhgao/Workspace/Projects/RFC-crawlers/RFC-dev/RFC/req/requestor.py", line 199, in _fetch_single_async
    resp = await self._session.request(item)
  File "/remote-home/qhgao/Workspace/Projects/RFC-crawlers/RFC-dev/RFC/req/session.py", line 320, in request
    return await self._session.request(**request_args)
  File "/remote-home/qhgao/Workspace/Applications/anaconda3/envs/share_py310/lib/python3.10/site-packages/aiohttp/client.py", line 560, in _request
    await resp.start(conn)
  File "/remote-home/qhgao/Workspace/Applications/anaconda3/envs/share_py310/lib/python3.10/site-packages/aiohttp/client_reqrep.py", line 894, in start
    with self._timer:
  File "/remote-home/qhgao/Workspace/Applications/anaconda3/envs/share_py310/lib/python3.10/site-packages/aiohttp/helpers.py", line 721, in __exit__
    raise asyncio.TimeoutError from None
asyncio.exceptions.TimeoutError


2024-04-04 00:45:35,255 <requestor-worker-1:1998827, MainThread:140298684229440> (requestor.py:_fetch_single_async:216 -> requestor.py:_handle_error:99) from logger `RFC.requestor_failed`
[ERROR] failed on AudioBookAudioPage(1202593), caught error "['ValueError'] ValueError('unexpected status code 404 in response of AudioBookAudioPage(1202593)')"

2024-04-04 00:45:35,257 <requestor-worker-1:1998827, MainThread:140298684229440> (requestor.py:_fetch_single_async:216 -> requestor.py:_handle_error:100) from logger `RFC.requestor_failed`
[ERROR] Traceback (most recent call last):
  File "/remote-home/qhgao/Workspace/Projects/RFC-crawlers/RFC-dev/RFC/req/requestor.py", line 206, in _fetch_single_async
    result = await middleware.apply_async(item, result, self._session._request_lib, self._session._async_lib)
  File "/remote-home/qhgao/Workspace/Projects/RFC-crawlers/RFC-dev/RFC/req/middleware.py", line 121, in apply_async
    self._handle_error(e, item, result)
  File "/remote-home/qhgao/Workspace/Projects/RFC-crawlers/RFC-dev/RFC/req/middleware.py", line 83, in _handle_error
    raise error
  File "/remote-home/qhgao/Workspace/Projects/RFC-crawlers/RFC-dev/RFC/req/middleware.py", line 114, in apply_async
    _result = await self._apply_async(item, result, request_lib, async_lib)
  File "/remote-home/qhgao/Workspace/Projects/RFC-crawlers/RFC-dev/RFC/req/middleware.py", line 180, in _apply_async
    return self._apply_sync(item, result, request_lib)
  File "/remote-home/qhgao/Workspace/Projects/RFC-crawlers/RFC-dev/RFC/req/middleware.py", line 168, in _apply_sync
    raise ValueError(f"unexpected status code {repr(status_code)} in response of {repr(item)}")
ValueError: unexpected status code 404 in response of AudioBookAudioPage(1202593)


2024-04-04 00:45:47,433 <requestor-worker-1:1998827, MainThread:140298684229440> (requestor.py:_fetch_single_async:216 -> requestor.py:_handle_error:99) from logger `RFC.requestor_failed`
[ERROR] failed on AudioBookAudioPage(1202616), caught error "['ValueError'] ValueError('unexpected status code 404 in response of AudioBookAudioPage(1202616)')"

2024-04-04 00:45:47,436 <requestor-worker-1:1998827, MainThread:140298684229440> (requestor.py:_fetch_single_async:216 -> requestor.py:_handle_error:100) from logger `RFC.requestor_failed`
[ERROR] Traceback (most recent call last):
  File "/remote-home/qhgao/Workspace/Projects/RFC-crawlers/RFC-dev/RFC/req/requestor.py", line 206, in _fetch_single_async
    result = await middleware.apply_async(item, result, self._session._request_lib, self._session._async_lib)
  File "/remote-home/qhgao/Workspace/Projects/RFC-crawlers/RFC-dev/RFC/req/middleware.py", line 121, in apply_async
    self._handle_error(e, item, result)
  File "/remote-home/qhgao/Workspace/Projects/RFC-crawlers/RFC-dev/RFC/req/middleware.py", line 83, in _handle_error
    raise error
  File "/remote-home/qhgao/Workspace/Projects/RFC-crawlers/RFC-dev/RFC/req/middleware.py", line 114, in apply_async
    _result = await self._apply_async(item, result, request_lib, async_lib)
  File "/remote-home/qhgao/Workspace/Projects/RFC-crawlers/RFC-dev/RFC/req/middleware.py", line 180, in _apply_async
    return self._apply_sync(item, result, request_lib)
  File "/remote-home/qhgao/Workspace/Projects/RFC-crawlers/RFC-dev/RFC/req/middleware.py", line 168, in _apply_sync
    raise ValueError(f"unexpected status code {repr(status_code)} in response of {repr(item)}")
ValueError: unexpected status code 404 in response of AudioBookAudioPage(1202616)


2024-04-04 00:45:48,606 <requestor-worker-1:1998827, MainThread:140298684229440> (requestor.py:_fetch_single_async:216 -> requestor.py:_handle_error:99) from logger `RFC.requestor_failed`
[ERROR] failed on AudioBookAudioPage(1202618), caught error "['ValueError'] ValueError('unexpected status code 404 in response of AudioBookAudioPage(1202618)')"

2024-04-04 00:45:48,608 <requestor-worker-1:1998827, MainThread:140298684229440> (requestor.py:_fetch_single_async:216 -> requestor.py:_handle_error:100) from logger `RFC.requestor_failed`
[ERROR] Traceback (most recent call last):
  File "/remote-home/qhgao/Workspace/Projects/RFC-crawlers/RFC-dev/RFC/req/requestor.py", line 206, in _fetch_single_async
    result = await middleware.apply_async(item, result, self._session._request_lib, self._session._async_lib)
  File "/remote-home/qhgao/Workspace/Projects/RFC-crawlers/RFC-dev/RFC/req/middleware.py", line 121, in apply_async
    self._handle_error(e, item, result)
  File "/remote-home/qhgao/Workspace/Projects/RFC-crawlers/RFC-dev/RFC/req/middleware.py", line 83, in _handle_error
    raise error
  File "/remote-home/qhgao/Workspace/Projects/RFC-crawlers/RFC-dev/RFC/req/middleware.py", line 114, in apply_async
    _result = await self._apply_async(item, result, request_lib, async_lib)
  File "/remote-home/qhgao/Workspace/Projects/RFC-crawlers/RFC-dev/RFC/req/middleware.py", line 180, in _apply_async
    return self._apply_sync(item, result, request_lib)
  File "/remote-home/qhgao/Workspace/Projects/RFC-crawlers/RFC-dev/RFC/req/middleware.py", line 168, in _apply_sync
    raise ValueError(f"unexpected status code {repr(status_code)} in response of {repr(item)}")
ValueError: unexpected status code 404 in response of AudioBookAudioPage(1202618)


2024-04-04 00:46:00,300 <requestor-worker-1:1998827, MainThread:140298684229440> (requestor.py:_fetch_single_async:216 -> requestor.py:_handle_error:99) from logger `RFC.requestor_failed`
[ERROR] failed on AudioBookAudioPage(1202350).AudioBookAudioFile(1202350), caught error "['TimeoutError'] TimeoutError()"

2024-04-04 00:46:00,303 <requestor-worker-1:1998827, MainThread:140298684229440> (requestor.py:_fetch_single_async:216 -> requestor.py:_handle_error:100) from logger `RFC.requestor_failed`
[ERROR] Traceback (most recent call last):
  File "/remote-home/qhgao/Workspace/Projects/RFC-crawlers/RFC-dev/RFC/req/requestor.py", line 206, in _fetch_single_async
    result = await middleware.apply_async(item, result, self._session._request_lib, self._session._async_lib)
  File "/remote-home/qhgao/Workspace/Projects/RFC-crawlers/RFC-dev/RFC/req/middleware.py", line 121, in apply_async
    self._handle_error(e, item, result)
  File "/remote-home/qhgao/Workspace/Projects/RFC-crawlers/RFC-dev/RFC/req/middleware.py", line 83, in _handle_error
    raise error
  File "/remote-home/qhgao/Workspace/Projects/RFC-crawlers/RFC-dev/RFC/req/middleware.py", line 114, in apply_async
    _result = await self._apply_async(item, result, request_lib, async_lib)
  File "/remote-home/qhgao/Workspace/Projects/RFC-crawlers/RFC-dev/RFC/req/middleware.py", line 316, in _apply_async
    result.content = result.json if 'json' in result else await get_content_async(result.response, request_lib)  # type: ignore
  File "/remote-home/qhgao/Workspace/Projects/RFC-crawlers/RFC-dev/RFC/req/middleware_func.py", line 88, in get_content_async
    return await resp.read()
  File "/remote-home/qhgao/Workspace/Applications/anaconda3/envs/share_py310/lib/python3.10/site-packages/aiohttp/client_reqrep.py", line 1037, in read
    self._body = await self.content.read()
  File "/remote-home/qhgao/Workspace/Applications/anaconda3/envs/share_py310/lib/python3.10/site-packages/aiohttp/streams.py", line 375, in read
    block = await self.readany()
  File "/remote-home/qhgao/Workspace/Applications/anaconda3/envs/share_py310/lib/python3.10/site-packages/aiohttp/streams.py", line 397, in readany
    await self._wait("readany")
  File "/remote-home/qhgao/Workspace/Applications/anaconda3/envs/share_py310/lib/python3.10/site-packages/aiohttp/streams.py", line 303, in _wait
    with self._timer:
  File "/remote-home/qhgao/Workspace/Applications/anaconda3/envs/share_py310/lib/python3.10/site-packages/aiohttp/helpers.py", line 721, in __exit__
    raise asyncio.TimeoutError from None
asyncio.exceptions.TimeoutError


2024-04-04 00:46:16,301 <requestor-worker-1:1998827, MainThread:140298684229440> (requestor.py:_fetch_single_async:216 -> requestor.py:_handle_error:99) from logger `RFC.requestor_failed`
[ERROR] failed on AudioBookAudioPage(1202363).AudioBookAudioFile(1202363), caught error "['TimeoutError'] TimeoutError()"

2024-04-04 00:46:16,303 <requestor-worker-1:1998827, MainThread:140298684229440> (requestor.py:_fetch_single_async:216 -> requestor.py:_handle_error:100) from logger `RFC.requestor_failed`
[ERROR] Traceback (most recent call last):
  File "/remote-home/qhgao/Workspace/Projects/RFC-crawlers/RFC-dev/RFC/req/requestor.py", line 206, in _fetch_single_async
    result = await middleware.apply_async(item, result, self._session._request_lib, self._session._async_lib)
  File "/remote-home/qhgao/Workspace/Projects/RFC-crawlers/RFC-dev/RFC/req/middleware.py", line 121, in apply_async
    self._handle_error(e, item, result)
  File "/remote-home/qhgao/Workspace/Projects/RFC-crawlers/RFC-dev/RFC/req/middleware.py", line 83, in _handle_error
    raise error
  File "/remote-home/qhgao/Workspace/Projects/RFC-crawlers/RFC-dev/RFC/req/middleware.py", line 114, in apply_async
    _result = await self._apply_async(item, result, request_lib, async_lib)
  File "/remote-home/qhgao/Workspace/Projects/RFC-crawlers/RFC-dev/RFC/req/middleware.py", line 316, in _apply_async
    result.content = result.json if 'json' in result else await get_content_async(result.response, request_lib)  # type: ignore
  File "/remote-home/qhgao/Workspace/Projects/RFC-crawlers/RFC-dev/RFC/req/middleware_func.py", line 88, in get_content_async
    return await resp.read()
  File "/remote-home/qhgao/Workspace/Applications/anaconda3/envs/share_py310/lib/python3.10/site-packages/aiohttp/client_reqrep.py", line 1037, in read
    self._body = await self.content.read()
  File "/remote-home/qhgao/Workspace/Applications/anaconda3/envs/share_py310/lib/python3.10/site-packages/aiohttp/streams.py", line 375, in read
    block = await self.readany()
  File "/remote-home/qhgao/Workspace/Applications/anaconda3/envs/share_py310/lib/python3.10/site-packages/aiohttp/streams.py", line 397, in readany
    await self._wait("readany")
  File "/remote-home/qhgao/Workspace/Applications/anaconda3/envs/share_py310/lib/python3.10/site-packages/aiohttp/streams.py", line 303, in _wait
    with self._timer:
  File "/remote-home/qhgao/Workspace/Applications/anaconda3/envs/share_py310/lib/python3.10/site-packages/aiohttp/helpers.py", line 721, in __exit__
    raise asyncio.TimeoutError from None
asyncio.exceptions.TimeoutError


2024-04-04 00:46:17,873 <requestor-worker-1:1998827, MainThread:140298684229440> (requestor.py:_fetch_single_async:216 -> requestor.py:_handle_error:99) from logger `RFC.requestor_failed`
[ERROR] failed on AudioBookAudioPage(1202684), caught error "['ValueError'] ValueError('unexpected status code 404 in response of AudioBookAudioPage(1202684)')"

2024-04-04 00:46:17,874 <requestor-worker-1:1998827, MainThread:140298684229440> (requestor.py:_fetch_single_async:216 -> requestor.py:_handle_error:100) from logger `RFC.requestor_failed`
[ERROR] Traceback (most recent call last):
  File "/remote-home/qhgao/Workspace/Projects/RFC-crawlers/RFC-dev/RFC/req/requestor.py", line 206, in _fetch_single_async
    result = await middleware.apply_async(item, result, self._session._request_lib, self._session._async_lib)
  File "/remote-home/qhgao/Workspace/Projects/RFC-crawlers/RFC-dev/RFC/req/middleware.py", line 121, in apply_async
    self._handle_error(e, item, result)
  File "/remote-home/qhgao/Workspace/Projects/RFC-crawlers/RFC-dev/RFC/req/middleware.py", line 83, in _handle_error
    raise error
  File "/remote-home/qhgao/Workspace/Projects/RFC-crawlers/RFC-dev/RFC/req/middleware.py", line 114, in apply_async
    _result = await self._apply_async(item, result, request_lib, async_lib)
  File "/remote-home/qhgao/Workspace/Projects/RFC-crawlers/RFC-dev/RFC/req/middleware.py", line 180, in _apply_async
    return self._apply_sync(item, result, request_lib)
  File "/remote-home/qhgao/Workspace/Projects/RFC-crawlers/RFC-dev/RFC/req/middleware.py", line 168, in _apply_sync
    raise ValueError(f"unexpected status code {repr(status_code)} in response of {repr(item)}")
ValueError: unexpected status code 404 in response of AudioBookAudioPage(1202684)


2024-04-04 00:46:19,487 <requestor-worker-1:1998827, MainThread:140298684229440> (requestor.py:_fetch_single_async:216 -> requestor.py:_handle_error:99) from logger `RFC.requestor_failed`
[ERROR] failed on AudioBookAudioPage(1202688), caught error "['ValueError'] ValueError('unexpected status code 404 in response of AudioBookAudioPage(1202688)')"

2024-04-04 00:46:19,488 <requestor-worker-1:1998827, MainThread:140298684229440> (requestor.py:_fetch_single_async:216 -> requestor.py:_handle_error:100) from logger `RFC.requestor_failed`
[ERROR] Traceback (most recent call last):
  File "/remote-home/qhgao/Workspace/Projects/RFC-crawlers/RFC-dev/RFC/req/requestor.py", line 206, in _fetch_single_async
    result = await middleware.apply_async(item, result, self._session._request_lib, self._session._async_lib)
  File "/remote-home/qhgao/Workspace/Projects/RFC-crawlers/RFC-dev/RFC/req/middleware.py", line 121, in apply_async
    self._handle_error(e, item, result)
  File "/remote-home/qhgao/Workspace/Projects/RFC-crawlers/RFC-dev/RFC/req/middleware.py", line 83, in _handle_error
    raise error
  File "/remote-home/qhgao/Workspace/Projects/RFC-crawlers/RFC-dev/RFC/req/middleware.py", line 114, in apply_async
    _result = await self._apply_async(item, result, request_lib, async_lib)
  File "/remote-home/qhgao/Workspace/Projects/RFC-crawlers/RFC-dev/RFC/req/middleware.py", line 180, in _apply_async
    return self._apply_sync(item, result, request_lib)
  File "/remote-home/qhgao/Workspace/Projects/RFC-crawlers/RFC-dev/RFC/req/middleware.py", line 168, in _apply_sync
    raise ValueError(f"unexpected status code {repr(status_code)} in response of {repr(item)}")
ValueError: unexpected status code 404 in response of AudioBookAudioPage(1202688)


2024-04-04 00:46:20,294 <requestor-worker-1:1998827, MainThread:140298684229440> (requestor.py:_fetch_single_async:216 -> requestor.py:_handle_error:99) from logger `RFC.requestor_failed`
[ERROR] failed on AudioBookAudioPage(1202365).AudioBookAudioFile(1202365), caught error "['TimeoutError'] TimeoutError()"

2024-04-04 00:46:20,296 <requestor-worker-1:1998827, MainThread:140298684229440> (requestor.py:_fetch_single_async:216 -> requestor.py:_handle_error:100) from logger `RFC.requestor_failed`
[ERROR] Traceback (most recent call last):
  File "/remote-home/qhgao/Workspace/Projects/RFC-crawlers/RFC-dev/RFC/req/requestor.py", line 206, in _fetch_single_async
    result = await middleware.apply_async(item, result, self._session._request_lib, self._session._async_lib)
  File "/remote-home/qhgao/Workspace/Projects/RFC-crawlers/RFC-dev/RFC/req/middleware.py", line 121, in apply_async
    self._handle_error(e, item, result)
  File "/remote-home/qhgao/Workspace/Projects/RFC-crawlers/RFC-dev/RFC/req/middleware.py", line 83, in _handle_error
    raise error
  File "/remote-home/qhgao/Workspace/Projects/RFC-crawlers/RFC-dev/RFC/req/middleware.py", line 114, in apply_async
    _result = await self._apply_async(item, result, request_lib, async_lib)
  File "/remote-home/qhgao/Workspace/Projects/RFC-crawlers/RFC-dev/RFC/req/middleware.py", line 316, in _apply_async
    result.content = result.json if 'json' in result else await get_content_async(result.response, request_lib)  # type: ignore
  File "/remote-home/qhgao/Workspace/Projects/RFC-crawlers/RFC-dev/RFC/req/middleware_func.py", line 88, in get_content_async
    return await resp.read()
  File "/remote-home/qhgao/Workspace/Applications/anaconda3/envs/share_py310/lib/python3.10/site-packages/aiohttp/client_reqrep.py", line 1037, in read
    self._body = await self.content.read()
  File "/remote-home/qhgao/Workspace/Applications/anaconda3/envs/share_py310/lib/python3.10/site-packages/aiohttp/streams.py", line 375, in read
    block = await self.readany()
  File "/remote-home/qhgao/Workspace/Applications/anaconda3/envs/share_py310/lib/python3.10/site-packages/aiohttp/streams.py", line 397, in readany
    await self._wait("readany")
  File "/remote-home/qhgao/Workspace/Applications/anaconda3/envs/share_py310/lib/python3.10/site-packages/aiohttp/streams.py", line 303, in _wait
    with self._timer:
  File "/remote-home/qhgao/Workspace/Applications/anaconda3/envs/share_py310/lib/python3.10/site-packages/aiohttp/helpers.py", line 721, in __exit__
    raise asyncio.TimeoutError from None
asyncio.exceptions.TimeoutError


2024-04-04 00:46:31,378 <requestor-worker-1:1998827, MainThread:140298684229440> (requestor.py:_fetch_single_async:216 -> requestor.py:_handle_error:99) from logger `RFC.requestor_failed`
[ERROR] failed on AudioBookAudioPage(1202705), caught error "['ValueError'] ValueError('unexpected status code 404 in response of AudioBookAudioPage(1202705)')"

2024-04-04 00:46:31,380 <requestor-worker-1:1998827, MainThread:140298684229440> (requestor.py:_fetch_single_async:216 -> requestor.py:_handle_error:100) from logger `RFC.requestor_failed`
[ERROR] Traceback (most recent call last):
  File "/remote-home/qhgao/Workspace/Projects/RFC-crawlers/RFC-dev/RFC/req/requestor.py", line 206, in _fetch_single_async
    result = await middleware.apply_async(item, result, self._session._request_lib, self._session._async_lib)
  File "/remote-home/qhgao/Workspace/Projects/RFC-crawlers/RFC-dev/RFC/req/middleware.py", line 121, in apply_async
    self._handle_error(e, item, result)
  File "/remote-home/qhgao/Workspace/Projects/RFC-crawlers/RFC-dev/RFC/req/middleware.py", line 83, in _handle_error
    raise error
  File "/remote-home/qhgao/Workspace/Projects/RFC-crawlers/RFC-dev/RFC/req/middleware.py", line 114, in apply_async
    _result = await self._apply_async(item, result, request_lib, async_lib)
  File "/remote-home/qhgao/Workspace/Projects/RFC-crawlers/RFC-dev/RFC/req/middleware.py", line 180, in _apply_async
    return self._apply_sync(item, result, request_lib)
  File "/remote-home/qhgao/Workspace/Projects/RFC-crawlers/RFC-dev/RFC/req/middleware.py", line 168, in _apply_sync
    raise ValueError(f"unexpected status code {repr(status_code)} in response of {repr(item)}")
ValueError: unexpected status code 404 in response of AudioBookAudioPage(1202705)


2024-04-04 00:46:41,024 <requestor-worker-1:1998827, MainThread:140298684229440> (requestor.py:_fetch_single_async:216 -> requestor.py:_handle_error:99) from logger `RFC.requestor_failed`
[ERROR] failed on AudioBookAudioPage(1202714), caught error "['ValueError'] ValueError('unexpected status code 404 in response of AudioBookAudioPage(1202714)')"

2024-04-04 00:46:41,027 <requestor-worker-1:1998827, MainThread:140298684229440> (requestor.py:_fetch_single_async:216 -> requestor.py:_handle_error:100) from logger `RFC.requestor_failed`
[ERROR] Traceback (most recent call last):
  File "/remote-home/qhgao/Workspace/Projects/RFC-crawlers/RFC-dev/RFC/req/requestor.py", line 206, in _fetch_single_async
    result = await middleware.apply_async(item, result, self._session._request_lib, self._session._async_lib)
  File "/remote-home/qhgao/Workspace/Projects/RFC-crawlers/RFC-dev/RFC/req/middleware.py", line 121, in apply_async
    self._handle_error(e, item, result)
  File "/remote-home/qhgao/Workspace/Projects/RFC-crawlers/RFC-dev/RFC/req/middleware.py", line 83, in _handle_error
    raise error
  File "/remote-home/qhgao/Workspace/Projects/RFC-crawlers/RFC-dev/RFC/req/middleware.py", line 114, in apply_async
    _result = await self._apply_async(item, result, request_lib, async_lib)
  File "/remote-home/qhgao/Workspace/Projects/RFC-crawlers/RFC-dev/RFC/req/middleware.py", line 180, in _apply_async
    return self._apply_sync(item, result, request_lib)
  File "/remote-home/qhgao/Workspace/Projects/RFC-crawlers/RFC-dev/RFC/req/middleware.py", line 168, in _apply_sync
    raise ValueError(f"unexpected status code {repr(status_code)} in response of {repr(item)}")
ValueError: unexpected status code 404 in response of AudioBookAudioPage(1202714)


2024-04-04 00:46:50,278 <requestor-worker-1:1998827, MainThread:140298684229440> (requestor.py:_fetch_single_async:216 -> requestor.py:_handle_error:99) from logger `RFC.requestor_failed`
[ERROR] failed on AudioBookAudioPage(1202726), caught error "['ValueError'] ValueError('unexpected status code 404 in response of AudioBookAudioPage(1202726)')"

2024-04-04 00:46:50,279 <requestor-worker-1:1998827, MainThread:140298684229440> (requestor.py:_fetch_single_async:216 -> requestor.py:_handle_error:100) from logger `RFC.requestor_failed`
[ERROR] Traceback (most recent call last):
  File "/remote-home/qhgao/Workspace/Projects/RFC-crawlers/RFC-dev/RFC/req/requestor.py", line 206, in _fetch_single_async
    result = await middleware.apply_async(item, result, self._session._request_lib, self._session._async_lib)
  File "/remote-home/qhgao/Workspace/Projects/RFC-crawlers/RFC-dev/RFC/req/middleware.py", line 121, in apply_async
    self._handle_error(e, item, result)
  File "/remote-home/qhgao/Workspace/Projects/RFC-crawlers/RFC-dev/RFC/req/middleware.py", line 83, in _handle_error
    raise error
  File "/remote-home/qhgao/Workspace/Projects/RFC-crawlers/RFC-dev/RFC/req/middleware.py", line 114, in apply_async
    _result = await self._apply_async(item, result, request_lib, async_lib)
  File "/remote-home/qhgao/Workspace/Projects/RFC-crawlers/RFC-dev/RFC/req/middleware.py", line 180, in _apply_async
    return self._apply_sync(item, result, request_lib)
  File "/remote-home/qhgao/Workspace/Projects/RFC-crawlers/RFC-dev/RFC/req/middleware.py", line 168, in _apply_sync
    raise ValueError(f"unexpected status code {repr(status_code)} in response of {repr(item)}")
ValueError: unexpected status code 404 in response of AudioBookAudioPage(1202726)


2024-04-04 00:47:03,302 <requestor-worker-1:1998827, MainThread:140298684229440> (requestor.py:_fetch_single_async:216 -> requestor.py:_handle_error:99) from logger `RFC.requestor_failed`
[ERROR] failed on AudioBookAudioPage(1202387).AudioBookAudioFile(1202387), caught error "['TimeoutError'] TimeoutError()"

2024-04-04 00:47:03,303 <requestor-worker-1:1998827, MainThread:140298684229440> (requestor.py:_fetch_single_async:216 -> requestor.py:_handle_error:100) from logger `RFC.requestor_failed`
[ERROR] Traceback (most recent call last):
  File "/remote-home/qhgao/Workspace/Projects/RFC-crawlers/RFC-dev/RFC/req/requestor.py", line 206, in _fetch_single_async
    result = await middleware.apply_async(item, result, self._session._request_lib, self._session._async_lib)
  File "/remote-home/qhgao/Workspace/Projects/RFC-crawlers/RFC-dev/RFC/req/middleware.py", line 121, in apply_async
    self._handle_error(e, item, result)
  File "/remote-home/qhgao/Workspace/Projects/RFC-crawlers/RFC-dev/RFC/req/middleware.py", line 83, in _handle_error
    raise error
  File "/remote-home/qhgao/Workspace/Projects/RFC-crawlers/RFC-dev/RFC/req/middleware.py", line 114, in apply_async
    _result = await self._apply_async(item, result, request_lib, async_lib)
  File "/remote-home/qhgao/Workspace/Projects/RFC-crawlers/RFC-dev/RFC/req/middleware.py", line 316, in _apply_async
    result.content = result.json if 'json' in result else await get_content_async(result.response, request_lib)  # type: ignore
  File "/remote-home/qhgao/Workspace/Projects/RFC-crawlers/RFC-dev/RFC/req/middleware_func.py", line 88, in get_content_async
    return await resp.read()
  File "/remote-home/qhgao/Workspace/Applications/anaconda3/envs/share_py310/lib/python3.10/site-packages/aiohttp/client_reqrep.py", line 1037, in read
    self._body = await self.content.read()
  File "/remote-home/qhgao/Workspace/Applications/anaconda3/envs/share_py310/lib/python3.10/site-packages/aiohttp/streams.py", line 375, in read
    block = await self.readany()
  File "/remote-home/qhgao/Workspace/Applications/anaconda3/envs/share_py310/lib/python3.10/site-packages/aiohttp/streams.py", line 397, in readany
    await self._wait("readany")
  File "/remote-home/qhgao/Workspace/Applications/anaconda3/envs/share_py310/lib/python3.10/site-packages/aiohttp/streams.py", line 303, in _wait
    with self._timer:
  File "/remote-home/qhgao/Workspace/Applications/anaconda3/envs/share_py310/lib/python3.10/site-packages/aiohttp/helpers.py", line 721, in __exit__
    raise asyncio.TimeoutError from None
asyncio.exceptions.TimeoutError


2024-04-04 00:47:20,295 <requestor-worker-1:1998827, MainThread:140298684229440> (requestor.py:_fetch_single_async:216 -> requestor.py:_handle_error:99) from logger `RFC.requestor_failed`
[ERROR] failed on AudioBookAudioPage(1202388).AudioBookAudioFile(1202388), caught error "['TimeoutError'] TimeoutError()"

2024-04-04 00:47:20,297 <requestor-worker-1:1998827, MainThread:140298684229440> (requestor.py:_fetch_single_async:216 -> requestor.py:_handle_error:100) from logger `RFC.requestor_failed`
[ERROR] Traceback (most recent call last):
  File "/remote-home/qhgao/Workspace/Projects/RFC-crawlers/RFC-dev/RFC/req/requestor.py", line 206, in _fetch_single_async
    result = await middleware.apply_async(item, result, self._session._request_lib, self._session._async_lib)
  File "/remote-home/qhgao/Workspace/Projects/RFC-crawlers/RFC-dev/RFC/req/middleware.py", line 121, in apply_async
    self._handle_error(e, item, result)
  File "/remote-home/qhgao/Workspace/Projects/RFC-crawlers/RFC-dev/RFC/req/middleware.py", line 83, in _handle_error
    raise error
  File "/remote-home/qhgao/Workspace/Projects/RFC-crawlers/RFC-dev/RFC/req/middleware.py", line 114, in apply_async
    _result = await self._apply_async(item, result, request_lib, async_lib)
  File "/remote-home/qhgao/Workspace/Projects/RFC-crawlers/RFC-dev/RFC/req/middleware.py", line 316, in _apply_async
    result.content = result.json if 'json' in result else await get_content_async(result.response, request_lib)  # type: ignore
  File "/remote-home/qhgao/Workspace/Projects/RFC-crawlers/RFC-dev/RFC/req/middleware_func.py", line 88, in get_content_async
    return await resp.read()
  File "/remote-home/qhgao/Workspace/Applications/anaconda3/envs/share_py310/lib/python3.10/site-packages/aiohttp/client_reqrep.py", line 1037, in read
    self._body = await self.content.read()
  File "/remote-home/qhgao/Workspace/Applications/anaconda3/envs/share_py310/lib/python3.10/site-packages/aiohttp/streams.py", line 375, in read
    block = await self.readany()
  File "/remote-home/qhgao/Workspace/Applications/anaconda3/envs/share_py310/lib/python3.10/site-packages/aiohttp/streams.py", line 397, in readany
    await self._wait("readany")
  File "/remote-home/qhgao/Workspace/Applications/anaconda3/envs/share_py310/lib/python3.10/site-packages/aiohttp/streams.py", line 303, in _wait
    with self._timer:
  File "/remote-home/qhgao/Workspace/Applications/anaconda3/envs/share_py310/lib/python3.10/site-packages/aiohttp/helpers.py", line 721, in __exit__
    raise asyncio.TimeoutError from None
asyncio.exceptions.TimeoutError


2024-04-04 00:47:20,766 <requestor-worker-1:1998827, MainThread:140298684229440> (requestor.py:_fetch_single_async:216 -> requestor.py:_handle_error:99) from logger `RFC.requestor_failed`
[ERROR] failed on AudioBookAudioPage(1202751), caught error "['ValueError'] ValueError('unexpected status code 404 in response of AudioBookAudioPage(1202751)')"

2024-04-04 00:47:20,769 <requestor-worker-1:1998827, MainThread:140298684229440> (requestor.py:_fetch_single_async:216 -> requestor.py:_handle_error:100) from logger `RFC.requestor_failed`
[ERROR] Traceback (most recent call last):
  File "/remote-home/qhgao/Workspace/Projects/RFC-crawlers/RFC-dev/RFC/req/requestor.py", line 206, in _fetch_single_async
    result = await middleware.apply_async(item, result, self._session._request_lib, self._session._async_lib)
  File "/remote-home/qhgao/Workspace/Projects/RFC-crawlers/RFC-dev/RFC/req/middleware.py", line 121, in apply_async
    self._handle_error(e, item, result)
  File "/remote-home/qhgao/Workspace/Projects/RFC-crawlers/RFC-dev/RFC/req/middleware.py", line 83, in _handle_error
    raise error
  File "/remote-home/qhgao/Workspace/Projects/RFC-crawlers/RFC-dev/RFC/req/middleware.py", line 114, in apply_async
    _result = await self._apply_async(item, result, request_lib, async_lib)
  File "/remote-home/qhgao/Workspace/Projects/RFC-crawlers/RFC-dev/RFC/req/middleware.py", line 180, in _apply_async
    return self._apply_sync(item, result, request_lib)
  File "/remote-home/qhgao/Workspace/Projects/RFC-crawlers/RFC-dev/RFC/req/middleware.py", line 168, in _apply_sync
    raise ValueError(f"unexpected status code {repr(status_code)} in response of {repr(item)}")
ValueError: unexpected status code 404 in response of AudioBookAudioPage(1202751)


2024-04-04 00:48:02,296 <requestor-worker-1:1998827, MainThread:140298684229440> (requestor.py:_fetch_single_async:216 -> requestor.py:_handle_error:99) from logger `RFC.requestor_failed`
[ERROR] failed on AudioBookAudioPage(1202455).AudioBookAudioFile(1202455), caught error "['TimeoutError'] TimeoutError()"

2024-04-04 00:48:02,298 <requestor-worker-1:1998827, MainThread:140298684229440> (requestor.py:_fetch_single_async:216 -> requestor.py:_handle_error:100) from logger `RFC.requestor_failed`
[ERROR] Traceback (most recent call last):
  File "/remote-home/qhgao/Workspace/Projects/RFC-crawlers/RFC-dev/RFC/req/requestor.py", line 206, in _fetch_single_async
    result = await middleware.apply_async(item, result, self._session._request_lib, self._session._async_lib)
  File "/remote-home/qhgao/Workspace/Projects/RFC-crawlers/RFC-dev/RFC/req/middleware.py", line 121, in apply_async
    self._handle_error(e, item, result)
  File "/remote-home/qhgao/Workspace/Projects/RFC-crawlers/RFC-dev/RFC/req/middleware.py", line 83, in _handle_error
    raise error
  File "/remote-home/qhgao/Workspace/Projects/RFC-crawlers/RFC-dev/RFC/req/middleware.py", line 114, in apply_async
    _result = await self._apply_async(item, result, request_lib, async_lib)
  File "/remote-home/qhgao/Workspace/Projects/RFC-crawlers/RFC-dev/RFC/req/middleware.py", line 316, in _apply_async
    result.content = result.json if 'json' in result else await get_content_async(result.response, request_lib)  # type: ignore
  File "/remote-home/qhgao/Workspace/Projects/RFC-crawlers/RFC-dev/RFC/req/middleware_func.py", line 88, in get_content_async
    return await resp.read()
  File "/remote-home/qhgao/Workspace/Applications/anaconda3/envs/share_py310/lib/python3.10/site-packages/aiohttp/client_reqrep.py", line 1037, in read
    self._body = await self.content.read()
  File "/remote-home/qhgao/Workspace/Applications/anaconda3/envs/share_py310/lib/python3.10/site-packages/aiohttp/streams.py", line 375, in read
    block = await self.readany()
  File "/remote-home/qhgao/Workspace/Applications/anaconda3/envs/share_py310/lib/python3.10/site-packages/aiohttp/streams.py", line 397, in readany
    await self._wait("readany")
  File "/remote-home/qhgao/Workspace/Applications/anaconda3/envs/share_py310/lib/python3.10/site-packages/aiohttp/streams.py", line 303, in _wait
    with self._timer:
  File "/remote-home/qhgao/Workspace/Applications/anaconda3/envs/share_py310/lib/python3.10/site-packages/aiohttp/helpers.py", line 721, in __exit__
    raise asyncio.TimeoutError from None
asyncio.exceptions.TimeoutError


2024-04-04 00:48:04,422 <requestor-worker-1:1998827, MainThread:140298684229440> (requestor.py:_fetch_single_async:216 -> requestor.py:_handle_error:99) from logger `RFC.requestor_failed`
[ERROR] failed on AudioBookAudioPage(1202468).AudioBookAudioFile(1202468), caught error "['TimeoutError'] TimeoutError()"

2024-04-04 00:48:04,424 <requestor-worker-1:1998827, MainThread:140298684229440> (requestor.py:_fetch_single_async:216 -> requestor.py:_handle_error:100) from logger `RFC.requestor_failed`
[ERROR] Traceback (most recent call last):
  File "/remote-home/qhgao/Workspace/Projects/RFC-crawlers/RFC-dev/RFC/req/requestor.py", line 206, in _fetch_single_async
    result = await middleware.apply_async(item, result, self._session._request_lib, self._session._async_lib)
  File "/remote-home/qhgao/Workspace/Projects/RFC-crawlers/RFC-dev/RFC/req/middleware.py", line 121, in apply_async
    self._handle_error(e, item, result)
  File "/remote-home/qhgao/Workspace/Projects/RFC-crawlers/RFC-dev/RFC/req/middleware.py", line 83, in _handle_error
    raise error
  File "/remote-home/qhgao/Workspace/Projects/RFC-crawlers/RFC-dev/RFC/req/middleware.py", line 114, in apply_async
    _result = await self._apply_async(item, result, request_lib, async_lib)
  File "/remote-home/qhgao/Workspace/Projects/RFC-crawlers/RFC-dev/RFC/req/middleware.py", line 316, in _apply_async
    result.content = result.json if 'json' in result else await get_content_async(result.response, request_lib)  # type: ignore
  File "/remote-home/qhgao/Workspace/Projects/RFC-crawlers/RFC-dev/RFC/req/middleware_func.py", line 88, in get_content_async
    return await resp.read()
  File "/remote-home/qhgao/Workspace/Applications/anaconda3/envs/share_py310/lib/python3.10/site-packages/aiohttp/client_reqrep.py", line 1037, in read
    self._body = await self.content.read()
  File "/remote-home/qhgao/Workspace/Applications/anaconda3/envs/share_py310/lib/python3.10/site-packages/aiohttp/streams.py", line 375, in read
    block = await self.readany()
  File "/remote-home/qhgao/Workspace/Applications/anaconda3/envs/share_py310/lib/python3.10/site-packages/aiohttp/streams.py", line 397, in readany
    await self._wait("readany")
  File "/remote-home/qhgao/Workspace/Applications/anaconda3/envs/share_py310/lib/python3.10/site-packages/aiohttp/streams.py", line 303, in _wait
    with self._timer:
  File "/remote-home/qhgao/Workspace/Applications/anaconda3/envs/share_py310/lib/python3.10/site-packages/aiohttp/helpers.py", line 721, in __exit__
    raise asyncio.TimeoutError from None
asyncio.exceptions.TimeoutError


2024-04-04 00:48:09,297 <requestor-worker-1:1998827, MainThread:140298684229440> (requestor.py:_fetch_single_async:216 -> requestor.py:_handle_error:99) from logger `RFC.requestor_failed`
[ERROR] failed on AudioBookAudioPage(1202475).AudioBookAudioFile(1202475), caught error "['TimeoutError'] TimeoutError()"

2024-04-04 00:48:09,300 <requestor-worker-1:1998827, MainThread:140298684229440> (requestor.py:_fetch_single_async:216 -> requestor.py:_handle_error:100) from logger `RFC.requestor_failed`
[ERROR] Traceback (most recent call last):
  File "/remote-home/qhgao/Workspace/Projects/RFC-crawlers/RFC-dev/RFC/req/requestor.py", line 206, in _fetch_single_async
    result = await middleware.apply_async(item, result, self._session._request_lib, self._session._async_lib)
  File "/remote-home/qhgao/Workspace/Projects/RFC-crawlers/RFC-dev/RFC/req/middleware.py", line 121, in apply_async
    self._handle_error(e, item, result)
  File "/remote-home/qhgao/Workspace/Projects/RFC-crawlers/RFC-dev/RFC/req/middleware.py", line 83, in _handle_error
    raise error
  File "/remote-home/qhgao/Workspace/Projects/RFC-crawlers/RFC-dev/RFC/req/middleware.py", line 114, in apply_async
    _result = await self._apply_async(item, result, request_lib, async_lib)
  File "/remote-home/qhgao/Workspace/Projects/RFC-crawlers/RFC-dev/RFC/req/middleware.py", line 316, in _apply_async
    result.content = result.json if 'json' in result else await get_content_async(result.response, request_lib)  # type: ignore
  File "/remote-home/qhgao/Workspace/Projects/RFC-crawlers/RFC-dev/RFC/req/middleware_func.py", line 88, in get_content_async
    return await resp.read()
  File "/remote-home/qhgao/Workspace/Applications/anaconda3/envs/share_py310/lib/python3.10/site-packages/aiohttp/client_reqrep.py", line 1037, in read
    self._body = await self.content.read()
  File "/remote-home/qhgao/Workspace/Applications/anaconda3/envs/share_py310/lib/python3.10/site-packages/aiohttp/streams.py", line 375, in read
    block = await self.readany()
  File "/remote-home/qhgao/Workspace/Applications/anaconda3/envs/share_py310/lib/python3.10/site-packages/aiohttp/streams.py", line 397, in readany
    await self._wait("readany")
  File "/remote-home/qhgao/Workspace/Applications/anaconda3/envs/share_py310/lib/python3.10/site-packages/aiohttp/streams.py", line 303, in _wait
    with self._timer:
  File "/remote-home/qhgao/Workspace/Applications/anaconda3/envs/share_py310/lib/python3.10/site-packages/aiohttp/helpers.py", line 721, in __exit__
    raise asyncio.TimeoutError from None
asyncio.exceptions.TimeoutError


2024-04-04 00:48:31,295 <requestor-worker-1:1998827, MainThread:140298684229440> (requestor.py:_fetch_single_async:216 -> requestor.py:_handle_error:99) from logger `RFC.requestor_failed`
[ERROR] failed on AudioBookAudioPage(1202487).AudioBookAudioFile(1202487), caught error "['TimeoutError'] TimeoutError()"

2024-04-04 00:48:31,298 <requestor-worker-1:1998827, MainThread:140298684229440> (requestor.py:_fetch_single_async:216 -> requestor.py:_handle_error:100) from logger `RFC.requestor_failed`
[ERROR] Traceback (most recent call last):
  File "/remote-home/qhgao/Workspace/Projects/RFC-crawlers/RFC-dev/RFC/req/requestor.py", line 206, in _fetch_single_async
    result = await middleware.apply_async(item, result, self._session._request_lib, self._session._async_lib)
  File "/remote-home/qhgao/Workspace/Projects/RFC-crawlers/RFC-dev/RFC/req/middleware.py", line 121, in apply_async
    self._handle_error(e, item, result)
  File "/remote-home/qhgao/Workspace/Projects/RFC-crawlers/RFC-dev/RFC/req/middleware.py", line 83, in _handle_error
    raise error
  File "/remote-home/qhgao/Workspace/Projects/RFC-crawlers/RFC-dev/RFC/req/middleware.py", line 114, in apply_async
    _result = await self._apply_async(item, result, request_lib, async_lib)
  File "/remote-home/qhgao/Workspace/Projects/RFC-crawlers/RFC-dev/RFC/req/middleware.py", line 316, in _apply_async
    result.content = result.json if 'json' in result else await get_content_async(result.response, request_lib)  # type: ignore
  File "/remote-home/qhgao/Workspace/Projects/RFC-crawlers/RFC-dev/RFC/req/middleware_func.py", line 88, in get_content_async
    return await resp.read()
  File "/remote-home/qhgao/Workspace/Applications/anaconda3/envs/share_py310/lib/python3.10/site-packages/aiohttp/client_reqrep.py", line 1037, in read
    self._body = await self.content.read()
  File "/remote-home/qhgao/Workspace/Applications/anaconda3/envs/share_py310/lib/python3.10/site-packages/aiohttp/streams.py", line 375, in read
    block = await self.readany()
  File "/remote-home/qhgao/Workspace/Applications/anaconda3/envs/share_py310/lib/python3.10/site-packages/aiohttp/streams.py", line 397, in readany
    await self._wait("readany")
  File "/remote-home/qhgao/Workspace/Applications/anaconda3/envs/share_py310/lib/python3.10/site-packages/aiohttp/streams.py", line 303, in _wait
    with self._timer:
  File "/remote-home/qhgao/Workspace/Applications/anaconda3/envs/share_py310/lib/python3.10/site-packages/aiohttp/helpers.py", line 721, in __exit__
    raise asyncio.TimeoutError from None
asyncio.exceptions.TimeoutError


2024-04-04 00:48:54,375 <requestor-worker-1:1998827, MainThread:140298684229440> (requestor.py:_fetch_single_async:216 -> requestor.py:_handle_error:99) from logger `RFC.requestor_failed`
[ERROR] failed on AudioBookAudioPage(1202521).AudioBookAudioFile(1202521), caught error "['TimeoutError'] TimeoutError()"

2024-04-04 00:48:54,376 <requestor-worker-1:1998827, MainThread:140298684229440> (requestor.py:_fetch_single_async:216 -> requestor.py:_handle_error:100) from logger `RFC.requestor_failed`
[ERROR] Traceback (most recent call last):
  File "/remote-home/qhgao/Workspace/Projects/RFC-crawlers/RFC-dev/RFC/req/requestor.py", line 206, in _fetch_single_async
    result = await middleware.apply_async(item, result, self._session._request_lib, self._session._async_lib)
  File "/remote-home/qhgao/Workspace/Projects/RFC-crawlers/RFC-dev/RFC/req/middleware.py", line 121, in apply_async
    self._handle_error(e, item, result)
  File "/remote-home/qhgao/Workspace/Projects/RFC-crawlers/RFC-dev/RFC/req/middleware.py", line 83, in _handle_error
    raise error
  File "/remote-home/qhgao/Workspace/Projects/RFC-crawlers/RFC-dev/RFC/req/middleware.py", line 114, in apply_async
    _result = await self._apply_async(item, result, request_lib, async_lib)
  File "/remote-home/qhgao/Workspace/Projects/RFC-crawlers/RFC-dev/RFC/req/middleware.py", line 316, in _apply_async
    result.content = result.json if 'json' in result else await get_content_async(result.response, request_lib)  # type: ignore
  File "/remote-home/qhgao/Workspace/Projects/RFC-crawlers/RFC-dev/RFC/req/middleware_func.py", line 88, in get_content_async
    return await resp.read()
  File "/remote-home/qhgao/Workspace/Applications/anaconda3/envs/share_py310/lib/python3.10/site-packages/aiohttp/client_reqrep.py", line 1037, in read
    self._body = await self.content.read()
  File "/remote-home/qhgao/Workspace/Applications/anaconda3/envs/share_py310/lib/python3.10/site-packages/aiohttp/streams.py", line 375, in read
    block = await self.readany()
  File "/remote-home/qhgao/Workspace/Applications/anaconda3/envs/share_py310/lib/python3.10/site-packages/aiohttp/streams.py", line 397, in readany
    await self._wait("readany")
  File "/remote-home/qhgao/Workspace/Applications/anaconda3/envs/share_py310/lib/python3.10/site-packages/aiohttp/streams.py", line 303, in _wait
    with self._timer:
  File "/remote-home/qhgao/Workspace/Applications/anaconda3/envs/share_py310/lib/python3.10/site-packages/aiohttp/helpers.py", line 721, in __exit__
    raise asyncio.TimeoutError from None
asyncio.exceptions.TimeoutError


2024-04-04 00:48:58,906 <requestor-worker-1:1998827, MainThread:140298684229440> (requestor.py:_fetch_single_async:216 -> requestor.py:_handle_error:99) from logger `RFC.requestor_failed`
[ERROR] failed on AudioBookAudioPage(1202845), caught error "['ValueError'] ValueError('unexpected status code 404 in response of AudioBookAudioPage(1202845)')"

2024-04-04 00:48:58,908 <requestor-worker-1:1998827, MainThread:140298684229440> (requestor.py:_fetch_single_async:216 -> requestor.py:_handle_error:100) from logger `RFC.requestor_failed`
[ERROR] Traceback (most recent call last):
  File "/remote-home/qhgao/Workspace/Projects/RFC-crawlers/RFC-dev/RFC/req/requestor.py", line 206, in _fetch_single_async
    result = await middleware.apply_async(item, result, self._session._request_lib, self._session._async_lib)
  File "/remote-home/qhgao/Workspace/Projects/RFC-crawlers/RFC-dev/RFC/req/middleware.py", line 121, in apply_async
    self._handle_error(e, item, result)
  File "/remote-home/qhgao/Workspace/Projects/RFC-crawlers/RFC-dev/RFC/req/middleware.py", line 83, in _handle_error
    raise error
  File "/remote-home/qhgao/Workspace/Projects/RFC-crawlers/RFC-dev/RFC/req/middleware.py", line 114, in apply_async
    _result = await self._apply_async(item, result, request_lib, async_lib)
  File "/remote-home/qhgao/Workspace/Projects/RFC-crawlers/RFC-dev/RFC/req/middleware.py", line 180, in _apply_async
    return self._apply_sync(item, result, request_lib)
  File "/remote-home/qhgao/Workspace/Projects/RFC-crawlers/RFC-dev/RFC/req/middleware.py", line 168, in _apply_sync
    raise ValueError(f"unexpected status code {repr(status_code)} in response of {repr(item)}")
ValueError: unexpected status code 404 in response of AudioBookAudioPage(1202845)


2024-04-04 00:48:59,526 <requestor-worker-1:1998827, MainThread:140298684229440> (requestor.py:_fetch_single_async:216 -> requestor.py:_handle_error:99) from logger `RFC.requestor_failed`
[ERROR] failed on AudioBookAudioPage(1202847), caught error "['ValueError'] ValueError('unexpected status code 404 in response of AudioBookAudioPage(1202847)')"

2024-04-04 00:48:59,528 <requestor-worker-1:1998827, MainThread:140298684229440> (requestor.py:_fetch_single_async:216 -> requestor.py:_handle_error:100) from logger `RFC.requestor_failed`
[ERROR] Traceback (most recent call last):
  File "/remote-home/qhgao/Workspace/Projects/RFC-crawlers/RFC-dev/RFC/req/requestor.py", line 206, in _fetch_single_async
    result = await middleware.apply_async(item, result, self._session._request_lib, self._session._async_lib)
  File "/remote-home/qhgao/Workspace/Projects/RFC-crawlers/RFC-dev/RFC/req/middleware.py", line 121, in apply_async
    self._handle_error(e, item, result)
  File "/remote-home/qhgao/Workspace/Projects/RFC-crawlers/RFC-dev/RFC/req/middleware.py", line 83, in _handle_error
    raise error
  File "/remote-home/qhgao/Workspace/Projects/RFC-crawlers/RFC-dev/RFC/req/middleware.py", line 114, in apply_async
    _result = await self._apply_async(item, result, request_lib, async_lib)
  File "/remote-home/qhgao/Workspace/Projects/RFC-crawlers/RFC-dev/RFC/req/middleware.py", line 180, in _apply_async
    return self._apply_sync(item, result, request_lib)
  File "/remote-home/qhgao/Workspace/Projects/RFC-crawlers/RFC-dev/RFC/req/middleware.py", line 168, in _apply_sync
    raise ValueError(f"unexpected status code {repr(status_code)} in response of {repr(item)}")
ValueError: unexpected status code 404 in response of AudioBookAudioPage(1202847)


2024-04-04 00:49:13,636 <requestor-worker-1:1998827, MainThread:140298684229440> (requestor.py:_fetch_single_async:216 -> requestor.py:_handle_error:99) from logger `RFC.requestor_failed`
[ERROR] failed on AudioBookAudioPage(1202872), caught error "['ValueError'] ValueError('unexpected status code 404 in response of AudioBookAudioPage(1202872)')"

2024-04-04 00:49:13,637 <requestor-worker-1:1998827, MainThread:140298684229440> (requestor.py:_fetch_single_async:216 -> requestor.py:_handle_error:100) from logger `RFC.requestor_failed`
[ERROR] Traceback (most recent call last):
  File "/remote-home/qhgao/Workspace/Projects/RFC-crawlers/RFC-dev/RFC/req/requestor.py", line 206, in _fetch_single_async
    result = await middleware.apply_async(item, result, self._session._request_lib, self._session._async_lib)
  File "/remote-home/qhgao/Workspace/Projects/RFC-crawlers/RFC-dev/RFC/req/middleware.py", line 121, in apply_async
    self._handle_error(e, item, result)
  File "/remote-home/qhgao/Workspace/Projects/RFC-crawlers/RFC-dev/RFC/req/middleware.py", line 83, in _handle_error
    raise error
  File "/remote-home/qhgao/Workspace/Projects/RFC-crawlers/RFC-dev/RFC/req/middleware.py", line 114, in apply_async
    _result = await self._apply_async(item, result, request_lib, async_lib)
  File "/remote-home/qhgao/Workspace/Projects/RFC-crawlers/RFC-dev/RFC/req/middleware.py", line 180, in _apply_async
    return self._apply_sync(item, result, request_lib)
  File "/remote-home/qhgao/Workspace/Projects/RFC-crawlers/RFC-dev/RFC/req/middleware.py", line 168, in _apply_sync
    raise ValueError(f"unexpected status code {repr(status_code)} in response of {repr(item)}")
ValueError: unexpected status code 404 in response of AudioBookAudioPage(1202872)


2024-04-04 00:49:40,568 <requestor-worker-1:1998827, MainThread:140298684229440> (requestor.py:_fetch_single_async:216 -> requestor.py:_handle_error:99) from logger `RFC.requestor_failed`
[ERROR] failed on AudioBookAudioPage(1202920), caught error "['ValueError'] ValueError('unexpected status code 404 in response of AudioBookAudioPage(1202920)')"

2024-04-04 00:49:40,570 <requestor-worker-1:1998827, MainThread:140298684229440> (requestor.py:_fetch_single_async:216 -> requestor.py:_handle_error:100) from logger `RFC.requestor_failed`
[ERROR] Traceback (most recent call last):
  File "/remote-home/qhgao/Workspace/Projects/RFC-crawlers/RFC-dev/RFC/req/requestor.py", line 206, in _fetch_single_async
    result = await middleware.apply_async(item, result, self._session._request_lib, self._session._async_lib)
  File "/remote-home/qhgao/Workspace/Projects/RFC-crawlers/RFC-dev/RFC/req/middleware.py", line 121, in apply_async
    self._handle_error(e, item, result)
  File "/remote-home/qhgao/Workspace/Projects/RFC-crawlers/RFC-dev/RFC/req/middleware.py", line 83, in _handle_error
    raise error
  File "/remote-home/qhgao/Workspace/Projects/RFC-crawlers/RFC-dev/RFC/req/middleware.py", line 114, in apply_async
    _result = await self._apply_async(item, result, request_lib, async_lib)
  File "/remote-home/qhgao/Workspace/Projects/RFC-crawlers/RFC-dev/RFC/req/middleware.py", line 180, in _apply_async
    return self._apply_sync(item, result, request_lib)
  File "/remote-home/qhgao/Workspace/Projects/RFC-crawlers/RFC-dev/RFC/req/middleware.py", line 168, in _apply_sync
    raise ValueError(f"unexpected status code {repr(status_code)} in response of {repr(item)}")
ValueError: unexpected status code 404 in response of AudioBookAudioPage(1202920)


2024-04-04 00:49:41,504 <requestor-worker-1:1998827, MainThread:140298684229440> (requestor.py:_fetch_single_async:216 -> requestor.py:_handle_error:99) from logger `RFC.requestor_failed`
[ERROR] failed on AudioBookAudioPage(1202922), caught error "['ValueError'] ValueError('unexpected status code 404 in response of AudioBookAudioPage(1202922)')"

2024-04-04 00:49:41,506 <requestor-worker-1:1998827, MainThread:140298684229440> (requestor.py:_fetch_single_async:216 -> requestor.py:_handle_error:100) from logger `RFC.requestor_failed`
[ERROR] Traceback (most recent call last):
  File "/remote-home/qhgao/Workspace/Projects/RFC-crawlers/RFC-dev/RFC/req/requestor.py", line 206, in _fetch_single_async
    result = await middleware.apply_async(item, result, self._session._request_lib, self._session._async_lib)
  File "/remote-home/qhgao/Workspace/Projects/RFC-crawlers/RFC-dev/RFC/req/middleware.py", line 121, in apply_async
    self._handle_error(e, item, result)
  File "/remote-home/qhgao/Workspace/Projects/RFC-crawlers/RFC-dev/RFC/req/middleware.py", line 83, in _handle_error
    raise error
  File "/remote-home/qhgao/Workspace/Projects/RFC-crawlers/RFC-dev/RFC/req/middleware.py", line 114, in apply_async
    _result = await self._apply_async(item, result, request_lib, async_lib)
  File "/remote-home/qhgao/Workspace/Projects/RFC-crawlers/RFC-dev/RFC/req/middleware.py", line 180, in _apply_async
    return self._apply_sync(item, result, request_lib)
  File "/remote-home/qhgao/Workspace/Projects/RFC-crawlers/RFC-dev/RFC/req/middleware.py", line 168, in _apply_sync
    raise ValueError(f"unexpected status code {repr(status_code)} in response of {repr(item)}")
ValueError: unexpected status code 404 in response of AudioBookAudioPage(1202922)


2024-04-04 00:49:43,297 <requestor-worker-1:1998827, MainThread:140298684229440> (requestor.py:_fetch_single_async:216 -> requestor.py:_handle_error:99) from logger `RFC.requestor_failed`
[ERROR] failed on AudioBookAudioPage(1202966).AudioBookAudioFile(1202966), caught error "['TimeoutError'] TimeoutError()"

2024-04-04 00:49:43,299 <requestor-worker-1:1998827, MainThread:140298684229440> (requestor.py:_fetch_single_async:216 -> requestor.py:_handle_error:100) from logger `RFC.requestor_failed`
[ERROR] Traceback (most recent call last):
  File "/remote-home/qhgao/Workspace/Projects/RFC-crawlers/RFC-dev/RFC/req/requestor.py", line 206, in _fetch_single_async
    result = await middleware.apply_async(item, result, self._session._request_lib, self._session._async_lib)
  File "/remote-home/qhgao/Workspace/Projects/RFC-crawlers/RFC-dev/RFC/req/middleware.py", line 121, in apply_async
    self._handle_error(e, item, result)
  File "/remote-home/qhgao/Workspace/Projects/RFC-crawlers/RFC-dev/RFC/req/middleware.py", line 83, in _handle_error
    raise error
  File "/remote-home/qhgao/Workspace/Projects/RFC-crawlers/RFC-dev/RFC/req/middleware.py", line 114, in apply_async
    _result = await self._apply_async(item, result, request_lib, async_lib)
  File "/remote-home/qhgao/Workspace/Projects/RFC-crawlers/RFC-dev/RFC/req/middleware.py", line 316, in _apply_async
    result.content = result.json if 'json' in result else await get_content_async(result.response, request_lib)  # type: ignore
  File "/remote-home/qhgao/Workspace/Projects/RFC-crawlers/RFC-dev/RFC/req/middleware_func.py", line 88, in get_content_async
    return await resp.read()
  File "/remote-home/qhgao/Workspace/Applications/anaconda3/envs/share_py310/lib/python3.10/site-packages/aiohttp/client_reqrep.py", line 1037, in read
    self._body = await self.content.read()
  File "/remote-home/qhgao/Workspace/Applications/anaconda3/envs/share_py310/lib/python3.10/site-packages/aiohttp/streams.py", line 375, in read
    block = await self.readany()
  File "/remote-home/qhgao/Workspace/Applications/anaconda3/envs/share_py310/lib/python3.10/site-packages/aiohttp/streams.py", line 397, in readany
    await self._wait("readany")
  File "/remote-home/qhgao/Workspace/Applications/anaconda3/envs/share_py310/lib/python3.10/site-packages/aiohttp/streams.py", line 303, in _wait
    with self._timer:
  File "/remote-home/qhgao/Workspace/Applications/anaconda3/envs/share_py310/lib/python3.10/site-packages/aiohttp/helpers.py", line 721, in __exit__
    raise asyncio.TimeoutError from None
asyncio.exceptions.TimeoutError


2024-04-04 00:49:47,690 <requestor-worker-1:1998827, MainThread:140298684229440> (requestor.py:_fetch_single_async:216 -> requestor.py:_handle_error:99) from logger `RFC.requestor_failed`
[ERROR] failed on AudioBookAudioPage(1202931), caught error "['ValueError'] ValueError('unexpected status code 404 in response of AudioBookAudioPage(1202931)')"

2024-04-04 00:49:47,692 <requestor-worker-1:1998827, MainThread:140298684229440> (requestor.py:_fetch_single_async:216 -> requestor.py:_handle_error:100) from logger `RFC.requestor_failed`
[ERROR] Traceback (most recent call last):
  File "/remote-home/qhgao/Workspace/Projects/RFC-crawlers/RFC-dev/RFC/req/requestor.py", line 206, in _fetch_single_async
    result = await middleware.apply_async(item, result, self._session._request_lib, self._session._async_lib)
  File "/remote-home/qhgao/Workspace/Projects/RFC-crawlers/RFC-dev/RFC/req/middleware.py", line 121, in apply_async
    self._handle_error(e, item, result)
  File "/remote-home/qhgao/Workspace/Projects/RFC-crawlers/RFC-dev/RFC/req/middleware.py", line 83, in _handle_error
    raise error
  File "/remote-home/qhgao/Workspace/Projects/RFC-crawlers/RFC-dev/RFC/req/middleware.py", line 114, in apply_async
    _result = await self._apply_async(item, result, request_lib, async_lib)
  File "/remote-home/qhgao/Workspace/Projects/RFC-crawlers/RFC-dev/RFC/req/middleware.py", line 180, in _apply_async
    return self._apply_sync(item, result, request_lib)
  File "/remote-home/qhgao/Workspace/Projects/RFC-crawlers/RFC-dev/RFC/req/middleware.py", line 168, in _apply_sync
    raise ValueError(f"unexpected status code {repr(status_code)} in response of {repr(item)}")
ValueError: unexpected status code 404 in response of AudioBookAudioPage(1202931)


2024-04-04 00:50:36,298 <requestor-worker-1:1998827, MainThread:140298684229440> (requestor.py:_fetch_single_async:216 -> requestor.py:_handle_error:99) from logger `RFC.requestor_failed`
[ERROR] failed on AudioBookAudioPage(1202702).AudioBookAudioFile(1202702), caught error "['TimeoutError'] TimeoutError()"

2024-04-04 00:50:36,300 <requestor-worker-1:1998827, MainThread:140298684229440> (requestor.py:_fetch_single_async:216 -> requestor.py:_handle_error:100) from logger `RFC.requestor_failed`
[ERROR] Traceback (most recent call last):
  File "/remote-home/qhgao/Workspace/Projects/RFC-crawlers/RFC-dev/RFC/req/requestor.py", line 206, in _fetch_single_async
    result = await middleware.apply_async(item, result, self._session._request_lib, self._session._async_lib)
  File "/remote-home/qhgao/Workspace/Projects/RFC-crawlers/RFC-dev/RFC/req/middleware.py", line 121, in apply_async
    self._handle_error(e, item, result)
  File "/remote-home/qhgao/Workspace/Projects/RFC-crawlers/RFC-dev/RFC/req/middleware.py", line 83, in _handle_error
    raise error
  File "/remote-home/qhgao/Workspace/Projects/RFC-crawlers/RFC-dev/RFC/req/middleware.py", line 114, in apply_async
    _result = await self._apply_async(item, result, request_lib, async_lib)
  File "/remote-home/qhgao/Workspace/Projects/RFC-crawlers/RFC-dev/RFC/req/middleware.py", line 316, in _apply_async
    result.content = result.json if 'json' in result else await get_content_async(result.response, request_lib)  # type: ignore
  File "/remote-home/qhgao/Workspace/Projects/RFC-crawlers/RFC-dev/RFC/req/middleware_func.py", line 88, in get_content_async
    return await resp.read()
  File "/remote-home/qhgao/Workspace/Applications/anaconda3/envs/share_py310/lib/python3.10/site-packages/aiohttp/client_reqrep.py", line 1037, in read
    self._body = await self.content.read()
  File "/remote-home/qhgao/Workspace/Applications/anaconda3/envs/share_py310/lib/python3.10/site-packages/aiohttp/streams.py", line 375, in read
    block = await self.readany()
  File "/remote-home/qhgao/Workspace/Applications/anaconda3/envs/share_py310/lib/python3.10/site-packages/aiohttp/streams.py", line 397, in readany
    await self._wait("readany")
  File "/remote-home/qhgao/Workspace/Applications/anaconda3/envs/share_py310/lib/python3.10/site-packages/aiohttp/streams.py", line 303, in _wait
    with self._timer:
  File "/remote-home/qhgao/Workspace/Applications/anaconda3/envs/share_py310/lib/python3.10/site-packages/aiohttp/helpers.py", line 721, in __exit__
    raise asyncio.TimeoutError from None
asyncio.exceptions.TimeoutError


2024-04-04 00:50:47,302 <requestor-worker-1:1998827, MainThread:140298684229440> (requestor.py:_fetch_single_async:216 -> requestor.py:_handle_error:99) from logger `RFC.requestor_failed`
[ERROR] failed on AudioBookAudioPage(1202711).AudioBookAudioFile(1202711), caught error "['TimeoutError'] TimeoutError()"

2024-04-04 00:50:47,303 <requestor-worker-1:1998827, MainThread:140298684229440> (requestor.py:_fetch_single_async:216 -> requestor.py:_handle_error:100) from logger `RFC.requestor_failed`
[ERROR] Traceback (most recent call last):
  File "/remote-home/qhgao/Workspace/Projects/RFC-crawlers/RFC-dev/RFC/req/requestor.py", line 206, in _fetch_single_async
    result = await middleware.apply_async(item, result, self._session._request_lib, self._session._async_lib)
  File "/remote-home/qhgao/Workspace/Projects/RFC-crawlers/RFC-dev/RFC/req/middleware.py", line 121, in apply_async
    self._handle_error(e, item, result)
  File "/remote-home/qhgao/Workspace/Projects/RFC-crawlers/RFC-dev/RFC/req/middleware.py", line 83, in _handle_error
    raise error
  File "/remote-home/qhgao/Workspace/Projects/RFC-crawlers/RFC-dev/RFC/req/middleware.py", line 114, in apply_async
    _result = await self._apply_async(item, result, request_lib, async_lib)
  File "/remote-home/qhgao/Workspace/Projects/RFC-crawlers/RFC-dev/RFC/req/middleware.py", line 316, in _apply_async
    result.content = result.json if 'json' in result else await get_content_async(result.response, request_lib)  # type: ignore
  File "/remote-home/qhgao/Workspace/Projects/RFC-crawlers/RFC-dev/RFC/req/middleware_func.py", line 88, in get_content_async
    return await resp.read()
  File "/remote-home/qhgao/Workspace/Applications/anaconda3/envs/share_py310/lib/python3.10/site-packages/aiohttp/client_reqrep.py", line 1037, in read
    self._body = await self.content.read()
  File "/remote-home/qhgao/Workspace/Applications/anaconda3/envs/share_py310/lib/python3.10/site-packages/aiohttp/streams.py", line 375, in read
    block = await self.readany()
  File "/remote-home/qhgao/Workspace/Applications/anaconda3/envs/share_py310/lib/python3.10/site-packages/aiohttp/streams.py", line 397, in readany
    await self._wait("readany")
  File "/remote-home/qhgao/Workspace/Applications/anaconda3/envs/share_py310/lib/python3.10/site-packages/aiohttp/streams.py", line 303, in _wait
    with self._timer:
  File "/remote-home/qhgao/Workspace/Applications/anaconda3/envs/share_py310/lib/python3.10/site-packages/aiohttp/helpers.py", line 721, in __exit__
    raise asyncio.TimeoutError from None
asyncio.exceptions.TimeoutError


2024-04-04 00:52:50,360 <requestor-worker-1:1998827, MainThread:140298684229440> (requestor.py:_fetch_single_async:216 -> requestor.py:_handle_error:99) from logger `RFC.requestor_failed`
[ERROR] failed on AudioBookAudioPage(1202825).AudioBookAudioFile(1202825), caught error "['TimeoutError'] TimeoutError()"

2024-04-04 00:52:50,363 <requestor-worker-1:1998827, MainThread:140298684229440> (requestor.py:_fetch_single_async:216 -> requestor.py:_handle_error:100) from logger `RFC.requestor_failed`
[ERROR] Traceback (most recent call last):
  File "/remote-home/qhgao/Workspace/Projects/RFC-crawlers/RFC-dev/RFC/req/requestor.py", line 206, in _fetch_single_async
    result = await middleware.apply_async(item, result, self._session._request_lib, self._session._async_lib)
  File "/remote-home/qhgao/Workspace/Projects/RFC-crawlers/RFC-dev/RFC/req/middleware.py", line 121, in apply_async
    self._handle_error(e, item, result)
  File "/remote-home/qhgao/Workspace/Projects/RFC-crawlers/RFC-dev/RFC/req/middleware.py", line 83, in _handle_error
    raise error
  File "/remote-home/qhgao/Workspace/Projects/RFC-crawlers/RFC-dev/RFC/req/middleware.py", line 114, in apply_async
    _result = await self._apply_async(item, result, request_lib, async_lib)
  File "/remote-home/qhgao/Workspace/Projects/RFC-crawlers/RFC-dev/RFC/req/middleware.py", line 316, in _apply_async
    result.content = result.json if 'json' in result else await get_content_async(result.response, request_lib)  # type: ignore
  File "/remote-home/qhgao/Workspace/Projects/RFC-crawlers/RFC-dev/RFC/req/middleware_func.py", line 88, in get_content_async
    return await resp.read()
  File "/remote-home/qhgao/Workspace/Applications/anaconda3/envs/share_py310/lib/python3.10/site-packages/aiohttp/client_reqrep.py", line 1037, in read
    self._body = await self.content.read()
  File "/remote-home/qhgao/Workspace/Applications/anaconda3/envs/share_py310/lib/python3.10/site-packages/aiohttp/streams.py", line 375, in read
    block = await self.readany()
  File "/remote-home/qhgao/Workspace/Applications/anaconda3/envs/share_py310/lib/python3.10/site-packages/aiohttp/streams.py", line 397, in readany
    await self._wait("readany")
  File "/remote-home/qhgao/Workspace/Applications/anaconda3/envs/share_py310/lib/python3.10/site-packages/aiohttp/streams.py", line 303, in _wait
    with self._timer:
  File "/remote-home/qhgao/Workspace/Applications/anaconda3/envs/share_py310/lib/python3.10/site-packages/aiohttp/helpers.py", line 721, in __exit__
    raise asyncio.TimeoutError from None
asyncio.exceptions.TimeoutError


2024-04-04 00:53:54,336 <requestor-worker-1:1998827, MainThread:140298684229440> (requestor.py:_fetch_single_async:216 -> requestor.py:_handle_error:99) from logger `RFC.requestor_failed`
[ERROR] failed on AudioBookAudioPage(1202929).AudioBookAudioFile(1202929), caught error "['TimeoutError'] TimeoutError()"

2024-04-04 00:53:54,338 <requestor-worker-1:1998827, MainThread:140298684229440> (requestor.py:_fetch_single_async:216 -> requestor.py:_handle_error:100) from logger `RFC.requestor_failed`
[ERROR] Traceback (most recent call last):
  File "/remote-home/qhgao/Workspace/Projects/RFC-crawlers/RFC-dev/RFC/req/requestor.py", line 206, in _fetch_single_async
    result = await middleware.apply_async(item, result, self._session._request_lib, self._session._async_lib)
  File "/remote-home/qhgao/Workspace/Projects/RFC-crawlers/RFC-dev/RFC/req/middleware.py", line 121, in apply_async
    self._handle_error(e, item, result)
  File "/remote-home/qhgao/Workspace/Projects/RFC-crawlers/RFC-dev/RFC/req/middleware.py", line 83, in _handle_error
    raise error
  File "/remote-home/qhgao/Workspace/Projects/RFC-crawlers/RFC-dev/RFC/req/middleware.py", line 114, in apply_async
    _result = await self._apply_async(item, result, request_lib, async_lib)
  File "/remote-home/qhgao/Workspace/Projects/RFC-crawlers/RFC-dev/RFC/req/middleware.py", line 316, in _apply_async
    result.content = result.json if 'json' in result else await get_content_async(result.response, request_lib)  # type: ignore
  File "/remote-home/qhgao/Workspace/Projects/RFC-crawlers/RFC-dev/RFC/req/middleware_func.py", line 88, in get_content_async
    return await resp.read()
  File "/remote-home/qhgao/Workspace/Applications/anaconda3/envs/share_py310/lib/python3.10/site-packages/aiohttp/client_reqrep.py", line 1037, in read
    self._body = await self.content.read()
  File "/remote-home/qhgao/Workspace/Applications/anaconda3/envs/share_py310/lib/python3.10/site-packages/aiohttp/streams.py", line 375, in read
    block = await self.readany()
  File "/remote-home/qhgao/Workspace/Applications/anaconda3/envs/share_py310/lib/python3.10/site-packages/aiohttp/streams.py", line 397, in readany
    await self._wait("readany")
  File "/remote-home/qhgao/Workspace/Applications/anaconda3/envs/share_py310/lib/python3.10/site-packages/aiohttp/streams.py", line 303, in _wait
    with self._timer:
  File "/remote-home/qhgao/Workspace/Applications/anaconda3/envs/share_py310/lib/python3.10/site-packages/aiohttp/helpers.py", line 721, in __exit__
    raise asyncio.TimeoutError from None
asyncio.exceptions.TimeoutError


2024-04-04 00:53:55,307 <requestor-worker-1:1998827, MainThread:140298684229440> (requestor.py:_fetch_single_async:216 -> requestor.py:_handle_error:99) from logger `RFC.requestor_failed`
[ERROR] failed on AudioBookAudioPage(1202930).AudioBookAudioFile(1202930), caught error "['TimeoutError'] TimeoutError()"

2024-04-04 00:53:55,308 <requestor-worker-1:1998827, MainThread:140298684229440> (requestor.py:_fetch_single_async:216 -> requestor.py:_handle_error:100) from logger `RFC.requestor_failed`
[ERROR] Traceback (most recent call last):
  File "/remote-home/qhgao/Workspace/Projects/RFC-crawlers/RFC-dev/RFC/req/requestor.py", line 206, in _fetch_single_async
    result = await middleware.apply_async(item, result, self._session._request_lib, self._session._async_lib)
  File "/remote-home/qhgao/Workspace/Projects/RFC-crawlers/RFC-dev/RFC/req/middleware.py", line 121, in apply_async
    self._handle_error(e, item, result)
  File "/remote-home/qhgao/Workspace/Projects/RFC-crawlers/RFC-dev/RFC/req/middleware.py", line 83, in _handle_error
    raise error
  File "/remote-home/qhgao/Workspace/Projects/RFC-crawlers/RFC-dev/RFC/req/middleware.py", line 114, in apply_async
    _result = await self._apply_async(item, result, request_lib, async_lib)
  File "/remote-home/qhgao/Workspace/Projects/RFC-crawlers/RFC-dev/RFC/req/middleware.py", line 316, in _apply_async
    result.content = result.json if 'json' in result else await get_content_async(result.response, request_lib)  # type: ignore
  File "/remote-home/qhgao/Workspace/Projects/RFC-crawlers/RFC-dev/RFC/req/middleware_func.py", line 88, in get_content_async
    return await resp.read()
  File "/remote-home/qhgao/Workspace/Applications/anaconda3/envs/share_py310/lib/python3.10/site-packages/aiohttp/client_reqrep.py", line 1037, in read
    self._body = await self.content.read()
  File "/remote-home/qhgao/Workspace/Applications/anaconda3/envs/share_py310/lib/python3.10/site-packages/aiohttp/streams.py", line 375, in read
    block = await self.readany()
  File "/remote-home/qhgao/Workspace/Applications/anaconda3/envs/share_py310/lib/python3.10/site-packages/aiohttp/streams.py", line 397, in readany
    await self._wait("readany")
  File "/remote-home/qhgao/Workspace/Applications/anaconda3/envs/share_py310/lib/python3.10/site-packages/aiohttp/streams.py", line 303, in _wait
    with self._timer:
  File "/remote-home/qhgao/Workspace/Applications/anaconda3/envs/share_py310/lib/python3.10/site-packages/aiohttp/helpers.py", line 721, in __exit__
    raise asyncio.TimeoutError from None
asyncio.exceptions.TimeoutError


2024-04-04 00:54:49,294 <requestor-worker-1:1998827, MainThread:140298684229440> (requestor.py:_fetch_single_async:216 -> requestor.py:_handle_error:99) from logger `RFC.requestor_failed`
[ERROR] failed on AudioBookAudioPage(1202988).AudioBookAudioFile(1202988), caught error "['TimeoutError'] TimeoutError()"

2024-04-04 00:54:49,296 <requestor-worker-1:1998827, MainThread:140298684229440> (requestor.py:_fetch_single_async:216 -> requestor.py:_handle_error:100) from logger `RFC.requestor_failed`
[ERROR] Traceback (most recent call last):
  File "/remote-home/qhgao/Workspace/Projects/RFC-crawlers/RFC-dev/RFC/req/requestor.py", line 206, in _fetch_single_async
    result = await middleware.apply_async(item, result, self._session._request_lib, self._session._async_lib)
  File "/remote-home/qhgao/Workspace/Projects/RFC-crawlers/RFC-dev/RFC/req/middleware.py", line 121, in apply_async
    self._handle_error(e, item, result)
  File "/remote-home/qhgao/Workspace/Projects/RFC-crawlers/RFC-dev/RFC/req/middleware.py", line 83, in _handle_error
    raise error
  File "/remote-home/qhgao/Workspace/Projects/RFC-crawlers/RFC-dev/RFC/req/middleware.py", line 114, in apply_async
    _result = await self._apply_async(item, result, request_lib, async_lib)
  File "/remote-home/qhgao/Workspace/Projects/RFC-crawlers/RFC-dev/RFC/req/middleware.py", line 316, in _apply_async
    result.content = result.json if 'json' in result else await get_content_async(result.response, request_lib)  # type: ignore
  File "/remote-home/qhgao/Workspace/Projects/RFC-crawlers/RFC-dev/RFC/req/middleware_func.py", line 88, in get_content_async
    return await resp.read()
  File "/remote-home/qhgao/Workspace/Applications/anaconda3/envs/share_py310/lib/python3.10/site-packages/aiohttp/client_reqrep.py", line 1037, in read
    self._body = await self.content.read()
  File "/remote-home/qhgao/Workspace/Applications/anaconda3/envs/share_py310/lib/python3.10/site-packages/aiohttp/streams.py", line 375, in read
    block = await self.readany()
  File "/remote-home/qhgao/Workspace/Applications/anaconda3/envs/share_py310/lib/python3.10/site-packages/aiohttp/streams.py", line 397, in readany
    await self._wait("readany")
  File "/remote-home/qhgao/Workspace/Applications/anaconda3/envs/share_py310/lib/python3.10/site-packages/aiohttp/streams.py", line 303, in _wait
    with self._timer:
  File "/remote-home/qhgao/Workspace/Applications/anaconda3/envs/share_py310/lib/python3.10/site-packages/aiohttp/helpers.py", line 721, in __exit__
    raise asyncio.TimeoutError from None
asyncio.exceptions.TimeoutError


2024-04-04 00:54:51,296 <requestor-worker-1:1998827, MainThread:140298684229440> (requestor.py:_fetch_single_async:216 -> requestor.py:_handle_error:99) from logger `RFC.requestor_failed`
[ERROR] failed on AudioBookAudioPage(1202996).AudioBookAudioFile(1202996), caught error "['TimeoutError'] TimeoutError()"

2024-04-04 00:54:51,299 <requestor-worker-1:1998827, MainThread:140298684229440> (requestor.py:_fetch_single_async:216 -> requestor.py:_handle_error:100) from logger `RFC.requestor_failed`
[ERROR] Traceback (most recent call last):
  File "/remote-home/qhgao/Workspace/Projects/RFC-crawlers/RFC-dev/RFC/req/requestor.py", line 206, in _fetch_single_async
    result = await middleware.apply_async(item, result, self._session._request_lib, self._session._async_lib)
  File "/remote-home/qhgao/Workspace/Projects/RFC-crawlers/RFC-dev/RFC/req/middleware.py", line 121, in apply_async
    self._handle_error(e, item, result)
  File "/remote-home/qhgao/Workspace/Projects/RFC-crawlers/RFC-dev/RFC/req/middleware.py", line 83, in _handle_error
    raise error
  File "/remote-home/qhgao/Workspace/Projects/RFC-crawlers/RFC-dev/RFC/req/middleware.py", line 114, in apply_async
    _result = await self._apply_async(item, result, request_lib, async_lib)
  File "/remote-home/qhgao/Workspace/Projects/RFC-crawlers/RFC-dev/RFC/req/middleware.py", line 316, in _apply_async
    result.content = result.json if 'json' in result else await get_content_async(result.response, request_lib)  # type: ignore
  File "/remote-home/qhgao/Workspace/Projects/RFC-crawlers/RFC-dev/RFC/req/middleware_func.py", line 88, in get_content_async
    return await resp.read()
  File "/remote-home/qhgao/Workspace/Applications/anaconda3/envs/share_py310/lib/python3.10/site-packages/aiohttp/client_reqrep.py", line 1037, in read
    self._body = await self.content.read()
  File "/remote-home/qhgao/Workspace/Applications/anaconda3/envs/share_py310/lib/python3.10/site-packages/aiohttp/streams.py", line 375, in read
    block = await self.readany()
  File "/remote-home/qhgao/Workspace/Applications/anaconda3/envs/share_py310/lib/python3.10/site-packages/aiohttp/streams.py", line 397, in readany
    await self._wait("readany")
  File "/remote-home/qhgao/Workspace/Applications/anaconda3/envs/share_py310/lib/python3.10/site-packages/aiohttp/streams.py", line 303, in _wait
    with self._timer:
  File "/remote-home/qhgao/Workspace/Applications/anaconda3/envs/share_py310/lib/python3.10/site-packages/aiohttp/helpers.py", line 721, in __exit__
    raise asyncio.TimeoutError from None
asyncio.exceptions.TimeoutError


2024-04-04 00:55:01,313 <requestor-worker-1:1998827, MainThread:140298684229440> (requestor.py:_fetch_single_async:216 -> requestor.py:_handle_error:99) from logger `RFC.requestor_failed`
[ERROR] failed on AudioBookAudioPage(1203000).AudioBookAudioFile(1203000), caught error "['TimeoutError'] TimeoutError()"

2024-04-04 00:55:01,315 <requestor-worker-1:1998827, MainThread:140298684229440> (requestor.py:_fetch_single_async:216 -> requestor.py:_handle_error:100) from logger `RFC.requestor_failed`
[ERROR] Traceback (most recent call last):
  File "/remote-home/qhgao/Workspace/Projects/RFC-crawlers/RFC-dev/RFC/req/requestor.py", line 206, in _fetch_single_async
    result = await middleware.apply_async(item, result, self._session._request_lib, self._session._async_lib)
  File "/remote-home/qhgao/Workspace/Projects/RFC-crawlers/RFC-dev/RFC/req/middleware.py", line 121, in apply_async
    self._handle_error(e, item, result)
  File "/remote-home/qhgao/Workspace/Projects/RFC-crawlers/RFC-dev/RFC/req/middleware.py", line 83, in _handle_error
    raise error
  File "/remote-home/qhgao/Workspace/Projects/RFC-crawlers/RFC-dev/RFC/req/middleware.py", line 114, in apply_async
    _result = await self._apply_async(item, result, request_lib, async_lib)
  File "/remote-home/qhgao/Workspace/Projects/RFC-crawlers/RFC-dev/RFC/req/middleware.py", line 316, in _apply_async
    result.content = result.json if 'json' in result else await get_content_async(result.response, request_lib)  # type: ignore
  File "/remote-home/qhgao/Workspace/Projects/RFC-crawlers/RFC-dev/RFC/req/middleware_func.py", line 88, in get_content_async
    return await resp.read()
  File "/remote-home/qhgao/Workspace/Applications/anaconda3/envs/share_py310/lib/python3.10/site-packages/aiohttp/client_reqrep.py", line 1037, in read
    self._body = await self.content.read()
  File "/remote-home/qhgao/Workspace/Applications/anaconda3/envs/share_py310/lib/python3.10/site-packages/aiohttp/streams.py", line 375, in read
    block = await self.readany()
  File "/remote-home/qhgao/Workspace/Applications/anaconda3/envs/share_py310/lib/python3.10/site-packages/aiohttp/streams.py", line 397, in readany
    await self._wait("readany")
  File "/remote-home/qhgao/Workspace/Applications/anaconda3/envs/share_py310/lib/python3.10/site-packages/aiohttp/streams.py", line 303, in _wait
    with self._timer:
  File "/remote-home/qhgao/Workspace/Applications/anaconda3/envs/share_py310/lib/python3.10/site-packages/aiohttp/helpers.py", line 721, in __exit__
    raise asyncio.TimeoutError from None
asyncio.exceptions.TimeoutError


2024-04-04 00:55:02,318 <requestor-worker-1:1998827, MainThread:140298684229440> (requestor.py:_fetch_single_async:216 -> requestor.py:_handle_error:99) from logger `RFC.requestor_failed`
[ERROR] failed on AudioBookAudioPage(1203226), caught error "['ValueError'] ValueError('unexpected status code 404 in response of AudioBookAudioPage(1203226)')"

2024-04-04 00:55:02,321 <requestor-worker-1:1998827, MainThread:140298684229440> (requestor.py:_fetch_single_async:216 -> requestor.py:_handle_error:100) from logger `RFC.requestor_failed`
[ERROR] Traceback (most recent call last):
  File "/remote-home/qhgao/Workspace/Projects/RFC-crawlers/RFC-dev/RFC/req/requestor.py", line 206, in _fetch_single_async
    result = await middleware.apply_async(item, result, self._session._request_lib, self._session._async_lib)
  File "/remote-home/qhgao/Workspace/Projects/RFC-crawlers/RFC-dev/RFC/req/middleware.py", line 121, in apply_async
    self._handle_error(e, item, result)
  File "/remote-home/qhgao/Workspace/Projects/RFC-crawlers/RFC-dev/RFC/req/middleware.py", line 83, in _handle_error
    raise error
  File "/remote-home/qhgao/Workspace/Projects/RFC-crawlers/RFC-dev/RFC/req/middleware.py", line 114, in apply_async
    _result = await self._apply_async(item, result, request_lib, async_lib)
  File "/remote-home/qhgao/Workspace/Projects/RFC-crawlers/RFC-dev/RFC/req/middleware.py", line 180, in _apply_async
    return self._apply_sync(item, result, request_lib)
  File "/remote-home/qhgao/Workspace/Projects/RFC-crawlers/RFC-dev/RFC/req/middleware.py", line 168, in _apply_sync
    raise ValueError(f"unexpected status code {repr(status_code)} in response of {repr(item)}")
ValueError: unexpected status code 404 in response of AudioBookAudioPage(1203226)


2024-04-04 00:55:10,298 <requestor-worker-1:1998827, MainThread:140298684229440> (requestor.py:_fetch_single_async:216 -> requestor.py:_handle_error:99) from logger `RFC.requestor_failed`
[ERROR] failed on AudioBookAudioPage(1203003).AudioBookAudioFile(1203003), caught error "['TimeoutError'] TimeoutError()"

2024-04-04 00:55:10,300 <requestor-worker-1:1998827, MainThread:140298684229440> (requestor.py:_fetch_single_async:216 -> requestor.py:_handle_error:100) from logger `RFC.requestor_failed`
[ERROR] Traceback (most recent call last):
  File "/remote-home/qhgao/Workspace/Projects/RFC-crawlers/RFC-dev/RFC/req/requestor.py", line 206, in _fetch_single_async
    result = await middleware.apply_async(item, result, self._session._request_lib, self._session._async_lib)
  File "/remote-home/qhgao/Workspace/Projects/RFC-crawlers/RFC-dev/RFC/req/middleware.py", line 121, in apply_async
    self._handle_error(e, item, result)
  File "/remote-home/qhgao/Workspace/Projects/RFC-crawlers/RFC-dev/RFC/req/middleware.py", line 83, in _handle_error
    raise error
  File "/remote-home/qhgao/Workspace/Projects/RFC-crawlers/RFC-dev/RFC/req/middleware.py", line 114, in apply_async
    _result = await self._apply_async(item, result, request_lib, async_lib)
  File "/remote-home/qhgao/Workspace/Projects/RFC-crawlers/RFC-dev/RFC/req/middleware.py", line 316, in _apply_async
    result.content = result.json if 'json' in result else await get_content_async(result.response, request_lib)  # type: ignore
  File "/remote-home/qhgao/Workspace/Projects/RFC-crawlers/RFC-dev/RFC/req/middleware_func.py", line 88, in get_content_async
    return await resp.read()
  File "/remote-home/qhgao/Workspace/Applications/anaconda3/envs/share_py310/lib/python3.10/site-packages/aiohttp/client_reqrep.py", line 1037, in read
    self._body = await self.content.read()
  File "/remote-home/qhgao/Workspace/Applications/anaconda3/envs/share_py310/lib/python3.10/site-packages/aiohttp/streams.py", line 375, in read
    block = await self.readany()
  File "/remote-home/qhgao/Workspace/Applications/anaconda3/envs/share_py310/lib/python3.10/site-packages/aiohttp/streams.py", line 397, in readany
    await self._wait("readany")
  File "/remote-home/qhgao/Workspace/Applications/anaconda3/envs/share_py310/lib/python3.10/site-packages/aiohttp/streams.py", line 303, in _wait
    with self._timer:
  File "/remote-home/qhgao/Workspace/Applications/anaconda3/envs/share_py310/lib/python3.10/site-packages/aiohttp/helpers.py", line 721, in __exit__
    raise asyncio.TimeoutError from None
asyncio.exceptions.TimeoutError


2024-04-04 00:55:17,968 <requestor-worker-1:1998827, MainThread:140298684229440> (requestor.py:_fetch_single_async:216 -> requestor.py:_handle_error:99) from logger `RFC.requestor_failed`
[ERROR] failed on AudioBookAudioPage(1203250), caught error "['ValueError'] ValueError('unexpected status code 404 in response of AudioBookAudioPage(1203250)')"

2024-04-04 00:55:17,970 <requestor-worker-1:1998827, MainThread:140298684229440> (requestor.py:_fetch_single_async:216 -> requestor.py:_handle_error:100) from logger `RFC.requestor_failed`
[ERROR] Traceback (most recent call last):
  File "/remote-home/qhgao/Workspace/Projects/RFC-crawlers/RFC-dev/RFC/req/requestor.py", line 206, in _fetch_single_async
    result = await middleware.apply_async(item, result, self._session._request_lib, self._session._async_lib)
  File "/remote-home/qhgao/Workspace/Projects/RFC-crawlers/RFC-dev/RFC/req/middleware.py", line 121, in apply_async
    self._handle_error(e, item, result)
  File "/remote-home/qhgao/Workspace/Projects/RFC-crawlers/RFC-dev/RFC/req/middleware.py", line 83, in _handle_error
    raise error
  File "/remote-home/qhgao/Workspace/Projects/RFC-crawlers/RFC-dev/RFC/req/middleware.py", line 114, in apply_async
    _result = await self._apply_async(item, result, request_lib, async_lib)
  File "/remote-home/qhgao/Workspace/Projects/RFC-crawlers/RFC-dev/RFC/req/middleware.py", line 180, in _apply_async
    return self._apply_sync(item, result, request_lib)
  File "/remote-home/qhgao/Workspace/Projects/RFC-crawlers/RFC-dev/RFC/req/middleware.py", line 168, in _apply_sync
    raise ValueError(f"unexpected status code {repr(status_code)} in response of {repr(item)}")
ValueError: unexpected status code 404 in response of AudioBookAudioPage(1203250)


2024-04-04 00:55:19,843 <requestor-worker-1:1998827, MainThread:140298684229440> (requestor.py:_fetch_single_async:216 -> requestor.py:_handle_error:99) from logger `RFC.requestor_failed`
[ERROR] failed on AudioBookAudioPage(1203257), caught error "['ValueError'] ValueError('unexpected status code 404 in response of AudioBookAudioPage(1203257)')"

2024-04-04 00:55:19,845 <requestor-worker-1:1998827, MainThread:140298684229440> (requestor.py:_fetch_single_async:216 -> requestor.py:_handle_error:100) from logger `RFC.requestor_failed`
[ERROR] Traceback (most recent call last):
  File "/remote-home/qhgao/Workspace/Projects/RFC-crawlers/RFC-dev/RFC/req/requestor.py", line 206, in _fetch_single_async
    result = await middleware.apply_async(item, result, self._session._request_lib, self._session._async_lib)
  File "/remote-home/qhgao/Workspace/Projects/RFC-crawlers/RFC-dev/RFC/req/middleware.py", line 121, in apply_async
    self._handle_error(e, item, result)
  File "/remote-home/qhgao/Workspace/Projects/RFC-crawlers/RFC-dev/RFC/req/middleware.py", line 83, in _handle_error
    raise error
  File "/remote-home/qhgao/Workspace/Projects/RFC-crawlers/RFC-dev/RFC/req/middleware.py", line 114, in apply_async
    _result = await self._apply_async(item, result, request_lib, async_lib)
  File "/remote-home/qhgao/Workspace/Projects/RFC-crawlers/RFC-dev/RFC/req/middleware.py", line 180, in _apply_async
    return self._apply_sync(item, result, request_lib)
  File "/remote-home/qhgao/Workspace/Projects/RFC-crawlers/RFC-dev/RFC/req/middleware.py", line 168, in _apply_sync
    raise ValueError(f"unexpected status code {repr(status_code)} in response of {repr(item)}")
ValueError: unexpected status code 404 in response of AudioBookAudioPage(1203257)


2024-04-04 00:55:24,324 <requestor-worker-1:1998827, MainThread:140298684229440> (requestor.py:_fetch_single_async:216 -> requestor.py:_handle_error:99) from logger `RFC.requestor_failed`
[ERROR] failed on AudioBookAudioPage(1203260), caught error "['ValueError'] ValueError('unexpected status code 404 in response of AudioBookAudioPage(1203260)')"

2024-04-04 00:55:24,325 <requestor-worker-1:1998827, MainThread:140298684229440> (requestor.py:_fetch_single_async:216 -> requestor.py:_handle_error:100) from logger `RFC.requestor_failed`
[ERROR] Traceback (most recent call last):
  File "/remote-home/qhgao/Workspace/Projects/RFC-crawlers/RFC-dev/RFC/req/requestor.py", line 206, in _fetch_single_async
    result = await middleware.apply_async(item, result, self._session._request_lib, self._session._async_lib)
  File "/remote-home/qhgao/Workspace/Projects/RFC-crawlers/RFC-dev/RFC/req/middleware.py", line 121, in apply_async
    self._handle_error(e, item, result)
  File "/remote-home/qhgao/Workspace/Projects/RFC-crawlers/RFC-dev/RFC/req/middleware.py", line 83, in _handle_error
    raise error
  File "/remote-home/qhgao/Workspace/Projects/RFC-crawlers/RFC-dev/RFC/req/middleware.py", line 114, in apply_async
    _result = await self._apply_async(item, result, request_lib, async_lib)
  File "/remote-home/qhgao/Workspace/Projects/RFC-crawlers/RFC-dev/RFC/req/middleware.py", line 180, in _apply_async
    return self._apply_sync(item, result, request_lib)
  File "/remote-home/qhgao/Workspace/Projects/RFC-crawlers/RFC-dev/RFC/req/middleware.py", line 168, in _apply_sync
    raise ValueError(f"unexpected status code {repr(status_code)} in response of {repr(item)}")
ValueError: unexpected status code 404 in response of AudioBookAudioPage(1203260)


2024-04-04 00:55:27,888 <requestor-worker-1:1998827, MainThread:140298684229440> (requestor.py:_fetch_single_async:216 -> requestor.py:_handle_error:99) from logger `RFC.requestor_failed`
[ERROR] failed on AudioBookAudioPage(1203274), caught error "['ValueError'] ValueError('unexpected status code 404 in response of AudioBookAudioPage(1203274)')"

2024-04-04 00:55:27,889 <requestor-worker-1:1998827, MainThread:140298684229440> (requestor.py:_fetch_single_async:216 -> requestor.py:_handle_error:100) from logger `RFC.requestor_failed`
[ERROR] Traceback (most recent call last):
  File "/remote-home/qhgao/Workspace/Projects/RFC-crawlers/RFC-dev/RFC/req/requestor.py", line 206, in _fetch_single_async
    result = await middleware.apply_async(item, result, self._session._request_lib, self._session._async_lib)
  File "/remote-home/qhgao/Workspace/Projects/RFC-crawlers/RFC-dev/RFC/req/middleware.py", line 121, in apply_async
    self._handle_error(e, item, result)
  File "/remote-home/qhgao/Workspace/Projects/RFC-crawlers/RFC-dev/RFC/req/middleware.py", line 83, in _handle_error
    raise error
  File "/remote-home/qhgao/Workspace/Projects/RFC-crawlers/RFC-dev/RFC/req/middleware.py", line 114, in apply_async
    _result = await self._apply_async(item, result, request_lib, async_lib)
  File "/remote-home/qhgao/Workspace/Projects/RFC-crawlers/RFC-dev/RFC/req/middleware.py", line 180, in _apply_async
    return self._apply_sync(item, result, request_lib)
  File "/remote-home/qhgao/Workspace/Projects/RFC-crawlers/RFC-dev/RFC/req/middleware.py", line 168, in _apply_sync
    raise ValueError(f"unexpected status code {repr(status_code)} in response of {repr(item)}")
ValueError: unexpected status code 404 in response of AudioBookAudioPage(1203274)


2024-04-04 00:55:28,433 <requestor-worker-1:1998827, MainThread:140298684229440> (requestor.py:_fetch_single_async:216 -> requestor.py:_handle_error:99) from logger `RFC.requestor_failed`
[ERROR] failed on AudioBookAudioPage(1203271), caught error "['ValueError'] ValueError('unexpected status code 404 in response of AudioBookAudioPage(1203271)')"

2024-04-04 00:55:28,436 <requestor-worker-1:1998827, MainThread:140298684229440> (requestor.py:_fetch_single_async:216 -> requestor.py:_handle_error:100) from logger `RFC.requestor_failed`
[ERROR] Traceback (most recent call last):
  File "/remote-home/qhgao/Workspace/Projects/RFC-crawlers/RFC-dev/RFC/req/requestor.py", line 206, in _fetch_single_async
    result = await middleware.apply_async(item, result, self._session._request_lib, self._session._async_lib)
  File "/remote-home/qhgao/Workspace/Projects/RFC-crawlers/RFC-dev/RFC/req/middleware.py", line 121, in apply_async
    self._handle_error(e, item, result)
  File "/remote-home/qhgao/Workspace/Projects/RFC-crawlers/RFC-dev/RFC/req/middleware.py", line 83, in _handle_error
    raise error
  File "/remote-home/qhgao/Workspace/Projects/RFC-crawlers/RFC-dev/RFC/req/middleware.py", line 114, in apply_async
    _result = await self._apply_async(item, result, request_lib, async_lib)
  File "/remote-home/qhgao/Workspace/Projects/RFC-crawlers/RFC-dev/RFC/req/middleware.py", line 180, in _apply_async
    return self._apply_sync(item, result, request_lib)
  File "/remote-home/qhgao/Workspace/Projects/RFC-crawlers/RFC-dev/RFC/req/middleware.py", line 168, in _apply_sync
    raise ValueError(f"unexpected status code {repr(status_code)} in response of {repr(item)}")
ValueError: unexpected status code 404 in response of AudioBookAudioPage(1203271)


2024-04-04 00:56:04,136 <requestor-worker-1:1998827, MainThread:140298684229440> (requestor.py:_fetch_single_async:216 -> requestor.py:_handle_error:99) from logger `RFC.requestor_failed`
[ERROR] failed on AudioBookAudioPage(1203298), caught error "['ValueError'] ValueError('unexpected status code 404 in response of AudioBookAudioPage(1203298)')"

2024-04-04 00:56:04,137 <requestor-worker-1:1998827, MainThread:140298684229440> (requestor.py:_fetch_single_async:216 -> requestor.py:_handle_error:100) from logger `RFC.requestor_failed`
[ERROR] Traceback (most recent call last):
  File "/remote-home/qhgao/Workspace/Projects/RFC-crawlers/RFC-dev/RFC/req/requestor.py", line 206, in _fetch_single_async
    result = await middleware.apply_async(item, result, self._session._request_lib, self._session._async_lib)
  File "/remote-home/qhgao/Workspace/Projects/RFC-crawlers/RFC-dev/RFC/req/middleware.py", line 121, in apply_async
    self._handle_error(e, item, result)
  File "/remote-home/qhgao/Workspace/Projects/RFC-crawlers/RFC-dev/RFC/req/middleware.py", line 83, in _handle_error
    raise error
  File "/remote-home/qhgao/Workspace/Projects/RFC-crawlers/RFC-dev/RFC/req/middleware.py", line 114, in apply_async
    _result = await self._apply_async(item, result, request_lib, async_lib)
  File "/remote-home/qhgao/Workspace/Projects/RFC-crawlers/RFC-dev/RFC/req/middleware.py", line 180, in _apply_async
    return self._apply_sync(item, result, request_lib)
  File "/remote-home/qhgao/Workspace/Projects/RFC-crawlers/RFC-dev/RFC/req/middleware.py", line 168, in _apply_sync
    raise ValueError(f"unexpected status code {repr(status_code)} in response of {repr(item)}")
ValueError: unexpected status code 404 in response of AudioBookAudioPage(1203298)


2024-04-04 00:56:10,411 <requestor-worker-1:1998827, MainThread:140298684229440> (requestor.py:_fetch_single_async:216 -> requestor.py:_handle_error:99) from logger `RFC.requestor_failed`
[ERROR] failed on AudioBookAudioPage(1203307), caught error "['ValueError'] ValueError('unexpected status code 404 in response of AudioBookAudioPage(1203307)')"

2024-04-04 00:56:10,412 <requestor-worker-1:1998827, MainThread:140298684229440> (requestor.py:_fetch_single_async:216 -> requestor.py:_handle_error:100) from logger `RFC.requestor_failed`
[ERROR] Traceback (most recent call last):
  File "/remote-home/qhgao/Workspace/Projects/RFC-crawlers/RFC-dev/RFC/req/requestor.py", line 206, in _fetch_single_async
    result = await middleware.apply_async(item, result, self._session._request_lib, self._session._async_lib)
  File "/remote-home/qhgao/Workspace/Projects/RFC-crawlers/RFC-dev/RFC/req/middleware.py", line 121, in apply_async
    self._handle_error(e, item, result)
  File "/remote-home/qhgao/Workspace/Projects/RFC-crawlers/RFC-dev/RFC/req/middleware.py", line 83, in _handle_error
    raise error
  File "/remote-home/qhgao/Workspace/Projects/RFC-crawlers/RFC-dev/RFC/req/middleware.py", line 114, in apply_async
    _result = await self._apply_async(item, result, request_lib, async_lib)
  File "/remote-home/qhgao/Workspace/Projects/RFC-crawlers/RFC-dev/RFC/req/middleware.py", line 180, in _apply_async
    return self._apply_sync(item, result, request_lib)
  File "/remote-home/qhgao/Workspace/Projects/RFC-crawlers/RFC-dev/RFC/req/middleware.py", line 168, in _apply_sync
    raise ValueError(f"unexpected status code {repr(status_code)} in response of {repr(item)}")
ValueError: unexpected status code 404 in response of AudioBookAudioPage(1203307)


2024-04-04 00:57:02,578 <requestor-worker-1:1998827, MainThread:140298684229440> (requestor.py:_fetch_single_async:216 -> requestor.py:_handle_error:99) from logger `RFC.requestor_failed`
[ERROR] failed on AudioBookAudioPage(1203075).AudioBookAudioFile(1203075), caught error "['TimeoutError'] TimeoutError()"

2024-04-04 00:57:02,580 <requestor-worker-1:1998827, MainThread:140298684229440> (requestor.py:_fetch_single_async:216 -> requestor.py:_handle_error:100) from logger `RFC.requestor_failed`
[ERROR] Traceback (most recent call last):
  File "/remote-home/qhgao/Workspace/Projects/RFC-crawlers/RFC-dev/RFC/req/requestor.py", line 206, in _fetch_single_async
    result = await middleware.apply_async(item, result, self._session._request_lib, self._session._async_lib)
  File "/remote-home/qhgao/Workspace/Projects/RFC-crawlers/RFC-dev/RFC/req/middleware.py", line 121, in apply_async
    self._handle_error(e, item, result)
  File "/remote-home/qhgao/Workspace/Projects/RFC-crawlers/RFC-dev/RFC/req/middleware.py", line 83, in _handle_error
    raise error
  File "/remote-home/qhgao/Workspace/Projects/RFC-crawlers/RFC-dev/RFC/req/middleware.py", line 114, in apply_async
    _result = await self._apply_async(item, result, request_lib, async_lib)
  File "/remote-home/qhgao/Workspace/Projects/RFC-crawlers/RFC-dev/RFC/req/middleware.py", line 316, in _apply_async
    result.content = result.json if 'json' in result else await get_content_async(result.response, request_lib)  # type: ignore
  File "/remote-home/qhgao/Workspace/Projects/RFC-crawlers/RFC-dev/RFC/req/middleware_func.py", line 88, in get_content_async
    return await resp.read()
  File "/remote-home/qhgao/Workspace/Applications/anaconda3/envs/share_py310/lib/python3.10/site-packages/aiohttp/client_reqrep.py", line 1037, in read
    self._body = await self.content.read()
  File "/remote-home/qhgao/Workspace/Applications/anaconda3/envs/share_py310/lib/python3.10/site-packages/aiohttp/streams.py", line 375, in read
    block = await self.readany()
  File "/remote-home/qhgao/Workspace/Applications/anaconda3/envs/share_py310/lib/python3.10/site-packages/aiohttp/streams.py", line 397, in readany
    await self._wait("readany")
  File "/remote-home/qhgao/Workspace/Applications/anaconda3/envs/share_py310/lib/python3.10/site-packages/aiohttp/streams.py", line 303, in _wait
    with self._timer:
  File "/remote-home/qhgao/Workspace/Applications/anaconda3/envs/share_py310/lib/python3.10/site-packages/aiohttp/helpers.py", line 721, in __exit__
    raise asyncio.TimeoutError from None
asyncio.exceptions.TimeoutError


2024-04-04 00:57:03,300 <requestor-worker-1:1998827, MainThread:140298684229440> (requestor.py:_fetch_single_async:216 -> requestor.py:_handle_error:99) from logger `RFC.requestor_failed`
[ERROR] failed on AudioBookAudioPage(1203085).AudioBookAudioFile(1203085), caught error "['TimeoutError'] TimeoutError()"

2024-04-04 00:57:03,303 <requestor-worker-1:1998827, MainThread:140298684229440> (requestor.py:_fetch_single_async:216 -> requestor.py:_handle_error:100) from logger `RFC.requestor_failed`
[ERROR] Traceback (most recent call last):
  File "/remote-home/qhgao/Workspace/Projects/RFC-crawlers/RFC-dev/RFC/req/requestor.py", line 206, in _fetch_single_async
    result = await middleware.apply_async(item, result, self._session._request_lib, self._session._async_lib)
  File "/remote-home/qhgao/Workspace/Projects/RFC-crawlers/RFC-dev/RFC/req/middleware.py", line 121, in apply_async
    self._handle_error(e, item, result)
  File "/remote-home/qhgao/Workspace/Projects/RFC-crawlers/RFC-dev/RFC/req/middleware.py", line 83, in _handle_error
    raise error
  File "/remote-home/qhgao/Workspace/Projects/RFC-crawlers/RFC-dev/RFC/req/middleware.py", line 114, in apply_async
    _result = await self._apply_async(item, result, request_lib, async_lib)
  File "/remote-home/qhgao/Workspace/Projects/RFC-crawlers/RFC-dev/RFC/req/middleware.py", line 316, in _apply_async
    result.content = result.json if 'json' in result else await get_content_async(result.response, request_lib)  # type: ignore
  File "/remote-home/qhgao/Workspace/Projects/RFC-crawlers/RFC-dev/RFC/req/middleware_func.py", line 88, in get_content_async
    return await resp.read()
  File "/remote-home/qhgao/Workspace/Applications/anaconda3/envs/share_py310/lib/python3.10/site-packages/aiohttp/client_reqrep.py", line 1037, in read
    self._body = await self.content.read()
  File "/remote-home/qhgao/Workspace/Applications/anaconda3/envs/share_py310/lib/python3.10/site-packages/aiohttp/streams.py", line 375, in read
    block = await self.readany()
  File "/remote-home/qhgao/Workspace/Applications/anaconda3/envs/share_py310/lib/python3.10/site-packages/aiohttp/streams.py", line 397, in readany
    await self._wait("readany")
  File "/remote-home/qhgao/Workspace/Applications/anaconda3/envs/share_py310/lib/python3.10/site-packages/aiohttp/streams.py", line 303, in _wait
    with self._timer:
  File "/remote-home/qhgao/Workspace/Applications/anaconda3/envs/share_py310/lib/python3.10/site-packages/aiohttp/helpers.py", line 721, in __exit__
    raise asyncio.TimeoutError from None
asyncio.exceptions.TimeoutError


2024-04-04 00:57:07,335 <requestor-worker-1:1998827, MainThread:140298684229440> (requestor.py:_fetch_single_async:216 -> requestor.py:_handle_error:99) from logger `RFC.requestor_failed`
[ERROR] failed on AudioBookAudioPage(1203084).AudioBookAudioFile(1203084), caught error "['TimeoutError'] TimeoutError()"

2024-04-04 00:57:07,338 <requestor-worker-1:1998827, MainThread:140298684229440> (requestor.py:_fetch_single_async:216 -> requestor.py:_handle_error:100) from logger `RFC.requestor_failed`
[ERROR] Traceback (most recent call last):
  File "/remote-home/qhgao/Workspace/Projects/RFC-crawlers/RFC-dev/RFC/req/requestor.py", line 206, in _fetch_single_async
    result = await middleware.apply_async(item, result, self._session._request_lib, self._session._async_lib)
  File "/remote-home/qhgao/Workspace/Projects/RFC-crawlers/RFC-dev/RFC/req/middleware.py", line 121, in apply_async
    self._handle_error(e, item, result)
  File "/remote-home/qhgao/Workspace/Projects/RFC-crawlers/RFC-dev/RFC/req/middleware.py", line 83, in _handle_error
    raise error
  File "/remote-home/qhgao/Workspace/Projects/RFC-crawlers/RFC-dev/RFC/req/middleware.py", line 114, in apply_async
    _result = await self._apply_async(item, result, request_lib, async_lib)
  File "/remote-home/qhgao/Workspace/Projects/RFC-crawlers/RFC-dev/RFC/req/middleware.py", line 316, in _apply_async
    result.content = result.json if 'json' in result else await get_content_async(result.response, request_lib)  # type: ignore
  File "/remote-home/qhgao/Workspace/Projects/RFC-crawlers/RFC-dev/RFC/req/middleware_func.py", line 88, in get_content_async
    return await resp.read()
  File "/remote-home/qhgao/Workspace/Applications/anaconda3/envs/share_py310/lib/python3.10/site-packages/aiohttp/client_reqrep.py", line 1037, in read
    self._body = await self.content.read()
  File "/remote-home/qhgao/Workspace/Applications/anaconda3/envs/share_py310/lib/python3.10/site-packages/aiohttp/streams.py", line 375, in read
    block = await self.readany()
  File "/remote-home/qhgao/Workspace/Applications/anaconda3/envs/share_py310/lib/python3.10/site-packages/aiohttp/streams.py", line 397, in readany
    await self._wait("readany")
  File "/remote-home/qhgao/Workspace/Applications/anaconda3/envs/share_py310/lib/python3.10/site-packages/aiohttp/streams.py", line 303, in _wait
    with self._timer:
  File "/remote-home/qhgao/Workspace/Applications/anaconda3/envs/share_py310/lib/python3.10/site-packages/aiohttp/helpers.py", line 721, in __exit__
    raise asyncio.TimeoutError from None
asyncio.exceptions.TimeoutError


2024-04-04 00:57:53,295 <requestor-worker-1:1998827, MainThread:140298684229440> (requestor.py:_fetch_single_async:216 -> requestor.py:_handle_error:99) from logger `RFC.requestor_failed`
[ERROR] failed on AudioBookAudioPage(1203141).AudioBookAudioFile(1203141), caught error "['TimeoutError'] TimeoutError()"

2024-04-04 00:57:53,297 <requestor-worker-1:1998827, MainThread:140298684229440> (requestor.py:_fetch_single_async:216 -> requestor.py:_handle_error:100) from logger `RFC.requestor_failed`
[ERROR] Traceback (most recent call last):
  File "/remote-home/qhgao/Workspace/Projects/RFC-crawlers/RFC-dev/RFC/req/requestor.py", line 206, in _fetch_single_async
    result = await middleware.apply_async(item, result, self._session._request_lib, self._session._async_lib)
  File "/remote-home/qhgao/Workspace/Projects/RFC-crawlers/RFC-dev/RFC/req/middleware.py", line 121, in apply_async
    self._handle_error(e, item, result)
  File "/remote-home/qhgao/Workspace/Projects/RFC-crawlers/RFC-dev/RFC/req/middleware.py", line 83, in _handle_error
    raise error
  File "/remote-home/qhgao/Workspace/Projects/RFC-crawlers/RFC-dev/RFC/req/middleware.py", line 114, in apply_async
    _result = await self._apply_async(item, result, request_lib, async_lib)
  File "/remote-home/qhgao/Workspace/Projects/RFC-crawlers/RFC-dev/RFC/req/middleware.py", line 316, in _apply_async
    result.content = result.json if 'json' in result else await get_content_async(result.response, request_lib)  # type: ignore
  File "/remote-home/qhgao/Workspace/Projects/RFC-crawlers/RFC-dev/RFC/req/middleware_func.py", line 88, in get_content_async
    return await resp.read()
  File "/remote-home/qhgao/Workspace/Applications/anaconda3/envs/share_py310/lib/python3.10/site-packages/aiohttp/client_reqrep.py", line 1037, in read
    self._body = await self.content.read()
  File "/remote-home/qhgao/Workspace/Applications/anaconda3/envs/share_py310/lib/python3.10/site-packages/aiohttp/streams.py", line 375, in read
    block = await self.readany()
  File "/remote-home/qhgao/Workspace/Applications/anaconda3/envs/share_py310/lib/python3.10/site-packages/aiohttp/streams.py", line 397, in readany
    await self._wait("readany")
  File "/remote-home/qhgao/Workspace/Applications/anaconda3/envs/share_py310/lib/python3.10/site-packages/aiohttp/streams.py", line 303, in _wait
    with self._timer:
  File "/remote-home/qhgao/Workspace/Applications/anaconda3/envs/share_py310/lib/python3.10/site-packages/aiohttp/helpers.py", line 721, in __exit__
    raise asyncio.TimeoutError from None
asyncio.exceptions.TimeoutError


2024-04-04 00:58:01,300 <requestor-worker-1:1998827, MainThread:140298684229440> (requestor.py:_fetch_single_async:216 -> requestor.py:_handle_error:99) from logger `RFC.requestor_failed`
[ERROR] failed on AudioBookAudioPage(1203148).AudioBookAudioFile(1203148), caught error "['TimeoutError'] TimeoutError()"

2024-04-04 00:58:01,301 <requestor-worker-1:1998827, MainThread:140298684229440> (requestor.py:_fetch_single_async:216 -> requestor.py:_handle_error:100) from logger `RFC.requestor_failed`
[ERROR] Traceback (most recent call last):
  File "/remote-home/qhgao/Workspace/Projects/RFC-crawlers/RFC-dev/RFC/req/requestor.py", line 206, in _fetch_single_async
    result = await middleware.apply_async(item, result, self._session._request_lib, self._session._async_lib)
  File "/remote-home/qhgao/Workspace/Projects/RFC-crawlers/RFC-dev/RFC/req/middleware.py", line 121, in apply_async
    self._handle_error(e, item, result)
  File "/remote-home/qhgao/Workspace/Projects/RFC-crawlers/RFC-dev/RFC/req/middleware.py", line 83, in _handle_error
    raise error
  File "/remote-home/qhgao/Workspace/Projects/RFC-crawlers/RFC-dev/RFC/req/middleware.py", line 114, in apply_async
    _result = await self._apply_async(item, result, request_lib, async_lib)
  File "/remote-home/qhgao/Workspace/Projects/RFC-crawlers/RFC-dev/RFC/req/middleware.py", line 316, in _apply_async
    result.content = result.json if 'json' in result else await get_content_async(result.response, request_lib)  # type: ignore
  File "/remote-home/qhgao/Workspace/Projects/RFC-crawlers/RFC-dev/RFC/req/middleware_func.py", line 88, in get_content_async
    return await resp.read()
  File "/remote-home/qhgao/Workspace/Applications/anaconda3/envs/share_py310/lib/python3.10/site-packages/aiohttp/client_reqrep.py", line 1037, in read
    self._body = await self.content.read()
  File "/remote-home/qhgao/Workspace/Applications/anaconda3/envs/share_py310/lib/python3.10/site-packages/aiohttp/streams.py", line 375, in read
    block = await self.readany()
  File "/remote-home/qhgao/Workspace/Applications/anaconda3/envs/share_py310/lib/python3.10/site-packages/aiohttp/streams.py", line 397, in readany
    await self._wait("readany")
  File "/remote-home/qhgao/Workspace/Applications/anaconda3/envs/share_py310/lib/python3.10/site-packages/aiohttp/streams.py", line 303, in _wait
    with self._timer:
  File "/remote-home/qhgao/Workspace/Applications/anaconda3/envs/share_py310/lib/python3.10/site-packages/aiohttp/helpers.py", line 721, in __exit__
    raise asyncio.TimeoutError from None
asyncio.exceptions.TimeoutError


2024-04-04 00:58:02,297 <requestor-worker-1:1998827, MainThread:140298684229440> (requestor.py:_fetch_single_async:216 -> requestor.py:_handle_error:99) from logger `RFC.requestor_failed`
[ERROR] failed on AudioBookAudioPage(1203150).AudioBookAudioFile(1203150), caught error "['TimeoutError'] TimeoutError()"

2024-04-04 00:58:02,299 <requestor-worker-1:1998827, MainThread:140298684229440> (requestor.py:_fetch_single_async:216 -> requestor.py:_handle_error:100) from logger `RFC.requestor_failed`
[ERROR] Traceback (most recent call last):
  File "/remote-home/qhgao/Workspace/Projects/RFC-crawlers/RFC-dev/RFC/req/requestor.py", line 206, in _fetch_single_async
    result = await middleware.apply_async(item, result, self._session._request_lib, self._session._async_lib)
  File "/remote-home/qhgao/Workspace/Projects/RFC-crawlers/RFC-dev/RFC/req/middleware.py", line 121, in apply_async
    self._handle_error(e, item, result)
  File "/remote-home/qhgao/Workspace/Projects/RFC-crawlers/RFC-dev/RFC/req/middleware.py", line 83, in _handle_error
    raise error
  File "/remote-home/qhgao/Workspace/Projects/RFC-crawlers/RFC-dev/RFC/req/middleware.py", line 114, in apply_async
    _result = await self._apply_async(item, result, request_lib, async_lib)
  File "/remote-home/qhgao/Workspace/Projects/RFC-crawlers/RFC-dev/RFC/req/middleware.py", line 316, in _apply_async
    result.content = result.json if 'json' in result else await get_content_async(result.response, request_lib)  # type: ignore
  File "/remote-home/qhgao/Workspace/Projects/RFC-crawlers/RFC-dev/RFC/req/middleware_func.py", line 88, in get_content_async
    return await resp.read()
  File "/remote-home/qhgao/Workspace/Applications/anaconda3/envs/share_py310/lib/python3.10/site-packages/aiohttp/client_reqrep.py", line 1037, in read
    self._body = await self.content.read()
  File "/remote-home/qhgao/Workspace/Applications/anaconda3/envs/share_py310/lib/python3.10/site-packages/aiohttp/streams.py", line 375, in read
    block = await self.readany()
  File "/remote-home/qhgao/Workspace/Applications/anaconda3/envs/share_py310/lib/python3.10/site-packages/aiohttp/streams.py", line 397, in readany
    await self._wait("readany")
  File "/remote-home/qhgao/Workspace/Applications/anaconda3/envs/share_py310/lib/python3.10/site-packages/aiohttp/streams.py", line 303, in _wait
    with self._timer:
  File "/remote-home/qhgao/Workspace/Applications/anaconda3/envs/share_py310/lib/python3.10/site-packages/aiohttp/helpers.py", line 721, in __exit__
    raise asyncio.TimeoutError from None
asyncio.exceptions.TimeoutError


2024-04-04 00:58:41,301 <requestor-worker-1:1998827, MainThread:140298684229440> (requestor.py:_fetch_single_async:216 -> requestor.py:_handle_error:99) from logger `RFC.requestor_failed`
[ERROR] failed on AudioBookAudioPage(1203460), caught error "['TimeoutError'] TimeoutError()"

2024-04-04 00:58:41,302 <requestor-worker-1:1998827, MainThread:140298684229440> (requestor.py:_fetch_single_async:216 -> requestor.py:_handle_error:100) from logger `RFC.requestor_failed`
[ERROR] Traceback (most recent call last):
  File "/remote-home/qhgao/Workspace/Projects/RFC-crawlers/RFC-dev/RFC/req/requestor.py", line 206, in _fetch_single_async
    result = await middleware.apply_async(item, result, self._session._request_lib, self._session._async_lib)
  File "/remote-home/qhgao/Workspace/Projects/RFC-crawlers/RFC-dev/RFC/req/middleware.py", line 121, in apply_async
    self._handle_error(e, item, result)
  File "/remote-home/qhgao/Workspace/Projects/RFC-crawlers/RFC-dev/RFC/req/middleware.py", line 83, in _handle_error
    raise error
  File "/remote-home/qhgao/Workspace/Projects/RFC-crawlers/RFC-dev/RFC/req/middleware.py", line 114, in apply_async
    _result = await self._apply_async(item, result, request_lib, async_lib)
  File "/remote-home/qhgao/Workspace/Projects/RFC-crawlers/RFC-dev/RFC/req/middleware.py", line 316, in _apply_async
    result.content = result.json if 'json' in result else await get_content_async(result.response, request_lib)  # type: ignore
  File "/remote-home/qhgao/Workspace/Projects/RFC-crawlers/RFC-dev/RFC/req/middleware_func.py", line 88, in get_content_async
    return await resp.read()
  File "/remote-home/qhgao/Workspace/Applications/anaconda3/envs/share_py310/lib/python3.10/site-packages/aiohttp/client_reqrep.py", line 1037, in read
    self._body = await self.content.read()
  File "/remote-home/qhgao/Workspace/Applications/anaconda3/envs/share_py310/lib/python3.10/site-packages/aiohttp/streams.py", line 375, in read
    block = await self.readany()
  File "/remote-home/qhgao/Workspace/Applications/anaconda3/envs/share_py310/lib/python3.10/site-packages/aiohttp/streams.py", line 397, in readany
    await self._wait("readany")
  File "/remote-home/qhgao/Workspace/Applications/anaconda3/envs/share_py310/lib/python3.10/site-packages/aiohttp/streams.py", line 303, in _wait
    with self._timer:
  File "/remote-home/qhgao/Workspace/Applications/anaconda3/envs/share_py310/lib/python3.10/site-packages/aiohttp/helpers.py", line 721, in __exit__
    raise asyncio.TimeoutError from None
asyncio.exceptions.TimeoutError


2024-04-04 00:58:51,932 <requestor-worker-1:1998827, MainThread:140298684229440> (requestor.py:_fetch_single_async:216 -> requestor.py:_handle_error:99) from logger `RFC.requestor_failed`
[ERROR] failed on AudioBookAudioPage(1203490), caught error "['ValueError'] ValueError('unexpected status code 404 in response of AudioBookAudioPage(1203490)')"

2024-04-04 00:58:51,935 <requestor-worker-1:1998827, MainThread:140298684229440> (requestor.py:_fetch_single_async:216 -> requestor.py:_handle_error:100) from logger `RFC.requestor_failed`
[ERROR] Traceback (most recent call last):
  File "/remote-home/qhgao/Workspace/Projects/RFC-crawlers/RFC-dev/RFC/req/requestor.py", line 206, in _fetch_single_async
    result = await middleware.apply_async(item, result, self._session._request_lib, self._session._async_lib)
  File "/remote-home/qhgao/Workspace/Projects/RFC-crawlers/RFC-dev/RFC/req/middleware.py", line 121, in apply_async
    self._handle_error(e, item, result)
  File "/remote-home/qhgao/Workspace/Projects/RFC-crawlers/RFC-dev/RFC/req/middleware.py", line 83, in _handle_error
    raise error
  File "/remote-home/qhgao/Workspace/Projects/RFC-crawlers/RFC-dev/RFC/req/middleware.py", line 114, in apply_async
    _result = await self._apply_async(item, result, request_lib, async_lib)
  File "/remote-home/qhgao/Workspace/Projects/RFC-crawlers/RFC-dev/RFC/req/middleware.py", line 180, in _apply_async
    return self._apply_sync(item, result, request_lib)
  File "/remote-home/qhgao/Workspace/Projects/RFC-crawlers/RFC-dev/RFC/req/middleware.py", line 168, in _apply_sync
    raise ValueError(f"unexpected status code {repr(status_code)} in response of {repr(item)}")
ValueError: unexpected status code 404 in response of AudioBookAudioPage(1203490)


2024-04-04 00:59:12,297 <requestor-worker-1:1998827, MainThread:140298684229440> (requestor.py:_fetch_single_async:216 -> requestor.py:_handle_error:99) from logger `RFC.requestor_failed`
[ERROR] failed on AudioBookAudioPage(1203199).AudioBookAudioFile(1203199), caught error "['TimeoutError'] TimeoutError()"

2024-04-04 00:59:12,300 <requestor-worker-1:1998827, MainThread:140298684229440> (requestor.py:_fetch_single_async:216 -> requestor.py:_handle_error:100) from logger `RFC.requestor_failed`
[ERROR] Traceback (most recent call last):
  File "/remote-home/qhgao/Workspace/Projects/RFC-crawlers/RFC-dev/RFC/req/requestor.py", line 206, in _fetch_single_async
    result = await middleware.apply_async(item, result, self._session._request_lib, self._session._async_lib)
  File "/remote-home/qhgao/Workspace/Projects/RFC-crawlers/RFC-dev/RFC/req/middleware.py", line 121, in apply_async
    self._handle_error(e, item, result)
  File "/remote-home/qhgao/Workspace/Projects/RFC-crawlers/RFC-dev/RFC/req/middleware.py", line 83, in _handle_error
    raise error
  File "/remote-home/qhgao/Workspace/Projects/RFC-crawlers/RFC-dev/RFC/req/middleware.py", line 114, in apply_async
    _result = await self._apply_async(item, result, request_lib, async_lib)
  File "/remote-home/qhgao/Workspace/Projects/RFC-crawlers/RFC-dev/RFC/req/middleware.py", line 316, in _apply_async
    result.content = result.json if 'json' in result else await get_content_async(result.response, request_lib)  # type: ignore
  File "/remote-home/qhgao/Workspace/Projects/RFC-crawlers/RFC-dev/RFC/req/middleware_func.py", line 88, in get_content_async
    return await resp.read()
  File "/remote-home/qhgao/Workspace/Applications/anaconda3/envs/share_py310/lib/python3.10/site-packages/aiohttp/client_reqrep.py", line 1037, in read
    self._body = await self.content.read()
  File "/remote-home/qhgao/Workspace/Applications/anaconda3/envs/share_py310/lib/python3.10/site-packages/aiohttp/streams.py", line 375, in read
    block = await self.readany()
  File "/remote-home/qhgao/Workspace/Applications/anaconda3/envs/share_py310/lib/python3.10/site-packages/aiohttp/streams.py", line 397, in readany
    await self._wait("readany")
  File "/remote-home/qhgao/Workspace/Applications/anaconda3/envs/share_py310/lib/python3.10/site-packages/aiohttp/streams.py", line 303, in _wait
    with self._timer:
  File "/remote-home/qhgao/Workspace/Applications/anaconda3/envs/share_py310/lib/python3.10/site-packages/aiohttp/helpers.py", line 721, in __exit__
    raise asyncio.TimeoutError from None
asyncio.exceptions.TimeoutError


2024-04-04 00:59:17,050 <requestor-worker-1:1998827, MainThread:140298684229440> (requestor.py:_fetch_single_async:216 -> requestor.py:_handle_error:99) from logger `RFC.requestor_failed`
[ERROR] failed on AudioBookAudioPage(1203497), caught error "['TimeoutError'] TimeoutError()"

2024-04-04 00:59:17,052 <requestor-worker-1:1998827, MainThread:140298684229440> (requestor.py:_fetch_single_async:216 -> requestor.py:_handle_error:100) from logger `RFC.requestor_failed`
[ERROR] Traceback (most recent call last):
  File "/remote-home/qhgao/Workspace/Projects/RFC-crawlers/RFC-dev/RFC/req/requestor.py", line 199, in _fetch_single_async
    resp = await self._session.request(item)
  File "/remote-home/qhgao/Workspace/Projects/RFC-crawlers/RFC-dev/RFC/req/session.py", line 320, in request
    return await self._session.request(**request_args)
  File "/remote-home/qhgao/Workspace/Applications/anaconda3/envs/share_py310/lib/python3.10/site-packages/aiohttp/client.py", line 560, in _request
    await resp.start(conn)
  File "/remote-home/qhgao/Workspace/Applications/anaconda3/envs/share_py310/lib/python3.10/site-packages/aiohttp/client_reqrep.py", line 894, in start
    with self._timer:
  File "/remote-home/qhgao/Workspace/Applications/anaconda3/envs/share_py310/lib/python3.10/site-packages/aiohttp/helpers.py", line 721, in __exit__
    raise asyncio.TimeoutError from None
asyncio.exceptions.TimeoutError


2024-04-04 00:59:19,542 <requestor-worker-1:1998827, MainThread:140298684229440> (requestor.py:_fetch_single_async:216 -> requestor.py:_handle_error:99) from logger `RFC.requestor_failed`
[ERROR] failed on AudioBookAudioPage(1203504), caught error "['ValueError'] ValueError('unexpected status code 404 in response of AudioBookAudioPage(1203504)')"

2024-04-04 00:59:19,544 <requestor-worker-1:1998827, MainThread:140298684229440> (requestor.py:_fetch_single_async:216 -> requestor.py:_handle_error:100) from logger `RFC.requestor_failed`
[ERROR] Traceback (most recent call last):
  File "/remote-home/qhgao/Workspace/Projects/RFC-crawlers/RFC-dev/RFC/req/requestor.py", line 206, in _fetch_single_async
    result = await middleware.apply_async(item, result, self._session._request_lib, self._session._async_lib)
  File "/remote-home/qhgao/Workspace/Projects/RFC-crawlers/RFC-dev/RFC/req/middleware.py", line 121, in apply_async
    self._handle_error(e, item, result)
  File "/remote-home/qhgao/Workspace/Projects/RFC-crawlers/RFC-dev/RFC/req/middleware.py", line 83, in _handle_error
    raise error
  File "/remote-home/qhgao/Workspace/Projects/RFC-crawlers/RFC-dev/RFC/req/middleware.py", line 114, in apply_async
    _result = await self._apply_async(item, result, request_lib, async_lib)
  File "/remote-home/qhgao/Workspace/Projects/RFC-crawlers/RFC-dev/RFC/req/middleware.py", line 180, in _apply_async
    return self._apply_sync(item, result, request_lib)
  File "/remote-home/qhgao/Workspace/Projects/RFC-crawlers/RFC-dev/RFC/req/middleware.py", line 168, in _apply_sync
    raise ValueError(f"unexpected status code {repr(status_code)} in response of {repr(item)}")
ValueError: unexpected status code 404 in response of AudioBookAudioPage(1203504)


2024-04-04 00:59:25,297 <requestor-worker-1:1998827, MainThread:140298684229440> (requestor.py:_fetch_single_async:216 -> requestor.py:_handle_error:99) from logger `RFC.requestor_failed`
[ERROR] failed on AudioBookAudioPage(1203239).AudioBookAudioFile(1203239), caught error "['TimeoutError'] TimeoutError()"

2024-04-04 00:59:25,300 <requestor-worker-1:1998827, MainThread:140298684229440> (requestor.py:_fetch_single_async:216 -> requestor.py:_handle_error:100) from logger `RFC.requestor_failed`
[ERROR] Traceback (most recent call last):
  File "/remote-home/qhgao/Workspace/Projects/RFC-crawlers/RFC-dev/RFC/req/requestor.py", line 206, in _fetch_single_async
    result = await middleware.apply_async(item, result, self._session._request_lib, self._session._async_lib)
  File "/remote-home/qhgao/Workspace/Projects/RFC-crawlers/RFC-dev/RFC/req/middleware.py", line 121, in apply_async
    self._handle_error(e, item, result)
  File "/remote-home/qhgao/Workspace/Projects/RFC-crawlers/RFC-dev/RFC/req/middleware.py", line 83, in _handle_error
    raise error
  File "/remote-home/qhgao/Workspace/Projects/RFC-crawlers/RFC-dev/RFC/req/middleware.py", line 114, in apply_async
    _result = await self._apply_async(item, result, request_lib, async_lib)
  File "/remote-home/qhgao/Workspace/Projects/RFC-crawlers/RFC-dev/RFC/req/middleware.py", line 316, in _apply_async
    result.content = result.json if 'json' in result else await get_content_async(result.response, request_lib)  # type: ignore
  File "/remote-home/qhgao/Workspace/Projects/RFC-crawlers/RFC-dev/RFC/req/middleware_func.py", line 88, in get_content_async
    return await resp.read()
  File "/remote-home/qhgao/Workspace/Applications/anaconda3/envs/share_py310/lib/python3.10/site-packages/aiohttp/client_reqrep.py", line 1037, in read
    self._body = await self.content.read()
  File "/remote-home/qhgao/Workspace/Applications/anaconda3/envs/share_py310/lib/python3.10/site-packages/aiohttp/streams.py", line 375, in read
    block = await self.readany()
  File "/remote-home/qhgao/Workspace/Applications/anaconda3/envs/share_py310/lib/python3.10/site-packages/aiohttp/streams.py", line 397, in readany
    await self._wait("readany")
  File "/remote-home/qhgao/Workspace/Applications/anaconda3/envs/share_py310/lib/python3.10/site-packages/aiohttp/streams.py", line 303, in _wait
    with self._timer:
  File "/remote-home/qhgao/Workspace/Applications/anaconda3/envs/share_py310/lib/python3.10/site-packages/aiohttp/helpers.py", line 721, in __exit__
    raise asyncio.TimeoutError from None
asyncio.exceptions.TimeoutError


2024-04-04 00:59:25,308 <requestor-worker-1:1998827, MainThread:140298684229440> (requestor.py:_fetch_single_async:216 -> requestor.py:_handle_error:99) from logger `RFC.requestor_failed`
[ERROR] failed on AudioBookAudioPage(1203277).AudioBookAudioFile(1203277), caught error "['TimeoutError'] TimeoutError()"

2024-04-04 00:59:25,311 <requestor-worker-1:1998827, MainThread:140298684229440> (requestor.py:_fetch_single_async:216 -> requestor.py:_handle_error:100) from logger `RFC.requestor_failed`
[ERROR] Traceback (most recent call last):
  File "/remote-home/qhgao/Workspace/Projects/RFC-crawlers/RFC-dev/RFC/req/requestor.py", line 206, in _fetch_single_async
    result = await middleware.apply_async(item, result, self._session._request_lib, self._session._async_lib)
  File "/remote-home/qhgao/Workspace/Projects/RFC-crawlers/RFC-dev/RFC/req/middleware.py", line 121, in apply_async
    self._handle_error(e, item, result)
  File "/remote-home/qhgao/Workspace/Projects/RFC-crawlers/RFC-dev/RFC/req/middleware.py", line 83, in _handle_error
    raise error
  File "/remote-home/qhgao/Workspace/Projects/RFC-crawlers/RFC-dev/RFC/req/middleware.py", line 114, in apply_async
    _result = await self._apply_async(item, result, request_lib, async_lib)
  File "/remote-home/qhgao/Workspace/Projects/RFC-crawlers/RFC-dev/RFC/req/middleware.py", line 316, in _apply_async
    result.content = result.json if 'json' in result else await get_content_async(result.response, request_lib)  # type: ignore
  File "/remote-home/qhgao/Workspace/Projects/RFC-crawlers/RFC-dev/RFC/req/middleware_func.py", line 88, in get_content_async
    return await resp.read()
  File "/remote-home/qhgao/Workspace/Applications/anaconda3/envs/share_py310/lib/python3.10/site-packages/aiohttp/client_reqrep.py", line 1037, in read
    self._body = await self.content.read()
  File "/remote-home/qhgao/Workspace/Applications/anaconda3/envs/share_py310/lib/python3.10/site-packages/aiohttp/streams.py", line 375, in read
    block = await self.readany()
  File "/remote-home/qhgao/Workspace/Applications/anaconda3/envs/share_py310/lib/python3.10/site-packages/aiohttp/streams.py", line 397, in readany
    await self._wait("readany")
  File "/remote-home/qhgao/Workspace/Applications/anaconda3/envs/share_py310/lib/python3.10/site-packages/aiohttp/streams.py", line 303, in _wait
    with self._timer:
  File "/remote-home/qhgao/Workspace/Applications/anaconda3/envs/share_py310/lib/python3.10/site-packages/aiohttp/helpers.py", line 721, in __exit__
    raise asyncio.TimeoutError from None
asyncio.exceptions.TimeoutError


2024-04-04 00:59:25,320 <requestor-worker-1:1998827, MainThread:140298684229440> (requestor.py:_fetch_single_async:216 -> requestor.py:_handle_error:99) from logger `RFC.requestor_failed`
[ERROR] failed on AudioBookAudioPage(1203282).AudioBookAudioFile(1203282), caught error "['TimeoutError'] TimeoutError()"

2024-04-04 00:59:25,323 <requestor-worker-1:1998827, MainThread:140298684229440> (requestor.py:_fetch_single_async:216 -> requestor.py:_handle_error:100) from logger `RFC.requestor_failed`
[ERROR] Traceback (most recent call last):
  File "/remote-home/qhgao/Workspace/Projects/RFC-crawlers/RFC-dev/RFC/req/requestor.py", line 206, in _fetch_single_async
    result = await middleware.apply_async(item, result, self._session._request_lib, self._session._async_lib)
  File "/remote-home/qhgao/Workspace/Projects/RFC-crawlers/RFC-dev/RFC/req/middleware.py", line 121, in apply_async
    self._handle_error(e, item, result)
  File "/remote-home/qhgao/Workspace/Projects/RFC-crawlers/RFC-dev/RFC/req/middleware.py", line 83, in _handle_error
    raise error
  File "/remote-home/qhgao/Workspace/Projects/RFC-crawlers/RFC-dev/RFC/req/middleware.py", line 114, in apply_async
    _result = await self._apply_async(item, result, request_lib, async_lib)
  File "/remote-home/qhgao/Workspace/Projects/RFC-crawlers/RFC-dev/RFC/req/middleware.py", line 316, in _apply_async
    result.content = result.json if 'json' in result else await get_content_async(result.response, request_lib)  # type: ignore
  File "/remote-home/qhgao/Workspace/Projects/RFC-crawlers/RFC-dev/RFC/req/middleware_func.py", line 88, in get_content_async
    return await resp.read()
  File "/remote-home/qhgao/Workspace/Applications/anaconda3/envs/share_py310/lib/python3.10/site-packages/aiohttp/client_reqrep.py", line 1037, in read
    self._body = await self.content.read()
  File "/remote-home/qhgao/Workspace/Applications/anaconda3/envs/share_py310/lib/python3.10/site-packages/aiohttp/streams.py", line 375, in read
    block = await self.readany()
  File "/remote-home/qhgao/Workspace/Applications/anaconda3/envs/share_py310/lib/python3.10/site-packages/aiohttp/streams.py", line 397, in readany
    await self._wait("readany")
  File "/remote-home/qhgao/Workspace/Applications/anaconda3/envs/share_py310/lib/python3.10/site-packages/aiohttp/streams.py", line 303, in _wait
    with self._timer:
  File "/remote-home/qhgao/Workspace/Applications/anaconda3/envs/share_py310/lib/python3.10/site-packages/aiohttp/helpers.py", line 721, in __exit__
    raise asyncio.TimeoutError from None
asyncio.exceptions.TimeoutError


2024-04-04 00:59:33,547 <requestor-worker-1:1998827, MainThread:140298684229440> (requestor.py:_fetch_single_async:216 -> requestor.py:_handle_error:99) from logger `RFC.requestor_failed`
[ERROR] failed on AudioBookAudioPage(1203519), caught error "['ValueError'] ValueError('unexpected status code 404 in response of AudioBookAudioPage(1203519)')"

2024-04-04 00:59:33,550 <requestor-worker-1:1998827, MainThread:140298684229440> (requestor.py:_fetch_single_async:216 -> requestor.py:_handle_error:100) from logger `RFC.requestor_failed`
[ERROR] Traceback (most recent call last):
  File "/remote-home/qhgao/Workspace/Projects/RFC-crawlers/RFC-dev/RFC/req/requestor.py", line 206, in _fetch_single_async
    result = await middleware.apply_async(item, result, self._session._request_lib, self._session._async_lib)
  File "/remote-home/qhgao/Workspace/Projects/RFC-crawlers/RFC-dev/RFC/req/middleware.py", line 121, in apply_async
    self._handle_error(e, item, result)
  File "/remote-home/qhgao/Workspace/Projects/RFC-crawlers/RFC-dev/RFC/req/middleware.py", line 83, in _handle_error
    raise error
  File "/remote-home/qhgao/Workspace/Projects/RFC-crawlers/RFC-dev/RFC/req/middleware.py", line 114, in apply_async
    _result = await self._apply_async(item, result, request_lib, async_lib)
  File "/remote-home/qhgao/Workspace/Projects/RFC-crawlers/RFC-dev/RFC/req/middleware.py", line 180, in _apply_async
    return self._apply_sync(item, result, request_lib)
  File "/remote-home/qhgao/Workspace/Projects/RFC-crawlers/RFC-dev/RFC/req/middleware.py", line 168, in _apply_sync
    raise ValueError(f"unexpected status code {repr(status_code)} in response of {repr(item)}")
ValueError: unexpected status code 404 in response of AudioBookAudioPage(1203519)


2024-04-04 01:00:13,462 <requestor-worker-1:1998827, MainThread:140298684229440> (requestor.py:_fetch_single_async:216 -> requestor.py:_handle_error:99) from logger `RFC.requestor_failed`
[ERROR] failed on AudioBookAudioPage(1203805).AudioBookAudioFile(1203805), caught error "['TimeoutError'] TimeoutError()"

2024-04-04 01:00:13,465 <requestor-worker-1:1998827, MainThread:140298684229440> (requestor.py:_fetch_single_async:216 -> requestor.py:_handle_error:100) from logger `RFC.requestor_failed`
[ERROR] Traceback (most recent call last):
  File "/remote-home/qhgao/Workspace/Projects/RFC-crawlers/RFC-dev/RFC/req/requestor.py", line 206, in _fetch_single_async
    result = await middleware.apply_async(item, result, self._session._request_lib, self._session._async_lib)
  File "/remote-home/qhgao/Workspace/Projects/RFC-crawlers/RFC-dev/RFC/req/middleware.py", line 121, in apply_async
    self._handle_error(e, item, result)
  File "/remote-home/qhgao/Workspace/Projects/RFC-crawlers/RFC-dev/RFC/req/middleware.py", line 83, in _handle_error
    raise error
  File "/remote-home/qhgao/Workspace/Projects/RFC-crawlers/RFC-dev/RFC/req/middleware.py", line 114, in apply_async
    _result = await self._apply_async(item, result, request_lib, async_lib)
  File "/remote-home/qhgao/Workspace/Projects/RFC-crawlers/RFC-dev/RFC/req/middleware.py", line 316, in _apply_async
    result.content = result.json if 'json' in result else await get_content_async(result.response, request_lib)  # type: ignore
  File "/remote-home/qhgao/Workspace/Projects/RFC-crawlers/RFC-dev/RFC/req/middleware_func.py", line 88, in get_content_async
    return await resp.read()
  File "/remote-home/qhgao/Workspace/Applications/anaconda3/envs/share_py310/lib/python3.10/site-packages/aiohttp/client_reqrep.py", line 1037, in read
    self._body = await self.content.read()
  File "/remote-home/qhgao/Workspace/Applications/anaconda3/envs/share_py310/lib/python3.10/site-packages/aiohttp/streams.py", line 375, in read
    block = await self.readany()
  File "/remote-home/qhgao/Workspace/Applications/anaconda3/envs/share_py310/lib/python3.10/site-packages/aiohttp/streams.py", line 397, in readany
    await self._wait("readany")
  File "/remote-home/qhgao/Workspace/Applications/anaconda3/envs/share_py310/lib/python3.10/site-packages/aiohttp/streams.py", line 303, in _wait
    with self._timer:
  File "/remote-home/qhgao/Workspace/Applications/anaconda3/envs/share_py310/lib/python3.10/site-packages/aiohttp/helpers.py", line 721, in __exit__
    raise asyncio.TimeoutError from None
asyncio.exceptions.TimeoutError


2024-04-04 01:00:17,296 <requestor-worker-1:1998827, MainThread:140298684229440> (requestor.py:_fetch_single_async:216 -> requestor.py:_handle_error:99) from logger `RFC.requestor_failed`
[ERROR] failed on AudioBookAudioPage(1203303).AudioBookAudioFile(1203303), caught error "['TimeoutError'] TimeoutError()"

2024-04-04 01:00:17,299 <requestor-worker-1:1998827, MainThread:140298684229440> (requestor.py:_fetch_single_async:216 -> requestor.py:_handle_error:100) from logger `RFC.requestor_failed`
[ERROR] Traceback (most recent call last):
  File "/remote-home/qhgao/Workspace/Projects/RFC-crawlers/RFC-dev/RFC/req/requestor.py", line 206, in _fetch_single_async
    result = await middleware.apply_async(item, result, self._session._request_lib, self._session._async_lib)
  File "/remote-home/qhgao/Workspace/Projects/RFC-crawlers/RFC-dev/RFC/req/middleware.py", line 121, in apply_async
    self._handle_error(e, item, result)
  File "/remote-home/qhgao/Workspace/Projects/RFC-crawlers/RFC-dev/RFC/req/middleware.py", line 83, in _handle_error
    raise error
  File "/remote-home/qhgao/Workspace/Projects/RFC-crawlers/RFC-dev/RFC/req/middleware.py", line 114, in apply_async
    _result = await self._apply_async(item, result, request_lib, async_lib)
  File "/remote-home/qhgao/Workspace/Projects/RFC-crawlers/RFC-dev/RFC/req/middleware.py", line 316, in _apply_async
    result.content = result.json if 'json' in result else await get_content_async(result.response, request_lib)  # type: ignore
  File "/remote-home/qhgao/Workspace/Projects/RFC-crawlers/RFC-dev/RFC/req/middleware_func.py", line 88, in get_content_async
    return await resp.read()
  File "/remote-home/qhgao/Workspace/Applications/anaconda3/envs/share_py310/lib/python3.10/site-packages/aiohttp/client_reqrep.py", line 1037, in read
    self._body = await self.content.read()
  File "/remote-home/qhgao/Workspace/Applications/anaconda3/envs/share_py310/lib/python3.10/site-packages/aiohttp/streams.py", line 375, in read
    block = await self.readany()
  File "/remote-home/qhgao/Workspace/Applications/anaconda3/envs/share_py310/lib/python3.10/site-packages/aiohttp/streams.py", line 397, in readany
    await self._wait("readany")
  File "/remote-home/qhgao/Workspace/Applications/anaconda3/envs/share_py310/lib/python3.10/site-packages/aiohttp/streams.py", line 303, in _wait
    with self._timer:
  File "/remote-home/qhgao/Workspace/Applications/anaconda3/envs/share_py310/lib/python3.10/site-packages/aiohttp/helpers.py", line 721, in __exit__
    raise asyncio.TimeoutError from None
asyncio.exceptions.TimeoutError


2024-04-04 01:01:17,297 <requestor-worker-1:1998827, MainThread:140298684229440> (requestor.py:_fetch_single_async:216 -> requestor.py:_handle_error:99) from logger `RFC.requestor_failed`
[ERROR] failed on AudioBookAudioPage(1203381).AudioBookAudioFile(1203381), caught error "['TimeoutError'] TimeoutError()"

2024-04-04 01:01:17,299 <requestor-worker-1:1998827, MainThread:140298684229440> (requestor.py:_fetch_single_async:216 -> requestor.py:_handle_error:100) from logger `RFC.requestor_failed`
[ERROR] Traceback (most recent call last):
  File "/remote-home/qhgao/Workspace/Projects/RFC-crawlers/RFC-dev/RFC/req/requestor.py", line 206, in _fetch_single_async
    result = await middleware.apply_async(item, result, self._session._request_lib, self._session._async_lib)
  File "/remote-home/qhgao/Workspace/Projects/RFC-crawlers/RFC-dev/RFC/req/middleware.py", line 121, in apply_async
    self._handle_error(e, item, result)
  File "/remote-home/qhgao/Workspace/Projects/RFC-crawlers/RFC-dev/RFC/req/middleware.py", line 83, in _handle_error
    raise error
  File "/remote-home/qhgao/Workspace/Projects/RFC-crawlers/RFC-dev/RFC/req/middleware.py", line 114, in apply_async
    _result = await self._apply_async(item, result, request_lib, async_lib)
  File "/remote-home/qhgao/Workspace/Projects/RFC-crawlers/RFC-dev/RFC/req/middleware.py", line 316, in _apply_async
    result.content = result.json if 'json' in result else await get_content_async(result.response, request_lib)  # type: ignore
  File "/remote-home/qhgao/Workspace/Projects/RFC-crawlers/RFC-dev/RFC/req/middleware_func.py", line 88, in get_content_async
    return await resp.read()
  File "/remote-home/qhgao/Workspace/Applications/anaconda3/envs/share_py310/lib/python3.10/site-packages/aiohttp/client_reqrep.py", line 1037, in read
    self._body = await self.content.read()
  File "/remote-home/qhgao/Workspace/Applications/anaconda3/envs/share_py310/lib/python3.10/site-packages/aiohttp/streams.py", line 375, in read
    block = await self.readany()
  File "/remote-home/qhgao/Workspace/Applications/anaconda3/envs/share_py310/lib/python3.10/site-packages/aiohttp/streams.py", line 397, in readany
    await self._wait("readany")
  File "/remote-home/qhgao/Workspace/Applications/anaconda3/envs/share_py310/lib/python3.10/site-packages/aiohttp/streams.py", line 303, in _wait
    with self._timer:
  File "/remote-home/qhgao/Workspace/Applications/anaconda3/envs/share_py310/lib/python3.10/site-packages/aiohttp/helpers.py", line 721, in __exit__
    raise asyncio.TimeoutError from None
asyncio.exceptions.TimeoutError


2024-04-04 01:01:41,256 <requestor-worker-1:1998827, MainThread:140298684229440> (requestor.py:_fetch_single_async:216 -> requestor.py:_handle_error:99) from logger `RFC.requestor_failed`
[ERROR] failed on AudioBookAudioPage(1203438).AudioBookAudioFile(1203438), caught error "['ClientPayloadError'] ClientPayloadError('Response payload is not completed')"

2024-04-04 01:01:41,258 <requestor-worker-1:1998827, MainThread:140298684229440> (requestor.py:_fetch_single_async:216 -> requestor.py:_handle_error:100) from logger `RFC.requestor_failed`
[ERROR] Traceback (most recent call last):
  File "/remote-home/qhgao/Workspace/Projects/RFC-crawlers/RFC-dev/RFC/req/requestor.py", line 206, in _fetch_single_async
    result = await middleware.apply_async(item, result, self._session._request_lib, self._session._async_lib)
  File "/remote-home/qhgao/Workspace/Projects/RFC-crawlers/RFC-dev/RFC/req/middleware.py", line 121, in apply_async
    self._handle_error(e, item, result)
  File "/remote-home/qhgao/Workspace/Projects/RFC-crawlers/RFC-dev/RFC/req/middleware.py", line 83, in _handle_error
    raise error
  File "/remote-home/qhgao/Workspace/Projects/RFC-crawlers/RFC-dev/RFC/req/middleware.py", line 114, in apply_async
    _result = await self._apply_async(item, result, request_lib, async_lib)
  File "/remote-home/qhgao/Workspace/Projects/RFC-crawlers/RFC-dev/RFC/req/middleware.py", line 316, in _apply_async
    result.content = result.json if 'json' in result else await get_content_async(result.response, request_lib)  # type: ignore
  File "/remote-home/qhgao/Workspace/Projects/RFC-crawlers/RFC-dev/RFC/req/middleware_func.py", line 88, in get_content_async
    return await resp.read()
  File "/remote-home/qhgao/Workspace/Applications/anaconda3/envs/share_py310/lib/python3.10/site-packages/aiohttp/client_reqrep.py", line 1037, in read
    self._body = await self.content.read()
  File "/remote-home/qhgao/Workspace/Applications/anaconda3/envs/share_py310/lib/python3.10/site-packages/aiohttp/streams.py", line 375, in read
    block = await self.readany()
  File "/remote-home/qhgao/Workspace/Applications/anaconda3/envs/share_py310/lib/python3.10/site-packages/aiohttp/streams.py", line 397, in readany
    await self._wait("readany")
  File "/remote-home/qhgao/Workspace/Applications/anaconda3/envs/share_py310/lib/python3.10/site-packages/aiohttp/streams.py", line 304, in _wait
    await waiter
aiohttp.client_exceptions.ClientPayloadError: Response payload is not completed


2024-04-04 01:01:45,296 <requestor-worker-1:1998827, MainThread:140298684229440> (requestor.py:_fetch_single_async:216 -> requestor.py:_handle_error:99) from logger `RFC.requestor_failed`
[ERROR] failed on AudioBookAudioPage(1203428).AudioBookAudioFile(1203428), caught error "['TimeoutError'] TimeoutError()"

2024-04-04 01:01:45,298 <requestor-worker-1:1998827, MainThread:140298684229440> (requestor.py:_fetch_single_async:216 -> requestor.py:_handle_error:100) from logger `RFC.requestor_failed`
[ERROR] Traceback (most recent call last):
  File "/remote-home/qhgao/Workspace/Projects/RFC-crawlers/RFC-dev/RFC/req/requestor.py", line 206, in _fetch_single_async
    result = await middleware.apply_async(item, result, self._session._request_lib, self._session._async_lib)
  File "/remote-home/qhgao/Workspace/Projects/RFC-crawlers/RFC-dev/RFC/req/middleware.py", line 121, in apply_async
    self._handle_error(e, item, result)
  File "/remote-home/qhgao/Workspace/Projects/RFC-crawlers/RFC-dev/RFC/req/middleware.py", line 83, in _handle_error
    raise error
  File "/remote-home/qhgao/Workspace/Projects/RFC-crawlers/RFC-dev/RFC/req/middleware.py", line 114, in apply_async
    _result = await self._apply_async(item, result, request_lib, async_lib)
  File "/remote-home/qhgao/Workspace/Projects/RFC-crawlers/RFC-dev/RFC/req/middleware.py", line 316, in _apply_async
    result.content = result.json if 'json' in result else await get_content_async(result.response, request_lib)  # type: ignore
  File "/remote-home/qhgao/Workspace/Projects/RFC-crawlers/RFC-dev/RFC/req/middleware_func.py", line 88, in get_content_async
    return await resp.read()
  File "/remote-home/qhgao/Workspace/Applications/anaconda3/envs/share_py310/lib/python3.10/site-packages/aiohttp/client_reqrep.py", line 1037, in read
    self._body = await self.content.read()
  File "/remote-home/qhgao/Workspace/Applications/anaconda3/envs/share_py310/lib/python3.10/site-packages/aiohttp/streams.py", line 375, in read
    block = await self.readany()
  File "/remote-home/qhgao/Workspace/Applications/anaconda3/envs/share_py310/lib/python3.10/site-packages/aiohttp/streams.py", line 397, in readany
    await self._wait("readany")
  File "/remote-home/qhgao/Workspace/Applications/anaconda3/envs/share_py310/lib/python3.10/site-packages/aiohttp/streams.py", line 303, in _wait
    with self._timer:
  File "/remote-home/qhgao/Workspace/Applications/anaconda3/envs/share_py310/lib/python3.10/site-packages/aiohttp/helpers.py", line 721, in __exit__
    raise asyncio.TimeoutError from None
asyncio.exceptions.TimeoutError


2024-04-04 01:01:52,098 <requestor-worker-1:1998827, MainThread:140298684229440> (requestor.py:_fetch_single_async:216 -> requestor.py:_handle_error:99) from logger `RFC.requestor_failed`
[ERROR] failed on AudioBookAudioPage(1203618), caught error "['ValueError'] ValueError('unexpected status code 404 in response of AudioBookAudioPage(1203618)')"

2024-04-04 01:01:52,099 <requestor-worker-1:1998827, MainThread:140298684229440> (requestor.py:_fetch_single_async:216 -> requestor.py:_handle_error:100) from logger `RFC.requestor_failed`
[ERROR] Traceback (most recent call last):
  File "/remote-home/qhgao/Workspace/Projects/RFC-crawlers/RFC-dev/RFC/req/requestor.py", line 206, in _fetch_single_async
    result = await middleware.apply_async(item, result, self._session._request_lib, self._session._async_lib)
  File "/remote-home/qhgao/Workspace/Projects/RFC-crawlers/RFC-dev/RFC/req/middleware.py", line 121, in apply_async
    self._handle_error(e, item, result)
  File "/remote-home/qhgao/Workspace/Projects/RFC-crawlers/RFC-dev/RFC/req/middleware.py", line 83, in _handle_error
    raise error
  File "/remote-home/qhgao/Workspace/Projects/RFC-crawlers/RFC-dev/RFC/req/middleware.py", line 114, in apply_async
    _result = await self._apply_async(item, result, request_lib, async_lib)
  File "/remote-home/qhgao/Workspace/Projects/RFC-crawlers/RFC-dev/RFC/req/middleware.py", line 180, in _apply_async
    return self._apply_sync(item, result, request_lib)
  File "/remote-home/qhgao/Workspace/Projects/RFC-crawlers/RFC-dev/RFC/req/middleware.py", line 168, in _apply_sync
    raise ValueError(f"unexpected status code {repr(status_code)} in response of {repr(item)}")
ValueError: unexpected status code 404 in response of AudioBookAudioPage(1203618)


2024-04-04 01:02:08,688 <requestor-worker-1:1998827, MainThread:140298684229440> (requestor.py:_fetch_single_async:216 -> requestor.py:_handle_error:99) from logger `RFC.requestor_failed`
[ERROR] failed on AudioBookAudioPage(1203644), caught error "['ValueError'] ValueError('unexpected status code 404 in response of AudioBookAudioPage(1203644)')"

2024-04-04 01:02:08,690 <requestor-worker-1:1998827, MainThread:140298684229440> (requestor.py:_fetch_single_async:216 -> requestor.py:_handle_error:100) from logger `RFC.requestor_failed`
[ERROR] Traceback (most recent call last):
  File "/remote-home/qhgao/Workspace/Projects/RFC-crawlers/RFC-dev/RFC/req/requestor.py", line 206, in _fetch_single_async
    result = await middleware.apply_async(item, result, self._session._request_lib, self._session._async_lib)
  File "/remote-home/qhgao/Workspace/Projects/RFC-crawlers/RFC-dev/RFC/req/middleware.py", line 121, in apply_async
    self._handle_error(e, item, result)
  File "/remote-home/qhgao/Workspace/Projects/RFC-crawlers/RFC-dev/RFC/req/middleware.py", line 83, in _handle_error
    raise error
  File "/remote-home/qhgao/Workspace/Projects/RFC-crawlers/RFC-dev/RFC/req/middleware.py", line 114, in apply_async
    _result = await self._apply_async(item, result, request_lib, async_lib)
  File "/remote-home/qhgao/Workspace/Projects/RFC-crawlers/RFC-dev/RFC/req/middleware.py", line 180, in _apply_async
    return self._apply_sync(item, result, request_lib)
  File "/remote-home/qhgao/Workspace/Projects/RFC-crawlers/RFC-dev/RFC/req/middleware.py", line 168, in _apply_sync
    raise ValueError(f"unexpected status code {repr(status_code)} in response of {repr(item)}")
ValueError: unexpected status code 404 in response of AudioBookAudioPage(1203644)


2024-04-04 01:02:12,294 <requestor-worker-1:1998827, MainThread:140298684229440> (requestor.py:_fetch_single_async:216 -> requestor.py:_handle_error:99) from logger `RFC.requestor_failed`
[ERROR] failed on AudioBookAudioPage(1203446).AudioBookAudioFile(1203446), caught error "['TimeoutError'] TimeoutError()"

2024-04-04 01:02:12,295 <requestor-worker-1:1998827, MainThread:140298684229440> (requestor.py:_fetch_single_async:216 -> requestor.py:_handle_error:100) from logger `RFC.requestor_failed`
[ERROR] Traceback (most recent call last):
  File "/remote-home/qhgao/Workspace/Projects/RFC-crawlers/RFC-dev/RFC/req/requestor.py", line 206, in _fetch_single_async
    result = await middleware.apply_async(item, result, self._session._request_lib, self._session._async_lib)
  File "/remote-home/qhgao/Workspace/Projects/RFC-crawlers/RFC-dev/RFC/req/middleware.py", line 121, in apply_async
    self._handle_error(e, item, result)
  File "/remote-home/qhgao/Workspace/Projects/RFC-crawlers/RFC-dev/RFC/req/middleware.py", line 83, in _handle_error
    raise error
  File "/remote-home/qhgao/Workspace/Projects/RFC-crawlers/RFC-dev/RFC/req/middleware.py", line 114, in apply_async
    _result = await self._apply_async(item, result, request_lib, async_lib)
  File "/remote-home/qhgao/Workspace/Projects/RFC-crawlers/RFC-dev/RFC/req/middleware.py", line 316, in _apply_async
    result.content = result.json if 'json' in result else await get_content_async(result.response, request_lib)  # type: ignore
  File "/remote-home/qhgao/Workspace/Projects/RFC-crawlers/RFC-dev/RFC/req/middleware_func.py", line 88, in get_content_async
    return await resp.read()
  File "/remote-home/qhgao/Workspace/Applications/anaconda3/envs/share_py310/lib/python3.10/site-packages/aiohttp/client_reqrep.py", line 1037, in read
    self._body = await self.content.read()
  File "/remote-home/qhgao/Workspace/Applications/anaconda3/envs/share_py310/lib/python3.10/site-packages/aiohttp/streams.py", line 375, in read
    block = await self.readany()
  File "/remote-home/qhgao/Workspace/Applications/anaconda3/envs/share_py310/lib/python3.10/site-packages/aiohttp/streams.py", line 397, in readany
    await self._wait("readany")
  File "/remote-home/qhgao/Workspace/Applications/anaconda3/envs/share_py310/lib/python3.10/site-packages/aiohttp/streams.py", line 303, in _wait
    with self._timer:
  File "/remote-home/qhgao/Workspace/Applications/anaconda3/envs/share_py310/lib/python3.10/site-packages/aiohttp/helpers.py", line 721, in __exit__
    raise asyncio.TimeoutError from None
asyncio.exceptions.TimeoutError


2024-04-04 01:02:12,299 <requestor-worker-1:1998827, MainThread:140298684229440> (requestor.py:_fetch_single_async:216 -> requestor.py:_handle_error:99) from logger `RFC.requestor_failed`
[ERROR] failed on AudioBookAudioPage(1203451).AudioBookAudioFile(1203451), caught error "['TimeoutError'] TimeoutError()"

2024-04-04 01:02:12,300 <requestor-worker-1:1998827, MainThread:140298684229440> (requestor.py:_fetch_single_async:216 -> requestor.py:_handle_error:100) from logger `RFC.requestor_failed`
[ERROR] Traceback (most recent call last):
  File "/remote-home/qhgao/Workspace/Projects/RFC-crawlers/RFC-dev/RFC/req/requestor.py", line 206, in _fetch_single_async
    result = await middleware.apply_async(item, result, self._session._request_lib, self._session._async_lib)
  File "/remote-home/qhgao/Workspace/Projects/RFC-crawlers/RFC-dev/RFC/req/middleware.py", line 121, in apply_async
    self._handle_error(e, item, result)
  File "/remote-home/qhgao/Workspace/Projects/RFC-crawlers/RFC-dev/RFC/req/middleware.py", line 83, in _handle_error
    raise error
  File "/remote-home/qhgao/Workspace/Projects/RFC-crawlers/RFC-dev/RFC/req/middleware.py", line 114, in apply_async
    _result = await self._apply_async(item, result, request_lib, async_lib)
  File "/remote-home/qhgao/Workspace/Projects/RFC-crawlers/RFC-dev/RFC/req/middleware.py", line 316, in _apply_async
    result.content = result.json if 'json' in result else await get_content_async(result.response, request_lib)  # type: ignore
  File "/remote-home/qhgao/Workspace/Projects/RFC-crawlers/RFC-dev/RFC/req/middleware_func.py", line 88, in get_content_async
    return await resp.read()
  File "/remote-home/qhgao/Workspace/Applications/anaconda3/envs/share_py310/lib/python3.10/site-packages/aiohttp/client_reqrep.py", line 1037, in read
    self._body = await self.content.read()
  File "/remote-home/qhgao/Workspace/Applications/anaconda3/envs/share_py310/lib/python3.10/site-packages/aiohttp/streams.py", line 375, in read
    block = await self.readany()
  File "/remote-home/qhgao/Workspace/Applications/anaconda3/envs/share_py310/lib/python3.10/site-packages/aiohttp/streams.py", line 397, in readany
    await self._wait("readany")
  File "/remote-home/qhgao/Workspace/Applications/anaconda3/envs/share_py310/lib/python3.10/site-packages/aiohttp/streams.py", line 303, in _wait
    with self._timer:
  File "/remote-home/qhgao/Workspace/Applications/anaconda3/envs/share_py310/lib/python3.10/site-packages/aiohttp/helpers.py", line 721, in __exit__
    raise asyncio.TimeoutError from None
asyncio.exceptions.TimeoutError


2024-04-04 01:02:12,761 <requestor-worker-1:1998827, MainThread:140298684229440> (requestor.py:_fetch_single_async:216 -> requestor.py:_handle_error:99) from logger `RFC.requestor_failed`
[ERROR] failed on AudioBookAudioPage(1203646), caught error "['ValueError'] ValueError('unexpected status code 404 in response of AudioBookAudioPage(1203646)')"

2024-04-04 01:02:12,764 <requestor-worker-1:1998827, MainThread:140298684229440> (requestor.py:_fetch_single_async:216 -> requestor.py:_handle_error:100) from logger `RFC.requestor_failed`
[ERROR] Traceback (most recent call last):
  File "/remote-home/qhgao/Workspace/Projects/RFC-crawlers/RFC-dev/RFC/req/requestor.py", line 206, in _fetch_single_async
    result = await middleware.apply_async(item, result, self._session._request_lib, self._session._async_lib)
  File "/remote-home/qhgao/Workspace/Projects/RFC-crawlers/RFC-dev/RFC/req/middleware.py", line 121, in apply_async
    self._handle_error(e, item, result)
  File "/remote-home/qhgao/Workspace/Projects/RFC-crawlers/RFC-dev/RFC/req/middleware.py", line 83, in _handle_error
    raise error
  File "/remote-home/qhgao/Workspace/Projects/RFC-crawlers/RFC-dev/RFC/req/middleware.py", line 114, in apply_async
    _result = await self._apply_async(item, result, request_lib, async_lib)
  File "/remote-home/qhgao/Workspace/Projects/RFC-crawlers/RFC-dev/RFC/req/middleware.py", line 180, in _apply_async
    return self._apply_sync(item, result, request_lib)
  File "/remote-home/qhgao/Workspace/Projects/RFC-crawlers/RFC-dev/RFC/req/middleware.py", line 168, in _apply_sync
    raise ValueError(f"unexpected status code {repr(status_code)} in response of {repr(item)}")
ValueError: unexpected status code 404 in response of AudioBookAudioPage(1203646)


2024-04-04 01:02:15,874 <requestor-worker-1:1998827, MainThread:140298684229440> (requestor.py:_fetch_single_async:216 -> requestor.py:_handle_error:99) from logger `RFC.requestor_failed`
[ERROR] failed on AudioBookAudioPage(1203653), caught error "['ValueError'] ValueError('unexpected status code 404 in response of AudioBookAudioPage(1203653)')"

2024-04-04 01:02:15,877 <requestor-worker-1:1998827, MainThread:140298684229440> (requestor.py:_fetch_single_async:216 -> requestor.py:_handle_error:100) from logger `RFC.requestor_failed`
[ERROR] Traceback (most recent call last):
  File "/remote-home/qhgao/Workspace/Projects/RFC-crawlers/RFC-dev/RFC/req/requestor.py", line 206, in _fetch_single_async
    result = await middleware.apply_async(item, result, self._session._request_lib, self._session._async_lib)
  File "/remote-home/qhgao/Workspace/Projects/RFC-crawlers/RFC-dev/RFC/req/middleware.py", line 121, in apply_async
    self._handle_error(e, item, result)
  File "/remote-home/qhgao/Workspace/Projects/RFC-crawlers/RFC-dev/RFC/req/middleware.py", line 83, in _handle_error
    raise error
  File "/remote-home/qhgao/Workspace/Projects/RFC-crawlers/RFC-dev/RFC/req/middleware.py", line 114, in apply_async
    _result = await self._apply_async(item, result, request_lib, async_lib)
  File "/remote-home/qhgao/Workspace/Projects/RFC-crawlers/RFC-dev/RFC/req/middleware.py", line 180, in _apply_async
    return self._apply_sync(item, result, request_lib)
  File "/remote-home/qhgao/Workspace/Projects/RFC-crawlers/RFC-dev/RFC/req/middleware.py", line 168, in _apply_sync
    raise ValueError(f"unexpected status code {repr(status_code)} in response of {repr(item)}")
ValueError: unexpected status code 404 in response of AudioBookAudioPage(1203653)


2024-04-04 01:02:17,285 <requestor-worker-1:1998827, MainThread:140298684229440> (requestor.py:_fetch_single_async:216 -> requestor.py:_handle_error:99) from logger `RFC.requestor_failed`
[ERROR] failed on AudioBookAudioPage(1203665), caught error "['ValueError'] ValueError('unexpected status code 404 in response of AudioBookAudioPage(1203665)')"

2024-04-04 01:02:17,286 <requestor-worker-1:1998827, MainThread:140298684229440> (requestor.py:_fetch_single_async:216 -> requestor.py:_handle_error:100) from logger `RFC.requestor_failed`
[ERROR] Traceback (most recent call last):
  File "/remote-home/qhgao/Workspace/Projects/RFC-crawlers/RFC-dev/RFC/req/requestor.py", line 206, in _fetch_single_async
    result = await middleware.apply_async(item, result, self._session._request_lib, self._session._async_lib)
  File "/remote-home/qhgao/Workspace/Projects/RFC-crawlers/RFC-dev/RFC/req/middleware.py", line 121, in apply_async
    self._handle_error(e, item, result)
  File "/remote-home/qhgao/Workspace/Projects/RFC-crawlers/RFC-dev/RFC/req/middleware.py", line 83, in _handle_error
    raise error
  File "/remote-home/qhgao/Workspace/Projects/RFC-crawlers/RFC-dev/RFC/req/middleware.py", line 114, in apply_async
    _result = await self._apply_async(item, result, request_lib, async_lib)
  File "/remote-home/qhgao/Workspace/Projects/RFC-crawlers/RFC-dev/RFC/req/middleware.py", line 180, in _apply_async
    return self._apply_sync(item, result, request_lib)
  File "/remote-home/qhgao/Workspace/Projects/RFC-crawlers/RFC-dev/RFC/req/middleware.py", line 168, in _apply_sync
    raise ValueError(f"unexpected status code {repr(status_code)} in response of {repr(item)}")
ValueError: unexpected status code 404 in response of AudioBookAudioPage(1203665)


2024-04-04 01:02:18,566 <requestor-worker-1:1998827, MainThread:140298684229440> (requestor.py:_fetch_single_async:216 -> requestor.py:_handle_error:99) from logger `RFC.requestor_failed`
[ERROR] failed on AudioBookAudioPage(1203654), caught error "['ValueError'] ValueError('unexpected status code 404 in response of AudioBookAudioPage(1203654)')"

2024-04-04 01:02:18,569 <requestor-worker-1:1998827, MainThread:140298684229440> (requestor.py:_fetch_single_async:216 -> requestor.py:_handle_error:100) from logger `RFC.requestor_failed`
[ERROR] Traceback (most recent call last):
  File "/remote-home/qhgao/Workspace/Projects/RFC-crawlers/RFC-dev/RFC/req/requestor.py", line 206, in _fetch_single_async
    result = await middleware.apply_async(item, result, self._session._request_lib, self._session._async_lib)
  File "/remote-home/qhgao/Workspace/Projects/RFC-crawlers/RFC-dev/RFC/req/middleware.py", line 121, in apply_async
    self._handle_error(e, item, result)
  File "/remote-home/qhgao/Workspace/Projects/RFC-crawlers/RFC-dev/RFC/req/middleware.py", line 83, in _handle_error
    raise error
  File "/remote-home/qhgao/Workspace/Projects/RFC-crawlers/RFC-dev/RFC/req/middleware.py", line 114, in apply_async
    _result = await self._apply_async(item, result, request_lib, async_lib)
  File "/remote-home/qhgao/Workspace/Projects/RFC-crawlers/RFC-dev/RFC/req/middleware.py", line 180, in _apply_async
    return self._apply_sync(item, result, request_lib)
  File "/remote-home/qhgao/Workspace/Projects/RFC-crawlers/RFC-dev/RFC/req/middleware.py", line 168, in _apply_sync
    raise ValueError(f"unexpected status code {repr(status_code)} in response of {repr(item)}")
ValueError: unexpected status code 404 in response of AudioBookAudioPage(1203654)


2024-04-04 01:02:20,288 <requestor-worker-1:1998827, MainThread:140298684229440> (requestor.py:_fetch_single_async:216 -> requestor.py:_handle_error:99) from logger `RFC.requestor_failed`
[ERROR] failed on AudioBookAudioPage(1203671), caught error "['ValueError'] ValueError('unexpected status code 404 in response of AudioBookAudioPage(1203671)')"

2024-04-04 01:02:20,290 <requestor-worker-1:1998827, MainThread:140298684229440> (requestor.py:_fetch_single_async:216 -> requestor.py:_handle_error:100) from logger `RFC.requestor_failed`
[ERROR] Traceback (most recent call last):
  File "/remote-home/qhgao/Workspace/Projects/RFC-crawlers/RFC-dev/RFC/req/requestor.py", line 206, in _fetch_single_async
    result = await middleware.apply_async(item, result, self._session._request_lib, self._session._async_lib)
  File "/remote-home/qhgao/Workspace/Projects/RFC-crawlers/RFC-dev/RFC/req/middleware.py", line 121, in apply_async
    self._handle_error(e, item, result)
  File "/remote-home/qhgao/Workspace/Projects/RFC-crawlers/RFC-dev/RFC/req/middleware.py", line 83, in _handle_error
    raise error
  File "/remote-home/qhgao/Workspace/Projects/RFC-crawlers/RFC-dev/RFC/req/middleware.py", line 114, in apply_async
    _result = await self._apply_async(item, result, request_lib, async_lib)
  File "/remote-home/qhgao/Workspace/Projects/RFC-crawlers/RFC-dev/RFC/req/middleware.py", line 180, in _apply_async
    return self._apply_sync(item, result, request_lib)
  File "/remote-home/qhgao/Workspace/Projects/RFC-crawlers/RFC-dev/RFC/req/middleware.py", line 168, in _apply_sync
    raise ValueError(f"unexpected status code {repr(status_code)} in response of {repr(item)}")
ValueError: unexpected status code 404 in response of AudioBookAudioPage(1203671)


2024-04-04 01:02:22,776 <requestor-worker-1:1998827, MainThread:140298684229440> (requestor.py:_fetch_single_async:216 -> requestor.py:_handle_error:99) from logger `RFC.requestor_failed`
[ERROR] failed on AudioBookAudioPage(1203670), caught error "['ValueError'] ValueError('unexpected status code 404 in response of AudioBookAudioPage(1203670)')"

2024-04-04 01:02:22,779 <requestor-worker-1:1998827, MainThread:140298684229440> (requestor.py:_fetch_single_async:216 -> requestor.py:_handle_error:100) from logger `RFC.requestor_failed`
[ERROR] Traceback (most recent call last):
  File "/remote-home/qhgao/Workspace/Projects/RFC-crawlers/RFC-dev/RFC/req/requestor.py", line 206, in _fetch_single_async
    result = await middleware.apply_async(item, result, self._session._request_lib, self._session._async_lib)
  File "/remote-home/qhgao/Workspace/Projects/RFC-crawlers/RFC-dev/RFC/req/middleware.py", line 121, in apply_async
    self._handle_error(e, item, result)
  File "/remote-home/qhgao/Workspace/Projects/RFC-crawlers/RFC-dev/RFC/req/middleware.py", line 83, in _handle_error
    raise error
  File "/remote-home/qhgao/Workspace/Projects/RFC-crawlers/RFC-dev/RFC/req/middleware.py", line 114, in apply_async
    _result = await self._apply_async(item, result, request_lib, async_lib)
  File "/remote-home/qhgao/Workspace/Projects/RFC-crawlers/RFC-dev/RFC/req/middleware.py", line 180, in _apply_async
    return self._apply_sync(item, result, request_lib)
  File "/remote-home/qhgao/Workspace/Projects/RFC-crawlers/RFC-dev/RFC/req/middleware.py", line 168, in _apply_sync
    raise ValueError(f"unexpected status code {repr(status_code)} in response of {repr(item)}")
ValueError: unexpected status code 404 in response of AudioBookAudioPage(1203670)


2024-04-04 01:02:31,030 <requestor-worker-1:1998827, MainThread:140298684229440> (requestor.py:_fetch_single_async:216 -> requestor.py:_handle_error:99) from logger `RFC.requestor_failed`
[ERROR] failed on AudioBookAudioPage(1203650), caught error "['ClientConnectorError'] ClientConnectorError(ConnectionKey(host='audiostock.jp', port=443, is_ssl=True, ssl=None, proxy=URL('http://D6FL1CJ8:9FC1ADB88090@114.231.109.82:45664'), proxy_auth=None, proxy_headers_hash=5374761174559840771), ConnectionAbortedError('SSL handshake is taking longer than 20 seconds: aborting the connection'))"

2024-04-04 01:02:31,032 <requestor-worker-1:1998827, MainThread:140298684229440> (requestor.py:_fetch_single_async:216 -> requestor.py:_handle_error:100) from logger `RFC.requestor_failed`
[ERROR] Traceback (most recent call last):
  File "/remote-home/qhgao/Workspace/Applications/anaconda3/envs/share_py310/lib/python3.10/site-packages/aiohttp/connector.py", line 1091, in _start_tls_connection
    tls_transport = await self._loop.start_tls(
  File "/remote-home/qhgao/Workspace/Applications/anaconda3/envs/share_py310/lib/python3.10/asyncio/base_events.py", line 1239, in start_tls
    await waiter
ConnectionAbortedError: SSL handshake is taking longer than 20 seconds: aborting the connection

The above exception was the direct cause of the following exception:

Traceback (most recent call last):
  File "/remote-home/qhgao/Workspace/Projects/RFC-crawlers/RFC-dev/RFC/req/requestor.py", line 199, in _fetch_single_async
    resp = await self._session.request(item)
  File "/remote-home/qhgao/Workspace/Projects/RFC-crawlers/RFC-dev/RFC/req/session.py", line 320, in request
    return await self._session.request(**request_args)
  File "/remote-home/qhgao/Workspace/Applications/anaconda3/envs/share_py310/lib/python3.10/site-packages/aiohttp/client.py", line 536, in _request
    conn = await self._connector.connect(
  File "/remote-home/qhgao/Workspace/Applications/anaconda3/envs/share_py310/lib/python3.10/site-packages/aiohttp/connector.py", line 540, in connect
    proto = await self._create_connection(req, traces, timeout)
  File "/remote-home/qhgao/Workspace/Applications/anaconda3/envs/share_py310/lib/python3.10/site-packages/aiohttp/connector.py", line 899, in _create_connection
    _, proto = await self._create_proxy_connection(req, traces, timeout)
  File "/remote-home/qhgao/Workspace/Applications/anaconda3/envs/share_py310/lib/python3.10/site-packages/aiohttp/connector.py", line 1325, in _create_proxy_connection
    return await self._start_tls_connection(
  File "/remote-home/qhgao/Workspace/Applications/anaconda3/envs/share_py310/lib/python3.10/site-packages/aiohttp/connector.py", line 1111, in _start_tls_connection
    raise client_error(req.connection_key, exc) from exc
aiohttp.client_exceptions.ClientConnectorError: Cannot connect to host audiostock.jp:443 ssl:default [None]


2024-04-04 01:02:35,087 <requestor-worker-1:1998827, MainThread:140298684229440> (requestor.py:_fetch_single_async:216 -> requestor.py:_handle_error:99) from logger `RFC.requestor_failed`
[ERROR] failed on AudioBookAudioPage(1203686), caught error "['ValueError'] ValueError('unexpected status code 404 in response of AudioBookAudioPage(1203686)')"

2024-04-04 01:02:35,089 <requestor-worker-1:1998827, MainThread:140298684229440> (requestor.py:_fetch_single_async:216 -> requestor.py:_handle_error:100) from logger `RFC.requestor_failed`
[ERROR] Traceback (most recent call last):
  File "/remote-home/qhgao/Workspace/Projects/RFC-crawlers/RFC-dev/RFC/req/requestor.py", line 206, in _fetch_single_async
    result = await middleware.apply_async(item, result, self._session._request_lib, self._session._async_lib)
  File "/remote-home/qhgao/Workspace/Projects/RFC-crawlers/RFC-dev/RFC/req/middleware.py", line 121, in apply_async
    self._handle_error(e, item, result)
  File "/remote-home/qhgao/Workspace/Projects/RFC-crawlers/RFC-dev/RFC/req/middleware.py", line 83, in _handle_error
    raise error
  File "/remote-home/qhgao/Workspace/Projects/RFC-crawlers/RFC-dev/RFC/req/middleware.py", line 114, in apply_async
    _result = await self._apply_async(item, result, request_lib, async_lib)
  File "/remote-home/qhgao/Workspace/Projects/RFC-crawlers/RFC-dev/RFC/req/middleware.py", line 180, in _apply_async
    return self._apply_sync(item, result, request_lib)
  File "/remote-home/qhgao/Workspace/Projects/RFC-crawlers/RFC-dev/RFC/req/middleware.py", line 168, in _apply_sync
    raise ValueError(f"unexpected status code {repr(status_code)} in response of {repr(item)}")
ValueError: unexpected status code 404 in response of AudioBookAudioPage(1203686)


2024-04-04 01:02:38,855 <requestor-worker-1:1998827, MainThread:140298684229440> (requestor.py:_fetch_single_async:216 -> requestor.py:_handle_error:99) from logger `RFC.requestor_failed`
[ERROR] failed on AudioBookAudioPage(1203674), caught error "['ValueError'] ValueError('unexpected status code 404 in response of AudioBookAudioPage(1203674)')"

2024-04-04 01:02:38,857 <requestor-worker-1:1998827, MainThread:140298684229440> (requestor.py:_fetch_single_async:216 -> requestor.py:_handle_error:100) from logger `RFC.requestor_failed`
[ERROR] Traceback (most recent call last):
  File "/remote-home/qhgao/Workspace/Projects/RFC-crawlers/RFC-dev/RFC/req/requestor.py", line 206, in _fetch_single_async
    result = await middleware.apply_async(item, result, self._session._request_lib, self._session._async_lib)
  File "/remote-home/qhgao/Workspace/Projects/RFC-crawlers/RFC-dev/RFC/req/middleware.py", line 121, in apply_async
    self._handle_error(e, item, result)
  File "/remote-home/qhgao/Workspace/Projects/RFC-crawlers/RFC-dev/RFC/req/middleware.py", line 83, in _handle_error
    raise error
  File "/remote-home/qhgao/Workspace/Projects/RFC-crawlers/RFC-dev/RFC/req/middleware.py", line 114, in apply_async
    _result = await self._apply_async(item, result, request_lib, async_lib)
  File "/remote-home/qhgao/Workspace/Projects/RFC-crawlers/RFC-dev/RFC/req/middleware.py", line 180, in _apply_async
    return self._apply_sync(item, result, request_lib)
  File "/remote-home/qhgao/Workspace/Projects/RFC-crawlers/RFC-dev/RFC/req/middleware.py", line 168, in _apply_sync
    raise ValueError(f"unexpected status code {repr(status_code)} in response of {repr(item)}")
ValueError: unexpected status code 404 in response of AudioBookAudioPage(1203674)


2024-04-04 01:03:20,295 <requestor-worker-1:1998827, MainThread:140298684229440> (requestor.py:_fetch_single_async:216 -> requestor.py:_handle_error:99) from logger `RFC.requestor_failed`
[ERROR] failed on AudioBookAudioPage(1203861).AudioBookAudioFile(1203861), caught error "['TimeoutError'] TimeoutError()"

2024-04-04 01:03:20,297 <requestor-worker-1:1998827, MainThread:140298684229440> (requestor.py:_fetch_single_async:216 -> requestor.py:_handle_error:100) from logger `RFC.requestor_failed`
[ERROR] Traceback (most recent call last):
  File "/remote-home/qhgao/Workspace/Projects/RFC-crawlers/RFC-dev/RFC/req/requestor.py", line 206, in _fetch_single_async
    result = await middleware.apply_async(item, result, self._session._request_lib, self._session._async_lib)
  File "/remote-home/qhgao/Workspace/Projects/RFC-crawlers/RFC-dev/RFC/req/middleware.py", line 121, in apply_async
    self._handle_error(e, item, result)
  File "/remote-home/qhgao/Workspace/Projects/RFC-crawlers/RFC-dev/RFC/req/middleware.py", line 83, in _handle_error
    raise error
  File "/remote-home/qhgao/Workspace/Projects/RFC-crawlers/RFC-dev/RFC/req/middleware.py", line 114, in apply_async
    _result = await self._apply_async(item, result, request_lib, async_lib)
  File "/remote-home/qhgao/Workspace/Projects/RFC-crawlers/RFC-dev/RFC/req/middleware.py", line 316, in _apply_async
    result.content = result.json if 'json' in result else await get_content_async(result.response, request_lib)  # type: ignore
  File "/remote-home/qhgao/Workspace/Projects/RFC-crawlers/RFC-dev/RFC/req/middleware_func.py", line 88, in get_content_async
    return await resp.read()
  File "/remote-home/qhgao/Workspace/Applications/anaconda3/envs/share_py310/lib/python3.10/site-packages/aiohttp/client_reqrep.py", line 1037, in read
    self._body = await self.content.read()
  File "/remote-home/qhgao/Workspace/Applications/anaconda3/envs/share_py310/lib/python3.10/site-packages/aiohttp/streams.py", line 375, in read
    block = await self.readany()
  File "/remote-home/qhgao/Workspace/Applications/anaconda3/envs/share_py310/lib/python3.10/site-packages/aiohttp/streams.py", line 397, in readany
    await self._wait("readany")
  File "/remote-home/qhgao/Workspace/Applications/anaconda3/envs/share_py310/lib/python3.10/site-packages/aiohttp/streams.py", line 303, in _wait
    with self._timer:
  File "/remote-home/qhgao/Workspace/Applications/anaconda3/envs/share_py310/lib/python3.10/site-packages/aiohttp/helpers.py", line 721, in __exit__
    raise asyncio.TimeoutError from None
asyncio.exceptions.TimeoutError


2024-04-04 01:03:21,456 <requestor-worker-1:1998827, MainThread:140298684229440> (requestor.py:_fetch_single_async:216 -> requestor.py:_handle_error:99) from logger `RFC.requestor_failed`
[ERROR] failed on AudioBookAudioPage(1203748), caught error "['ValueError'] ValueError('unexpected status code 404 in response of AudioBookAudioPage(1203748)')"

2024-04-04 01:03:21,457 <requestor-worker-1:1998827, MainThread:140298684229440> (requestor.py:_fetch_single_async:216 -> requestor.py:_handle_error:100) from logger `RFC.requestor_failed`
[ERROR] Traceback (most recent call last):
  File "/remote-home/qhgao/Workspace/Projects/RFC-crawlers/RFC-dev/RFC/req/requestor.py", line 206, in _fetch_single_async
    result = await middleware.apply_async(item, result, self._session._request_lib, self._session._async_lib)
  File "/remote-home/qhgao/Workspace/Projects/RFC-crawlers/RFC-dev/RFC/req/middleware.py", line 121, in apply_async
    self._handle_error(e, item, result)
  File "/remote-home/qhgao/Workspace/Projects/RFC-crawlers/RFC-dev/RFC/req/middleware.py", line 83, in _handle_error
    raise error
  File "/remote-home/qhgao/Workspace/Projects/RFC-crawlers/RFC-dev/RFC/req/middleware.py", line 114, in apply_async
    _result = await self._apply_async(item, result, request_lib, async_lib)
  File "/remote-home/qhgao/Workspace/Projects/RFC-crawlers/RFC-dev/RFC/req/middleware.py", line 180, in _apply_async
    return self._apply_sync(item, result, request_lib)
  File "/remote-home/qhgao/Workspace/Projects/RFC-crawlers/RFC-dev/RFC/req/middleware.py", line 168, in _apply_sync
    raise ValueError(f"unexpected status code {repr(status_code)} in response of {repr(item)}")
ValueError: unexpected status code 404 in response of AudioBookAudioPage(1203748)


2024-04-04 01:03:29,296 <requestor-worker-1:1998827, MainThread:140298684229440> (requestor.py:_fetch_single_async:216 -> requestor.py:_handle_error:99) from logger `RFC.requestor_failed`
[ERROR] failed on AudioBookAudioPage(1203507).AudioBookAudioFile(1203507), caught error "['TimeoutError'] TimeoutError()"

2024-04-04 01:03:29,299 <requestor-worker-1:1998827, MainThread:140298684229440> (requestor.py:_fetch_single_async:216 -> requestor.py:_handle_error:100) from logger `RFC.requestor_failed`
[ERROR] Traceback (most recent call last):
  File "/remote-home/qhgao/Workspace/Projects/RFC-crawlers/RFC-dev/RFC/req/requestor.py", line 199, in _fetch_single_async
    resp = await self._session.request(item)
  File "/remote-home/qhgao/Workspace/Projects/RFC-crawlers/RFC-dev/RFC/req/session.py", line 320, in request
    return await self._session.request(**request_args)
  File "/remote-home/qhgao/Workspace/Applications/anaconda3/envs/share_py310/lib/python3.10/site-packages/aiohttp/client.py", line 560, in _request
    await resp.start(conn)
  File "/remote-home/qhgao/Workspace/Applications/anaconda3/envs/share_py310/lib/python3.10/site-packages/aiohttp/client_reqrep.py", line 894, in start
    with self._timer:
  File "/remote-home/qhgao/Workspace/Applications/anaconda3/envs/share_py310/lib/python3.10/site-packages/aiohttp/helpers.py", line 721, in __exit__
    raise asyncio.TimeoutError from None
asyncio.exceptions.TimeoutError


2024-04-04 01:03:31,975 <requestor-worker-1:1998827, MainThread:140298684229440> (requestor.py:_fetch_single_async:216 -> requestor.py:_handle_error:99) from logger `RFC.requestor_failed`
[ERROR] failed on AudioBookAudioPage(1203765), caught error "['ValueError'] ValueError('unexpected status code 404 in response of AudioBookAudioPage(1203765)')"

2024-04-04 01:03:31,977 <requestor-worker-1:1998827, MainThread:140298684229440> (requestor.py:_fetch_single_async:216 -> requestor.py:_handle_error:100) from logger `RFC.requestor_failed`
[ERROR] Traceback (most recent call last):
  File "/remote-home/qhgao/Workspace/Projects/RFC-crawlers/RFC-dev/RFC/req/requestor.py", line 206, in _fetch_single_async
    result = await middleware.apply_async(item, result, self._session._request_lib, self._session._async_lib)
  File "/remote-home/qhgao/Workspace/Projects/RFC-crawlers/RFC-dev/RFC/req/middleware.py", line 121, in apply_async
    self._handle_error(e, item, result)
  File "/remote-home/qhgao/Workspace/Projects/RFC-crawlers/RFC-dev/RFC/req/middleware.py", line 83, in _handle_error
    raise error
  File "/remote-home/qhgao/Workspace/Projects/RFC-crawlers/RFC-dev/RFC/req/middleware.py", line 114, in apply_async
    _result = await self._apply_async(item, result, request_lib, async_lib)
  File "/remote-home/qhgao/Workspace/Projects/RFC-crawlers/RFC-dev/RFC/req/middleware.py", line 180, in _apply_async
    return self._apply_sync(item, result, request_lib)
  File "/remote-home/qhgao/Workspace/Projects/RFC-crawlers/RFC-dev/RFC/req/middleware.py", line 168, in _apply_sync
    raise ValueError(f"unexpected status code {repr(status_code)} in response of {repr(item)}")
ValueError: unexpected status code 404 in response of AudioBookAudioPage(1203765)


2024-04-04 01:03:32,985 <requestor-worker-1:1998827, MainThread:140298684229440> (requestor.py:_fetch_single_async:216 -> requestor.py:_handle_error:99) from logger `RFC.requestor_failed`
[ERROR] failed on AudioBookAudioPage(1203768), caught error "['ValueError'] ValueError('unexpected status code 404 in response of AudioBookAudioPage(1203768)')"

2024-04-04 01:03:32,985 <requestor-worker-1:1998827, MainThread:140298684229440> (requestor.py:_fetch_single_async:216 -> requestor.py:_handle_error:100) from logger `RFC.requestor_failed`
[ERROR] Traceback (most recent call last):
  File "/remote-home/qhgao/Workspace/Projects/RFC-crawlers/RFC-dev/RFC/req/requestor.py", line 206, in _fetch_single_async
    result = await middleware.apply_async(item, result, self._session._request_lib, self._session._async_lib)
  File "/remote-home/qhgao/Workspace/Projects/RFC-crawlers/RFC-dev/RFC/req/middleware.py", line 121, in apply_async
    self._handle_error(e, item, result)
  File "/remote-home/qhgao/Workspace/Projects/RFC-crawlers/RFC-dev/RFC/req/middleware.py", line 83, in _handle_error
    raise error
  File "/remote-home/qhgao/Workspace/Projects/RFC-crawlers/RFC-dev/RFC/req/middleware.py", line 114, in apply_async
    _result = await self._apply_async(item, result, request_lib, async_lib)
  File "/remote-home/qhgao/Workspace/Projects/RFC-crawlers/RFC-dev/RFC/req/middleware.py", line 180, in _apply_async
    return self._apply_sync(item, result, request_lib)
  File "/remote-home/qhgao/Workspace/Projects/RFC-crawlers/RFC-dev/RFC/req/middleware.py", line 168, in _apply_sync
    raise ValueError(f"unexpected status code {repr(status_code)} in response of {repr(item)}")
ValueError: unexpected status code 404 in response of AudioBookAudioPage(1203768)


2024-04-04 01:03:33,803 <requestor-worker-1:1998827, MainThread:140298684229440> (requestor.py:_fetch_single_async:216 -> requestor.py:_handle_error:99) from logger `RFC.requestor_failed`
[ERROR] failed on AudioBookAudioPage(1203770), caught error "['ValueError'] ValueError('unexpected status code 404 in response of AudioBookAudioPage(1203770)')"

2024-04-04 01:03:33,804 <requestor-worker-1:1998827, MainThread:140298684229440> (requestor.py:_fetch_single_async:216 -> requestor.py:_handle_error:100) from logger `RFC.requestor_failed`
[ERROR] Traceback (most recent call last):
  File "/remote-home/qhgao/Workspace/Projects/RFC-crawlers/RFC-dev/RFC/req/requestor.py", line 206, in _fetch_single_async
    result = await middleware.apply_async(item, result, self._session._request_lib, self._session._async_lib)
  File "/remote-home/qhgao/Workspace/Projects/RFC-crawlers/RFC-dev/RFC/req/middleware.py", line 121, in apply_async
    self._handle_error(e, item, result)
  File "/remote-home/qhgao/Workspace/Projects/RFC-crawlers/RFC-dev/RFC/req/middleware.py", line 83, in _handle_error
    raise error
  File "/remote-home/qhgao/Workspace/Projects/RFC-crawlers/RFC-dev/RFC/req/middleware.py", line 114, in apply_async
    _result = await self._apply_async(item, result, request_lib, async_lib)
  File "/remote-home/qhgao/Workspace/Projects/RFC-crawlers/RFC-dev/RFC/req/middleware.py", line 180, in _apply_async
    return self._apply_sync(item, result, request_lib)
  File "/remote-home/qhgao/Workspace/Projects/RFC-crawlers/RFC-dev/RFC/req/middleware.py", line 168, in _apply_sync
    raise ValueError(f"unexpected status code {repr(status_code)} in response of {repr(item)}")
ValueError: unexpected status code 404 in response of AudioBookAudioPage(1203770)


2024-04-04 01:03:38,297 <requestor-worker-1:1998827, MainThread:140298684229440> (requestor.py:_fetch_single_async:216 -> requestor.py:_handle_error:99) from logger `RFC.requestor_failed`
[ERROR] failed on AudioBookAudioPage(1203516).AudioBookAudioFile(1203516), caught error "['TimeoutError'] TimeoutError()"

2024-04-04 01:03:38,300 <requestor-worker-1:1998827, MainThread:140298684229440> (requestor.py:_fetch_single_async:216 -> requestor.py:_handle_error:100) from logger `RFC.requestor_failed`
[ERROR] Traceback (most recent call last):
  File "/remote-home/qhgao/Workspace/Projects/RFC-crawlers/RFC-dev/RFC/req/requestor.py", line 206, in _fetch_single_async
    result = await middleware.apply_async(item, result, self._session._request_lib, self._session._async_lib)
  File "/remote-home/qhgao/Workspace/Projects/RFC-crawlers/RFC-dev/RFC/req/middleware.py", line 121, in apply_async
    self._handle_error(e, item, result)
  File "/remote-home/qhgao/Workspace/Projects/RFC-crawlers/RFC-dev/RFC/req/middleware.py", line 83, in _handle_error
    raise error
  File "/remote-home/qhgao/Workspace/Projects/RFC-crawlers/RFC-dev/RFC/req/middleware.py", line 114, in apply_async
    _result = await self._apply_async(item, result, request_lib, async_lib)
  File "/remote-home/qhgao/Workspace/Projects/RFC-crawlers/RFC-dev/RFC/req/middleware.py", line 316, in _apply_async
    result.content = result.json if 'json' in result else await get_content_async(result.response, request_lib)  # type: ignore
  File "/remote-home/qhgao/Workspace/Projects/RFC-crawlers/RFC-dev/RFC/req/middleware_func.py", line 88, in get_content_async
    return await resp.read()
  File "/remote-home/qhgao/Workspace/Applications/anaconda3/envs/share_py310/lib/python3.10/site-packages/aiohttp/client_reqrep.py", line 1037, in read
    self._body = await self.content.read()
  File "/remote-home/qhgao/Workspace/Applications/anaconda3/envs/share_py310/lib/python3.10/site-packages/aiohttp/streams.py", line 375, in read
    block = await self.readany()
  File "/remote-home/qhgao/Workspace/Applications/anaconda3/envs/share_py310/lib/python3.10/site-packages/aiohttp/streams.py", line 397, in readany
    await self._wait("readany")
  File "/remote-home/qhgao/Workspace/Applications/anaconda3/envs/share_py310/lib/python3.10/site-packages/aiohttp/streams.py", line 303, in _wait
    with self._timer:
  File "/remote-home/qhgao/Workspace/Applications/anaconda3/envs/share_py310/lib/python3.10/site-packages/aiohttp/helpers.py", line 721, in __exit__
    raise asyncio.TimeoutError from None
asyncio.exceptions.TimeoutError


2024-04-04 01:03:44,301 <requestor-worker-1:1998827, MainThread:140298684229440> (requestor.py:_fetch_single_async:216 -> requestor.py:_handle_error:99) from logger `RFC.requestor_failed`
[ERROR] failed on AudioBookAudioPage(1203790), caught error "['ValueError'] ValueError('unexpected status code 404 in response of AudioBookAudioPage(1203790)')"

2024-04-04 01:03:44,302 <requestor-worker-1:1998827, MainThread:140298684229440> (requestor.py:_fetch_single_async:216 -> requestor.py:_handle_error:100) from logger `RFC.requestor_failed`
[ERROR] Traceback (most recent call last):
  File "/remote-home/qhgao/Workspace/Projects/RFC-crawlers/RFC-dev/RFC/req/requestor.py", line 206, in _fetch_single_async
    result = await middleware.apply_async(item, result, self._session._request_lib, self._session._async_lib)
  File "/remote-home/qhgao/Workspace/Projects/RFC-crawlers/RFC-dev/RFC/req/middleware.py", line 121, in apply_async
    self._handle_error(e, item, result)
  File "/remote-home/qhgao/Workspace/Projects/RFC-crawlers/RFC-dev/RFC/req/middleware.py", line 83, in _handle_error
    raise error
  File "/remote-home/qhgao/Workspace/Projects/RFC-crawlers/RFC-dev/RFC/req/middleware.py", line 114, in apply_async
    _result = await self._apply_async(item, result, request_lib, async_lib)
  File "/remote-home/qhgao/Workspace/Projects/RFC-crawlers/RFC-dev/RFC/req/middleware.py", line 180, in _apply_async
    return self._apply_sync(item, result, request_lib)
  File "/remote-home/qhgao/Workspace/Projects/RFC-crawlers/RFC-dev/RFC/req/middleware.py", line 168, in _apply_sync
    raise ValueError(f"unexpected status code {repr(status_code)} in response of {repr(item)}")
ValueError: unexpected status code 404 in response of AudioBookAudioPage(1203790)


2024-04-04 01:03:45,294 <requestor-worker-1:1998827, MainThread:140298684229440> (requestor.py:_fetch_single_async:216 -> requestor.py:_handle_error:99) from logger `RFC.requestor_failed`
[ERROR] failed on AudioBookAudioPage(1203536).AudioBookAudioFile(1203536), caught error "['TimeoutError'] TimeoutError()"

2024-04-04 01:03:45,295 <requestor-worker-1:1998827, MainThread:140298684229440> (requestor.py:_fetch_single_async:216 -> requestor.py:_handle_error:100) from logger `RFC.requestor_failed`
[ERROR] Traceback (most recent call last):
  File "/remote-home/qhgao/Workspace/Projects/RFC-crawlers/RFC-dev/RFC/req/requestor.py", line 206, in _fetch_single_async
    result = await middleware.apply_async(item, result, self._session._request_lib, self._session._async_lib)
  File "/remote-home/qhgao/Workspace/Projects/RFC-crawlers/RFC-dev/RFC/req/middleware.py", line 121, in apply_async
    self._handle_error(e, item, result)
  File "/remote-home/qhgao/Workspace/Projects/RFC-crawlers/RFC-dev/RFC/req/middleware.py", line 83, in _handle_error
    raise error
  File "/remote-home/qhgao/Workspace/Projects/RFC-crawlers/RFC-dev/RFC/req/middleware.py", line 114, in apply_async
    _result = await self._apply_async(item, result, request_lib, async_lib)
  File "/remote-home/qhgao/Workspace/Projects/RFC-crawlers/RFC-dev/RFC/req/middleware.py", line 316, in _apply_async
    result.content = result.json if 'json' in result else await get_content_async(result.response, request_lib)  # type: ignore
  File "/remote-home/qhgao/Workspace/Projects/RFC-crawlers/RFC-dev/RFC/req/middleware_func.py", line 88, in get_content_async
    return await resp.read()
  File "/remote-home/qhgao/Workspace/Applications/anaconda3/envs/share_py310/lib/python3.10/site-packages/aiohttp/client_reqrep.py", line 1037, in read
    self._body = await self.content.read()
  File "/remote-home/qhgao/Workspace/Applications/anaconda3/envs/share_py310/lib/python3.10/site-packages/aiohttp/streams.py", line 375, in read
    block = await self.readany()
  File "/remote-home/qhgao/Workspace/Applications/anaconda3/envs/share_py310/lib/python3.10/site-packages/aiohttp/streams.py", line 397, in readany
    await self._wait("readany")
  File "/remote-home/qhgao/Workspace/Applications/anaconda3/envs/share_py310/lib/python3.10/site-packages/aiohttp/streams.py", line 303, in _wait
    with self._timer:
  File "/remote-home/qhgao/Workspace/Applications/anaconda3/envs/share_py310/lib/python3.10/site-packages/aiohttp/helpers.py", line 721, in __exit__
    raise asyncio.TimeoutError from None
asyncio.exceptions.TimeoutError


2024-04-04 01:03:45,299 <requestor-worker-1:1998827, MainThread:140298684229440> (requestor.py:_fetch_single_async:216 -> requestor.py:_handle_error:99) from logger `RFC.requestor_failed`
[ERROR] failed on AudioBookAudioPage(1203525).AudioBookAudioFile(1203525), caught error "['TimeoutError'] TimeoutError()"

2024-04-04 01:03:45,300 <requestor-worker-1:1998827, MainThread:140298684229440> (requestor.py:_fetch_single_async:216 -> requestor.py:_handle_error:100) from logger `RFC.requestor_failed`
[ERROR] Traceback (most recent call last):
  File "/remote-home/qhgao/Workspace/Projects/RFC-crawlers/RFC-dev/RFC/req/requestor.py", line 206, in _fetch_single_async
    result = await middleware.apply_async(item, result, self._session._request_lib, self._session._async_lib)
  File "/remote-home/qhgao/Workspace/Projects/RFC-crawlers/RFC-dev/RFC/req/middleware.py", line 121, in apply_async
    self._handle_error(e, item, result)
  File "/remote-home/qhgao/Workspace/Projects/RFC-crawlers/RFC-dev/RFC/req/middleware.py", line 83, in _handle_error
    raise error
  File "/remote-home/qhgao/Workspace/Projects/RFC-crawlers/RFC-dev/RFC/req/middleware.py", line 114, in apply_async
    _result = await self._apply_async(item, result, request_lib, async_lib)
  File "/remote-home/qhgao/Workspace/Projects/RFC-crawlers/RFC-dev/RFC/req/middleware.py", line 316, in _apply_async
    result.content = result.json if 'json' in result else await get_content_async(result.response, request_lib)  # type: ignore
  File "/remote-home/qhgao/Workspace/Projects/RFC-crawlers/RFC-dev/RFC/req/middleware_func.py", line 88, in get_content_async
    return await resp.read()
  File "/remote-home/qhgao/Workspace/Applications/anaconda3/envs/share_py310/lib/python3.10/site-packages/aiohttp/client_reqrep.py", line 1037, in read
    self._body = await self.content.read()
  File "/remote-home/qhgao/Workspace/Applications/anaconda3/envs/share_py310/lib/python3.10/site-packages/aiohttp/streams.py", line 375, in read
    block = await self.readany()
  File "/remote-home/qhgao/Workspace/Applications/anaconda3/envs/share_py310/lib/python3.10/site-packages/aiohttp/streams.py", line 397, in readany
    await self._wait("readany")
  File "/remote-home/qhgao/Workspace/Applications/anaconda3/envs/share_py310/lib/python3.10/site-packages/aiohttp/streams.py", line 303, in _wait
    with self._timer:
  File "/remote-home/qhgao/Workspace/Applications/anaconda3/envs/share_py310/lib/python3.10/site-packages/aiohttp/helpers.py", line 721, in __exit__
    raise asyncio.TimeoutError from None
asyncio.exceptions.TimeoutError


2024-04-04 01:03:45,369 <requestor-worker-1:1998827, MainThread:140298684229440> (requestor.py:_fetch_single_async:216 -> requestor.py:_handle_error:99) from logger `RFC.requestor_failed`
[ERROR] failed on AudioBookAudioPage(1203791), caught error "['ValueError'] ValueError('unexpected status code 404 in response of AudioBookAudioPage(1203791)')"

2024-04-04 01:03:45,371 <requestor-worker-1:1998827, MainThread:140298684229440> (requestor.py:_fetch_single_async:216 -> requestor.py:_handle_error:100) from logger `RFC.requestor_failed`
[ERROR] Traceback (most recent call last):
  File "/remote-home/qhgao/Workspace/Projects/RFC-crawlers/RFC-dev/RFC/req/requestor.py", line 206, in _fetch_single_async
    result = await middleware.apply_async(item, result, self._session._request_lib, self._session._async_lib)
  File "/remote-home/qhgao/Workspace/Projects/RFC-crawlers/RFC-dev/RFC/req/middleware.py", line 121, in apply_async
    self._handle_error(e, item, result)
  File "/remote-home/qhgao/Workspace/Projects/RFC-crawlers/RFC-dev/RFC/req/middleware.py", line 83, in _handle_error
    raise error
  File "/remote-home/qhgao/Workspace/Projects/RFC-crawlers/RFC-dev/RFC/req/middleware.py", line 114, in apply_async
    _result = await self._apply_async(item, result, request_lib, async_lib)
  File "/remote-home/qhgao/Workspace/Projects/RFC-crawlers/RFC-dev/RFC/req/middleware.py", line 180, in _apply_async
    return self._apply_sync(item, result, request_lib)
  File "/remote-home/qhgao/Workspace/Projects/RFC-crawlers/RFC-dev/RFC/req/middleware.py", line 168, in _apply_sync
    raise ValueError(f"unexpected status code {repr(status_code)} in response of {repr(item)}")
ValueError: unexpected status code 404 in response of AudioBookAudioPage(1203791)


2024-04-04 01:03:46,481 <requestor-worker-1:1998827, MainThread:140298684229440> (requestor.py:_fetch_single_async:216 -> requestor.py:_handle_error:99) from logger `RFC.requestor_failed`
[ERROR] failed on AudioBookAudioPage(1203795), caught error "['ValueError'] ValueError('unexpected status code 404 in response of AudioBookAudioPage(1203795)')"

2024-04-04 01:03:46,483 <requestor-worker-1:1998827, MainThread:140298684229440> (requestor.py:_fetch_single_async:216 -> requestor.py:_handle_error:100) from logger `RFC.requestor_failed`
[ERROR] Traceback (most recent call last):
  File "/remote-home/qhgao/Workspace/Projects/RFC-crawlers/RFC-dev/RFC/req/requestor.py", line 206, in _fetch_single_async
    result = await middleware.apply_async(item, result, self._session._request_lib, self._session._async_lib)
  File "/remote-home/qhgao/Workspace/Projects/RFC-crawlers/RFC-dev/RFC/req/middleware.py", line 121, in apply_async
    self._handle_error(e, item, result)
  File "/remote-home/qhgao/Workspace/Projects/RFC-crawlers/RFC-dev/RFC/req/middleware.py", line 83, in _handle_error
    raise error
  File "/remote-home/qhgao/Workspace/Projects/RFC-crawlers/RFC-dev/RFC/req/middleware.py", line 114, in apply_async
    _result = await self._apply_async(item, result, request_lib, async_lib)
  File "/remote-home/qhgao/Workspace/Projects/RFC-crawlers/RFC-dev/RFC/req/middleware.py", line 180, in _apply_async
    return self._apply_sync(item, result, request_lib)
  File "/remote-home/qhgao/Workspace/Projects/RFC-crawlers/RFC-dev/RFC/req/middleware.py", line 168, in _apply_sync
    raise ValueError(f"unexpected status code {repr(status_code)} in response of {repr(item)}")
ValueError: unexpected status code 404 in response of AudioBookAudioPage(1203795)


2024-04-04 01:03:47,568 <requestor-worker-1:1998827, MainThread:140298684229440> (requestor.py:_fetch_single_async:216 -> requestor.py:_handle_error:99) from logger `RFC.requestor_failed`
[ERROR] failed on AudioBookAudioPage(1203796), caught error "['ValueError'] ValueError('unexpected status code 404 in response of AudioBookAudioPage(1203796)')"

2024-04-04 01:03:47,570 <requestor-worker-1:1998827, MainThread:140298684229440> (requestor.py:_fetch_single_async:216 -> requestor.py:_handle_error:100) from logger `RFC.requestor_failed`
[ERROR] Traceback (most recent call last):
  File "/remote-home/qhgao/Workspace/Projects/RFC-crawlers/RFC-dev/RFC/req/requestor.py", line 206, in _fetch_single_async
    result = await middleware.apply_async(item, result, self._session._request_lib, self._session._async_lib)
  File "/remote-home/qhgao/Workspace/Projects/RFC-crawlers/RFC-dev/RFC/req/middleware.py", line 121, in apply_async
    self._handle_error(e, item, result)
  File "/remote-home/qhgao/Workspace/Projects/RFC-crawlers/RFC-dev/RFC/req/middleware.py", line 83, in _handle_error
    raise error
  File "/remote-home/qhgao/Workspace/Projects/RFC-crawlers/RFC-dev/RFC/req/middleware.py", line 114, in apply_async
    _result = await self._apply_async(item, result, request_lib, async_lib)
  File "/remote-home/qhgao/Workspace/Projects/RFC-crawlers/RFC-dev/RFC/req/middleware.py", line 180, in _apply_async
    return self._apply_sync(item, result, request_lib)
  File "/remote-home/qhgao/Workspace/Projects/RFC-crawlers/RFC-dev/RFC/req/middleware.py", line 168, in _apply_sync
    raise ValueError(f"unexpected status code {repr(status_code)} in response of {repr(item)}")
ValueError: unexpected status code 404 in response of AudioBookAudioPage(1203796)


2024-04-04 01:04:30,296 <requestor-worker-1:1998827, MainThread:140298684229440> (requestor.py:_fetch_single_async:216 -> requestor.py:_handle_error:99) from logger `RFC.requestor_failed`
[ERROR] failed on AudioBookAudioPage(1203546).AudioBookAudioFile(1203546), caught error "['TimeoutError'] TimeoutError()"

2024-04-04 01:04:30,298 <requestor-worker-1:1998827, MainThread:140298684229440> (requestor.py:_fetch_single_async:216 -> requestor.py:_handle_error:100) from logger `RFC.requestor_failed`
[ERROR] Traceback (most recent call last):
  File "/remote-home/qhgao/Workspace/Projects/RFC-crawlers/RFC-dev/RFC/req/requestor.py", line 206, in _fetch_single_async
    result = await middleware.apply_async(item, result, self._session._request_lib, self._session._async_lib)
  File "/remote-home/qhgao/Workspace/Projects/RFC-crawlers/RFC-dev/RFC/req/middleware.py", line 121, in apply_async
    self._handle_error(e, item, result)
  File "/remote-home/qhgao/Workspace/Projects/RFC-crawlers/RFC-dev/RFC/req/middleware.py", line 83, in _handle_error
    raise error
  File "/remote-home/qhgao/Workspace/Projects/RFC-crawlers/RFC-dev/RFC/req/middleware.py", line 114, in apply_async
    _result = await self._apply_async(item, result, request_lib, async_lib)
  File "/remote-home/qhgao/Workspace/Projects/RFC-crawlers/RFC-dev/RFC/req/middleware.py", line 316, in _apply_async
    result.content = result.json if 'json' in result else await get_content_async(result.response, request_lib)  # type: ignore
  File "/remote-home/qhgao/Workspace/Projects/RFC-crawlers/RFC-dev/RFC/req/middleware_func.py", line 88, in get_content_async
    return await resp.read()
  File "/remote-home/qhgao/Workspace/Applications/anaconda3/envs/share_py310/lib/python3.10/site-packages/aiohttp/client_reqrep.py", line 1037, in read
    self._body = await self.content.read()
  File "/remote-home/qhgao/Workspace/Applications/anaconda3/envs/share_py310/lib/python3.10/site-packages/aiohttp/streams.py", line 375, in read
    block = await self.readany()
  File "/remote-home/qhgao/Workspace/Applications/anaconda3/envs/share_py310/lib/python3.10/site-packages/aiohttp/streams.py", line 397, in readany
    await self._wait("readany")
  File "/remote-home/qhgao/Workspace/Applications/anaconda3/envs/share_py310/lib/python3.10/site-packages/aiohttp/streams.py", line 303, in _wait
    with self._timer:
  File "/remote-home/qhgao/Workspace/Applications/anaconda3/envs/share_py310/lib/python3.10/site-packages/aiohttp/helpers.py", line 721, in __exit__
    raise asyncio.TimeoutError from None
asyncio.exceptions.TimeoutError


2024-04-04 01:04:46,296 <requestor-worker-1:1998827, MainThread:140298684229440> (requestor.py:_fetch_single_async:216 -> requestor.py:_handle_error:99) from logger `RFC.requestor_failed`
[ERROR] failed on AudioBookAudioPage(1203564).AudioBookAudioFile(1203564), caught error "['TimeoutError'] TimeoutError()"

2024-04-04 01:04:46,298 <requestor-worker-1:1998827, MainThread:140298684229440> (requestor.py:_fetch_single_async:216 -> requestor.py:_handle_error:100) from logger `RFC.requestor_failed`
[ERROR] Traceback (most recent call last):
  File "/remote-home/qhgao/Workspace/Projects/RFC-crawlers/RFC-dev/RFC/req/requestor.py", line 206, in _fetch_single_async
    result = await middleware.apply_async(item, result, self._session._request_lib, self._session._async_lib)
  File "/remote-home/qhgao/Workspace/Projects/RFC-crawlers/RFC-dev/RFC/req/middleware.py", line 121, in apply_async
    self._handle_error(e, item, result)
  File "/remote-home/qhgao/Workspace/Projects/RFC-crawlers/RFC-dev/RFC/req/middleware.py", line 83, in _handle_error
    raise error
  File "/remote-home/qhgao/Workspace/Projects/RFC-crawlers/RFC-dev/RFC/req/middleware.py", line 114, in apply_async
    _result = await self._apply_async(item, result, request_lib, async_lib)
  File "/remote-home/qhgao/Workspace/Projects/RFC-crawlers/RFC-dev/RFC/req/middleware.py", line 316, in _apply_async
    result.content = result.json if 'json' in result else await get_content_async(result.response, request_lib)  # type: ignore
  File "/remote-home/qhgao/Workspace/Projects/RFC-crawlers/RFC-dev/RFC/req/middleware_func.py", line 88, in get_content_async
    return await resp.read()
  File "/remote-home/qhgao/Workspace/Applications/anaconda3/envs/share_py310/lib/python3.10/site-packages/aiohttp/client_reqrep.py", line 1037, in read
    self._body = await self.content.read()
  File "/remote-home/qhgao/Workspace/Applications/anaconda3/envs/share_py310/lib/python3.10/site-packages/aiohttp/streams.py", line 375, in read
    block = await self.readany()
  File "/remote-home/qhgao/Workspace/Applications/anaconda3/envs/share_py310/lib/python3.10/site-packages/aiohttp/streams.py", line 397, in readany
    await self._wait("readany")
  File "/remote-home/qhgao/Workspace/Applications/anaconda3/envs/share_py310/lib/python3.10/site-packages/aiohttp/streams.py", line 303, in _wait
    with self._timer:
  File "/remote-home/qhgao/Workspace/Applications/anaconda3/envs/share_py310/lib/python3.10/site-packages/aiohttp/helpers.py", line 721, in __exit__
    raise asyncio.TimeoutError from None
asyncio.exceptions.TimeoutError


2024-04-04 01:05:07,308 <requestor-worker-1:1998827, MainThread:140298684229440> (requestor.py:_fetch_single_async:216 -> requestor.py:_handle_error:99) from logger `RFC.requestor_failed`
[ERROR] failed on AudioBookAudioPage(1203892), caught error "['TimeoutError'] TimeoutError()"

2024-04-04 01:05:07,311 <requestor-worker-1:1998827, MainThread:140298684229440> (requestor.py:_fetch_single_async:216 -> requestor.py:_handle_error:100) from logger `RFC.requestor_failed`
[ERROR] Traceback (most recent call last):
  File "/remote-home/qhgao/Workspace/Projects/RFC-crawlers/RFC-dev/RFC/req/requestor.py", line 199, in _fetch_single_async
    resp = await self._session.request(item)
  File "/remote-home/qhgao/Workspace/Projects/RFC-crawlers/RFC-dev/RFC/req/session.py", line 320, in request
    return await self._session.request(**request_args)
  File "/remote-home/qhgao/Workspace/Applications/anaconda3/envs/share_py310/lib/python3.10/site-packages/aiohttp/client.py", line 560, in _request
    await resp.start(conn)
  File "/remote-home/qhgao/Workspace/Applications/anaconda3/envs/share_py310/lib/python3.10/site-packages/aiohttp/client_reqrep.py", line 894, in start
    with self._timer:
  File "/remote-home/qhgao/Workspace/Applications/anaconda3/envs/share_py310/lib/python3.10/site-packages/aiohttp/helpers.py", line 721, in __exit__
    raise asyncio.TimeoutError from None
asyncio.exceptions.TimeoutError


2024-04-04 01:05:56,294 <requestor-worker-1:1998827, MainThread:140298684229440> (requestor.py:_fetch_single_async:216 -> requestor.py:_handle_error:99) from logger `RFC.requestor_failed`
[ERROR] failed on AudioBookAudioPage(1203608).AudioBookAudioFile(1203608), caught error "['TimeoutError'] TimeoutError()"

2024-04-04 01:05:56,295 <requestor-worker-1:1998827, MainThread:140298684229440> (requestor.py:_fetch_single_async:216 -> requestor.py:_handle_error:100) from logger `RFC.requestor_failed`
[ERROR] Traceback (most recent call last):
  File "/remote-home/qhgao/Workspace/Projects/RFC-crawlers/RFC-dev/RFC/req/requestor.py", line 206, in _fetch_single_async
    result = await middleware.apply_async(item, result, self._session._request_lib, self._session._async_lib)
  File "/remote-home/qhgao/Workspace/Projects/RFC-crawlers/RFC-dev/RFC/req/middleware.py", line 121, in apply_async
    self._handle_error(e, item, result)
  File "/remote-home/qhgao/Workspace/Projects/RFC-crawlers/RFC-dev/RFC/req/middleware.py", line 83, in _handle_error
    raise error
  File "/remote-home/qhgao/Workspace/Projects/RFC-crawlers/RFC-dev/RFC/req/middleware.py", line 114, in apply_async
    _result = await self._apply_async(item, result, request_lib, async_lib)
  File "/remote-home/qhgao/Workspace/Projects/RFC-crawlers/RFC-dev/RFC/req/middleware.py", line 316, in _apply_async
    result.content = result.json if 'json' in result else await get_content_async(result.response, request_lib)  # type: ignore
  File "/remote-home/qhgao/Workspace/Projects/RFC-crawlers/RFC-dev/RFC/req/middleware_func.py", line 88, in get_content_async
    return await resp.read()
  File "/remote-home/qhgao/Workspace/Applications/anaconda3/envs/share_py310/lib/python3.10/site-packages/aiohttp/client_reqrep.py", line 1037, in read
    self._body = await self.content.read()
  File "/remote-home/qhgao/Workspace/Applications/anaconda3/envs/share_py310/lib/python3.10/site-packages/aiohttp/streams.py", line 375, in read
    block = await self.readany()
  File "/remote-home/qhgao/Workspace/Applications/anaconda3/envs/share_py310/lib/python3.10/site-packages/aiohttp/streams.py", line 397, in readany
    await self._wait("readany")
  File "/remote-home/qhgao/Workspace/Applications/anaconda3/envs/share_py310/lib/python3.10/site-packages/aiohttp/streams.py", line 303, in _wait
    with self._timer:
  File "/remote-home/qhgao/Workspace/Applications/anaconda3/envs/share_py310/lib/python3.10/site-packages/aiohttp/helpers.py", line 721, in __exit__
    raise asyncio.TimeoutError from None
asyncio.exceptions.TimeoutError


2024-04-04 01:06:45,327 <requestor-worker-1:1998827, MainThread:140298684229440> (requestor.py:_fetch_single_async:216 -> requestor.py:_handle_error:99) from logger `RFC.requestor_failed`
[ERROR] failed on AudioBookAudioPage(1203690).AudioBookAudioFile(1203690), caught error "['TimeoutError'] TimeoutError()"

2024-04-04 01:06:45,331 <requestor-worker-1:1998827, MainThread:140298684229440> (requestor.py:_fetch_single_async:216 -> requestor.py:_handle_error:100) from logger `RFC.requestor_failed`
[ERROR] Traceback (most recent call last):
  File "/remote-home/qhgao/Workspace/Projects/RFC-crawlers/RFC-dev/RFC/req/requestor.py", line 206, in _fetch_single_async
    result = await middleware.apply_async(item, result, self._session._request_lib, self._session._async_lib)
  File "/remote-home/qhgao/Workspace/Projects/RFC-crawlers/RFC-dev/RFC/req/middleware.py", line 121, in apply_async
    self._handle_error(e, item, result)
  File "/remote-home/qhgao/Workspace/Projects/RFC-crawlers/RFC-dev/RFC/req/middleware.py", line 83, in _handle_error
    raise error
  File "/remote-home/qhgao/Workspace/Projects/RFC-crawlers/RFC-dev/RFC/req/middleware.py", line 114, in apply_async
    _result = await self._apply_async(item, result, request_lib, async_lib)
  File "/remote-home/qhgao/Workspace/Projects/RFC-crawlers/RFC-dev/RFC/req/middleware.py", line 316, in _apply_async
    result.content = result.json if 'json' in result else await get_content_async(result.response, request_lib)  # type: ignore
  File "/remote-home/qhgao/Workspace/Projects/RFC-crawlers/RFC-dev/RFC/req/middleware_func.py", line 88, in get_content_async
    return await resp.read()
  File "/remote-home/qhgao/Workspace/Applications/anaconda3/envs/share_py310/lib/python3.10/site-packages/aiohttp/client_reqrep.py", line 1037, in read
    self._body = await self.content.read()
  File "/remote-home/qhgao/Workspace/Applications/anaconda3/envs/share_py310/lib/python3.10/site-packages/aiohttp/streams.py", line 375, in read
    block = await self.readany()
  File "/remote-home/qhgao/Workspace/Applications/anaconda3/envs/share_py310/lib/python3.10/site-packages/aiohttp/streams.py", line 397, in readany
    await self._wait("readany")
  File "/remote-home/qhgao/Workspace/Applications/anaconda3/envs/share_py310/lib/python3.10/site-packages/aiohttp/streams.py", line 303, in _wait
    with self._timer:
  File "/remote-home/qhgao/Workspace/Applications/anaconda3/envs/share_py310/lib/python3.10/site-packages/aiohttp/helpers.py", line 721, in __exit__
    raise asyncio.TimeoutError from None
asyncio.exceptions.TimeoutError


2024-04-04 01:07:02,296 <requestor-worker-1:1998827, MainThread:140298684229440> (requestor.py:_fetch_single_async:216 -> requestor.py:_handle_error:99) from logger `RFC.requestor_failed`
[ERROR] failed on AudioBookAudioPage(1203703).AudioBookAudioFile(1203703), caught error "['TimeoutError'] TimeoutError()"

2024-04-04 01:07:02,299 <requestor-worker-1:1998827, MainThread:140298684229440> (requestor.py:_fetch_single_async:216 -> requestor.py:_handle_error:100) from logger `RFC.requestor_failed`
[ERROR] Traceback (most recent call last):
  File "/remote-home/qhgao/Workspace/Projects/RFC-crawlers/RFC-dev/RFC/req/requestor.py", line 206, in _fetch_single_async
    result = await middleware.apply_async(item, result, self._session._request_lib, self._session._async_lib)
  File "/remote-home/qhgao/Workspace/Projects/RFC-crawlers/RFC-dev/RFC/req/middleware.py", line 121, in apply_async
    self._handle_error(e, item, result)
  File "/remote-home/qhgao/Workspace/Projects/RFC-crawlers/RFC-dev/RFC/req/middleware.py", line 83, in _handle_error
    raise error
  File "/remote-home/qhgao/Workspace/Projects/RFC-crawlers/RFC-dev/RFC/req/middleware.py", line 114, in apply_async
    _result = await self._apply_async(item, result, request_lib, async_lib)
  File "/remote-home/qhgao/Workspace/Projects/RFC-crawlers/RFC-dev/RFC/req/middleware.py", line 316, in _apply_async
    result.content = result.json if 'json' in result else await get_content_async(result.response, request_lib)  # type: ignore
  File "/remote-home/qhgao/Workspace/Projects/RFC-crawlers/RFC-dev/RFC/req/middleware_func.py", line 88, in get_content_async
    return await resp.read()
  File "/remote-home/qhgao/Workspace/Applications/anaconda3/envs/share_py310/lib/python3.10/site-packages/aiohttp/client_reqrep.py", line 1037, in read
    self._body = await self.content.read()
  File "/remote-home/qhgao/Workspace/Applications/anaconda3/envs/share_py310/lib/python3.10/site-packages/aiohttp/streams.py", line 375, in read
    block = await self.readany()
  File "/remote-home/qhgao/Workspace/Applications/anaconda3/envs/share_py310/lib/python3.10/site-packages/aiohttp/streams.py", line 397, in readany
    await self._wait("readany")
  File "/remote-home/qhgao/Workspace/Applications/anaconda3/envs/share_py310/lib/python3.10/site-packages/aiohttp/streams.py", line 303, in _wait
    with self._timer:
  File "/remote-home/qhgao/Workspace/Applications/anaconda3/envs/share_py310/lib/python3.10/site-packages/aiohttp/helpers.py", line 721, in __exit__
    raise asyncio.TimeoutError from None
asyncio.exceptions.TimeoutError


2024-04-04 01:07:49,863 <requestor-worker-1:1998827, MainThread:140298684229440> (requestor.py:_fetch_single_async:216 -> requestor.py:_handle_error:99) from logger `RFC.requestor_failed`
[ERROR] failed on AudioBookAudioPage(1203829).AudioBookAudioFile(1203829), caught error "['ClientConnectorSSLError'] ClientConnectorSSLError(ConnectionKey(host='audiostock.jp', port=443, is_ssl=True, ssl=None, proxy=URL('http://D6FL1CJ8:9FC1ADB88090@183.153.142.157:45664'), proxy_auth=None, proxy_headers_hash=5374761174559840771), SSLError(1, '[SSL: WRONG_VERSION_NUMBER] wrong version number (_ssl.c:997)'))"

2024-04-04 01:07:49,866 <requestor-worker-1:1998827, MainThread:140298684229440> (requestor.py:_fetch_single_async:216 -> requestor.py:_handle_error:100) from logger `RFC.requestor_failed`
[ERROR] Traceback (most recent call last):
  File "/remote-home/qhgao/Workspace/Applications/anaconda3/envs/share_py310/lib/python3.10/site-packages/aiohttp/connector.py", line 1091, in _start_tls_connection
    tls_transport = await self._loop.start_tls(
  File "/remote-home/qhgao/Workspace/Applications/anaconda3/envs/share_py310/lib/python3.10/asyncio/base_events.py", line 1239, in start_tls
    await waiter
  File "/remote-home/qhgao/Workspace/Applications/anaconda3/envs/share_py310/lib/python3.10/asyncio/sslproto.py", line 534, in data_received
    ssldata, appdata = self._sslpipe.feed_ssldata(data)
  File "/remote-home/qhgao/Workspace/Applications/anaconda3/envs/share_py310/lib/python3.10/asyncio/sslproto.py", line 188, in feed_ssldata
    self._sslobj.do_handshake()
  File "/remote-home/qhgao/Workspace/Applications/anaconda3/envs/share_py310/lib/python3.10/ssl.py", line 974, in do_handshake
    self._sslobj.do_handshake()
ssl.SSLError: [SSL: WRONG_VERSION_NUMBER] wrong version number (_ssl.c:997)

The above exception was the direct cause of the following exception:

Traceback (most recent call last):
  File "/remote-home/qhgao/Workspace/Projects/RFC-crawlers/RFC-dev/RFC/req/requestor.py", line 199, in _fetch_single_async
    resp = await self._session.request(item)
  File "/remote-home/qhgao/Workspace/Projects/RFC-crawlers/RFC-dev/RFC/req/session.py", line 320, in request
    return await self._session.request(**request_args)
  File "/remote-home/qhgao/Workspace/Applications/anaconda3/envs/share_py310/lib/python3.10/site-packages/aiohttp/client.py", line 536, in _request
    conn = await self._connector.connect(
  File "/remote-home/qhgao/Workspace/Applications/anaconda3/envs/share_py310/lib/python3.10/site-packages/aiohttp/connector.py", line 540, in connect
    proto = await self._create_connection(req, traces, timeout)
  File "/remote-home/qhgao/Workspace/Applications/anaconda3/envs/share_py310/lib/python3.10/site-packages/aiohttp/connector.py", line 899, in _create_connection
    _, proto = await self._create_proxy_connection(req, traces, timeout)
  File "/remote-home/qhgao/Workspace/Applications/anaconda3/envs/share_py310/lib/python3.10/site-packages/aiohttp/connector.py", line 1325, in _create_proxy_connection
    return await self._start_tls_connection(
  File "/remote-home/qhgao/Workspace/Applications/anaconda3/envs/share_py310/lib/python3.10/site-packages/aiohttp/connector.py", line 1107, in _start_tls_connection
    raise ClientConnectorSSLError(req.connection_key, exc) from exc
aiohttp.client_exceptions.ClientConnectorSSLError: Cannot connect to host audiostock.jp:443 ssl:default [[SSL: WRONG_VERSION_NUMBER] wrong version number (_ssl.c:997)]


2024-04-04 01:07:52,295 <requestor-worker-1:1998827, MainThread:140298684229440> (requestor.py:_fetch_single_async:216 -> requestor.py:_handle_error:99) from logger `RFC.requestor_failed`
[ERROR] failed on AudioBookAudioPage(1203787).AudioBookAudioFile(1203787), caught error "['TimeoutError'] TimeoutError()"

2024-04-04 01:07:52,296 <requestor-worker-1:1998827, MainThread:140298684229440> (requestor.py:_fetch_single_async:216 -> requestor.py:_handle_error:100) from logger `RFC.requestor_failed`
[ERROR] Traceback (most recent call last):
  File "/remote-home/qhgao/Workspace/Projects/RFC-crawlers/RFC-dev/RFC/req/requestor.py", line 206, in _fetch_single_async
    result = await middleware.apply_async(item, result, self._session._request_lib, self._session._async_lib)
  File "/remote-home/qhgao/Workspace/Projects/RFC-crawlers/RFC-dev/RFC/req/middleware.py", line 121, in apply_async
    self._handle_error(e, item, result)
  File "/remote-home/qhgao/Workspace/Projects/RFC-crawlers/RFC-dev/RFC/req/middleware.py", line 83, in _handle_error
    raise error
  File "/remote-home/qhgao/Workspace/Projects/RFC-crawlers/RFC-dev/RFC/req/middleware.py", line 114, in apply_async
    _result = await self._apply_async(item, result, request_lib, async_lib)
  File "/remote-home/qhgao/Workspace/Projects/RFC-crawlers/RFC-dev/RFC/req/middleware.py", line 316, in _apply_async
    result.content = result.json if 'json' in result else await get_content_async(result.response, request_lib)  # type: ignore
  File "/remote-home/qhgao/Workspace/Projects/RFC-crawlers/RFC-dev/RFC/req/middleware_func.py", line 88, in get_content_async
    return await resp.read()
  File "/remote-home/qhgao/Workspace/Applications/anaconda3/envs/share_py310/lib/python3.10/site-packages/aiohttp/client_reqrep.py", line 1037, in read
    self._body = await self.content.read()
  File "/remote-home/qhgao/Workspace/Applications/anaconda3/envs/share_py310/lib/python3.10/site-packages/aiohttp/streams.py", line 375, in read
    block = await self.readany()
  File "/remote-home/qhgao/Workspace/Applications/anaconda3/envs/share_py310/lib/python3.10/site-packages/aiohttp/streams.py", line 397, in readany
    await self._wait("readany")
  File "/remote-home/qhgao/Workspace/Applications/anaconda3/envs/share_py310/lib/python3.10/site-packages/aiohttp/streams.py", line 303, in _wait
    with self._timer:
  File "/remote-home/qhgao/Workspace/Applications/anaconda3/envs/share_py310/lib/python3.10/site-packages/aiohttp/helpers.py", line 721, in __exit__
    raise asyncio.TimeoutError from None
asyncio.exceptions.TimeoutError


2024-04-04 01:07:54,442 <requestor-worker-1:1998827, MainThread:140298684229440> (requestor.py:_fetch_single_async:216 -> requestor.py:_handle_error:99) from logger `RFC.requestor_failed`
[ERROR] failed on AudioBookAudioPage(1203792).AudioBookAudioFile(1203792), caught error "['TimeoutError'] TimeoutError()"

2024-04-04 01:07:54,443 <requestor-worker-1:1998827, MainThread:140298684229440> (requestor.py:_fetch_single_async:216 -> requestor.py:_handle_error:100) from logger `RFC.requestor_failed`
[ERROR] Traceback (most recent call last):
  File "/remote-home/qhgao/Workspace/Projects/RFC-crawlers/RFC-dev/RFC/req/requestor.py", line 206, in _fetch_single_async
    result = await middleware.apply_async(item, result, self._session._request_lib, self._session._async_lib)
  File "/remote-home/qhgao/Workspace/Projects/RFC-crawlers/RFC-dev/RFC/req/middleware.py", line 121, in apply_async
    self._handle_error(e, item, result)
  File "/remote-home/qhgao/Workspace/Projects/RFC-crawlers/RFC-dev/RFC/req/middleware.py", line 83, in _handle_error
    raise error
  File "/remote-home/qhgao/Workspace/Projects/RFC-crawlers/RFC-dev/RFC/req/middleware.py", line 114, in apply_async
    _result = await self._apply_async(item, result, request_lib, async_lib)
  File "/remote-home/qhgao/Workspace/Projects/RFC-crawlers/RFC-dev/RFC/req/middleware.py", line 316, in _apply_async
    result.content = result.json if 'json' in result else await get_content_async(result.response, request_lib)  # type: ignore
  File "/remote-home/qhgao/Workspace/Projects/RFC-crawlers/RFC-dev/RFC/req/middleware_func.py", line 88, in get_content_async
    return await resp.read()
  File "/remote-home/qhgao/Workspace/Applications/anaconda3/envs/share_py310/lib/python3.10/site-packages/aiohttp/client_reqrep.py", line 1037, in read
    self._body = await self.content.read()
  File "/remote-home/qhgao/Workspace/Applications/anaconda3/envs/share_py310/lib/python3.10/site-packages/aiohttp/streams.py", line 375, in read
    block = await self.readany()
  File "/remote-home/qhgao/Workspace/Applications/anaconda3/envs/share_py310/lib/python3.10/site-packages/aiohttp/streams.py", line 397, in readany
    await self._wait("readany")
  File "/remote-home/qhgao/Workspace/Applications/anaconda3/envs/share_py310/lib/python3.10/site-packages/aiohttp/streams.py", line 303, in _wait
    with self._timer:
  File "/remote-home/qhgao/Workspace/Applications/anaconda3/envs/share_py310/lib/python3.10/site-packages/aiohttp/helpers.py", line 721, in __exit__
    raise asyncio.TimeoutError from None
asyncio.exceptions.TimeoutError


2024-04-04 01:08:01,297 <requestor-worker-1:1998827, MainThread:140298684229440> (requestor.py:_fetch_single_async:216 -> requestor.py:_handle_error:99) from logger `RFC.requestor_failed`
[ERROR] failed on AudioBookAudioPage(1203803).AudioBookAudioFile(1203803), caught error "['TimeoutError'] TimeoutError()"

2024-04-04 01:08:01,299 <requestor-worker-1:1998827, MainThread:140298684229440> (requestor.py:_fetch_single_async:216 -> requestor.py:_handle_error:100) from logger `RFC.requestor_failed`
[ERROR] Traceback (most recent call last):
  File "/remote-home/qhgao/Workspace/Projects/RFC-crawlers/RFC-dev/RFC/req/requestor.py", line 206, in _fetch_single_async
    result = await middleware.apply_async(item, result, self._session._request_lib, self._session._async_lib)
  File "/remote-home/qhgao/Workspace/Projects/RFC-crawlers/RFC-dev/RFC/req/middleware.py", line 121, in apply_async
    self._handle_error(e, item, result)
  File "/remote-home/qhgao/Workspace/Projects/RFC-crawlers/RFC-dev/RFC/req/middleware.py", line 83, in _handle_error
    raise error
  File "/remote-home/qhgao/Workspace/Projects/RFC-crawlers/RFC-dev/RFC/req/middleware.py", line 114, in apply_async
    _result = await self._apply_async(item, result, request_lib, async_lib)
  File "/remote-home/qhgao/Workspace/Projects/RFC-crawlers/RFC-dev/RFC/req/middleware.py", line 316, in _apply_async
    result.content = result.json if 'json' in result else await get_content_async(result.response, request_lib)  # type: ignore
  File "/remote-home/qhgao/Workspace/Projects/RFC-crawlers/RFC-dev/RFC/req/middleware_func.py", line 88, in get_content_async
    return await resp.read()
  File "/remote-home/qhgao/Workspace/Applications/anaconda3/envs/share_py310/lib/python3.10/site-packages/aiohttp/client_reqrep.py", line 1037, in read
    self._body = await self.content.read()
  File "/remote-home/qhgao/Workspace/Applications/anaconda3/envs/share_py310/lib/python3.10/site-packages/aiohttp/streams.py", line 375, in read
    block = await self.readany()
  File "/remote-home/qhgao/Workspace/Applications/anaconda3/envs/share_py310/lib/python3.10/site-packages/aiohttp/streams.py", line 397, in readany
    await self._wait("readany")
  File "/remote-home/qhgao/Workspace/Applications/anaconda3/envs/share_py310/lib/python3.10/site-packages/aiohttp/streams.py", line 303, in _wait
    with self._timer:
  File "/remote-home/qhgao/Workspace/Applications/anaconda3/envs/share_py310/lib/python3.10/site-packages/aiohttp/helpers.py", line 721, in __exit__
    raise asyncio.TimeoutError from None
asyncio.exceptions.TimeoutError


2024-04-04 01:08:06,075 <requestor-worker-1:1998827, MainThread:140298684229440> (requestor.py:_fetch_single_async:216 -> requestor.py:_handle_error:99) from logger `RFC.requestor_failed`
[ERROR] failed on AudioBookAudioPage(1204083), caught error "['ClientConnectorSSLError'] ClientConnectorSSLError(ConnectionKey(host='audiostock.jp', port=443, is_ssl=True, ssl=None, proxy=URL('http://D6FL1CJ8:9FC1ADB88090@183.153.142.157:45664'), proxy_auth=None, proxy_headers_hash=5374761174559840771), SSLError(1, '[SSL: WRONG_VERSION_NUMBER] wrong version number (_ssl.c:997)'))"

2024-04-04 01:08:06,085 <requestor-worker-1:1998827, MainThread:140298684229440> (requestor.py:_fetch_single_async:216 -> requestor.py:_handle_error:100) from logger `RFC.requestor_failed`
[ERROR] Traceback (most recent call last):
  File "/remote-home/qhgao/Workspace/Applications/anaconda3/envs/share_py310/lib/python3.10/site-packages/aiohttp/connector.py", line 1091, in _start_tls_connection
    tls_transport = await self._loop.start_tls(
  File "/remote-home/qhgao/Workspace/Applications/anaconda3/envs/share_py310/lib/python3.10/asyncio/base_events.py", line 1239, in start_tls
    await waiter
  File "/remote-home/qhgao/Workspace/Applications/anaconda3/envs/share_py310/lib/python3.10/asyncio/sslproto.py", line 534, in data_received
    ssldata, appdata = self._sslpipe.feed_ssldata(data)
  File "/remote-home/qhgao/Workspace/Applications/anaconda3/envs/share_py310/lib/python3.10/asyncio/sslproto.py", line 188, in feed_ssldata
    self._sslobj.do_handshake()
  File "/remote-home/qhgao/Workspace/Applications/anaconda3/envs/share_py310/lib/python3.10/ssl.py", line 974, in do_handshake
    self._sslobj.do_handshake()
ssl.SSLError: [SSL: WRONG_VERSION_NUMBER] wrong version number (_ssl.c:997)

The above exception was the direct cause of the following exception:

Traceback (most recent call last):
  File "/remote-home/qhgao/Workspace/Projects/RFC-crawlers/RFC-dev/RFC/req/requestor.py", line 199, in _fetch_single_async
    resp = await self._session.request(item)
  File "/remote-home/qhgao/Workspace/Projects/RFC-crawlers/RFC-dev/RFC/req/session.py", line 320, in request
    return await self._session.request(**request_args)
  File "/remote-home/qhgao/Workspace/Applications/anaconda3/envs/share_py310/lib/python3.10/site-packages/aiohttp/client.py", line 536, in _request
    conn = await self._connector.connect(
  File "/remote-home/qhgao/Workspace/Applications/anaconda3/envs/share_py310/lib/python3.10/site-packages/aiohttp/connector.py", line 540, in connect
    proto = await self._create_connection(req, traces, timeout)
  File "/remote-home/qhgao/Workspace/Applications/anaconda3/envs/share_py310/lib/python3.10/site-packages/aiohttp/connector.py", line 899, in _create_connection
    _, proto = await self._create_proxy_connection(req, traces, timeout)
  File "/remote-home/qhgao/Workspace/Applications/anaconda3/envs/share_py310/lib/python3.10/site-packages/aiohttp/connector.py", line 1325, in _create_proxy_connection
    return await self._start_tls_connection(
  File "/remote-home/qhgao/Workspace/Applications/anaconda3/envs/share_py310/lib/python3.10/site-packages/aiohttp/connector.py", line 1107, in _start_tls_connection
    raise ClientConnectorSSLError(req.connection_key, exc) from exc
aiohttp.client_exceptions.ClientConnectorSSLError: Cannot connect to host audiostock.jp:443 ssl:default [[SSL: WRONG_VERSION_NUMBER] wrong version number (_ssl.c:997)]


2024-04-04 01:08:06,467 <requestor-worker-1:1998827, MainThread:140298684229440> (requestor.py:_fetch_single_async:216 -> requestor.py:_handle_error:99) from logger `RFC.requestor_failed`
[ERROR] failed on AudioBookAudioPage(1203801).AudioBookAudioFile(1203801), caught error "['TimeoutError'] TimeoutError()"

2024-04-04 01:08:06,469 <requestor-worker-1:1998827, MainThread:140298684229440> (requestor.py:_fetch_single_async:216 -> requestor.py:_handle_error:100) from logger `RFC.requestor_failed`
[ERROR] Traceback (most recent call last):
  File "/remote-home/qhgao/Workspace/Projects/RFC-crawlers/RFC-dev/RFC/req/requestor.py", line 206, in _fetch_single_async
    result = await middleware.apply_async(item, result, self._session._request_lib, self._session._async_lib)
  File "/remote-home/qhgao/Workspace/Projects/RFC-crawlers/RFC-dev/RFC/req/middleware.py", line 121, in apply_async
    self._handle_error(e, item, result)
  File "/remote-home/qhgao/Workspace/Projects/RFC-crawlers/RFC-dev/RFC/req/middleware.py", line 83, in _handle_error
    raise error
  File "/remote-home/qhgao/Workspace/Projects/RFC-crawlers/RFC-dev/RFC/req/middleware.py", line 114, in apply_async
    _result = await self._apply_async(item, result, request_lib, async_lib)
  File "/remote-home/qhgao/Workspace/Projects/RFC-crawlers/RFC-dev/RFC/req/middleware.py", line 316, in _apply_async
    result.content = result.json if 'json' in result else await get_content_async(result.response, request_lib)  # type: ignore
  File "/remote-home/qhgao/Workspace/Projects/RFC-crawlers/RFC-dev/RFC/req/middleware_func.py", line 88, in get_content_async
    return await resp.read()
  File "/remote-home/qhgao/Workspace/Applications/anaconda3/envs/share_py310/lib/python3.10/site-packages/aiohttp/client_reqrep.py", line 1037, in read
    self._body = await self.content.read()
  File "/remote-home/qhgao/Workspace/Applications/anaconda3/envs/share_py310/lib/python3.10/site-packages/aiohttp/streams.py", line 375, in read
    block = await self.readany()
  File "/remote-home/qhgao/Workspace/Applications/anaconda3/envs/share_py310/lib/python3.10/site-packages/aiohttp/streams.py", line 397, in readany
    await self._wait("readany")
  File "/remote-home/qhgao/Workspace/Applications/anaconda3/envs/share_py310/lib/python3.10/site-packages/aiohttp/streams.py", line 303, in _wait
    with self._timer:
  File "/remote-home/qhgao/Workspace/Applications/anaconda3/envs/share_py310/lib/python3.10/site-packages/aiohttp/helpers.py", line 721, in __exit__
    raise asyncio.TimeoutError from None
asyncio.exceptions.TimeoutError


2024-04-04 01:08:06,658 <requestor-worker-1:1998827, MainThread:140298684229440> (requestor.py:_fetch_single_async:216 -> requestor.py:_handle_error:99) from logger `RFC.requestor_failed`
[ERROR] failed on AudioBookAudioPage(1204088), caught error "['ClientConnectorSSLError'] ClientConnectorSSLError(ConnectionKey(host='audiostock.jp', port=443, is_ssl=True, ssl=None, proxy=URL('http://D6FL1CJ8:9FC1ADB88090@183.153.142.157:45664'), proxy_auth=None, proxy_headers_hash=5374761174559840771), SSLError(1, '[SSL: WRONG_VERSION_NUMBER] wrong version number (_ssl.c:997)'))"

2024-04-04 01:08:06,659 <requestor-worker-1:1998827, MainThread:140298684229440> (requestor.py:_fetch_single_async:216 -> requestor.py:_handle_error:100) from logger `RFC.requestor_failed`
[ERROR] Traceback (most recent call last):
  File "/remote-home/qhgao/Workspace/Applications/anaconda3/envs/share_py310/lib/python3.10/site-packages/aiohttp/connector.py", line 1091, in _start_tls_connection
    tls_transport = await self._loop.start_tls(
  File "/remote-home/qhgao/Workspace/Applications/anaconda3/envs/share_py310/lib/python3.10/asyncio/base_events.py", line 1239, in start_tls
    await waiter
  File "/remote-home/qhgao/Workspace/Applications/anaconda3/envs/share_py310/lib/python3.10/asyncio/sslproto.py", line 534, in data_received
    ssldata, appdata = self._sslpipe.feed_ssldata(data)
  File "/remote-home/qhgao/Workspace/Applications/anaconda3/envs/share_py310/lib/python3.10/asyncio/sslproto.py", line 188, in feed_ssldata
    self._sslobj.do_handshake()
  File "/remote-home/qhgao/Workspace/Applications/anaconda3/envs/share_py310/lib/python3.10/ssl.py", line 974, in do_handshake
    self._sslobj.do_handshake()
ssl.SSLError: [SSL: WRONG_VERSION_NUMBER] wrong version number (_ssl.c:997)

The above exception was the direct cause of the following exception:

Traceback (most recent call last):
  File "/remote-home/qhgao/Workspace/Projects/RFC-crawlers/RFC-dev/RFC/req/requestor.py", line 199, in _fetch_single_async
    resp = await self._session.request(item)
  File "/remote-home/qhgao/Workspace/Projects/RFC-crawlers/RFC-dev/RFC/req/session.py", line 320, in request
    return await self._session.request(**request_args)
  File "/remote-home/qhgao/Workspace/Applications/anaconda3/envs/share_py310/lib/python3.10/site-packages/aiohttp/client.py", line 536, in _request
    conn = await self._connector.connect(
  File "/remote-home/qhgao/Workspace/Applications/anaconda3/envs/share_py310/lib/python3.10/site-packages/aiohttp/connector.py", line 540, in connect
    proto = await self._create_connection(req, traces, timeout)
  File "/remote-home/qhgao/Workspace/Applications/anaconda3/envs/share_py310/lib/python3.10/site-packages/aiohttp/connector.py", line 899, in _create_connection
    _, proto = await self._create_proxy_connection(req, traces, timeout)
  File "/remote-home/qhgao/Workspace/Applications/anaconda3/envs/share_py310/lib/python3.10/site-packages/aiohttp/connector.py", line 1325, in _create_proxy_connection
    return await self._start_tls_connection(
  File "/remote-home/qhgao/Workspace/Applications/anaconda3/envs/share_py310/lib/python3.10/site-packages/aiohttp/connector.py", line 1107, in _start_tls_connection
    raise ClientConnectorSSLError(req.connection_key, exc) from exc
aiohttp.client_exceptions.ClientConnectorSSLError: Cannot connect to host audiostock.jp:443 ssl:default [[SSL: WRONG_VERSION_NUMBER] wrong version number (_ssl.c:997)]


2024-04-04 01:08:06,815 <requestor-worker-1:1998827, MainThread:140298684229440> (requestor.py:_fetch_single_async:216 -> requestor.py:_handle_error:99) from logger `RFC.requestor_failed`
[ERROR] failed on AudioBookAudioPage(1204086), caught error "['ClientConnectorSSLError'] ClientConnectorSSLError(ConnectionKey(host='audiostock.jp', port=443, is_ssl=True, ssl=None, proxy=URL('http://D6FL1CJ8:9FC1ADB88090@183.153.142.157:45664'), proxy_auth=None, proxy_headers_hash=5374761174559840771), SSLError(1, '[SSL: WRONG_VERSION_NUMBER] wrong version number (_ssl.c:997)'))"

2024-04-04 01:08:06,817 <requestor-worker-1:1998827, MainThread:140298684229440> (requestor.py:_fetch_single_async:216 -> requestor.py:_handle_error:100) from logger `RFC.requestor_failed`
[ERROR] Traceback (most recent call last):
  File "/remote-home/qhgao/Workspace/Applications/anaconda3/envs/share_py310/lib/python3.10/site-packages/aiohttp/connector.py", line 1091, in _start_tls_connection
    tls_transport = await self._loop.start_tls(
  File "/remote-home/qhgao/Workspace/Applications/anaconda3/envs/share_py310/lib/python3.10/asyncio/base_events.py", line 1239, in start_tls
    await waiter
  File "/remote-home/qhgao/Workspace/Applications/anaconda3/envs/share_py310/lib/python3.10/asyncio/sslproto.py", line 534, in data_received
    ssldata, appdata = self._sslpipe.feed_ssldata(data)
  File "/remote-home/qhgao/Workspace/Applications/anaconda3/envs/share_py310/lib/python3.10/asyncio/sslproto.py", line 188, in feed_ssldata
    self._sslobj.do_handshake()
  File "/remote-home/qhgao/Workspace/Applications/anaconda3/envs/share_py310/lib/python3.10/ssl.py", line 974, in do_handshake
    self._sslobj.do_handshake()
ssl.SSLError: [SSL: WRONG_VERSION_NUMBER] wrong version number (_ssl.c:997)

The above exception was the direct cause of the following exception:

Traceback (most recent call last):
  File "/remote-home/qhgao/Workspace/Projects/RFC-crawlers/RFC-dev/RFC/req/requestor.py", line 199, in _fetch_single_async
    resp = await self._session.request(item)
  File "/remote-home/qhgao/Workspace/Projects/RFC-crawlers/RFC-dev/RFC/req/session.py", line 320, in request
    return await self._session.request(**request_args)
  File "/remote-home/qhgao/Workspace/Applications/anaconda3/envs/share_py310/lib/python3.10/site-packages/aiohttp/client.py", line 536, in _request
    conn = await self._connector.connect(
  File "/remote-home/qhgao/Workspace/Applications/anaconda3/envs/share_py310/lib/python3.10/site-packages/aiohttp/connector.py", line 540, in connect
    proto = await self._create_connection(req, traces, timeout)
  File "/remote-home/qhgao/Workspace/Applications/anaconda3/envs/share_py310/lib/python3.10/site-packages/aiohttp/connector.py", line 899, in _create_connection
    _, proto = await self._create_proxy_connection(req, traces, timeout)
  File "/remote-home/qhgao/Workspace/Applications/anaconda3/envs/share_py310/lib/python3.10/site-packages/aiohttp/connector.py", line 1325, in _create_proxy_connection
    return await self._start_tls_connection(
  File "/remote-home/qhgao/Workspace/Applications/anaconda3/envs/share_py310/lib/python3.10/site-packages/aiohttp/connector.py", line 1107, in _start_tls_connection
    raise ClientConnectorSSLError(req.connection_key, exc) from exc
aiohttp.client_exceptions.ClientConnectorSSLError: Cannot connect to host audiostock.jp:443 ssl:default [[SSL: WRONG_VERSION_NUMBER] wrong version number (_ssl.c:997)]


2024-04-04 01:08:10,297 <requestor-worker-1:1998827, MainThread:140298684229440> (requestor.py:_fetch_single_async:216 -> requestor.py:_handle_error:99) from logger `RFC.requestor_failed`
[ERROR] failed on AudioBookAudioPage(1203808).AudioBookAudioFile(1203808), caught error "['TimeoutError'] TimeoutError()"

2024-04-04 01:08:10,299 <requestor-worker-1:1998827, MainThread:140298684229440> (requestor.py:_fetch_single_async:216 -> requestor.py:_handle_error:100) from logger `RFC.requestor_failed`
[ERROR] Traceback (most recent call last):
  File "/remote-home/qhgao/Workspace/Projects/RFC-crawlers/RFC-dev/RFC/req/requestor.py", line 206, in _fetch_single_async
    result = await middleware.apply_async(item, result, self._session._request_lib, self._session._async_lib)
  File "/remote-home/qhgao/Workspace/Projects/RFC-crawlers/RFC-dev/RFC/req/middleware.py", line 121, in apply_async
    self._handle_error(e, item, result)
  File "/remote-home/qhgao/Workspace/Projects/RFC-crawlers/RFC-dev/RFC/req/middleware.py", line 83, in _handle_error
    raise error
  File "/remote-home/qhgao/Workspace/Projects/RFC-crawlers/RFC-dev/RFC/req/middleware.py", line 114, in apply_async
    _result = await self._apply_async(item, result, request_lib, async_lib)
  File "/remote-home/qhgao/Workspace/Projects/RFC-crawlers/RFC-dev/RFC/req/middleware.py", line 316, in _apply_async
    result.content = result.json if 'json' in result else await get_content_async(result.response, request_lib)  # type: ignore
  File "/remote-home/qhgao/Workspace/Projects/RFC-crawlers/RFC-dev/RFC/req/middleware_func.py", line 88, in get_content_async
    return await resp.read()
  File "/remote-home/qhgao/Workspace/Applications/anaconda3/envs/share_py310/lib/python3.10/site-packages/aiohttp/client_reqrep.py", line 1037, in read
    self._body = await self.content.read()
  File "/remote-home/qhgao/Workspace/Applications/anaconda3/envs/share_py310/lib/python3.10/site-packages/aiohttp/streams.py", line 375, in read
    block = await self.readany()
  File "/remote-home/qhgao/Workspace/Applications/anaconda3/envs/share_py310/lib/python3.10/site-packages/aiohttp/streams.py", line 397, in readany
    await self._wait("readany")
  File "/remote-home/qhgao/Workspace/Applications/anaconda3/envs/share_py310/lib/python3.10/site-packages/aiohttp/streams.py", line 303, in _wait
    with self._timer:
  File "/remote-home/qhgao/Workspace/Applications/anaconda3/envs/share_py310/lib/python3.10/site-packages/aiohttp/helpers.py", line 721, in __exit__
    raise asyncio.TimeoutError from None
asyncio.exceptions.TimeoutError


2024-04-04 01:08:12,992 <requestor-worker-1:1998827, MainThread:140298684229440> (requestor.py:_fetch_single_async:216 -> requestor.py:_handle_error:99) from logger `RFC.requestor_failed`
[ERROR] failed on AudioBookAudioPage(1204096), caught error "['ClientConnectorSSLError'] ClientConnectorSSLError(ConnectionKey(host='audiostock.jp', port=443, is_ssl=True, ssl=None, proxy=URL('http://D6FL1CJ8:9FC1ADB88090@183.153.142.157:45664'), proxy_auth=None, proxy_headers_hash=5374761174559840771), SSLError(1, '[SSL: WRONG_VERSION_NUMBER] wrong version number (_ssl.c:997)'))"

2024-04-04 01:08:12,993 <requestor-worker-1:1998827, MainThread:140298684229440> (requestor.py:_fetch_single_async:216 -> requestor.py:_handle_error:100) from logger `RFC.requestor_failed`
[ERROR] Traceback (most recent call last):
  File "/remote-home/qhgao/Workspace/Applications/anaconda3/envs/share_py310/lib/python3.10/site-packages/aiohttp/connector.py", line 1091, in _start_tls_connection
    tls_transport = await self._loop.start_tls(
  File "/remote-home/qhgao/Workspace/Applications/anaconda3/envs/share_py310/lib/python3.10/asyncio/base_events.py", line 1239, in start_tls
    await waiter
  File "/remote-home/qhgao/Workspace/Applications/anaconda3/envs/share_py310/lib/python3.10/asyncio/sslproto.py", line 534, in data_received
    ssldata, appdata = self._sslpipe.feed_ssldata(data)
  File "/remote-home/qhgao/Workspace/Applications/anaconda3/envs/share_py310/lib/python3.10/asyncio/sslproto.py", line 188, in feed_ssldata
    self._sslobj.do_handshake()
  File "/remote-home/qhgao/Workspace/Applications/anaconda3/envs/share_py310/lib/python3.10/ssl.py", line 974, in do_handshake
    self._sslobj.do_handshake()
ssl.SSLError: [SSL: WRONG_VERSION_NUMBER] wrong version number (_ssl.c:997)

The above exception was the direct cause of the following exception:

Traceback (most recent call last):
  File "/remote-home/qhgao/Workspace/Projects/RFC-crawlers/RFC-dev/RFC/req/requestor.py", line 199, in _fetch_single_async
    resp = await self._session.request(item)
  File "/remote-home/qhgao/Workspace/Projects/RFC-crawlers/RFC-dev/RFC/req/session.py", line 320, in request
    return await self._session.request(**request_args)
  File "/remote-home/qhgao/Workspace/Applications/anaconda3/envs/share_py310/lib/python3.10/site-packages/aiohttp/client.py", line 536, in _request
    conn = await self._connector.connect(
  File "/remote-home/qhgao/Workspace/Applications/anaconda3/envs/share_py310/lib/python3.10/site-packages/aiohttp/connector.py", line 540, in connect
    proto = await self._create_connection(req, traces, timeout)
  File "/remote-home/qhgao/Workspace/Applications/anaconda3/envs/share_py310/lib/python3.10/site-packages/aiohttp/connector.py", line 899, in _create_connection
    _, proto = await self._create_proxy_connection(req, traces, timeout)
  File "/remote-home/qhgao/Workspace/Applications/anaconda3/envs/share_py310/lib/python3.10/site-packages/aiohttp/connector.py", line 1325, in _create_proxy_connection
    return await self._start_tls_connection(
  File "/remote-home/qhgao/Workspace/Applications/anaconda3/envs/share_py310/lib/python3.10/site-packages/aiohttp/connector.py", line 1107, in _start_tls_connection
    raise ClientConnectorSSLError(req.connection_key, exc) from exc
aiohttp.client_exceptions.ClientConnectorSSLError: Cannot connect to host audiostock.jp:443 ssl:default [[SSL: WRONG_VERSION_NUMBER] wrong version number (_ssl.c:997)]


2024-04-04 01:08:13,135 <requestor-worker-1:1998827, MainThread:140298684229440> (requestor.py:_fetch_single_async:216 -> requestor.py:_handle_error:99) from logger `RFC.requestor_failed`
[ERROR] failed on AudioBookAudioPage(1203868).AudioBookAudioFile(1203868), caught error "['ClientConnectorSSLError'] ClientConnectorSSLError(ConnectionKey(host='audiostock.jp', port=443, is_ssl=True, ssl=None, proxy=URL('http://D6FL1CJ8:9FC1ADB88090@183.153.142.157:45664'), proxy_auth=None, proxy_headers_hash=5374761174559840771), SSLError(1, '[SSL: WRONG_VERSION_NUMBER] wrong version number (_ssl.c:997)'))"

2024-04-04 01:08:13,137 <requestor-worker-1:1998827, MainThread:140298684229440> (requestor.py:_fetch_single_async:216 -> requestor.py:_handle_error:100) from logger `RFC.requestor_failed`
[ERROR] Traceback (most recent call last):
  File "/remote-home/qhgao/Workspace/Applications/anaconda3/envs/share_py310/lib/python3.10/site-packages/aiohttp/connector.py", line 1091, in _start_tls_connection
    tls_transport = await self._loop.start_tls(
  File "/remote-home/qhgao/Workspace/Applications/anaconda3/envs/share_py310/lib/python3.10/asyncio/base_events.py", line 1239, in start_tls
    await waiter
  File "/remote-home/qhgao/Workspace/Applications/anaconda3/envs/share_py310/lib/python3.10/asyncio/sslproto.py", line 534, in data_received
    ssldata, appdata = self._sslpipe.feed_ssldata(data)
  File "/remote-home/qhgao/Workspace/Applications/anaconda3/envs/share_py310/lib/python3.10/asyncio/sslproto.py", line 188, in feed_ssldata
    self._sslobj.do_handshake()
  File "/remote-home/qhgao/Workspace/Applications/anaconda3/envs/share_py310/lib/python3.10/ssl.py", line 974, in do_handshake
    self._sslobj.do_handshake()
ssl.SSLError: [SSL: WRONG_VERSION_NUMBER] wrong version number (_ssl.c:997)

The above exception was the direct cause of the following exception:

Traceback (most recent call last):
  File "/remote-home/qhgao/Workspace/Projects/RFC-crawlers/RFC-dev/RFC/req/requestor.py", line 199, in _fetch_single_async
    resp = await self._session.request(item)
  File "/remote-home/qhgao/Workspace/Projects/RFC-crawlers/RFC-dev/RFC/req/session.py", line 320, in request
    return await self._session.request(**request_args)
  File "/remote-home/qhgao/Workspace/Applications/anaconda3/envs/share_py310/lib/python3.10/site-packages/aiohttp/client.py", line 536, in _request
    conn = await self._connector.connect(
  File "/remote-home/qhgao/Workspace/Applications/anaconda3/envs/share_py310/lib/python3.10/site-packages/aiohttp/connector.py", line 540, in connect
    proto = await self._create_connection(req, traces, timeout)
  File "/remote-home/qhgao/Workspace/Applications/anaconda3/envs/share_py310/lib/python3.10/site-packages/aiohttp/connector.py", line 899, in _create_connection
    _, proto = await self._create_proxy_connection(req, traces, timeout)
  File "/remote-home/qhgao/Workspace/Applications/anaconda3/envs/share_py310/lib/python3.10/site-packages/aiohttp/connector.py", line 1325, in _create_proxy_connection
    return await self._start_tls_connection(
  File "/remote-home/qhgao/Workspace/Applications/anaconda3/envs/share_py310/lib/python3.10/site-packages/aiohttp/connector.py", line 1107, in _start_tls_connection
    raise ClientConnectorSSLError(req.connection_key, exc) from exc
aiohttp.client_exceptions.ClientConnectorSSLError: Cannot connect to host audiostock.jp:443 ssl:default [[SSL: WRONG_VERSION_NUMBER] wrong version number (_ssl.c:997)]


2024-04-04 01:08:18,193 <requestor-worker-1:1998827, MainThread:140298684229440> (requestor.py:_fetch_single_async:216 -> requestor.py:_handle_error:99) from logger `RFC.requestor_failed`
[ERROR] failed on AudioBookAudioPage(1204099), caught error "['ClientConnectorSSLError'] ClientConnectorSSLError(ConnectionKey(host='audiostock.jp', port=443, is_ssl=True, ssl=None, proxy=URL('http://D6FL1CJ8:9FC1ADB88090@183.153.142.157:45664'), proxy_auth=None, proxy_headers_hash=5374761174559840771), SSLError(1, '[SSL: WRONG_VERSION_NUMBER] wrong version number (_ssl.c:997)'))"

2024-04-04 01:08:18,195 <requestor-worker-1:1998827, MainThread:140298684229440> (requestor.py:_fetch_single_async:216 -> requestor.py:_handle_error:100) from logger `RFC.requestor_failed`
[ERROR] Traceback (most recent call last):
  File "/remote-home/qhgao/Workspace/Applications/anaconda3/envs/share_py310/lib/python3.10/site-packages/aiohttp/connector.py", line 1091, in _start_tls_connection
    tls_transport = await self._loop.start_tls(
  File "/remote-home/qhgao/Workspace/Applications/anaconda3/envs/share_py310/lib/python3.10/asyncio/base_events.py", line 1239, in start_tls
    await waiter
  File "/remote-home/qhgao/Workspace/Applications/anaconda3/envs/share_py310/lib/python3.10/asyncio/sslproto.py", line 534, in data_received
    ssldata, appdata = self._sslpipe.feed_ssldata(data)
  File "/remote-home/qhgao/Workspace/Applications/anaconda3/envs/share_py310/lib/python3.10/asyncio/sslproto.py", line 188, in feed_ssldata
    self._sslobj.do_handshake()
  File "/remote-home/qhgao/Workspace/Applications/anaconda3/envs/share_py310/lib/python3.10/ssl.py", line 974, in do_handshake
    self._sslobj.do_handshake()
ssl.SSLError: [SSL: WRONG_VERSION_NUMBER] wrong version number (_ssl.c:997)

The above exception was the direct cause of the following exception:

Traceback (most recent call last):
  File "/remote-home/qhgao/Workspace/Projects/RFC-crawlers/RFC-dev/RFC/req/requestor.py", line 199, in _fetch_single_async
    resp = await self._session.request(item)
  File "/remote-home/qhgao/Workspace/Projects/RFC-crawlers/RFC-dev/RFC/req/session.py", line 320, in request
    return await self._session.request(**request_args)
  File "/remote-home/qhgao/Workspace/Applications/anaconda3/envs/share_py310/lib/python3.10/site-packages/aiohttp/client.py", line 536, in _request
    conn = await self._connector.connect(
  File "/remote-home/qhgao/Workspace/Applications/anaconda3/envs/share_py310/lib/python3.10/site-packages/aiohttp/connector.py", line 540, in connect
    proto = await self._create_connection(req, traces, timeout)
  File "/remote-home/qhgao/Workspace/Applications/anaconda3/envs/share_py310/lib/python3.10/site-packages/aiohttp/connector.py", line 899, in _create_connection
    _, proto = await self._create_proxy_connection(req, traces, timeout)
  File "/remote-home/qhgao/Workspace/Applications/anaconda3/envs/share_py310/lib/python3.10/site-packages/aiohttp/connector.py", line 1325, in _create_proxy_connection
    return await self._start_tls_connection(
  File "/remote-home/qhgao/Workspace/Applications/anaconda3/envs/share_py310/lib/python3.10/site-packages/aiohttp/connector.py", line 1107, in _start_tls_connection
    raise ClientConnectorSSLError(req.connection_key, exc) from exc
aiohttp.client_exceptions.ClientConnectorSSLError: Cannot connect to host audiostock.jp:443 ssl:default [[SSL: WRONG_VERSION_NUMBER] wrong version number (_ssl.c:997)]


2024-04-04 01:08:18,386 <requestor-worker-1:1998827, MainThread:140298684229440> (requestor.py:_fetch_single_async:216 -> requestor.py:_handle_error:99) from logger `RFC.requestor_failed`
[ERROR] failed on AudioBookAudioPage(1204102), caught error "['ClientConnectorSSLError'] ClientConnectorSSLError(ConnectionKey(host='audiostock.jp', port=443, is_ssl=True, ssl=None, proxy=URL('http://D6FL1CJ8:9FC1ADB88090@183.153.142.157:45664'), proxy_auth=None, proxy_headers_hash=5374761174559840771), SSLError(1, '[SSL: WRONG_VERSION_NUMBER] wrong version number (_ssl.c:997)'))"

2024-04-04 01:08:18,388 <requestor-worker-1:1998827, MainThread:140298684229440> (requestor.py:_fetch_single_async:216 -> requestor.py:_handle_error:100) from logger `RFC.requestor_failed`
[ERROR] Traceback (most recent call last):
  File "/remote-home/qhgao/Workspace/Applications/anaconda3/envs/share_py310/lib/python3.10/site-packages/aiohttp/connector.py", line 1091, in _start_tls_connection
    tls_transport = await self._loop.start_tls(
  File "/remote-home/qhgao/Workspace/Applications/anaconda3/envs/share_py310/lib/python3.10/asyncio/base_events.py", line 1239, in start_tls
    await waiter
  File "/remote-home/qhgao/Workspace/Applications/anaconda3/envs/share_py310/lib/python3.10/asyncio/sslproto.py", line 534, in data_received
    ssldata, appdata = self._sslpipe.feed_ssldata(data)
  File "/remote-home/qhgao/Workspace/Applications/anaconda3/envs/share_py310/lib/python3.10/asyncio/sslproto.py", line 188, in feed_ssldata
    self._sslobj.do_handshake()
  File "/remote-home/qhgao/Workspace/Applications/anaconda3/envs/share_py310/lib/python3.10/ssl.py", line 974, in do_handshake
    self._sslobj.do_handshake()
ssl.SSLError: [SSL: WRONG_VERSION_NUMBER] wrong version number (_ssl.c:997)

The above exception was the direct cause of the following exception:

Traceback (most recent call last):
  File "/remote-home/qhgao/Workspace/Projects/RFC-crawlers/RFC-dev/RFC/req/requestor.py", line 199, in _fetch_single_async
    resp = await self._session.request(item)
  File "/remote-home/qhgao/Workspace/Projects/RFC-crawlers/RFC-dev/RFC/req/session.py", line 320, in request
    return await self._session.request(**request_args)
  File "/remote-home/qhgao/Workspace/Applications/anaconda3/envs/share_py310/lib/python3.10/site-packages/aiohttp/client.py", line 536, in _request
    conn = await self._connector.connect(
  File "/remote-home/qhgao/Workspace/Applications/anaconda3/envs/share_py310/lib/python3.10/site-packages/aiohttp/connector.py", line 540, in connect
    proto = await self._create_connection(req, traces, timeout)
  File "/remote-home/qhgao/Workspace/Applications/anaconda3/envs/share_py310/lib/python3.10/site-packages/aiohttp/connector.py", line 899, in _create_connection
    _, proto = await self._create_proxy_connection(req, traces, timeout)
  File "/remote-home/qhgao/Workspace/Applications/anaconda3/envs/share_py310/lib/python3.10/site-packages/aiohttp/connector.py", line 1325, in _create_proxy_connection
    return await self._start_tls_connection(
  File "/remote-home/qhgao/Workspace/Applications/anaconda3/envs/share_py310/lib/python3.10/site-packages/aiohttp/connector.py", line 1107, in _start_tls_connection
    raise ClientConnectorSSLError(req.connection_key, exc) from exc
aiohttp.client_exceptions.ClientConnectorSSLError: Cannot connect to host audiostock.jp:443 ssl:default [[SSL: WRONG_VERSION_NUMBER] wrong version number (_ssl.c:997)]


2024-04-04 01:08:26,358 <requestor-worker-1:1998827, MainThread:140298684229440> (requestor.py:_fetch_single_async:216 -> requestor.py:_handle_error:99) from logger `RFC.requestor_failed`
[ERROR] failed on AudioBookAudioPage(1204106), caught error "['ClientConnectorSSLError'] ClientConnectorSSLError(ConnectionKey(host='audiostock.jp', port=443, is_ssl=True, ssl=None, proxy=URL('http://D6FL1CJ8:9FC1ADB88090@183.153.142.157:45664'), proxy_auth=None, proxy_headers_hash=5374761174559840771), SSLError(1, '[SSL: WRONG_VERSION_NUMBER] wrong version number (_ssl.c:997)'))"

2024-04-04 01:08:26,362 <requestor-worker-1:1998827, MainThread:140298684229440> (requestor.py:_fetch_single_async:216 -> requestor.py:_handle_error:100) from logger `RFC.requestor_failed`
[ERROR] Traceback (most recent call last):
  File "/remote-home/qhgao/Workspace/Applications/anaconda3/envs/share_py310/lib/python3.10/site-packages/aiohttp/connector.py", line 1091, in _start_tls_connection
    tls_transport = await self._loop.start_tls(
  File "/remote-home/qhgao/Workspace/Applications/anaconda3/envs/share_py310/lib/python3.10/asyncio/base_events.py", line 1239, in start_tls
    await waiter
  File "/remote-home/qhgao/Workspace/Applications/anaconda3/envs/share_py310/lib/python3.10/asyncio/sslproto.py", line 534, in data_received
    ssldata, appdata = self._sslpipe.feed_ssldata(data)
  File "/remote-home/qhgao/Workspace/Applications/anaconda3/envs/share_py310/lib/python3.10/asyncio/sslproto.py", line 188, in feed_ssldata
    self._sslobj.do_handshake()
  File "/remote-home/qhgao/Workspace/Applications/anaconda3/envs/share_py310/lib/python3.10/ssl.py", line 974, in do_handshake
    self._sslobj.do_handshake()
ssl.SSLError: [SSL: WRONG_VERSION_NUMBER] wrong version number (_ssl.c:997)

The above exception was the direct cause of the following exception:

Traceback (most recent call last):
  File "/remote-home/qhgao/Workspace/Projects/RFC-crawlers/RFC-dev/RFC/req/requestor.py", line 199, in _fetch_single_async
    resp = await self._session.request(item)
  File "/remote-home/qhgao/Workspace/Projects/RFC-crawlers/RFC-dev/RFC/req/session.py", line 320, in request
    return await self._session.request(**request_args)
  File "/remote-home/qhgao/Workspace/Applications/anaconda3/envs/share_py310/lib/python3.10/site-packages/aiohttp/client.py", line 536, in _request
    conn = await self._connector.connect(
  File "/remote-home/qhgao/Workspace/Applications/anaconda3/envs/share_py310/lib/python3.10/site-packages/aiohttp/connector.py", line 540, in connect
    proto = await self._create_connection(req, traces, timeout)
  File "/remote-home/qhgao/Workspace/Applications/anaconda3/envs/share_py310/lib/python3.10/site-packages/aiohttp/connector.py", line 899, in _create_connection
    _, proto = await self._create_proxy_connection(req, traces, timeout)
  File "/remote-home/qhgao/Workspace/Applications/anaconda3/envs/share_py310/lib/python3.10/site-packages/aiohttp/connector.py", line 1325, in _create_proxy_connection
    return await self._start_tls_connection(
  File "/remote-home/qhgao/Workspace/Applications/anaconda3/envs/share_py310/lib/python3.10/site-packages/aiohttp/connector.py", line 1107, in _start_tls_connection
    raise ClientConnectorSSLError(req.connection_key, exc) from exc
aiohttp.client_exceptions.ClientConnectorSSLError: Cannot connect to host audiostock.jp:443 ssl:default [[SSL: WRONG_VERSION_NUMBER] wrong version number (_ssl.c:997)]


2024-04-04 01:08:26,520 <requestor-worker-1:1998827, MainThread:140298684229440> (requestor.py:_fetch_single_async:216 -> requestor.py:_handle_error:99) from logger `RFC.requestor_failed`
[ERROR] failed on AudioBookAudioPage(1204109), caught error "['ClientConnectorSSLError'] ClientConnectorSSLError(ConnectionKey(host='audiostock.jp', port=443, is_ssl=True, ssl=None, proxy=URL('http://D6FL1CJ8:9FC1ADB88090@183.153.142.157:45664'), proxy_auth=None, proxy_headers_hash=5374761174559840771), SSLError(1, '[SSL: WRONG_VERSION_NUMBER] wrong version number (_ssl.c:997)'))"

2024-04-04 01:08:26,523 <requestor-worker-1:1998827, MainThread:140298684229440> (requestor.py:_fetch_single_async:216 -> requestor.py:_handle_error:100) from logger `RFC.requestor_failed`
[ERROR] Traceback (most recent call last):
  File "/remote-home/qhgao/Workspace/Applications/anaconda3/envs/share_py310/lib/python3.10/site-packages/aiohttp/connector.py", line 1091, in _start_tls_connection
    tls_transport = await self._loop.start_tls(
  File "/remote-home/qhgao/Workspace/Applications/anaconda3/envs/share_py310/lib/python3.10/asyncio/base_events.py", line 1239, in start_tls
    await waiter
  File "/remote-home/qhgao/Workspace/Applications/anaconda3/envs/share_py310/lib/python3.10/asyncio/sslproto.py", line 534, in data_received
    ssldata, appdata = self._sslpipe.feed_ssldata(data)
  File "/remote-home/qhgao/Workspace/Applications/anaconda3/envs/share_py310/lib/python3.10/asyncio/sslproto.py", line 188, in feed_ssldata
    self._sslobj.do_handshake()
  File "/remote-home/qhgao/Workspace/Applications/anaconda3/envs/share_py310/lib/python3.10/ssl.py", line 974, in do_handshake
    self._sslobj.do_handshake()
ssl.SSLError: [SSL: WRONG_VERSION_NUMBER] wrong version number (_ssl.c:997)

The above exception was the direct cause of the following exception:

Traceback (most recent call last):
  File "/remote-home/qhgao/Workspace/Projects/RFC-crawlers/RFC-dev/RFC/req/requestor.py", line 199, in _fetch_single_async
    resp = await self._session.request(item)
  File "/remote-home/qhgao/Workspace/Projects/RFC-crawlers/RFC-dev/RFC/req/session.py", line 320, in request
    return await self._session.request(**request_args)
  File "/remote-home/qhgao/Workspace/Applications/anaconda3/envs/share_py310/lib/python3.10/site-packages/aiohttp/client.py", line 536, in _request
    conn = await self._connector.connect(
  File "/remote-home/qhgao/Workspace/Applications/anaconda3/envs/share_py310/lib/python3.10/site-packages/aiohttp/connector.py", line 540, in connect
    proto = await self._create_connection(req, traces, timeout)
  File "/remote-home/qhgao/Workspace/Applications/anaconda3/envs/share_py310/lib/python3.10/site-packages/aiohttp/connector.py", line 899, in _create_connection
    _, proto = await self._create_proxy_connection(req, traces, timeout)
  File "/remote-home/qhgao/Workspace/Applications/anaconda3/envs/share_py310/lib/python3.10/site-packages/aiohttp/connector.py", line 1325, in _create_proxy_connection
    return await self._start_tls_connection(
  File "/remote-home/qhgao/Workspace/Applications/anaconda3/envs/share_py310/lib/python3.10/site-packages/aiohttp/connector.py", line 1107, in _start_tls_connection
    raise ClientConnectorSSLError(req.connection_key, exc) from exc
aiohttp.client_exceptions.ClientConnectorSSLError: Cannot connect to host audiostock.jp:443 ssl:default [[SSL: WRONG_VERSION_NUMBER] wrong version number (_ssl.c:997)]


2024-04-04 01:08:26,570 <requestor-worker-1:1998827, MainThread:140298684229440> (requestor.py:_fetch_single_async:216 -> requestor.py:_handle_error:99) from logger `RFC.requestor_failed`
[ERROR] failed on AudioBookAudioPage(1203958).AudioBookAudioFile(1203958), caught error "['ClientConnectorSSLError'] ClientConnectorSSLError(ConnectionKey(host='audiostock.jp', port=443, is_ssl=True, ssl=None, proxy=URL('http://D6FL1CJ8:9FC1ADB88090@183.153.142.157:45664'), proxy_auth=None, proxy_headers_hash=5374761174559840771), SSLError(1, '[SSL: WRONG_VERSION_NUMBER] wrong version number (_ssl.c:997)'))"

2024-04-04 01:08:26,571 <requestor-worker-1:1998827, MainThread:140298684229440> (requestor.py:_fetch_single_async:216 -> requestor.py:_handle_error:100) from logger `RFC.requestor_failed`
[ERROR] Traceback (most recent call last):
  File "/remote-home/qhgao/Workspace/Applications/anaconda3/envs/share_py310/lib/python3.10/site-packages/aiohttp/connector.py", line 1091, in _start_tls_connection
    tls_transport = await self._loop.start_tls(
  File "/remote-home/qhgao/Workspace/Applications/anaconda3/envs/share_py310/lib/python3.10/asyncio/base_events.py", line 1239, in start_tls
    await waiter
  File "/remote-home/qhgao/Workspace/Applications/anaconda3/envs/share_py310/lib/python3.10/asyncio/sslproto.py", line 534, in data_received
    ssldata, appdata = self._sslpipe.feed_ssldata(data)
  File "/remote-home/qhgao/Workspace/Applications/anaconda3/envs/share_py310/lib/python3.10/asyncio/sslproto.py", line 188, in feed_ssldata
    self._sslobj.do_handshake()
  File "/remote-home/qhgao/Workspace/Applications/anaconda3/envs/share_py310/lib/python3.10/ssl.py", line 974, in do_handshake
    self._sslobj.do_handshake()
ssl.SSLError: [SSL: WRONG_VERSION_NUMBER] wrong version number (_ssl.c:997)

The above exception was the direct cause of the following exception:

Traceback (most recent call last):
  File "/remote-home/qhgao/Workspace/Projects/RFC-crawlers/RFC-dev/RFC/req/requestor.py", line 199, in _fetch_single_async
    resp = await self._session.request(item)
  File "/remote-home/qhgao/Workspace/Projects/RFC-crawlers/RFC-dev/RFC/req/session.py", line 320, in request
    return await self._session.request(**request_args)
  File "/remote-home/qhgao/Workspace/Applications/anaconda3/envs/share_py310/lib/python3.10/site-packages/aiohttp/client.py", line 536, in _request
    conn = await self._connector.connect(
  File "/remote-home/qhgao/Workspace/Applications/anaconda3/envs/share_py310/lib/python3.10/site-packages/aiohttp/connector.py", line 540, in connect
    proto = await self._create_connection(req, traces, timeout)
  File "/remote-home/qhgao/Workspace/Applications/anaconda3/envs/share_py310/lib/python3.10/site-packages/aiohttp/connector.py", line 899, in _create_connection
    _, proto = await self._create_proxy_connection(req, traces, timeout)
  File "/remote-home/qhgao/Workspace/Applications/anaconda3/envs/share_py310/lib/python3.10/site-packages/aiohttp/connector.py", line 1325, in _create_proxy_connection
    return await self._start_tls_connection(
  File "/remote-home/qhgao/Workspace/Applications/anaconda3/envs/share_py310/lib/python3.10/site-packages/aiohttp/connector.py", line 1107, in _start_tls_connection
    raise ClientConnectorSSLError(req.connection_key, exc) from exc
aiohttp.client_exceptions.ClientConnectorSSLError: Cannot connect to host audiostock.jp:443 ssl:default [[SSL: WRONG_VERSION_NUMBER] wrong version number (_ssl.c:997)]


2024-04-04 01:08:30,268 <requestor-worker-1:1998827, MainThread:140298684229440> (requestor.py:_fetch_single_async:216 -> requestor.py:_handle_error:99) from logger `RFC.requestor_failed`
[ERROR] failed on AudioBookAudioPage(1204070).AudioBookAudioFile(1204070), caught error "['ClientConnectorSSLError'] ClientConnectorSSLError(ConnectionKey(host='audiostock.jp', port=443, is_ssl=True, ssl=None, proxy=URL('http://D6FL1CJ8:9FC1ADB88090@183.153.142.157:45664'), proxy_auth=None, proxy_headers_hash=5374761174559840771), SSLError(1, '[SSL: WRONG_VERSION_NUMBER] wrong version number (_ssl.c:997)'))"

2024-04-04 01:08:30,271 <requestor-worker-1:1998827, MainThread:140298684229440> (requestor.py:_fetch_single_async:216 -> requestor.py:_handle_error:100) from logger `RFC.requestor_failed`
[ERROR] Traceback (most recent call last):
  File "/remote-home/qhgao/Workspace/Applications/anaconda3/envs/share_py310/lib/python3.10/site-packages/aiohttp/connector.py", line 1091, in _start_tls_connection
    tls_transport = await self._loop.start_tls(
  File "/remote-home/qhgao/Workspace/Applications/anaconda3/envs/share_py310/lib/python3.10/asyncio/base_events.py", line 1239, in start_tls
    await waiter
  File "/remote-home/qhgao/Workspace/Applications/anaconda3/envs/share_py310/lib/python3.10/asyncio/sslproto.py", line 534, in data_received
    ssldata, appdata = self._sslpipe.feed_ssldata(data)
  File "/remote-home/qhgao/Workspace/Applications/anaconda3/envs/share_py310/lib/python3.10/asyncio/sslproto.py", line 188, in feed_ssldata
    self._sslobj.do_handshake()
  File "/remote-home/qhgao/Workspace/Applications/anaconda3/envs/share_py310/lib/python3.10/ssl.py", line 974, in do_handshake
    self._sslobj.do_handshake()
ssl.SSLError: [SSL: WRONG_VERSION_NUMBER] wrong version number (_ssl.c:997)

The above exception was the direct cause of the following exception:

Traceback (most recent call last):
  File "/remote-home/qhgao/Workspace/Projects/RFC-crawlers/RFC-dev/RFC/req/requestor.py", line 199, in _fetch_single_async
    resp = await self._session.request(item)
  File "/remote-home/qhgao/Workspace/Projects/RFC-crawlers/RFC-dev/RFC/req/session.py", line 320, in request
    return await self._session.request(**request_args)
  File "/remote-home/qhgao/Workspace/Applications/anaconda3/envs/share_py310/lib/python3.10/site-packages/aiohttp/client.py", line 536, in _request
    conn = await self._connector.connect(
  File "/remote-home/qhgao/Workspace/Applications/anaconda3/envs/share_py310/lib/python3.10/site-packages/aiohttp/connector.py", line 540, in connect
    proto = await self._create_connection(req, traces, timeout)
  File "/remote-home/qhgao/Workspace/Applications/anaconda3/envs/share_py310/lib/python3.10/site-packages/aiohttp/connector.py", line 899, in _create_connection
    _, proto = await self._create_proxy_connection(req, traces, timeout)
  File "/remote-home/qhgao/Workspace/Applications/anaconda3/envs/share_py310/lib/python3.10/site-packages/aiohttp/connector.py", line 1325, in _create_proxy_connection
    return await self._start_tls_connection(
  File "/remote-home/qhgao/Workspace/Applications/anaconda3/envs/share_py310/lib/python3.10/site-packages/aiohttp/connector.py", line 1107, in _start_tls_connection
    raise ClientConnectorSSLError(req.connection_key, exc) from exc
aiohttp.client_exceptions.ClientConnectorSSLError: Cannot connect to host audiostock.jp:443 ssl:default [[SSL: WRONG_VERSION_NUMBER] wrong version number (_ssl.c:997)]


2024-04-04 01:08:30,287 <requestor-worker-1:1998827, MainThread:140298684229440> (requestor.py:_fetch_single_async:216 -> requestor.py:_handle_error:99) from logger `RFC.requestor_failed`
[ERROR] failed on AudioBookAudioPage(1203999).AudioBookAudioFile(1203999), caught error "['ClientConnectorSSLError'] ClientConnectorSSLError(ConnectionKey(host='audiostock.jp', port=443, is_ssl=True, ssl=None, proxy=URL('http://D6FL1CJ8:9FC1ADB88090@183.153.142.157:45664'), proxy_auth=None, proxy_headers_hash=5374761174559840771), SSLError(1, '[SSL: WRONG_VERSION_NUMBER] wrong version number (_ssl.c:997)'))"

2024-04-04 01:08:30,288 <requestor-worker-1:1998827, MainThread:140298684229440> (requestor.py:_fetch_single_async:216 -> requestor.py:_handle_error:100) from logger `RFC.requestor_failed`
[ERROR] Traceback (most recent call last):
  File "/remote-home/qhgao/Workspace/Applications/anaconda3/envs/share_py310/lib/python3.10/site-packages/aiohttp/connector.py", line 1091, in _start_tls_connection
    tls_transport = await self._loop.start_tls(
  File "/remote-home/qhgao/Workspace/Applications/anaconda3/envs/share_py310/lib/python3.10/asyncio/base_events.py", line 1239, in start_tls
    await waiter
  File "/remote-home/qhgao/Workspace/Applications/anaconda3/envs/share_py310/lib/python3.10/asyncio/sslproto.py", line 534, in data_received
    ssldata, appdata = self._sslpipe.feed_ssldata(data)
  File "/remote-home/qhgao/Workspace/Applications/anaconda3/envs/share_py310/lib/python3.10/asyncio/sslproto.py", line 188, in feed_ssldata
    self._sslobj.do_handshake()
  File "/remote-home/qhgao/Workspace/Applications/anaconda3/envs/share_py310/lib/python3.10/ssl.py", line 974, in do_handshake
    self._sslobj.do_handshake()
ssl.SSLError: [SSL: WRONG_VERSION_NUMBER] wrong version number (_ssl.c:997)

The above exception was the direct cause of the following exception:

Traceback (most recent call last):
  File "/remote-home/qhgao/Workspace/Projects/RFC-crawlers/RFC-dev/RFC/req/requestor.py", line 199, in _fetch_single_async
    resp = await self._session.request(item)
  File "/remote-home/qhgao/Workspace/Projects/RFC-crawlers/RFC-dev/RFC/req/session.py", line 320, in request
    return await self._session.request(**request_args)
  File "/remote-home/qhgao/Workspace/Applications/anaconda3/envs/share_py310/lib/python3.10/site-packages/aiohttp/client.py", line 536, in _request
    conn = await self._connector.connect(
  File "/remote-home/qhgao/Workspace/Applications/anaconda3/envs/share_py310/lib/python3.10/site-packages/aiohttp/connector.py", line 540, in connect
    proto = await self._create_connection(req, traces, timeout)
  File "/remote-home/qhgao/Workspace/Applications/anaconda3/envs/share_py310/lib/python3.10/site-packages/aiohttp/connector.py", line 899, in _create_connection
    _, proto = await self._create_proxy_connection(req, traces, timeout)
  File "/remote-home/qhgao/Workspace/Applications/anaconda3/envs/share_py310/lib/python3.10/site-packages/aiohttp/connector.py", line 1325, in _create_proxy_connection
    return await self._start_tls_connection(
  File "/remote-home/qhgao/Workspace/Applications/anaconda3/envs/share_py310/lib/python3.10/site-packages/aiohttp/connector.py", line 1107, in _start_tls_connection
    raise ClientConnectorSSLError(req.connection_key, exc) from exc
aiohttp.client_exceptions.ClientConnectorSSLError: Cannot connect to host audiostock.jp:443 ssl:default [[SSL: WRONG_VERSION_NUMBER] wrong version number (_ssl.c:997)]


2024-04-04 01:08:30,307 <requestor-worker-1:1998827, MainThread:140298684229440> (requestor.py:_fetch_single_async:216 -> requestor.py:_handle_error:99) from logger `RFC.requestor_failed`
[ERROR] failed on AudioBookAudioPage(1204113), caught error "['ClientConnectorSSLError'] ClientConnectorSSLError(ConnectionKey(host='audiostock.jp', port=443, is_ssl=True, ssl=None, proxy=URL('http://D6FL1CJ8:9FC1ADB88090@183.153.142.157:45664'), proxy_auth=None, proxy_headers_hash=5374761174559840771), SSLError(1, '[SSL: WRONG_VERSION_NUMBER] wrong version number (_ssl.c:997)'))"

2024-04-04 01:08:30,308 <requestor-worker-1:1998827, MainThread:140298684229440> (requestor.py:_fetch_single_async:216 -> requestor.py:_handle_error:100) from logger `RFC.requestor_failed`
[ERROR] Traceback (most recent call last):
  File "/remote-home/qhgao/Workspace/Applications/anaconda3/envs/share_py310/lib/python3.10/site-packages/aiohttp/connector.py", line 1091, in _start_tls_connection
    tls_transport = await self._loop.start_tls(
  File "/remote-home/qhgao/Workspace/Applications/anaconda3/envs/share_py310/lib/python3.10/asyncio/base_events.py", line 1239, in start_tls
    await waiter
  File "/remote-home/qhgao/Workspace/Applications/anaconda3/envs/share_py310/lib/python3.10/asyncio/sslproto.py", line 534, in data_received
    ssldata, appdata = self._sslpipe.feed_ssldata(data)
  File "/remote-home/qhgao/Workspace/Applications/anaconda3/envs/share_py310/lib/python3.10/asyncio/sslproto.py", line 188, in feed_ssldata
    self._sslobj.do_handshake()
  File "/remote-home/qhgao/Workspace/Applications/anaconda3/envs/share_py310/lib/python3.10/ssl.py", line 974, in do_handshake
    self._sslobj.do_handshake()
ssl.SSLError: [SSL: WRONG_VERSION_NUMBER] wrong version number (_ssl.c:997)

The above exception was the direct cause of the following exception:

Traceback (most recent call last):
  File "/remote-home/qhgao/Workspace/Projects/RFC-crawlers/RFC-dev/RFC/req/requestor.py", line 199, in _fetch_single_async
    resp = await self._session.request(item)
  File "/remote-home/qhgao/Workspace/Projects/RFC-crawlers/RFC-dev/RFC/req/session.py", line 320, in request
    return await self._session.request(**request_args)
  File "/remote-home/qhgao/Workspace/Applications/anaconda3/envs/share_py310/lib/python3.10/site-packages/aiohttp/client.py", line 536, in _request
    conn = await self._connector.connect(
  File "/remote-home/qhgao/Workspace/Applications/anaconda3/envs/share_py310/lib/python3.10/site-packages/aiohttp/connector.py", line 540, in connect
    proto = await self._create_connection(req, traces, timeout)
  File "/remote-home/qhgao/Workspace/Applications/anaconda3/envs/share_py310/lib/python3.10/site-packages/aiohttp/connector.py", line 899, in _create_connection
    _, proto = await self._create_proxy_connection(req, traces, timeout)
  File "/remote-home/qhgao/Workspace/Applications/anaconda3/envs/share_py310/lib/python3.10/site-packages/aiohttp/connector.py", line 1325, in _create_proxy_connection
    return await self._start_tls_connection(
  File "/remote-home/qhgao/Workspace/Applications/anaconda3/envs/share_py310/lib/python3.10/site-packages/aiohttp/connector.py", line 1107, in _start_tls_connection
    raise ClientConnectorSSLError(req.connection_key, exc) from exc
aiohttp.client_exceptions.ClientConnectorSSLError: Cannot connect to host audiostock.jp:443 ssl:default [[SSL: WRONG_VERSION_NUMBER] wrong version number (_ssl.c:997)]


2024-04-04 01:08:38,273 <requestor-worker-1:1998827, MainThread:140298684229440> (requestor.py:_fetch_single_async:216 -> requestor.py:_handle_error:99) from logger `RFC.requestor_failed`
[ERROR] failed on AudioBookAudioPage(1204116), caught error "['ClientConnectorSSLError'] ClientConnectorSSLError(ConnectionKey(host='audiostock.jp', port=443, is_ssl=True, ssl=None, proxy=URL('http://D6FL1CJ8:9FC1ADB88090@183.153.142.157:45664'), proxy_auth=None, proxy_headers_hash=5374761174559840771), SSLError(1, '[SSL: WRONG_VERSION_NUMBER] wrong version number (_ssl.c:997)'))"

2024-04-04 01:08:38,276 <requestor-worker-1:1998827, MainThread:140298684229440> (requestor.py:_fetch_single_async:216 -> requestor.py:_handle_error:100) from logger `RFC.requestor_failed`
[ERROR] Traceback (most recent call last):
  File "/remote-home/qhgao/Workspace/Applications/anaconda3/envs/share_py310/lib/python3.10/site-packages/aiohttp/connector.py", line 1091, in _start_tls_connection
    tls_transport = await self._loop.start_tls(
  File "/remote-home/qhgao/Workspace/Applications/anaconda3/envs/share_py310/lib/python3.10/asyncio/base_events.py", line 1239, in start_tls
    await waiter
  File "/remote-home/qhgao/Workspace/Applications/anaconda3/envs/share_py310/lib/python3.10/asyncio/sslproto.py", line 534, in data_received
    ssldata, appdata = self._sslpipe.feed_ssldata(data)
  File "/remote-home/qhgao/Workspace/Applications/anaconda3/envs/share_py310/lib/python3.10/asyncio/sslproto.py", line 188, in feed_ssldata
    self._sslobj.do_handshake()
  File "/remote-home/qhgao/Workspace/Applications/anaconda3/envs/share_py310/lib/python3.10/ssl.py", line 974, in do_handshake
    self._sslobj.do_handshake()
ssl.SSLError: [SSL: WRONG_VERSION_NUMBER] wrong version number (_ssl.c:997)

The above exception was the direct cause of the following exception:

Traceback (most recent call last):
  File "/remote-home/qhgao/Workspace/Projects/RFC-crawlers/RFC-dev/RFC/req/requestor.py", line 199, in _fetch_single_async
    resp = await self._session.request(item)
  File "/remote-home/qhgao/Workspace/Projects/RFC-crawlers/RFC-dev/RFC/req/session.py", line 320, in request
    return await self._session.request(**request_args)
  File "/remote-home/qhgao/Workspace/Applications/anaconda3/envs/share_py310/lib/python3.10/site-packages/aiohttp/client.py", line 536, in _request
    conn = await self._connector.connect(
  File "/remote-home/qhgao/Workspace/Applications/anaconda3/envs/share_py310/lib/python3.10/site-packages/aiohttp/connector.py", line 540, in connect
    proto = await self._create_connection(req, traces, timeout)
  File "/remote-home/qhgao/Workspace/Applications/anaconda3/envs/share_py310/lib/python3.10/site-packages/aiohttp/connector.py", line 899, in _create_connection
    _, proto = await self._create_proxy_connection(req, traces, timeout)
  File "/remote-home/qhgao/Workspace/Applications/anaconda3/envs/share_py310/lib/python3.10/site-packages/aiohttp/connector.py", line 1325, in _create_proxy_connection
    return await self._start_tls_connection(
  File "/remote-home/qhgao/Workspace/Applications/anaconda3/envs/share_py310/lib/python3.10/site-packages/aiohttp/connector.py", line 1107, in _start_tls_connection
    raise ClientConnectorSSLError(req.connection_key, exc) from exc
aiohttp.client_exceptions.ClientConnectorSSLError: Cannot connect to host audiostock.jp:443 ssl:default [[SSL: WRONG_VERSION_NUMBER] wrong version number (_ssl.c:997)]


2024-04-04 01:08:38,677 <requestor-worker-1:1998827, MainThread:140298684229440> (requestor.py:_fetch_single_async:216 -> requestor.py:_handle_error:99) from logger `RFC.requestor_failed`
[ERROR] failed on AudioBookAudioPage(1204120), caught error "['ClientConnectorSSLError'] ClientConnectorSSLError(ConnectionKey(host='audiostock.jp', port=443, is_ssl=True, ssl=None, proxy=URL('http://D6FL1CJ8:9FC1ADB88090@183.153.142.157:45664'), proxy_auth=None, proxy_headers_hash=5374761174559840771), SSLError(1, '[SSL: WRONG_VERSION_NUMBER] wrong version number (_ssl.c:997)'))"

2024-04-04 01:08:38,679 <requestor-worker-1:1998827, MainThread:140298684229440> (requestor.py:_fetch_single_async:216 -> requestor.py:_handle_error:100) from logger `RFC.requestor_failed`
[ERROR] Traceback (most recent call last):
  File "/remote-home/qhgao/Workspace/Applications/anaconda3/envs/share_py310/lib/python3.10/site-packages/aiohttp/connector.py", line 1091, in _start_tls_connection
    tls_transport = await self._loop.start_tls(
  File "/remote-home/qhgao/Workspace/Applications/anaconda3/envs/share_py310/lib/python3.10/asyncio/base_events.py", line 1239, in start_tls
    await waiter
  File "/remote-home/qhgao/Workspace/Applications/anaconda3/envs/share_py310/lib/python3.10/asyncio/sslproto.py", line 534, in data_received
    ssldata, appdata = self._sslpipe.feed_ssldata(data)
  File "/remote-home/qhgao/Workspace/Applications/anaconda3/envs/share_py310/lib/python3.10/asyncio/sslproto.py", line 188, in feed_ssldata
    self._sslobj.do_handshake()
  File "/remote-home/qhgao/Workspace/Applications/anaconda3/envs/share_py310/lib/python3.10/ssl.py", line 974, in do_handshake
    self._sslobj.do_handshake()
ssl.SSLError: [SSL: WRONG_VERSION_NUMBER] wrong version number (_ssl.c:997)

The above exception was the direct cause of the following exception:

Traceback (most recent call last):
  File "/remote-home/qhgao/Workspace/Projects/RFC-crawlers/RFC-dev/RFC/req/requestor.py", line 199, in _fetch_single_async
    resp = await self._session.request(item)
  File "/remote-home/qhgao/Workspace/Projects/RFC-crawlers/RFC-dev/RFC/req/session.py", line 320, in request
    return await self._session.request(**request_args)
  File "/remote-home/qhgao/Workspace/Applications/anaconda3/envs/share_py310/lib/python3.10/site-packages/aiohttp/client.py", line 536, in _request
    conn = await self._connector.connect(
  File "/remote-home/qhgao/Workspace/Applications/anaconda3/envs/share_py310/lib/python3.10/site-packages/aiohttp/connector.py", line 540, in connect
    proto = await self._create_connection(req, traces, timeout)
  File "/remote-home/qhgao/Workspace/Applications/anaconda3/envs/share_py310/lib/python3.10/site-packages/aiohttp/connector.py", line 899, in _create_connection
    _, proto = await self._create_proxy_connection(req, traces, timeout)
  File "/remote-home/qhgao/Workspace/Applications/anaconda3/envs/share_py310/lib/python3.10/site-packages/aiohttp/connector.py", line 1325, in _create_proxy_connection
    return await self._start_tls_connection(
  File "/remote-home/qhgao/Workspace/Applications/anaconda3/envs/share_py310/lib/python3.10/site-packages/aiohttp/connector.py", line 1107, in _start_tls_connection
    raise ClientConnectorSSLError(req.connection_key, exc) from exc
aiohttp.client_exceptions.ClientConnectorSSLError: Cannot connect to host audiostock.jp:443 ssl:default [[SSL: WRONG_VERSION_NUMBER] wrong version number (_ssl.c:997)]


2024-04-04 01:08:38,717 <requestor-worker-1:1998827, MainThread:140298684229440> (requestor.py:_fetch_single_async:216 -> requestor.py:_handle_error:99) from logger `RFC.requestor_failed`
[ERROR] failed on AudioBookAudioPage(1204119), caught error "['ClientConnectorSSLError'] ClientConnectorSSLError(ConnectionKey(host='audiostock.jp', port=443, is_ssl=True, ssl=None, proxy=URL('http://D6FL1CJ8:9FC1ADB88090@183.153.142.157:45664'), proxy_auth=None, proxy_headers_hash=5374761174559840771), SSLError(1, '[SSL: WRONG_VERSION_NUMBER] wrong version number (_ssl.c:997)'))"

2024-04-04 01:08:38,719 <requestor-worker-1:1998827, MainThread:140298684229440> (requestor.py:_fetch_single_async:216 -> requestor.py:_handle_error:100) from logger `RFC.requestor_failed`
[ERROR] Traceback (most recent call last):
  File "/remote-home/qhgao/Workspace/Applications/anaconda3/envs/share_py310/lib/python3.10/site-packages/aiohttp/connector.py", line 1091, in _start_tls_connection
    tls_transport = await self._loop.start_tls(
  File "/remote-home/qhgao/Workspace/Applications/anaconda3/envs/share_py310/lib/python3.10/asyncio/base_events.py", line 1239, in start_tls
    await waiter
  File "/remote-home/qhgao/Workspace/Applications/anaconda3/envs/share_py310/lib/python3.10/asyncio/sslproto.py", line 534, in data_received
    ssldata, appdata = self._sslpipe.feed_ssldata(data)
  File "/remote-home/qhgao/Workspace/Applications/anaconda3/envs/share_py310/lib/python3.10/asyncio/sslproto.py", line 188, in feed_ssldata
    self._sslobj.do_handshake()
  File "/remote-home/qhgao/Workspace/Applications/anaconda3/envs/share_py310/lib/python3.10/ssl.py", line 974, in do_handshake
    self._sslobj.do_handshake()
ssl.SSLError: [SSL: WRONG_VERSION_NUMBER] wrong version number (_ssl.c:997)

The above exception was the direct cause of the following exception:

Traceback (most recent call last):
  File "/remote-home/qhgao/Workspace/Projects/RFC-crawlers/RFC-dev/RFC/req/requestor.py", line 199, in _fetch_single_async
    resp = await self._session.request(item)
  File "/remote-home/qhgao/Workspace/Projects/RFC-crawlers/RFC-dev/RFC/req/session.py", line 320, in request
    return await self._session.request(**request_args)
  File "/remote-home/qhgao/Workspace/Applications/anaconda3/envs/share_py310/lib/python3.10/site-packages/aiohttp/client.py", line 536, in _request
    conn = await self._connector.connect(
  File "/remote-home/qhgao/Workspace/Applications/anaconda3/envs/share_py310/lib/python3.10/site-packages/aiohttp/connector.py", line 540, in connect
    proto = await self._create_connection(req, traces, timeout)
  File "/remote-home/qhgao/Workspace/Applications/anaconda3/envs/share_py310/lib/python3.10/site-packages/aiohttp/connector.py", line 899, in _create_connection
    _, proto = await self._create_proxy_connection(req, traces, timeout)
  File "/remote-home/qhgao/Workspace/Applications/anaconda3/envs/share_py310/lib/python3.10/site-packages/aiohttp/connector.py", line 1325, in _create_proxy_connection
    return await self._start_tls_connection(
  File "/remote-home/qhgao/Workspace/Applications/anaconda3/envs/share_py310/lib/python3.10/site-packages/aiohttp/connector.py", line 1107, in _start_tls_connection
    raise ClientConnectorSSLError(req.connection_key, exc) from exc
aiohttp.client_exceptions.ClientConnectorSSLError: Cannot connect to host audiostock.jp:443 ssl:default [[SSL: WRONG_VERSION_NUMBER] wrong version number (_ssl.c:997)]


2024-04-04 01:08:45,235 <requestor-worker-1:1998827, MainThread:140298684229440> (requestor.py:_fetch_single_async:216 -> requestor.py:_handle_error:99) from logger `RFC.requestor_failed`
[ERROR] failed on AudioBookAudioPage(1204128), caught error "['ValueError'] ValueError('unexpected status code 404 in response of AudioBookAudioPage(1204128)')"

2024-04-04 01:08:45,237 <requestor-worker-1:1998827, MainThread:140298684229440> (requestor.py:_fetch_single_async:216 -> requestor.py:_handle_error:100) from logger `RFC.requestor_failed`
[ERROR] Traceback (most recent call last):
  File "/remote-home/qhgao/Workspace/Projects/RFC-crawlers/RFC-dev/RFC/req/requestor.py", line 206, in _fetch_single_async
    result = await middleware.apply_async(item, result, self._session._request_lib, self._session._async_lib)
  File "/remote-home/qhgao/Workspace/Projects/RFC-crawlers/RFC-dev/RFC/req/middleware.py", line 121, in apply_async
    self._handle_error(e, item, result)
  File "/remote-home/qhgao/Workspace/Projects/RFC-crawlers/RFC-dev/RFC/req/middleware.py", line 83, in _handle_error
    raise error
  File "/remote-home/qhgao/Workspace/Projects/RFC-crawlers/RFC-dev/RFC/req/middleware.py", line 114, in apply_async
    _result = await self._apply_async(item, result, request_lib, async_lib)
  File "/remote-home/qhgao/Workspace/Projects/RFC-crawlers/RFC-dev/RFC/req/middleware.py", line 180, in _apply_async
    return self._apply_sync(item, result, request_lib)
  File "/remote-home/qhgao/Workspace/Projects/RFC-crawlers/RFC-dev/RFC/req/middleware.py", line 168, in _apply_sync
    raise ValueError(f"unexpected status code {repr(status_code)} in response of {repr(item)}")
ValueError: unexpected status code 404 in response of AudioBookAudioPage(1204128)


2024-04-04 01:08:50,309 <requestor-worker-1:1998827, MainThread:140298684229440> (requestor.py:_fetch_single_async:216 -> requestor.py:_handle_error:99) from logger `RFC.requestor_failed`
[ERROR] failed on AudioBookAudioPage(1204123), caught error "['TimeoutError'] TimeoutError()"

2024-04-04 01:08:50,312 <requestor-worker-1:1998827, MainThread:140298684229440> (requestor.py:_fetch_single_async:216 -> requestor.py:_handle_error:100) from logger `RFC.requestor_failed`
[ERROR] Traceback (most recent call last):
  File "/remote-home/qhgao/Workspace/Projects/RFC-crawlers/RFC-dev/RFC/req/requestor.py", line 199, in _fetch_single_async
    resp = await self._session.request(item)
  File "/remote-home/qhgao/Workspace/Projects/RFC-crawlers/RFC-dev/RFC/req/session.py", line 320, in request
    return await self._session.request(**request_args)
  File "/remote-home/qhgao/Workspace/Applications/anaconda3/envs/share_py310/lib/python3.10/site-packages/aiohttp/client.py", line 467, in _request
    with timer:
  File "/remote-home/qhgao/Workspace/Applications/anaconda3/envs/share_py310/lib/python3.10/site-packages/aiohttp/helpers.py", line 721, in __exit__
    raise asyncio.TimeoutError from None
asyncio.exceptions.TimeoutError


2024-04-04 01:08:50,438 <requestor-worker-1:1998827, MainThread:140298684229440> (requestor.py:_fetch_single_async:216 -> requestor.py:_handle_error:99) from logger `RFC.requestor_failed`
[ERROR] failed on AudioBookAudioPage(1204124), caught error "['ClientConnectorError'] ClientConnectorError(ConnectionKey(host='audiostock.jp', port=443, is_ssl=True, ssl=None, proxy=URL('http://D6FL1CJ8:9FC1ADB88090@183.153.142.157:45664'), proxy_auth=None, proxy_headers_hash=5374761174559840771), ConnectionAbortedError('SSL handshake is taking longer than 20 seconds: aborting the connection'))"

2024-04-04 01:08:50,441 <requestor-worker-1:1998827, MainThread:140298684229440> (requestor.py:_fetch_single_async:216 -> requestor.py:_handle_error:100) from logger `RFC.requestor_failed`
[ERROR] Traceback (most recent call last):
  File "/remote-home/qhgao/Workspace/Applications/anaconda3/envs/share_py310/lib/python3.10/site-packages/aiohttp/connector.py", line 1091, in _start_tls_connection
    tls_transport = await self._loop.start_tls(
  File "/remote-home/qhgao/Workspace/Applications/anaconda3/envs/share_py310/lib/python3.10/asyncio/base_events.py", line 1239, in start_tls
    await waiter
ConnectionAbortedError: SSL handshake is taking longer than 20 seconds: aborting the connection

The above exception was the direct cause of the following exception:

Traceback (most recent call last):
  File "/remote-home/qhgao/Workspace/Projects/RFC-crawlers/RFC-dev/RFC/req/requestor.py", line 199, in _fetch_single_async
    resp = await self._session.request(item)
  File "/remote-home/qhgao/Workspace/Projects/RFC-crawlers/RFC-dev/RFC/req/session.py", line 320, in request
    return await self._session.request(**request_args)
  File "/remote-home/qhgao/Workspace/Applications/anaconda3/envs/share_py310/lib/python3.10/site-packages/aiohttp/client.py", line 536, in _request
    conn = await self._connector.connect(
  File "/remote-home/qhgao/Workspace/Applications/anaconda3/envs/share_py310/lib/python3.10/site-packages/aiohttp/connector.py", line 540, in connect
    proto = await self._create_connection(req, traces, timeout)
  File "/remote-home/qhgao/Workspace/Applications/anaconda3/envs/share_py310/lib/python3.10/site-packages/aiohttp/connector.py", line 899, in _create_connection
    _, proto = await self._create_proxy_connection(req, traces, timeout)
  File "/remote-home/qhgao/Workspace/Applications/anaconda3/envs/share_py310/lib/python3.10/site-packages/aiohttp/connector.py", line 1325, in _create_proxy_connection
    return await self._start_tls_connection(
  File "/remote-home/qhgao/Workspace/Applications/anaconda3/envs/share_py310/lib/python3.10/site-packages/aiohttp/connector.py", line 1111, in _start_tls_connection
    raise client_error(req.connection_key, exc) from exc
aiohttp.client_exceptions.ClientConnectorError: Cannot connect to host audiostock.jp:443 ssl:default [None]


2024-04-04 01:08:50,590 <requestor-worker-1:1998827, MainThread:140298684229440> (requestor.py:_fetch_single_async:216 -> requestor.py:_handle_error:99) from logger `RFC.requestor_failed`
[ERROR] failed on AudioBookAudioPage(1204125), caught error "['ClientConnectorError'] ClientConnectorError(ConnectionKey(host='audiostock.jp', port=443, is_ssl=True, ssl=None, proxy=URL('http://D6FL1CJ8:9FC1ADB88090@183.153.142.157:45664'), proxy_auth=None, proxy_headers_hash=5374761174559840771), ConnectionAbortedError('SSL handshake is taking longer than 20 seconds: aborting the connection'))"

2024-04-04 01:08:50,591 <requestor-worker-1:1998827, MainThread:140298684229440> (requestor.py:_fetch_single_async:216 -> requestor.py:_handle_error:100) from logger `RFC.requestor_failed`
[ERROR] Traceback (most recent call last):
  File "/remote-home/qhgao/Workspace/Applications/anaconda3/envs/share_py310/lib/python3.10/site-packages/aiohttp/connector.py", line 1091, in _start_tls_connection
    tls_transport = await self._loop.start_tls(
  File "/remote-home/qhgao/Workspace/Applications/anaconda3/envs/share_py310/lib/python3.10/asyncio/base_events.py", line 1239, in start_tls
    await waiter
ConnectionAbortedError: SSL handshake is taking longer than 20 seconds: aborting the connection

The above exception was the direct cause of the following exception:

Traceback (most recent call last):
  File "/remote-home/qhgao/Workspace/Projects/RFC-crawlers/RFC-dev/RFC/req/requestor.py", line 199, in _fetch_single_async
    resp = await self._session.request(item)
  File "/remote-home/qhgao/Workspace/Projects/RFC-crawlers/RFC-dev/RFC/req/session.py", line 320, in request
    return await self._session.request(**request_args)
  File "/remote-home/qhgao/Workspace/Applications/anaconda3/envs/share_py310/lib/python3.10/site-packages/aiohttp/client.py", line 536, in _request
    conn = await self._connector.connect(
  File "/remote-home/qhgao/Workspace/Applications/anaconda3/envs/share_py310/lib/python3.10/site-packages/aiohttp/connector.py", line 540, in connect
    proto = await self._create_connection(req, traces, timeout)
  File "/remote-home/qhgao/Workspace/Applications/anaconda3/envs/share_py310/lib/python3.10/site-packages/aiohttp/connector.py", line 899, in _create_connection
    _, proto = await self._create_proxy_connection(req, traces, timeout)
  File "/remote-home/qhgao/Workspace/Applications/anaconda3/envs/share_py310/lib/python3.10/site-packages/aiohttp/connector.py", line 1325, in _create_proxy_connection
    return await self._start_tls_connection(
  File "/remote-home/qhgao/Workspace/Applications/anaconda3/envs/share_py310/lib/python3.10/site-packages/aiohttp/connector.py", line 1111, in _start_tls_connection
    raise client_error(req.connection_key, exc) from exc
aiohttp.client_exceptions.ClientConnectorError: Cannot connect to host audiostock.jp:443 ssl:default [None]


2024-04-04 01:09:31,346 <requestor-worker-1:1998827, MainThread:140298684229440> (requestor.py:_fetch_single_async:216 -> requestor.py:_handle_error:99) from logger `RFC.requestor_failed`
[ERROR] failed on AudioBookAudioPage(1204047).AudioBookAudioFile(1204047), caught error "['ClientConnectorError'] ClientConnectorError(ConnectionKey(host='audiostock.jp', port=443, is_ssl=True, ssl=None, proxy=URL('http://D6FL1CJ8:9FC1ADB88090@183.153.142.157:45664'), proxy_auth=None, proxy_headers_hash=5374761174559840771), ConnectionAbortedError('SSL handshake is taking longer than 60 seconds: aborting the connection'))"

2024-04-04 01:09:31,349 <requestor-worker-1:1998827, MainThread:140298684229440> (requestor.py:_fetch_single_async:216 -> requestor.py:_handle_error:100) from logger `RFC.requestor_failed`
[ERROR] Traceback (most recent call last):
  File "/remote-home/qhgao/Workspace/Applications/anaconda3/envs/share_py310/lib/python3.10/site-packages/aiohttp/connector.py", line 1091, in _start_tls_connection
    tls_transport = await self._loop.start_tls(
  File "/remote-home/qhgao/Workspace/Applications/anaconda3/envs/share_py310/lib/python3.10/asyncio/base_events.py", line 1239, in start_tls
    await waiter
ConnectionAbortedError: SSL handshake is taking longer than 60 seconds: aborting the connection

The above exception was the direct cause of the following exception:

Traceback (most recent call last):
  File "/remote-home/qhgao/Workspace/Projects/RFC-crawlers/RFC-dev/RFC/req/requestor.py", line 199, in _fetch_single_async
    resp = await self._session.request(item)
  File "/remote-home/qhgao/Workspace/Projects/RFC-crawlers/RFC-dev/RFC/req/session.py", line 320, in request
    return await self._session.request(**request_args)
  File "/remote-home/qhgao/Workspace/Applications/anaconda3/envs/share_py310/lib/python3.10/site-packages/aiohttp/client.py", line 536, in _request
    conn = await self._connector.connect(
  File "/remote-home/qhgao/Workspace/Applications/anaconda3/envs/share_py310/lib/python3.10/site-packages/aiohttp/connector.py", line 540, in connect
    proto = await self._create_connection(req, traces, timeout)
  File "/remote-home/qhgao/Workspace/Applications/anaconda3/envs/share_py310/lib/python3.10/site-packages/aiohttp/connector.py", line 899, in _create_connection
    _, proto = await self._create_proxy_connection(req, traces, timeout)
  File "/remote-home/qhgao/Workspace/Applications/anaconda3/envs/share_py310/lib/python3.10/site-packages/aiohttp/connector.py", line 1325, in _create_proxy_connection
    return await self._start_tls_connection(
  File "/remote-home/qhgao/Workspace/Applications/anaconda3/envs/share_py310/lib/python3.10/site-packages/aiohttp/connector.py", line 1111, in _start_tls_connection
    raise client_error(req.connection_key, exc) from exc
aiohttp.client_exceptions.ClientConnectorError: Cannot connect to host audiostock.jp:443 ssl:default [None]


2024-04-04 01:09:33,498 <requestor-worker-1:1998827, MainThread:140298684229440> (requestor.py:_fetch_single_async:216 -> requestor.py:_handle_error:99) from logger `RFC.requestor_failed`
[ERROR] failed on AudioBookAudioPage(1204054).AudioBookAudioFile(1204054), caught error "['ClientConnectorError'] ClientConnectorError(ConnectionKey(host='audiostock.jp', port=443, is_ssl=True, ssl=None, proxy=URL('http://D6FL1CJ8:9FC1ADB88090@183.153.142.157:45664'), proxy_auth=None, proxy_headers_hash=5374761174559840771), ConnectionAbortedError('SSL handshake is taking longer than 60 seconds: aborting the connection'))"

2024-04-04 01:09:33,502 <requestor-worker-1:1998827, MainThread:140298684229440> (requestor.py:_fetch_single_async:216 -> requestor.py:_handle_error:100) from logger `RFC.requestor_failed`
[ERROR] Traceback (most recent call last):
  File "/remote-home/qhgao/Workspace/Applications/anaconda3/envs/share_py310/lib/python3.10/site-packages/aiohttp/connector.py", line 1091, in _start_tls_connection
    tls_transport = await self._loop.start_tls(
  File "/remote-home/qhgao/Workspace/Applications/anaconda3/envs/share_py310/lib/python3.10/asyncio/base_events.py", line 1239, in start_tls
    await waiter
ConnectionAbortedError: SSL handshake is taking longer than 60 seconds: aborting the connection

The above exception was the direct cause of the following exception:

Traceback (most recent call last):
  File "/remote-home/qhgao/Workspace/Projects/RFC-crawlers/RFC-dev/RFC/req/requestor.py", line 199, in _fetch_single_async
    resp = await self._session.request(item)
  File "/remote-home/qhgao/Workspace/Projects/RFC-crawlers/RFC-dev/RFC/req/session.py", line 320, in request
    return await self._session.request(**request_args)
  File "/remote-home/qhgao/Workspace/Applications/anaconda3/envs/share_py310/lib/python3.10/site-packages/aiohttp/client.py", line 536, in _request
    conn = await self._connector.connect(
  File "/remote-home/qhgao/Workspace/Applications/anaconda3/envs/share_py310/lib/python3.10/site-packages/aiohttp/connector.py", line 540, in connect
    proto = await self._create_connection(req, traces, timeout)
  File "/remote-home/qhgao/Workspace/Applications/anaconda3/envs/share_py310/lib/python3.10/site-packages/aiohttp/connector.py", line 899, in _create_connection
    _, proto = await self._create_proxy_connection(req, traces, timeout)
  File "/remote-home/qhgao/Workspace/Applications/anaconda3/envs/share_py310/lib/python3.10/site-packages/aiohttp/connector.py", line 1325, in _create_proxy_connection
    return await self._start_tls_connection(
  File "/remote-home/qhgao/Workspace/Applications/anaconda3/envs/share_py310/lib/python3.10/site-packages/aiohttp/connector.py", line 1111, in _start_tls_connection
    raise client_error(req.connection_key, exc) from exc
aiohttp.client_exceptions.ClientConnectorError: Cannot connect to host audiostock.jp:443 ssl:default [None]


2024-04-04 01:09:46,308 <requestor-worker-1:1998827, MainThread:140298684229440> (requestor.py:_fetch_single_async:216 -> requestor.py:_handle_error:99) from logger `RFC.requestor_failed`
[ERROR] failed on AudioBookAudioPage(1204168), caught error "['TimeoutError'] TimeoutError()"

2024-04-04 01:09:46,311 <requestor-worker-1:1998827, MainThread:140298684229440> (requestor.py:_fetch_single_async:216 -> requestor.py:_handle_error:100) from logger `RFC.requestor_failed`
[ERROR] Traceback (most recent call last):
  File "/remote-home/qhgao/Workspace/Projects/RFC-crawlers/RFC-dev/RFC/req/requestor.py", line 206, in _fetch_single_async
    result = await middleware.apply_async(item, result, self._session._request_lib, self._session._async_lib)
  File "/remote-home/qhgao/Workspace/Projects/RFC-crawlers/RFC-dev/RFC/req/middleware.py", line 121, in apply_async
    self._handle_error(e, item, result)
  File "/remote-home/qhgao/Workspace/Projects/RFC-crawlers/RFC-dev/RFC/req/middleware.py", line 83, in _handle_error
    raise error
  File "/remote-home/qhgao/Workspace/Projects/RFC-crawlers/RFC-dev/RFC/req/middleware.py", line 114, in apply_async
    _result = await self._apply_async(item, result, request_lib, async_lib)
  File "/remote-home/qhgao/Workspace/Projects/RFC-crawlers/RFC-dev/RFC/req/middleware.py", line 316, in _apply_async
    result.content = result.json if 'json' in result else await get_content_async(result.response, request_lib)  # type: ignore
  File "/remote-home/qhgao/Workspace/Projects/RFC-crawlers/RFC-dev/RFC/req/middleware_func.py", line 88, in get_content_async
    return await resp.read()
  File "/remote-home/qhgao/Workspace/Applications/anaconda3/envs/share_py310/lib/python3.10/site-packages/aiohttp/client_reqrep.py", line 1037, in read
    self._body = await self.content.read()
  File "/remote-home/qhgao/Workspace/Applications/anaconda3/envs/share_py310/lib/python3.10/site-packages/aiohttp/streams.py", line 375, in read
    block = await self.readany()
  File "/remote-home/qhgao/Workspace/Applications/anaconda3/envs/share_py310/lib/python3.10/site-packages/aiohttp/streams.py", line 397, in readany
    await self._wait("readany")
  File "/remote-home/qhgao/Workspace/Applications/anaconda3/envs/share_py310/lib/python3.10/site-packages/aiohttp/streams.py", line 303, in _wait
    with self._timer:
  File "/remote-home/qhgao/Workspace/Applications/anaconda3/envs/share_py310/lib/python3.10/site-packages/aiohttp/helpers.py", line 721, in __exit__
    raise asyncio.TimeoutError from None
asyncio.exceptions.TimeoutError


2024-04-04 01:09:49,600 <requestor-worker-1:1998827, MainThread:140298684229440> (requestor.py:_fetch_single_async:216 -> requestor.py:_handle_error:99) from logger `RFC.requestor_failed`
[ERROR] failed on AudioBookAudioPage(1204188), caught error "['ValueError'] ValueError('unexpected status code 404 in response of AudioBookAudioPage(1204188)')"

2024-04-04 01:09:49,602 <requestor-worker-1:1998827, MainThread:140298684229440> (requestor.py:_fetch_single_async:216 -> requestor.py:_handle_error:100) from logger `RFC.requestor_failed`
[ERROR] Traceback (most recent call last):
  File "/remote-home/qhgao/Workspace/Projects/RFC-crawlers/RFC-dev/RFC/req/requestor.py", line 206, in _fetch_single_async
    result = await middleware.apply_async(item, result, self._session._request_lib, self._session._async_lib)
  File "/remote-home/qhgao/Workspace/Projects/RFC-crawlers/RFC-dev/RFC/req/middleware.py", line 121, in apply_async
    self._handle_error(e, item, result)
  File "/remote-home/qhgao/Workspace/Projects/RFC-crawlers/RFC-dev/RFC/req/middleware.py", line 83, in _handle_error
    raise error
  File "/remote-home/qhgao/Workspace/Projects/RFC-crawlers/RFC-dev/RFC/req/middleware.py", line 114, in apply_async
    _result = await self._apply_async(item, result, request_lib, async_lib)
  File "/remote-home/qhgao/Workspace/Projects/RFC-crawlers/RFC-dev/RFC/req/middleware.py", line 180, in _apply_async
    return self._apply_sync(item, result, request_lib)
  File "/remote-home/qhgao/Workspace/Projects/RFC-crawlers/RFC-dev/RFC/req/middleware.py", line 168, in _apply_sync
    raise ValueError(f"unexpected status code {repr(status_code)} in response of {repr(item)}")
ValueError: unexpected status code 404 in response of AudioBookAudioPage(1204188)


2024-04-04 01:10:33,295 <requestor-worker-1:1998827, MainThread:140298684229440> (requestor.py:_fetch_single_async:216 -> requestor.py:_handle_error:99) from logger `RFC.requestor_failed`
[ERROR] failed on AudioBookAudioPage(1204094).AudioBookAudioFile(1204094), caught error "['TimeoutError'] TimeoutError()"

2024-04-04 01:10:33,297 <requestor-worker-1:1998827, MainThread:140298684229440> (requestor.py:_fetch_single_async:216 -> requestor.py:_handle_error:100) from logger `RFC.requestor_failed`
[ERROR] Traceback (most recent call last):
  File "/remote-home/qhgao/Workspace/Projects/RFC-crawlers/RFC-dev/RFC/req/requestor.py", line 199, in _fetch_single_async
    resp = await self._session.request(item)
  File "/remote-home/qhgao/Workspace/Projects/RFC-crawlers/RFC-dev/RFC/req/session.py", line 320, in request
    return await self._session.request(**request_args)
  File "/remote-home/qhgao/Workspace/Applications/anaconda3/envs/share_py310/lib/python3.10/site-packages/aiohttp/client.py", line 560, in _request
    await resp.start(conn)
  File "/remote-home/qhgao/Workspace/Applications/anaconda3/envs/share_py310/lib/python3.10/site-packages/aiohttp/client_reqrep.py", line 894, in start
    with self._timer:
  File "/remote-home/qhgao/Workspace/Applications/anaconda3/envs/share_py310/lib/python3.10/site-packages/aiohttp/helpers.py", line 721, in __exit__
    raise asyncio.TimeoutError from None
asyncio.exceptions.TimeoutError


2024-04-04 01:10:33,304 <requestor-worker-1:1998827, MainThread:140298684229440> (requestor.py:_fetch_single_async:216 -> requestor.py:_handle_error:99) from logger `RFC.requestor_failed`
[ERROR] failed on AudioBookAudioPage(1204692).AudioBookAudioFile(1204692), caught error "['TimeoutError'] TimeoutError()"

2024-04-04 01:10:33,306 <requestor-worker-1:1998827, MainThread:140298684229440> (requestor.py:_fetch_single_async:216 -> requestor.py:_handle_error:100) from logger `RFC.requestor_failed`
[ERROR] Traceback (most recent call last):
  File "/remote-home/qhgao/Workspace/Projects/RFC-crawlers/RFC-dev/RFC/req/requestor.py", line 206, in _fetch_single_async
    result = await middleware.apply_async(item, result, self._session._request_lib, self._session._async_lib)
  File "/remote-home/qhgao/Workspace/Projects/RFC-crawlers/RFC-dev/RFC/req/middleware.py", line 121, in apply_async
    self._handle_error(e, item, result)
  File "/remote-home/qhgao/Workspace/Projects/RFC-crawlers/RFC-dev/RFC/req/middleware.py", line 83, in _handle_error
    raise error
  File "/remote-home/qhgao/Workspace/Projects/RFC-crawlers/RFC-dev/RFC/req/middleware.py", line 114, in apply_async
    _result = await self._apply_async(item, result, request_lib, async_lib)
  File "/remote-home/qhgao/Workspace/Projects/RFC-crawlers/RFC-dev/RFC/req/middleware.py", line 316, in _apply_async
    result.content = result.json if 'json' in result else await get_content_async(result.response, request_lib)  # type: ignore
  File "/remote-home/qhgao/Workspace/Projects/RFC-crawlers/RFC-dev/RFC/req/middleware_func.py", line 88, in get_content_async
    return await resp.read()
  File "/remote-home/qhgao/Workspace/Applications/anaconda3/envs/share_py310/lib/python3.10/site-packages/aiohttp/client_reqrep.py", line 1037, in read
    self._body = await self.content.read()
  File "/remote-home/qhgao/Workspace/Applications/anaconda3/envs/share_py310/lib/python3.10/site-packages/aiohttp/streams.py", line 375, in read
    block = await self.readany()
  File "/remote-home/qhgao/Workspace/Applications/anaconda3/envs/share_py310/lib/python3.10/site-packages/aiohttp/streams.py", line 397, in readany
    await self._wait("readany")
  File "/remote-home/qhgao/Workspace/Applications/anaconda3/envs/share_py310/lib/python3.10/site-packages/aiohttp/streams.py", line 303, in _wait
    with self._timer:
  File "/remote-home/qhgao/Workspace/Applications/anaconda3/envs/share_py310/lib/python3.10/site-packages/aiohttp/helpers.py", line 721, in __exit__
    raise asyncio.TimeoutError from None
asyncio.exceptions.TimeoutError


2024-04-04 01:10:34,282 <requestor-worker-1:1998827, MainThread:140298684229440> (requestor.py:_fetch_single_async:216 -> requestor.py:_handle_error:99) from logger `RFC.requestor_failed`
[ERROR] failed on AudioBookAudioPage(1204229), caught error "['ValueError'] ValueError('unexpected status code 404 in response of AudioBookAudioPage(1204229)')"

2024-04-04 01:10:34,284 <requestor-worker-1:1998827, MainThread:140298684229440> (requestor.py:_fetch_single_async:216 -> requestor.py:_handle_error:100) from logger `RFC.requestor_failed`
[ERROR] Traceback (most recent call last):
  File "/remote-home/qhgao/Workspace/Projects/RFC-crawlers/RFC-dev/RFC/req/requestor.py", line 206, in _fetch_single_async
    result = await middleware.apply_async(item, result, self._session._request_lib, self._session._async_lib)
  File "/remote-home/qhgao/Workspace/Projects/RFC-crawlers/RFC-dev/RFC/req/middleware.py", line 121, in apply_async
    self._handle_error(e, item, result)
  File "/remote-home/qhgao/Workspace/Projects/RFC-crawlers/RFC-dev/RFC/req/middleware.py", line 83, in _handle_error
    raise error
  File "/remote-home/qhgao/Workspace/Projects/RFC-crawlers/RFC-dev/RFC/req/middleware.py", line 114, in apply_async
    _result = await self._apply_async(item, result, request_lib, async_lib)
  File "/remote-home/qhgao/Workspace/Projects/RFC-crawlers/RFC-dev/RFC/req/middleware.py", line 180, in _apply_async
    return self._apply_sync(item, result, request_lib)
  File "/remote-home/qhgao/Workspace/Projects/RFC-crawlers/RFC-dev/RFC/req/middleware.py", line 168, in _apply_sync
    raise ValueError(f"unexpected status code {repr(status_code)} in response of {repr(item)}")
ValueError: unexpected status code 404 in response of AudioBookAudioPage(1204229)


2024-04-04 01:10:37,296 <requestor-worker-1:1998827, MainThread:140298684229440> (requestor.py:_fetch_single_async:216 -> requestor.py:_handle_error:99) from logger `RFC.requestor_failed`
[ERROR] failed on AudioBookAudioPage(1204103).AudioBookAudioFile(1204103), caught error "['TimeoutError'] TimeoutError()"

2024-04-04 01:10:37,298 <requestor-worker-1:1998827, MainThread:140298684229440> (requestor.py:_fetch_single_async:216 -> requestor.py:_handle_error:100) from logger `RFC.requestor_failed`
[ERROR] Traceback (most recent call last):
  File "/remote-home/qhgao/Workspace/Projects/RFC-crawlers/RFC-dev/RFC/req/requestor.py", line 199, in _fetch_single_async
    resp = await self._session.request(item)
  File "/remote-home/qhgao/Workspace/Projects/RFC-crawlers/RFC-dev/RFC/req/session.py", line 320, in request
    return await self._session.request(**request_args)
  File "/remote-home/qhgao/Workspace/Applications/anaconda3/envs/share_py310/lib/python3.10/site-packages/aiohttp/client.py", line 560, in _request
    await resp.start(conn)
  File "/remote-home/qhgao/Workspace/Applications/anaconda3/envs/share_py310/lib/python3.10/site-packages/aiohttp/client_reqrep.py", line 894, in start
    with self._timer:
  File "/remote-home/qhgao/Workspace/Applications/anaconda3/envs/share_py310/lib/python3.10/site-packages/aiohttp/helpers.py", line 721, in __exit__
    raise asyncio.TimeoutError from None
asyncio.exceptions.TimeoutError


2024-04-04 01:10:54,302 <requestor-worker-1:1998827, MainThread:140298684229440> (requestor.py:_fetch_single_async:216 -> requestor.py:_handle_error:99) from logger `RFC.requestor_failed`
[ERROR] failed on AudioBookAudioPage(1204230), caught error "['TimeoutError'] TimeoutError()"

2024-04-04 01:10:54,304 <requestor-worker-1:1998827, MainThread:140298684229440> (requestor.py:_fetch_single_async:216 -> requestor.py:_handle_error:100) from logger `RFC.requestor_failed`
[ERROR] Traceback (most recent call last):
  File "/remote-home/qhgao/Workspace/Projects/RFC-crawlers/RFC-dev/RFC/req/requestor.py", line 199, in _fetch_single_async
    resp = await self._session.request(item)
  File "/remote-home/qhgao/Workspace/Projects/RFC-crawlers/RFC-dev/RFC/req/session.py", line 320, in request
    return await self._session.request(**request_args)
  File "/remote-home/qhgao/Workspace/Applications/anaconda3/envs/share_py310/lib/python3.10/site-packages/aiohttp/client.py", line 560, in _request
    await resp.start(conn)
  File "/remote-home/qhgao/Workspace/Applications/anaconda3/envs/share_py310/lib/python3.10/site-packages/aiohttp/client_reqrep.py", line 894, in start
    with self._timer:
  File "/remote-home/qhgao/Workspace/Applications/anaconda3/envs/share_py310/lib/python3.10/site-packages/aiohttp/helpers.py", line 721, in __exit__
    raise asyncio.TimeoutError from None
asyncio.exceptions.TimeoutError


2024-04-04 01:11:02,586 <requestor-worker-1:1998827, MainThread:140298684229440> (requestor.py:_fetch_single_async:216 -> requestor.py:_handle_error:99) from logger `RFC.requestor_failed`
[ERROR] failed on AudioBookAudioPage(1204267), caught error "['ValueError'] ValueError('unexpected status code 404 in response of AudioBookAudioPage(1204267)')"

2024-04-04 01:11:02,587 <requestor-worker-1:1998827, MainThread:140298684229440> (requestor.py:_fetch_single_async:216 -> requestor.py:_handle_error:100) from logger `RFC.requestor_failed`
[ERROR] Traceback (most recent call last):
  File "/remote-home/qhgao/Workspace/Projects/RFC-crawlers/RFC-dev/RFC/req/requestor.py", line 206, in _fetch_single_async
    result = await middleware.apply_async(item, result, self._session._request_lib, self._session._async_lib)
  File "/remote-home/qhgao/Workspace/Projects/RFC-crawlers/RFC-dev/RFC/req/middleware.py", line 121, in apply_async
    self._handle_error(e, item, result)
  File "/remote-home/qhgao/Workspace/Projects/RFC-crawlers/RFC-dev/RFC/req/middleware.py", line 83, in _handle_error
    raise error
  File "/remote-home/qhgao/Workspace/Projects/RFC-crawlers/RFC-dev/RFC/req/middleware.py", line 114, in apply_async
    _result = await self._apply_async(item, result, request_lib, async_lib)
  File "/remote-home/qhgao/Workspace/Projects/RFC-crawlers/RFC-dev/RFC/req/middleware.py", line 180, in _apply_async
    return self._apply_sync(item, result, request_lib)
  File "/remote-home/qhgao/Workspace/Projects/RFC-crawlers/RFC-dev/RFC/req/middleware.py", line 168, in _apply_sync
    raise ValueError(f"unexpected status code {repr(status_code)} in response of {repr(item)}")
ValueError: unexpected status code 404 in response of AudioBookAudioPage(1204267)


2024-04-04 01:11:35,324 <requestor-worker-1:1998827, MainThread:140298684229440> (requestor.py:_fetch_single_async:216 -> requestor.py:_handle_error:99) from logger `RFC.requestor_failed`
[ERROR] failed on AudioBookAudioPage(1204111).AudioBookAudioFile(1204111), caught error "['TimeoutError'] TimeoutError()"

2024-04-04 01:11:35,325 <requestor-worker-1:1998827, MainThread:140298684229440> (requestor.py:_fetch_single_async:216 -> requestor.py:_handle_error:100) from logger `RFC.requestor_failed`
[ERROR] Traceback (most recent call last):
  File "/remote-home/qhgao/Workspace/Projects/RFC-crawlers/RFC-dev/RFC/req/requestor.py", line 206, in _fetch_single_async
    result = await middleware.apply_async(item, result, self._session._request_lib, self._session._async_lib)
  File "/remote-home/qhgao/Workspace/Projects/RFC-crawlers/RFC-dev/RFC/req/middleware.py", line 121, in apply_async
    self._handle_error(e, item, result)
  File "/remote-home/qhgao/Workspace/Projects/RFC-crawlers/RFC-dev/RFC/req/middleware.py", line 83, in _handle_error
    raise error
  File "/remote-home/qhgao/Workspace/Projects/RFC-crawlers/RFC-dev/RFC/req/middleware.py", line 114, in apply_async
    _result = await self._apply_async(item, result, request_lib, async_lib)
  File "/remote-home/qhgao/Workspace/Projects/RFC-crawlers/RFC-dev/RFC/req/middleware.py", line 316, in _apply_async
    result.content = result.json if 'json' in result else await get_content_async(result.response, request_lib)  # type: ignore
  File "/remote-home/qhgao/Workspace/Projects/RFC-crawlers/RFC-dev/RFC/req/middleware_func.py", line 88, in get_content_async
    return await resp.read()
  File "/remote-home/qhgao/Workspace/Applications/anaconda3/envs/share_py310/lib/python3.10/site-packages/aiohttp/client_reqrep.py", line 1037, in read
    self._body = await self.content.read()
  File "/remote-home/qhgao/Workspace/Applications/anaconda3/envs/share_py310/lib/python3.10/site-packages/aiohttp/streams.py", line 375, in read
    block = await self.readany()
  File "/remote-home/qhgao/Workspace/Applications/anaconda3/envs/share_py310/lib/python3.10/site-packages/aiohttp/streams.py", line 397, in readany
    await self._wait("readany")
  File "/remote-home/qhgao/Workspace/Applications/anaconda3/envs/share_py310/lib/python3.10/site-packages/aiohttp/streams.py", line 303, in _wait
    with self._timer:
  File "/remote-home/qhgao/Workspace/Applications/anaconda3/envs/share_py310/lib/python3.10/site-packages/aiohttp/helpers.py", line 721, in __exit__
    raise asyncio.TimeoutError from None
asyncio.exceptions.TimeoutError


2024-04-04 01:11:40,996 <requestor-worker-1:1998827, MainThread:140298684229440> (requestor.py:_fetch_single_async:216 -> requestor.py:_handle_error:99) from logger `RFC.requestor_failed`
[ERROR] failed on AudioBookAudioPage(1204298), caught error "['ValueError'] ValueError('unexpected status code 404 in response of AudioBookAudioPage(1204298)')"

2024-04-04 01:11:40,997 <requestor-worker-1:1998827, MainThread:140298684229440> (requestor.py:_fetch_single_async:216 -> requestor.py:_handle_error:100) from logger `RFC.requestor_failed`
[ERROR] Traceback (most recent call last):
  File "/remote-home/qhgao/Workspace/Projects/RFC-crawlers/RFC-dev/RFC/req/requestor.py", line 206, in _fetch_single_async
    result = await middleware.apply_async(item, result, self._session._request_lib, self._session._async_lib)
  File "/remote-home/qhgao/Workspace/Projects/RFC-crawlers/RFC-dev/RFC/req/middleware.py", line 121, in apply_async
    self._handle_error(e, item, result)
  File "/remote-home/qhgao/Workspace/Projects/RFC-crawlers/RFC-dev/RFC/req/middleware.py", line 83, in _handle_error
    raise error
  File "/remote-home/qhgao/Workspace/Projects/RFC-crawlers/RFC-dev/RFC/req/middleware.py", line 114, in apply_async
    _result = await self._apply_async(item, result, request_lib, async_lib)
  File "/remote-home/qhgao/Workspace/Projects/RFC-crawlers/RFC-dev/RFC/req/middleware.py", line 180, in _apply_async
    return self._apply_sync(item, result, request_lib)
  File "/remote-home/qhgao/Workspace/Projects/RFC-crawlers/RFC-dev/RFC/req/middleware.py", line 168, in _apply_sync
    raise ValueError(f"unexpected status code {repr(status_code)} in response of {repr(item)}")
ValueError: unexpected status code 404 in response of AudioBookAudioPage(1204298)


2024-04-04 01:11:42,796 <requestor-worker-1:1998827, MainThread:140298684229440> (requestor.py:_fetch_single_async:216 -> requestor.py:_handle_error:99) from logger `RFC.requestor_failed`
[ERROR] failed on AudioBookAudioPage(1204299), caught error "['ValueError'] ValueError('unexpected status code 404 in response of AudioBookAudioPage(1204299)')"

2024-04-04 01:11:42,799 <requestor-worker-1:1998827, MainThread:140298684229440> (requestor.py:_fetch_single_async:216 -> requestor.py:_handle_error:100) from logger `RFC.requestor_failed`
[ERROR] Traceback (most recent call last):
  File "/remote-home/qhgao/Workspace/Projects/RFC-crawlers/RFC-dev/RFC/req/requestor.py", line 206, in _fetch_single_async
    result = await middleware.apply_async(item, result, self._session._request_lib, self._session._async_lib)
  File "/remote-home/qhgao/Workspace/Projects/RFC-crawlers/RFC-dev/RFC/req/middleware.py", line 121, in apply_async
    self._handle_error(e, item, result)
  File "/remote-home/qhgao/Workspace/Projects/RFC-crawlers/RFC-dev/RFC/req/middleware.py", line 83, in _handle_error
    raise error
  File "/remote-home/qhgao/Workspace/Projects/RFC-crawlers/RFC-dev/RFC/req/middleware.py", line 114, in apply_async
    _result = await self._apply_async(item, result, request_lib, async_lib)
  File "/remote-home/qhgao/Workspace/Projects/RFC-crawlers/RFC-dev/RFC/req/middleware.py", line 180, in _apply_async
    return self._apply_sync(item, result, request_lib)
  File "/remote-home/qhgao/Workspace/Projects/RFC-crawlers/RFC-dev/RFC/req/middleware.py", line 168, in _apply_sync
    raise ValueError(f"unexpected status code {repr(status_code)} in response of {repr(item)}")
ValueError: unexpected status code 404 in response of AudioBookAudioPage(1204299)


2024-04-04 01:11:44,981 <requestor-worker-1:1998827, MainThread:140298684229440> (requestor.py:_fetch_single_async:216 -> requestor.py:_handle_error:99) from logger `RFC.requestor_failed`
[ERROR] failed on AudioBookAudioPage(1204303), caught error "['ValueError'] ValueError('unexpected status code 404 in response of AudioBookAudioPage(1204303)')"

2024-04-04 01:11:44,983 <requestor-worker-1:1998827, MainThread:140298684229440> (requestor.py:_fetch_single_async:216 -> requestor.py:_handle_error:100) from logger `RFC.requestor_failed`
[ERROR] Traceback (most recent call last):
  File "/remote-home/qhgao/Workspace/Projects/RFC-crawlers/RFC-dev/RFC/req/requestor.py", line 206, in _fetch_single_async
    result = await middleware.apply_async(item, result, self._session._request_lib, self._session._async_lib)
  File "/remote-home/qhgao/Workspace/Projects/RFC-crawlers/RFC-dev/RFC/req/middleware.py", line 121, in apply_async
    self._handle_error(e, item, result)
  File "/remote-home/qhgao/Workspace/Projects/RFC-crawlers/RFC-dev/RFC/req/middleware.py", line 83, in _handle_error
    raise error
  File "/remote-home/qhgao/Workspace/Projects/RFC-crawlers/RFC-dev/RFC/req/middleware.py", line 114, in apply_async
    _result = await self._apply_async(item, result, request_lib, async_lib)
  File "/remote-home/qhgao/Workspace/Projects/RFC-crawlers/RFC-dev/RFC/req/middleware.py", line 180, in _apply_async
    return self._apply_sync(item, result, request_lib)
  File "/remote-home/qhgao/Workspace/Projects/RFC-crawlers/RFC-dev/RFC/req/middleware.py", line 168, in _apply_sync
    raise ValueError(f"unexpected status code {repr(status_code)} in response of {repr(item)}")
ValueError: unexpected status code 404 in response of AudioBookAudioPage(1204303)


2024-04-04 01:13:00,295 <requestor-worker-1:1998827, MainThread:140298684229440> (requestor.py:_fetch_single_async:216 -> requestor.py:_handle_error:99) from logger `RFC.requestor_failed`
[ERROR] failed on AudioBookAudioPage(1204137).AudioBookAudioFile(1204137), caught error "['TimeoutError'] TimeoutError()"

2024-04-04 01:13:00,296 <requestor-worker-1:1998827, MainThread:140298684229440> (requestor.py:_fetch_single_async:216 -> requestor.py:_handle_error:100) from logger `RFC.requestor_failed`
[ERROR] Traceback (most recent call last):
  File "/remote-home/qhgao/Workspace/Projects/RFC-crawlers/RFC-dev/RFC/req/requestor.py", line 206, in _fetch_single_async
    result = await middleware.apply_async(item, result, self._session._request_lib, self._session._async_lib)
  File "/remote-home/qhgao/Workspace/Projects/RFC-crawlers/RFC-dev/RFC/req/middleware.py", line 121, in apply_async
    self._handle_error(e, item, result)
  File "/remote-home/qhgao/Workspace/Projects/RFC-crawlers/RFC-dev/RFC/req/middleware.py", line 83, in _handle_error
    raise error
  File "/remote-home/qhgao/Workspace/Projects/RFC-crawlers/RFC-dev/RFC/req/middleware.py", line 114, in apply_async
    _result = await self._apply_async(item, result, request_lib, async_lib)
  File "/remote-home/qhgao/Workspace/Projects/RFC-crawlers/RFC-dev/RFC/req/middleware.py", line 316, in _apply_async
    result.content = result.json if 'json' in result else await get_content_async(result.response, request_lib)  # type: ignore
  File "/remote-home/qhgao/Workspace/Projects/RFC-crawlers/RFC-dev/RFC/req/middleware_func.py", line 88, in get_content_async
    return await resp.read()
  File "/remote-home/qhgao/Workspace/Applications/anaconda3/envs/share_py310/lib/python3.10/site-packages/aiohttp/client_reqrep.py", line 1037, in read
    self._body = await self.content.read()
  File "/remote-home/qhgao/Workspace/Applications/anaconda3/envs/share_py310/lib/python3.10/site-packages/aiohttp/streams.py", line 375, in read
    block = await self.readany()
  File "/remote-home/qhgao/Workspace/Applications/anaconda3/envs/share_py310/lib/python3.10/site-packages/aiohttp/streams.py", line 397, in readany
    await self._wait("readany")
  File "/remote-home/qhgao/Workspace/Applications/anaconda3/envs/share_py310/lib/python3.10/site-packages/aiohttp/streams.py", line 303, in _wait
    with self._timer:
  File "/remote-home/qhgao/Workspace/Applications/anaconda3/envs/share_py310/lib/python3.10/site-packages/aiohttp/helpers.py", line 721, in __exit__
    raise asyncio.TimeoutError from None
asyncio.exceptions.TimeoutError


2024-04-04 01:13:10,298 <requestor-worker-1:1998827, MainThread:140298684229440> (requestor.py:_fetch_single_async:216 -> requestor.py:_handle_error:99) from logger `RFC.requestor_failed`
[ERROR] failed on AudioBookAudioPage(1204139).AudioBookAudioFile(1204139), caught error "['TimeoutError'] TimeoutError()"

2024-04-04 01:13:10,301 <requestor-worker-1:1998827, MainThread:140298684229440> (requestor.py:_fetch_single_async:216 -> requestor.py:_handle_error:100) from logger `RFC.requestor_failed`
[ERROR] Traceback (most recent call last):
  File "/remote-home/qhgao/Workspace/Projects/RFC-crawlers/RFC-dev/RFC/req/requestor.py", line 206, in _fetch_single_async
    result = await middleware.apply_async(item, result, self._session._request_lib, self._session._async_lib)
  File "/remote-home/qhgao/Workspace/Projects/RFC-crawlers/RFC-dev/RFC/req/middleware.py", line 121, in apply_async
    self._handle_error(e, item, result)
  File "/remote-home/qhgao/Workspace/Projects/RFC-crawlers/RFC-dev/RFC/req/middleware.py", line 83, in _handle_error
    raise error
  File "/remote-home/qhgao/Workspace/Projects/RFC-crawlers/RFC-dev/RFC/req/middleware.py", line 114, in apply_async
    _result = await self._apply_async(item, result, request_lib, async_lib)
  File "/remote-home/qhgao/Workspace/Projects/RFC-crawlers/RFC-dev/RFC/req/middleware.py", line 316, in _apply_async
    result.content = result.json if 'json' in result else await get_content_async(result.response, request_lib)  # type: ignore
  File "/remote-home/qhgao/Workspace/Projects/RFC-crawlers/RFC-dev/RFC/req/middleware_func.py", line 88, in get_content_async
    return await resp.read()
  File "/remote-home/qhgao/Workspace/Applications/anaconda3/envs/share_py310/lib/python3.10/site-packages/aiohttp/client_reqrep.py", line 1037, in read
    self._body = await self.content.read()
  File "/remote-home/qhgao/Workspace/Applications/anaconda3/envs/share_py310/lib/python3.10/site-packages/aiohttp/streams.py", line 375, in read
    block = await self.readany()
  File "/remote-home/qhgao/Workspace/Applications/anaconda3/envs/share_py310/lib/python3.10/site-packages/aiohttp/streams.py", line 397, in readany
    await self._wait("readany")
  File "/remote-home/qhgao/Workspace/Applications/anaconda3/envs/share_py310/lib/python3.10/site-packages/aiohttp/streams.py", line 303, in _wait
    with self._timer:
  File "/remote-home/qhgao/Workspace/Applications/anaconda3/envs/share_py310/lib/python3.10/site-packages/aiohttp/helpers.py", line 721, in __exit__
    raise asyncio.TimeoutError from None
asyncio.exceptions.TimeoutError


2024-04-04 01:13:11,342 <requestor-worker-1:1998827, MainThread:140298684229440> (requestor.py:_fetch_single_async:216 -> requestor.py:_handle_error:99) from logger `RFC.requestor_failed`
[ERROR] failed on AudioBookAudioPage(1204427), caught error "['ValueError'] ValueError('unexpected status code 404 in response of AudioBookAudioPage(1204427)')"

2024-04-04 01:13:11,344 <requestor-worker-1:1998827, MainThread:140298684229440> (requestor.py:_fetch_single_async:216 -> requestor.py:_handle_error:100) from logger `RFC.requestor_failed`
[ERROR] Traceback (most recent call last):
  File "/remote-home/qhgao/Workspace/Projects/RFC-crawlers/RFC-dev/RFC/req/requestor.py", line 206, in _fetch_single_async
    result = await middleware.apply_async(item, result, self._session._request_lib, self._session._async_lib)
  File "/remote-home/qhgao/Workspace/Projects/RFC-crawlers/RFC-dev/RFC/req/middleware.py", line 121, in apply_async
    self._handle_error(e, item, result)
  File "/remote-home/qhgao/Workspace/Projects/RFC-crawlers/RFC-dev/RFC/req/middleware.py", line 83, in _handle_error
    raise error
  File "/remote-home/qhgao/Workspace/Projects/RFC-crawlers/RFC-dev/RFC/req/middleware.py", line 114, in apply_async
    _result = await self._apply_async(item, result, request_lib, async_lib)
  File "/remote-home/qhgao/Workspace/Projects/RFC-crawlers/RFC-dev/RFC/req/middleware.py", line 180, in _apply_async
    return self._apply_sync(item, result, request_lib)
  File "/remote-home/qhgao/Workspace/Projects/RFC-crawlers/RFC-dev/RFC/req/middleware.py", line 168, in _apply_sync
    raise ValueError(f"unexpected status code {repr(status_code)} in response of {repr(item)}")
ValueError: unexpected status code 404 in response of AudioBookAudioPage(1204427)


2024-04-04 01:13:12,549 <requestor-worker-1:1998827, MainThread:140298684229440> (requestor.py:_fetch_single_async:216 -> requestor.py:_handle_error:99) from logger `RFC.requestor_failed`
[ERROR] failed on AudioBookAudioPage(1204431), caught error "['ValueError'] ValueError('unexpected status code 404 in response of AudioBookAudioPage(1204431)')"

2024-04-04 01:13:12,551 <requestor-worker-1:1998827, MainThread:140298684229440> (requestor.py:_fetch_single_async:216 -> requestor.py:_handle_error:100) from logger `RFC.requestor_failed`
[ERROR] Traceback (most recent call last):
  File "/remote-home/qhgao/Workspace/Projects/RFC-crawlers/RFC-dev/RFC/req/requestor.py", line 206, in _fetch_single_async
    result = await middleware.apply_async(item, result, self._session._request_lib, self._session._async_lib)
  File "/remote-home/qhgao/Workspace/Projects/RFC-crawlers/RFC-dev/RFC/req/middleware.py", line 121, in apply_async
    self._handle_error(e, item, result)
  File "/remote-home/qhgao/Workspace/Projects/RFC-crawlers/RFC-dev/RFC/req/middleware.py", line 83, in _handle_error
    raise error
  File "/remote-home/qhgao/Workspace/Projects/RFC-crawlers/RFC-dev/RFC/req/middleware.py", line 114, in apply_async
    _result = await self._apply_async(item, result, request_lib, async_lib)
  File "/remote-home/qhgao/Workspace/Projects/RFC-crawlers/RFC-dev/RFC/req/middleware.py", line 180, in _apply_async
    return self._apply_sync(item, result, request_lib)
  File "/remote-home/qhgao/Workspace/Projects/RFC-crawlers/RFC-dev/RFC/req/middleware.py", line 168, in _apply_sync
    raise ValueError(f"unexpected status code {repr(status_code)} in response of {repr(item)}")
ValueError: unexpected status code 404 in response of AudioBookAudioPage(1204431)


2024-04-04 01:13:13,241 <requestor-worker-1:1998827, MainThread:140298684229440> (requestor.py:_fetch_single_async:216 -> requestor.py:_handle_error:99) from logger `RFC.requestor_failed`
[ERROR] failed on AudioBookAudioPage(1204432), caught error "['ValueError'] ValueError('unexpected status code 404 in response of AudioBookAudioPage(1204432)')"

2024-04-04 01:13:13,244 <requestor-worker-1:1998827, MainThread:140298684229440> (requestor.py:_fetch_single_async:216 -> requestor.py:_handle_error:100) from logger `RFC.requestor_failed`
[ERROR] Traceback (most recent call last):
  File "/remote-home/qhgao/Workspace/Projects/RFC-crawlers/RFC-dev/RFC/req/requestor.py", line 206, in _fetch_single_async
    result = await middleware.apply_async(item, result, self._session._request_lib, self._session._async_lib)
  File "/remote-home/qhgao/Workspace/Projects/RFC-crawlers/RFC-dev/RFC/req/middleware.py", line 121, in apply_async
    self._handle_error(e, item, result)
  File "/remote-home/qhgao/Workspace/Projects/RFC-crawlers/RFC-dev/RFC/req/middleware.py", line 83, in _handle_error
    raise error
  File "/remote-home/qhgao/Workspace/Projects/RFC-crawlers/RFC-dev/RFC/req/middleware.py", line 114, in apply_async
    _result = await self._apply_async(item, result, request_lib, async_lib)
  File "/remote-home/qhgao/Workspace/Projects/RFC-crawlers/RFC-dev/RFC/req/middleware.py", line 180, in _apply_async
    return self._apply_sync(item, result, request_lib)
  File "/remote-home/qhgao/Workspace/Projects/RFC-crawlers/RFC-dev/RFC/req/middleware.py", line 168, in _apply_sync
    raise ValueError(f"unexpected status code {repr(status_code)} in response of {repr(item)}")
ValueError: unexpected status code 404 in response of AudioBookAudioPage(1204432)


2024-04-04 01:13:19,885 <requestor-worker-1:1998827, MainThread:140298684229440> (requestor.py:_fetch_single_async:216 -> requestor.py:_handle_error:99) from logger `RFC.requestor_failed`
[ERROR] failed on AudioBookAudioPage(1204455), caught error "['ValueError'] ValueError('unexpected status code 404 in response of AudioBookAudioPage(1204455)')"

2024-04-04 01:13:19,887 <requestor-worker-1:1998827, MainThread:140298684229440> (requestor.py:_fetch_single_async:216 -> requestor.py:_handle_error:100) from logger `RFC.requestor_failed`
[ERROR] Traceback (most recent call last):
  File "/remote-home/qhgao/Workspace/Projects/RFC-crawlers/RFC-dev/RFC/req/requestor.py", line 206, in _fetch_single_async
    result = await middleware.apply_async(item, result, self._session._request_lib, self._session._async_lib)
  File "/remote-home/qhgao/Workspace/Projects/RFC-crawlers/RFC-dev/RFC/req/middleware.py", line 121, in apply_async
    self._handle_error(e, item, result)
  File "/remote-home/qhgao/Workspace/Projects/RFC-crawlers/RFC-dev/RFC/req/middleware.py", line 83, in _handle_error
    raise error
  File "/remote-home/qhgao/Workspace/Projects/RFC-crawlers/RFC-dev/RFC/req/middleware.py", line 114, in apply_async
    _result = await self._apply_async(item, result, request_lib, async_lib)
  File "/remote-home/qhgao/Workspace/Projects/RFC-crawlers/RFC-dev/RFC/req/middleware.py", line 180, in _apply_async
    return self._apply_sync(item, result, request_lib)
  File "/remote-home/qhgao/Workspace/Projects/RFC-crawlers/RFC-dev/RFC/req/middleware.py", line 168, in _apply_sync
    raise ValueError(f"unexpected status code {repr(status_code)} in response of {repr(item)}")
ValueError: unexpected status code 404 in response of AudioBookAudioPage(1204455)


2024-04-04 01:13:38,295 <requestor-worker-1:1998827, MainThread:140298684229440> (requestor.py:_fetch_single_async:216 -> requestor.py:_handle_error:99) from logger `RFC.requestor_failed`
[ERROR] failed on AudioBookAudioPage(1204176).AudioBookAudioFile(1204176), caught error "['TimeoutError'] TimeoutError()"

2024-04-04 01:13:38,297 <requestor-worker-1:1998827, MainThread:140298684229440> (requestor.py:_fetch_single_async:216 -> requestor.py:_handle_error:100) from logger `RFC.requestor_failed`
[ERROR] Traceback (most recent call last):
  File "/remote-home/qhgao/Workspace/Projects/RFC-crawlers/RFC-dev/RFC/req/requestor.py", line 206, in _fetch_single_async
    result = await middleware.apply_async(item, result, self._session._request_lib, self._session._async_lib)
  File "/remote-home/qhgao/Workspace/Projects/RFC-crawlers/RFC-dev/RFC/req/middleware.py", line 121, in apply_async
    self._handle_error(e, item, result)
  File "/remote-home/qhgao/Workspace/Projects/RFC-crawlers/RFC-dev/RFC/req/middleware.py", line 83, in _handle_error
    raise error
  File "/remote-home/qhgao/Workspace/Projects/RFC-crawlers/RFC-dev/RFC/req/middleware.py", line 114, in apply_async
    _result = await self._apply_async(item, result, request_lib, async_lib)
  File "/remote-home/qhgao/Workspace/Projects/RFC-crawlers/RFC-dev/RFC/req/middleware.py", line 316, in _apply_async
    result.content = result.json if 'json' in result else await get_content_async(result.response, request_lib)  # type: ignore
  File "/remote-home/qhgao/Workspace/Projects/RFC-crawlers/RFC-dev/RFC/req/middleware_func.py", line 88, in get_content_async
    return await resp.read()
  File "/remote-home/qhgao/Workspace/Applications/anaconda3/envs/share_py310/lib/python3.10/site-packages/aiohttp/client_reqrep.py", line 1037, in read
    self._body = await self.content.read()
  File "/remote-home/qhgao/Workspace/Applications/anaconda3/envs/share_py310/lib/python3.10/site-packages/aiohttp/streams.py", line 375, in read
    block = await self.readany()
  File "/remote-home/qhgao/Workspace/Applications/anaconda3/envs/share_py310/lib/python3.10/site-packages/aiohttp/streams.py", line 397, in readany
    await self._wait("readany")
  File "/remote-home/qhgao/Workspace/Applications/anaconda3/envs/share_py310/lib/python3.10/site-packages/aiohttp/streams.py", line 303, in _wait
    with self._timer:
  File "/remote-home/qhgao/Workspace/Applications/anaconda3/envs/share_py310/lib/python3.10/site-packages/aiohttp/helpers.py", line 721, in __exit__
    raise asyncio.TimeoutError from None
asyncio.exceptions.TimeoutError


2024-04-04 01:13:38,303 <requestor-worker-1:1998827, MainThread:140298684229440> (requestor.py:_fetch_single_async:216 -> requestor.py:_handle_error:99) from logger `RFC.requestor_failed`
[ERROR] failed on AudioBookAudioPage(1204179).AudioBookAudioFile(1204179), caught error "['TimeoutError'] TimeoutError()"

2024-04-04 01:13:38,306 <requestor-worker-1:1998827, MainThread:140298684229440> (requestor.py:_fetch_single_async:216 -> requestor.py:_handle_error:100) from logger `RFC.requestor_failed`
[ERROR] Traceback (most recent call last):
  File "/remote-home/qhgao/Workspace/Projects/RFC-crawlers/RFC-dev/RFC/req/requestor.py", line 206, in _fetch_single_async
    result = await middleware.apply_async(item, result, self._session._request_lib, self._session._async_lib)
  File "/remote-home/qhgao/Workspace/Projects/RFC-crawlers/RFC-dev/RFC/req/middleware.py", line 121, in apply_async
    self._handle_error(e, item, result)
  File "/remote-home/qhgao/Workspace/Projects/RFC-crawlers/RFC-dev/RFC/req/middleware.py", line 83, in _handle_error
    raise error
  File "/remote-home/qhgao/Workspace/Projects/RFC-crawlers/RFC-dev/RFC/req/middleware.py", line 114, in apply_async
    _result = await self._apply_async(item, result, request_lib, async_lib)
  File "/remote-home/qhgao/Workspace/Projects/RFC-crawlers/RFC-dev/RFC/req/middleware.py", line 316, in _apply_async
    result.content = result.json if 'json' in result else await get_content_async(result.response, request_lib)  # type: ignore
  File "/remote-home/qhgao/Workspace/Projects/RFC-crawlers/RFC-dev/RFC/req/middleware_func.py", line 88, in get_content_async
    return await resp.read()
  File "/remote-home/qhgao/Workspace/Applications/anaconda3/envs/share_py310/lib/python3.10/site-packages/aiohttp/client_reqrep.py", line 1037, in read
    self._body = await self.content.read()
  File "/remote-home/qhgao/Workspace/Applications/anaconda3/envs/share_py310/lib/python3.10/site-packages/aiohttp/streams.py", line 375, in read
    block = await self.readany()
  File "/remote-home/qhgao/Workspace/Applications/anaconda3/envs/share_py310/lib/python3.10/site-packages/aiohttp/streams.py", line 397, in readany
    await self._wait("readany")
  File "/remote-home/qhgao/Workspace/Applications/anaconda3/envs/share_py310/lib/python3.10/site-packages/aiohttp/streams.py", line 303, in _wait
    with self._timer:
  File "/remote-home/qhgao/Workspace/Applications/anaconda3/envs/share_py310/lib/python3.10/site-packages/aiohttp/helpers.py", line 721, in __exit__
    raise asyncio.TimeoutError from None
asyncio.exceptions.TimeoutError


2024-04-04 01:13:39,086 <requestor-worker-1:1998827, MainThread:140298684229440> (requestor.py:_fetch_single_async:216 -> requestor.py:_handle_error:99) from logger `RFC.requestor_failed`
[ERROR] failed on AudioBookAudioPage(1204482), caught error "['ValueError'] ValueError('unexpected status code 404 in response of AudioBookAudioPage(1204482)')"

2024-04-04 01:13:39,087 <requestor-worker-1:1998827, MainThread:140298684229440> (requestor.py:_fetch_single_async:216 -> requestor.py:_handle_error:100) from logger `RFC.requestor_failed`
[ERROR] Traceback (most recent call last):
  File "/remote-home/qhgao/Workspace/Projects/RFC-crawlers/RFC-dev/RFC/req/requestor.py", line 206, in _fetch_single_async
    result = await middleware.apply_async(item, result, self._session._request_lib, self._session._async_lib)
  File "/remote-home/qhgao/Workspace/Projects/RFC-crawlers/RFC-dev/RFC/req/middleware.py", line 121, in apply_async
    self._handle_error(e, item, result)
  File "/remote-home/qhgao/Workspace/Projects/RFC-crawlers/RFC-dev/RFC/req/middleware.py", line 83, in _handle_error
    raise error
  File "/remote-home/qhgao/Workspace/Projects/RFC-crawlers/RFC-dev/RFC/req/middleware.py", line 114, in apply_async
    _result = await self._apply_async(item, result, request_lib, async_lib)
  File "/remote-home/qhgao/Workspace/Projects/RFC-crawlers/RFC-dev/RFC/req/middleware.py", line 180, in _apply_async
    return self._apply_sync(item, result, request_lib)
  File "/remote-home/qhgao/Workspace/Projects/RFC-crawlers/RFC-dev/RFC/req/middleware.py", line 168, in _apply_sync
    raise ValueError(f"unexpected status code {repr(status_code)} in response of {repr(item)}")
ValueError: unexpected status code 404 in response of AudioBookAudioPage(1204482)


2024-04-04 01:13:40,294 <requestor-worker-1:1998827, MainThread:140298684229440> (requestor.py:_fetch_single_async:216 -> requestor.py:_handle_error:99) from logger `RFC.requestor_failed`
[ERROR] failed on AudioBookAudioPage(1204178).AudioBookAudioFile(1204178), caught error "['TimeoutError'] TimeoutError()"

2024-04-04 01:13:40,296 <requestor-worker-1:1998827, MainThread:140298684229440> (requestor.py:_fetch_single_async:216 -> requestor.py:_handle_error:100) from logger `RFC.requestor_failed`
[ERROR] Traceback (most recent call last):
  File "/remote-home/qhgao/Workspace/Projects/RFC-crawlers/RFC-dev/RFC/req/requestor.py", line 206, in _fetch_single_async
    result = await middleware.apply_async(item, result, self._session._request_lib, self._session._async_lib)
  File "/remote-home/qhgao/Workspace/Projects/RFC-crawlers/RFC-dev/RFC/req/middleware.py", line 121, in apply_async
    self._handle_error(e, item, result)
  File "/remote-home/qhgao/Workspace/Projects/RFC-crawlers/RFC-dev/RFC/req/middleware.py", line 83, in _handle_error
    raise error
  File "/remote-home/qhgao/Workspace/Projects/RFC-crawlers/RFC-dev/RFC/req/middleware.py", line 114, in apply_async
    _result = await self._apply_async(item, result, request_lib, async_lib)
  File "/remote-home/qhgao/Workspace/Projects/RFC-crawlers/RFC-dev/RFC/req/middleware.py", line 316, in _apply_async
    result.content = result.json if 'json' in result else await get_content_async(result.response, request_lib)  # type: ignore
  File "/remote-home/qhgao/Workspace/Projects/RFC-crawlers/RFC-dev/RFC/req/middleware_func.py", line 88, in get_content_async
    return await resp.read()
  File "/remote-home/qhgao/Workspace/Applications/anaconda3/envs/share_py310/lib/python3.10/site-packages/aiohttp/client_reqrep.py", line 1037, in read
    self._body = await self.content.read()
  File "/remote-home/qhgao/Workspace/Applications/anaconda3/envs/share_py310/lib/python3.10/site-packages/aiohttp/streams.py", line 375, in read
    block = await self.readany()
  File "/remote-home/qhgao/Workspace/Applications/anaconda3/envs/share_py310/lib/python3.10/site-packages/aiohttp/streams.py", line 397, in readany
    await self._wait("readany")
  File "/remote-home/qhgao/Workspace/Applications/anaconda3/envs/share_py310/lib/python3.10/site-packages/aiohttp/streams.py", line 303, in _wait
    with self._timer:
  File "/remote-home/qhgao/Workspace/Applications/anaconda3/envs/share_py310/lib/python3.10/site-packages/aiohttp/helpers.py", line 721, in __exit__
    raise asyncio.TimeoutError from None
asyncio.exceptions.TimeoutError


2024-04-04 01:14:16,816 <requestor-worker-1:1998827, MainThread:140298684229440> (requestor.py:_fetch_single_async:216 -> requestor.py:_handle_error:99) from logger `RFC.requestor_failed`
[ERROR] failed on AudioBookAudioPage(1204508), caught error "['ValueError'] ValueError('unexpected status code 404 in response of AudioBookAudioPage(1204508)')"

2024-04-04 01:14:16,818 <requestor-worker-1:1998827, MainThread:140298684229440> (requestor.py:_fetch_single_async:216 -> requestor.py:_handle_error:100) from logger `RFC.requestor_failed`
[ERROR] Traceback (most recent call last):
  File "/remote-home/qhgao/Workspace/Projects/RFC-crawlers/RFC-dev/RFC/req/requestor.py", line 206, in _fetch_single_async
    result = await middleware.apply_async(item, result, self._session._request_lib, self._session._async_lib)
  File "/remote-home/qhgao/Workspace/Projects/RFC-crawlers/RFC-dev/RFC/req/middleware.py", line 121, in apply_async
    self._handle_error(e, item, result)
  File "/remote-home/qhgao/Workspace/Projects/RFC-crawlers/RFC-dev/RFC/req/middleware.py", line 83, in _handle_error
    raise error
  File "/remote-home/qhgao/Workspace/Projects/RFC-crawlers/RFC-dev/RFC/req/middleware.py", line 114, in apply_async
    _result = await self._apply_async(item, result, request_lib, async_lib)
  File "/remote-home/qhgao/Workspace/Projects/RFC-crawlers/RFC-dev/RFC/req/middleware.py", line 180, in _apply_async
    return self._apply_sync(item, result, request_lib)
  File "/remote-home/qhgao/Workspace/Projects/RFC-crawlers/RFC-dev/RFC/req/middleware.py", line 168, in _apply_sync
    raise ValueError(f"unexpected status code {repr(status_code)} in response of {repr(item)}")
ValueError: unexpected status code 404 in response of AudioBookAudioPage(1204508)


2024-04-04 01:14:39,294 <requestor-worker-1:1998827, MainThread:140298684229440> (requestor.py:_fetch_single_async:216 -> requestor.py:_handle_error:99) from logger `RFC.requestor_failed`
[ERROR] failed on AudioBookAudioPage(1204223).AudioBookAudioFile(1204223), caught error "['TimeoutError'] TimeoutError()"

2024-04-04 01:14:39,296 <requestor-worker-1:1998827, MainThread:140298684229440> (requestor.py:_fetch_single_async:216 -> requestor.py:_handle_error:100) from logger `RFC.requestor_failed`
[ERROR] Traceback (most recent call last):
  File "/remote-home/qhgao/Workspace/Projects/RFC-crawlers/RFC-dev/RFC/req/requestor.py", line 206, in _fetch_single_async
    result = await middleware.apply_async(item, result, self._session._request_lib, self._session._async_lib)
  File "/remote-home/qhgao/Workspace/Projects/RFC-crawlers/RFC-dev/RFC/req/middleware.py", line 121, in apply_async
    self._handle_error(e, item, result)
  File "/remote-home/qhgao/Workspace/Projects/RFC-crawlers/RFC-dev/RFC/req/middleware.py", line 83, in _handle_error
    raise error
  File "/remote-home/qhgao/Workspace/Projects/RFC-crawlers/RFC-dev/RFC/req/middleware.py", line 114, in apply_async
    _result = await self._apply_async(item, result, request_lib, async_lib)
  File "/remote-home/qhgao/Workspace/Projects/RFC-crawlers/RFC-dev/RFC/req/middleware.py", line 316, in _apply_async
    result.content = result.json if 'json' in result else await get_content_async(result.response, request_lib)  # type: ignore
  File "/remote-home/qhgao/Workspace/Projects/RFC-crawlers/RFC-dev/RFC/req/middleware_func.py", line 88, in get_content_async
    return await resp.read()
  File "/remote-home/qhgao/Workspace/Applications/anaconda3/envs/share_py310/lib/python3.10/site-packages/aiohttp/client_reqrep.py", line 1037, in read
    self._body = await self.content.read()
  File "/remote-home/qhgao/Workspace/Applications/anaconda3/envs/share_py310/lib/python3.10/site-packages/aiohttp/streams.py", line 375, in read
    block = await self.readany()
  File "/remote-home/qhgao/Workspace/Applications/anaconda3/envs/share_py310/lib/python3.10/site-packages/aiohttp/streams.py", line 397, in readany
    await self._wait("readany")
  File "/remote-home/qhgao/Workspace/Applications/anaconda3/envs/share_py310/lib/python3.10/site-packages/aiohttp/streams.py", line 303, in _wait
    with self._timer:
  File "/remote-home/qhgao/Workspace/Applications/anaconda3/envs/share_py310/lib/python3.10/site-packages/aiohttp/helpers.py", line 721, in __exit__
    raise asyncio.TimeoutError from None
asyncio.exceptions.TimeoutError


2024-04-04 01:14:42,976 <requestor-worker-1:1998827, MainThread:140298684229440> (requestor.py:_fetch_single_async:216 -> requestor.py:_handle_error:99) from logger `RFC.requestor_failed`
[ERROR] failed on AudioBookAudioPage(1204518), caught error "['ValueError'] ValueError('unexpected status code 404 in response of AudioBookAudioPage(1204518)')"

2024-04-04 01:14:42,978 <requestor-worker-1:1998827, MainThread:140298684229440> (requestor.py:_fetch_single_async:216 -> requestor.py:_handle_error:100) from logger `RFC.requestor_failed`
[ERROR] Traceback (most recent call last):
  File "/remote-home/qhgao/Workspace/Projects/RFC-crawlers/RFC-dev/RFC/req/requestor.py", line 206, in _fetch_single_async
    result = await middleware.apply_async(item, result, self._session._request_lib, self._session._async_lib)
  File "/remote-home/qhgao/Workspace/Projects/RFC-crawlers/RFC-dev/RFC/req/middleware.py", line 121, in apply_async
    self._handle_error(e, item, result)
  File "/remote-home/qhgao/Workspace/Projects/RFC-crawlers/RFC-dev/RFC/req/middleware.py", line 83, in _handle_error
    raise error
  File "/remote-home/qhgao/Workspace/Projects/RFC-crawlers/RFC-dev/RFC/req/middleware.py", line 114, in apply_async
    _result = await self._apply_async(item, result, request_lib, async_lib)
  File "/remote-home/qhgao/Workspace/Projects/RFC-crawlers/RFC-dev/RFC/req/middleware.py", line 180, in _apply_async
    return self._apply_sync(item, result, request_lib)
  File "/remote-home/qhgao/Workspace/Projects/RFC-crawlers/RFC-dev/RFC/req/middleware.py", line 168, in _apply_sync
    raise ValueError(f"unexpected status code {repr(status_code)} in response of {repr(item)}")
ValueError: unexpected status code 404 in response of AudioBookAudioPage(1204518)


2024-04-04 01:14:44,722 <requestor-worker-1:1998827, MainThread:140298684229440> (requestor.py:_fetch_single_async:216 -> requestor.py:_handle_error:99) from logger `RFC.requestor_failed`
[ERROR] failed on AudioBookAudioPage(1204520), caught error "['ValueError'] ValueError('unexpected status code 404 in response of AudioBookAudioPage(1204520)')"

2024-04-04 01:14:44,723 <requestor-worker-1:1998827, MainThread:140298684229440> (requestor.py:_fetch_single_async:216 -> requestor.py:_handle_error:100) from logger `RFC.requestor_failed`
[ERROR] Traceback (most recent call last):
  File "/remote-home/qhgao/Workspace/Projects/RFC-crawlers/RFC-dev/RFC/req/requestor.py", line 206, in _fetch_single_async
    result = await middleware.apply_async(item, result, self._session._request_lib, self._session._async_lib)
  File "/remote-home/qhgao/Workspace/Projects/RFC-crawlers/RFC-dev/RFC/req/middleware.py", line 121, in apply_async
    self._handle_error(e, item, result)
  File "/remote-home/qhgao/Workspace/Projects/RFC-crawlers/RFC-dev/RFC/req/middleware.py", line 83, in _handle_error
    raise error
  File "/remote-home/qhgao/Workspace/Projects/RFC-crawlers/RFC-dev/RFC/req/middleware.py", line 114, in apply_async
    _result = await self._apply_async(item, result, request_lib, async_lib)
  File "/remote-home/qhgao/Workspace/Projects/RFC-crawlers/RFC-dev/RFC/req/middleware.py", line 180, in _apply_async
    return self._apply_sync(item, result, request_lib)
  File "/remote-home/qhgao/Workspace/Projects/RFC-crawlers/RFC-dev/RFC/req/middleware.py", line 168, in _apply_sync
    raise ValueError(f"unexpected status code {repr(status_code)} in response of {repr(item)}")
ValueError: unexpected status code 404 in response of AudioBookAudioPage(1204520)


2024-04-04 01:14:46,307 <requestor-worker-1:1998827, MainThread:140298684229440> (requestor.py:_fetch_single_async:216 -> requestor.py:_handle_error:99) from logger `RFC.requestor_failed`
[ERROR] failed on AudioBookAudioPage(1204238).AudioBookAudioFile(1204238), caught error "['TimeoutError'] TimeoutError()"

2024-04-04 01:14:46,309 <requestor-worker-1:1998827, MainThread:140298684229440> (requestor.py:_fetch_single_async:216 -> requestor.py:_handle_error:100) from logger `RFC.requestor_failed`
[ERROR] Traceback (most recent call last):
  File "/remote-home/qhgao/Workspace/Projects/RFC-crawlers/RFC-dev/RFC/req/requestor.py", line 206, in _fetch_single_async
    result = await middleware.apply_async(item, result, self._session._request_lib, self._session._async_lib)
  File "/remote-home/qhgao/Workspace/Projects/RFC-crawlers/RFC-dev/RFC/req/middleware.py", line 121, in apply_async
    self._handle_error(e, item, result)
  File "/remote-home/qhgao/Workspace/Projects/RFC-crawlers/RFC-dev/RFC/req/middleware.py", line 83, in _handle_error
    raise error
  File "/remote-home/qhgao/Workspace/Projects/RFC-crawlers/RFC-dev/RFC/req/middleware.py", line 114, in apply_async
    _result = await self._apply_async(item, result, request_lib, async_lib)
  File "/remote-home/qhgao/Workspace/Projects/RFC-crawlers/RFC-dev/RFC/req/middleware.py", line 316, in _apply_async
    result.content = result.json if 'json' in result else await get_content_async(result.response, request_lib)  # type: ignore
  File "/remote-home/qhgao/Workspace/Projects/RFC-crawlers/RFC-dev/RFC/req/middleware_func.py", line 88, in get_content_async
    return await resp.read()
  File "/remote-home/qhgao/Workspace/Applications/anaconda3/envs/share_py310/lib/python3.10/site-packages/aiohttp/client_reqrep.py", line 1037, in read
    self._body = await self.content.read()
  File "/remote-home/qhgao/Workspace/Applications/anaconda3/envs/share_py310/lib/python3.10/site-packages/aiohttp/streams.py", line 375, in read
    block = await self.readany()
  File "/remote-home/qhgao/Workspace/Applications/anaconda3/envs/share_py310/lib/python3.10/site-packages/aiohttp/streams.py", line 397, in readany
    await self._wait("readany")
  File "/remote-home/qhgao/Workspace/Applications/anaconda3/envs/share_py310/lib/python3.10/site-packages/aiohttp/streams.py", line 303, in _wait
    with self._timer:
  File "/remote-home/qhgao/Workspace/Applications/anaconda3/envs/share_py310/lib/python3.10/site-packages/aiohttp/helpers.py", line 721, in __exit__
    raise asyncio.TimeoutError from None
asyncio.exceptions.TimeoutError


2024-04-04 01:14:48,340 <requestor-worker-1:1998827, MainThread:140298684229440> (requestor.py:_fetch_single_async:216 -> requestor.py:_handle_error:99) from logger `RFC.requestor_failed`
[ERROR] failed on AudioBookAudioPage(1204525), caught error "['ValueError'] ValueError('unexpected status code 404 in response of AudioBookAudioPage(1204525)')"

2024-04-04 01:14:48,342 <requestor-worker-1:1998827, MainThread:140298684229440> (requestor.py:_fetch_single_async:216 -> requestor.py:_handle_error:100) from logger `RFC.requestor_failed`
[ERROR] Traceback (most recent call last):
  File "/remote-home/qhgao/Workspace/Projects/RFC-crawlers/RFC-dev/RFC/req/requestor.py", line 206, in _fetch_single_async
    result = await middleware.apply_async(item, result, self._session._request_lib, self._session._async_lib)
  File "/remote-home/qhgao/Workspace/Projects/RFC-crawlers/RFC-dev/RFC/req/middleware.py", line 121, in apply_async
    self._handle_error(e, item, result)
  File "/remote-home/qhgao/Workspace/Projects/RFC-crawlers/RFC-dev/RFC/req/middleware.py", line 83, in _handle_error
    raise error
  File "/remote-home/qhgao/Workspace/Projects/RFC-crawlers/RFC-dev/RFC/req/middleware.py", line 114, in apply_async
    _result = await self._apply_async(item, result, request_lib, async_lib)
  File "/remote-home/qhgao/Workspace/Projects/RFC-crawlers/RFC-dev/RFC/req/middleware.py", line 180, in _apply_async
    return self._apply_sync(item, result, request_lib)
  File "/remote-home/qhgao/Workspace/Projects/RFC-crawlers/RFC-dev/RFC/req/middleware.py", line 168, in _apply_sync
    raise ValueError(f"unexpected status code {repr(status_code)} in response of {repr(item)}")
ValueError: unexpected status code 404 in response of AudioBookAudioPage(1204525)


2024-04-04 01:15:12,296 <requestor-worker-1:1998827, MainThread:140298684229440> (requestor.py:_fetch_single_async:216 -> requestor.py:_handle_error:99) from logger `RFC.requestor_failed`
[ERROR] failed on AudioBookAudioPage(1204305).AudioBookAudioFile(1204305), caught error "['TimeoutError'] TimeoutError()"

2024-04-04 01:15:12,298 <requestor-worker-1:1998827, MainThread:140298684229440> (requestor.py:_fetch_single_async:216 -> requestor.py:_handle_error:100) from logger `RFC.requestor_failed`
[ERROR] Traceback (most recent call last):
  File "/remote-home/qhgao/Workspace/Projects/RFC-crawlers/RFC-dev/RFC/req/requestor.py", line 206, in _fetch_single_async
    result = await middleware.apply_async(item, result, self._session._request_lib, self._session._async_lib)
  File "/remote-home/qhgao/Workspace/Projects/RFC-crawlers/RFC-dev/RFC/req/middleware.py", line 121, in apply_async
    self._handle_error(e, item, result)
  File "/remote-home/qhgao/Workspace/Projects/RFC-crawlers/RFC-dev/RFC/req/middleware.py", line 83, in _handle_error
    raise error
  File "/remote-home/qhgao/Workspace/Projects/RFC-crawlers/RFC-dev/RFC/req/middleware.py", line 114, in apply_async
    _result = await self._apply_async(item, result, request_lib, async_lib)
  File "/remote-home/qhgao/Workspace/Projects/RFC-crawlers/RFC-dev/RFC/req/middleware.py", line 316, in _apply_async
    result.content = result.json if 'json' in result else await get_content_async(result.response, request_lib)  # type: ignore
  File "/remote-home/qhgao/Workspace/Projects/RFC-crawlers/RFC-dev/RFC/req/middleware_func.py", line 88, in get_content_async
    return await resp.read()
  File "/remote-home/qhgao/Workspace/Applications/anaconda3/envs/share_py310/lib/python3.10/site-packages/aiohttp/client_reqrep.py", line 1037, in read
    self._body = await self.content.read()
  File "/remote-home/qhgao/Workspace/Applications/anaconda3/envs/share_py310/lib/python3.10/site-packages/aiohttp/streams.py", line 375, in read
    block = await self.readany()
  File "/remote-home/qhgao/Workspace/Applications/anaconda3/envs/share_py310/lib/python3.10/site-packages/aiohttp/streams.py", line 397, in readany
    await self._wait("readany")
  File "/remote-home/qhgao/Workspace/Applications/anaconda3/envs/share_py310/lib/python3.10/site-packages/aiohttp/streams.py", line 303, in _wait
    with self._timer:
  File "/remote-home/qhgao/Workspace/Applications/anaconda3/envs/share_py310/lib/python3.10/site-packages/aiohttp/helpers.py", line 721, in __exit__
    raise asyncio.TimeoutError from None
asyncio.exceptions.TimeoutError


2024-04-04 01:15:26,313 <requestor-worker-1:1998827, MainThread:140298684229440> (requestor.py:_fetch_single_async:216 -> requestor.py:_handle_error:99) from logger `RFC.requestor_failed`
[ERROR] failed on AudioBookAudioPage(1204276).AudioBookAudioFile(1204276), caught error "['TimeoutError'] TimeoutError()"

2024-04-04 01:15:26,315 <requestor-worker-1:1998827, MainThread:140298684229440> (requestor.py:_fetch_single_async:216 -> requestor.py:_handle_error:100) from logger `RFC.requestor_failed`
[ERROR] Traceback (most recent call last):
  File "/remote-home/qhgao/Workspace/Projects/RFC-crawlers/RFC-dev/RFC/req/requestor.py", line 206, in _fetch_single_async
    result = await middleware.apply_async(item, result, self._session._request_lib, self._session._async_lib)
  File "/remote-home/qhgao/Workspace/Projects/RFC-crawlers/RFC-dev/RFC/req/middleware.py", line 121, in apply_async
    self._handle_error(e, item, result)
  File "/remote-home/qhgao/Workspace/Projects/RFC-crawlers/RFC-dev/RFC/req/middleware.py", line 83, in _handle_error
    raise error
  File "/remote-home/qhgao/Workspace/Projects/RFC-crawlers/RFC-dev/RFC/req/middleware.py", line 114, in apply_async
    _result = await self._apply_async(item, result, request_lib, async_lib)
  File "/remote-home/qhgao/Workspace/Projects/RFC-crawlers/RFC-dev/RFC/req/middleware.py", line 316, in _apply_async
    result.content = result.json if 'json' in result else await get_content_async(result.response, request_lib)  # type: ignore
  File "/remote-home/qhgao/Workspace/Projects/RFC-crawlers/RFC-dev/RFC/req/middleware_func.py", line 88, in get_content_async
    return await resp.read()
  File "/remote-home/qhgao/Workspace/Applications/anaconda3/envs/share_py310/lib/python3.10/site-packages/aiohttp/client_reqrep.py", line 1037, in read
    self._body = await self.content.read()
  File "/remote-home/qhgao/Workspace/Applications/anaconda3/envs/share_py310/lib/python3.10/site-packages/aiohttp/streams.py", line 375, in read
    block = await self.readany()
  File "/remote-home/qhgao/Workspace/Applications/anaconda3/envs/share_py310/lib/python3.10/site-packages/aiohttp/streams.py", line 397, in readany
    await self._wait("readany")
  File "/remote-home/qhgao/Workspace/Applications/anaconda3/envs/share_py310/lib/python3.10/site-packages/aiohttp/streams.py", line 303, in _wait
    with self._timer:
  File "/remote-home/qhgao/Workspace/Applications/anaconda3/envs/share_py310/lib/python3.10/site-packages/aiohttp/helpers.py", line 721, in __exit__
    raise asyncio.TimeoutError from None
asyncio.exceptions.TimeoutError


2024-04-04 01:15:29,529 <requestor-worker-1:1998827, MainThread:140298684229440> (requestor.py:_fetch_single_async:216 -> requestor.py:_handle_error:99) from logger `RFC.requestor_failed`
[ERROR] failed on AudioBookAudioPage(1204560), caught error "['ValueError'] ValueError('unexpected status code 404 in response of AudioBookAudioPage(1204560)')"

2024-04-04 01:15:29,532 <requestor-worker-1:1998827, MainThread:140298684229440> (requestor.py:_fetch_single_async:216 -> requestor.py:_handle_error:100) from logger `RFC.requestor_failed`
[ERROR] Traceback (most recent call last):
  File "/remote-home/qhgao/Workspace/Projects/RFC-crawlers/RFC-dev/RFC/req/requestor.py", line 206, in _fetch_single_async
    result = await middleware.apply_async(item, result, self._session._request_lib, self._session._async_lib)
  File "/remote-home/qhgao/Workspace/Projects/RFC-crawlers/RFC-dev/RFC/req/middleware.py", line 121, in apply_async
    self._handle_error(e, item, result)
  File "/remote-home/qhgao/Workspace/Projects/RFC-crawlers/RFC-dev/RFC/req/middleware.py", line 83, in _handle_error
    raise error
  File "/remote-home/qhgao/Workspace/Projects/RFC-crawlers/RFC-dev/RFC/req/middleware.py", line 114, in apply_async
    _result = await self._apply_async(item, result, request_lib, async_lib)
  File "/remote-home/qhgao/Workspace/Projects/RFC-crawlers/RFC-dev/RFC/req/middleware.py", line 180, in _apply_async
    return self._apply_sync(item, result, request_lib)
  File "/remote-home/qhgao/Workspace/Projects/RFC-crawlers/RFC-dev/RFC/req/middleware.py", line 168, in _apply_sync
    raise ValueError(f"unexpected status code {repr(status_code)} in response of {repr(item)}")
ValueError: unexpected status code 404 in response of AudioBookAudioPage(1204560)


2024-04-04 01:16:41,225 <requestor-worker-1:1998827, MainThread:140298684229440> (requestor.py:_fetch_single_async:216 -> requestor.py:_handle_error:99) from logger `RFC.requestor_failed`
[ERROR] failed on AudioBookAudioPage(1204405).AudioBookAudioFile(1204405), caught error "['ClientPayloadError'] ClientPayloadError('Response payload is not completed')"

2024-04-04 01:16:41,227 <requestor-worker-1:1998827, MainThread:140298684229440> (requestor.py:_fetch_single_async:216 -> requestor.py:_handle_error:100) from logger `RFC.requestor_failed`
[ERROR] Traceback (most recent call last):
  File "/remote-home/qhgao/Workspace/Projects/RFC-crawlers/RFC-dev/RFC/req/requestor.py", line 206, in _fetch_single_async
    result = await middleware.apply_async(item, result, self._session._request_lib, self._session._async_lib)
  File "/remote-home/qhgao/Workspace/Projects/RFC-crawlers/RFC-dev/RFC/req/middleware.py", line 121, in apply_async
    self._handle_error(e, item, result)
  File "/remote-home/qhgao/Workspace/Projects/RFC-crawlers/RFC-dev/RFC/req/middleware.py", line 83, in _handle_error
    raise error
  File "/remote-home/qhgao/Workspace/Projects/RFC-crawlers/RFC-dev/RFC/req/middleware.py", line 114, in apply_async
    _result = await self._apply_async(item, result, request_lib, async_lib)
  File "/remote-home/qhgao/Workspace/Projects/RFC-crawlers/RFC-dev/RFC/req/middleware.py", line 316, in _apply_async
    result.content = result.json if 'json' in result else await get_content_async(result.response, request_lib)  # type: ignore
  File "/remote-home/qhgao/Workspace/Projects/RFC-crawlers/RFC-dev/RFC/req/middleware_func.py", line 88, in get_content_async
    return await resp.read()
  File "/remote-home/qhgao/Workspace/Applications/anaconda3/envs/share_py310/lib/python3.10/site-packages/aiohttp/client_reqrep.py", line 1037, in read
    self._body = await self.content.read()
  File "/remote-home/qhgao/Workspace/Applications/anaconda3/envs/share_py310/lib/python3.10/site-packages/aiohttp/streams.py", line 375, in read
    block = await self.readany()
  File "/remote-home/qhgao/Workspace/Applications/anaconda3/envs/share_py310/lib/python3.10/site-packages/aiohttp/streams.py", line 397, in readany
    await self._wait("readany")
  File "/remote-home/qhgao/Workspace/Applications/anaconda3/envs/share_py310/lib/python3.10/site-packages/aiohttp/streams.py", line 304, in _wait
    await waiter
aiohttp.client_exceptions.ClientPayloadError: Response payload is not completed


2024-04-04 01:16:50,516 <requestor-worker-1:1998827, MainThread:140298684229440> (requestor.py:_fetch_single_async:216 -> requestor.py:_handle_error:99) from logger `RFC.requestor_failed`
[ERROR] failed on AudioBookAudioPage(1204599), caught error "['ValueError'] ValueError('unexpected status code 404 in response of AudioBookAudioPage(1204599)')"

2024-04-04 01:16:50,518 <requestor-worker-1:1998827, MainThread:140298684229440> (requestor.py:_fetch_single_async:216 -> requestor.py:_handle_error:100) from logger `RFC.requestor_failed`
[ERROR] Traceback (most recent call last):
  File "/remote-home/qhgao/Workspace/Projects/RFC-crawlers/RFC-dev/RFC/req/requestor.py", line 206, in _fetch_single_async
    result = await middleware.apply_async(item, result, self._session._request_lib, self._session._async_lib)
  File "/remote-home/qhgao/Workspace/Projects/RFC-crawlers/RFC-dev/RFC/req/middleware.py", line 121, in apply_async
    self._handle_error(e, item, result)
  File "/remote-home/qhgao/Workspace/Projects/RFC-crawlers/RFC-dev/RFC/req/middleware.py", line 83, in _handle_error
    raise error
  File "/remote-home/qhgao/Workspace/Projects/RFC-crawlers/RFC-dev/RFC/req/middleware.py", line 114, in apply_async
    _result = await self._apply_async(item, result, request_lib, async_lib)
  File "/remote-home/qhgao/Workspace/Projects/RFC-crawlers/RFC-dev/RFC/req/middleware.py", line 180, in _apply_async
    return self._apply_sync(item, result, request_lib)
  File "/remote-home/qhgao/Workspace/Projects/RFC-crawlers/RFC-dev/RFC/req/middleware.py", line 168, in _apply_sync
    raise ValueError(f"unexpected status code {repr(status_code)} in response of {repr(item)}")
ValueError: unexpected status code 404 in response of AudioBookAudioPage(1204599)


2024-04-04 01:17:19,304 <requestor-worker-1:1998827, MainThread:140298684229440> (requestor.py:_fetch_single_async:216 -> requestor.py:_handle_error:99) from logger `RFC.requestor_failed`
[ERROR] failed on AudioBookAudioPage(1204429).AudioBookAudioFile(1204429), caught error "['TimeoutError'] TimeoutError()"

2024-04-04 01:17:19,307 <requestor-worker-1:1998827, MainThread:140298684229440> (requestor.py:_fetch_single_async:216 -> requestor.py:_handle_error:100) from logger `RFC.requestor_failed`
[ERROR] Traceback (most recent call last):
  File "/remote-home/qhgao/Workspace/Projects/RFC-crawlers/RFC-dev/RFC/req/requestor.py", line 206, in _fetch_single_async
    result = await middleware.apply_async(item, result, self._session._request_lib, self._session._async_lib)
  File "/remote-home/qhgao/Workspace/Projects/RFC-crawlers/RFC-dev/RFC/req/middleware.py", line 121, in apply_async
    self._handle_error(e, item, result)
  File "/remote-home/qhgao/Workspace/Projects/RFC-crawlers/RFC-dev/RFC/req/middleware.py", line 83, in _handle_error
    raise error
  File "/remote-home/qhgao/Workspace/Projects/RFC-crawlers/RFC-dev/RFC/req/middleware.py", line 114, in apply_async
    _result = await self._apply_async(item, result, request_lib, async_lib)
  File "/remote-home/qhgao/Workspace/Projects/RFC-crawlers/RFC-dev/RFC/req/middleware.py", line 316, in _apply_async
    result.content = result.json if 'json' in result else await get_content_async(result.response, request_lib)  # type: ignore
  File "/remote-home/qhgao/Workspace/Projects/RFC-crawlers/RFC-dev/RFC/req/middleware_func.py", line 88, in get_content_async
    return await resp.read()
  File "/remote-home/qhgao/Workspace/Applications/anaconda3/envs/share_py310/lib/python3.10/site-packages/aiohttp/client_reqrep.py", line 1037, in read
    self._body = await self.content.read()
  File "/remote-home/qhgao/Workspace/Applications/anaconda3/envs/share_py310/lib/python3.10/site-packages/aiohttp/streams.py", line 375, in read
    block = await self.readany()
  File "/remote-home/qhgao/Workspace/Applications/anaconda3/envs/share_py310/lib/python3.10/site-packages/aiohttp/streams.py", line 397, in readany
    await self._wait("readany")
  File "/remote-home/qhgao/Workspace/Applications/anaconda3/envs/share_py310/lib/python3.10/site-packages/aiohttp/streams.py", line 303, in _wait
    with self._timer:
  File "/remote-home/qhgao/Workspace/Applications/anaconda3/envs/share_py310/lib/python3.10/site-packages/aiohttp/helpers.py", line 721, in __exit__
    raise asyncio.TimeoutError from None
asyncio.exceptions.TimeoutError


2024-04-04 01:17:21,295 <requestor-worker-1:1998827, MainThread:140298684229440> (requestor.py:_fetch_single_async:216 -> requestor.py:_handle_error:99) from logger `RFC.requestor_failed`
[ERROR] failed on AudioBookAudioPage(1204434).AudioBookAudioFile(1204434), caught error "['TimeoutError'] TimeoutError()"

2024-04-04 01:17:21,296 <requestor-worker-1:1998827, MainThread:140298684229440> (requestor.py:_fetch_single_async:216 -> requestor.py:_handle_error:100) from logger `RFC.requestor_failed`
[ERROR] Traceback (most recent call last):
  File "/remote-home/qhgao/Workspace/Projects/RFC-crawlers/RFC-dev/RFC/req/requestor.py", line 206, in _fetch_single_async
    result = await middleware.apply_async(item, result, self._session._request_lib, self._session._async_lib)
  File "/remote-home/qhgao/Workspace/Projects/RFC-crawlers/RFC-dev/RFC/req/middleware.py", line 121, in apply_async
    self._handle_error(e, item, result)
  File "/remote-home/qhgao/Workspace/Projects/RFC-crawlers/RFC-dev/RFC/req/middleware.py", line 83, in _handle_error
    raise error
  File "/remote-home/qhgao/Workspace/Projects/RFC-crawlers/RFC-dev/RFC/req/middleware.py", line 114, in apply_async
    _result = await self._apply_async(item, result, request_lib, async_lib)
  File "/remote-home/qhgao/Workspace/Projects/RFC-crawlers/RFC-dev/RFC/req/middleware.py", line 316, in _apply_async
    result.content = result.json if 'json' in result else await get_content_async(result.response, request_lib)  # type: ignore
  File "/remote-home/qhgao/Workspace/Projects/RFC-crawlers/RFC-dev/RFC/req/middleware_func.py", line 88, in get_content_async
    return await resp.read()
  File "/remote-home/qhgao/Workspace/Applications/anaconda3/envs/share_py310/lib/python3.10/site-packages/aiohttp/client_reqrep.py", line 1037, in read
    self._body = await self.content.read()
  File "/remote-home/qhgao/Workspace/Applications/anaconda3/envs/share_py310/lib/python3.10/site-packages/aiohttp/streams.py", line 375, in read
    block = await self.readany()
  File "/remote-home/qhgao/Workspace/Applications/anaconda3/envs/share_py310/lib/python3.10/site-packages/aiohttp/streams.py", line 397, in readany
    await self._wait("readany")
  File "/remote-home/qhgao/Workspace/Applications/anaconda3/envs/share_py310/lib/python3.10/site-packages/aiohttp/streams.py", line 303, in _wait
    with self._timer:
  File "/remote-home/qhgao/Workspace/Applications/anaconda3/envs/share_py310/lib/python3.10/site-packages/aiohttp/helpers.py", line 721, in __exit__
    raise asyncio.TimeoutError from None
asyncio.exceptions.TimeoutError


2024-04-04 01:17:26,297 <requestor-worker-1:1998827, MainThread:140298684229440> (requestor.py:_fetch_single_async:216 -> requestor.py:_handle_error:99) from logger `RFC.requestor_failed`
[ERROR] failed on AudioBookAudioPage(1204669).AudioBookAudioFile(1204669), caught error "['TimeoutError'] TimeoutError()"

2024-04-04 01:17:26,299 <requestor-worker-1:1998827, MainThread:140298684229440> (requestor.py:_fetch_single_async:216 -> requestor.py:_handle_error:100) from logger `RFC.requestor_failed`
[ERROR] Traceback (most recent call last):
  File "/remote-home/qhgao/Workspace/Projects/RFC-crawlers/RFC-dev/RFC/req/requestor.py", line 206, in _fetch_single_async
    result = await middleware.apply_async(item, result, self._session._request_lib, self._session._async_lib)
  File "/remote-home/qhgao/Workspace/Projects/RFC-crawlers/RFC-dev/RFC/req/middleware.py", line 121, in apply_async
    self._handle_error(e, item, result)
  File "/remote-home/qhgao/Workspace/Projects/RFC-crawlers/RFC-dev/RFC/req/middleware.py", line 83, in _handle_error
    raise error
  File "/remote-home/qhgao/Workspace/Projects/RFC-crawlers/RFC-dev/RFC/req/middleware.py", line 114, in apply_async
    _result = await self._apply_async(item, result, request_lib, async_lib)
  File "/remote-home/qhgao/Workspace/Projects/RFC-crawlers/RFC-dev/RFC/req/middleware.py", line 316, in _apply_async
    result.content = result.json if 'json' in result else await get_content_async(result.response, request_lib)  # type: ignore
  File "/remote-home/qhgao/Workspace/Projects/RFC-crawlers/RFC-dev/RFC/req/middleware_func.py", line 88, in get_content_async
    return await resp.read()
  File "/remote-home/qhgao/Workspace/Applications/anaconda3/envs/share_py310/lib/python3.10/site-packages/aiohttp/client_reqrep.py", line 1037, in read
    self._body = await self.content.read()
  File "/remote-home/qhgao/Workspace/Applications/anaconda3/envs/share_py310/lib/python3.10/site-packages/aiohttp/streams.py", line 375, in read
    block = await self.readany()
  File "/remote-home/qhgao/Workspace/Applications/anaconda3/envs/share_py310/lib/python3.10/site-packages/aiohttp/streams.py", line 397, in readany
    await self._wait("readany")
  File "/remote-home/qhgao/Workspace/Applications/anaconda3/envs/share_py310/lib/python3.10/site-packages/aiohttp/streams.py", line 303, in _wait
    with self._timer:
  File "/remote-home/qhgao/Workspace/Applications/anaconda3/envs/share_py310/lib/python3.10/site-packages/aiohttp/helpers.py", line 721, in __exit__
    raise asyncio.TimeoutError from None
asyncio.exceptions.TimeoutError


2024-04-04 01:17:28,429 <requestor-worker-1:1998827, MainThread:140298684229440> (requestor.py:_fetch_single_async:216 -> requestor.py:_handle_error:99) from logger `RFC.requestor_failed`
[ERROR] failed on AudioBookAudioPage(1204631), caught error "['ValueError'] ValueError('unexpected status code 404 in response of AudioBookAudioPage(1204631)')"

2024-04-04 01:17:28,431 <requestor-worker-1:1998827, MainThread:140298684229440> (requestor.py:_fetch_single_async:216 -> requestor.py:_handle_error:100) from logger `RFC.requestor_failed`
[ERROR] Traceback (most recent call last):
  File "/remote-home/qhgao/Workspace/Projects/RFC-crawlers/RFC-dev/RFC/req/requestor.py", line 206, in _fetch_single_async
    result = await middleware.apply_async(item, result, self._session._request_lib, self._session._async_lib)
  File "/remote-home/qhgao/Workspace/Projects/RFC-crawlers/RFC-dev/RFC/req/middleware.py", line 121, in apply_async
    self._handle_error(e, item, result)
  File "/remote-home/qhgao/Workspace/Projects/RFC-crawlers/RFC-dev/RFC/req/middleware.py", line 83, in _handle_error
    raise error
  File "/remote-home/qhgao/Workspace/Projects/RFC-crawlers/RFC-dev/RFC/req/middleware.py", line 114, in apply_async
    _result = await self._apply_async(item, result, request_lib, async_lib)
  File "/remote-home/qhgao/Workspace/Projects/RFC-crawlers/RFC-dev/RFC/req/middleware.py", line 180, in _apply_async
    return self._apply_sync(item, result, request_lib)
  File "/remote-home/qhgao/Workspace/Projects/RFC-crawlers/RFC-dev/RFC/req/middleware.py", line 168, in _apply_sync
    raise ValueError(f"unexpected status code {repr(status_code)} in response of {repr(item)}")
ValueError: unexpected status code 404 in response of AudioBookAudioPage(1204631)


2024-04-04 01:17:29,595 <requestor-worker-1:1998827, MainThread:140298684229440> (requestor.py:_fetch_single_async:216 -> requestor.py:_handle_error:99) from logger `RFC.requestor_failed`
[ERROR] failed on AudioBookAudioPage(1204633), caught error "['ValueError'] ValueError('unexpected status code 404 in response of AudioBookAudioPage(1204633)')"

2024-04-04 01:17:29,596 <requestor-worker-1:1998827, MainThread:140298684229440> (requestor.py:_fetch_single_async:216 -> requestor.py:_handle_error:100) from logger `RFC.requestor_failed`
[ERROR] Traceback (most recent call last):
  File "/remote-home/qhgao/Workspace/Projects/RFC-crawlers/RFC-dev/RFC/req/requestor.py", line 206, in _fetch_single_async
    result = await middleware.apply_async(item, result, self._session._request_lib, self._session._async_lib)
  File "/remote-home/qhgao/Workspace/Projects/RFC-crawlers/RFC-dev/RFC/req/middleware.py", line 121, in apply_async
    self._handle_error(e, item, result)
  File "/remote-home/qhgao/Workspace/Projects/RFC-crawlers/RFC-dev/RFC/req/middleware.py", line 83, in _handle_error
    raise error
  File "/remote-home/qhgao/Workspace/Projects/RFC-crawlers/RFC-dev/RFC/req/middleware.py", line 114, in apply_async
    _result = await self._apply_async(item, result, request_lib, async_lib)
  File "/remote-home/qhgao/Workspace/Projects/RFC-crawlers/RFC-dev/RFC/req/middleware.py", line 180, in _apply_async
    return self._apply_sync(item, result, request_lib)
  File "/remote-home/qhgao/Workspace/Projects/RFC-crawlers/RFC-dev/RFC/req/middleware.py", line 168, in _apply_sync
    raise ValueError(f"unexpected status code {repr(status_code)} in response of {repr(item)}")
ValueError: unexpected status code 404 in response of AudioBookAudioPage(1204633)


2024-04-04 01:17:36,175 <requestor-worker-1:1998827, MainThread:140298684229440> (requestor.py:_fetch_single_async:216 -> requestor.py:_handle_error:99) from logger `RFC.requestor_failed`
[ERROR] failed on AudioBookAudioPage(1204625), caught error "['ValueError'] ValueError('unexpected status code 404 in response of AudioBookAudioPage(1204625)')"

2024-04-04 01:17:36,178 <requestor-worker-1:1998827, MainThread:140298684229440> (requestor.py:_fetch_single_async:216 -> requestor.py:_handle_error:100) from logger `RFC.requestor_failed`
[ERROR] Traceback (most recent call last):
  File "/remote-home/qhgao/Workspace/Projects/RFC-crawlers/RFC-dev/RFC/req/requestor.py", line 206, in _fetch_single_async
    result = await middleware.apply_async(item, result, self._session._request_lib, self._session._async_lib)
  File "/remote-home/qhgao/Workspace/Projects/RFC-crawlers/RFC-dev/RFC/req/middleware.py", line 121, in apply_async
    self._handle_error(e, item, result)
  File "/remote-home/qhgao/Workspace/Projects/RFC-crawlers/RFC-dev/RFC/req/middleware.py", line 83, in _handle_error
    raise error
  File "/remote-home/qhgao/Workspace/Projects/RFC-crawlers/RFC-dev/RFC/req/middleware.py", line 114, in apply_async
    _result = await self._apply_async(item, result, request_lib, async_lib)
  File "/remote-home/qhgao/Workspace/Projects/RFC-crawlers/RFC-dev/RFC/req/middleware.py", line 180, in _apply_async
    return self._apply_sync(item, result, request_lib)
  File "/remote-home/qhgao/Workspace/Projects/RFC-crawlers/RFC-dev/RFC/req/middleware.py", line 168, in _apply_sync
    raise ValueError(f"unexpected status code {repr(status_code)} in response of {repr(item)}")
ValueError: unexpected status code 404 in response of AudioBookAudioPage(1204625)


2024-04-04 01:17:39,293 <requestor-worker-1:1998827, MainThread:140298684229440> (requestor.py:_fetch_single_async:216 -> requestor.py:_handle_error:99) from logger `RFC.requestor_failed`
[ERROR] failed on AudioBookAudioPage(1204484).AudioBookAudioFile(1204484), caught error "['TimeoutError'] TimeoutError()"

2024-04-04 01:17:39,294 <requestor-worker-1:1998827, MainThread:140298684229440> (requestor.py:_fetch_single_async:216 -> requestor.py:_handle_error:100) from logger `RFC.requestor_failed`
[ERROR] Traceback (most recent call last):
  File "/remote-home/qhgao/Workspace/Projects/RFC-crawlers/RFC-dev/RFC/req/requestor.py", line 206, in _fetch_single_async
    result = await middleware.apply_async(item, result, self._session._request_lib, self._session._async_lib)
  File "/remote-home/qhgao/Workspace/Projects/RFC-crawlers/RFC-dev/RFC/req/middleware.py", line 121, in apply_async
    self._handle_error(e, item, result)
  File "/remote-home/qhgao/Workspace/Projects/RFC-crawlers/RFC-dev/RFC/req/middleware.py", line 83, in _handle_error
    raise error
  File "/remote-home/qhgao/Workspace/Projects/RFC-crawlers/RFC-dev/RFC/req/middleware.py", line 114, in apply_async
    _result = await self._apply_async(item, result, request_lib, async_lib)
  File "/remote-home/qhgao/Workspace/Projects/RFC-crawlers/RFC-dev/RFC/req/middleware.py", line 316, in _apply_async
    result.content = result.json if 'json' in result else await get_content_async(result.response, request_lib)  # type: ignore
  File "/remote-home/qhgao/Workspace/Projects/RFC-crawlers/RFC-dev/RFC/req/middleware_func.py", line 88, in get_content_async
    return await resp.read()
  File "/remote-home/qhgao/Workspace/Applications/anaconda3/envs/share_py310/lib/python3.10/site-packages/aiohttp/client_reqrep.py", line 1037, in read
    self._body = await self.content.read()
  File "/remote-home/qhgao/Workspace/Applications/anaconda3/envs/share_py310/lib/python3.10/site-packages/aiohttp/streams.py", line 375, in read
    block = await self.readany()
  File "/remote-home/qhgao/Workspace/Applications/anaconda3/envs/share_py310/lib/python3.10/site-packages/aiohttp/streams.py", line 397, in readany
    await self._wait("readany")
  File "/remote-home/qhgao/Workspace/Applications/anaconda3/envs/share_py310/lib/python3.10/site-packages/aiohttp/streams.py", line 303, in _wait
    with self._timer:
  File "/remote-home/qhgao/Workspace/Applications/anaconda3/envs/share_py310/lib/python3.10/site-packages/aiohttp/helpers.py", line 721, in __exit__
    raise asyncio.TimeoutError from None
asyncio.exceptions.TimeoutError


2024-04-04 01:17:42,300 <requestor-worker-1:1998827, MainThread:140298684229440> (requestor.py:_fetch_single_async:216 -> requestor.py:_handle_error:99) from logger `RFC.requestor_failed`
[ERROR] failed on AudioBookAudioPage(1204486).AudioBookAudioFile(1204486), caught error "['TimeoutError'] TimeoutError()"

2024-04-04 01:17:42,301 <requestor-worker-1:1998827, MainThread:140298684229440> (requestor.py:_fetch_single_async:216 -> requestor.py:_handle_error:100) from logger `RFC.requestor_failed`
[ERROR] Traceback (most recent call last):
  File "/remote-home/qhgao/Workspace/Projects/RFC-crawlers/RFC-dev/RFC/req/requestor.py", line 206, in _fetch_single_async
    result = await middleware.apply_async(item, result, self._session._request_lib, self._session._async_lib)
  File "/remote-home/qhgao/Workspace/Projects/RFC-crawlers/RFC-dev/RFC/req/middleware.py", line 121, in apply_async
    self._handle_error(e, item, result)
  File "/remote-home/qhgao/Workspace/Projects/RFC-crawlers/RFC-dev/RFC/req/middleware.py", line 83, in _handle_error
    raise error
  File "/remote-home/qhgao/Workspace/Projects/RFC-crawlers/RFC-dev/RFC/req/middleware.py", line 114, in apply_async
    _result = await self._apply_async(item, result, request_lib, async_lib)
  File "/remote-home/qhgao/Workspace/Projects/RFC-crawlers/RFC-dev/RFC/req/middleware.py", line 316, in _apply_async
    result.content = result.json if 'json' in result else await get_content_async(result.response, request_lib)  # type: ignore
  File "/remote-home/qhgao/Workspace/Projects/RFC-crawlers/RFC-dev/RFC/req/middleware_func.py", line 88, in get_content_async
    return await resp.read()
  File "/remote-home/qhgao/Workspace/Applications/anaconda3/envs/share_py310/lib/python3.10/site-packages/aiohttp/client_reqrep.py", line 1037, in read
    self._body = await self.content.read()
  File "/remote-home/qhgao/Workspace/Applications/anaconda3/envs/share_py310/lib/python3.10/site-packages/aiohttp/streams.py", line 375, in read
    block = await self.readany()
  File "/remote-home/qhgao/Workspace/Applications/anaconda3/envs/share_py310/lib/python3.10/site-packages/aiohttp/streams.py", line 397, in readany
    await self._wait("readany")
  File "/remote-home/qhgao/Workspace/Applications/anaconda3/envs/share_py310/lib/python3.10/site-packages/aiohttp/streams.py", line 303, in _wait
    with self._timer:
  File "/remote-home/qhgao/Workspace/Applications/anaconda3/envs/share_py310/lib/python3.10/site-packages/aiohttp/helpers.py", line 721, in __exit__
    raise asyncio.TimeoutError from None
asyncio.exceptions.TimeoutError


2024-04-04 01:17:49,297 <requestor-worker-1:1998827, MainThread:140298684229440> (requestor.py:_fetch_single_async:216 -> requestor.py:_handle_error:99) from logger `RFC.requestor_failed`
[ERROR] failed on AudioBookAudioPage(1204487).AudioBookAudioFile(1204487), caught error "['TimeoutError'] TimeoutError()"

2024-04-04 01:17:49,300 <requestor-worker-1:1998827, MainThread:140298684229440> (requestor.py:_fetch_single_async:216 -> requestor.py:_handle_error:100) from logger `RFC.requestor_failed`
[ERROR] Traceback (most recent call last):
  File "/remote-home/qhgao/Workspace/Projects/RFC-crawlers/RFC-dev/RFC/req/requestor.py", line 206, in _fetch_single_async
    result = await middleware.apply_async(item, result, self._session._request_lib, self._session._async_lib)
  File "/remote-home/qhgao/Workspace/Projects/RFC-crawlers/RFC-dev/RFC/req/middleware.py", line 121, in apply_async
    self._handle_error(e, item, result)
  File "/remote-home/qhgao/Workspace/Projects/RFC-crawlers/RFC-dev/RFC/req/middleware.py", line 83, in _handle_error
    raise error
  File "/remote-home/qhgao/Workspace/Projects/RFC-crawlers/RFC-dev/RFC/req/middleware.py", line 114, in apply_async
    _result = await self._apply_async(item, result, request_lib, async_lib)
  File "/remote-home/qhgao/Workspace/Projects/RFC-crawlers/RFC-dev/RFC/req/middleware.py", line 316, in _apply_async
    result.content = result.json if 'json' in result else await get_content_async(result.response, request_lib)  # type: ignore
  File "/remote-home/qhgao/Workspace/Projects/RFC-crawlers/RFC-dev/RFC/req/middleware_func.py", line 88, in get_content_async
    return await resp.read()
  File "/remote-home/qhgao/Workspace/Applications/anaconda3/envs/share_py310/lib/python3.10/site-packages/aiohttp/client_reqrep.py", line 1037, in read
    self._body = await self.content.read()
  File "/remote-home/qhgao/Workspace/Applications/anaconda3/envs/share_py310/lib/python3.10/site-packages/aiohttp/streams.py", line 375, in read
    block = await self.readany()
  File "/remote-home/qhgao/Workspace/Applications/anaconda3/envs/share_py310/lib/python3.10/site-packages/aiohttp/streams.py", line 397, in readany
    await self._wait("readany")
  File "/remote-home/qhgao/Workspace/Applications/anaconda3/envs/share_py310/lib/python3.10/site-packages/aiohttp/streams.py", line 303, in _wait
    with self._timer:
  File "/remote-home/qhgao/Workspace/Applications/anaconda3/envs/share_py310/lib/python3.10/site-packages/aiohttp/helpers.py", line 721, in __exit__
    raise asyncio.TimeoutError from None
asyncio.exceptions.TimeoutError


2024-04-04 01:18:03,306 <requestor-worker-1:1998827, MainThread:140298684229440> (requestor.py:_fetch_single_async:216 -> requestor.py:_handle_error:99) from logger `RFC.requestor_failed`
[ERROR] failed on AudioBookAudioPage(1204658), caught error "['TimeoutError'] TimeoutError()"

2024-04-04 01:18:03,308 <requestor-worker-1:1998827, MainThread:140298684229440> (requestor.py:_fetch_single_async:216 -> requestor.py:_handle_error:100) from logger `RFC.requestor_failed`
[ERROR] Traceback (most recent call last):
  File "/remote-home/qhgao/Workspace/Projects/RFC-crawlers/RFC-dev/RFC/req/requestor.py", line 199, in _fetch_single_async
    resp = await self._session.request(item)
  File "/remote-home/qhgao/Workspace/Projects/RFC-crawlers/RFC-dev/RFC/req/session.py", line 320, in request
    return await self._session.request(**request_args)
  File "/remote-home/qhgao/Workspace/Applications/anaconda3/envs/share_py310/lib/python3.10/site-packages/aiohttp/client.py", line 560, in _request
    await resp.start(conn)
  File "/remote-home/qhgao/Workspace/Applications/anaconda3/envs/share_py310/lib/python3.10/site-packages/aiohttp/client_reqrep.py", line 894, in start
    with self._timer:
  File "/remote-home/qhgao/Workspace/Applications/anaconda3/envs/share_py310/lib/python3.10/site-packages/aiohttp/helpers.py", line 721, in __exit__
    raise asyncio.TimeoutError from None
asyncio.exceptions.TimeoutError


2024-04-04 01:18:43,822 <requestor-worker-1:1998827, MainThread:140298684229440> (requestor.py:_fetch_single_async:216 -> requestor.py:_handle_error:99) from logger `RFC.requestor_failed`
[ERROR] failed on AudioBookAudioPage(1204688).AudioBookAudioFile(1204688), caught error "['ClientConnectorError'] ClientConnectorError(ConnectionKey(host='cf-audiostock-public-files.audiostock.jp', port=443, is_ssl=True, ssl=None, proxy=URL('http://D6FL1CJ8:9FC1ADB88090@121.205.229.12:20016'), proxy_auth=None, proxy_headers_hash=3596914186224771974), ConnectionAbortedError('SSL handshake is taking longer than 60 seconds: aborting the connection'))"

2024-04-04 01:18:43,824 <requestor-worker-1:1998827, MainThread:140298684229440> (requestor.py:_fetch_single_async:216 -> requestor.py:_handle_error:100) from logger `RFC.requestor_failed`
[ERROR] Traceback (most recent call last):
  File "/remote-home/qhgao/Workspace/Applications/anaconda3/envs/share_py310/lib/python3.10/site-packages/aiohttp/connector.py", line 1091, in _start_tls_connection
    tls_transport = await self._loop.start_tls(
  File "/remote-home/qhgao/Workspace/Applications/anaconda3/envs/share_py310/lib/python3.10/asyncio/base_events.py", line 1239, in start_tls
    await waiter
ConnectionAbortedError: SSL handshake is taking longer than 60 seconds: aborting the connection

The above exception was the direct cause of the following exception:

Traceback (most recent call last):
  File "/remote-home/qhgao/Workspace/Projects/RFC-crawlers/RFC-dev/RFC/req/requestor.py", line 199, in _fetch_single_async
    resp = await self._session.request(item)
  File "/remote-home/qhgao/Workspace/Projects/RFC-crawlers/RFC-dev/RFC/req/session.py", line 320, in request
    return await self._session.request(**request_args)
  File "/remote-home/qhgao/Workspace/Applications/anaconda3/envs/share_py310/lib/python3.10/site-packages/aiohttp/client.py", line 536, in _request
    conn = await self._connector.connect(
  File "/remote-home/qhgao/Workspace/Applications/anaconda3/envs/share_py310/lib/python3.10/site-packages/aiohttp/connector.py", line 540, in connect
    proto = await self._create_connection(req, traces, timeout)
  File "/remote-home/qhgao/Workspace/Applications/anaconda3/envs/share_py310/lib/python3.10/site-packages/aiohttp/connector.py", line 899, in _create_connection
    _, proto = await self._create_proxy_connection(req, traces, timeout)
  File "/remote-home/qhgao/Workspace/Applications/anaconda3/envs/share_py310/lib/python3.10/site-packages/aiohttp/connector.py", line 1325, in _create_proxy_connection
    return await self._start_tls_connection(
  File "/remote-home/qhgao/Workspace/Applications/anaconda3/envs/share_py310/lib/python3.10/site-packages/aiohttp/connector.py", line 1111, in _start_tls_connection
    raise client_error(req.connection_key, exc) from exc
aiohttp.client_exceptions.ClientConnectorError: Cannot connect to host cf-audiostock-public-files.audiostock.jp:443 ssl:default [None]


2024-04-04 01:18:47,569 <requestor-worker-1:1998827, MainThread:140298684229440> (requestor.py:_fetch_single_async:216 -> requestor.py:_handle_error:99) from logger `RFC.requestor_failed`
[ERROR] failed on AudioBookAudioPage(1204716), caught error "['ValueError'] ValueError('unexpected status code 404 in response of AudioBookAudioPage(1204716)')"

2024-04-04 01:18:47,571 <requestor-worker-1:1998827, MainThread:140298684229440> (requestor.py:_fetch_single_async:216 -> requestor.py:_handle_error:100) from logger `RFC.requestor_failed`
[ERROR] Traceback (most recent call last):
  File "/remote-home/qhgao/Workspace/Projects/RFC-crawlers/RFC-dev/RFC/req/requestor.py", line 206, in _fetch_single_async
    result = await middleware.apply_async(item, result, self._session._request_lib, self._session._async_lib)
  File "/remote-home/qhgao/Workspace/Projects/RFC-crawlers/RFC-dev/RFC/req/middleware.py", line 121, in apply_async
    self._handle_error(e, item, result)
  File "/remote-home/qhgao/Workspace/Projects/RFC-crawlers/RFC-dev/RFC/req/middleware.py", line 83, in _handle_error
    raise error
  File "/remote-home/qhgao/Workspace/Projects/RFC-crawlers/RFC-dev/RFC/req/middleware.py", line 114, in apply_async
    _result = await self._apply_async(item, result, request_lib, async_lib)
  File "/remote-home/qhgao/Workspace/Projects/RFC-crawlers/RFC-dev/RFC/req/middleware.py", line 180, in _apply_async
    return self._apply_sync(item, result, request_lib)
  File "/remote-home/qhgao/Workspace/Projects/RFC-crawlers/RFC-dev/RFC/req/middleware.py", line 168, in _apply_sync
    raise ValueError(f"unexpected status code {repr(status_code)} in response of {repr(item)}")
ValueError: unexpected status code 404 in response of AudioBookAudioPage(1204716)


2024-04-04 01:18:52,102 <requestor-worker-1:1998827, MainThread:140298684229440> (requestor.py:_fetch_single_async:216 -> requestor.py:_handle_error:99) from logger `RFC.requestor_failed`
[ERROR] failed on AudioBookAudioPage(1204720), caught error "['ValueError'] ValueError('unexpected status code 404 in response of AudioBookAudioPage(1204720)')"

2024-04-04 01:18:52,105 <requestor-worker-1:1998827, MainThread:140298684229440> (requestor.py:_fetch_single_async:216 -> requestor.py:_handle_error:100) from logger `RFC.requestor_failed`
[ERROR] Traceback (most recent call last):
  File "/remote-home/qhgao/Workspace/Projects/RFC-crawlers/RFC-dev/RFC/req/requestor.py", line 206, in _fetch_single_async
    result = await middleware.apply_async(item, result, self._session._request_lib, self._session._async_lib)
  File "/remote-home/qhgao/Workspace/Projects/RFC-crawlers/RFC-dev/RFC/req/middleware.py", line 121, in apply_async
    self._handle_error(e, item, result)
  File "/remote-home/qhgao/Workspace/Projects/RFC-crawlers/RFC-dev/RFC/req/middleware.py", line 83, in _handle_error
    raise error
  File "/remote-home/qhgao/Workspace/Projects/RFC-crawlers/RFC-dev/RFC/req/middleware.py", line 114, in apply_async
    _result = await self._apply_async(item, result, request_lib, async_lib)
  File "/remote-home/qhgao/Workspace/Projects/RFC-crawlers/RFC-dev/RFC/req/middleware.py", line 180, in _apply_async
    return self._apply_sync(item, result, request_lib)
  File "/remote-home/qhgao/Workspace/Projects/RFC-crawlers/RFC-dev/RFC/req/middleware.py", line 168, in _apply_sync
    raise ValueError(f"unexpected status code {repr(status_code)} in response of {repr(item)}")
ValueError: unexpected status code 404 in response of AudioBookAudioPage(1204720)


2024-04-04 01:19:36,298 <requestor-worker-1:1998827, MainThread:140298684229440> (requestor.py:_fetch_single_async:216 -> requestor.py:_handle_error:99) from logger `RFC.requestor_failed`
[ERROR] failed on AudioBookAudioPage(1204558).AudioBookAudioFile(1204558), caught error "['TimeoutError'] TimeoutError()"

2024-04-04 01:19:36,301 <requestor-worker-1:1998827, MainThread:140298684229440> (requestor.py:_fetch_single_async:216 -> requestor.py:_handle_error:100) from logger `RFC.requestor_failed`
[ERROR] Traceback (most recent call last):
  File "/remote-home/qhgao/Workspace/Projects/RFC-crawlers/RFC-dev/RFC/req/requestor.py", line 206, in _fetch_single_async
    result = await middleware.apply_async(item, result, self._session._request_lib, self._session._async_lib)
  File "/remote-home/qhgao/Workspace/Projects/RFC-crawlers/RFC-dev/RFC/req/middleware.py", line 121, in apply_async
    self._handle_error(e, item, result)
  File "/remote-home/qhgao/Workspace/Projects/RFC-crawlers/RFC-dev/RFC/req/middleware.py", line 83, in _handle_error
    raise error
  File "/remote-home/qhgao/Workspace/Projects/RFC-crawlers/RFC-dev/RFC/req/middleware.py", line 114, in apply_async
    _result = await self._apply_async(item, result, request_lib, async_lib)
  File "/remote-home/qhgao/Workspace/Projects/RFC-crawlers/RFC-dev/RFC/req/middleware.py", line 316, in _apply_async
    result.content = result.json if 'json' in result else await get_content_async(result.response, request_lib)  # type: ignore
  File "/remote-home/qhgao/Workspace/Projects/RFC-crawlers/RFC-dev/RFC/req/middleware_func.py", line 88, in get_content_async
    return await resp.read()
  File "/remote-home/qhgao/Workspace/Applications/anaconda3/envs/share_py310/lib/python3.10/site-packages/aiohttp/client_reqrep.py", line 1037, in read
    self._body = await self.content.read()
  File "/remote-home/qhgao/Workspace/Applications/anaconda3/envs/share_py310/lib/python3.10/site-packages/aiohttp/streams.py", line 375, in read
    block = await self.readany()
  File "/remote-home/qhgao/Workspace/Applications/anaconda3/envs/share_py310/lib/python3.10/site-packages/aiohttp/streams.py", line 397, in readany
    await self._wait("readany")
  File "/remote-home/qhgao/Workspace/Applications/anaconda3/envs/share_py310/lib/python3.10/site-packages/aiohttp/streams.py", line 303, in _wait
    with self._timer:
  File "/remote-home/qhgao/Workspace/Applications/anaconda3/envs/share_py310/lib/python3.10/site-packages/aiohttp/helpers.py", line 721, in __exit__
    raise asyncio.TimeoutError from None
asyncio.exceptions.TimeoutError


2024-04-04 01:20:02,413 <requestor-worker-1:1998827, MainThread:140298684229440> (requestor.py:_fetch_single_async:216 -> requestor.py:_handle_error:99) from logger `RFC.requestor_failed`
[ERROR] failed on AudioBookAudioPage(1204774), caught error "['ClientConnectorError'] ClientConnectorError(ConnectionKey(host='audiostock.jp', port=443, is_ssl=True, ssl=None, proxy=URL('http://D6FL1CJ8:9FC1ADB88090@115.213.145.163:42958'), proxy_auth=None, proxy_headers_hash=5374761174559840771), ConnectionAbortedError('SSL handshake is taking longer than 20 seconds: aborting the connection'))"

2024-04-04 01:20:02,414 <requestor-worker-1:1998827, MainThread:140298684229440> (requestor.py:_fetch_single_async:216 -> requestor.py:_handle_error:100) from logger `RFC.requestor_failed`
[ERROR] Traceback (most recent call last):
  File "/remote-home/qhgao/Workspace/Applications/anaconda3/envs/share_py310/lib/python3.10/site-packages/aiohttp/connector.py", line 1091, in _start_tls_connection
    tls_transport = await self._loop.start_tls(
  File "/remote-home/qhgao/Workspace/Applications/anaconda3/envs/share_py310/lib/python3.10/asyncio/base_events.py", line 1239, in start_tls
    await waiter
ConnectionAbortedError: SSL handshake is taking longer than 20 seconds: aborting the connection

The above exception was the direct cause of the following exception:

Traceback (most recent call last):
  File "/remote-home/qhgao/Workspace/Projects/RFC-crawlers/RFC-dev/RFC/req/requestor.py", line 199, in _fetch_single_async
    resp = await self._session.request(item)
  File "/remote-home/qhgao/Workspace/Projects/RFC-crawlers/RFC-dev/RFC/req/session.py", line 320, in request
    return await self._session.request(**request_args)
  File "/remote-home/qhgao/Workspace/Applications/anaconda3/envs/share_py310/lib/python3.10/site-packages/aiohttp/client.py", line 536, in _request
    conn = await self._connector.connect(
  File "/remote-home/qhgao/Workspace/Applications/anaconda3/envs/share_py310/lib/python3.10/site-packages/aiohttp/connector.py", line 540, in connect
    proto = await self._create_connection(req, traces, timeout)
  File "/remote-home/qhgao/Workspace/Applications/anaconda3/envs/share_py310/lib/python3.10/site-packages/aiohttp/connector.py", line 899, in _create_connection
    _, proto = await self._create_proxy_connection(req, traces, timeout)
  File "/remote-home/qhgao/Workspace/Applications/anaconda3/envs/share_py310/lib/python3.10/site-packages/aiohttp/connector.py", line 1325, in _create_proxy_connection
    return await self._start_tls_connection(
  File "/remote-home/qhgao/Workspace/Applications/anaconda3/envs/share_py310/lib/python3.10/site-packages/aiohttp/connector.py", line 1111, in _start_tls_connection
    raise client_error(req.connection_key, exc) from exc
aiohttp.client_exceptions.ClientConnectorError: Cannot connect to host audiostock.jp:443 ssl:default [None]


2024-04-04 01:20:02,824 <requestor-worker-1:1998827, MainThread:140298684229440> (requestor.py:_fetch_single_async:216 -> requestor.py:_handle_error:99) from logger `RFC.requestor_failed`
[ERROR] failed on AudioBookAudioPage(1204801), caught error "['ValueError'] ValueError('unexpected status code 404 in response of AudioBookAudioPage(1204801)')"

2024-04-04 01:20:02,825 <requestor-worker-1:1998827, MainThread:140298684229440> (requestor.py:_fetch_single_async:216 -> requestor.py:_handle_error:100) from logger `RFC.requestor_failed`
[ERROR] Traceback (most recent call last):
  File "/remote-home/qhgao/Workspace/Projects/RFC-crawlers/RFC-dev/RFC/req/requestor.py", line 206, in _fetch_single_async
    result = await middleware.apply_async(item, result, self._session._request_lib, self._session._async_lib)
  File "/remote-home/qhgao/Workspace/Projects/RFC-crawlers/RFC-dev/RFC/req/middleware.py", line 121, in apply_async
    self._handle_error(e, item, result)
  File "/remote-home/qhgao/Workspace/Projects/RFC-crawlers/RFC-dev/RFC/req/middleware.py", line 83, in _handle_error
    raise error
  File "/remote-home/qhgao/Workspace/Projects/RFC-crawlers/RFC-dev/RFC/req/middleware.py", line 114, in apply_async
    _result = await self._apply_async(item, result, request_lib, async_lib)
  File "/remote-home/qhgao/Workspace/Projects/RFC-crawlers/RFC-dev/RFC/req/middleware.py", line 180, in _apply_async
    return self._apply_sync(item, result, request_lib)
  File "/remote-home/qhgao/Workspace/Projects/RFC-crawlers/RFC-dev/RFC/req/middleware.py", line 168, in _apply_sync
    raise ValueError(f"unexpected status code {repr(status_code)} in response of {repr(item)}")
ValueError: unexpected status code 404 in response of AudioBookAudioPage(1204801)


2024-04-04 01:20:19,469 <requestor-worker-1:1998827, MainThread:140298684229440> (requestor.py:_fetch_single_async:216 -> requestor.py:_handle_error:99) from logger `RFC.requestor_failed`
[ERROR] failed on AudioBookAudioPage(1204813), caught error "['ValueError'] ValueError('unexpected status code 404 in response of AudioBookAudioPage(1204813)')"

2024-04-04 01:20:19,471 <requestor-worker-1:1998827, MainThread:140298684229440> (requestor.py:_fetch_single_async:216 -> requestor.py:_handle_error:100) from logger `RFC.requestor_failed`
[ERROR] Traceback (most recent call last):
  File "/remote-home/qhgao/Workspace/Projects/RFC-crawlers/RFC-dev/RFC/req/requestor.py", line 206, in _fetch_single_async
    result = await middleware.apply_async(item, result, self._session._request_lib, self._session._async_lib)
  File "/remote-home/qhgao/Workspace/Projects/RFC-crawlers/RFC-dev/RFC/req/middleware.py", line 121, in apply_async
    self._handle_error(e, item, result)
  File "/remote-home/qhgao/Workspace/Projects/RFC-crawlers/RFC-dev/RFC/req/middleware.py", line 83, in _handle_error
    raise error
  File "/remote-home/qhgao/Workspace/Projects/RFC-crawlers/RFC-dev/RFC/req/middleware.py", line 114, in apply_async
    _result = await self._apply_async(item, result, request_lib, async_lib)
  File "/remote-home/qhgao/Workspace/Projects/RFC-crawlers/RFC-dev/RFC/req/middleware.py", line 180, in _apply_async
    return self._apply_sync(item, result, request_lib)
  File "/remote-home/qhgao/Workspace/Projects/RFC-crawlers/RFC-dev/RFC/req/middleware.py", line 168, in _apply_sync
    raise ValueError(f"unexpected status code {repr(status_code)} in response of {repr(item)}")
ValueError: unexpected status code 404 in response of AudioBookAudioPage(1204813)


2024-04-04 01:20:40,401 <requestor-worker-1:1998827, MainThread:140298684229440> (requestor.py:_fetch_single_async:216 -> requestor.py:_handle_error:99) from logger `RFC.requestor_failed`
[ERROR] failed on AudioBookAudioPage(1204826), caught error "['TimeoutError'] TimeoutError()"

2024-04-04 01:20:40,402 <requestor-worker-1:1998827, MainThread:140298684229440> (requestor.py:_fetch_single_async:216 -> requestor.py:_handle_error:100) from logger `RFC.requestor_failed`
[ERROR] Traceback (most recent call last):
  File "/remote-home/qhgao/Workspace/Projects/RFC-crawlers/RFC-dev/RFC/req/requestor.py", line 199, in _fetch_single_async
    resp = await self._session.request(item)
  File "/remote-home/qhgao/Workspace/Projects/RFC-crawlers/RFC-dev/RFC/req/session.py", line 320, in request
    return await self._session.request(**request_args)
  File "/remote-home/qhgao/Workspace/Applications/anaconda3/envs/share_py310/lib/python3.10/site-packages/aiohttp/client.py", line 560, in _request
    await resp.start(conn)
  File "/remote-home/qhgao/Workspace/Applications/anaconda3/envs/share_py310/lib/python3.10/site-packages/aiohttp/client_reqrep.py", line 894, in start
    with self._timer:
  File "/remote-home/qhgao/Workspace/Applications/anaconda3/envs/share_py310/lib/python3.10/site-packages/aiohttp/helpers.py", line 721, in __exit__
    raise asyncio.TimeoutError from None
asyncio.exceptions.TimeoutError


2024-04-04 01:20:44,162 <requestor-worker-1:1998827, MainThread:140298684229440> (requestor.py:_fetch_single_async:216 -> requestor.py:_handle_error:99) from logger `RFC.requestor_failed`
[ERROR] failed on AudioBookAudioPage(1204866), caught error "['ValueError'] ValueError('unexpected status code 404 in response of AudioBookAudioPage(1204866)')"

2024-04-04 01:20:44,163 <requestor-worker-1:1998827, MainThread:140298684229440> (requestor.py:_fetch_single_async:216 -> requestor.py:_handle_error:100) from logger `RFC.requestor_failed`
[ERROR] Traceback (most recent call last):
  File "/remote-home/qhgao/Workspace/Projects/RFC-crawlers/RFC-dev/RFC/req/requestor.py", line 206, in _fetch_single_async
    result = await middleware.apply_async(item, result, self._session._request_lib, self._session._async_lib)
  File "/remote-home/qhgao/Workspace/Projects/RFC-crawlers/RFC-dev/RFC/req/middleware.py", line 121, in apply_async
    self._handle_error(e, item, result)
  File "/remote-home/qhgao/Workspace/Projects/RFC-crawlers/RFC-dev/RFC/req/middleware.py", line 83, in _handle_error
    raise error
  File "/remote-home/qhgao/Workspace/Projects/RFC-crawlers/RFC-dev/RFC/req/middleware.py", line 114, in apply_async
    _result = await self._apply_async(item, result, request_lib, async_lib)
  File "/remote-home/qhgao/Workspace/Projects/RFC-crawlers/RFC-dev/RFC/req/middleware.py", line 180, in _apply_async
    return self._apply_sync(item, result, request_lib)
  File "/remote-home/qhgao/Workspace/Projects/RFC-crawlers/RFC-dev/RFC/req/middleware.py", line 168, in _apply_sync
    raise ValueError(f"unexpected status code {repr(status_code)} in response of {repr(item)}")
ValueError: unexpected status code 404 in response of AudioBookAudioPage(1204866)


2024-04-04 01:21:08,739 <requestor-worker-1:1998827, MainThread:140298684229440> (requestor.py:_fetch_single_async:216 -> requestor.py:_handle_error:99) from logger `RFC.requestor_failed`
[ERROR] failed on AudioBookAudioPage(1204911), caught error "['ValueError'] ValueError('unexpected status code 404 in response of AudioBookAudioPage(1204911)')"

2024-04-04 01:21:08,742 <requestor-worker-1:1998827, MainThread:140298684229440> (requestor.py:_fetch_single_async:216 -> requestor.py:_handle_error:100) from logger `RFC.requestor_failed`
[ERROR] Traceback (most recent call last):
  File "/remote-home/qhgao/Workspace/Projects/RFC-crawlers/RFC-dev/RFC/req/requestor.py", line 206, in _fetch_single_async
    result = await middleware.apply_async(item, result, self._session._request_lib, self._session._async_lib)
  File "/remote-home/qhgao/Workspace/Projects/RFC-crawlers/RFC-dev/RFC/req/middleware.py", line 121, in apply_async
    self._handle_error(e, item, result)
  File "/remote-home/qhgao/Workspace/Projects/RFC-crawlers/RFC-dev/RFC/req/middleware.py", line 83, in _handle_error
    raise error
  File "/remote-home/qhgao/Workspace/Projects/RFC-crawlers/RFC-dev/RFC/req/middleware.py", line 114, in apply_async
    _result = await self._apply_async(item, result, request_lib, async_lib)
  File "/remote-home/qhgao/Workspace/Projects/RFC-crawlers/RFC-dev/RFC/req/middleware.py", line 180, in _apply_async
    return self._apply_sync(item, result, request_lib)
  File "/remote-home/qhgao/Workspace/Projects/RFC-crawlers/RFC-dev/RFC/req/middleware.py", line 168, in _apply_sync
    raise ValueError(f"unexpected status code {repr(status_code)} in response of {repr(item)}")
ValueError: unexpected status code 404 in response of AudioBookAudioPage(1204911)


2024-04-04 01:21:58,497 <requestor-worker-1:1998827, MainThread:140298684229440> (requestor.py:_fetch_single_async:216 -> requestor.py:_handle_error:99) from logger `RFC.requestor_failed`
[ERROR] failed on AudioBookAudioPage(1204670).AudioBookAudioFile(1204670), caught error "['TimeoutError'] TimeoutError()"

2024-04-04 01:21:58,500 <requestor-worker-1:1998827, MainThread:140298684229440> (requestor.py:_fetch_single_async:216 -> requestor.py:_handle_error:100) from logger `RFC.requestor_failed`
[ERROR] Traceback (most recent call last):
  File "/remote-home/qhgao/Workspace/Projects/RFC-crawlers/RFC-dev/RFC/req/requestor.py", line 206, in _fetch_single_async
    result = await middleware.apply_async(item, result, self._session._request_lib, self._session._async_lib)
  File "/remote-home/qhgao/Workspace/Projects/RFC-crawlers/RFC-dev/RFC/req/middleware.py", line 121, in apply_async
    self._handle_error(e, item, result)
  File "/remote-home/qhgao/Workspace/Projects/RFC-crawlers/RFC-dev/RFC/req/middleware.py", line 83, in _handle_error
    raise error
  File "/remote-home/qhgao/Workspace/Projects/RFC-crawlers/RFC-dev/RFC/req/middleware.py", line 114, in apply_async
    _result = await self._apply_async(item, result, request_lib, async_lib)
  File "/remote-home/qhgao/Workspace/Projects/RFC-crawlers/RFC-dev/RFC/req/middleware.py", line 316, in _apply_async
    result.content = result.json if 'json' in result else await get_content_async(result.response, request_lib)  # type: ignore
  File "/remote-home/qhgao/Workspace/Projects/RFC-crawlers/RFC-dev/RFC/req/middleware_func.py", line 88, in get_content_async
    return await resp.read()
  File "/remote-home/qhgao/Workspace/Applications/anaconda3/envs/share_py310/lib/python3.10/site-packages/aiohttp/client_reqrep.py", line 1037, in read
    self._body = await self.content.read()
  File "/remote-home/qhgao/Workspace/Applications/anaconda3/envs/share_py310/lib/python3.10/site-packages/aiohttp/streams.py", line 375, in read
    block = await self.readany()
  File "/remote-home/qhgao/Workspace/Applications/anaconda3/envs/share_py310/lib/python3.10/site-packages/aiohttp/streams.py", line 397, in readany
    await self._wait("readany")
  File "/remote-home/qhgao/Workspace/Applications/anaconda3/envs/share_py310/lib/python3.10/site-packages/aiohttp/streams.py", line 303, in _wait
    with self._timer:
  File "/remote-home/qhgao/Workspace/Applications/anaconda3/envs/share_py310/lib/python3.10/site-packages/aiohttp/helpers.py", line 721, in __exit__
    raise asyncio.TimeoutError from None
asyncio.exceptions.TimeoutError


2024-04-04 01:22:10,297 <requestor-worker-1:1998827, MainThread:140298684229440> (requestor.py:_fetch_single_async:216 -> requestor.py:_handle_error:99) from logger `RFC.requestor_failed`
[ERROR] failed on AudioBookAudioPage(1204676).AudioBookAudioFile(1204676), caught error "['TimeoutError'] TimeoutError()"

2024-04-04 01:22:10,299 <requestor-worker-1:1998827, MainThread:140298684229440> (requestor.py:_fetch_single_async:216 -> requestor.py:_handle_error:100) from logger `RFC.requestor_failed`
[ERROR] Traceback (most recent call last):
  File "/remote-home/qhgao/Workspace/Projects/RFC-crawlers/RFC-dev/RFC/req/requestor.py", line 206, in _fetch_single_async
    result = await middleware.apply_async(item, result, self._session._request_lib, self._session._async_lib)
  File "/remote-home/qhgao/Workspace/Projects/RFC-crawlers/RFC-dev/RFC/req/middleware.py", line 121, in apply_async
    self._handle_error(e, item, result)
  File "/remote-home/qhgao/Workspace/Projects/RFC-crawlers/RFC-dev/RFC/req/middleware.py", line 83, in _handle_error
    raise error
  File "/remote-home/qhgao/Workspace/Projects/RFC-crawlers/RFC-dev/RFC/req/middleware.py", line 114, in apply_async
    _result = await self._apply_async(item, result, request_lib, async_lib)
  File "/remote-home/qhgao/Workspace/Projects/RFC-crawlers/RFC-dev/RFC/req/middleware.py", line 316, in _apply_async
    result.content = result.json if 'json' in result else await get_content_async(result.response, request_lib)  # type: ignore
  File "/remote-home/qhgao/Workspace/Projects/RFC-crawlers/RFC-dev/RFC/req/middleware_func.py", line 88, in get_content_async
    return await resp.read()
  File "/remote-home/qhgao/Workspace/Applications/anaconda3/envs/share_py310/lib/python3.10/site-packages/aiohttp/client_reqrep.py", line 1037, in read
    self._body = await self.content.read()
  File "/remote-home/qhgao/Workspace/Applications/anaconda3/envs/share_py310/lib/python3.10/site-packages/aiohttp/streams.py", line 375, in read
    block = await self.readany()
  File "/remote-home/qhgao/Workspace/Applications/anaconda3/envs/share_py310/lib/python3.10/site-packages/aiohttp/streams.py", line 397, in readany
    await self._wait("readany")
  File "/remote-home/qhgao/Workspace/Applications/anaconda3/envs/share_py310/lib/python3.10/site-packages/aiohttp/streams.py", line 303, in _wait
    with self._timer:
  File "/remote-home/qhgao/Workspace/Applications/anaconda3/envs/share_py310/lib/python3.10/site-packages/aiohttp/helpers.py", line 721, in __exit__
    raise asyncio.TimeoutError from None
asyncio.exceptions.TimeoutError


2024-04-04 01:22:14,313 <requestor-worker-1:1998827, MainThread:140298684229440> (requestor.py:_fetch_single_async:216 -> requestor.py:_handle_error:99) from logger `RFC.requestor_failed`
[ERROR] failed on AudioBookAudioPage(1204681).AudioBookAudioFile(1204681), caught error "['TimeoutError'] TimeoutError()"

2024-04-04 01:22:14,316 <requestor-worker-1:1998827, MainThread:140298684229440> (requestor.py:_fetch_single_async:216 -> requestor.py:_handle_error:100) from logger `RFC.requestor_failed`
[ERROR] Traceback (most recent call last):
  File "/remote-home/qhgao/Workspace/Projects/RFC-crawlers/RFC-dev/RFC/req/requestor.py", line 206, in _fetch_single_async
    result = await middleware.apply_async(item, result, self._session._request_lib, self._session._async_lib)
  File "/remote-home/qhgao/Workspace/Projects/RFC-crawlers/RFC-dev/RFC/req/middleware.py", line 121, in apply_async
    self._handle_error(e, item, result)
  File "/remote-home/qhgao/Workspace/Projects/RFC-crawlers/RFC-dev/RFC/req/middleware.py", line 83, in _handle_error
    raise error
  File "/remote-home/qhgao/Workspace/Projects/RFC-crawlers/RFC-dev/RFC/req/middleware.py", line 114, in apply_async
    _result = await self._apply_async(item, result, request_lib, async_lib)
  File "/remote-home/qhgao/Workspace/Projects/RFC-crawlers/RFC-dev/RFC/req/middleware.py", line 316, in _apply_async
    result.content = result.json if 'json' in result else await get_content_async(result.response, request_lib)  # type: ignore
  File "/remote-home/qhgao/Workspace/Projects/RFC-crawlers/RFC-dev/RFC/req/middleware_func.py", line 88, in get_content_async
    return await resp.read()
  File "/remote-home/qhgao/Workspace/Applications/anaconda3/envs/share_py310/lib/python3.10/site-packages/aiohttp/client_reqrep.py", line 1037, in read
    self._body = await self.content.read()
  File "/remote-home/qhgao/Workspace/Applications/anaconda3/envs/share_py310/lib/python3.10/site-packages/aiohttp/streams.py", line 375, in read
    block = await self.readany()
  File "/remote-home/qhgao/Workspace/Applications/anaconda3/envs/share_py310/lib/python3.10/site-packages/aiohttp/streams.py", line 397, in readany
    await self._wait("readany")
  File "/remote-home/qhgao/Workspace/Applications/anaconda3/envs/share_py310/lib/python3.10/site-packages/aiohttp/streams.py", line 303, in _wait
    with self._timer:
  File "/remote-home/qhgao/Workspace/Applications/anaconda3/envs/share_py310/lib/python3.10/site-packages/aiohttp/helpers.py", line 721, in __exit__
    raise asyncio.TimeoutError from None
asyncio.exceptions.TimeoutError


2024-04-04 01:22:19,305 <requestor-worker-1:1998827, MainThread:140298684229440> (requestor.py:_fetch_single_async:216 -> requestor.py:_handle_error:99) from logger `RFC.requestor_failed`
[ERROR] failed on AudioBookAudioPage(1204684).AudioBookAudioFile(1204684), caught error "['TimeoutError'] TimeoutError()"

2024-04-04 01:22:19,306 <requestor-worker-1:1998827, MainThread:140298684229440> (requestor.py:_fetch_single_async:216 -> requestor.py:_handle_error:100) from logger `RFC.requestor_failed`
[ERROR] Traceback (most recent call last):
  File "/remote-home/qhgao/Workspace/Projects/RFC-crawlers/RFC-dev/RFC/req/requestor.py", line 206, in _fetch_single_async
    result = await middleware.apply_async(item, result, self._session._request_lib, self._session._async_lib)
  File "/remote-home/qhgao/Workspace/Projects/RFC-crawlers/RFC-dev/RFC/req/middleware.py", line 121, in apply_async
    self._handle_error(e, item, result)
  File "/remote-home/qhgao/Workspace/Projects/RFC-crawlers/RFC-dev/RFC/req/middleware.py", line 83, in _handle_error
    raise error
  File "/remote-home/qhgao/Workspace/Projects/RFC-crawlers/RFC-dev/RFC/req/middleware.py", line 114, in apply_async
    _result = await self._apply_async(item, result, request_lib, async_lib)
  File "/remote-home/qhgao/Workspace/Projects/RFC-crawlers/RFC-dev/RFC/req/middleware.py", line 316, in _apply_async
    result.content = result.json if 'json' in result else await get_content_async(result.response, request_lib)  # type: ignore
  File "/remote-home/qhgao/Workspace/Projects/RFC-crawlers/RFC-dev/RFC/req/middleware_func.py", line 88, in get_content_async
    return await resp.read()
  File "/remote-home/qhgao/Workspace/Applications/anaconda3/envs/share_py310/lib/python3.10/site-packages/aiohttp/client_reqrep.py", line 1037, in read
    self._body = await self.content.read()
  File "/remote-home/qhgao/Workspace/Applications/anaconda3/envs/share_py310/lib/python3.10/site-packages/aiohttp/streams.py", line 375, in read
    block = await self.readany()
  File "/remote-home/qhgao/Workspace/Applications/anaconda3/envs/share_py310/lib/python3.10/site-packages/aiohttp/streams.py", line 397, in readany
    await self._wait("readany")
  File "/remote-home/qhgao/Workspace/Applications/anaconda3/envs/share_py310/lib/python3.10/site-packages/aiohttp/streams.py", line 303, in _wait
    with self._timer:
  File "/remote-home/qhgao/Workspace/Applications/anaconda3/envs/share_py310/lib/python3.10/site-packages/aiohttp/helpers.py", line 721, in __exit__
    raise asyncio.TimeoutError from None
asyncio.exceptions.TimeoutError


2024-04-04 01:22:42,946 <requestor-worker-1:1998827, MainThread:140298684229440> (requestor.py:_fetch_single_async:216 -> requestor.py:_handle_error:99) from logger `RFC.requestor_failed`
[ERROR] failed on AudioBookAudioPage(1205009), caught error "['ValueError'] ValueError('unexpected status code 404 in response of AudioBookAudioPage(1205009)')"

2024-04-04 01:22:42,948 <requestor-worker-1:1998827, MainThread:140298684229440> (requestor.py:_fetch_single_async:216 -> requestor.py:_handle_error:100) from logger `RFC.requestor_failed`
[ERROR] Traceback (most recent call last):
  File "/remote-home/qhgao/Workspace/Projects/RFC-crawlers/RFC-dev/RFC/req/requestor.py", line 206, in _fetch_single_async
    result = await middleware.apply_async(item, result, self._session._request_lib, self._session._async_lib)
  File "/remote-home/qhgao/Workspace/Projects/RFC-crawlers/RFC-dev/RFC/req/middleware.py", line 121, in apply_async
    self._handle_error(e, item, result)
  File "/remote-home/qhgao/Workspace/Projects/RFC-crawlers/RFC-dev/RFC/req/middleware.py", line 83, in _handle_error
    raise error
  File "/remote-home/qhgao/Workspace/Projects/RFC-crawlers/RFC-dev/RFC/req/middleware.py", line 114, in apply_async
    _result = await self._apply_async(item, result, request_lib, async_lib)
  File "/remote-home/qhgao/Workspace/Projects/RFC-crawlers/RFC-dev/RFC/req/middleware.py", line 180, in _apply_async
    return self._apply_sync(item, result, request_lib)
  File "/remote-home/qhgao/Workspace/Projects/RFC-crawlers/RFC-dev/RFC/req/middleware.py", line 168, in _apply_sync
    raise ValueError(f"unexpected status code {repr(status_code)} in response of {repr(item)}")
ValueError: unexpected status code 404 in response of AudioBookAudioPage(1205009)


2024-04-04 01:23:06,299 <requestor-worker-1:1998827, MainThread:140298684229440> (requestor.py:_fetch_single_async:216 -> requestor.py:_handle_error:99) from logger `RFC.requestor_failed`
[ERROR] failed on AudioBookAudioPage(1204726).AudioBookAudioFile(1204726), caught error "['TimeoutError'] TimeoutError()"

2024-04-04 01:23:06,302 <requestor-worker-1:1998827, MainThread:140298684229440> (requestor.py:_fetch_single_async:216 -> requestor.py:_handle_error:100) from logger `RFC.requestor_failed`
[ERROR] Traceback (most recent call last):
  File "/remote-home/qhgao/Workspace/Projects/RFC-crawlers/RFC-dev/RFC/req/requestor.py", line 206, in _fetch_single_async
    result = await middleware.apply_async(item, result, self._session._request_lib, self._session._async_lib)
  File "/remote-home/qhgao/Workspace/Projects/RFC-crawlers/RFC-dev/RFC/req/middleware.py", line 121, in apply_async
    self._handle_error(e, item, result)
  File "/remote-home/qhgao/Workspace/Projects/RFC-crawlers/RFC-dev/RFC/req/middleware.py", line 83, in _handle_error
    raise error
  File "/remote-home/qhgao/Workspace/Projects/RFC-crawlers/RFC-dev/RFC/req/middleware.py", line 114, in apply_async
    _result = await self._apply_async(item, result, request_lib, async_lib)
  File "/remote-home/qhgao/Workspace/Projects/RFC-crawlers/RFC-dev/RFC/req/middleware.py", line 316, in _apply_async
    result.content = result.json if 'json' in result else await get_content_async(result.response, request_lib)  # type: ignore
  File "/remote-home/qhgao/Workspace/Projects/RFC-crawlers/RFC-dev/RFC/req/middleware_func.py", line 88, in get_content_async
    return await resp.read()
  File "/remote-home/qhgao/Workspace/Applications/anaconda3/envs/share_py310/lib/python3.10/site-packages/aiohttp/client_reqrep.py", line 1037, in read
    self._body = await self.content.read()
  File "/remote-home/qhgao/Workspace/Applications/anaconda3/envs/share_py310/lib/python3.10/site-packages/aiohttp/streams.py", line 375, in read
    block = await self.readany()
  File "/remote-home/qhgao/Workspace/Applications/anaconda3/envs/share_py310/lib/python3.10/site-packages/aiohttp/streams.py", line 397, in readany
    await self._wait("readany")
  File "/remote-home/qhgao/Workspace/Applications/anaconda3/envs/share_py310/lib/python3.10/site-packages/aiohttp/streams.py", line 303, in _wait
    with self._timer:
  File "/remote-home/qhgao/Workspace/Applications/anaconda3/envs/share_py310/lib/python3.10/site-packages/aiohttp/helpers.py", line 721, in __exit__
    raise asyncio.TimeoutError from None
asyncio.exceptions.TimeoutError


2024-04-04 01:23:19,349 <requestor-worker-1:1998827, MainThread:140298684229440> (requestor.py:_fetch_single_async:216 -> requestor.py:_handle_error:99) from logger `RFC.requestor_failed`
[ERROR] failed on AudioBookAudioPage(1204733).AudioBookAudioFile(1204733), caught error "['TimeoutError'] TimeoutError()"

2024-04-04 01:23:19,351 <requestor-worker-1:1998827, MainThread:140298684229440> (requestor.py:_fetch_single_async:216 -> requestor.py:_handle_error:100) from logger `RFC.requestor_failed`
[ERROR] Traceback (most recent call last):
  File "/remote-home/qhgao/Workspace/Projects/RFC-crawlers/RFC-dev/RFC/req/requestor.py", line 206, in _fetch_single_async
    result = await middleware.apply_async(item, result, self._session._request_lib, self._session._async_lib)
  File "/remote-home/qhgao/Workspace/Projects/RFC-crawlers/RFC-dev/RFC/req/middleware.py", line 121, in apply_async
    self._handle_error(e, item, result)
  File "/remote-home/qhgao/Workspace/Projects/RFC-crawlers/RFC-dev/RFC/req/middleware.py", line 83, in _handle_error
    raise error
  File "/remote-home/qhgao/Workspace/Projects/RFC-crawlers/RFC-dev/RFC/req/middleware.py", line 114, in apply_async
    _result = await self._apply_async(item, result, request_lib, async_lib)
  File "/remote-home/qhgao/Workspace/Projects/RFC-crawlers/RFC-dev/RFC/req/middleware.py", line 316, in _apply_async
    result.content = result.json if 'json' in result else await get_content_async(result.response, request_lib)  # type: ignore
  File "/remote-home/qhgao/Workspace/Projects/RFC-crawlers/RFC-dev/RFC/req/middleware_func.py", line 88, in get_content_async
    return await resp.read()
  File "/remote-home/qhgao/Workspace/Applications/anaconda3/envs/share_py310/lib/python3.10/site-packages/aiohttp/client_reqrep.py", line 1037, in read
    self._body = await self.content.read()
  File "/remote-home/qhgao/Workspace/Applications/anaconda3/envs/share_py310/lib/python3.10/site-packages/aiohttp/streams.py", line 375, in read
    block = await self.readany()
  File "/remote-home/qhgao/Workspace/Applications/anaconda3/envs/share_py310/lib/python3.10/site-packages/aiohttp/streams.py", line 397, in readany
    await self._wait("readany")
  File "/remote-home/qhgao/Workspace/Applications/anaconda3/envs/share_py310/lib/python3.10/site-packages/aiohttp/streams.py", line 303, in _wait
    with self._timer:
  File "/remote-home/qhgao/Workspace/Applications/anaconda3/envs/share_py310/lib/python3.10/site-packages/aiohttp/helpers.py", line 721, in __exit__
    raise asyncio.TimeoutError from None
asyncio.exceptions.TimeoutError


2024-04-04 01:23:28,318 <requestor-worker-1:1998827, MainThread:140298684229440> (requestor.py:_fetch_single_async:216 -> requestor.py:_handle_error:99) from logger `RFC.requestor_failed`
[ERROR] failed on AudioBookAudioPage(1205030), caught error "['TimeoutError'] TimeoutError()"

2024-04-04 01:23:28,319 <requestor-worker-1:1998827, MainThread:140298684229440> (requestor.py:_fetch_single_async:216 -> requestor.py:_handle_error:100) from logger `RFC.requestor_failed`
[ERROR] Traceback (most recent call last):
  File "/remote-home/qhgao/Workspace/Projects/RFC-crawlers/RFC-dev/RFC/req/requestor.py", line 199, in _fetch_single_async
    resp = await self._session.request(item)
  File "/remote-home/qhgao/Workspace/Projects/RFC-crawlers/RFC-dev/RFC/req/session.py", line 320, in request
    return await self._session.request(**request_args)
  File "/remote-home/qhgao/Workspace/Applications/anaconda3/envs/share_py310/lib/python3.10/site-packages/aiohttp/client.py", line 560, in _request
    await resp.start(conn)
  File "/remote-home/qhgao/Workspace/Applications/anaconda3/envs/share_py310/lib/python3.10/site-packages/aiohttp/client_reqrep.py", line 894, in start
    with self._timer:
  File "/remote-home/qhgao/Workspace/Applications/anaconda3/envs/share_py310/lib/python3.10/site-packages/aiohttp/helpers.py", line 721, in __exit__
    raise asyncio.TimeoutError from None
asyncio.exceptions.TimeoutError


2024-04-04 01:23:57,323 <requestor-worker-1:1998827, MainThread:140298684229440> (requestor.py:_fetch_single_async:216 -> requestor.py:_handle_error:99) from logger `RFC.requestor_failed`
[ERROR] failed on AudioBookAudioPage(1205111), caught error "['TimeoutError'] TimeoutError()"

2024-04-04 01:23:57,324 <requestor-worker-1:1998827, MainThread:140298684229440> (requestor.py:_fetch_single_async:216 -> requestor.py:_handle_error:100) from logger `RFC.requestor_failed`
[ERROR] Traceback (most recent call last):
  File "/remote-home/qhgao/Workspace/Projects/RFC-crawlers/RFC-dev/RFC/req/requestor.py", line 199, in _fetch_single_async
    resp = await self._session.request(item)
  File "/remote-home/qhgao/Workspace/Projects/RFC-crawlers/RFC-dev/RFC/req/session.py", line 320, in request
    return await self._session.request(**request_args)
  File "/remote-home/qhgao/Workspace/Applications/anaconda3/envs/share_py310/lib/python3.10/site-packages/aiohttp/client.py", line 560, in _request
    await resp.start(conn)
  File "/remote-home/qhgao/Workspace/Applications/anaconda3/envs/share_py310/lib/python3.10/site-packages/aiohttp/client_reqrep.py", line 894, in start
    with self._timer:
  File "/remote-home/qhgao/Workspace/Applications/anaconda3/envs/share_py310/lib/python3.10/site-packages/aiohttp/helpers.py", line 721, in __exit__
    raise asyncio.TimeoutError from None
asyncio.exceptions.TimeoutError


2024-04-04 01:23:58,927 <requestor-worker-1:1998827, MainThread:140298684229440> (requestor.py:_fetch_single_async:216 -> requestor.py:_handle_error:99) from logger `RFC.requestor_failed`
[ERROR] failed on AudioBookAudioPage(1205180), caught error "['ValueError'] ValueError('unexpected status code 404 in response of AudioBookAudioPage(1205180)')"

2024-04-04 01:23:58,929 <requestor-worker-1:1998827, MainThread:140298684229440> (requestor.py:_fetch_single_async:216 -> requestor.py:_handle_error:100) from logger `RFC.requestor_failed`
[ERROR] Traceback (most recent call last):
  File "/remote-home/qhgao/Workspace/Projects/RFC-crawlers/RFC-dev/RFC/req/requestor.py", line 206, in _fetch_single_async
    result = await middleware.apply_async(item, result, self._session._request_lib, self._session._async_lib)
  File "/remote-home/qhgao/Workspace/Projects/RFC-crawlers/RFC-dev/RFC/req/middleware.py", line 121, in apply_async
    self._handle_error(e, item, result)
  File "/remote-home/qhgao/Workspace/Projects/RFC-crawlers/RFC-dev/RFC/req/middleware.py", line 83, in _handle_error
    raise error
  File "/remote-home/qhgao/Workspace/Projects/RFC-crawlers/RFC-dev/RFC/req/middleware.py", line 114, in apply_async
    _result = await self._apply_async(item, result, request_lib, async_lib)
  File "/remote-home/qhgao/Workspace/Projects/RFC-crawlers/RFC-dev/RFC/req/middleware.py", line 180, in _apply_async
    return self._apply_sync(item, result, request_lib)
  File "/remote-home/qhgao/Workspace/Projects/RFC-crawlers/RFC-dev/RFC/req/middleware.py", line 168, in _apply_sync
    raise ValueError(f"unexpected status code {repr(status_code)} in response of {repr(item)}")
ValueError: unexpected status code 404 in response of AudioBookAudioPage(1205180)


2024-04-04 01:24:11,657 <requestor-worker-1:1998827, MainThread:140298684229440> (requestor.py:_fetch_single_async:216 -> requestor.py:_handle_error:99) from logger `RFC.requestor_failed`
[ERROR] failed on AudioBookAudioPage(1204953).AudioBookAudioFile(1204953), caught error "['TimeoutError'] TimeoutError()"

2024-04-04 01:24:11,665 <requestor-worker-1:1998827, MainThread:140298684229440> (requestor.py:_fetch_single_async:216 -> requestor.py:_handle_error:100) from logger `RFC.requestor_failed`
[ERROR] Traceback (most recent call last):
  File "/remote-home/qhgao/Workspace/Projects/RFC-crawlers/RFC-dev/RFC/req/requestor.py", line 206, in _fetch_single_async
    result = await middleware.apply_async(item, result, self._session._request_lib, self._session._async_lib)
  File "/remote-home/qhgao/Workspace/Projects/RFC-crawlers/RFC-dev/RFC/req/middleware.py", line 121, in apply_async
    self._handle_error(e, item, result)
  File "/remote-home/qhgao/Workspace/Projects/RFC-crawlers/RFC-dev/RFC/req/middleware.py", line 83, in _handle_error
    raise error
  File "/remote-home/qhgao/Workspace/Projects/RFC-crawlers/RFC-dev/RFC/req/middleware.py", line 114, in apply_async
    _result = await self._apply_async(item, result, request_lib, async_lib)
  File "/remote-home/qhgao/Workspace/Projects/RFC-crawlers/RFC-dev/RFC/req/middleware.py", line 316, in _apply_async
    result.content = result.json if 'json' in result else await get_content_async(result.response, request_lib)  # type: ignore
  File "/remote-home/qhgao/Workspace/Projects/RFC-crawlers/RFC-dev/RFC/req/middleware_func.py", line 88, in get_content_async
    return await resp.read()
  File "/remote-home/qhgao/Workspace/Applications/anaconda3/envs/share_py310/lib/python3.10/site-packages/aiohttp/client_reqrep.py", line 1037, in read
    self._body = await self.content.read()
  File "/remote-home/qhgao/Workspace/Applications/anaconda3/envs/share_py310/lib/python3.10/site-packages/aiohttp/streams.py", line 375, in read
    block = await self.readany()
  File "/remote-home/qhgao/Workspace/Applications/anaconda3/envs/share_py310/lib/python3.10/site-packages/aiohttp/streams.py", line 397, in readany
    await self._wait("readany")
  File "/remote-home/qhgao/Workspace/Applications/anaconda3/envs/share_py310/lib/python3.10/site-packages/aiohttp/streams.py", line 303, in _wait
    with self._timer:
  File "/remote-home/qhgao/Workspace/Applications/anaconda3/envs/share_py310/lib/python3.10/site-packages/aiohttp/helpers.py", line 721, in __exit__
    raise asyncio.TimeoutError from None
asyncio.exceptions.TimeoutError


2024-04-04 01:24:11,925 <requestor-worker-1:1998827, MainThread:140298684229440> (requestor.py:_fetch_single_async:216 -> requestor.py:_handle_error:99) from logger `RFC.requestor_failed`
[ERROR] failed on AudioBookAudioPage(1205203), caught error "['ValueError'] ValueError('unexpected status code 404 in response of AudioBookAudioPage(1205203)')"

2024-04-04 01:24:11,927 <requestor-worker-1:1998827, MainThread:140298684229440> (requestor.py:_fetch_single_async:216 -> requestor.py:_handle_error:100) from logger `RFC.requestor_failed`
[ERROR] Traceback (most recent call last):
  File "/remote-home/qhgao/Workspace/Projects/RFC-crawlers/RFC-dev/RFC/req/requestor.py", line 206, in _fetch_single_async
    result = await middleware.apply_async(item, result, self._session._request_lib, self._session._async_lib)
  File "/remote-home/qhgao/Workspace/Projects/RFC-crawlers/RFC-dev/RFC/req/middleware.py", line 121, in apply_async
    self._handle_error(e, item, result)
  File "/remote-home/qhgao/Workspace/Projects/RFC-crawlers/RFC-dev/RFC/req/middleware.py", line 83, in _handle_error
    raise error
  File "/remote-home/qhgao/Workspace/Projects/RFC-crawlers/RFC-dev/RFC/req/middleware.py", line 114, in apply_async
    _result = await self._apply_async(item, result, request_lib, async_lib)
  File "/remote-home/qhgao/Workspace/Projects/RFC-crawlers/RFC-dev/RFC/req/middleware.py", line 180, in _apply_async
    return self._apply_sync(item, result, request_lib)
  File "/remote-home/qhgao/Workspace/Projects/RFC-crawlers/RFC-dev/RFC/req/middleware.py", line 168, in _apply_sync
    raise ValueError(f"unexpected status code {repr(status_code)} in response of {repr(item)}")
ValueError: unexpected status code 404 in response of AudioBookAudioPage(1205203)


2024-04-04 01:24:13,113 <requestor-worker-1:1998827, MainThread:140298684229440> (requestor.py:_fetch_single_async:216 -> requestor.py:_handle_error:99) from logger `RFC.requestor_failed`
[ERROR] failed on AudioBookAudioPage(1205211), caught error "['ValueError'] ValueError('unexpected status code 404 in response of AudioBookAudioPage(1205211)')"

2024-04-04 01:24:13,114 <requestor-worker-1:1998827, MainThread:140298684229440> (requestor.py:_fetch_single_async:216 -> requestor.py:_handle_error:100) from logger `RFC.requestor_failed`
[ERROR] Traceback (most recent call last):
  File "/remote-home/qhgao/Workspace/Projects/RFC-crawlers/RFC-dev/RFC/req/requestor.py", line 206, in _fetch_single_async
    result = await middleware.apply_async(item, result, self._session._request_lib, self._session._async_lib)
  File "/remote-home/qhgao/Workspace/Projects/RFC-crawlers/RFC-dev/RFC/req/middleware.py", line 121, in apply_async
    self._handle_error(e, item, result)
  File "/remote-home/qhgao/Workspace/Projects/RFC-crawlers/RFC-dev/RFC/req/middleware.py", line 83, in _handle_error
    raise error
  File "/remote-home/qhgao/Workspace/Projects/RFC-crawlers/RFC-dev/RFC/req/middleware.py", line 114, in apply_async
    _result = await self._apply_async(item, result, request_lib, async_lib)
  File "/remote-home/qhgao/Workspace/Projects/RFC-crawlers/RFC-dev/RFC/req/middleware.py", line 180, in _apply_async
    return self._apply_sync(item, result, request_lib)
  File "/remote-home/qhgao/Workspace/Projects/RFC-crawlers/RFC-dev/RFC/req/middleware.py", line 168, in _apply_sync
    raise ValueError(f"unexpected status code {repr(status_code)} in response of {repr(item)}")
ValueError: unexpected status code 404 in response of AudioBookAudioPage(1205211)


2024-04-04 01:24:21,303 <requestor-worker-1:1998827, MainThread:140298684229440> (requestor.py:_fetch_single_async:216 -> requestor.py:_handle_error:99) from logger `RFC.requestor_failed`
[ERROR] failed on AudioBookAudioPage(1204811).AudioBookAudioFile(1204811), caught error "['TimeoutError'] TimeoutError()"

2024-04-04 01:24:21,305 <requestor-worker-1:1998827, MainThread:140298684229440> (requestor.py:_fetch_single_async:216 -> requestor.py:_handle_error:100) from logger `RFC.requestor_failed`
[ERROR] Traceback (most recent call last):
  File "/remote-home/qhgao/Workspace/Projects/RFC-crawlers/RFC-dev/RFC/req/requestor.py", line 206, in _fetch_single_async
    result = await middleware.apply_async(item, result, self._session._request_lib, self._session._async_lib)
  File "/remote-home/qhgao/Workspace/Projects/RFC-crawlers/RFC-dev/RFC/req/middleware.py", line 121, in apply_async
    self._handle_error(e, item, result)
  File "/remote-home/qhgao/Workspace/Projects/RFC-crawlers/RFC-dev/RFC/req/middleware.py", line 83, in _handle_error
    raise error
  File "/remote-home/qhgao/Workspace/Projects/RFC-crawlers/RFC-dev/RFC/req/middleware.py", line 114, in apply_async
    _result = await self._apply_async(item, result, request_lib, async_lib)
  File "/remote-home/qhgao/Workspace/Projects/RFC-crawlers/RFC-dev/RFC/req/middleware.py", line 316, in _apply_async
    result.content = result.json if 'json' in result else await get_content_async(result.response, request_lib)  # type: ignore
  File "/remote-home/qhgao/Workspace/Projects/RFC-crawlers/RFC-dev/RFC/req/middleware_func.py", line 88, in get_content_async
    return await resp.read()
  File "/remote-home/qhgao/Workspace/Applications/anaconda3/envs/share_py310/lib/python3.10/site-packages/aiohttp/client_reqrep.py", line 1037, in read
    self._body = await self.content.read()
  File "/remote-home/qhgao/Workspace/Applications/anaconda3/envs/share_py310/lib/python3.10/site-packages/aiohttp/streams.py", line 375, in read
    block = await self.readany()
  File "/remote-home/qhgao/Workspace/Applications/anaconda3/envs/share_py310/lib/python3.10/site-packages/aiohttp/streams.py", line 397, in readany
    await self._wait("readany")
  File "/remote-home/qhgao/Workspace/Applications/anaconda3/envs/share_py310/lib/python3.10/site-packages/aiohttp/streams.py", line 303, in _wait
    with self._timer:
  File "/remote-home/qhgao/Workspace/Applications/anaconda3/envs/share_py310/lib/python3.10/site-packages/aiohttp/helpers.py", line 721, in __exit__
    raise asyncio.TimeoutError from None
asyncio.exceptions.TimeoutError


2024-04-04 01:25:10,300 <requestor-worker-1:1998827, MainThread:140298684229440> (requestor.py:_fetch_single_async:216 -> requestor.py:_handle_error:99) from logger `RFC.requestor_failed`
[ERROR] failed on AudioBookAudioPage(1204890).AudioBookAudioFile(1204890), caught error "['TimeoutError'] TimeoutError()"

2024-04-04 01:25:10,303 <requestor-worker-1:1998827, MainThread:140298684229440> (requestor.py:_fetch_single_async:216 -> requestor.py:_handle_error:100) from logger `RFC.requestor_failed`
[ERROR] Traceback (most recent call last):
  File "/remote-home/qhgao/Workspace/Projects/RFC-crawlers/RFC-dev/RFC/req/requestor.py", line 206, in _fetch_single_async
    result = await middleware.apply_async(item, result, self._session._request_lib, self._session._async_lib)
  File "/remote-home/qhgao/Workspace/Projects/RFC-crawlers/RFC-dev/RFC/req/middleware.py", line 121, in apply_async
    self._handle_error(e, item, result)
  File "/remote-home/qhgao/Workspace/Projects/RFC-crawlers/RFC-dev/RFC/req/middleware.py", line 83, in _handle_error
    raise error
  File "/remote-home/qhgao/Workspace/Projects/RFC-crawlers/RFC-dev/RFC/req/middleware.py", line 114, in apply_async
    _result = await self._apply_async(item, result, request_lib, async_lib)
  File "/remote-home/qhgao/Workspace/Projects/RFC-crawlers/RFC-dev/RFC/req/middleware.py", line 316, in _apply_async
    result.content = result.json if 'json' in result else await get_content_async(result.response, request_lib)  # type: ignore
  File "/remote-home/qhgao/Workspace/Projects/RFC-crawlers/RFC-dev/RFC/req/middleware_func.py", line 88, in get_content_async
    return await resp.read()
  File "/remote-home/qhgao/Workspace/Applications/anaconda3/envs/share_py310/lib/python3.10/site-packages/aiohttp/client_reqrep.py", line 1037, in read
    self._body = await self.content.read()
  File "/remote-home/qhgao/Workspace/Applications/anaconda3/envs/share_py310/lib/python3.10/site-packages/aiohttp/streams.py", line 375, in read
    block = await self.readany()
  File "/remote-home/qhgao/Workspace/Applications/anaconda3/envs/share_py310/lib/python3.10/site-packages/aiohttp/streams.py", line 397, in readany
    await self._wait("readany")
  File "/remote-home/qhgao/Workspace/Applications/anaconda3/envs/share_py310/lib/python3.10/site-packages/aiohttp/streams.py", line 303, in _wait
    with self._timer:
  File "/remote-home/qhgao/Workspace/Applications/anaconda3/envs/share_py310/lib/python3.10/site-packages/aiohttp/helpers.py", line 721, in __exit__
    raise asyncio.TimeoutError from None
asyncio.exceptions.TimeoutError


2024-04-04 01:25:34,301 <requestor-worker-1:1998827, MainThread:140298684229440> (requestor.py:_fetch_single_async:216 -> requestor.py:_handle_error:99) from logger `RFC.requestor_failed`
[ERROR] failed on AudioBookAudioPage(1204974).AudioBookAudioFile(1204974), caught error "['TimeoutError'] TimeoutError()"

2024-04-04 01:25:34,303 <requestor-worker-1:1998827, MainThread:140298684229440> (requestor.py:_fetch_single_async:216 -> requestor.py:_handle_error:100) from logger `RFC.requestor_failed`
[ERROR] Traceback (most recent call last):
  File "/remote-home/qhgao/Workspace/Projects/RFC-crawlers/RFC-dev/RFC/req/requestor.py", line 206, in _fetch_single_async
    result = await middleware.apply_async(item, result, self._session._request_lib, self._session._async_lib)
  File "/remote-home/qhgao/Workspace/Projects/RFC-crawlers/RFC-dev/RFC/req/middleware.py", line 121, in apply_async
    self._handle_error(e, item, result)
  File "/remote-home/qhgao/Workspace/Projects/RFC-crawlers/RFC-dev/RFC/req/middleware.py", line 83, in _handle_error
    raise error
  File "/remote-home/qhgao/Workspace/Projects/RFC-crawlers/RFC-dev/RFC/req/middleware.py", line 114, in apply_async
    _result = await self._apply_async(item, result, request_lib, async_lib)
  File "/remote-home/qhgao/Workspace/Projects/RFC-crawlers/RFC-dev/RFC/req/middleware.py", line 316, in _apply_async
    result.content = result.json if 'json' in result else await get_content_async(result.response, request_lib)  # type: ignore
  File "/remote-home/qhgao/Workspace/Projects/RFC-crawlers/RFC-dev/RFC/req/middleware_func.py", line 88, in get_content_async
    return await resp.read()
  File "/remote-home/qhgao/Workspace/Applications/anaconda3/envs/share_py310/lib/python3.10/site-packages/aiohttp/client_reqrep.py", line 1037, in read
    self._body = await self.content.read()
  File "/remote-home/qhgao/Workspace/Applications/anaconda3/envs/share_py310/lib/python3.10/site-packages/aiohttp/streams.py", line 375, in read
    block = await self.readany()
  File "/remote-home/qhgao/Workspace/Applications/anaconda3/envs/share_py310/lib/python3.10/site-packages/aiohttp/streams.py", line 397, in readany
    await self._wait("readany")
  File "/remote-home/qhgao/Workspace/Applications/anaconda3/envs/share_py310/lib/python3.10/site-packages/aiohttp/streams.py", line 303, in _wait
    with self._timer:
  File "/remote-home/qhgao/Workspace/Applications/anaconda3/envs/share_py310/lib/python3.10/site-packages/aiohttp/helpers.py", line 721, in __exit__
    raise asyncio.TimeoutError from None
asyncio.exceptions.TimeoutError


2024-04-04 01:26:17,298 <requestor-worker-1:1998827, MainThread:140298684229440> (requestor.py:_fetch_single_async:216 -> requestor.py:_handle_error:99) from logger `RFC.requestor_failed`
[ERROR] failed on AudioBookAudioPage(1204980).AudioBookAudioFile(1204980), caught error "['TimeoutError'] TimeoutError()"

2024-04-04 01:26:17,299 <requestor-worker-1:1998827, MainThread:140298684229440> (requestor.py:_fetch_single_async:216 -> requestor.py:_handle_error:100) from logger `RFC.requestor_failed`
[ERROR] Traceback (most recent call last):
  File "/remote-home/qhgao/Workspace/Projects/RFC-crawlers/RFC-dev/RFC/req/requestor.py", line 206, in _fetch_single_async
    result = await middleware.apply_async(item, result, self._session._request_lib, self._session._async_lib)
  File "/remote-home/qhgao/Workspace/Projects/RFC-crawlers/RFC-dev/RFC/req/middleware.py", line 121, in apply_async
    self._handle_error(e, item, result)
  File "/remote-home/qhgao/Workspace/Projects/RFC-crawlers/RFC-dev/RFC/req/middleware.py", line 83, in _handle_error
    raise error
  File "/remote-home/qhgao/Workspace/Projects/RFC-crawlers/RFC-dev/RFC/req/middleware.py", line 114, in apply_async
    _result = await self._apply_async(item, result, request_lib, async_lib)
  File "/remote-home/qhgao/Workspace/Projects/RFC-crawlers/RFC-dev/RFC/req/middleware.py", line 316, in _apply_async
    result.content = result.json if 'json' in result else await get_content_async(result.response, request_lib)  # type: ignore
  File "/remote-home/qhgao/Workspace/Projects/RFC-crawlers/RFC-dev/RFC/req/middleware_func.py", line 88, in get_content_async
    return await resp.read()
  File "/remote-home/qhgao/Workspace/Applications/anaconda3/envs/share_py310/lib/python3.10/site-packages/aiohttp/client_reqrep.py", line 1037, in read
    self._body = await self.content.read()
  File "/remote-home/qhgao/Workspace/Applications/anaconda3/envs/share_py310/lib/python3.10/site-packages/aiohttp/streams.py", line 375, in read
    block = await self.readany()
  File "/remote-home/qhgao/Workspace/Applications/anaconda3/envs/share_py310/lib/python3.10/site-packages/aiohttp/streams.py", line 397, in readany
    await self._wait("readany")
  File "/remote-home/qhgao/Workspace/Applications/anaconda3/envs/share_py310/lib/python3.10/site-packages/aiohttp/streams.py", line 303, in _wait
    with self._timer:
  File "/remote-home/qhgao/Workspace/Applications/anaconda3/envs/share_py310/lib/python3.10/site-packages/aiohttp/helpers.py", line 721, in __exit__
    raise asyncio.TimeoutError from None
asyncio.exceptions.TimeoutError


2024-04-04 01:26:21,431 <requestor-worker-1:1998827, MainThread:140298684229440> (requestor.py:_fetch_single_async:216 -> requestor.py:_handle_error:99) from logger `RFC.requestor_failed`
[ERROR] failed on AudioBookAudioPage(1204983).AudioBookAudioFile(1204983), caught error "['TimeoutError'] TimeoutError()"

2024-04-04 01:26:21,433 <requestor-worker-1:1998827, MainThread:140298684229440> (requestor.py:_fetch_single_async:216 -> requestor.py:_handle_error:100) from logger `RFC.requestor_failed`
[ERROR] Traceback (most recent call last):
  File "/remote-home/qhgao/Workspace/Projects/RFC-crawlers/RFC-dev/RFC/req/requestor.py", line 206, in _fetch_single_async
    result = await middleware.apply_async(item, result, self._session._request_lib, self._session._async_lib)
  File "/remote-home/qhgao/Workspace/Projects/RFC-crawlers/RFC-dev/RFC/req/middleware.py", line 121, in apply_async
    self._handle_error(e, item, result)
  File "/remote-home/qhgao/Workspace/Projects/RFC-crawlers/RFC-dev/RFC/req/middleware.py", line 83, in _handle_error
    raise error
  File "/remote-home/qhgao/Workspace/Projects/RFC-crawlers/RFC-dev/RFC/req/middleware.py", line 114, in apply_async
    _result = await self._apply_async(item, result, request_lib, async_lib)
  File "/remote-home/qhgao/Workspace/Projects/RFC-crawlers/RFC-dev/RFC/req/middleware.py", line 316, in _apply_async
    result.content = result.json if 'json' in result else await get_content_async(result.response, request_lib)  # type: ignore
  File "/remote-home/qhgao/Workspace/Projects/RFC-crawlers/RFC-dev/RFC/req/middleware_func.py", line 88, in get_content_async
    return await resp.read()
  File "/remote-home/qhgao/Workspace/Applications/anaconda3/envs/share_py310/lib/python3.10/site-packages/aiohttp/client_reqrep.py", line 1037, in read
    self._body = await self.content.read()
  File "/remote-home/qhgao/Workspace/Applications/anaconda3/envs/share_py310/lib/python3.10/site-packages/aiohttp/streams.py", line 375, in read
    block = await self.readany()
  File "/remote-home/qhgao/Workspace/Applications/anaconda3/envs/share_py310/lib/python3.10/site-packages/aiohttp/streams.py", line 397, in readany
    await self._wait("readany")
  File "/remote-home/qhgao/Workspace/Applications/anaconda3/envs/share_py310/lib/python3.10/site-packages/aiohttp/streams.py", line 303, in _wait
    with self._timer:
  File "/remote-home/qhgao/Workspace/Applications/anaconda3/envs/share_py310/lib/python3.10/site-packages/aiohttp/helpers.py", line 721, in __exit__
    raise asyncio.TimeoutError from None
asyncio.exceptions.TimeoutError


2024-04-04 01:26:26,301 <requestor-worker-1:1998827, MainThread:140298684229440> (requestor.py:_fetch_single_async:216 -> requestor.py:_handle_error:99) from logger `RFC.requestor_failed`
[ERROR] failed on AudioBookAudioPage(1204987).AudioBookAudioFile(1204987), caught error "['TimeoutError'] TimeoutError()"

2024-04-04 01:26:26,302 <requestor-worker-1:1998827, MainThread:140298684229440> (requestor.py:_fetch_single_async:216 -> requestor.py:_handle_error:100) from logger `RFC.requestor_failed`
[ERROR] Traceback (most recent call last):
  File "/remote-home/qhgao/Workspace/Projects/RFC-crawlers/RFC-dev/RFC/req/requestor.py", line 206, in _fetch_single_async
    result = await middleware.apply_async(item, result, self._session._request_lib, self._session._async_lib)
  File "/remote-home/qhgao/Workspace/Projects/RFC-crawlers/RFC-dev/RFC/req/middleware.py", line 121, in apply_async
    self._handle_error(e, item, result)
  File "/remote-home/qhgao/Workspace/Projects/RFC-crawlers/RFC-dev/RFC/req/middleware.py", line 83, in _handle_error
    raise error
  File "/remote-home/qhgao/Workspace/Projects/RFC-crawlers/RFC-dev/RFC/req/middleware.py", line 114, in apply_async
    _result = await self._apply_async(item, result, request_lib, async_lib)
  File "/remote-home/qhgao/Workspace/Projects/RFC-crawlers/RFC-dev/RFC/req/middleware.py", line 316, in _apply_async
    result.content = result.json if 'json' in result else await get_content_async(result.response, request_lib)  # type: ignore
  File "/remote-home/qhgao/Workspace/Projects/RFC-crawlers/RFC-dev/RFC/req/middleware_func.py", line 88, in get_content_async
    return await resp.read()
  File "/remote-home/qhgao/Workspace/Applications/anaconda3/envs/share_py310/lib/python3.10/site-packages/aiohttp/client_reqrep.py", line 1037, in read
    self._body = await self.content.read()
  File "/remote-home/qhgao/Workspace/Applications/anaconda3/envs/share_py310/lib/python3.10/site-packages/aiohttp/streams.py", line 375, in read
    block = await self.readany()
  File "/remote-home/qhgao/Workspace/Applications/anaconda3/envs/share_py310/lib/python3.10/site-packages/aiohttp/streams.py", line 397, in readany
    await self._wait("readany")
  File "/remote-home/qhgao/Workspace/Applications/anaconda3/envs/share_py310/lib/python3.10/site-packages/aiohttp/streams.py", line 303, in _wait
    with self._timer:
  File "/remote-home/qhgao/Workspace/Applications/anaconda3/envs/share_py310/lib/python3.10/site-packages/aiohttp/helpers.py", line 721, in __exit__
    raise asyncio.TimeoutError from None
asyncio.exceptions.TimeoutError


2024-04-04 01:26:49,639 <requestor-worker-1:1998827, MainThread:140298684229440> (requestor.py:_fetch_single_async:216 -> requestor.py:_handle_error:99) from logger `RFC.requestor_failed`
[ERROR] failed on AudioBookAudioPage(1205008).AudioBookAudioFile(1205008), caught error "['TimeoutError'] TimeoutError()"

2024-04-04 01:26:49,642 <requestor-worker-1:1998827, MainThread:140298684229440> (requestor.py:_fetch_single_async:216 -> requestor.py:_handle_error:100) from logger `RFC.requestor_failed`
[ERROR] Traceback (most recent call last):
  File "/remote-home/qhgao/Workspace/Projects/RFC-crawlers/RFC-dev/RFC/req/requestor.py", line 206, in _fetch_single_async
    result = await middleware.apply_async(item, result, self._session._request_lib, self._session._async_lib)
  File "/remote-home/qhgao/Workspace/Projects/RFC-crawlers/RFC-dev/RFC/req/middleware.py", line 121, in apply_async
    self._handle_error(e, item, result)
  File "/remote-home/qhgao/Workspace/Projects/RFC-crawlers/RFC-dev/RFC/req/middleware.py", line 83, in _handle_error
    raise error
  File "/remote-home/qhgao/Workspace/Projects/RFC-crawlers/RFC-dev/RFC/req/middleware.py", line 114, in apply_async
    _result = await self._apply_async(item, result, request_lib, async_lib)
  File "/remote-home/qhgao/Workspace/Projects/RFC-crawlers/RFC-dev/RFC/req/middleware.py", line 316, in _apply_async
    result.content = result.json if 'json' in result else await get_content_async(result.response, request_lib)  # type: ignore
  File "/remote-home/qhgao/Workspace/Projects/RFC-crawlers/RFC-dev/RFC/req/middleware_func.py", line 88, in get_content_async
    return await resp.read()
  File "/remote-home/qhgao/Workspace/Applications/anaconda3/envs/share_py310/lib/python3.10/site-packages/aiohttp/client_reqrep.py", line 1037, in read
    self._body = await self.content.read()
  File "/remote-home/qhgao/Workspace/Applications/anaconda3/envs/share_py310/lib/python3.10/site-packages/aiohttp/streams.py", line 375, in read
    block = await self.readany()
  File "/remote-home/qhgao/Workspace/Applications/anaconda3/envs/share_py310/lib/python3.10/site-packages/aiohttp/streams.py", line 397, in readany
    await self._wait("readany")
  File "/remote-home/qhgao/Workspace/Applications/anaconda3/envs/share_py310/lib/python3.10/site-packages/aiohttp/streams.py", line 303, in _wait
    with self._timer:
  File "/remote-home/qhgao/Workspace/Applications/anaconda3/envs/share_py310/lib/python3.10/site-packages/aiohttp/helpers.py", line 721, in __exit__
    raise asyncio.TimeoutError from None
asyncio.exceptions.TimeoutError


2024-04-04 01:26:57,305 <requestor-worker-1:1998827, MainThread:140298684229440> (requestor.py:_fetch_single_async:216 -> requestor.py:_handle_error:99) from logger `RFC.requestor_failed`
[ERROR] failed on AudioBookAudioPage(1205014).AudioBookAudioFile(1205014), caught error "['TimeoutError'] TimeoutError()"

2024-04-04 01:26:57,308 <requestor-worker-1:1998827, MainThread:140298684229440> (requestor.py:_fetch_single_async:216 -> requestor.py:_handle_error:100) from logger `RFC.requestor_failed`
[ERROR] Traceback (most recent call last):
  File "/remote-home/qhgao/Workspace/Projects/RFC-crawlers/RFC-dev/RFC/req/requestor.py", line 206, in _fetch_single_async
    result = await middleware.apply_async(item, result, self._session._request_lib, self._session._async_lib)
  File "/remote-home/qhgao/Workspace/Projects/RFC-crawlers/RFC-dev/RFC/req/middleware.py", line 121, in apply_async
    self._handle_error(e, item, result)
  File "/remote-home/qhgao/Workspace/Projects/RFC-crawlers/RFC-dev/RFC/req/middleware.py", line 83, in _handle_error
    raise error
  File "/remote-home/qhgao/Workspace/Projects/RFC-crawlers/RFC-dev/RFC/req/middleware.py", line 114, in apply_async
    _result = await self._apply_async(item, result, request_lib, async_lib)
  File "/remote-home/qhgao/Workspace/Projects/RFC-crawlers/RFC-dev/RFC/req/middleware.py", line 316, in _apply_async
    result.content = result.json if 'json' in result else await get_content_async(result.response, request_lib)  # type: ignore
  File "/remote-home/qhgao/Workspace/Projects/RFC-crawlers/RFC-dev/RFC/req/middleware_func.py", line 88, in get_content_async
    return await resp.read()
  File "/remote-home/qhgao/Workspace/Applications/anaconda3/envs/share_py310/lib/python3.10/site-packages/aiohttp/client_reqrep.py", line 1037, in read
    self._body = await self.content.read()
  File "/remote-home/qhgao/Workspace/Applications/anaconda3/envs/share_py310/lib/python3.10/site-packages/aiohttp/streams.py", line 375, in read
    block = await self.readany()
  File "/remote-home/qhgao/Workspace/Applications/anaconda3/envs/share_py310/lib/python3.10/site-packages/aiohttp/streams.py", line 397, in readany
    await self._wait("readany")
  File "/remote-home/qhgao/Workspace/Applications/anaconda3/envs/share_py310/lib/python3.10/site-packages/aiohttp/streams.py", line 303, in _wait
    with self._timer:
  File "/remote-home/qhgao/Workspace/Applications/anaconda3/envs/share_py310/lib/python3.10/site-packages/aiohttp/helpers.py", line 721, in __exit__
    raise asyncio.TimeoutError from None
asyncio.exceptions.TimeoutError


2024-04-04 01:27:14,302 <requestor-worker-1:1998827, MainThread:140298684229440> (requestor.py:_fetch_single_async:216 -> requestor.py:_handle_error:99) from logger `RFC.requestor_failed`
[ERROR] failed on AudioBookAudioPage(1205193).AudioBookAudioFile(1205193), caught error "['TimeoutError'] TimeoutError()"

2024-04-04 01:27:14,305 <requestor-worker-1:1998827, MainThread:140298684229440> (requestor.py:_fetch_single_async:216 -> requestor.py:_handle_error:100) from logger `RFC.requestor_failed`
[ERROR] Traceback (most recent call last):
  File "/remote-home/qhgao/Workspace/Projects/RFC-crawlers/RFC-dev/RFC/req/requestor.py", line 206, in _fetch_single_async
    result = await middleware.apply_async(item, result, self._session._request_lib, self._session._async_lib)
  File "/remote-home/qhgao/Workspace/Projects/RFC-crawlers/RFC-dev/RFC/req/middleware.py", line 121, in apply_async
    self._handle_error(e, item, result)
  File "/remote-home/qhgao/Workspace/Projects/RFC-crawlers/RFC-dev/RFC/req/middleware.py", line 83, in _handle_error
    raise error
  File "/remote-home/qhgao/Workspace/Projects/RFC-crawlers/RFC-dev/RFC/req/middleware.py", line 114, in apply_async
    _result = await self._apply_async(item, result, request_lib, async_lib)
  File "/remote-home/qhgao/Workspace/Projects/RFC-crawlers/RFC-dev/RFC/req/middleware.py", line 316, in _apply_async
    result.content = result.json if 'json' in result else await get_content_async(result.response, request_lib)  # type: ignore
  File "/remote-home/qhgao/Workspace/Projects/RFC-crawlers/RFC-dev/RFC/req/middleware_func.py", line 88, in get_content_async
    return await resp.read()
  File "/remote-home/qhgao/Workspace/Applications/anaconda3/envs/share_py310/lib/python3.10/site-packages/aiohttp/client_reqrep.py", line 1037, in read
    self._body = await self.content.read()
  File "/remote-home/qhgao/Workspace/Applications/anaconda3/envs/share_py310/lib/python3.10/site-packages/aiohttp/streams.py", line 375, in read
    block = await self.readany()
  File "/remote-home/qhgao/Workspace/Applications/anaconda3/envs/share_py310/lib/python3.10/site-packages/aiohttp/streams.py", line 397, in readany
    await self._wait("readany")
  File "/remote-home/qhgao/Workspace/Applications/anaconda3/envs/share_py310/lib/python3.10/site-packages/aiohttp/streams.py", line 303, in _wait
    with self._timer:
  File "/remote-home/qhgao/Workspace/Applications/anaconda3/envs/share_py310/lib/python3.10/site-packages/aiohttp/helpers.py", line 721, in __exit__
    raise asyncio.TimeoutError from None
asyncio.exceptions.TimeoutError


2024-04-04 01:27:35,314 <requestor-worker-1:1998827, MainThread:140298684229440> (requestor.py:_fetch_single_async:216 -> requestor.py:_handle_error:99) from logger `RFC.requestor_failed`
[ERROR] failed on AudioBookAudioPage(1205070).AudioBookAudioFile(1205070), caught error "['TimeoutError'] TimeoutError()"

2024-04-04 01:27:35,317 <requestor-worker-1:1998827, MainThread:140298684229440> (requestor.py:_fetch_single_async:216 -> requestor.py:_handle_error:100) from logger `RFC.requestor_failed`
[ERROR] Traceback (most recent call last):
  File "/remote-home/qhgao/Workspace/Projects/RFC-crawlers/RFC-dev/RFC/req/requestor.py", line 206, in _fetch_single_async
    result = await middleware.apply_async(item, result, self._session._request_lib, self._session._async_lib)
  File "/remote-home/qhgao/Workspace/Projects/RFC-crawlers/RFC-dev/RFC/req/middleware.py", line 121, in apply_async
    self._handle_error(e, item, result)
  File "/remote-home/qhgao/Workspace/Projects/RFC-crawlers/RFC-dev/RFC/req/middleware.py", line 83, in _handle_error
    raise error
  File "/remote-home/qhgao/Workspace/Projects/RFC-crawlers/RFC-dev/RFC/req/middleware.py", line 114, in apply_async
    _result = await self._apply_async(item, result, request_lib, async_lib)
  File "/remote-home/qhgao/Workspace/Projects/RFC-crawlers/RFC-dev/RFC/req/middleware.py", line 316, in _apply_async
    result.content = result.json if 'json' in result else await get_content_async(result.response, request_lib)  # type: ignore
  File "/remote-home/qhgao/Workspace/Projects/RFC-crawlers/RFC-dev/RFC/req/middleware_func.py", line 88, in get_content_async
    return await resp.read()
  File "/remote-home/qhgao/Workspace/Applications/anaconda3/envs/share_py310/lib/python3.10/site-packages/aiohttp/client_reqrep.py", line 1037, in read
    self._body = await self.content.read()
  File "/remote-home/qhgao/Workspace/Applications/anaconda3/envs/share_py310/lib/python3.10/site-packages/aiohttp/streams.py", line 375, in read
    block = await self.readany()
  File "/remote-home/qhgao/Workspace/Applications/anaconda3/envs/share_py310/lib/python3.10/site-packages/aiohttp/streams.py", line 397, in readany
    await self._wait("readany")
  File "/remote-home/qhgao/Workspace/Applications/anaconda3/envs/share_py310/lib/python3.10/site-packages/aiohttp/streams.py", line 303, in _wait
    with self._timer:
  File "/remote-home/qhgao/Workspace/Applications/anaconda3/envs/share_py310/lib/python3.10/site-packages/aiohttp/helpers.py", line 721, in __exit__
    raise asyncio.TimeoutError from None
asyncio.exceptions.TimeoutError


2024-04-04 01:27:37,170 <requestor-worker-1:1998827, MainThread:140298684229440> (requestor.py:_fetch_single_async:216 -> requestor.py:_handle_error:99) from logger `RFC.requestor_failed`
[ERROR] failed on AudioBookAudioPage(1205314), caught error "['ValueError'] ValueError('unexpected status code 404 in response of AudioBookAudioPage(1205314)')"

2024-04-04 01:27:37,172 <requestor-worker-1:1998827, MainThread:140298684229440> (requestor.py:_fetch_single_async:216 -> requestor.py:_handle_error:100) from logger `RFC.requestor_failed`
[ERROR] Traceback (most recent call last):
  File "/remote-home/qhgao/Workspace/Projects/RFC-crawlers/RFC-dev/RFC/req/requestor.py", line 206, in _fetch_single_async
    result = await middleware.apply_async(item, result, self._session._request_lib, self._session._async_lib)
  File "/remote-home/qhgao/Workspace/Projects/RFC-crawlers/RFC-dev/RFC/req/middleware.py", line 121, in apply_async
    self._handle_error(e, item, result)
  File "/remote-home/qhgao/Workspace/Projects/RFC-crawlers/RFC-dev/RFC/req/middleware.py", line 83, in _handle_error
    raise error
  File "/remote-home/qhgao/Workspace/Projects/RFC-crawlers/RFC-dev/RFC/req/middleware.py", line 114, in apply_async
    _result = await self._apply_async(item, result, request_lib, async_lib)
  File "/remote-home/qhgao/Workspace/Projects/RFC-crawlers/RFC-dev/RFC/req/middleware.py", line 180, in _apply_async
    return self._apply_sync(item, result, request_lib)
  File "/remote-home/qhgao/Workspace/Projects/RFC-crawlers/RFC-dev/RFC/req/middleware.py", line 168, in _apply_sync
    raise ValueError(f"unexpected status code {repr(status_code)} in response of {repr(item)}")
ValueError: unexpected status code 404 in response of AudioBookAudioPage(1205314)


2024-04-04 01:28:21,935 <requestor-worker-1:1998827, MainThread:140298684229440> (requestor.py:_fetch_single_async:216 -> requestor.py:_handle_error:99) from logger `RFC.requestor_failed`
[ERROR] failed on AudioBookAudioPage(1205205).AudioBookAudioFile(1205205), caught error "['TimeoutError'] TimeoutError()"

2024-04-04 01:28:21,937 <requestor-worker-1:1998827, MainThread:140298684229440> (requestor.py:_fetch_single_async:216 -> requestor.py:_handle_error:100) from logger `RFC.requestor_failed`
[ERROR] Traceback (most recent call last):
  File "/remote-home/qhgao/Workspace/Projects/RFC-crawlers/RFC-dev/RFC/req/requestor.py", line 206, in _fetch_single_async
    result = await middleware.apply_async(item, result, self._session._request_lib, self._session._async_lib)
  File "/remote-home/qhgao/Workspace/Projects/RFC-crawlers/RFC-dev/RFC/req/middleware.py", line 121, in apply_async
    self._handle_error(e, item, result)
  File "/remote-home/qhgao/Workspace/Projects/RFC-crawlers/RFC-dev/RFC/req/middleware.py", line 83, in _handle_error
    raise error
  File "/remote-home/qhgao/Workspace/Projects/RFC-crawlers/RFC-dev/RFC/req/middleware.py", line 114, in apply_async
    _result = await self._apply_async(item, result, request_lib, async_lib)
  File "/remote-home/qhgao/Workspace/Projects/RFC-crawlers/RFC-dev/RFC/req/middleware.py", line 316, in _apply_async
    result.content = result.json if 'json' in result else await get_content_async(result.response, request_lib)  # type: ignore
  File "/remote-home/qhgao/Workspace/Projects/RFC-crawlers/RFC-dev/RFC/req/middleware_func.py", line 88, in get_content_async
    return await resp.read()
  File "/remote-home/qhgao/Workspace/Applications/anaconda3/envs/share_py310/lib/python3.10/site-packages/aiohttp/client_reqrep.py", line 1037, in read
    self._body = await self.content.read()
  File "/remote-home/qhgao/Workspace/Applications/anaconda3/envs/share_py310/lib/python3.10/site-packages/aiohttp/streams.py", line 375, in read
    block = await self.readany()
  File "/remote-home/qhgao/Workspace/Applications/anaconda3/envs/share_py310/lib/python3.10/site-packages/aiohttp/streams.py", line 397, in readany
    await self._wait("readany")
  File "/remote-home/qhgao/Workspace/Applications/anaconda3/envs/share_py310/lib/python3.10/site-packages/aiohttp/streams.py", line 303, in _wait
    with self._timer:
  File "/remote-home/qhgao/Workspace/Applications/anaconda3/envs/share_py310/lib/python3.10/site-packages/aiohttp/helpers.py", line 721, in __exit__
    raise asyncio.TimeoutError from None
asyncio.exceptions.TimeoutError


2024-04-04 01:28:28,295 <requestor-worker-1:1998827, MainThread:140298684229440> (requestor.py:_fetch_single_async:216 -> requestor.py:_handle_error:99) from logger `RFC.requestor_failed`
[ERROR] failed on AudioBookAudioPage(1205221).AudioBookAudioFile(1205221), caught error "['TimeoutError'] TimeoutError()"

2024-04-04 01:28:28,296 <requestor-worker-1:1998827, MainThread:140298684229440> (requestor.py:_fetch_single_async:216 -> requestor.py:_handle_error:100) from logger `RFC.requestor_failed`
[ERROR] Traceback (most recent call last):
  File "/remote-home/qhgao/Workspace/Projects/RFC-crawlers/RFC-dev/RFC/req/requestor.py", line 206, in _fetch_single_async
    result = await middleware.apply_async(item, result, self._session._request_lib, self._session._async_lib)
  File "/remote-home/qhgao/Workspace/Projects/RFC-crawlers/RFC-dev/RFC/req/middleware.py", line 121, in apply_async
    self._handle_error(e, item, result)
  File "/remote-home/qhgao/Workspace/Projects/RFC-crawlers/RFC-dev/RFC/req/middleware.py", line 83, in _handle_error
    raise error
  File "/remote-home/qhgao/Workspace/Projects/RFC-crawlers/RFC-dev/RFC/req/middleware.py", line 114, in apply_async
    _result = await self._apply_async(item, result, request_lib, async_lib)
  File "/remote-home/qhgao/Workspace/Projects/RFC-crawlers/RFC-dev/RFC/req/middleware.py", line 316, in _apply_async
    result.content = result.json if 'json' in result else await get_content_async(result.response, request_lib)  # type: ignore
  File "/remote-home/qhgao/Workspace/Projects/RFC-crawlers/RFC-dev/RFC/req/middleware_func.py", line 88, in get_content_async
    return await resp.read()
  File "/remote-home/qhgao/Workspace/Applications/anaconda3/envs/share_py310/lib/python3.10/site-packages/aiohttp/client_reqrep.py", line 1037, in read
    self._body = await self.content.read()
  File "/remote-home/qhgao/Workspace/Applications/anaconda3/envs/share_py310/lib/python3.10/site-packages/aiohttp/streams.py", line 375, in read
    block = await self.readany()
  File "/remote-home/qhgao/Workspace/Applications/anaconda3/envs/share_py310/lib/python3.10/site-packages/aiohttp/streams.py", line 397, in readany
    await self._wait("readany")
  File "/remote-home/qhgao/Workspace/Applications/anaconda3/envs/share_py310/lib/python3.10/site-packages/aiohttp/streams.py", line 303, in _wait
    with self._timer:
  File "/remote-home/qhgao/Workspace/Applications/anaconda3/envs/share_py310/lib/python3.10/site-packages/aiohttp/helpers.py", line 721, in __exit__
    raise asyncio.TimeoutError from None
asyncio.exceptions.TimeoutError


2024-04-04 01:29:22,309 <requestor-worker-1:1998827, MainThread:140298684229440> (requestor.py:_fetch_single_async:216 -> requestor.py:_handle_error:99) from logger `RFC.requestor_failed`
[ERROR] failed on AudioBookAudioPage(1205245).AudioBookAudioFile(1205245), caught error "['TimeoutError'] TimeoutError()"

2024-04-04 01:29:22,312 <requestor-worker-1:1998827, MainThread:140298684229440> (requestor.py:_fetch_single_async:216 -> requestor.py:_handle_error:100) from logger `RFC.requestor_failed`
[ERROR] Traceback (most recent call last):
  File "/remote-home/qhgao/Workspace/Projects/RFC-crawlers/RFC-dev/RFC/req/requestor.py", line 206, in _fetch_single_async
    result = await middleware.apply_async(item, result, self._session._request_lib, self._session._async_lib)
  File "/remote-home/qhgao/Workspace/Projects/RFC-crawlers/RFC-dev/RFC/req/middleware.py", line 121, in apply_async
    self._handle_error(e, item, result)
  File "/remote-home/qhgao/Workspace/Projects/RFC-crawlers/RFC-dev/RFC/req/middleware.py", line 83, in _handle_error
    raise error
  File "/remote-home/qhgao/Workspace/Projects/RFC-crawlers/RFC-dev/RFC/req/middleware.py", line 114, in apply_async
    _result = await self._apply_async(item, result, request_lib, async_lib)
  File "/remote-home/qhgao/Workspace/Projects/RFC-crawlers/RFC-dev/RFC/req/middleware.py", line 316, in _apply_async
    result.content = result.json if 'json' in result else await get_content_async(result.response, request_lib)  # type: ignore
  File "/remote-home/qhgao/Workspace/Projects/RFC-crawlers/RFC-dev/RFC/req/middleware_func.py", line 88, in get_content_async
    return await resp.read()
  File "/remote-home/qhgao/Workspace/Applications/anaconda3/envs/share_py310/lib/python3.10/site-packages/aiohttp/client_reqrep.py", line 1037, in read
    self._body = await self.content.read()
  File "/remote-home/qhgao/Workspace/Applications/anaconda3/envs/share_py310/lib/python3.10/site-packages/aiohttp/streams.py", line 375, in read
    block = await self.readany()
  File "/remote-home/qhgao/Workspace/Applications/anaconda3/envs/share_py310/lib/python3.10/site-packages/aiohttp/streams.py", line 397, in readany
    await self._wait("readany")
  File "/remote-home/qhgao/Workspace/Applications/anaconda3/envs/share_py310/lib/python3.10/site-packages/aiohttp/streams.py", line 303, in _wait
    with self._timer:
  File "/remote-home/qhgao/Workspace/Applications/anaconda3/envs/share_py310/lib/python3.10/site-packages/aiohttp/helpers.py", line 721, in __exit__
    raise asyncio.TimeoutError from None
asyncio.exceptions.TimeoutError


2024-04-04 01:29:45,307 <requestor-worker-1:1998827, MainThread:140298684229440> (requestor.py:_fetch_single_async:216 -> requestor.py:_handle_error:99) from logger `RFC.requestor_failed`
[ERROR] failed on AudioBookAudioPage(1205264).AudioBookAudioFile(1205264), caught error "['TimeoutError'] TimeoutError()"

2024-04-04 01:29:45,309 <requestor-worker-1:1998827, MainThread:140298684229440> (requestor.py:_fetch_single_async:216 -> requestor.py:_handle_error:100) from logger `RFC.requestor_failed`
[ERROR] Traceback (most recent call last):
  File "/remote-home/qhgao/Workspace/Projects/RFC-crawlers/RFC-dev/RFC/req/requestor.py", line 206, in _fetch_single_async
    result = await middleware.apply_async(item, result, self._session._request_lib, self._session._async_lib)
  File "/remote-home/qhgao/Workspace/Projects/RFC-crawlers/RFC-dev/RFC/req/middleware.py", line 121, in apply_async
    self._handle_error(e, item, result)
  File "/remote-home/qhgao/Workspace/Projects/RFC-crawlers/RFC-dev/RFC/req/middleware.py", line 83, in _handle_error
    raise error
  File "/remote-home/qhgao/Workspace/Projects/RFC-crawlers/RFC-dev/RFC/req/middleware.py", line 114, in apply_async
    _result = await self._apply_async(item, result, request_lib, async_lib)
  File "/remote-home/qhgao/Workspace/Projects/RFC-crawlers/RFC-dev/RFC/req/middleware.py", line 316, in _apply_async
    result.content = result.json if 'json' in result else await get_content_async(result.response, request_lib)  # type: ignore
  File "/remote-home/qhgao/Workspace/Projects/RFC-crawlers/RFC-dev/RFC/req/middleware_func.py", line 88, in get_content_async
    return await resp.read()
  File "/remote-home/qhgao/Workspace/Applications/anaconda3/envs/share_py310/lib/python3.10/site-packages/aiohttp/client_reqrep.py", line 1037, in read
    self._body = await self.content.read()
  File "/remote-home/qhgao/Workspace/Applications/anaconda3/envs/share_py310/lib/python3.10/site-packages/aiohttp/streams.py", line 375, in read
    block = await self.readany()
  File "/remote-home/qhgao/Workspace/Applications/anaconda3/envs/share_py310/lib/python3.10/site-packages/aiohttp/streams.py", line 397, in readany
    await self._wait("readany")
  File "/remote-home/qhgao/Workspace/Applications/anaconda3/envs/share_py310/lib/python3.10/site-packages/aiohttp/streams.py", line 303, in _wait
    with self._timer:
  File "/remote-home/qhgao/Workspace/Applications/anaconda3/envs/share_py310/lib/python3.10/site-packages/aiohttp/helpers.py", line 721, in __exit__
    raise asyncio.TimeoutError from None
asyncio.exceptions.TimeoutError


2024-04-04 01:30:28,312 <requestor-worker-1:1998827, MainThread:140298684229440> (requestor.py:_fetch_single_async:216 -> requestor.py:_handle_error:99) from logger `RFC.requestor_failed`
[ERROR] failed on AudioBookAudioPage(1205280).AudioBookAudioFile(1205280), caught error "['TimeoutError'] TimeoutError()"

2024-04-04 01:30:28,314 <requestor-worker-1:1998827, MainThread:140298684229440> (requestor.py:_fetch_single_async:216 -> requestor.py:_handle_error:100) from logger `RFC.requestor_failed`
[ERROR] Traceback (most recent call last):
  File "/remote-home/qhgao/Workspace/Projects/RFC-crawlers/RFC-dev/RFC/req/requestor.py", line 206, in _fetch_single_async
    result = await middleware.apply_async(item, result, self._session._request_lib, self._session._async_lib)
  File "/remote-home/qhgao/Workspace/Projects/RFC-crawlers/RFC-dev/RFC/req/middleware.py", line 121, in apply_async
    self._handle_error(e, item, result)
  File "/remote-home/qhgao/Workspace/Projects/RFC-crawlers/RFC-dev/RFC/req/middleware.py", line 83, in _handle_error
    raise error
  File "/remote-home/qhgao/Workspace/Projects/RFC-crawlers/RFC-dev/RFC/req/middleware.py", line 114, in apply_async
    _result = await self._apply_async(item, result, request_lib, async_lib)
  File "/remote-home/qhgao/Workspace/Projects/RFC-crawlers/RFC-dev/RFC/req/middleware.py", line 316, in _apply_async
    result.content = result.json if 'json' in result else await get_content_async(result.response, request_lib)  # type: ignore
  File "/remote-home/qhgao/Workspace/Projects/RFC-crawlers/RFC-dev/RFC/req/middleware_func.py", line 88, in get_content_async
    return await resp.read()
  File "/remote-home/qhgao/Workspace/Applications/anaconda3/envs/share_py310/lib/python3.10/site-packages/aiohttp/client_reqrep.py", line 1037, in read
    self._body = await self.content.read()
  File "/remote-home/qhgao/Workspace/Applications/anaconda3/envs/share_py310/lib/python3.10/site-packages/aiohttp/streams.py", line 375, in read
    block = await self.readany()
  File "/remote-home/qhgao/Workspace/Applications/anaconda3/envs/share_py310/lib/python3.10/site-packages/aiohttp/streams.py", line 397, in readany
    await self._wait("readany")
  File "/remote-home/qhgao/Workspace/Applications/anaconda3/envs/share_py310/lib/python3.10/site-packages/aiohttp/streams.py", line 303, in _wait
    with self._timer:
  File "/remote-home/qhgao/Workspace/Applications/anaconda3/envs/share_py310/lib/python3.10/site-packages/aiohttp/helpers.py", line 721, in __exit__
    raise asyncio.TimeoutError from None
asyncio.exceptions.TimeoutError


2024-04-04 01:30:28,322 <requestor-worker-1:1998827, MainThread:140298684229440> (requestor.py:_fetch_single_async:216 -> requestor.py:_handle_error:99) from logger `RFC.requestor_failed`
[ERROR] failed on AudioBookAudioPage(1205281).AudioBookAudioFile(1205281), caught error "['TimeoutError'] TimeoutError()"

2024-04-04 01:30:28,324 <requestor-worker-1:1998827, MainThread:140298684229440> (requestor.py:_fetch_single_async:216 -> requestor.py:_handle_error:100) from logger `RFC.requestor_failed`
[ERROR] Traceback (most recent call last):
  File "/remote-home/qhgao/Workspace/Projects/RFC-crawlers/RFC-dev/RFC/req/requestor.py", line 206, in _fetch_single_async
    result = await middleware.apply_async(item, result, self._session._request_lib, self._session._async_lib)
  File "/remote-home/qhgao/Workspace/Projects/RFC-crawlers/RFC-dev/RFC/req/middleware.py", line 121, in apply_async
    self._handle_error(e, item, result)
  File "/remote-home/qhgao/Workspace/Projects/RFC-crawlers/RFC-dev/RFC/req/middleware.py", line 83, in _handle_error
    raise error
  File "/remote-home/qhgao/Workspace/Projects/RFC-crawlers/RFC-dev/RFC/req/middleware.py", line 114, in apply_async
    _result = await self._apply_async(item, result, request_lib, async_lib)
  File "/remote-home/qhgao/Workspace/Projects/RFC-crawlers/RFC-dev/RFC/req/middleware.py", line 316, in _apply_async
    result.content = result.json if 'json' in result else await get_content_async(result.response, request_lib)  # type: ignore
  File "/remote-home/qhgao/Workspace/Projects/RFC-crawlers/RFC-dev/RFC/req/middleware_func.py", line 88, in get_content_async
    return await resp.read()
  File "/remote-home/qhgao/Workspace/Applications/anaconda3/envs/share_py310/lib/python3.10/site-packages/aiohttp/client_reqrep.py", line 1037, in read
    self._body = await self.content.read()
  File "/remote-home/qhgao/Workspace/Applications/anaconda3/envs/share_py310/lib/python3.10/site-packages/aiohttp/streams.py", line 375, in read
    block = await self.readany()
  File "/remote-home/qhgao/Workspace/Applications/anaconda3/envs/share_py310/lib/python3.10/site-packages/aiohttp/streams.py", line 397, in readany
    await self._wait("readany")
  File "/remote-home/qhgao/Workspace/Applications/anaconda3/envs/share_py310/lib/python3.10/site-packages/aiohttp/streams.py", line 303, in _wait
    with self._timer:
  File "/remote-home/qhgao/Workspace/Applications/anaconda3/envs/share_py310/lib/python3.10/site-packages/aiohttp/helpers.py", line 721, in __exit__
    raise asyncio.TimeoutError from None
asyncio.exceptions.TimeoutError


2024-04-04 01:30:31,784 <requestor-worker-1:1998827, MainThread:140298684229440> (requestor.py:_fetch_single_async:216 -> requestor.py:_handle_error:99) from logger `RFC.requestor_failed`
[ERROR] failed on AudioBookAudioPage(1205420), caught error "['ValueError'] ValueError('unexpected status code 404 in response of AudioBookAudioPage(1205420)')"

2024-04-04 01:30:31,785 <requestor-worker-1:1998827, MainThread:140298684229440> (requestor.py:_fetch_single_async:216 -> requestor.py:_handle_error:100) from logger `RFC.requestor_failed`
[ERROR] Traceback (most recent call last):
  File "/remote-home/qhgao/Workspace/Projects/RFC-crawlers/RFC-dev/RFC/req/requestor.py", line 206, in _fetch_single_async
    result = await middleware.apply_async(item, result, self._session._request_lib, self._session._async_lib)
  File "/remote-home/qhgao/Workspace/Projects/RFC-crawlers/RFC-dev/RFC/req/middleware.py", line 121, in apply_async
    self._handle_error(e, item, result)
  File "/remote-home/qhgao/Workspace/Projects/RFC-crawlers/RFC-dev/RFC/req/middleware.py", line 83, in _handle_error
    raise error
  File "/remote-home/qhgao/Workspace/Projects/RFC-crawlers/RFC-dev/RFC/req/middleware.py", line 114, in apply_async
    _result = await self._apply_async(item, result, request_lib, async_lib)
  File "/remote-home/qhgao/Workspace/Projects/RFC-crawlers/RFC-dev/RFC/req/middleware.py", line 180, in _apply_async
    return self._apply_sync(item, result, request_lib)
  File "/remote-home/qhgao/Workspace/Projects/RFC-crawlers/RFC-dev/RFC/req/middleware.py", line 168, in _apply_sync
    raise ValueError(f"unexpected status code {repr(status_code)} in response of {repr(item)}")
ValueError: unexpected status code 404 in response of AudioBookAudioPage(1205420)


2024-04-04 01:30:32,680 <requestor-worker-1:1998827, MainThread:140298684229440> (requestor.py:_fetch_single_async:216 -> requestor.py:_handle_error:99) from logger `RFC.requestor_failed`
[ERROR] failed on AudioBookAudioPage(1205412), caught error "['ValueError'] ValueError('unexpected status code 404 in response of AudioBookAudioPage(1205412)')"

2024-04-04 01:30:32,681 <requestor-worker-1:1998827, MainThread:140298684229440> (requestor.py:_fetch_single_async:216 -> requestor.py:_handle_error:100) from logger `RFC.requestor_failed`
[ERROR] Traceback (most recent call last):
  File "/remote-home/qhgao/Workspace/Projects/RFC-crawlers/RFC-dev/RFC/req/requestor.py", line 206, in _fetch_single_async
    result = await middleware.apply_async(item, result, self._session._request_lib, self._session._async_lib)
  File "/remote-home/qhgao/Workspace/Projects/RFC-crawlers/RFC-dev/RFC/req/middleware.py", line 121, in apply_async
    self._handle_error(e, item, result)
  File "/remote-home/qhgao/Workspace/Projects/RFC-crawlers/RFC-dev/RFC/req/middleware.py", line 83, in _handle_error
    raise error
  File "/remote-home/qhgao/Workspace/Projects/RFC-crawlers/RFC-dev/RFC/req/middleware.py", line 114, in apply_async
    _result = await self._apply_async(item, result, request_lib, async_lib)
  File "/remote-home/qhgao/Workspace/Projects/RFC-crawlers/RFC-dev/RFC/req/middleware.py", line 180, in _apply_async
    return self._apply_sync(item, result, request_lib)
  File "/remote-home/qhgao/Workspace/Projects/RFC-crawlers/RFC-dev/RFC/req/middleware.py", line 168, in _apply_sync
    raise ValueError(f"unexpected status code {repr(status_code)} in response of {repr(item)}")
ValueError: unexpected status code 404 in response of AudioBookAudioPage(1205412)


2024-04-04 01:30:33,446 <requestor-worker-1:1998827, MainThread:140298684229440> (requestor.py:_fetch_single_async:216 -> requestor.py:_handle_error:99) from logger `RFC.requestor_failed`
[ERROR] failed on AudioBookAudioPage(1205282).AudioBookAudioFile(1205282), caught error "['TimeoutError'] TimeoutError()"

2024-04-04 01:30:33,447 <requestor-worker-1:1998827, MainThread:140298684229440> (requestor.py:_fetch_single_async:216 -> requestor.py:_handle_error:100) from logger `RFC.requestor_failed`
[ERROR] Traceback (most recent call last):
  File "/remote-home/qhgao/Workspace/Projects/RFC-crawlers/RFC-dev/RFC/req/requestor.py", line 206, in _fetch_single_async
    result = await middleware.apply_async(item, result, self._session._request_lib, self._session._async_lib)
  File "/remote-home/qhgao/Workspace/Projects/RFC-crawlers/RFC-dev/RFC/req/middleware.py", line 121, in apply_async
    self._handle_error(e, item, result)
  File "/remote-home/qhgao/Workspace/Projects/RFC-crawlers/RFC-dev/RFC/req/middleware.py", line 83, in _handle_error
    raise error
  File "/remote-home/qhgao/Workspace/Projects/RFC-crawlers/RFC-dev/RFC/req/middleware.py", line 114, in apply_async
    _result = await self._apply_async(item, result, request_lib, async_lib)
  File "/remote-home/qhgao/Workspace/Projects/RFC-crawlers/RFC-dev/RFC/req/middleware.py", line 316, in _apply_async
    result.content = result.json if 'json' in result else await get_content_async(result.response, request_lib)  # type: ignore
  File "/remote-home/qhgao/Workspace/Projects/RFC-crawlers/RFC-dev/RFC/req/middleware_func.py", line 88, in get_content_async
    return await resp.read()
  File "/remote-home/qhgao/Workspace/Applications/anaconda3/envs/share_py310/lib/python3.10/site-packages/aiohttp/client_reqrep.py", line 1037, in read
    self._body = await self.content.read()
  File "/remote-home/qhgao/Workspace/Applications/anaconda3/envs/share_py310/lib/python3.10/site-packages/aiohttp/streams.py", line 375, in read
    block = await self.readany()
  File "/remote-home/qhgao/Workspace/Applications/anaconda3/envs/share_py310/lib/python3.10/site-packages/aiohttp/streams.py", line 397, in readany
    await self._wait("readany")
  File "/remote-home/qhgao/Workspace/Applications/anaconda3/envs/share_py310/lib/python3.10/site-packages/aiohttp/streams.py", line 303, in _wait
    with self._timer:
  File "/remote-home/qhgao/Workspace/Applications/anaconda3/envs/share_py310/lib/python3.10/site-packages/aiohttp/helpers.py", line 721, in __exit__
    raise asyncio.TimeoutError from None
asyncio.exceptions.TimeoutError


2024-04-04 01:30:56,298 <requestor-worker-1:1998827, MainThread:140298684229440> (requestor.py:_fetch_single_async:216 -> requestor.py:_handle_error:99) from logger `RFC.requestor_failed`
[ERROR] failed on AudioBookAudioPage(1205288).AudioBookAudioFile(1205288), caught error "['TimeoutError'] TimeoutError()"

2024-04-04 01:30:56,300 <requestor-worker-1:1998827, MainThread:140298684229440> (requestor.py:_fetch_single_async:216 -> requestor.py:_handle_error:100) from logger `RFC.requestor_failed`
[ERROR] Traceback (most recent call last):
  File "/remote-home/qhgao/Workspace/Projects/RFC-crawlers/RFC-dev/RFC/req/requestor.py", line 206, in _fetch_single_async
    result = await middleware.apply_async(item, result, self._session._request_lib, self._session._async_lib)
  File "/remote-home/qhgao/Workspace/Projects/RFC-crawlers/RFC-dev/RFC/req/middleware.py", line 121, in apply_async
    self._handle_error(e, item, result)
  File "/remote-home/qhgao/Workspace/Projects/RFC-crawlers/RFC-dev/RFC/req/middleware.py", line 83, in _handle_error
    raise error
  File "/remote-home/qhgao/Workspace/Projects/RFC-crawlers/RFC-dev/RFC/req/middleware.py", line 114, in apply_async
    _result = await self._apply_async(item, result, request_lib, async_lib)
  File "/remote-home/qhgao/Workspace/Projects/RFC-crawlers/RFC-dev/RFC/req/middleware.py", line 316, in _apply_async
    result.content = result.json if 'json' in result else await get_content_async(result.response, request_lib)  # type: ignore
  File "/remote-home/qhgao/Workspace/Projects/RFC-crawlers/RFC-dev/RFC/req/middleware_func.py", line 88, in get_content_async
    return await resp.read()
  File "/remote-home/qhgao/Workspace/Applications/anaconda3/envs/share_py310/lib/python3.10/site-packages/aiohttp/client_reqrep.py", line 1037, in read
    self._body = await self.content.read()
  File "/remote-home/qhgao/Workspace/Applications/anaconda3/envs/share_py310/lib/python3.10/site-packages/aiohttp/streams.py", line 375, in read
    block = await self.readany()
  File "/remote-home/qhgao/Workspace/Applications/anaconda3/envs/share_py310/lib/python3.10/site-packages/aiohttp/streams.py", line 397, in readany
    await self._wait("readany")
  File "/remote-home/qhgao/Workspace/Applications/anaconda3/envs/share_py310/lib/python3.10/site-packages/aiohttp/streams.py", line 303, in _wait
    with self._timer:
  File "/remote-home/qhgao/Workspace/Applications/anaconda3/envs/share_py310/lib/python3.10/site-packages/aiohttp/helpers.py", line 721, in __exit__
    raise asyncio.TimeoutError from None
asyncio.exceptions.TimeoutError


2024-04-04 01:30:59,854 <requestor-worker-1:1998827, MainThread:140298684229440> (requestor.py:_fetch_single_async:216 -> requestor.py:_handle_error:99) from logger `RFC.requestor_failed`
[ERROR] failed on AudioBookAudioPage(1205443), caught error "['ValueError'] ValueError('unexpected status code 404 in response of AudioBookAudioPage(1205443)')"

2024-04-04 01:30:59,857 <requestor-worker-1:1998827, MainThread:140298684229440> (requestor.py:_fetch_single_async:216 -> requestor.py:_handle_error:100) from logger `RFC.requestor_failed`
[ERROR] Traceback (most recent call last):
  File "/remote-home/qhgao/Workspace/Projects/RFC-crawlers/RFC-dev/RFC/req/requestor.py", line 206, in _fetch_single_async
    result = await middleware.apply_async(item, result, self._session._request_lib, self._session._async_lib)
  File "/remote-home/qhgao/Workspace/Projects/RFC-crawlers/RFC-dev/RFC/req/middleware.py", line 121, in apply_async
    self._handle_error(e, item, result)
  File "/remote-home/qhgao/Workspace/Projects/RFC-crawlers/RFC-dev/RFC/req/middleware.py", line 83, in _handle_error
    raise error
  File "/remote-home/qhgao/Workspace/Projects/RFC-crawlers/RFC-dev/RFC/req/middleware.py", line 114, in apply_async
    _result = await self._apply_async(item, result, request_lib, async_lib)
  File "/remote-home/qhgao/Workspace/Projects/RFC-crawlers/RFC-dev/RFC/req/middleware.py", line 180, in _apply_async
    return self._apply_sync(item, result, request_lib)
  File "/remote-home/qhgao/Workspace/Projects/RFC-crawlers/RFC-dev/RFC/req/middleware.py", line 168, in _apply_sync
    raise ValueError(f"unexpected status code {repr(status_code)} in response of {repr(item)}")
ValueError: unexpected status code 404 in response of AudioBookAudioPage(1205443)


2024-04-04 01:31:00,134 <requestor-worker-1:1998827, MainThread:140298684229440> (requestor.py:_fetch_single_async:216 -> requestor.py:_handle_error:99) from logger `RFC.requestor_failed`
[ERROR] failed on AudioBookAudioPage(1205442), caught error "['ValueError'] ValueError('unexpected status code 404 in response of AudioBookAudioPage(1205442)')"

2024-04-04 01:31:00,135 <requestor-worker-1:1998827, MainThread:140298684229440> (requestor.py:_fetch_single_async:216 -> requestor.py:_handle_error:100) from logger `RFC.requestor_failed`
[ERROR] Traceback (most recent call last):
  File "/remote-home/qhgao/Workspace/Projects/RFC-crawlers/RFC-dev/RFC/req/requestor.py", line 206, in _fetch_single_async
    result = await middleware.apply_async(item, result, self._session._request_lib, self._session._async_lib)
  File "/remote-home/qhgao/Workspace/Projects/RFC-crawlers/RFC-dev/RFC/req/middleware.py", line 121, in apply_async
    self._handle_error(e, item, result)
  File "/remote-home/qhgao/Workspace/Projects/RFC-crawlers/RFC-dev/RFC/req/middleware.py", line 83, in _handle_error
    raise error
  File "/remote-home/qhgao/Workspace/Projects/RFC-crawlers/RFC-dev/RFC/req/middleware.py", line 114, in apply_async
    _result = await self._apply_async(item, result, request_lib, async_lib)
  File "/remote-home/qhgao/Workspace/Projects/RFC-crawlers/RFC-dev/RFC/req/middleware.py", line 180, in _apply_async
    return self._apply_sync(item, result, request_lib)
  File "/remote-home/qhgao/Workspace/Projects/RFC-crawlers/RFC-dev/RFC/req/middleware.py", line 168, in _apply_sync
    raise ValueError(f"unexpected status code {repr(status_code)} in response of {repr(item)}")
ValueError: unexpected status code 404 in response of AudioBookAudioPage(1205442)


2024-04-04 01:31:04,542 <requestor-worker-1:1998827, MainThread:140298684229440> (requestor.py:_fetch_single_async:216 -> requestor.py:_handle_error:99) from logger `RFC.requestor_failed`
[ERROR] failed on AudioBookAudioPage(1205450), caught error "['ValueError'] ValueError('unexpected status code 404 in response of AudioBookAudioPage(1205450)')"

2024-04-04 01:31:04,544 <requestor-worker-1:1998827, MainThread:140298684229440> (requestor.py:_fetch_single_async:216 -> requestor.py:_handle_error:100) from logger `RFC.requestor_failed`
[ERROR] Traceback (most recent call last):
  File "/remote-home/qhgao/Workspace/Projects/RFC-crawlers/RFC-dev/RFC/req/requestor.py", line 206, in _fetch_single_async
    result = await middleware.apply_async(item, result, self._session._request_lib, self._session._async_lib)
  File "/remote-home/qhgao/Workspace/Projects/RFC-crawlers/RFC-dev/RFC/req/middleware.py", line 121, in apply_async
    self._handle_error(e, item, result)
  File "/remote-home/qhgao/Workspace/Projects/RFC-crawlers/RFC-dev/RFC/req/middleware.py", line 83, in _handle_error
    raise error
  File "/remote-home/qhgao/Workspace/Projects/RFC-crawlers/RFC-dev/RFC/req/middleware.py", line 114, in apply_async
    _result = await self._apply_async(item, result, request_lib, async_lib)
  File "/remote-home/qhgao/Workspace/Projects/RFC-crawlers/RFC-dev/RFC/req/middleware.py", line 180, in _apply_async
    return self._apply_sync(item, result, request_lib)
  File "/remote-home/qhgao/Workspace/Projects/RFC-crawlers/RFC-dev/RFC/req/middleware.py", line 168, in _apply_sync
    raise ValueError(f"unexpected status code {repr(status_code)} in response of {repr(item)}")
ValueError: unexpected status code 404 in response of AudioBookAudioPage(1205450)


2024-04-04 01:31:13,299 <requestor-worker-1:1998827, MainThread:140298684229440> (requestor.py:_fetch_single_async:216 -> requestor.py:_handle_error:99) from logger `RFC.requestor_failed`
[ERROR] failed on AudioBookAudioPage(1205298).AudioBookAudioFile(1205298), caught error "['TimeoutError'] TimeoutError()"

2024-04-04 01:31:13,302 <requestor-worker-1:1998827, MainThread:140298684229440> (requestor.py:_fetch_single_async:216 -> requestor.py:_handle_error:100) from logger `RFC.requestor_failed`
[ERROR] Traceback (most recent call last):
  File "/remote-home/qhgao/Workspace/Projects/RFC-crawlers/RFC-dev/RFC/req/requestor.py", line 206, in _fetch_single_async
    result = await middleware.apply_async(item, result, self._session._request_lib, self._session._async_lib)
  File "/remote-home/qhgao/Workspace/Projects/RFC-crawlers/RFC-dev/RFC/req/middleware.py", line 121, in apply_async
    self._handle_error(e, item, result)
  File "/remote-home/qhgao/Workspace/Projects/RFC-crawlers/RFC-dev/RFC/req/middleware.py", line 83, in _handle_error
    raise error
  File "/remote-home/qhgao/Workspace/Projects/RFC-crawlers/RFC-dev/RFC/req/middleware.py", line 114, in apply_async
    _result = await self._apply_async(item, result, request_lib, async_lib)
  File "/remote-home/qhgao/Workspace/Projects/RFC-crawlers/RFC-dev/RFC/req/middleware.py", line 316, in _apply_async
    result.content = result.json if 'json' in result else await get_content_async(result.response, request_lib)  # type: ignore
  File "/remote-home/qhgao/Workspace/Projects/RFC-crawlers/RFC-dev/RFC/req/middleware_func.py", line 88, in get_content_async
    return await resp.read()
  File "/remote-home/qhgao/Workspace/Applications/anaconda3/envs/share_py310/lib/python3.10/site-packages/aiohttp/client_reqrep.py", line 1037, in read
    self._body = await self.content.read()
  File "/remote-home/qhgao/Workspace/Applications/anaconda3/envs/share_py310/lib/python3.10/site-packages/aiohttp/streams.py", line 375, in read
    block = await self.readany()
  File "/remote-home/qhgao/Workspace/Applications/anaconda3/envs/share_py310/lib/python3.10/site-packages/aiohttp/streams.py", line 397, in readany
    await self._wait("readany")
  File "/remote-home/qhgao/Workspace/Applications/anaconda3/envs/share_py310/lib/python3.10/site-packages/aiohttp/streams.py", line 303, in _wait
    with self._timer:
  File "/remote-home/qhgao/Workspace/Applications/anaconda3/envs/share_py310/lib/python3.10/site-packages/aiohttp/helpers.py", line 721, in __exit__
    raise asyncio.TimeoutError from None
asyncio.exceptions.TimeoutError


2024-04-04 01:31:26,321 <requestor-worker-1:1998827, MainThread:140298684229440> (requestor.py:_fetch_single_async:216 -> requestor.py:_handle_error:99) from logger `RFC.requestor_failed`
[ERROR] failed on AudioBookAudioPage(1205305).AudioBookAudioFile(1205305), caught error "['TimeoutError'] TimeoutError()"

2024-04-04 01:31:26,323 <requestor-worker-1:1998827, MainThread:140298684229440> (requestor.py:_fetch_single_async:216 -> requestor.py:_handle_error:100) from logger `RFC.requestor_failed`
[ERROR] Traceback (most recent call last):
  File "/remote-home/qhgao/Workspace/Projects/RFC-crawlers/RFC-dev/RFC/req/requestor.py", line 206, in _fetch_single_async
    result = await middleware.apply_async(item, result, self._session._request_lib, self._session._async_lib)
  File "/remote-home/qhgao/Workspace/Projects/RFC-crawlers/RFC-dev/RFC/req/middleware.py", line 121, in apply_async
    self._handle_error(e, item, result)
  File "/remote-home/qhgao/Workspace/Projects/RFC-crawlers/RFC-dev/RFC/req/middleware.py", line 83, in _handle_error
    raise error
  File "/remote-home/qhgao/Workspace/Projects/RFC-crawlers/RFC-dev/RFC/req/middleware.py", line 114, in apply_async
    _result = await self._apply_async(item, result, request_lib, async_lib)
  File "/remote-home/qhgao/Workspace/Projects/RFC-crawlers/RFC-dev/RFC/req/middleware.py", line 316, in _apply_async
    result.content = result.json if 'json' in result else await get_content_async(result.response, request_lib)  # type: ignore
  File "/remote-home/qhgao/Workspace/Projects/RFC-crawlers/RFC-dev/RFC/req/middleware_func.py", line 88, in get_content_async
    return await resp.read()
  File "/remote-home/qhgao/Workspace/Applications/anaconda3/envs/share_py310/lib/python3.10/site-packages/aiohttp/client_reqrep.py", line 1037, in read
    self._body = await self.content.read()
  File "/remote-home/qhgao/Workspace/Applications/anaconda3/envs/share_py310/lib/python3.10/site-packages/aiohttp/streams.py", line 375, in read
    block = await self.readany()
  File "/remote-home/qhgao/Workspace/Applications/anaconda3/envs/share_py310/lib/python3.10/site-packages/aiohttp/streams.py", line 397, in readany
    await self._wait("readany")
  File "/remote-home/qhgao/Workspace/Applications/anaconda3/envs/share_py310/lib/python3.10/site-packages/aiohttp/streams.py", line 303, in _wait
    with self._timer:
  File "/remote-home/qhgao/Workspace/Applications/anaconda3/envs/share_py310/lib/python3.10/site-packages/aiohttp/helpers.py", line 721, in __exit__
    raise asyncio.TimeoutError from None
asyncio.exceptions.TimeoutError


2024-04-04 01:31:33,859 <requestor-worker-1:1998827, MainThread:140298684229440> (requestor.py:_fetch_single_async:216 -> requestor.py:_handle_error:99) from logger `RFC.requestor_failed`
[ERROR] failed on AudioBookAudioPage(1205476), caught error "['ValueError'] ValueError('unexpected status code 404 in response of AudioBookAudioPage(1205476)')"

2024-04-04 01:31:33,862 <requestor-worker-1:1998827, MainThread:140298684229440> (requestor.py:_fetch_single_async:216 -> requestor.py:_handle_error:100) from logger `RFC.requestor_failed`
[ERROR] Traceback (most recent call last):
  File "/remote-home/qhgao/Workspace/Projects/RFC-crawlers/RFC-dev/RFC/req/requestor.py", line 206, in _fetch_single_async
    result = await middleware.apply_async(item, result, self._session._request_lib, self._session._async_lib)
  File "/remote-home/qhgao/Workspace/Projects/RFC-crawlers/RFC-dev/RFC/req/middleware.py", line 121, in apply_async
    self._handle_error(e, item, result)
  File "/remote-home/qhgao/Workspace/Projects/RFC-crawlers/RFC-dev/RFC/req/middleware.py", line 83, in _handle_error
    raise error
  File "/remote-home/qhgao/Workspace/Projects/RFC-crawlers/RFC-dev/RFC/req/middleware.py", line 114, in apply_async
    _result = await self._apply_async(item, result, request_lib, async_lib)
  File "/remote-home/qhgao/Workspace/Projects/RFC-crawlers/RFC-dev/RFC/req/middleware.py", line 180, in _apply_async
    return self._apply_sync(item, result, request_lib)
  File "/remote-home/qhgao/Workspace/Projects/RFC-crawlers/RFC-dev/RFC/req/middleware.py", line 168, in _apply_sync
    raise ValueError(f"unexpected status code {repr(status_code)} in response of {repr(item)}")
ValueError: unexpected status code 404 in response of AudioBookAudioPage(1205476)


2024-04-04 01:31:41,313 <requestor-worker-1:1998827, MainThread:140298684229440> (requestor.py:_fetch_single_async:216 -> requestor.py:_handle_error:99) from logger `RFC.requestor_failed`
[ERROR] failed on AudioBookAudioPage(1205469), caught error "['TimeoutError'] TimeoutError()"

2024-04-04 01:31:41,314 <requestor-worker-1:1998827, MainThread:140298684229440> (requestor.py:_fetch_single_async:216 -> requestor.py:_handle_error:100) from logger `RFC.requestor_failed`
[ERROR] Traceback (most recent call last):
  File "/remote-home/qhgao/Workspace/Projects/RFC-crawlers/RFC-dev/RFC/req/requestor.py", line 199, in _fetch_single_async
    resp = await self._session.request(item)
  File "/remote-home/qhgao/Workspace/Projects/RFC-crawlers/RFC-dev/RFC/req/session.py", line 320, in request
    return await self._session.request(**request_args)
  File "/remote-home/qhgao/Workspace/Applications/anaconda3/envs/share_py310/lib/python3.10/site-packages/aiohttp/client.py", line 560, in _request
    await resp.start(conn)
  File "/remote-home/qhgao/Workspace/Applications/anaconda3/envs/share_py310/lib/python3.10/site-packages/aiohttp/client_reqrep.py", line 894, in start
    with self._timer:
  File "/remote-home/qhgao/Workspace/Applications/anaconda3/envs/share_py310/lib/python3.10/site-packages/aiohttp/helpers.py", line 721, in __exit__
    raise asyncio.TimeoutError from None
asyncio.exceptions.TimeoutError


2024-04-04 01:31:43,296 <requestor-worker-1:1998827, MainThread:140298684229440> (requestor.py:_fetch_single_async:216 -> requestor.py:_handle_error:99) from logger `RFC.requestor_failed`
[ERROR] failed on AudioBookAudioPage(1205316).AudioBookAudioFile(1205316), caught error "['TimeoutError'] TimeoutError()"

2024-04-04 01:31:43,300 <requestor-worker-1:1998827, MainThread:140298684229440> (requestor.py:_fetch_single_async:216 -> requestor.py:_handle_error:100) from logger `RFC.requestor_failed`
[ERROR] Traceback (most recent call last):
  File "/remote-home/qhgao/Workspace/Projects/RFC-crawlers/RFC-dev/RFC/req/requestor.py", line 206, in _fetch_single_async
    result = await middleware.apply_async(item, result, self._session._request_lib, self._session._async_lib)
  File "/remote-home/qhgao/Workspace/Projects/RFC-crawlers/RFC-dev/RFC/req/middleware.py", line 121, in apply_async
    self._handle_error(e, item, result)
  File "/remote-home/qhgao/Workspace/Projects/RFC-crawlers/RFC-dev/RFC/req/middleware.py", line 83, in _handle_error
    raise error
  File "/remote-home/qhgao/Workspace/Projects/RFC-crawlers/RFC-dev/RFC/req/middleware.py", line 114, in apply_async
    _result = await self._apply_async(item, result, request_lib, async_lib)
  File "/remote-home/qhgao/Workspace/Projects/RFC-crawlers/RFC-dev/RFC/req/middleware.py", line 316, in _apply_async
    result.content = result.json if 'json' in result else await get_content_async(result.response, request_lib)  # type: ignore
  File "/remote-home/qhgao/Workspace/Projects/RFC-crawlers/RFC-dev/RFC/req/middleware_func.py", line 88, in get_content_async
    return await resp.read()
  File "/remote-home/qhgao/Workspace/Applications/anaconda3/envs/share_py310/lib/python3.10/site-packages/aiohttp/client_reqrep.py", line 1037, in read
    self._body = await self.content.read()
  File "/remote-home/qhgao/Workspace/Applications/anaconda3/envs/share_py310/lib/python3.10/site-packages/aiohttp/streams.py", line 375, in read
    block = await self.readany()
  File "/remote-home/qhgao/Workspace/Applications/anaconda3/envs/share_py310/lib/python3.10/site-packages/aiohttp/streams.py", line 397, in readany
    await self._wait("readany")
  File "/remote-home/qhgao/Workspace/Applications/anaconda3/envs/share_py310/lib/python3.10/site-packages/aiohttp/streams.py", line 303, in _wait
    with self._timer:
  File "/remote-home/qhgao/Workspace/Applications/anaconda3/envs/share_py310/lib/python3.10/site-packages/aiohttp/helpers.py", line 721, in __exit__
    raise asyncio.TimeoutError from None
asyncio.exceptions.TimeoutError


2024-04-04 01:32:59,366 <requestor-worker-1:1998827, MainThread:140298684229440> (requestor.py:_fetch_single_async:216 -> requestor.py:_handle_error:99) from logger `RFC.requestor_failed`
[ERROR] failed on AudioBookAudioPage(1205335).AudioBookAudioFile(1205335), caught error "['TimeoutError'] TimeoutError()"

2024-04-04 01:32:59,367 <requestor-worker-1:1998827, MainThread:140298684229440> (requestor.py:_fetch_single_async:216 -> requestor.py:_handle_error:100) from logger `RFC.requestor_failed`
[ERROR] Traceback (most recent call last):
  File "/remote-home/qhgao/Workspace/Projects/RFC-crawlers/RFC-dev/RFC/req/requestor.py", line 206, in _fetch_single_async
    result = await middleware.apply_async(item, result, self._session._request_lib, self._session._async_lib)
  File "/remote-home/qhgao/Workspace/Projects/RFC-crawlers/RFC-dev/RFC/req/middleware.py", line 121, in apply_async
    self._handle_error(e, item, result)
  File "/remote-home/qhgao/Workspace/Projects/RFC-crawlers/RFC-dev/RFC/req/middleware.py", line 83, in _handle_error
    raise error
  File "/remote-home/qhgao/Workspace/Projects/RFC-crawlers/RFC-dev/RFC/req/middleware.py", line 114, in apply_async
    _result = await self._apply_async(item, result, request_lib, async_lib)
  File "/remote-home/qhgao/Workspace/Projects/RFC-crawlers/RFC-dev/RFC/req/middleware.py", line 316, in _apply_async
    result.content = result.json if 'json' in result else await get_content_async(result.response, request_lib)  # type: ignore
  File "/remote-home/qhgao/Workspace/Projects/RFC-crawlers/RFC-dev/RFC/req/middleware_func.py", line 88, in get_content_async
    return await resp.read()
  File "/remote-home/qhgao/Workspace/Applications/anaconda3/envs/share_py310/lib/python3.10/site-packages/aiohttp/client_reqrep.py", line 1037, in read
    self._body = await self.content.read()
  File "/remote-home/qhgao/Workspace/Applications/anaconda3/envs/share_py310/lib/python3.10/site-packages/aiohttp/streams.py", line 375, in read
    block = await self.readany()
  File "/remote-home/qhgao/Workspace/Applications/anaconda3/envs/share_py310/lib/python3.10/site-packages/aiohttp/streams.py", line 397, in readany
    await self._wait("readany")
  File "/remote-home/qhgao/Workspace/Applications/anaconda3/envs/share_py310/lib/python3.10/site-packages/aiohttp/streams.py", line 303, in _wait
    with self._timer:
  File "/remote-home/qhgao/Workspace/Applications/anaconda3/envs/share_py310/lib/python3.10/site-packages/aiohttp/helpers.py", line 721, in __exit__
    raise asyncio.TimeoutError from None
asyncio.exceptions.TimeoutError


2024-04-04 01:33:04,305 <requestor-worker-1:1998827, MainThread:140298684229440> (requestor.py:_fetch_single_async:216 -> requestor.py:_handle_error:99) from logger `RFC.requestor_failed`
[ERROR] failed on AudioBookAudioPage(1205337).AudioBookAudioFile(1205337), caught error "['TimeoutError'] TimeoutError()"

2024-04-04 01:33:04,308 <requestor-worker-1:1998827, MainThread:140298684229440> (requestor.py:_fetch_single_async:216 -> requestor.py:_handle_error:100) from logger `RFC.requestor_failed`
[ERROR] Traceback (most recent call last):
  File "/remote-home/qhgao/Workspace/Projects/RFC-crawlers/RFC-dev/RFC/req/requestor.py", line 206, in _fetch_single_async
    result = await middleware.apply_async(item, result, self._session._request_lib, self._session._async_lib)
  File "/remote-home/qhgao/Workspace/Projects/RFC-crawlers/RFC-dev/RFC/req/middleware.py", line 121, in apply_async
    self._handle_error(e, item, result)
  File "/remote-home/qhgao/Workspace/Projects/RFC-crawlers/RFC-dev/RFC/req/middleware.py", line 83, in _handle_error
    raise error
  File "/remote-home/qhgao/Workspace/Projects/RFC-crawlers/RFC-dev/RFC/req/middleware.py", line 114, in apply_async
    _result = await self._apply_async(item, result, request_lib, async_lib)
  File "/remote-home/qhgao/Workspace/Projects/RFC-crawlers/RFC-dev/RFC/req/middleware.py", line 316, in _apply_async
    result.content = result.json if 'json' in result else await get_content_async(result.response, request_lib)  # type: ignore
  File "/remote-home/qhgao/Workspace/Projects/RFC-crawlers/RFC-dev/RFC/req/middleware_func.py", line 88, in get_content_async
    return await resp.read()
  File "/remote-home/qhgao/Workspace/Applications/anaconda3/envs/share_py310/lib/python3.10/site-packages/aiohttp/client_reqrep.py", line 1037, in read
    self._body = await self.content.read()
  File "/remote-home/qhgao/Workspace/Applications/anaconda3/envs/share_py310/lib/python3.10/site-packages/aiohttp/streams.py", line 375, in read
    block = await self.readany()
  File "/remote-home/qhgao/Workspace/Applications/anaconda3/envs/share_py310/lib/python3.10/site-packages/aiohttp/streams.py", line 397, in readany
    await self._wait("readany")
  File "/remote-home/qhgao/Workspace/Applications/anaconda3/envs/share_py310/lib/python3.10/site-packages/aiohttp/streams.py", line 303, in _wait
    with self._timer:
  File "/remote-home/qhgao/Workspace/Applications/anaconda3/envs/share_py310/lib/python3.10/site-packages/aiohttp/helpers.py", line 721, in __exit__
    raise asyncio.TimeoutError from None
asyncio.exceptions.TimeoutError


2024-04-04 01:33:05,103 <requestor-worker-1:1998827, MainThread:140298684229440> (requestor.py:_fetch_single_async:216 -> requestor.py:_handle_error:99) from logger `RFC.requestor_failed`
[ERROR] failed on AudioBookAudioPage(1205573), caught error "['ValueError'] ValueError('unexpected status code 404 in response of AudioBookAudioPage(1205573)')"

2024-04-04 01:33:05,104 <requestor-worker-1:1998827, MainThread:140298684229440> (requestor.py:_fetch_single_async:216 -> requestor.py:_handle_error:100) from logger `RFC.requestor_failed`
[ERROR] Traceback (most recent call last):
  File "/remote-home/qhgao/Workspace/Projects/RFC-crawlers/RFC-dev/RFC/req/requestor.py", line 206, in _fetch_single_async
    result = await middleware.apply_async(item, result, self._session._request_lib, self._session._async_lib)
  File "/remote-home/qhgao/Workspace/Projects/RFC-crawlers/RFC-dev/RFC/req/middleware.py", line 121, in apply_async
    self._handle_error(e, item, result)
  File "/remote-home/qhgao/Workspace/Projects/RFC-crawlers/RFC-dev/RFC/req/middleware.py", line 83, in _handle_error
    raise error
  File "/remote-home/qhgao/Workspace/Projects/RFC-crawlers/RFC-dev/RFC/req/middleware.py", line 114, in apply_async
    _result = await self._apply_async(item, result, request_lib, async_lib)
  File "/remote-home/qhgao/Workspace/Projects/RFC-crawlers/RFC-dev/RFC/req/middleware.py", line 180, in _apply_async
    return self._apply_sync(item, result, request_lib)
  File "/remote-home/qhgao/Workspace/Projects/RFC-crawlers/RFC-dev/RFC/req/middleware.py", line 168, in _apply_sync
    raise ValueError(f"unexpected status code {repr(status_code)} in response of {repr(item)}")
ValueError: unexpected status code 404 in response of AudioBookAudioPage(1205573)


2024-04-04 01:33:52,323 <requestor-worker-1:1998827, MainThread:140298684229440> (requestor.py:_fetch_single_async:216 -> requestor.py:_handle_error:99) from logger `RFC.requestor_failed`
[ERROR] failed on AudioBookAudioPage(1205383).AudioBookAudioFile(1205383), caught error "['TimeoutError'] TimeoutError()"

2024-04-04 01:33:52,325 <requestor-worker-1:1998827, MainThread:140298684229440> (requestor.py:_fetch_single_async:216 -> requestor.py:_handle_error:100) from logger `RFC.requestor_failed`
[ERROR] Traceback (most recent call last):
  File "/remote-home/qhgao/Workspace/Projects/RFC-crawlers/RFC-dev/RFC/req/requestor.py", line 206, in _fetch_single_async
    result = await middleware.apply_async(item, result, self._session._request_lib, self._session._async_lib)
  File "/remote-home/qhgao/Workspace/Projects/RFC-crawlers/RFC-dev/RFC/req/middleware.py", line 121, in apply_async
    self._handle_error(e, item, result)
  File "/remote-home/qhgao/Workspace/Projects/RFC-crawlers/RFC-dev/RFC/req/middleware.py", line 83, in _handle_error
    raise error
  File "/remote-home/qhgao/Workspace/Projects/RFC-crawlers/RFC-dev/RFC/req/middleware.py", line 114, in apply_async
    _result = await self._apply_async(item, result, request_lib, async_lib)
  File "/remote-home/qhgao/Workspace/Projects/RFC-crawlers/RFC-dev/RFC/req/middleware.py", line 316, in _apply_async
    result.content = result.json if 'json' in result else await get_content_async(result.response, request_lib)  # type: ignore
  File "/remote-home/qhgao/Workspace/Projects/RFC-crawlers/RFC-dev/RFC/req/middleware_func.py", line 88, in get_content_async
    return await resp.read()
  File "/remote-home/qhgao/Workspace/Applications/anaconda3/envs/share_py310/lib/python3.10/site-packages/aiohttp/client_reqrep.py", line 1037, in read
    self._body = await self.content.read()
  File "/remote-home/qhgao/Workspace/Applications/anaconda3/envs/share_py310/lib/python3.10/site-packages/aiohttp/streams.py", line 375, in read
    block = await self.readany()
  File "/remote-home/qhgao/Workspace/Applications/anaconda3/envs/share_py310/lib/python3.10/site-packages/aiohttp/streams.py", line 397, in readany
    await self._wait("readany")
  File "/remote-home/qhgao/Workspace/Applications/anaconda3/envs/share_py310/lib/python3.10/site-packages/aiohttp/streams.py", line 303, in _wait
    with self._timer:
  File "/remote-home/qhgao/Workspace/Applications/anaconda3/envs/share_py310/lib/python3.10/site-packages/aiohttp/helpers.py", line 721, in __exit__
    raise asyncio.TimeoutError from None
asyncio.exceptions.TimeoutError


2024-04-04 01:33:54,308 <requestor-worker-1:1998827, MainThread:140298684229440> (requestor.py:_fetch_single_async:216 -> requestor.py:_handle_error:99) from logger `RFC.requestor_failed`
[ERROR] failed on AudioBookAudioPage(1205670), caught error "['TimeoutError'] TimeoutError()"

2024-04-04 01:33:54,310 <requestor-worker-1:1998827, MainThread:140298684229440> (requestor.py:_fetch_single_async:216 -> requestor.py:_handle_error:100) from logger `RFC.requestor_failed`
[ERROR] Traceback (most recent call last):
  File "/remote-home/qhgao/Workspace/Projects/RFC-crawlers/RFC-dev/RFC/req/requestor.py", line 206, in _fetch_single_async
    result = await middleware.apply_async(item, result, self._session._request_lib, self._session._async_lib)
  File "/remote-home/qhgao/Workspace/Projects/RFC-crawlers/RFC-dev/RFC/req/middleware.py", line 121, in apply_async
    self._handle_error(e, item, result)
  File "/remote-home/qhgao/Workspace/Projects/RFC-crawlers/RFC-dev/RFC/req/middleware.py", line 83, in _handle_error
    raise error
  File "/remote-home/qhgao/Workspace/Projects/RFC-crawlers/RFC-dev/RFC/req/middleware.py", line 114, in apply_async
    _result = await self._apply_async(item, result, request_lib, async_lib)
  File "/remote-home/qhgao/Workspace/Projects/RFC-crawlers/RFC-dev/RFC/req/middleware.py", line 316, in _apply_async
    result.content = result.json if 'json' in result else await get_content_async(result.response, request_lib)  # type: ignore
  File "/remote-home/qhgao/Workspace/Projects/RFC-crawlers/RFC-dev/RFC/req/middleware_func.py", line 88, in get_content_async
    return await resp.read()
  File "/remote-home/qhgao/Workspace/Applications/anaconda3/envs/share_py310/lib/python3.10/site-packages/aiohttp/client_reqrep.py", line 1037, in read
    self._body = await self.content.read()
  File "/remote-home/qhgao/Workspace/Applications/anaconda3/envs/share_py310/lib/python3.10/site-packages/aiohttp/streams.py", line 375, in read
    block = await self.readany()
  File "/remote-home/qhgao/Workspace/Applications/anaconda3/envs/share_py310/lib/python3.10/site-packages/aiohttp/streams.py", line 397, in readany
    await self._wait("readany")
  File "/remote-home/qhgao/Workspace/Applications/anaconda3/envs/share_py310/lib/python3.10/site-packages/aiohttp/streams.py", line 303, in _wait
    with self._timer:
  File "/remote-home/qhgao/Workspace/Applications/anaconda3/envs/share_py310/lib/python3.10/site-packages/aiohttp/helpers.py", line 721, in __exit__
    raise asyncio.TimeoutError from None
asyncio.exceptions.TimeoutError


2024-04-04 01:34:45,355 <requestor-worker-1:1998827, MainThread:140298684229440> (requestor.py:_fetch_single_async:216 -> requestor.py:_handle_error:99) from logger `RFC.requestor_failed`
[ERROR] failed on AudioBookAudioPage(1205426).AudioBookAudioFile(1205426), caught error "['TimeoutError'] TimeoutError()"

2024-04-04 01:34:45,358 <requestor-worker-1:1998827, MainThread:140298684229440> (requestor.py:_fetch_single_async:216 -> requestor.py:_handle_error:100) from logger `RFC.requestor_failed`
[ERROR] Traceback (most recent call last):
  File "/remote-home/qhgao/Workspace/Projects/RFC-crawlers/RFC-dev/RFC/req/requestor.py", line 206, in _fetch_single_async
    result = await middleware.apply_async(item, result, self._session._request_lib, self._session._async_lib)
  File "/remote-home/qhgao/Workspace/Projects/RFC-crawlers/RFC-dev/RFC/req/middleware.py", line 121, in apply_async
    self._handle_error(e, item, result)
  File "/remote-home/qhgao/Workspace/Projects/RFC-crawlers/RFC-dev/RFC/req/middleware.py", line 83, in _handle_error
    raise error
  File "/remote-home/qhgao/Workspace/Projects/RFC-crawlers/RFC-dev/RFC/req/middleware.py", line 114, in apply_async
    _result = await self._apply_async(item, result, request_lib, async_lib)
  File "/remote-home/qhgao/Workspace/Projects/RFC-crawlers/RFC-dev/RFC/req/middleware.py", line 316, in _apply_async
    result.content = result.json if 'json' in result else await get_content_async(result.response, request_lib)  # type: ignore
  File "/remote-home/qhgao/Workspace/Projects/RFC-crawlers/RFC-dev/RFC/req/middleware_func.py", line 88, in get_content_async
    return await resp.read()
  File "/remote-home/qhgao/Workspace/Applications/anaconda3/envs/share_py310/lib/python3.10/site-packages/aiohttp/client_reqrep.py", line 1037, in read
    self._body = await self.content.read()
  File "/remote-home/qhgao/Workspace/Applications/anaconda3/envs/share_py310/lib/python3.10/site-packages/aiohttp/streams.py", line 375, in read
    block = await self.readany()
  File "/remote-home/qhgao/Workspace/Applications/anaconda3/envs/share_py310/lib/python3.10/site-packages/aiohttp/streams.py", line 397, in readany
    await self._wait("readany")
  File "/remote-home/qhgao/Workspace/Applications/anaconda3/envs/share_py310/lib/python3.10/site-packages/aiohttp/streams.py", line 303, in _wait
    with self._timer:
  File "/remote-home/qhgao/Workspace/Applications/anaconda3/envs/share_py310/lib/python3.10/site-packages/aiohttp/helpers.py", line 721, in __exit__
    raise asyncio.TimeoutError from None
asyncio.exceptions.TimeoutError


2024-04-04 01:35:04,793 <requestor-worker-1:1998827, MainThread:140298684229440> (requestor.py:_fetch_single_async:216 -> requestor.py:_handle_error:99) from logger `RFC.requestor_failed`
[ERROR] failed on AudioBookAudioPage(1205436).AudioBookAudioFile(1205436), caught error "['TimeoutError'] TimeoutError()"

2024-04-04 01:35:04,795 <requestor-worker-1:1998827, MainThread:140298684229440> (requestor.py:_fetch_single_async:216 -> requestor.py:_handle_error:100) from logger `RFC.requestor_failed`
[ERROR] Traceback (most recent call last):
  File "/remote-home/qhgao/Workspace/Projects/RFC-crawlers/RFC-dev/RFC/req/requestor.py", line 206, in _fetch_single_async
    result = await middleware.apply_async(item, result, self._session._request_lib, self._session._async_lib)
  File "/remote-home/qhgao/Workspace/Projects/RFC-crawlers/RFC-dev/RFC/req/middleware.py", line 121, in apply_async
    self._handle_error(e, item, result)
  File "/remote-home/qhgao/Workspace/Projects/RFC-crawlers/RFC-dev/RFC/req/middleware.py", line 83, in _handle_error
    raise error
  File "/remote-home/qhgao/Workspace/Projects/RFC-crawlers/RFC-dev/RFC/req/middleware.py", line 114, in apply_async
    _result = await self._apply_async(item, result, request_lib, async_lib)
  File "/remote-home/qhgao/Workspace/Projects/RFC-crawlers/RFC-dev/RFC/req/middleware.py", line 316, in _apply_async
    result.content = result.json if 'json' in result else await get_content_async(result.response, request_lib)  # type: ignore
  File "/remote-home/qhgao/Workspace/Projects/RFC-crawlers/RFC-dev/RFC/req/middleware_func.py", line 88, in get_content_async
    return await resp.read()
  File "/remote-home/qhgao/Workspace/Applications/anaconda3/envs/share_py310/lib/python3.10/site-packages/aiohttp/client_reqrep.py", line 1037, in read
    self._body = await self.content.read()
  File "/remote-home/qhgao/Workspace/Applications/anaconda3/envs/share_py310/lib/python3.10/site-packages/aiohttp/streams.py", line 375, in read
    block = await self.readany()
  File "/remote-home/qhgao/Workspace/Applications/anaconda3/envs/share_py310/lib/python3.10/site-packages/aiohttp/streams.py", line 397, in readany
    await self._wait("readany")
  File "/remote-home/qhgao/Workspace/Applications/anaconda3/envs/share_py310/lib/python3.10/site-packages/aiohttp/streams.py", line 303, in _wait
    with self._timer:
  File "/remote-home/qhgao/Workspace/Applications/anaconda3/envs/share_py310/lib/python3.10/site-packages/aiohttp/helpers.py", line 721, in __exit__
    raise asyncio.TimeoutError from None
asyncio.exceptions.TimeoutError


2024-04-04 01:35:13,424 <requestor-worker-1:1998827, MainThread:140298684229440> (requestor.py:_fetch_single_async:216 -> requestor.py:_handle_error:99) from logger `RFC.requestor_failed`
[ERROR] failed on AudioBookAudioPage(1205456).AudioBookAudioFile(1205456), caught error "['TimeoutError'] TimeoutError()"

2024-04-04 01:35:13,425 <requestor-worker-1:1998827, MainThread:140298684229440> (requestor.py:_fetch_single_async:216 -> requestor.py:_handle_error:100) from logger `RFC.requestor_failed`
[ERROR] Traceback (most recent call last):
  File "/remote-home/qhgao/Workspace/Projects/RFC-crawlers/RFC-dev/RFC/req/requestor.py", line 206, in _fetch_single_async
    result = await middleware.apply_async(item, result, self._session._request_lib, self._session._async_lib)
  File "/remote-home/qhgao/Workspace/Projects/RFC-crawlers/RFC-dev/RFC/req/middleware.py", line 121, in apply_async
    self._handle_error(e, item, result)
  File "/remote-home/qhgao/Workspace/Projects/RFC-crawlers/RFC-dev/RFC/req/middleware.py", line 83, in _handle_error
    raise error
  File "/remote-home/qhgao/Workspace/Projects/RFC-crawlers/RFC-dev/RFC/req/middleware.py", line 114, in apply_async
    _result = await self._apply_async(item, result, request_lib, async_lib)
  File "/remote-home/qhgao/Workspace/Projects/RFC-crawlers/RFC-dev/RFC/req/middleware.py", line 316, in _apply_async
    result.content = result.json if 'json' in result else await get_content_async(result.response, request_lib)  # type: ignore
  File "/remote-home/qhgao/Workspace/Projects/RFC-crawlers/RFC-dev/RFC/req/middleware_func.py", line 88, in get_content_async
    return await resp.read()
  File "/remote-home/qhgao/Workspace/Applications/anaconda3/envs/share_py310/lib/python3.10/site-packages/aiohttp/client_reqrep.py", line 1037, in read
    self._body = await self.content.read()
  File "/remote-home/qhgao/Workspace/Applications/anaconda3/envs/share_py310/lib/python3.10/site-packages/aiohttp/streams.py", line 375, in read
    block = await self.readany()
  File "/remote-home/qhgao/Workspace/Applications/anaconda3/envs/share_py310/lib/python3.10/site-packages/aiohttp/streams.py", line 397, in readany
    await self._wait("readany")
  File "/remote-home/qhgao/Workspace/Applications/anaconda3/envs/share_py310/lib/python3.10/site-packages/aiohttp/streams.py", line 303, in _wait
    with self._timer:
  File "/remote-home/qhgao/Workspace/Applications/anaconda3/envs/share_py310/lib/python3.10/site-packages/aiohttp/helpers.py", line 721, in __exit__
    raise asyncio.TimeoutError from None
asyncio.exceptions.TimeoutError


2024-04-04 01:35:16,899 <requestor-worker-1:1998827, MainThread:140298684229440> (requestor.py:_fetch_single_async:216 -> requestor.py:_handle_error:99) from logger `RFC.requestor_failed`
[ERROR] failed on AudioBookAudioPage(1205767), caught error "['ValueError'] ValueError('unexpected status code 404 in response of AudioBookAudioPage(1205767)')"

2024-04-04 01:35:16,901 <requestor-worker-1:1998827, MainThread:140298684229440> (requestor.py:_fetch_single_async:216 -> requestor.py:_handle_error:100) from logger `RFC.requestor_failed`
[ERROR] Traceback (most recent call last):
  File "/remote-home/qhgao/Workspace/Projects/RFC-crawlers/RFC-dev/RFC/req/requestor.py", line 206, in _fetch_single_async
    result = await middleware.apply_async(item, result, self._session._request_lib, self._session._async_lib)
  File "/remote-home/qhgao/Workspace/Projects/RFC-crawlers/RFC-dev/RFC/req/middleware.py", line 121, in apply_async
    self._handle_error(e, item, result)
  File "/remote-home/qhgao/Workspace/Projects/RFC-crawlers/RFC-dev/RFC/req/middleware.py", line 83, in _handle_error
    raise error
  File "/remote-home/qhgao/Workspace/Projects/RFC-crawlers/RFC-dev/RFC/req/middleware.py", line 114, in apply_async
    _result = await self._apply_async(item, result, request_lib, async_lib)
  File "/remote-home/qhgao/Workspace/Projects/RFC-crawlers/RFC-dev/RFC/req/middleware.py", line 180, in _apply_async
    return self._apply_sync(item, result, request_lib)
  File "/remote-home/qhgao/Workspace/Projects/RFC-crawlers/RFC-dev/RFC/req/middleware.py", line 168, in _apply_sync
    raise ValueError(f"unexpected status code {repr(status_code)} in response of {repr(item)}")
ValueError: unexpected status code 404 in response of AudioBookAudioPage(1205767)


2024-04-04 01:35:22,299 <requestor-worker-1:1998827, MainThread:140298684229440> (requestor.py:_fetch_single_async:216 -> requestor.py:_handle_error:99) from logger `RFC.requestor_failed`
[ERROR] failed on AudioBookAudioPage(1205460).AudioBookAudioFile(1205460), caught error "['TimeoutError'] TimeoutError()"

2024-04-04 01:35:22,300 <requestor-worker-1:1998827, MainThread:140298684229440> (requestor.py:_fetch_single_async:216 -> requestor.py:_handle_error:100) from logger `RFC.requestor_failed`
[ERROR] Traceback (most recent call last):
  File "/remote-home/qhgao/Workspace/Projects/RFC-crawlers/RFC-dev/RFC/req/requestor.py", line 206, in _fetch_single_async
    result = await middleware.apply_async(item, result, self._session._request_lib, self._session._async_lib)
  File "/remote-home/qhgao/Workspace/Projects/RFC-crawlers/RFC-dev/RFC/req/middleware.py", line 121, in apply_async
    self._handle_error(e, item, result)
  File "/remote-home/qhgao/Workspace/Projects/RFC-crawlers/RFC-dev/RFC/req/middleware.py", line 83, in _handle_error
    raise error
  File "/remote-home/qhgao/Workspace/Projects/RFC-crawlers/RFC-dev/RFC/req/middleware.py", line 114, in apply_async
    _result = await self._apply_async(item, result, request_lib, async_lib)
  File "/remote-home/qhgao/Workspace/Projects/RFC-crawlers/RFC-dev/RFC/req/middleware.py", line 316, in _apply_async
    result.content = result.json if 'json' in result else await get_content_async(result.response, request_lib)  # type: ignore
  File "/remote-home/qhgao/Workspace/Projects/RFC-crawlers/RFC-dev/RFC/req/middleware_func.py", line 88, in get_content_async
    return await resp.read()
  File "/remote-home/qhgao/Workspace/Applications/anaconda3/envs/share_py310/lib/python3.10/site-packages/aiohttp/client_reqrep.py", line 1037, in read
    self._body = await self.content.read()
  File "/remote-home/qhgao/Workspace/Applications/anaconda3/envs/share_py310/lib/python3.10/site-packages/aiohttp/streams.py", line 375, in read
    block = await self.readany()
  File "/remote-home/qhgao/Workspace/Applications/anaconda3/envs/share_py310/lib/python3.10/site-packages/aiohttp/streams.py", line 397, in readany
    await self._wait("readany")
  File "/remote-home/qhgao/Workspace/Applications/anaconda3/envs/share_py310/lib/python3.10/site-packages/aiohttp/streams.py", line 303, in _wait
    with self._timer:
  File "/remote-home/qhgao/Workspace/Applications/anaconda3/envs/share_py310/lib/python3.10/site-packages/aiohttp/helpers.py", line 721, in __exit__
    raise asyncio.TimeoutError from None
asyncio.exceptions.TimeoutError


2024-04-04 01:35:40,454 <requestor-worker-1:1998827, MainThread:140298684229440> (requestor.py:_fetch_single_async:216 -> requestor.py:_handle_error:99) from logger `RFC.requestor_failed`
[ERROR] failed on AudioBookAudioPage(1205779), caught error "['ValueError'] ValueError('unexpected status code 404 in response of AudioBookAudioPage(1205779)')"

2024-04-04 01:35:40,455 <requestor-worker-1:1998827, MainThread:140298684229440> (requestor.py:_fetch_single_async:216 -> requestor.py:_handle_error:100) from logger `RFC.requestor_failed`
[ERROR] Traceback (most recent call last):
  File "/remote-home/qhgao/Workspace/Projects/RFC-crawlers/RFC-dev/RFC/req/requestor.py", line 206, in _fetch_single_async
    result = await middleware.apply_async(item, result, self._session._request_lib, self._session._async_lib)
  File "/remote-home/qhgao/Workspace/Projects/RFC-crawlers/RFC-dev/RFC/req/middleware.py", line 121, in apply_async
    self._handle_error(e, item, result)
  File "/remote-home/qhgao/Workspace/Projects/RFC-crawlers/RFC-dev/RFC/req/middleware.py", line 83, in _handle_error
    raise error
  File "/remote-home/qhgao/Workspace/Projects/RFC-crawlers/RFC-dev/RFC/req/middleware.py", line 114, in apply_async
    _result = await self._apply_async(item, result, request_lib, async_lib)
  File "/remote-home/qhgao/Workspace/Projects/RFC-crawlers/RFC-dev/RFC/req/middleware.py", line 180, in _apply_async
    return self._apply_sync(item, result, request_lib)
  File "/remote-home/qhgao/Workspace/Projects/RFC-crawlers/RFC-dev/RFC/req/middleware.py", line 168, in _apply_sync
    raise ValueError(f"unexpected status code {repr(status_code)} in response of {repr(item)}")
ValueError: unexpected status code 404 in response of AudioBookAudioPage(1205779)


2024-04-04 01:35:45,407 <requestor-worker-1:1998827, MainThread:140298684229440> (requestor.py:_fetch_single_async:216 -> requestor.py:_handle_error:99) from logger `RFC.requestor_failed`
[ERROR] failed on AudioBookAudioPage(1205782), caught error "['ValueError'] ValueError('unexpected status code 404 in response of AudioBookAudioPage(1205782)')"

2024-04-04 01:35:45,408 <requestor-worker-1:1998827, MainThread:140298684229440> (requestor.py:_fetch_single_async:216 -> requestor.py:_handle_error:100) from logger `RFC.requestor_failed`
[ERROR] Traceback (most recent call last):
  File "/remote-home/qhgao/Workspace/Projects/RFC-crawlers/RFC-dev/RFC/req/requestor.py", line 206, in _fetch_single_async
    result = await middleware.apply_async(item, result, self._session._request_lib, self._session._async_lib)
  File "/remote-home/qhgao/Workspace/Projects/RFC-crawlers/RFC-dev/RFC/req/middleware.py", line 121, in apply_async
    self._handle_error(e, item, result)
  File "/remote-home/qhgao/Workspace/Projects/RFC-crawlers/RFC-dev/RFC/req/middleware.py", line 83, in _handle_error
    raise error
  File "/remote-home/qhgao/Workspace/Projects/RFC-crawlers/RFC-dev/RFC/req/middleware.py", line 114, in apply_async
    _result = await self._apply_async(item, result, request_lib, async_lib)
  File "/remote-home/qhgao/Workspace/Projects/RFC-crawlers/RFC-dev/RFC/req/middleware.py", line 180, in _apply_async
    return self._apply_sync(item, result, request_lib)
  File "/remote-home/qhgao/Workspace/Projects/RFC-crawlers/RFC-dev/RFC/req/middleware.py", line 168, in _apply_sync
    raise ValueError(f"unexpected status code {repr(status_code)} in response of {repr(item)}")
ValueError: unexpected status code 404 in response of AudioBookAudioPage(1205782)


2024-04-04 01:35:46,361 <requestor-worker-1:1998827, MainThread:140298684229440> (requestor.py:_fetch_single_async:216 -> requestor.py:_handle_error:99) from logger `RFC.requestor_failed`
[ERROR] failed on AudioBookAudioPage(1205787), caught error "['ValueError'] ValueError('unexpected status code 404 in response of AudioBookAudioPage(1205787)')"

2024-04-04 01:35:46,364 <requestor-worker-1:1998827, MainThread:140298684229440> (requestor.py:_fetch_single_async:216 -> requestor.py:_handle_error:100) from logger `RFC.requestor_failed`
[ERROR] Traceback (most recent call last):
  File "/remote-home/qhgao/Workspace/Projects/RFC-crawlers/RFC-dev/RFC/req/requestor.py", line 206, in _fetch_single_async
    result = await middleware.apply_async(item, result, self._session._request_lib, self._session._async_lib)
  File "/remote-home/qhgao/Workspace/Projects/RFC-crawlers/RFC-dev/RFC/req/middleware.py", line 121, in apply_async
    self._handle_error(e, item, result)
  File "/remote-home/qhgao/Workspace/Projects/RFC-crawlers/RFC-dev/RFC/req/middleware.py", line 83, in _handle_error
    raise error
  File "/remote-home/qhgao/Workspace/Projects/RFC-crawlers/RFC-dev/RFC/req/middleware.py", line 114, in apply_async
    _result = await self._apply_async(item, result, request_lib, async_lib)
  File "/remote-home/qhgao/Workspace/Projects/RFC-crawlers/RFC-dev/RFC/req/middleware.py", line 180, in _apply_async
    return self._apply_sync(item, result, request_lib)
  File "/remote-home/qhgao/Workspace/Projects/RFC-crawlers/RFC-dev/RFC/req/middleware.py", line 168, in _apply_sync
    raise ValueError(f"unexpected status code {repr(status_code)} in response of {repr(item)}")
ValueError: unexpected status code 404 in response of AudioBookAudioPage(1205787)


2024-04-04 01:35:46,577 <requestor-worker-1:1998827, MainThread:140298684229440> (requestor.py:_fetch_single_async:216 -> requestor.py:_handle_error:99) from logger `RFC.requestor_failed`
[ERROR] failed on AudioBookAudioPage(1205789), caught error "['ValueError'] ValueError('unexpected status code 404 in response of AudioBookAudioPage(1205789)')"

2024-04-04 01:35:46,580 <requestor-worker-1:1998827, MainThread:140298684229440> (requestor.py:_fetch_single_async:216 -> requestor.py:_handle_error:100) from logger `RFC.requestor_failed`
[ERROR] Traceback (most recent call last):
  File "/remote-home/qhgao/Workspace/Projects/RFC-crawlers/RFC-dev/RFC/req/requestor.py", line 206, in _fetch_single_async
    result = await middleware.apply_async(item, result, self._session._request_lib, self._session._async_lib)
  File "/remote-home/qhgao/Workspace/Projects/RFC-crawlers/RFC-dev/RFC/req/middleware.py", line 121, in apply_async
    self._handle_error(e, item, result)
  File "/remote-home/qhgao/Workspace/Projects/RFC-crawlers/RFC-dev/RFC/req/middleware.py", line 83, in _handle_error
    raise error
  File "/remote-home/qhgao/Workspace/Projects/RFC-crawlers/RFC-dev/RFC/req/middleware.py", line 114, in apply_async
    _result = await self._apply_async(item, result, request_lib, async_lib)
  File "/remote-home/qhgao/Workspace/Projects/RFC-crawlers/RFC-dev/RFC/req/middleware.py", line 180, in _apply_async
    return self._apply_sync(item, result, request_lib)
  File "/remote-home/qhgao/Workspace/Projects/RFC-crawlers/RFC-dev/RFC/req/middleware.py", line 168, in _apply_sync
    raise ValueError(f"unexpected status code {repr(status_code)} in response of {repr(item)}")
ValueError: unexpected status code 404 in response of AudioBookAudioPage(1205789)


2024-04-04 01:35:49,352 <requestor-worker-1:1998827, MainThread:140298684229440> (requestor.py:_fetch_single_async:216 -> requestor.py:_handle_error:99) from logger `RFC.requestor_failed`
[ERROR] failed on AudioBookAudioPage(1205488).AudioBookAudioFile(1205488), caught error "['TimeoutError'] TimeoutError()"

2024-04-04 01:35:49,355 <requestor-worker-1:1998827, MainThread:140298684229440> (requestor.py:_fetch_single_async:216 -> requestor.py:_handle_error:100) from logger `RFC.requestor_failed`
[ERROR] Traceback (most recent call last):
  File "/remote-home/qhgao/Workspace/Projects/RFC-crawlers/RFC-dev/RFC/req/requestor.py", line 206, in _fetch_single_async
    result = await middleware.apply_async(item, result, self._session._request_lib, self._session._async_lib)
  File "/remote-home/qhgao/Workspace/Projects/RFC-crawlers/RFC-dev/RFC/req/middleware.py", line 121, in apply_async
    self._handle_error(e, item, result)
  File "/remote-home/qhgao/Workspace/Projects/RFC-crawlers/RFC-dev/RFC/req/middleware.py", line 83, in _handle_error
    raise error
  File "/remote-home/qhgao/Workspace/Projects/RFC-crawlers/RFC-dev/RFC/req/middleware.py", line 114, in apply_async
    _result = await self._apply_async(item, result, request_lib, async_lib)
  File "/remote-home/qhgao/Workspace/Projects/RFC-crawlers/RFC-dev/RFC/req/middleware.py", line 316, in _apply_async
    result.content = result.json if 'json' in result else await get_content_async(result.response, request_lib)  # type: ignore
  File "/remote-home/qhgao/Workspace/Projects/RFC-crawlers/RFC-dev/RFC/req/middleware_func.py", line 88, in get_content_async
    return await resp.read()
  File "/remote-home/qhgao/Workspace/Applications/anaconda3/envs/share_py310/lib/python3.10/site-packages/aiohttp/client_reqrep.py", line 1037, in read
    self._body = await self.content.read()
  File "/remote-home/qhgao/Workspace/Applications/anaconda3/envs/share_py310/lib/python3.10/site-packages/aiohttp/streams.py", line 375, in read
    block = await self.readany()
  File "/remote-home/qhgao/Workspace/Applications/anaconda3/envs/share_py310/lib/python3.10/site-packages/aiohttp/streams.py", line 397, in readany
    await self._wait("readany")
  File "/remote-home/qhgao/Workspace/Applications/anaconda3/envs/share_py310/lib/python3.10/site-packages/aiohttp/streams.py", line 303, in _wait
    with self._timer:
  File "/remote-home/qhgao/Workspace/Applications/anaconda3/envs/share_py310/lib/python3.10/site-packages/aiohttp/helpers.py", line 721, in __exit__
    raise asyncio.TimeoutError from None
asyncio.exceptions.TimeoutError


2024-04-04 01:35:49,625 <requestor-worker-1:1998827, MainThread:140298684229440> (requestor.py:_fetch_single_async:216 -> requestor.py:_handle_error:99) from logger `RFC.requestor_failed`
[ERROR] failed on AudioBookAudioPage(1205793), caught error "['ValueError'] ValueError('unexpected status code 404 in response of AudioBookAudioPage(1205793)')"

2024-04-04 01:35:49,627 <requestor-worker-1:1998827, MainThread:140298684229440> (requestor.py:_fetch_single_async:216 -> requestor.py:_handle_error:100) from logger `RFC.requestor_failed`
[ERROR] Traceback (most recent call last):
  File "/remote-home/qhgao/Workspace/Projects/RFC-crawlers/RFC-dev/RFC/req/requestor.py", line 206, in _fetch_single_async
    result = await middleware.apply_async(item, result, self._session._request_lib, self._session._async_lib)
  File "/remote-home/qhgao/Workspace/Projects/RFC-crawlers/RFC-dev/RFC/req/middleware.py", line 121, in apply_async
    self._handle_error(e, item, result)
  File "/remote-home/qhgao/Workspace/Projects/RFC-crawlers/RFC-dev/RFC/req/middleware.py", line 83, in _handle_error
    raise error
  File "/remote-home/qhgao/Workspace/Projects/RFC-crawlers/RFC-dev/RFC/req/middleware.py", line 114, in apply_async
    _result = await self._apply_async(item, result, request_lib, async_lib)
  File "/remote-home/qhgao/Workspace/Projects/RFC-crawlers/RFC-dev/RFC/req/middleware.py", line 180, in _apply_async
    return self._apply_sync(item, result, request_lib)
  File "/remote-home/qhgao/Workspace/Projects/RFC-crawlers/RFC-dev/RFC/req/middleware.py", line 168, in _apply_sync
    raise ValueError(f"unexpected status code {repr(status_code)} in response of {repr(item)}")
ValueError: unexpected status code 404 in response of AudioBookAudioPage(1205793)


2024-04-04 01:35:54,679 <requestor-worker-1:1998827, MainThread:140298684229440> (requestor.py:_fetch_single_async:216 -> requestor.py:_handle_error:99) from logger `RFC.requestor_failed`
[ERROR] failed on AudioBookAudioPage(1205798), caught error "['ValueError'] ValueError('unexpected status code 404 in response of AudioBookAudioPage(1205798)')"

2024-04-04 01:35:54,682 <requestor-worker-1:1998827, MainThread:140298684229440> (requestor.py:_fetch_single_async:216 -> requestor.py:_handle_error:100) from logger `RFC.requestor_failed`
[ERROR] Traceback (most recent call last):
  File "/remote-home/qhgao/Workspace/Projects/RFC-crawlers/RFC-dev/RFC/req/requestor.py", line 206, in _fetch_single_async
    result = await middleware.apply_async(item, result, self._session._request_lib, self._session._async_lib)
  File "/remote-home/qhgao/Workspace/Projects/RFC-crawlers/RFC-dev/RFC/req/middleware.py", line 121, in apply_async
    self._handle_error(e, item, result)
  File "/remote-home/qhgao/Workspace/Projects/RFC-crawlers/RFC-dev/RFC/req/middleware.py", line 83, in _handle_error
    raise error
  File "/remote-home/qhgao/Workspace/Projects/RFC-crawlers/RFC-dev/RFC/req/middleware.py", line 114, in apply_async
    _result = await self._apply_async(item, result, request_lib, async_lib)
  File "/remote-home/qhgao/Workspace/Projects/RFC-crawlers/RFC-dev/RFC/req/middleware.py", line 180, in _apply_async
    return self._apply_sync(item, result, request_lib)
  File "/remote-home/qhgao/Workspace/Projects/RFC-crawlers/RFC-dev/RFC/req/middleware.py", line 168, in _apply_sync
    raise ValueError(f"unexpected status code {repr(status_code)} in response of {repr(item)}")
ValueError: unexpected status code 404 in response of AudioBookAudioPage(1205798)


2024-04-04 01:35:55,295 <requestor-worker-1:1998827, MainThread:140298684229440> (requestor.py:_fetch_single_async:216 -> requestor.py:_handle_error:99) from logger `RFC.requestor_failed`
[ERROR] failed on AudioBookAudioPage(1205492).AudioBookAudioFile(1205492), caught error "['TimeoutError'] TimeoutError()"

2024-04-04 01:35:55,297 <requestor-worker-1:1998827, MainThread:140298684229440> (requestor.py:_fetch_single_async:216 -> requestor.py:_handle_error:100) from logger `RFC.requestor_failed`
[ERROR] Traceback (most recent call last):
  File "/remote-home/qhgao/Workspace/Projects/RFC-crawlers/RFC-dev/RFC/req/requestor.py", line 206, in _fetch_single_async
    result = await middleware.apply_async(item, result, self._session._request_lib, self._session._async_lib)
  File "/remote-home/qhgao/Workspace/Projects/RFC-crawlers/RFC-dev/RFC/req/middleware.py", line 121, in apply_async
    self._handle_error(e, item, result)
  File "/remote-home/qhgao/Workspace/Projects/RFC-crawlers/RFC-dev/RFC/req/middleware.py", line 83, in _handle_error
    raise error
  File "/remote-home/qhgao/Workspace/Projects/RFC-crawlers/RFC-dev/RFC/req/middleware.py", line 114, in apply_async
    _result = await self._apply_async(item, result, request_lib, async_lib)
  File "/remote-home/qhgao/Workspace/Projects/RFC-crawlers/RFC-dev/RFC/req/middleware.py", line 316, in _apply_async
    result.content = result.json if 'json' in result else await get_content_async(result.response, request_lib)  # type: ignore
  File "/remote-home/qhgao/Workspace/Projects/RFC-crawlers/RFC-dev/RFC/req/middleware_func.py", line 88, in get_content_async
    return await resp.read()
  File "/remote-home/qhgao/Workspace/Applications/anaconda3/envs/share_py310/lib/python3.10/site-packages/aiohttp/client_reqrep.py", line 1037, in read
    self._body = await self.content.read()
  File "/remote-home/qhgao/Workspace/Applications/anaconda3/envs/share_py310/lib/python3.10/site-packages/aiohttp/streams.py", line 375, in read
    block = await self.readany()
  File "/remote-home/qhgao/Workspace/Applications/anaconda3/envs/share_py310/lib/python3.10/site-packages/aiohttp/streams.py", line 397, in readany
    await self._wait("readany")
  File "/remote-home/qhgao/Workspace/Applications/anaconda3/envs/share_py310/lib/python3.10/site-packages/aiohttp/streams.py", line 303, in _wait
    with self._timer:
  File "/remote-home/qhgao/Workspace/Applications/anaconda3/envs/share_py310/lib/python3.10/site-packages/aiohttp/helpers.py", line 721, in __exit__
    raise asyncio.TimeoutError from None
asyncio.exceptions.TimeoutError


2024-04-04 01:36:05,300 <requestor-worker-1:1998827, MainThread:140298684229440> (requestor.py:_fetch_single_async:216 -> requestor.py:_handle_error:99) from logger `RFC.requestor_failed`
[ERROR] failed on AudioBookAudioPage(1205496).AudioBookAudioFile(1205496), caught error "['TimeoutError'] TimeoutError()"

2024-04-04 01:36:05,303 <requestor-worker-1:1998827, MainThread:140298684229440> (requestor.py:_fetch_single_async:216 -> requestor.py:_handle_error:100) from logger `RFC.requestor_failed`
[ERROR] Traceback (most recent call last):
  File "/remote-home/qhgao/Workspace/Projects/RFC-crawlers/RFC-dev/RFC/req/requestor.py", line 206, in _fetch_single_async
    result = await middleware.apply_async(item, result, self._session._request_lib, self._session._async_lib)
  File "/remote-home/qhgao/Workspace/Projects/RFC-crawlers/RFC-dev/RFC/req/middleware.py", line 121, in apply_async
    self._handle_error(e, item, result)
  File "/remote-home/qhgao/Workspace/Projects/RFC-crawlers/RFC-dev/RFC/req/middleware.py", line 83, in _handle_error
    raise error
  File "/remote-home/qhgao/Workspace/Projects/RFC-crawlers/RFC-dev/RFC/req/middleware.py", line 114, in apply_async
    _result = await self._apply_async(item, result, request_lib, async_lib)
  File "/remote-home/qhgao/Workspace/Projects/RFC-crawlers/RFC-dev/RFC/req/middleware.py", line 316, in _apply_async
    result.content = result.json if 'json' in result else await get_content_async(result.response, request_lib)  # type: ignore
  File "/remote-home/qhgao/Workspace/Projects/RFC-crawlers/RFC-dev/RFC/req/middleware_func.py", line 88, in get_content_async
    return await resp.read()
  File "/remote-home/qhgao/Workspace/Applications/anaconda3/envs/share_py310/lib/python3.10/site-packages/aiohttp/client_reqrep.py", line 1037, in read
    self._body = await self.content.read()
  File "/remote-home/qhgao/Workspace/Applications/anaconda3/envs/share_py310/lib/python3.10/site-packages/aiohttp/streams.py", line 375, in read
    block = await self.readany()
  File "/remote-home/qhgao/Workspace/Applications/anaconda3/envs/share_py310/lib/python3.10/site-packages/aiohttp/streams.py", line 397, in readany
    await self._wait("readany")
  File "/remote-home/qhgao/Workspace/Applications/anaconda3/envs/share_py310/lib/python3.10/site-packages/aiohttp/streams.py", line 303, in _wait
    with self._timer:
  File "/remote-home/qhgao/Workspace/Applications/anaconda3/envs/share_py310/lib/python3.10/site-packages/aiohttp/helpers.py", line 721, in __exit__
    raise asyncio.TimeoutError from None
asyncio.exceptions.TimeoutError


2024-04-04 01:36:14,556 <requestor-worker-1:1998827, MainThread:140298684229440> (requestor.py:_fetch_single_async:216 -> requestor.py:_handle_error:99) from logger `RFC.requestor_failed`
[ERROR] failed on AudioBookAudioPage(1205807), caught error "['ValueError'] ValueError('unexpected status code 404 in response of AudioBookAudioPage(1205807)')"

2024-04-04 01:36:14,558 <requestor-worker-1:1998827, MainThread:140298684229440> (requestor.py:_fetch_single_async:216 -> requestor.py:_handle_error:100) from logger `RFC.requestor_failed`
[ERROR] Traceback (most recent call last):
  File "/remote-home/qhgao/Workspace/Projects/RFC-crawlers/RFC-dev/RFC/req/requestor.py", line 206, in _fetch_single_async
    result = await middleware.apply_async(item, result, self._session._request_lib, self._session._async_lib)
  File "/remote-home/qhgao/Workspace/Projects/RFC-crawlers/RFC-dev/RFC/req/middleware.py", line 121, in apply_async
    self._handle_error(e, item, result)
  File "/remote-home/qhgao/Workspace/Projects/RFC-crawlers/RFC-dev/RFC/req/middleware.py", line 83, in _handle_error
    raise error
  File "/remote-home/qhgao/Workspace/Projects/RFC-crawlers/RFC-dev/RFC/req/middleware.py", line 114, in apply_async
    _result = await self._apply_async(item, result, request_lib, async_lib)
  File "/remote-home/qhgao/Workspace/Projects/RFC-crawlers/RFC-dev/RFC/req/middleware.py", line 180, in _apply_async
    return self._apply_sync(item, result, request_lib)
  File "/remote-home/qhgao/Workspace/Projects/RFC-crawlers/RFC-dev/RFC/req/middleware.py", line 168, in _apply_sync
    raise ValueError(f"unexpected status code {repr(status_code)} in response of {repr(item)}")
ValueError: unexpected status code 404 in response of AudioBookAudioPage(1205807)


2024-04-04 01:37:02,363 <requestor-worker-1:1998827, MainThread:140298684229440> (requestor.py:_fetch_single_async:216 -> requestor.py:_handle_error:99) from logger `RFC.requestor_failed`
[ERROR] failed on AudioBookAudioPage(1205544).AudioBookAudioFile(1205544), caught error "['TimeoutError'] TimeoutError()"

2024-04-04 01:37:02,366 <requestor-worker-1:1998827, MainThread:140298684229440> (requestor.py:_fetch_single_async:216 -> requestor.py:_handle_error:100) from logger `RFC.requestor_failed`
[ERROR] Traceback (most recent call last):
  File "/remote-home/qhgao/Workspace/Projects/RFC-crawlers/RFC-dev/RFC/req/requestor.py", line 206, in _fetch_single_async
    result = await middleware.apply_async(item, result, self._session._request_lib, self._session._async_lib)
  File "/remote-home/qhgao/Workspace/Projects/RFC-crawlers/RFC-dev/RFC/req/middleware.py", line 121, in apply_async
    self._handle_error(e, item, result)
  File "/remote-home/qhgao/Workspace/Projects/RFC-crawlers/RFC-dev/RFC/req/middleware.py", line 83, in _handle_error
    raise error
  File "/remote-home/qhgao/Workspace/Projects/RFC-crawlers/RFC-dev/RFC/req/middleware.py", line 114, in apply_async
    _result = await self._apply_async(item, result, request_lib, async_lib)
  File "/remote-home/qhgao/Workspace/Projects/RFC-crawlers/RFC-dev/RFC/req/middleware.py", line 316, in _apply_async
    result.content = result.json if 'json' in result else await get_content_async(result.response, request_lib)  # type: ignore
  File "/remote-home/qhgao/Workspace/Projects/RFC-crawlers/RFC-dev/RFC/req/middleware_func.py", line 88, in get_content_async
    return await resp.read()
  File "/remote-home/qhgao/Workspace/Applications/anaconda3/envs/share_py310/lib/python3.10/site-packages/aiohttp/client_reqrep.py", line 1037, in read
    self._body = await self.content.read()
  File "/remote-home/qhgao/Workspace/Applications/anaconda3/envs/share_py310/lib/python3.10/site-packages/aiohttp/streams.py", line 375, in read
    block = await self.readany()
  File "/remote-home/qhgao/Workspace/Applications/anaconda3/envs/share_py310/lib/python3.10/site-packages/aiohttp/streams.py", line 397, in readany
    await self._wait("readany")
  File "/remote-home/qhgao/Workspace/Applications/anaconda3/envs/share_py310/lib/python3.10/site-packages/aiohttp/streams.py", line 303, in _wait
    with self._timer:
  File "/remote-home/qhgao/Workspace/Applications/anaconda3/envs/share_py310/lib/python3.10/site-packages/aiohttp/helpers.py", line 721, in __exit__
    raise asyncio.TimeoutError from None
asyncio.exceptions.TimeoutError


2024-04-04 01:37:08,700 <requestor-worker-1:1998827, MainThread:140298684229440> (requestor.py:_fetch_single_async:216 -> requestor.py:_handle_error:99) from logger `RFC.requestor_failed`
[ERROR] failed on AudioBookAudioPage(1205833), caught error "['ValueError'] ValueError('unexpected status code 404 in response of AudioBookAudioPage(1205833)')"

2024-04-04 01:37:08,702 <requestor-worker-1:1998827, MainThread:140298684229440> (requestor.py:_fetch_single_async:216 -> requestor.py:_handle_error:100) from logger `RFC.requestor_failed`
[ERROR] Traceback (most recent call last):
  File "/remote-home/qhgao/Workspace/Projects/RFC-crawlers/RFC-dev/RFC/req/requestor.py", line 206, in _fetch_single_async
    result = await middleware.apply_async(item, result, self._session._request_lib, self._session._async_lib)
  File "/remote-home/qhgao/Workspace/Projects/RFC-crawlers/RFC-dev/RFC/req/middleware.py", line 121, in apply_async
    self._handle_error(e, item, result)
  File "/remote-home/qhgao/Workspace/Projects/RFC-crawlers/RFC-dev/RFC/req/middleware.py", line 83, in _handle_error
    raise error
  File "/remote-home/qhgao/Workspace/Projects/RFC-crawlers/RFC-dev/RFC/req/middleware.py", line 114, in apply_async
    _result = await self._apply_async(item, result, request_lib, async_lib)
  File "/remote-home/qhgao/Workspace/Projects/RFC-crawlers/RFC-dev/RFC/req/middleware.py", line 180, in _apply_async
    return self._apply_sync(item, result, request_lib)
  File "/remote-home/qhgao/Workspace/Projects/RFC-crawlers/RFC-dev/RFC/req/middleware.py", line 168, in _apply_sync
    raise ValueError(f"unexpected status code {repr(status_code)} in response of {repr(item)}")
ValueError: unexpected status code 404 in response of AudioBookAudioPage(1205833)


2024-04-04 01:37:11,297 <requestor-worker-1:1998827, MainThread:140298684229440> (requestor.py:_fetch_single_async:216 -> requestor.py:_handle_error:99) from logger `RFC.requestor_failed`
[ERROR] failed on AudioBookAudioPage(1205815).AudioBookAudioFile(1205815), caught error "['TimeoutError'] TimeoutError()"

2024-04-04 01:37:11,300 <requestor-worker-1:1998827, MainThread:140298684229440> (requestor.py:_fetch_single_async:216 -> requestor.py:_handle_error:100) from logger `RFC.requestor_failed`
[ERROR] Traceback (most recent call last):
  File "/remote-home/qhgao/Workspace/Projects/RFC-crawlers/RFC-dev/RFC/req/requestor.py", line 206, in _fetch_single_async
    result = await middleware.apply_async(item, result, self._session._request_lib, self._session._async_lib)
  File "/remote-home/qhgao/Workspace/Projects/RFC-crawlers/RFC-dev/RFC/req/middleware.py", line 121, in apply_async
    self._handle_error(e, item, result)
  File "/remote-home/qhgao/Workspace/Projects/RFC-crawlers/RFC-dev/RFC/req/middleware.py", line 83, in _handle_error
    raise error
  File "/remote-home/qhgao/Workspace/Projects/RFC-crawlers/RFC-dev/RFC/req/middleware.py", line 114, in apply_async
    _result = await self._apply_async(item, result, request_lib, async_lib)
  File "/remote-home/qhgao/Workspace/Projects/RFC-crawlers/RFC-dev/RFC/req/middleware.py", line 316, in _apply_async
    result.content = result.json if 'json' in result else await get_content_async(result.response, request_lib)  # type: ignore
  File "/remote-home/qhgao/Workspace/Projects/RFC-crawlers/RFC-dev/RFC/req/middleware_func.py", line 88, in get_content_async
    return await resp.read()
  File "/remote-home/qhgao/Workspace/Applications/anaconda3/envs/share_py310/lib/python3.10/site-packages/aiohttp/client_reqrep.py", line 1037, in read
    self._body = await self.content.read()
  File "/remote-home/qhgao/Workspace/Applications/anaconda3/envs/share_py310/lib/python3.10/site-packages/aiohttp/streams.py", line 375, in read
    block = await self.readany()
  File "/remote-home/qhgao/Workspace/Applications/anaconda3/envs/share_py310/lib/python3.10/site-packages/aiohttp/streams.py", line 397, in readany
    await self._wait("readany")
  File "/remote-home/qhgao/Workspace/Applications/anaconda3/envs/share_py310/lib/python3.10/site-packages/aiohttp/streams.py", line 303, in _wait
    with self._timer:
  File "/remote-home/qhgao/Workspace/Applications/anaconda3/envs/share_py310/lib/python3.10/site-packages/aiohttp/helpers.py", line 721, in __exit__
    raise asyncio.TimeoutError from None
asyncio.exceptions.TimeoutError


2024-04-04 01:38:07,302 <requestor-worker-1:1998827, MainThread:140298684229440> (requestor.py:_fetch_single_async:216 -> requestor.py:_handle_error:99) from logger `RFC.requestor_failed`
[ERROR] failed on AudioBookAudioPage(1205738).AudioBookAudioFile(1205738), caught error "['TimeoutError'] TimeoutError()"

2024-04-04 01:38:07,303 <requestor-worker-1:1998827, MainThread:140298684229440> (requestor.py:_fetch_single_async:216 -> requestor.py:_handle_error:100) from logger `RFC.requestor_failed`
[ERROR] Traceback (most recent call last):
  File "/remote-home/qhgao/Workspace/Projects/RFC-crawlers/RFC-dev/RFC/req/requestor.py", line 206, in _fetch_single_async
    result = await middleware.apply_async(item, result, self._session._request_lib, self._session._async_lib)
  File "/remote-home/qhgao/Workspace/Projects/RFC-crawlers/RFC-dev/RFC/req/middleware.py", line 121, in apply_async
    self._handle_error(e, item, result)
  File "/remote-home/qhgao/Workspace/Projects/RFC-crawlers/RFC-dev/RFC/req/middleware.py", line 83, in _handle_error
    raise error
  File "/remote-home/qhgao/Workspace/Projects/RFC-crawlers/RFC-dev/RFC/req/middleware.py", line 114, in apply_async
    _result = await self._apply_async(item, result, request_lib, async_lib)
  File "/remote-home/qhgao/Workspace/Projects/RFC-crawlers/RFC-dev/RFC/req/middleware.py", line 316, in _apply_async
    result.content = result.json if 'json' in result else await get_content_async(result.response, request_lib)  # type: ignore
  File "/remote-home/qhgao/Workspace/Projects/RFC-crawlers/RFC-dev/RFC/req/middleware_func.py", line 88, in get_content_async
    return await resp.read()
  File "/remote-home/qhgao/Workspace/Applications/anaconda3/envs/share_py310/lib/python3.10/site-packages/aiohttp/client_reqrep.py", line 1037, in read
    self._body = await self.content.read()
  File "/remote-home/qhgao/Workspace/Applications/anaconda3/envs/share_py310/lib/python3.10/site-packages/aiohttp/streams.py", line 375, in read
    block = await self.readany()
  File "/remote-home/qhgao/Workspace/Applications/anaconda3/envs/share_py310/lib/python3.10/site-packages/aiohttp/streams.py", line 397, in readany
    await self._wait("readany")
  File "/remote-home/qhgao/Workspace/Applications/anaconda3/envs/share_py310/lib/python3.10/site-packages/aiohttp/streams.py", line 303, in _wait
    with self._timer:
  File "/remote-home/qhgao/Workspace/Applications/anaconda3/envs/share_py310/lib/python3.10/site-packages/aiohttp/helpers.py", line 721, in __exit__
    raise asyncio.TimeoutError from None
asyncio.exceptions.TimeoutError


2024-04-04 01:38:12,336 <requestor-worker-1:1998827, MainThread:140298684229440> (requestor.py:_fetch_single_async:216 -> requestor.py:_handle_error:99) from logger `RFC.requestor_failed`
[ERROR] failed on AudioBookAudioPage(1205877), caught error "['TimeoutError'] TimeoutError()"

2024-04-04 01:38:12,339 <requestor-worker-1:1998827, MainThread:140298684229440> (requestor.py:_fetch_single_async:216 -> requestor.py:_handle_error:100) from logger `RFC.requestor_failed`
[ERROR] Traceback (most recent call last):
  File "/remote-home/qhgao/Workspace/Projects/RFC-crawlers/RFC-dev/RFC/req/requestor.py", line 206, in _fetch_single_async
    result = await middleware.apply_async(item, result, self._session._request_lib, self._session._async_lib)
  File "/remote-home/qhgao/Workspace/Projects/RFC-crawlers/RFC-dev/RFC/req/middleware.py", line 121, in apply_async
    self._handle_error(e, item, result)
  File "/remote-home/qhgao/Workspace/Projects/RFC-crawlers/RFC-dev/RFC/req/middleware.py", line 83, in _handle_error
    raise error
  File "/remote-home/qhgao/Workspace/Projects/RFC-crawlers/RFC-dev/RFC/req/middleware.py", line 114, in apply_async
    _result = await self._apply_async(item, result, request_lib, async_lib)
  File "/remote-home/qhgao/Workspace/Projects/RFC-crawlers/RFC-dev/RFC/req/middleware.py", line 316, in _apply_async
    result.content = result.json if 'json' in result else await get_content_async(result.response, request_lib)  # type: ignore
  File "/remote-home/qhgao/Workspace/Projects/RFC-crawlers/RFC-dev/RFC/req/middleware_func.py", line 88, in get_content_async
    return await resp.read()
  File "/remote-home/qhgao/Workspace/Applications/anaconda3/envs/share_py310/lib/python3.10/site-packages/aiohttp/client_reqrep.py", line 1037, in read
    self._body = await self.content.read()
  File "/remote-home/qhgao/Workspace/Applications/anaconda3/envs/share_py310/lib/python3.10/site-packages/aiohttp/streams.py", line 375, in read
    block = await self.readany()
  File "/remote-home/qhgao/Workspace/Applications/anaconda3/envs/share_py310/lib/python3.10/site-packages/aiohttp/streams.py", line 397, in readany
    await self._wait("readany")
  File "/remote-home/qhgao/Workspace/Applications/anaconda3/envs/share_py310/lib/python3.10/site-packages/aiohttp/streams.py", line 303, in _wait
    with self._timer:
  File "/remote-home/qhgao/Workspace/Applications/anaconda3/envs/share_py310/lib/python3.10/site-packages/aiohttp/helpers.py", line 721, in __exit__
    raise asyncio.TimeoutError from None
asyncio.exceptions.TimeoutError


2024-04-04 01:38:14,593 <requestor-worker-1:1998827, MainThread:140298684229440> (requestor.py:_fetch_single_async:216 -> requestor.py:_handle_error:99) from logger `RFC.requestor_failed`
[ERROR] failed on AudioBookAudioPage(1205894), caught error "['ValueError'] ValueError('unexpected status code 404 in response of AudioBookAudioPage(1205894)')"

2024-04-04 01:38:14,594 <requestor-worker-1:1998827, MainThread:140298684229440> (requestor.py:_fetch_single_async:216 -> requestor.py:_handle_error:100) from logger `RFC.requestor_failed`
[ERROR] Traceback (most recent call last):
  File "/remote-home/qhgao/Workspace/Projects/RFC-crawlers/RFC-dev/RFC/req/requestor.py", line 206, in _fetch_single_async
    result = await middleware.apply_async(item, result, self._session._request_lib, self._session._async_lib)
  File "/remote-home/qhgao/Workspace/Projects/RFC-crawlers/RFC-dev/RFC/req/middleware.py", line 121, in apply_async
    self._handle_error(e, item, result)
  File "/remote-home/qhgao/Workspace/Projects/RFC-crawlers/RFC-dev/RFC/req/middleware.py", line 83, in _handle_error
    raise error
  File "/remote-home/qhgao/Workspace/Projects/RFC-crawlers/RFC-dev/RFC/req/middleware.py", line 114, in apply_async
    _result = await self._apply_async(item, result, request_lib, async_lib)
  File "/remote-home/qhgao/Workspace/Projects/RFC-crawlers/RFC-dev/RFC/req/middleware.py", line 180, in _apply_async
    return self._apply_sync(item, result, request_lib)
  File "/remote-home/qhgao/Workspace/Projects/RFC-crawlers/RFC-dev/RFC/req/middleware.py", line 168, in _apply_sync
    raise ValueError(f"unexpected status code {repr(status_code)} in response of {repr(item)}")
ValueError: unexpected status code 404 in response of AudioBookAudioPage(1205894)


2024-04-04 01:38:45,300 <requestor-worker-1:1998827, MainThread:140298684229440> (requestor.py:_fetch_single_async:216 -> requestor.py:_handle_error:99) from logger `RFC.requestor_failed`
[ERROR] failed on AudioBookAudioPage(1205764).AudioBookAudioFile(1205764), caught error "['TimeoutError'] TimeoutError()"

2024-04-04 01:38:45,302 <requestor-worker-1:1998827, MainThread:140298684229440> (requestor.py:_fetch_single_async:216 -> requestor.py:_handle_error:100) from logger `RFC.requestor_failed`
[ERROR] Traceback (most recent call last):
  File "/remote-home/qhgao/Workspace/Projects/RFC-crawlers/RFC-dev/RFC/req/requestor.py", line 206, in _fetch_single_async
    result = await middleware.apply_async(item, result, self._session._request_lib, self._session._async_lib)
  File "/remote-home/qhgao/Workspace/Projects/RFC-crawlers/RFC-dev/RFC/req/middleware.py", line 121, in apply_async
    self._handle_error(e, item, result)
  File "/remote-home/qhgao/Workspace/Projects/RFC-crawlers/RFC-dev/RFC/req/middleware.py", line 83, in _handle_error
    raise error
  File "/remote-home/qhgao/Workspace/Projects/RFC-crawlers/RFC-dev/RFC/req/middleware.py", line 114, in apply_async
    _result = await self._apply_async(item, result, request_lib, async_lib)
  File "/remote-home/qhgao/Workspace/Projects/RFC-crawlers/RFC-dev/RFC/req/middleware.py", line 316, in _apply_async
    result.content = result.json if 'json' in result else await get_content_async(result.response, request_lib)  # type: ignore
  File "/remote-home/qhgao/Workspace/Projects/RFC-crawlers/RFC-dev/RFC/req/middleware_func.py", line 88, in get_content_async
    return await resp.read()
  File "/remote-home/qhgao/Workspace/Applications/anaconda3/envs/share_py310/lib/python3.10/site-packages/aiohttp/client_reqrep.py", line 1037, in read
    self._body = await self.content.read()
  File "/remote-home/qhgao/Workspace/Applications/anaconda3/envs/share_py310/lib/python3.10/site-packages/aiohttp/streams.py", line 375, in read
    block = await self.readany()
  File "/remote-home/qhgao/Workspace/Applications/anaconda3/envs/share_py310/lib/python3.10/site-packages/aiohttp/streams.py", line 397, in readany
    await self._wait("readany")
  File "/remote-home/qhgao/Workspace/Applications/anaconda3/envs/share_py310/lib/python3.10/site-packages/aiohttp/streams.py", line 303, in _wait
    with self._timer:
  File "/remote-home/qhgao/Workspace/Applications/anaconda3/envs/share_py310/lib/python3.10/site-packages/aiohttp/helpers.py", line 721, in __exit__
    raise asyncio.TimeoutError from None
asyncio.exceptions.TimeoutError


2024-04-04 01:39:29,301 <requestor-worker-1:1998827, MainThread:140298684229440> (requestor.py:_fetch_single_async:216 -> requestor.py:_handle_error:99) from logger `RFC.requestor_failed`
[ERROR] failed on AudioBookAudioPage(1205766).AudioBookAudioFile(1205766), caught error "['TimeoutError'] TimeoutError()"

2024-04-04 01:39:29,304 <requestor-worker-1:1998827, MainThread:140298684229440> (requestor.py:_fetch_single_async:216 -> requestor.py:_handle_error:100) from logger `RFC.requestor_failed`
[ERROR] Traceback (most recent call last):
  File "/remote-home/qhgao/Workspace/Projects/RFC-crawlers/RFC-dev/RFC/req/requestor.py", line 206, in _fetch_single_async
    result = await middleware.apply_async(item, result, self._session._request_lib, self._session._async_lib)
  File "/remote-home/qhgao/Workspace/Projects/RFC-crawlers/RFC-dev/RFC/req/middleware.py", line 121, in apply_async
    self._handle_error(e, item, result)
  File "/remote-home/qhgao/Workspace/Projects/RFC-crawlers/RFC-dev/RFC/req/middleware.py", line 83, in _handle_error
    raise error
  File "/remote-home/qhgao/Workspace/Projects/RFC-crawlers/RFC-dev/RFC/req/middleware.py", line 114, in apply_async
    _result = await self._apply_async(item, result, request_lib, async_lib)
  File "/remote-home/qhgao/Workspace/Projects/RFC-crawlers/RFC-dev/RFC/req/middleware.py", line 316, in _apply_async
    result.content = result.json if 'json' in result else await get_content_async(result.response, request_lib)  # type: ignore
  File "/remote-home/qhgao/Workspace/Projects/RFC-crawlers/RFC-dev/RFC/req/middleware_func.py", line 88, in get_content_async
    return await resp.read()
  File "/remote-home/qhgao/Workspace/Applications/anaconda3/envs/share_py310/lib/python3.10/site-packages/aiohttp/client_reqrep.py", line 1037, in read
    self._body = await self.content.read()
  File "/remote-home/qhgao/Workspace/Applications/anaconda3/envs/share_py310/lib/python3.10/site-packages/aiohttp/streams.py", line 375, in read
    block = await self.readany()
  File "/remote-home/qhgao/Workspace/Applications/anaconda3/envs/share_py310/lib/python3.10/site-packages/aiohttp/streams.py", line 397, in readany
    await self._wait("readany")
  File "/remote-home/qhgao/Workspace/Applications/anaconda3/envs/share_py310/lib/python3.10/site-packages/aiohttp/streams.py", line 303, in _wait
    with self._timer:
  File "/remote-home/qhgao/Workspace/Applications/anaconda3/envs/share_py310/lib/python3.10/site-packages/aiohttp/helpers.py", line 721, in __exit__
    raise asyncio.TimeoutError from None
asyncio.exceptions.TimeoutError


2024-04-04 01:40:26,027 <requestor-worker-1:1998827, MainThread:140298684229440> (requestor.py:_fetch_single_async:216 -> requestor.py:_handle_error:99) from logger `RFC.requestor_failed`
[ERROR] failed on AudioBookAudioPage(1206002), caught error "['ValueError'] ValueError('unexpected status code 404 in response of AudioBookAudioPage(1206002)')"

2024-04-04 01:40:26,029 <requestor-worker-1:1998827, MainThread:140298684229440> (requestor.py:_fetch_single_async:216 -> requestor.py:_handle_error:100) from logger `RFC.requestor_failed`
[ERROR] Traceback (most recent call last):
  File "/remote-home/qhgao/Workspace/Projects/RFC-crawlers/RFC-dev/RFC/req/requestor.py", line 206, in _fetch_single_async
    result = await middleware.apply_async(item, result, self._session._request_lib, self._session._async_lib)
  File "/remote-home/qhgao/Workspace/Projects/RFC-crawlers/RFC-dev/RFC/req/middleware.py", line 121, in apply_async
    self._handle_error(e, item, result)
  File "/remote-home/qhgao/Workspace/Projects/RFC-crawlers/RFC-dev/RFC/req/middleware.py", line 83, in _handle_error
    raise error
  File "/remote-home/qhgao/Workspace/Projects/RFC-crawlers/RFC-dev/RFC/req/middleware.py", line 114, in apply_async
    _result = await self._apply_async(item, result, request_lib, async_lib)
  File "/remote-home/qhgao/Workspace/Projects/RFC-crawlers/RFC-dev/RFC/req/middleware.py", line 180, in _apply_async
    return self._apply_sync(item, result, request_lib)
  File "/remote-home/qhgao/Workspace/Projects/RFC-crawlers/RFC-dev/RFC/req/middleware.py", line 168, in _apply_sync
    raise ValueError(f"unexpected status code {repr(status_code)} in response of {repr(item)}")
ValueError: unexpected status code 404 in response of AudioBookAudioPage(1206002)


2024-04-04 01:40:27,044 <requestor-worker-1:1998827, MainThread:140298684229440> (requestor.py:_fetch_single_async:216 -> requestor.py:_handle_error:99) from logger `RFC.requestor_failed`
[ERROR] failed on AudioBookAudioPage(1206006), caught error "['ValueError'] ValueError('unexpected status code 404 in response of AudioBookAudioPage(1206006)')"

2024-04-04 01:40:27,047 <requestor-worker-1:1998827, MainThread:140298684229440> (requestor.py:_fetch_single_async:216 -> requestor.py:_handle_error:100) from logger `RFC.requestor_failed`
[ERROR] Traceback (most recent call last):
  File "/remote-home/qhgao/Workspace/Projects/RFC-crawlers/RFC-dev/RFC/req/requestor.py", line 206, in _fetch_single_async
    result = await middleware.apply_async(item, result, self._session._request_lib, self._session._async_lib)
  File "/remote-home/qhgao/Workspace/Projects/RFC-crawlers/RFC-dev/RFC/req/middleware.py", line 121, in apply_async
    self._handle_error(e, item, result)
  File "/remote-home/qhgao/Workspace/Projects/RFC-crawlers/RFC-dev/RFC/req/middleware.py", line 83, in _handle_error
    raise error
  File "/remote-home/qhgao/Workspace/Projects/RFC-crawlers/RFC-dev/RFC/req/middleware.py", line 114, in apply_async
    _result = await self._apply_async(item, result, request_lib, async_lib)
  File "/remote-home/qhgao/Workspace/Projects/RFC-crawlers/RFC-dev/RFC/req/middleware.py", line 180, in _apply_async
    return self._apply_sync(item, result, request_lib)
  File "/remote-home/qhgao/Workspace/Projects/RFC-crawlers/RFC-dev/RFC/req/middleware.py", line 168, in _apply_sync
    raise ValueError(f"unexpected status code {repr(status_code)} in response of {repr(item)}")
ValueError: unexpected status code 404 in response of AudioBookAudioPage(1206006)


2024-04-04 01:40:32,183 <requestor-worker-1:1998827, MainThread:140298684229440> (requestor.py:_fetch_single_async:216 -> requestor.py:_handle_error:99) from logger `RFC.requestor_failed`
[ERROR] failed on AudioBookAudioPage(1206011), caught error "['ValueError'] ValueError('unexpected status code 404 in response of AudioBookAudioPage(1206011)')"

2024-04-04 01:40:32,185 <requestor-worker-1:1998827, MainThread:140298684229440> (requestor.py:_fetch_single_async:216 -> requestor.py:_handle_error:100) from logger `RFC.requestor_failed`
[ERROR] Traceback (most recent call last):
  File "/remote-home/qhgao/Workspace/Projects/RFC-crawlers/RFC-dev/RFC/req/requestor.py", line 206, in _fetch_single_async
    result = await middleware.apply_async(item, result, self._session._request_lib, self._session._async_lib)
  File "/remote-home/qhgao/Workspace/Projects/RFC-crawlers/RFC-dev/RFC/req/middleware.py", line 121, in apply_async
    self._handle_error(e, item, result)
  File "/remote-home/qhgao/Workspace/Projects/RFC-crawlers/RFC-dev/RFC/req/middleware.py", line 83, in _handle_error
    raise error
  File "/remote-home/qhgao/Workspace/Projects/RFC-crawlers/RFC-dev/RFC/req/middleware.py", line 114, in apply_async
    _result = await self._apply_async(item, result, request_lib, async_lib)
  File "/remote-home/qhgao/Workspace/Projects/RFC-crawlers/RFC-dev/RFC/req/middleware.py", line 180, in _apply_async
    return self._apply_sync(item, result, request_lib)
  File "/remote-home/qhgao/Workspace/Projects/RFC-crawlers/RFC-dev/RFC/req/middleware.py", line 168, in _apply_sync
    raise ValueError(f"unexpected status code {repr(status_code)} in response of {repr(item)}")
ValueError: unexpected status code 404 in response of AudioBookAudioPage(1206011)


2024-04-04 01:40:33,374 <requestor-worker-1:1998827, MainThread:140298684229440> (requestor.py:_fetch_single_async:216 -> requestor.py:_handle_error:99) from logger `RFC.requestor_failed`
[ERROR] failed on AudioBookAudioPage(1206012), caught error "['ValueError'] ValueError('unexpected status code 404 in response of AudioBookAudioPage(1206012)')"

2024-04-04 01:40:33,376 <requestor-worker-1:1998827, MainThread:140298684229440> (requestor.py:_fetch_single_async:216 -> requestor.py:_handle_error:100) from logger `RFC.requestor_failed`
[ERROR] Traceback (most recent call last):
  File "/remote-home/qhgao/Workspace/Projects/RFC-crawlers/RFC-dev/RFC/req/requestor.py", line 206, in _fetch_single_async
    result = await middleware.apply_async(item, result, self._session._request_lib, self._session._async_lib)
  File "/remote-home/qhgao/Workspace/Projects/RFC-crawlers/RFC-dev/RFC/req/middleware.py", line 121, in apply_async
    self._handle_error(e, item, result)
  File "/remote-home/qhgao/Workspace/Projects/RFC-crawlers/RFC-dev/RFC/req/middleware.py", line 83, in _handle_error
    raise error
  File "/remote-home/qhgao/Workspace/Projects/RFC-crawlers/RFC-dev/RFC/req/middleware.py", line 114, in apply_async
    _result = await self._apply_async(item, result, request_lib, async_lib)
  File "/remote-home/qhgao/Workspace/Projects/RFC-crawlers/RFC-dev/RFC/req/middleware.py", line 180, in _apply_async
    return self._apply_sync(item, result, request_lib)
  File "/remote-home/qhgao/Workspace/Projects/RFC-crawlers/RFC-dev/RFC/req/middleware.py", line 168, in _apply_sync
    raise ValueError(f"unexpected status code {repr(status_code)} in response of {repr(item)}")
ValueError: unexpected status code 404 in response of AudioBookAudioPage(1206012)


2024-04-04 01:40:41,296 <requestor-worker-1:1998827, MainThread:140298684229440> (requestor.py:_fetch_single_async:216 -> requestor.py:_handle_error:99) from logger `RFC.requestor_failed`
[ERROR] failed on AudioBookAudioPage(1205817).AudioBookAudioFile(1205817), caught error "['TimeoutError'] TimeoutError()"

2024-04-04 01:40:41,297 <requestor-worker-1:1998827, MainThread:140298684229440> (requestor.py:_fetch_single_async:216 -> requestor.py:_handle_error:100) from logger `RFC.requestor_failed`
[ERROR] Traceback (most recent call last):
  File "/remote-home/qhgao/Workspace/Projects/RFC-crawlers/RFC-dev/RFC/req/requestor.py", line 206, in _fetch_single_async
    result = await middleware.apply_async(item, result, self._session._request_lib, self._session._async_lib)
  File "/remote-home/qhgao/Workspace/Projects/RFC-crawlers/RFC-dev/RFC/req/middleware.py", line 121, in apply_async
    self._handle_error(e, item, result)
  File "/remote-home/qhgao/Workspace/Projects/RFC-crawlers/RFC-dev/RFC/req/middleware.py", line 83, in _handle_error
    raise error
  File "/remote-home/qhgao/Workspace/Projects/RFC-crawlers/RFC-dev/RFC/req/middleware.py", line 114, in apply_async
    _result = await self._apply_async(item, result, request_lib, async_lib)
  File "/remote-home/qhgao/Workspace/Projects/RFC-crawlers/RFC-dev/RFC/req/middleware.py", line 316, in _apply_async
    result.content = result.json if 'json' in result else await get_content_async(result.response, request_lib)  # type: ignore
  File "/remote-home/qhgao/Workspace/Projects/RFC-crawlers/RFC-dev/RFC/req/middleware_func.py", line 88, in get_content_async
    return await resp.read()
  File "/remote-home/qhgao/Workspace/Applications/anaconda3/envs/share_py310/lib/python3.10/site-packages/aiohttp/client_reqrep.py", line 1037, in read
    self._body = await self.content.read()
  File "/remote-home/qhgao/Workspace/Applications/anaconda3/envs/share_py310/lib/python3.10/site-packages/aiohttp/streams.py", line 375, in read
    block = await self.readany()
  File "/remote-home/qhgao/Workspace/Applications/anaconda3/envs/share_py310/lib/python3.10/site-packages/aiohttp/streams.py", line 397, in readany
    await self._wait("readany")
  File "/remote-home/qhgao/Workspace/Applications/anaconda3/envs/share_py310/lib/python3.10/site-packages/aiohttp/streams.py", line 303, in _wait
    with self._timer:
  File "/remote-home/qhgao/Workspace/Applications/anaconda3/envs/share_py310/lib/python3.10/site-packages/aiohttp/helpers.py", line 721, in __exit__
    raise asyncio.TimeoutError from None
asyncio.exceptions.TimeoutError


2024-04-04 01:40:41,418 <requestor-worker-1:1998827, MainThread:140298684229440> (requestor.py:_fetch_single_async:216 -> requestor.py:_handle_error:99) from logger `RFC.requestor_failed`
[ERROR] failed on AudioBookAudioPage(1206016), caught error "['ValueError'] ValueError('unexpected status code 404 in response of AudioBookAudioPage(1206016)')"

2024-04-04 01:40:41,419 <requestor-worker-1:1998827, MainThread:140298684229440> (requestor.py:_fetch_single_async:216 -> requestor.py:_handle_error:100) from logger `RFC.requestor_failed`
[ERROR] Traceback (most recent call last):
  File "/remote-home/qhgao/Workspace/Projects/RFC-crawlers/RFC-dev/RFC/req/requestor.py", line 206, in _fetch_single_async
    result = await middleware.apply_async(item, result, self._session._request_lib, self._session._async_lib)
  File "/remote-home/qhgao/Workspace/Projects/RFC-crawlers/RFC-dev/RFC/req/middleware.py", line 121, in apply_async
    self._handle_error(e, item, result)
  File "/remote-home/qhgao/Workspace/Projects/RFC-crawlers/RFC-dev/RFC/req/middleware.py", line 83, in _handle_error
    raise error
  File "/remote-home/qhgao/Workspace/Projects/RFC-crawlers/RFC-dev/RFC/req/middleware.py", line 114, in apply_async
    _result = await self._apply_async(item, result, request_lib, async_lib)
  File "/remote-home/qhgao/Workspace/Projects/RFC-crawlers/RFC-dev/RFC/req/middleware.py", line 180, in _apply_async
    return self._apply_sync(item, result, request_lib)
  File "/remote-home/qhgao/Workspace/Projects/RFC-crawlers/RFC-dev/RFC/req/middleware.py", line 168, in _apply_sync
    raise ValueError(f"unexpected status code {repr(status_code)} in response of {repr(item)}")
ValueError: unexpected status code 404 in response of AudioBookAudioPage(1206016)


2024-04-04 01:40:45,314 <requestor-worker-1:1998827, MainThread:140298684229440> (requestor.py:_fetch_single_async:216 -> requestor.py:_handle_error:99) from logger `RFC.requestor_failed`
[ERROR] failed on AudioBookAudioPage(1205819).AudioBookAudioFile(1205819), caught error "['TimeoutError'] TimeoutError()"

2024-04-04 01:40:45,316 <requestor-worker-1:1998827, MainThread:140298684229440> (requestor.py:_fetch_single_async:216 -> requestor.py:_handle_error:100) from logger `RFC.requestor_failed`
[ERROR] Traceback (most recent call last):
  File "/remote-home/qhgao/Workspace/Projects/RFC-crawlers/RFC-dev/RFC/req/requestor.py", line 199, in _fetch_single_async
    resp = await self._session.request(item)
  File "/remote-home/qhgao/Workspace/Projects/RFC-crawlers/RFC-dev/RFC/req/session.py", line 320, in request
    return await self._session.request(**request_args)
  File "/remote-home/qhgao/Workspace/Applications/anaconda3/envs/share_py310/lib/python3.10/site-packages/aiohttp/client.py", line 467, in _request
    with timer:
  File "/remote-home/qhgao/Workspace/Applications/anaconda3/envs/share_py310/lib/python3.10/site-packages/aiohttp/helpers.py", line 721, in __exit__
    raise asyncio.TimeoutError from None
asyncio.exceptions.TimeoutError


2024-04-04 01:40:45,352 <requestor-worker-1:1998827, MainThread:140298684229440> (requestor.py:_fetch_single_async:216 -> requestor.py:_handle_error:99) from logger `RFC.requestor_failed`
[ERROR] failed on AudioBookAudioPage(1205818).AudioBookAudioFile(1205818), caught error "['TimeoutError'] TimeoutError()"

2024-04-04 01:40:45,354 <requestor-worker-1:1998827, MainThread:140298684229440> (requestor.py:_fetch_single_async:216 -> requestor.py:_handle_error:100) from logger `RFC.requestor_failed`
[ERROR] Traceback (most recent call last):
  File "/remote-home/qhgao/Workspace/Projects/RFC-crawlers/RFC-dev/RFC/req/requestor.py", line 199, in _fetch_single_async
    resp = await self._session.request(item)
  File "/remote-home/qhgao/Workspace/Projects/RFC-crawlers/RFC-dev/RFC/req/session.py", line 320, in request
    return await self._session.request(**request_args)
  File "/remote-home/qhgao/Workspace/Applications/anaconda3/envs/share_py310/lib/python3.10/site-packages/aiohttp/client.py", line 560, in _request
    await resp.start(conn)
  File "/remote-home/qhgao/Workspace/Applications/anaconda3/envs/share_py310/lib/python3.10/site-packages/aiohttp/client_reqrep.py", line 894, in start
    with self._timer:
  File "/remote-home/qhgao/Workspace/Applications/anaconda3/envs/share_py310/lib/python3.10/site-packages/aiohttp/helpers.py", line 721, in __exit__
    raise asyncio.TimeoutError from None
asyncio.exceptions.TimeoutError


2024-04-04 01:41:14,312 <requestor-worker-1:1998827, MainThread:140298684229440> (requestor.py:_fetch_single_async:216 -> requestor.py:_handle_error:99) from logger `RFC.requestor_failed`
[ERROR] failed on AudioBookAudioPage(1206031), caught error "['TimeoutError'] TimeoutError()"

2024-04-04 01:41:14,314 <requestor-worker-1:1998827, MainThread:140298684229440> (requestor.py:_fetch_single_async:216 -> requestor.py:_handle_error:100) from logger `RFC.requestor_failed`
[ERROR] Traceback (most recent call last):
  File "/remote-home/qhgao/Workspace/Projects/RFC-crawlers/RFC-dev/RFC/req/requestor.py", line 206, in _fetch_single_async
    result = await middleware.apply_async(item, result, self._session._request_lib, self._session._async_lib)
  File "/remote-home/qhgao/Workspace/Projects/RFC-crawlers/RFC-dev/RFC/req/middleware.py", line 121, in apply_async
    self._handle_error(e, item, result)
  File "/remote-home/qhgao/Workspace/Projects/RFC-crawlers/RFC-dev/RFC/req/middleware.py", line 83, in _handle_error
    raise error
  File "/remote-home/qhgao/Workspace/Projects/RFC-crawlers/RFC-dev/RFC/req/middleware.py", line 114, in apply_async
    _result = await self._apply_async(item, result, request_lib, async_lib)
  File "/remote-home/qhgao/Workspace/Projects/RFC-crawlers/RFC-dev/RFC/req/middleware.py", line 316, in _apply_async
    result.content = result.json if 'json' in result else await get_content_async(result.response, request_lib)  # type: ignore
  File "/remote-home/qhgao/Workspace/Projects/RFC-crawlers/RFC-dev/RFC/req/middleware_func.py", line 88, in get_content_async
    return await resp.read()
  File "/remote-home/qhgao/Workspace/Applications/anaconda3/envs/share_py310/lib/python3.10/site-packages/aiohttp/client_reqrep.py", line 1037, in read
    self._body = await self.content.read()
  File "/remote-home/qhgao/Workspace/Applications/anaconda3/envs/share_py310/lib/python3.10/site-packages/aiohttp/streams.py", line 375, in read
    block = await self.readany()
  File "/remote-home/qhgao/Workspace/Applications/anaconda3/envs/share_py310/lib/python3.10/site-packages/aiohttp/streams.py", line 397, in readany
    await self._wait("readany")
  File "/remote-home/qhgao/Workspace/Applications/anaconda3/envs/share_py310/lib/python3.10/site-packages/aiohttp/streams.py", line 303, in _wait
    with self._timer:
  File "/remote-home/qhgao/Workspace/Applications/anaconda3/envs/share_py310/lib/python3.10/site-packages/aiohttp/helpers.py", line 721, in __exit__
    raise asyncio.TimeoutError from None
asyncio.exceptions.TimeoutError


2024-04-04 01:41:27,355 <requestor-worker-1:1998827, MainThread:140298684229440> (requestor.py:_fetch_single_async:216 -> requestor.py:_handle_error:99) from logger `RFC.requestor_failed`
[ERROR] failed on AudioBookAudioPage(1205844).AudioBookAudioFile(1205844), caught error "['TimeoutError'] TimeoutError()"

2024-04-04 01:41:27,358 <requestor-worker-1:1998827, MainThread:140298684229440> (requestor.py:_fetch_single_async:216 -> requestor.py:_handle_error:100) from logger `RFC.requestor_failed`
[ERROR] Traceback (most recent call last):
  File "/remote-home/qhgao/Workspace/Projects/RFC-crawlers/RFC-dev/RFC/req/requestor.py", line 206, in _fetch_single_async
    result = await middleware.apply_async(item, result, self._session._request_lib, self._session._async_lib)
  File "/remote-home/qhgao/Workspace/Projects/RFC-crawlers/RFC-dev/RFC/req/middleware.py", line 121, in apply_async
    self._handle_error(e, item, result)
  File "/remote-home/qhgao/Workspace/Projects/RFC-crawlers/RFC-dev/RFC/req/middleware.py", line 83, in _handle_error
    raise error
  File "/remote-home/qhgao/Workspace/Projects/RFC-crawlers/RFC-dev/RFC/req/middleware.py", line 114, in apply_async
    _result = await self._apply_async(item, result, request_lib, async_lib)
  File "/remote-home/qhgao/Workspace/Projects/RFC-crawlers/RFC-dev/RFC/req/middleware.py", line 316, in _apply_async
    result.content = result.json if 'json' in result else await get_content_async(result.response, request_lib)  # type: ignore
  File "/remote-home/qhgao/Workspace/Projects/RFC-crawlers/RFC-dev/RFC/req/middleware_func.py", line 88, in get_content_async
    return await resp.read()
  File "/remote-home/qhgao/Workspace/Applications/anaconda3/envs/share_py310/lib/python3.10/site-packages/aiohttp/client_reqrep.py", line 1037, in read
    self._body = await self.content.read()
  File "/remote-home/qhgao/Workspace/Applications/anaconda3/envs/share_py310/lib/python3.10/site-packages/aiohttp/streams.py", line 375, in read
    block = await self.readany()
  File "/remote-home/qhgao/Workspace/Applications/anaconda3/envs/share_py310/lib/python3.10/site-packages/aiohttp/streams.py", line 397, in readany
    await self._wait("readany")
  File "/remote-home/qhgao/Workspace/Applications/anaconda3/envs/share_py310/lib/python3.10/site-packages/aiohttp/streams.py", line 303, in _wait
    with self._timer:
  File "/remote-home/qhgao/Workspace/Applications/anaconda3/envs/share_py310/lib/python3.10/site-packages/aiohttp/helpers.py", line 721, in __exit__
    raise asyncio.TimeoutError from None
asyncio.exceptions.TimeoutError


2024-04-04 01:41:32,302 <requestor-worker-1:1998827, MainThread:140298684229440> (requestor.py:_fetch_single_async:216 -> requestor.py:_handle_error:99) from logger `RFC.requestor_failed`
[ERROR] failed on AudioBookAudioPage(1205848).AudioBookAudioFile(1205848), caught error "['TimeoutError'] TimeoutError()"

2024-04-04 01:41:32,305 <requestor-worker-1:1998827, MainThread:140298684229440> (requestor.py:_fetch_single_async:216 -> requestor.py:_handle_error:100) from logger `RFC.requestor_failed`
[ERROR] Traceback (most recent call last):
  File "/remote-home/qhgao/Workspace/Projects/RFC-crawlers/RFC-dev/RFC/req/requestor.py", line 206, in _fetch_single_async
    result = await middleware.apply_async(item, result, self._session._request_lib, self._session._async_lib)
  File "/remote-home/qhgao/Workspace/Projects/RFC-crawlers/RFC-dev/RFC/req/middleware.py", line 121, in apply_async
    self._handle_error(e, item, result)
  File "/remote-home/qhgao/Workspace/Projects/RFC-crawlers/RFC-dev/RFC/req/middleware.py", line 83, in _handle_error
    raise error
  File "/remote-home/qhgao/Workspace/Projects/RFC-crawlers/RFC-dev/RFC/req/middleware.py", line 114, in apply_async
    _result = await self._apply_async(item, result, request_lib, async_lib)
  File "/remote-home/qhgao/Workspace/Projects/RFC-crawlers/RFC-dev/RFC/req/middleware.py", line 316, in _apply_async
    result.content = result.json if 'json' in result else await get_content_async(result.response, request_lib)  # type: ignore
  File "/remote-home/qhgao/Workspace/Projects/RFC-crawlers/RFC-dev/RFC/req/middleware_func.py", line 88, in get_content_async
    return await resp.read()
  File "/remote-home/qhgao/Workspace/Applications/anaconda3/envs/share_py310/lib/python3.10/site-packages/aiohttp/client_reqrep.py", line 1037, in read
    self._body = await self.content.read()
  File "/remote-home/qhgao/Workspace/Applications/anaconda3/envs/share_py310/lib/python3.10/site-packages/aiohttp/streams.py", line 375, in read
    block = await self.readany()
  File "/remote-home/qhgao/Workspace/Applications/anaconda3/envs/share_py310/lib/python3.10/site-packages/aiohttp/streams.py", line 397, in readany
    await self._wait("readany")
  File "/remote-home/qhgao/Workspace/Applications/anaconda3/envs/share_py310/lib/python3.10/site-packages/aiohttp/streams.py", line 303, in _wait
    with self._timer:
  File "/remote-home/qhgao/Workspace/Applications/anaconda3/envs/share_py310/lib/python3.10/site-packages/aiohttp/helpers.py", line 721, in __exit__
    raise asyncio.TimeoutError from None
asyncio.exceptions.TimeoutError


2024-04-04 01:41:38,300 <requestor-worker-1:1998827, MainThread:140298684229440> (requestor.py:_fetch_single_async:216 -> requestor.py:_handle_error:99) from logger `RFC.requestor_failed`
[ERROR] failed on AudioBookAudioPage(1205849).AudioBookAudioFile(1205849), caught error "['TimeoutError'] TimeoutError()"

2024-04-04 01:41:38,301 <requestor-worker-1:1998827, MainThread:140298684229440> (requestor.py:_fetch_single_async:216 -> requestor.py:_handle_error:100) from logger `RFC.requestor_failed`
[ERROR] Traceback (most recent call last):
  File "/remote-home/qhgao/Workspace/Projects/RFC-crawlers/RFC-dev/RFC/req/requestor.py", line 206, in _fetch_single_async
    result = await middleware.apply_async(item, result, self._session._request_lib, self._session._async_lib)
  File "/remote-home/qhgao/Workspace/Projects/RFC-crawlers/RFC-dev/RFC/req/middleware.py", line 121, in apply_async
    self._handle_error(e, item, result)
  File "/remote-home/qhgao/Workspace/Projects/RFC-crawlers/RFC-dev/RFC/req/middleware.py", line 83, in _handle_error
    raise error
  File "/remote-home/qhgao/Workspace/Projects/RFC-crawlers/RFC-dev/RFC/req/middleware.py", line 114, in apply_async
    _result = await self._apply_async(item, result, request_lib, async_lib)
  File "/remote-home/qhgao/Workspace/Projects/RFC-crawlers/RFC-dev/RFC/req/middleware.py", line 316, in _apply_async
    result.content = result.json if 'json' in result else await get_content_async(result.response, request_lib)  # type: ignore
  File "/remote-home/qhgao/Workspace/Projects/RFC-crawlers/RFC-dev/RFC/req/middleware_func.py", line 88, in get_content_async
    return await resp.read()
  File "/remote-home/qhgao/Workspace/Applications/anaconda3/envs/share_py310/lib/python3.10/site-packages/aiohttp/client_reqrep.py", line 1037, in read
    self._body = await self.content.read()
  File "/remote-home/qhgao/Workspace/Applications/anaconda3/envs/share_py310/lib/python3.10/site-packages/aiohttp/streams.py", line 375, in read
    block = await self.readany()
  File "/remote-home/qhgao/Workspace/Applications/anaconda3/envs/share_py310/lib/python3.10/site-packages/aiohttp/streams.py", line 397, in readany
    await self._wait("readany")
  File "/remote-home/qhgao/Workspace/Applications/anaconda3/envs/share_py310/lib/python3.10/site-packages/aiohttp/streams.py", line 303, in _wait
    with self._timer:
  File "/remote-home/qhgao/Workspace/Applications/anaconda3/envs/share_py310/lib/python3.10/site-packages/aiohttp/helpers.py", line 721, in __exit__
    raise asyncio.TimeoutError from None
asyncio.exceptions.TimeoutError


2024-04-04 01:42:24,865 <requestor-worker-1:1998827, MainThread:140298684229440> (requestor.py:_fetch_single_async:216 -> requestor.py:_handle_error:99) from logger `RFC.requestor_failed`
[ERROR] failed on AudioBookAudioPage(1206122), caught error "['ValueError'] ValueError('unexpected status code 404 in response of AudioBookAudioPage(1206122)')"

2024-04-04 01:42:24,868 <requestor-worker-1:1998827, MainThread:140298684229440> (requestor.py:_fetch_single_async:216 -> requestor.py:_handle_error:100) from logger `RFC.requestor_failed`
[ERROR] Traceback (most recent call last):
  File "/remote-home/qhgao/Workspace/Projects/RFC-crawlers/RFC-dev/RFC/req/requestor.py", line 206, in _fetch_single_async
    result = await middleware.apply_async(item, result, self._session._request_lib, self._session._async_lib)
  File "/remote-home/qhgao/Workspace/Projects/RFC-crawlers/RFC-dev/RFC/req/middleware.py", line 121, in apply_async
    self._handle_error(e, item, result)
  File "/remote-home/qhgao/Workspace/Projects/RFC-crawlers/RFC-dev/RFC/req/middleware.py", line 83, in _handle_error
    raise error
  File "/remote-home/qhgao/Workspace/Projects/RFC-crawlers/RFC-dev/RFC/req/middleware.py", line 114, in apply_async
    _result = await self._apply_async(item, result, request_lib, async_lib)
  File "/remote-home/qhgao/Workspace/Projects/RFC-crawlers/RFC-dev/RFC/req/middleware.py", line 180, in _apply_async
    return self._apply_sync(item, result, request_lib)
  File "/remote-home/qhgao/Workspace/Projects/RFC-crawlers/RFC-dev/RFC/req/middleware.py", line 168, in _apply_sync
    raise ValueError(f"unexpected status code {repr(status_code)} in response of {repr(item)}")
ValueError: unexpected status code 404 in response of AudioBookAudioPage(1206122)


2024-04-04 01:42:35,681 <requestor-worker-1:1998827, MainThread:140298684229440> (requestor.py:_fetch_single_async:216 -> requestor.py:_handle_error:99) from logger `RFC.requestor_failed`
[ERROR] failed on AudioBookAudioPage(1206146), caught error "['ValueError'] ValueError('unexpected status code 404 in response of AudioBookAudioPage(1206146)')"

2024-04-04 01:42:35,683 <requestor-worker-1:1998827, MainThread:140298684229440> (requestor.py:_fetch_single_async:216 -> requestor.py:_handle_error:100) from logger `RFC.requestor_failed`
[ERROR] Traceback (most recent call last):
  File "/remote-home/qhgao/Workspace/Projects/RFC-crawlers/RFC-dev/RFC/req/requestor.py", line 206, in _fetch_single_async
    result = await middleware.apply_async(item, result, self._session._request_lib, self._session._async_lib)
  File "/remote-home/qhgao/Workspace/Projects/RFC-crawlers/RFC-dev/RFC/req/middleware.py", line 121, in apply_async
    self._handle_error(e, item, result)
  File "/remote-home/qhgao/Workspace/Projects/RFC-crawlers/RFC-dev/RFC/req/middleware.py", line 83, in _handle_error
    raise error
  File "/remote-home/qhgao/Workspace/Projects/RFC-crawlers/RFC-dev/RFC/req/middleware.py", line 114, in apply_async
    _result = await self._apply_async(item, result, request_lib, async_lib)
  File "/remote-home/qhgao/Workspace/Projects/RFC-crawlers/RFC-dev/RFC/req/middleware.py", line 180, in _apply_async
    return self._apply_sync(item, result, request_lib)
  File "/remote-home/qhgao/Workspace/Projects/RFC-crawlers/RFC-dev/RFC/req/middleware.py", line 168, in _apply_sync
    raise ValueError(f"unexpected status code {repr(status_code)} in response of {repr(item)}")
ValueError: unexpected status code 404 in response of AudioBookAudioPage(1206146)


2024-04-04 01:42:37,983 <requestor-worker-1:1998827, MainThread:140298684229440> (requestor.py:_fetch_single_async:216 -> requestor.py:_handle_error:99) from logger `RFC.requestor_failed`
[ERROR] failed on AudioBookAudioPage(1206150), caught error "['ValueError'] ValueError('unexpected status code 404 in response of AudioBookAudioPage(1206150)')"

2024-04-04 01:42:37,984 <requestor-worker-1:1998827, MainThread:140298684229440> (requestor.py:_fetch_single_async:216 -> requestor.py:_handle_error:100) from logger `RFC.requestor_failed`
[ERROR] Traceback (most recent call last):
  File "/remote-home/qhgao/Workspace/Projects/RFC-crawlers/RFC-dev/RFC/req/requestor.py", line 206, in _fetch_single_async
    result = await middleware.apply_async(item, result, self._session._request_lib, self._session._async_lib)
  File "/remote-home/qhgao/Workspace/Projects/RFC-crawlers/RFC-dev/RFC/req/middleware.py", line 121, in apply_async
    self._handle_error(e, item, result)
  File "/remote-home/qhgao/Workspace/Projects/RFC-crawlers/RFC-dev/RFC/req/middleware.py", line 83, in _handle_error
    raise error
  File "/remote-home/qhgao/Workspace/Projects/RFC-crawlers/RFC-dev/RFC/req/middleware.py", line 114, in apply_async
    _result = await self._apply_async(item, result, request_lib, async_lib)
  File "/remote-home/qhgao/Workspace/Projects/RFC-crawlers/RFC-dev/RFC/req/middleware.py", line 180, in _apply_async
    return self._apply_sync(item, result, request_lib)
  File "/remote-home/qhgao/Workspace/Projects/RFC-crawlers/RFC-dev/RFC/req/middleware.py", line 168, in _apply_sync
    raise ValueError(f"unexpected status code {repr(status_code)} in response of {repr(item)}")
ValueError: unexpected status code 404 in response of AudioBookAudioPage(1206150)


2024-04-04 01:42:46,297 <requestor-worker-1:1998827, MainThread:140298684229440> (requestor.py:_fetch_single_async:216 -> requestor.py:_handle_error:99) from logger `RFC.requestor_failed`
[ERROR] failed on AudioBookAudioPage(1205909).AudioBookAudioFile(1205909), caught error "['TimeoutError'] TimeoutError()"

2024-04-04 01:42:46,299 <requestor-worker-1:1998827, MainThread:140298684229440> (requestor.py:_fetch_single_async:216 -> requestor.py:_handle_error:100) from logger `RFC.requestor_failed`
[ERROR] Traceback (most recent call last):
  File "/remote-home/qhgao/Workspace/Projects/RFC-crawlers/RFC-dev/RFC/req/requestor.py", line 206, in _fetch_single_async
    result = await middleware.apply_async(item, result, self._session._request_lib, self._session._async_lib)
  File "/remote-home/qhgao/Workspace/Projects/RFC-crawlers/RFC-dev/RFC/req/middleware.py", line 121, in apply_async
    self._handle_error(e, item, result)
  File "/remote-home/qhgao/Workspace/Projects/RFC-crawlers/RFC-dev/RFC/req/middleware.py", line 83, in _handle_error
    raise error
  File "/remote-home/qhgao/Workspace/Projects/RFC-crawlers/RFC-dev/RFC/req/middleware.py", line 114, in apply_async
    _result = await self._apply_async(item, result, request_lib, async_lib)
  File "/remote-home/qhgao/Workspace/Projects/RFC-crawlers/RFC-dev/RFC/req/middleware.py", line 316, in _apply_async
    result.content = result.json if 'json' in result else await get_content_async(result.response, request_lib)  # type: ignore
  File "/remote-home/qhgao/Workspace/Projects/RFC-crawlers/RFC-dev/RFC/req/middleware_func.py", line 88, in get_content_async
    return await resp.read()
  File "/remote-home/qhgao/Workspace/Applications/anaconda3/envs/share_py310/lib/python3.10/site-packages/aiohttp/client_reqrep.py", line 1037, in read
    self._body = await self.content.read()
  File "/remote-home/qhgao/Workspace/Applications/anaconda3/envs/share_py310/lib/python3.10/site-packages/aiohttp/streams.py", line 375, in read
    block = await self.readany()
  File "/remote-home/qhgao/Workspace/Applications/anaconda3/envs/share_py310/lib/python3.10/site-packages/aiohttp/streams.py", line 397, in readany
    await self._wait("readany")
  File "/remote-home/qhgao/Workspace/Applications/anaconda3/envs/share_py310/lib/python3.10/site-packages/aiohttp/streams.py", line 303, in _wait
    with self._timer:
  File "/remote-home/qhgao/Workspace/Applications/anaconda3/envs/share_py310/lib/python3.10/site-packages/aiohttp/helpers.py", line 721, in __exit__
    raise asyncio.TimeoutError from None
asyncio.exceptions.TimeoutError


2024-04-04 01:43:11,309 <requestor-worker-1:1998827, MainThread:140298684229440> (requestor.py:_fetch_single_async:216 -> requestor.py:_handle_error:99) from logger `RFC.requestor_failed`
[ERROR] failed on AudioBookAudioPage(1206163), caught error "['TimeoutError'] TimeoutError()"

2024-04-04 01:43:11,310 <requestor-worker-1:1998827, MainThread:140298684229440> (requestor.py:_fetch_single_async:216 -> requestor.py:_handle_error:100) from logger `RFC.requestor_failed`
[ERROR] Traceback (most recent call last):
  File "/remote-home/qhgao/Workspace/Projects/RFC-crawlers/RFC-dev/RFC/req/requestor.py", line 199, in _fetch_single_async
    resp = await self._session.request(item)
  File "/remote-home/qhgao/Workspace/Projects/RFC-crawlers/RFC-dev/RFC/req/session.py", line 320, in request
    return await self._session.request(**request_args)
  File "/remote-home/qhgao/Workspace/Applications/anaconda3/envs/share_py310/lib/python3.10/site-packages/aiohttp/client.py", line 560, in _request
    await resp.start(conn)
  File "/remote-home/qhgao/Workspace/Applications/anaconda3/envs/share_py310/lib/python3.10/site-packages/aiohttp/client_reqrep.py", line 894, in start
    with self._timer:
  File "/remote-home/qhgao/Workspace/Applications/anaconda3/envs/share_py310/lib/python3.10/site-packages/aiohttp/helpers.py", line 721, in __exit__
    raise asyncio.TimeoutError from None
asyncio.exceptions.TimeoutError


2024-04-04 01:43:15,820 <requestor-worker-1:1998827, MainThread:140298684229440> (requestor.py:_fetch_single_async:216 -> requestor.py:_handle_error:99) from logger `RFC.requestor_failed`
[ERROR] failed on AudioBookAudioPage(1206190), caught error "['ValueError'] ValueError('unexpected status code 404 in response of AudioBookAudioPage(1206190)')"

2024-04-04 01:43:15,821 <requestor-worker-1:1998827, MainThread:140298684229440> (requestor.py:_fetch_single_async:216 -> requestor.py:_handle_error:100) from logger `RFC.requestor_failed`
[ERROR] Traceback (most recent call last):
  File "/remote-home/qhgao/Workspace/Projects/RFC-crawlers/RFC-dev/RFC/req/requestor.py", line 206, in _fetch_single_async
    result = await middleware.apply_async(item, result, self._session._request_lib, self._session._async_lib)
  File "/remote-home/qhgao/Workspace/Projects/RFC-crawlers/RFC-dev/RFC/req/middleware.py", line 121, in apply_async
    self._handle_error(e, item, result)
  File "/remote-home/qhgao/Workspace/Projects/RFC-crawlers/RFC-dev/RFC/req/middleware.py", line 83, in _handle_error
    raise error
  File "/remote-home/qhgao/Workspace/Projects/RFC-crawlers/RFC-dev/RFC/req/middleware.py", line 114, in apply_async
    _result = await self._apply_async(item, result, request_lib, async_lib)
  File "/remote-home/qhgao/Workspace/Projects/RFC-crawlers/RFC-dev/RFC/req/middleware.py", line 180, in _apply_async
    return self._apply_sync(item, result, request_lib)
  File "/remote-home/qhgao/Workspace/Projects/RFC-crawlers/RFC-dev/RFC/req/middleware.py", line 168, in _apply_sync
    raise ValueError(f"unexpected status code {repr(status_code)} in response of {repr(item)}")
ValueError: unexpected status code 404 in response of AudioBookAudioPage(1206190)


2024-04-04 01:43:36,298 <requestor-worker-1:1998827, MainThread:140298684229440> (requestor.py:_fetch_single_async:216 -> requestor.py:_handle_error:99) from logger `RFC.requestor_failed`
[ERROR] failed on AudioBookAudioPage(1205960).AudioBookAudioFile(1205960), caught error "['TimeoutError'] TimeoutError()"

2024-04-04 01:43:36,301 <requestor-worker-1:1998827, MainThread:140298684229440> (requestor.py:_fetch_single_async:216 -> requestor.py:_handle_error:100) from logger `RFC.requestor_failed`
[ERROR] Traceback (most recent call last):
  File "/remote-home/qhgao/Workspace/Projects/RFC-crawlers/RFC-dev/RFC/req/requestor.py", line 206, in _fetch_single_async
    result = await middleware.apply_async(item, result, self._session._request_lib, self._session._async_lib)
  File "/remote-home/qhgao/Workspace/Projects/RFC-crawlers/RFC-dev/RFC/req/middleware.py", line 121, in apply_async
    self._handle_error(e, item, result)
  File "/remote-home/qhgao/Workspace/Projects/RFC-crawlers/RFC-dev/RFC/req/middleware.py", line 83, in _handle_error
    raise error
  File "/remote-home/qhgao/Workspace/Projects/RFC-crawlers/RFC-dev/RFC/req/middleware.py", line 114, in apply_async
    _result = await self._apply_async(item, result, request_lib, async_lib)
  File "/remote-home/qhgao/Workspace/Projects/RFC-crawlers/RFC-dev/RFC/req/middleware.py", line 316, in _apply_async
    result.content = result.json if 'json' in result else await get_content_async(result.response, request_lib)  # type: ignore
  File "/remote-home/qhgao/Workspace/Projects/RFC-crawlers/RFC-dev/RFC/req/middleware_func.py", line 88, in get_content_async
    return await resp.read()
  File "/remote-home/qhgao/Workspace/Applications/anaconda3/envs/share_py310/lib/python3.10/site-packages/aiohttp/client_reqrep.py", line 1037, in read
    self._body = await self.content.read()
  File "/remote-home/qhgao/Workspace/Applications/anaconda3/envs/share_py310/lib/python3.10/site-packages/aiohttp/streams.py", line 375, in read
    block = await self.readany()
  File "/remote-home/qhgao/Workspace/Applications/anaconda3/envs/share_py310/lib/python3.10/site-packages/aiohttp/streams.py", line 397, in readany
    await self._wait("readany")
  File "/remote-home/qhgao/Workspace/Applications/anaconda3/envs/share_py310/lib/python3.10/site-packages/aiohttp/streams.py", line 303, in _wait
    with self._timer:
  File "/remote-home/qhgao/Workspace/Applications/anaconda3/envs/share_py310/lib/python3.10/site-packages/aiohttp/helpers.py", line 721, in __exit__
    raise asyncio.TimeoutError from None
asyncio.exceptions.TimeoutError


2024-04-04 01:43:37,298 <requestor-worker-1:1998827, MainThread:140298684229440> (requestor.py:_fetch_single_async:216 -> requestor.py:_handle_error:99) from logger `RFC.requestor_failed`
[ERROR] failed on AudioBookAudioPage(1205961).AudioBookAudioFile(1205961), caught error "['TimeoutError'] TimeoutError()"

2024-04-04 01:43:37,299 <requestor-worker-1:1998827, MainThread:140298684229440> (requestor.py:_fetch_single_async:216 -> requestor.py:_handle_error:100) from logger `RFC.requestor_failed`
[ERROR] Traceback (most recent call last):
  File "/remote-home/qhgao/Workspace/Projects/RFC-crawlers/RFC-dev/RFC/req/requestor.py", line 206, in _fetch_single_async
    result = await middleware.apply_async(item, result, self._session._request_lib, self._session._async_lib)
  File "/remote-home/qhgao/Workspace/Projects/RFC-crawlers/RFC-dev/RFC/req/middleware.py", line 121, in apply_async
    self._handle_error(e, item, result)
  File "/remote-home/qhgao/Workspace/Projects/RFC-crawlers/RFC-dev/RFC/req/middleware.py", line 83, in _handle_error
    raise error
  File "/remote-home/qhgao/Workspace/Projects/RFC-crawlers/RFC-dev/RFC/req/middleware.py", line 114, in apply_async
    _result = await self._apply_async(item, result, request_lib, async_lib)
  File "/remote-home/qhgao/Workspace/Projects/RFC-crawlers/RFC-dev/RFC/req/middleware.py", line 316, in _apply_async
    result.content = result.json if 'json' in result else await get_content_async(result.response, request_lib)  # type: ignore
  File "/remote-home/qhgao/Workspace/Projects/RFC-crawlers/RFC-dev/RFC/req/middleware_func.py", line 88, in get_content_async
    return await resp.read()
  File "/remote-home/qhgao/Workspace/Applications/anaconda3/envs/share_py310/lib/python3.10/site-packages/aiohttp/client_reqrep.py", line 1037, in read
    self._body = await self.content.read()
  File "/remote-home/qhgao/Workspace/Applications/anaconda3/envs/share_py310/lib/python3.10/site-packages/aiohttp/streams.py", line 375, in read
    block = await self.readany()
  File "/remote-home/qhgao/Workspace/Applications/anaconda3/envs/share_py310/lib/python3.10/site-packages/aiohttp/streams.py", line 397, in readany
    await self._wait("readany")
  File "/remote-home/qhgao/Workspace/Applications/anaconda3/envs/share_py310/lib/python3.10/site-packages/aiohttp/streams.py", line 303, in _wait
    with self._timer:
  File "/remote-home/qhgao/Workspace/Applications/anaconda3/envs/share_py310/lib/python3.10/site-packages/aiohttp/helpers.py", line 721, in __exit__
    raise asyncio.TimeoutError from None
asyncio.exceptions.TimeoutError


2024-04-04 01:43:38,700 <requestor-worker-1:1998827, MainThread:140298684229440> (requestor.py:_fetch_single_async:216 -> requestor.py:_handle_error:99) from logger `RFC.requestor_failed`
[ERROR] failed on AudioBookAudioPage(1206202), caught error "['ValueError'] ValueError('unexpected status code 404 in response of AudioBookAudioPage(1206202)')"

2024-04-04 01:43:38,701 <requestor-worker-1:1998827, MainThread:140298684229440> (requestor.py:_fetch_single_async:216 -> requestor.py:_handle_error:100) from logger `RFC.requestor_failed`
[ERROR] Traceback (most recent call last):
  File "/remote-home/qhgao/Workspace/Projects/RFC-crawlers/RFC-dev/RFC/req/requestor.py", line 206, in _fetch_single_async
    result = await middleware.apply_async(item, result, self._session._request_lib, self._session._async_lib)
  File "/remote-home/qhgao/Workspace/Projects/RFC-crawlers/RFC-dev/RFC/req/middleware.py", line 121, in apply_async
    self._handle_error(e, item, result)
  File "/remote-home/qhgao/Workspace/Projects/RFC-crawlers/RFC-dev/RFC/req/middleware.py", line 83, in _handle_error
    raise error
  File "/remote-home/qhgao/Workspace/Projects/RFC-crawlers/RFC-dev/RFC/req/middleware.py", line 114, in apply_async
    _result = await self._apply_async(item, result, request_lib, async_lib)
  File "/remote-home/qhgao/Workspace/Projects/RFC-crawlers/RFC-dev/RFC/req/middleware.py", line 180, in _apply_async
    return self._apply_sync(item, result, request_lib)
  File "/remote-home/qhgao/Workspace/Projects/RFC-crawlers/RFC-dev/RFC/req/middleware.py", line 168, in _apply_sync
    raise ValueError(f"unexpected status code {repr(status_code)} in response of {repr(item)}")
ValueError: unexpected status code 404 in response of AudioBookAudioPage(1206202)


2024-04-04 01:43:39,419 <requestor-worker-1:1998827, MainThread:140298684229440> (requestor.py:_fetch_single_async:216 -> requestor.py:_handle_error:99) from logger `RFC.requestor_failed`
[ERROR] failed on AudioBookAudioPage(1206204), caught error "['ValueError'] ValueError('unexpected status code 404 in response of AudioBookAudioPage(1206204)')"

2024-04-04 01:43:39,421 <requestor-worker-1:1998827, MainThread:140298684229440> (requestor.py:_fetch_single_async:216 -> requestor.py:_handle_error:100) from logger `RFC.requestor_failed`
[ERROR] Traceback (most recent call last):
  File "/remote-home/qhgao/Workspace/Projects/RFC-crawlers/RFC-dev/RFC/req/requestor.py", line 206, in _fetch_single_async
    result = await middleware.apply_async(item, result, self._session._request_lib, self._session._async_lib)
  File "/remote-home/qhgao/Workspace/Projects/RFC-crawlers/RFC-dev/RFC/req/middleware.py", line 121, in apply_async
    self._handle_error(e, item, result)
  File "/remote-home/qhgao/Workspace/Projects/RFC-crawlers/RFC-dev/RFC/req/middleware.py", line 83, in _handle_error
    raise error
  File "/remote-home/qhgao/Workspace/Projects/RFC-crawlers/RFC-dev/RFC/req/middleware.py", line 114, in apply_async
    _result = await self._apply_async(item, result, request_lib, async_lib)
  File "/remote-home/qhgao/Workspace/Projects/RFC-crawlers/RFC-dev/RFC/req/middleware.py", line 180, in _apply_async
    return self._apply_sync(item, result, request_lib)
  File "/remote-home/qhgao/Workspace/Projects/RFC-crawlers/RFC-dev/RFC/req/middleware.py", line 168, in _apply_sync
    raise ValueError(f"unexpected status code {repr(status_code)} in response of {repr(item)}")
ValueError: unexpected status code 404 in response of AudioBookAudioPage(1206204)


2024-04-04 01:43:40,171 <requestor-worker-1:1998827, MainThread:140298684229440> (requestor.py:_fetch_single_async:216 -> requestor.py:_handle_error:99) from logger `RFC.requestor_failed`
[ERROR] failed on AudioBookAudioPage(1206207), caught error "['ValueError'] ValueError('unexpected status code 404 in response of AudioBookAudioPage(1206207)')"

2024-04-04 01:43:40,174 <requestor-worker-1:1998827, MainThread:140298684229440> (requestor.py:_fetch_single_async:216 -> requestor.py:_handle_error:100) from logger `RFC.requestor_failed`
[ERROR] Traceback (most recent call last):
  File "/remote-home/qhgao/Workspace/Projects/RFC-crawlers/RFC-dev/RFC/req/requestor.py", line 206, in _fetch_single_async
    result = await middleware.apply_async(item, result, self._session._request_lib, self._session._async_lib)
  File "/remote-home/qhgao/Workspace/Projects/RFC-crawlers/RFC-dev/RFC/req/middleware.py", line 121, in apply_async
    self._handle_error(e, item, result)
  File "/remote-home/qhgao/Workspace/Projects/RFC-crawlers/RFC-dev/RFC/req/middleware.py", line 83, in _handle_error
    raise error
  File "/remote-home/qhgao/Workspace/Projects/RFC-crawlers/RFC-dev/RFC/req/middleware.py", line 114, in apply_async
    _result = await self._apply_async(item, result, request_lib, async_lib)
  File "/remote-home/qhgao/Workspace/Projects/RFC-crawlers/RFC-dev/RFC/req/middleware.py", line 180, in _apply_async
    return self._apply_sync(item, result, request_lib)
  File "/remote-home/qhgao/Workspace/Projects/RFC-crawlers/RFC-dev/RFC/req/middleware.py", line 168, in _apply_sync
    raise ValueError(f"unexpected status code {repr(status_code)} in response of {repr(item)}")
ValueError: unexpected status code 404 in response of AudioBookAudioPage(1206207)


2024-04-04 01:43:51,297 <requestor-worker-1:1998827, MainThread:140298684229440> (requestor.py:_fetch_single_async:216 -> requestor.py:_handle_error:99) from logger `RFC.requestor_failed`
[ERROR] failed on AudioBookAudioPage(1205972).AudioBookAudioFile(1205972), caught error "['TimeoutError'] TimeoutError()"

2024-04-04 01:43:51,299 <requestor-worker-1:1998827, MainThread:140298684229440> (requestor.py:_fetch_single_async:216 -> requestor.py:_handle_error:100) from logger `RFC.requestor_failed`
[ERROR] Traceback (most recent call last):
  File "/remote-home/qhgao/Workspace/Projects/RFC-crawlers/RFC-dev/RFC/req/requestor.py", line 206, in _fetch_single_async
    result = await middleware.apply_async(item, result, self._session._request_lib, self._session._async_lib)
  File "/remote-home/qhgao/Workspace/Projects/RFC-crawlers/RFC-dev/RFC/req/middleware.py", line 121, in apply_async
    self._handle_error(e, item, result)
  File "/remote-home/qhgao/Workspace/Projects/RFC-crawlers/RFC-dev/RFC/req/middleware.py", line 83, in _handle_error
    raise error
  File "/remote-home/qhgao/Workspace/Projects/RFC-crawlers/RFC-dev/RFC/req/middleware.py", line 114, in apply_async
    _result = await self._apply_async(item, result, request_lib, async_lib)
  File "/remote-home/qhgao/Workspace/Projects/RFC-crawlers/RFC-dev/RFC/req/middleware.py", line 316, in _apply_async
    result.content = result.json if 'json' in result else await get_content_async(result.response, request_lib)  # type: ignore
  File "/remote-home/qhgao/Workspace/Projects/RFC-crawlers/RFC-dev/RFC/req/middleware_func.py", line 88, in get_content_async
    return await resp.read()
  File "/remote-home/qhgao/Workspace/Applications/anaconda3/envs/share_py310/lib/python3.10/site-packages/aiohttp/client_reqrep.py", line 1037, in read
    self._body = await self.content.read()
  File "/remote-home/qhgao/Workspace/Applications/anaconda3/envs/share_py310/lib/python3.10/site-packages/aiohttp/streams.py", line 375, in read
    block = await self.readany()
  File "/remote-home/qhgao/Workspace/Applications/anaconda3/envs/share_py310/lib/python3.10/site-packages/aiohttp/streams.py", line 397, in readany
    await self._wait("readany")
  File "/remote-home/qhgao/Workspace/Applications/anaconda3/envs/share_py310/lib/python3.10/site-packages/aiohttp/streams.py", line 303, in _wait
    with self._timer:
  File "/remote-home/qhgao/Workspace/Applications/anaconda3/envs/share_py310/lib/python3.10/site-packages/aiohttp/helpers.py", line 721, in __exit__
    raise asyncio.TimeoutError from None
asyncio.exceptions.TimeoutError


2024-04-04 01:43:52,714 <requestor-worker-1:1998827, MainThread:140298684229440> (requestor.py:_fetch_single_async:216 -> requestor.py:_handle_error:99) from logger `RFC.requestor_failed`
[ERROR] failed on AudioBookAudioPage(1206212), caught error "['ValueError'] ValueError('unexpected status code 404 in response of AudioBookAudioPage(1206212)')"

2024-04-04 01:43:52,716 <requestor-worker-1:1998827, MainThread:140298684229440> (requestor.py:_fetch_single_async:216 -> requestor.py:_handle_error:100) from logger `RFC.requestor_failed`
[ERROR] Traceback (most recent call last):
  File "/remote-home/qhgao/Workspace/Projects/RFC-crawlers/RFC-dev/RFC/req/requestor.py", line 206, in _fetch_single_async
    result = await middleware.apply_async(item, result, self._session._request_lib, self._session._async_lib)
  File "/remote-home/qhgao/Workspace/Projects/RFC-crawlers/RFC-dev/RFC/req/middleware.py", line 121, in apply_async
    self._handle_error(e, item, result)
  File "/remote-home/qhgao/Workspace/Projects/RFC-crawlers/RFC-dev/RFC/req/middleware.py", line 83, in _handle_error
    raise error
  File "/remote-home/qhgao/Workspace/Projects/RFC-crawlers/RFC-dev/RFC/req/middleware.py", line 114, in apply_async
    _result = await self._apply_async(item, result, request_lib, async_lib)
  File "/remote-home/qhgao/Workspace/Projects/RFC-crawlers/RFC-dev/RFC/req/middleware.py", line 180, in _apply_async
    return self._apply_sync(item, result, request_lib)
  File "/remote-home/qhgao/Workspace/Projects/RFC-crawlers/RFC-dev/RFC/req/middleware.py", line 168, in _apply_sync
    raise ValueError(f"unexpected status code {repr(status_code)} in response of {repr(item)}")
ValueError: unexpected status code 404 in response of AudioBookAudioPage(1206212)


2024-04-04 01:43:53,886 <requestor-worker-1:1998827, MainThread:140298684229440> (requestor.py:_fetch_single_async:216 -> requestor.py:_handle_error:99) from logger `RFC.requestor_failed`
[ERROR] failed on AudioBookAudioPage(1206213), caught error "['ValueError'] ValueError('unexpected status code 404 in response of AudioBookAudioPage(1206213)')"

2024-04-04 01:43:53,888 <requestor-worker-1:1998827, MainThread:140298684229440> (requestor.py:_fetch_single_async:216 -> requestor.py:_handle_error:100) from logger `RFC.requestor_failed`
[ERROR] Traceback (most recent call last):
  File "/remote-home/qhgao/Workspace/Projects/RFC-crawlers/RFC-dev/RFC/req/requestor.py", line 206, in _fetch_single_async
    result = await middleware.apply_async(item, result, self._session._request_lib, self._session._async_lib)
  File "/remote-home/qhgao/Workspace/Projects/RFC-crawlers/RFC-dev/RFC/req/middleware.py", line 121, in apply_async
    self._handle_error(e, item, result)
  File "/remote-home/qhgao/Workspace/Projects/RFC-crawlers/RFC-dev/RFC/req/middleware.py", line 83, in _handle_error
    raise error
  File "/remote-home/qhgao/Workspace/Projects/RFC-crawlers/RFC-dev/RFC/req/middleware.py", line 114, in apply_async
    _result = await self._apply_async(item, result, request_lib, async_lib)
  File "/remote-home/qhgao/Workspace/Projects/RFC-crawlers/RFC-dev/RFC/req/middleware.py", line 180, in _apply_async
    return self._apply_sync(item, result, request_lib)
  File "/remote-home/qhgao/Workspace/Projects/RFC-crawlers/RFC-dev/RFC/req/middleware.py", line 168, in _apply_sync
    raise ValueError(f"unexpected status code {repr(status_code)} in response of {repr(item)}")
ValueError: unexpected status code 404 in response of AudioBookAudioPage(1206213)


2024-04-04 01:44:52,388 <requestor-worker-1:1998827, MainThread:140298684229440> (requestor.py:_fetch_single_async:216 -> requestor.py:_handle_error:99) from logger `RFC.requestor_failed`
[ERROR] failed on AudioBookAudioPage(1206972).AudioBookAudioFile(1206972), caught error "['TimeoutError'] TimeoutError()"

2024-04-04 01:44:52,390 <requestor-worker-1:1998827, MainThread:140298684229440> (requestor.py:_fetch_single_async:216 -> requestor.py:_handle_error:100) from logger `RFC.requestor_failed`
[ERROR] Traceback (most recent call last):
  File "/remote-home/qhgao/Workspace/Projects/RFC-crawlers/RFC-dev/RFC/req/requestor.py", line 206, in _fetch_single_async
    result = await middleware.apply_async(item, result, self._session._request_lib, self._session._async_lib)
  File "/remote-home/qhgao/Workspace/Projects/RFC-crawlers/RFC-dev/RFC/req/middleware.py", line 121, in apply_async
    self._handle_error(e, item, result)
  File "/remote-home/qhgao/Workspace/Projects/RFC-crawlers/RFC-dev/RFC/req/middleware.py", line 83, in _handle_error
    raise error
  File "/remote-home/qhgao/Workspace/Projects/RFC-crawlers/RFC-dev/RFC/req/middleware.py", line 114, in apply_async
    _result = await self._apply_async(item, result, request_lib, async_lib)
  File "/remote-home/qhgao/Workspace/Projects/RFC-crawlers/RFC-dev/RFC/req/middleware.py", line 316, in _apply_async
    result.content = result.json if 'json' in result else await get_content_async(result.response, request_lib)  # type: ignore
  File "/remote-home/qhgao/Workspace/Projects/RFC-crawlers/RFC-dev/RFC/req/middleware_func.py", line 88, in get_content_async
    return await resp.read()
  File "/remote-home/qhgao/Workspace/Applications/anaconda3/envs/share_py310/lib/python3.10/site-packages/aiohttp/client_reqrep.py", line 1037, in read
    self._body = await self.content.read()
  File "/remote-home/qhgao/Workspace/Applications/anaconda3/envs/share_py310/lib/python3.10/site-packages/aiohttp/streams.py", line 375, in read
    block = await self.readany()
  File "/remote-home/qhgao/Workspace/Applications/anaconda3/envs/share_py310/lib/python3.10/site-packages/aiohttp/streams.py", line 397, in readany
    await self._wait("readany")
  File "/remote-home/qhgao/Workspace/Applications/anaconda3/envs/share_py310/lib/python3.10/site-packages/aiohttp/streams.py", line 303, in _wait
    with self._timer:
  File "/remote-home/qhgao/Workspace/Applications/anaconda3/envs/share_py310/lib/python3.10/site-packages/aiohttp/helpers.py", line 721, in __exit__
    raise asyncio.TimeoutError from None
asyncio.exceptions.TimeoutError


2024-04-04 01:45:06,786 <requestor-worker-1:1998827, MainThread:140298684229440> (requestor.py:_fetch_single_async:216 -> requestor.py:_handle_error:99) from logger `RFC.requestor_failed`
[ERROR] failed on AudioBookAudioPage(1206238), caught error "['ValueError'] ValueError('unexpected status code 404 in response of AudioBookAudioPage(1206238)')"

2024-04-04 01:45:06,788 <requestor-worker-1:1998827, MainThread:140298684229440> (requestor.py:_fetch_single_async:216 -> requestor.py:_handle_error:100) from logger `RFC.requestor_failed`
[ERROR] Traceback (most recent call last):
  File "/remote-home/qhgao/Workspace/Projects/RFC-crawlers/RFC-dev/RFC/req/requestor.py", line 206, in _fetch_single_async
    result = await middleware.apply_async(item, result, self._session._request_lib, self._session._async_lib)
  File "/remote-home/qhgao/Workspace/Projects/RFC-crawlers/RFC-dev/RFC/req/middleware.py", line 121, in apply_async
    self._handle_error(e, item, result)
  File "/remote-home/qhgao/Workspace/Projects/RFC-crawlers/RFC-dev/RFC/req/middleware.py", line 83, in _handle_error
    raise error
  File "/remote-home/qhgao/Workspace/Projects/RFC-crawlers/RFC-dev/RFC/req/middleware.py", line 114, in apply_async
    _result = await self._apply_async(item, result, request_lib, async_lib)
  File "/remote-home/qhgao/Workspace/Projects/RFC-crawlers/RFC-dev/RFC/req/middleware.py", line 180, in _apply_async
    return self._apply_sync(item, result, request_lib)
  File "/remote-home/qhgao/Workspace/Projects/RFC-crawlers/RFC-dev/RFC/req/middleware.py", line 168, in _apply_sync
    raise ValueError(f"unexpected status code {repr(status_code)} in response of {repr(item)}")
ValueError: unexpected status code 404 in response of AudioBookAudioPage(1206238)


2024-04-04 01:45:12,577 <requestor-worker-1:1998827, MainThread:140298684229440> (requestor.py:_fetch_single_async:216 -> requestor.py:_handle_error:99) from logger `RFC.requestor_failed`
[ERROR] failed on AudioBookAudioPage(1206243), caught error "['ValueError'] ValueError('unexpected status code 404 in response of AudioBookAudioPage(1206243)')"

2024-04-04 01:45:12,579 <requestor-worker-1:1998827, MainThread:140298684229440> (requestor.py:_fetch_single_async:216 -> requestor.py:_handle_error:100) from logger `RFC.requestor_failed`
[ERROR] Traceback (most recent call last):
  File "/remote-home/qhgao/Workspace/Projects/RFC-crawlers/RFC-dev/RFC/req/requestor.py", line 206, in _fetch_single_async
    result = await middleware.apply_async(item, result, self._session._request_lib, self._session._async_lib)
  File "/remote-home/qhgao/Workspace/Projects/RFC-crawlers/RFC-dev/RFC/req/middleware.py", line 121, in apply_async
    self._handle_error(e, item, result)
  File "/remote-home/qhgao/Workspace/Projects/RFC-crawlers/RFC-dev/RFC/req/middleware.py", line 83, in _handle_error
    raise error
  File "/remote-home/qhgao/Workspace/Projects/RFC-crawlers/RFC-dev/RFC/req/middleware.py", line 114, in apply_async
    _result = await self._apply_async(item, result, request_lib, async_lib)
  File "/remote-home/qhgao/Workspace/Projects/RFC-crawlers/RFC-dev/RFC/req/middleware.py", line 180, in _apply_async
    return self._apply_sync(item, result, request_lib)
  File "/remote-home/qhgao/Workspace/Projects/RFC-crawlers/RFC-dev/RFC/req/middleware.py", line 168, in _apply_sync
    raise ValueError(f"unexpected status code {repr(status_code)} in response of {repr(item)}")
ValueError: unexpected status code 404 in response of AudioBookAudioPage(1206243)


2024-04-04 01:45:27,644 <requestor-worker-1:1998827, MainThread:140298684229440> (requestor.py:_fetch_single_async:216 -> requestor.py:_handle_error:99) from logger `RFC.requestor_failed`
[ERROR] failed on AudioBookAudioPage(1206048).AudioBookAudioFile(1206048), caught error "['TimeoutError'] TimeoutError()"

2024-04-04 01:45:27,645 <requestor-worker-1:1998827, MainThread:140298684229440> (requestor.py:_fetch_single_async:216 -> requestor.py:_handle_error:100) from logger `RFC.requestor_failed`
[ERROR] Traceback (most recent call last):
  File "/remote-home/qhgao/Workspace/Projects/RFC-crawlers/RFC-dev/RFC/req/requestor.py", line 206, in _fetch_single_async
    result = await middleware.apply_async(item, result, self._session._request_lib, self._session._async_lib)
  File "/remote-home/qhgao/Workspace/Projects/RFC-crawlers/RFC-dev/RFC/req/middleware.py", line 121, in apply_async
    self._handle_error(e, item, result)
  File "/remote-home/qhgao/Workspace/Projects/RFC-crawlers/RFC-dev/RFC/req/middleware.py", line 83, in _handle_error
    raise error
  File "/remote-home/qhgao/Workspace/Projects/RFC-crawlers/RFC-dev/RFC/req/middleware.py", line 114, in apply_async
    _result = await self._apply_async(item, result, request_lib, async_lib)
  File "/remote-home/qhgao/Workspace/Projects/RFC-crawlers/RFC-dev/RFC/req/middleware.py", line 316, in _apply_async
    result.content = result.json if 'json' in result else await get_content_async(result.response, request_lib)  # type: ignore
  File "/remote-home/qhgao/Workspace/Projects/RFC-crawlers/RFC-dev/RFC/req/middleware_func.py", line 88, in get_content_async
    return await resp.read()
  File "/remote-home/qhgao/Workspace/Applications/anaconda3/envs/share_py310/lib/python3.10/site-packages/aiohttp/client_reqrep.py", line 1037, in read
    self._body = await self.content.read()
  File "/remote-home/qhgao/Workspace/Applications/anaconda3/envs/share_py310/lib/python3.10/site-packages/aiohttp/streams.py", line 375, in read
    block = await self.readany()
  File "/remote-home/qhgao/Workspace/Applications/anaconda3/envs/share_py310/lib/python3.10/site-packages/aiohttp/streams.py", line 397, in readany
    await self._wait("readany")
  File "/remote-home/qhgao/Workspace/Applications/anaconda3/envs/share_py310/lib/python3.10/site-packages/aiohttp/streams.py", line 303, in _wait
    with self._timer:
  File "/remote-home/qhgao/Workspace/Applications/anaconda3/envs/share_py310/lib/python3.10/site-packages/aiohttp/helpers.py", line 721, in __exit__
    raise asyncio.TimeoutError from None
asyncio.exceptions.TimeoutError


2024-04-04 01:45:44,304 <requestor-worker-1:1998827, MainThread:140298684229440> (requestor.py:_fetch_single_async:216 -> requestor.py:_handle_error:99) from logger `RFC.requestor_failed`
[ERROR] failed on AudioBookAudioPage(1206255), caught error "['TimeoutError'] TimeoutError()"

2024-04-04 01:45:44,305 <requestor-worker-1:1998827, MainThread:140298684229440> (requestor.py:_fetch_single_async:216 -> requestor.py:_handle_error:100) from logger `RFC.requestor_failed`
[ERROR] Traceback (most recent call last):
  File "/remote-home/qhgao/Workspace/Projects/RFC-crawlers/RFC-dev/RFC/req/requestor.py", line 199, in _fetch_single_async
    resp = await self._session.request(item)
  File "/remote-home/qhgao/Workspace/Projects/RFC-crawlers/RFC-dev/RFC/req/session.py", line 320, in request
    return await self._session.request(**request_args)
  File "/remote-home/qhgao/Workspace/Applications/anaconda3/envs/share_py310/lib/python3.10/site-packages/aiohttp/client.py", line 560, in _request
    await resp.start(conn)
  File "/remote-home/qhgao/Workspace/Applications/anaconda3/envs/share_py310/lib/python3.10/site-packages/aiohttp/client_reqrep.py", line 894, in start
    with self._timer:
  File "/remote-home/qhgao/Workspace/Applications/anaconda3/envs/share_py310/lib/python3.10/site-packages/aiohttp/helpers.py", line 721, in __exit__
    raise asyncio.TimeoutError from None
asyncio.exceptions.TimeoutError


2024-04-04 01:45:45,110 <requestor-worker-1:1998827, MainThread:140298684229440> (requestor.py:_fetch_single_async:216 -> requestor.py:_handle_error:99) from logger `RFC.requestor_failed`
[ERROR] failed on AudioBookAudioPage(1206261), caught error "['ValueError'] ValueError('unexpected status code 404 in response of AudioBookAudioPage(1206261)')"

2024-04-04 01:45:45,113 <requestor-worker-1:1998827, MainThread:140298684229440> (requestor.py:_fetch_single_async:216 -> requestor.py:_handle_error:100) from logger `RFC.requestor_failed`
[ERROR] Traceback (most recent call last):
  File "/remote-home/qhgao/Workspace/Projects/RFC-crawlers/RFC-dev/RFC/req/requestor.py", line 206, in _fetch_single_async
    result = await middleware.apply_async(item, result, self._session._request_lib, self._session._async_lib)
  File "/remote-home/qhgao/Workspace/Projects/RFC-crawlers/RFC-dev/RFC/req/middleware.py", line 121, in apply_async
    self._handle_error(e, item, result)
  File "/remote-home/qhgao/Workspace/Projects/RFC-crawlers/RFC-dev/RFC/req/middleware.py", line 83, in _handle_error
    raise error
  File "/remote-home/qhgao/Workspace/Projects/RFC-crawlers/RFC-dev/RFC/req/middleware.py", line 114, in apply_async
    _result = await self._apply_async(item, result, request_lib, async_lib)
  File "/remote-home/qhgao/Workspace/Projects/RFC-crawlers/RFC-dev/RFC/req/middleware.py", line 180, in _apply_async
    return self._apply_sync(item, result, request_lib)
  File "/remote-home/qhgao/Workspace/Projects/RFC-crawlers/RFC-dev/RFC/req/middleware.py", line 168, in _apply_sync
    raise ValueError(f"unexpected status code {repr(status_code)} in response of {repr(item)}")
ValueError: unexpected status code 404 in response of AudioBookAudioPage(1206261)


2024-04-04 01:45:50,336 <requestor-worker-1:1998827, MainThread:140298684229440> (requestor.py:_fetch_single_async:216 -> requestor.py:_handle_error:99) from logger `RFC.requestor_failed`
[ERROR] failed on AudioBookAudioPage(1206084).AudioBookAudioFile(1206084), caught error "['TimeoutError'] TimeoutError()"

2024-04-04 01:45:50,340 <requestor-worker-1:1998827, MainThread:140298684229440> (requestor.py:_fetch_single_async:216 -> requestor.py:_handle_error:100) from logger `RFC.requestor_failed`
[ERROR] Traceback (most recent call last):
  File "/remote-home/qhgao/Workspace/Projects/RFC-crawlers/RFC-dev/RFC/req/requestor.py", line 206, in _fetch_single_async
    result = await middleware.apply_async(item, result, self._session._request_lib, self._session._async_lib)
  File "/remote-home/qhgao/Workspace/Projects/RFC-crawlers/RFC-dev/RFC/req/middleware.py", line 121, in apply_async
    self._handle_error(e, item, result)
  File "/remote-home/qhgao/Workspace/Projects/RFC-crawlers/RFC-dev/RFC/req/middleware.py", line 83, in _handle_error
    raise error
  File "/remote-home/qhgao/Workspace/Projects/RFC-crawlers/RFC-dev/RFC/req/middleware.py", line 114, in apply_async
    _result = await self._apply_async(item, result, request_lib, async_lib)
  File "/remote-home/qhgao/Workspace/Projects/RFC-crawlers/RFC-dev/RFC/req/middleware.py", line 316, in _apply_async
    result.content = result.json if 'json' in result else await get_content_async(result.response, request_lib)  # type: ignore
  File "/remote-home/qhgao/Workspace/Projects/RFC-crawlers/RFC-dev/RFC/req/middleware_func.py", line 88, in get_content_async
    return await resp.read()
  File "/remote-home/qhgao/Workspace/Applications/anaconda3/envs/share_py310/lib/python3.10/site-packages/aiohttp/client_reqrep.py", line 1037, in read
    self._body = await self.content.read()
  File "/remote-home/qhgao/Workspace/Applications/anaconda3/envs/share_py310/lib/python3.10/site-packages/aiohttp/streams.py", line 375, in read
    block = await self.readany()
  File "/remote-home/qhgao/Workspace/Applications/anaconda3/envs/share_py310/lib/python3.10/site-packages/aiohttp/streams.py", line 397, in readany
    await self._wait("readany")
  File "/remote-home/qhgao/Workspace/Applications/anaconda3/envs/share_py310/lib/python3.10/site-packages/aiohttp/streams.py", line 303, in _wait
    with self._timer:
  File "/remote-home/qhgao/Workspace/Applications/anaconda3/envs/share_py310/lib/python3.10/site-packages/aiohttp/helpers.py", line 721, in __exit__
    raise asyncio.TimeoutError from None
asyncio.exceptions.TimeoutError


2024-04-04 01:45:52,061 <requestor-worker-1:1998827, MainThread:140298684229440> (requestor.py:_fetch_single_async:216 -> requestor.py:_handle_error:99) from logger `RFC.requestor_failed`
[ERROR] failed on AudioBookAudioPage(1206271), caught error "['ValueError'] ValueError('unexpected status code 404 in response of AudioBookAudioPage(1206271)')"

2024-04-04 01:45:52,064 <requestor-worker-1:1998827, MainThread:140298684229440> (requestor.py:_fetch_single_async:216 -> requestor.py:_handle_error:100) from logger `RFC.requestor_failed`
[ERROR] Traceback (most recent call last):
  File "/remote-home/qhgao/Workspace/Projects/RFC-crawlers/RFC-dev/RFC/req/requestor.py", line 206, in _fetch_single_async
    result = await middleware.apply_async(item, result, self._session._request_lib, self._session._async_lib)
  File "/remote-home/qhgao/Workspace/Projects/RFC-crawlers/RFC-dev/RFC/req/middleware.py", line 121, in apply_async
    self._handle_error(e, item, result)
  File "/remote-home/qhgao/Workspace/Projects/RFC-crawlers/RFC-dev/RFC/req/middleware.py", line 83, in _handle_error
    raise error
  File "/remote-home/qhgao/Workspace/Projects/RFC-crawlers/RFC-dev/RFC/req/middleware.py", line 114, in apply_async
    _result = await self._apply_async(item, result, request_lib, async_lib)
  File "/remote-home/qhgao/Workspace/Projects/RFC-crawlers/RFC-dev/RFC/req/middleware.py", line 180, in _apply_async
    return self._apply_sync(item, result, request_lib)
  File "/remote-home/qhgao/Workspace/Projects/RFC-crawlers/RFC-dev/RFC/req/middleware.py", line 168, in _apply_sync
    raise ValueError(f"unexpected status code {repr(status_code)} in response of {repr(item)}")
ValueError: unexpected status code 404 in response of AudioBookAudioPage(1206271)


2024-04-04 01:45:56,306 <requestor-worker-1:1998827, MainThread:140298684229440> (requestor.py:_fetch_single_async:216 -> requestor.py:_handle_error:99) from logger `RFC.requestor_failed`
[ERROR] failed on AudioBookAudioPage(1206089).AudioBookAudioFile(1206089), caught error "['TimeoutError'] TimeoutError()"

2024-04-04 01:45:56,309 <requestor-worker-1:1998827, MainThread:140298684229440> (requestor.py:_fetch_single_async:216 -> requestor.py:_handle_error:100) from logger `RFC.requestor_failed`
[ERROR] Traceback (most recent call last):
  File "/remote-home/qhgao/Workspace/Projects/RFC-crawlers/RFC-dev/RFC/req/requestor.py", line 206, in _fetch_single_async
    result = await middleware.apply_async(item, result, self._session._request_lib, self._session._async_lib)
  File "/remote-home/qhgao/Workspace/Projects/RFC-crawlers/RFC-dev/RFC/req/middleware.py", line 121, in apply_async
    self._handle_error(e, item, result)
  File "/remote-home/qhgao/Workspace/Projects/RFC-crawlers/RFC-dev/RFC/req/middleware.py", line 83, in _handle_error
    raise error
  File "/remote-home/qhgao/Workspace/Projects/RFC-crawlers/RFC-dev/RFC/req/middleware.py", line 114, in apply_async
    _result = await self._apply_async(item, result, request_lib, async_lib)
  File "/remote-home/qhgao/Workspace/Projects/RFC-crawlers/RFC-dev/RFC/req/middleware.py", line 316, in _apply_async
    result.content = result.json if 'json' in result else await get_content_async(result.response, request_lib)  # type: ignore
  File "/remote-home/qhgao/Workspace/Projects/RFC-crawlers/RFC-dev/RFC/req/middleware_func.py", line 88, in get_content_async
    return await resp.read()
  File "/remote-home/qhgao/Workspace/Applications/anaconda3/envs/share_py310/lib/python3.10/site-packages/aiohttp/client_reqrep.py", line 1037, in read
    self._body = await self.content.read()
  File "/remote-home/qhgao/Workspace/Applications/anaconda3/envs/share_py310/lib/python3.10/site-packages/aiohttp/streams.py", line 375, in read
    block = await self.readany()
  File "/remote-home/qhgao/Workspace/Applications/anaconda3/envs/share_py310/lib/python3.10/site-packages/aiohttp/streams.py", line 397, in readany
    await self._wait("readany")
  File "/remote-home/qhgao/Workspace/Applications/anaconda3/envs/share_py310/lib/python3.10/site-packages/aiohttp/streams.py", line 303, in _wait
    with self._timer:
  File "/remote-home/qhgao/Workspace/Applications/anaconda3/envs/share_py310/lib/python3.10/site-packages/aiohttp/helpers.py", line 721, in __exit__
    raise asyncio.TimeoutError from None
asyncio.exceptions.TimeoutError


2024-04-04 01:46:35,712 <requestor-worker-1:1998827, MainThread:140298684229440> (requestor.py:_fetch_single_async:216 -> requestor.py:_handle_error:99) from logger `RFC.requestor_failed`
[ERROR] failed on AudioBookAudioPage(1206305), caught error "['ValueError'] ValueError('unexpected status code 404 in response of AudioBookAudioPage(1206305)')"

2024-04-04 01:46:35,714 <requestor-worker-1:1998827, MainThread:140298684229440> (requestor.py:_fetch_single_async:216 -> requestor.py:_handle_error:100) from logger `RFC.requestor_failed`
[ERROR] Traceback (most recent call last):
  File "/remote-home/qhgao/Workspace/Projects/RFC-crawlers/RFC-dev/RFC/req/requestor.py", line 206, in _fetch_single_async
    result = await middleware.apply_async(item, result, self._session._request_lib, self._session._async_lib)
  File "/remote-home/qhgao/Workspace/Projects/RFC-crawlers/RFC-dev/RFC/req/middleware.py", line 121, in apply_async
    self._handle_error(e, item, result)
  File "/remote-home/qhgao/Workspace/Projects/RFC-crawlers/RFC-dev/RFC/req/middleware.py", line 83, in _handle_error
    raise error
  File "/remote-home/qhgao/Workspace/Projects/RFC-crawlers/RFC-dev/RFC/req/middleware.py", line 114, in apply_async
    _result = await self._apply_async(item, result, request_lib, async_lib)
  File "/remote-home/qhgao/Workspace/Projects/RFC-crawlers/RFC-dev/RFC/req/middleware.py", line 180, in _apply_async
    return self._apply_sync(item, result, request_lib)
  File "/remote-home/qhgao/Workspace/Projects/RFC-crawlers/RFC-dev/RFC/req/middleware.py", line 168, in _apply_sync
    raise ValueError(f"unexpected status code {repr(status_code)} in response of {repr(item)}")
ValueError: unexpected status code 404 in response of AudioBookAudioPage(1206305)


2024-04-04 01:47:01,665 <requestor-worker-1:1998827, MainThread:140298684229440> (requestor.py:_fetch_single_async:216 -> requestor.py:_handle_error:99) from logger `RFC.requestor_failed`
[ERROR] failed on AudioBookAudioPage(1206340), caught error "['ValueError'] ValueError('unexpected status code 404 in response of AudioBookAudioPage(1206340)')"

2024-04-04 01:47:01,666 <requestor-worker-1:1998827, MainThread:140298684229440> (requestor.py:_fetch_single_async:216 -> requestor.py:_handle_error:100) from logger `RFC.requestor_failed`
[ERROR] Traceback (most recent call last):
  File "/remote-home/qhgao/Workspace/Projects/RFC-crawlers/RFC-dev/RFC/req/requestor.py", line 206, in _fetch_single_async
    result = await middleware.apply_async(item, result, self._session._request_lib, self._session._async_lib)
  File "/remote-home/qhgao/Workspace/Projects/RFC-crawlers/RFC-dev/RFC/req/middleware.py", line 121, in apply_async
    self._handle_error(e, item, result)
  File "/remote-home/qhgao/Workspace/Projects/RFC-crawlers/RFC-dev/RFC/req/middleware.py", line 83, in _handle_error
    raise error
  File "/remote-home/qhgao/Workspace/Projects/RFC-crawlers/RFC-dev/RFC/req/middleware.py", line 114, in apply_async
    _result = await self._apply_async(item, result, request_lib, async_lib)
  File "/remote-home/qhgao/Workspace/Projects/RFC-crawlers/RFC-dev/RFC/req/middleware.py", line 180, in _apply_async
    return self._apply_sync(item, result, request_lib)
  File "/remote-home/qhgao/Workspace/Projects/RFC-crawlers/RFC-dev/RFC/req/middleware.py", line 168, in _apply_sync
    raise ValueError(f"unexpected status code {repr(status_code)} in response of {repr(item)}")
ValueError: unexpected status code 404 in response of AudioBookAudioPage(1206340)


2024-04-04 01:47:57,104 <requestor-worker-1:1998827, MainThread:140298684229440> (requestor.py:_fetch_single_async:216 -> requestor.py:_handle_error:99) from logger `RFC.requestor_failed`
[ERROR] failed on AudioBookAudioPage(1206206).AudioBookAudioFile(1206206), caught error "['TimeoutError'] TimeoutError()"

2024-04-04 01:47:57,107 <requestor-worker-1:1998827, MainThread:140298684229440> (requestor.py:_fetch_single_async:216 -> requestor.py:_handle_error:100) from logger `RFC.requestor_failed`
[ERROR] Traceback (most recent call last):
  File "/remote-home/qhgao/Workspace/Projects/RFC-crawlers/RFC-dev/RFC/req/requestor.py", line 206, in _fetch_single_async
    result = await middleware.apply_async(item, result, self._session._request_lib, self._session._async_lib)
  File "/remote-home/qhgao/Workspace/Projects/RFC-crawlers/RFC-dev/RFC/req/middleware.py", line 121, in apply_async
    self._handle_error(e, item, result)
  File "/remote-home/qhgao/Workspace/Projects/RFC-crawlers/RFC-dev/RFC/req/middleware.py", line 83, in _handle_error
    raise error
  File "/remote-home/qhgao/Workspace/Projects/RFC-crawlers/RFC-dev/RFC/req/middleware.py", line 114, in apply_async
    _result = await self._apply_async(item, result, request_lib, async_lib)
  File "/remote-home/qhgao/Workspace/Projects/RFC-crawlers/RFC-dev/RFC/req/middleware.py", line 316, in _apply_async
    result.content = result.json if 'json' in result else await get_content_async(result.response, request_lib)  # type: ignore
  File "/remote-home/qhgao/Workspace/Projects/RFC-crawlers/RFC-dev/RFC/req/middleware_func.py", line 88, in get_content_async
    return await resp.read()
  File "/remote-home/qhgao/Workspace/Applications/anaconda3/envs/share_py310/lib/python3.10/site-packages/aiohttp/client_reqrep.py", line 1037, in read
    self._body = await self.content.read()
  File "/remote-home/qhgao/Workspace/Applications/anaconda3/envs/share_py310/lib/python3.10/site-packages/aiohttp/streams.py", line 375, in read
    block = await self.readany()
  File "/remote-home/qhgao/Workspace/Applications/anaconda3/envs/share_py310/lib/python3.10/site-packages/aiohttp/streams.py", line 397, in readany
    await self._wait("readany")
  File "/remote-home/qhgao/Workspace/Applications/anaconda3/envs/share_py310/lib/python3.10/site-packages/aiohttp/streams.py", line 303, in _wait
    with self._timer:
  File "/remote-home/qhgao/Workspace/Applications/anaconda3/envs/share_py310/lib/python3.10/site-packages/aiohttp/helpers.py", line 721, in __exit__
    raise asyncio.TimeoutError from None
asyncio.exceptions.TimeoutError


2024-04-04 01:47:57,329 <requestor-worker-1:1998827, MainThread:140298684229440> (requestor.py:_fetch_single_async:216 -> requestor.py:_handle_error:99) from logger `RFC.requestor_failed`
[ERROR] failed on AudioBookAudioPage(1206210).AudioBookAudioFile(1206210), caught error "['TimeoutError'] TimeoutError()"

2024-04-04 01:47:57,331 <requestor-worker-1:1998827, MainThread:140298684229440> (requestor.py:_fetch_single_async:216 -> requestor.py:_handle_error:100) from logger `RFC.requestor_failed`
[ERROR] Traceback (most recent call last):
  File "/remote-home/qhgao/Workspace/Projects/RFC-crawlers/RFC-dev/RFC/req/requestor.py", line 206, in _fetch_single_async
    result = await middleware.apply_async(item, result, self._session._request_lib, self._session._async_lib)
  File "/remote-home/qhgao/Workspace/Projects/RFC-crawlers/RFC-dev/RFC/req/middleware.py", line 121, in apply_async
    self._handle_error(e, item, result)
  File "/remote-home/qhgao/Workspace/Projects/RFC-crawlers/RFC-dev/RFC/req/middleware.py", line 83, in _handle_error
    raise error
  File "/remote-home/qhgao/Workspace/Projects/RFC-crawlers/RFC-dev/RFC/req/middleware.py", line 114, in apply_async
    _result = await self._apply_async(item, result, request_lib, async_lib)
  File "/remote-home/qhgao/Workspace/Projects/RFC-crawlers/RFC-dev/RFC/req/middleware.py", line 316, in _apply_async
    result.content = result.json if 'json' in result else await get_content_async(result.response, request_lib)  # type: ignore
  File "/remote-home/qhgao/Workspace/Projects/RFC-crawlers/RFC-dev/RFC/req/middleware_func.py", line 88, in get_content_async
    return await resp.read()
  File "/remote-home/qhgao/Workspace/Applications/anaconda3/envs/share_py310/lib/python3.10/site-packages/aiohttp/client_reqrep.py", line 1037, in read
    self._body = await self.content.read()
  File "/remote-home/qhgao/Workspace/Applications/anaconda3/envs/share_py310/lib/python3.10/site-packages/aiohttp/streams.py", line 375, in read
    block = await self.readany()
  File "/remote-home/qhgao/Workspace/Applications/anaconda3/envs/share_py310/lib/python3.10/site-packages/aiohttp/streams.py", line 397, in readany
    await self._wait("readany")
  File "/remote-home/qhgao/Workspace/Applications/anaconda3/envs/share_py310/lib/python3.10/site-packages/aiohttp/streams.py", line 303, in _wait
    with self._timer:
  File "/remote-home/qhgao/Workspace/Applications/anaconda3/envs/share_py310/lib/python3.10/site-packages/aiohttp/helpers.py", line 721, in __exit__
    raise asyncio.TimeoutError from None
asyncio.exceptions.TimeoutError


2024-04-04 01:48:00,305 <requestor-worker-1:1998827, MainThread:140298684229440> (requestor.py:_fetch_single_async:216 -> requestor.py:_handle_error:99) from logger `RFC.requestor_failed`
[ERROR] failed on AudioBookAudioPage(1206209).AudioBookAudioFile(1206209), caught error "['TimeoutError'] TimeoutError()"

2024-04-04 01:48:00,308 <requestor-worker-1:1998827, MainThread:140298684229440> (requestor.py:_fetch_single_async:216 -> requestor.py:_handle_error:100) from logger `RFC.requestor_failed`
[ERROR] Traceback (most recent call last):
  File "/remote-home/qhgao/Workspace/Projects/RFC-crawlers/RFC-dev/RFC/req/requestor.py", line 206, in _fetch_single_async
    result = await middleware.apply_async(item, result, self._session._request_lib, self._session._async_lib)
  File "/remote-home/qhgao/Workspace/Projects/RFC-crawlers/RFC-dev/RFC/req/middleware.py", line 121, in apply_async
    self._handle_error(e, item, result)
  File "/remote-home/qhgao/Workspace/Projects/RFC-crawlers/RFC-dev/RFC/req/middleware.py", line 83, in _handle_error
    raise error
  File "/remote-home/qhgao/Workspace/Projects/RFC-crawlers/RFC-dev/RFC/req/middleware.py", line 114, in apply_async
    _result = await self._apply_async(item, result, request_lib, async_lib)
  File "/remote-home/qhgao/Workspace/Projects/RFC-crawlers/RFC-dev/RFC/req/middleware.py", line 316, in _apply_async
    result.content = result.json if 'json' in result else await get_content_async(result.response, request_lib)  # type: ignore
  File "/remote-home/qhgao/Workspace/Projects/RFC-crawlers/RFC-dev/RFC/req/middleware_func.py", line 88, in get_content_async
    return await resp.read()
  File "/remote-home/qhgao/Workspace/Applications/anaconda3/envs/share_py310/lib/python3.10/site-packages/aiohttp/client_reqrep.py", line 1037, in read
    self._body = await self.content.read()
  File "/remote-home/qhgao/Workspace/Applications/anaconda3/envs/share_py310/lib/python3.10/site-packages/aiohttp/streams.py", line 375, in read
    block = await self.readany()
  File "/remote-home/qhgao/Workspace/Applications/anaconda3/envs/share_py310/lib/python3.10/site-packages/aiohttp/streams.py", line 397, in readany
    await self._wait("readany")
  File "/remote-home/qhgao/Workspace/Applications/anaconda3/envs/share_py310/lib/python3.10/site-packages/aiohttp/streams.py", line 303, in _wait
    with self._timer:
  File "/remote-home/qhgao/Workspace/Applications/anaconda3/envs/share_py310/lib/python3.10/site-packages/aiohttp/helpers.py", line 721, in __exit__
    raise asyncio.TimeoutError from None
asyncio.exceptions.TimeoutError


2024-04-04 01:48:16,090 <requestor-worker-1:1998827, MainThread:140298684229440> (requestor.py:_fetch_single_async:216 -> requestor.py:_handle_error:99) from logger `RFC.requestor_failed`
[ERROR] failed on AudioBookAudioPage(1206376), caught error "['ValueError'] ValueError('unexpected status code 404 in response of AudioBookAudioPage(1206376)')"

2024-04-04 01:48:16,092 <requestor-worker-1:1998827, MainThread:140298684229440> (requestor.py:_fetch_single_async:216 -> requestor.py:_handle_error:100) from logger `RFC.requestor_failed`
[ERROR] Traceback (most recent call last):
  File "/remote-home/qhgao/Workspace/Projects/RFC-crawlers/RFC-dev/RFC/req/requestor.py", line 206, in _fetch_single_async
    result = await middleware.apply_async(item, result, self._session._request_lib, self._session._async_lib)
  File "/remote-home/qhgao/Workspace/Projects/RFC-crawlers/RFC-dev/RFC/req/middleware.py", line 121, in apply_async
    self._handle_error(e, item, result)
  File "/remote-home/qhgao/Workspace/Projects/RFC-crawlers/RFC-dev/RFC/req/middleware.py", line 83, in _handle_error
    raise error
  File "/remote-home/qhgao/Workspace/Projects/RFC-crawlers/RFC-dev/RFC/req/middleware.py", line 114, in apply_async
    _result = await self._apply_async(item, result, request_lib, async_lib)
  File "/remote-home/qhgao/Workspace/Projects/RFC-crawlers/RFC-dev/RFC/req/middleware.py", line 180, in _apply_async
    return self._apply_sync(item, result, request_lib)
  File "/remote-home/qhgao/Workspace/Projects/RFC-crawlers/RFC-dev/RFC/req/middleware.py", line 168, in _apply_sync
    raise ValueError(f"unexpected status code {repr(status_code)} in response of {repr(item)}")
ValueError: unexpected status code 404 in response of AudioBookAudioPage(1206376)


2024-04-04 01:48:18,315 <requestor-worker-1:1998827, MainThread:140298684229440> (requestor.py:_fetch_single_async:216 -> requestor.py:_handle_error:99) from logger `RFC.requestor_failed`
[ERROR] failed on AudioBookAudioPage(1206380), caught error "['TimeoutError'] TimeoutError()"

2024-04-04 01:48:18,318 <requestor-worker-1:1998827, MainThread:140298684229440> (requestor.py:_fetch_single_async:216 -> requestor.py:_handle_error:100) from logger `RFC.requestor_failed`
[ERROR] Traceback (most recent call last):
  File "/remote-home/qhgao/Workspace/Projects/RFC-crawlers/RFC-dev/RFC/req/requestor.py", line 206, in _fetch_single_async
    result = await middleware.apply_async(item, result, self._session._request_lib, self._session._async_lib)
  File "/remote-home/qhgao/Workspace/Projects/RFC-crawlers/RFC-dev/RFC/req/middleware.py", line 121, in apply_async
    self._handle_error(e, item, result)
  File "/remote-home/qhgao/Workspace/Projects/RFC-crawlers/RFC-dev/RFC/req/middleware.py", line 83, in _handle_error
    raise error
  File "/remote-home/qhgao/Workspace/Projects/RFC-crawlers/RFC-dev/RFC/req/middleware.py", line 114, in apply_async
    _result = await self._apply_async(item, result, request_lib, async_lib)
  File "/remote-home/qhgao/Workspace/Projects/RFC-crawlers/RFC-dev/RFC/req/middleware.py", line 316, in _apply_async
    result.content = result.json if 'json' in result else await get_content_async(result.response, request_lib)  # type: ignore
  File "/remote-home/qhgao/Workspace/Projects/RFC-crawlers/RFC-dev/RFC/req/middleware_func.py", line 88, in get_content_async
    return await resp.read()
  File "/remote-home/qhgao/Workspace/Applications/anaconda3/envs/share_py310/lib/python3.10/site-packages/aiohttp/client_reqrep.py", line 1037, in read
    self._body = await self.content.read()
  File "/remote-home/qhgao/Workspace/Applications/anaconda3/envs/share_py310/lib/python3.10/site-packages/aiohttp/streams.py", line 375, in read
    block = await self.readany()
  File "/remote-home/qhgao/Workspace/Applications/anaconda3/envs/share_py310/lib/python3.10/site-packages/aiohttp/streams.py", line 397, in readany
    await self._wait("readany")
  File "/remote-home/qhgao/Workspace/Applications/anaconda3/envs/share_py310/lib/python3.10/site-packages/aiohttp/streams.py", line 303, in _wait
    with self._timer:
  File "/remote-home/qhgao/Workspace/Applications/anaconda3/envs/share_py310/lib/python3.10/site-packages/aiohttp/helpers.py", line 721, in __exit__
    raise asyncio.TimeoutError from None
asyncio.exceptions.TimeoutError


2024-04-04 01:48:21,080 <requestor-worker-1:1998827, MainThread:140298684229440> (requestor.py:_fetch_single_async:216 -> requestor.py:_handle_error:99) from logger `RFC.requestor_failed`
[ERROR] failed on AudioBookAudioPage(1206405), caught error "['ValueError'] ValueError('unexpected status code 404 in response of AudioBookAudioPage(1206405)')"

2024-04-04 01:48:21,082 <requestor-worker-1:1998827, MainThread:140298684229440> (requestor.py:_fetch_single_async:216 -> requestor.py:_handle_error:100) from logger `RFC.requestor_failed`
[ERROR] Traceback (most recent call last):
  File "/remote-home/qhgao/Workspace/Projects/RFC-crawlers/RFC-dev/RFC/req/requestor.py", line 206, in _fetch_single_async
    result = await middleware.apply_async(item, result, self._session._request_lib, self._session._async_lib)
  File "/remote-home/qhgao/Workspace/Projects/RFC-crawlers/RFC-dev/RFC/req/middleware.py", line 121, in apply_async
    self._handle_error(e, item, result)
  File "/remote-home/qhgao/Workspace/Projects/RFC-crawlers/RFC-dev/RFC/req/middleware.py", line 83, in _handle_error
    raise error
  File "/remote-home/qhgao/Workspace/Projects/RFC-crawlers/RFC-dev/RFC/req/middleware.py", line 114, in apply_async
    _result = await self._apply_async(item, result, request_lib, async_lib)
  File "/remote-home/qhgao/Workspace/Projects/RFC-crawlers/RFC-dev/RFC/req/middleware.py", line 180, in _apply_async
    return self._apply_sync(item, result, request_lib)
  File "/remote-home/qhgao/Workspace/Projects/RFC-crawlers/RFC-dev/RFC/req/middleware.py", line 168, in _apply_sync
    raise ValueError(f"unexpected status code {repr(status_code)} in response of {repr(item)}")
ValueError: unexpected status code 404 in response of AudioBookAudioPage(1206405)


2024-04-04 01:48:29,270 <requestor-worker-1:1998827, MainThread:140298684229440> (requestor.py:_fetch_single_async:216 -> requestor.py:_handle_error:99) from logger `RFC.requestor_failed`
[ERROR] failed on AudioBookAudioPage(1206410), caught error "['ValueError'] ValueError('unexpected status code 404 in response of AudioBookAudioPage(1206410)')"

2024-04-04 01:48:29,271 <requestor-worker-1:1998827, MainThread:140298684229440> (requestor.py:_fetch_single_async:216 -> requestor.py:_handle_error:100) from logger `RFC.requestor_failed`
[ERROR] Traceback (most recent call last):
  File "/remote-home/qhgao/Workspace/Projects/RFC-crawlers/RFC-dev/RFC/req/requestor.py", line 206, in _fetch_single_async
    result = await middleware.apply_async(item, result, self._session._request_lib, self._session._async_lib)
  File "/remote-home/qhgao/Workspace/Projects/RFC-crawlers/RFC-dev/RFC/req/middleware.py", line 121, in apply_async
    self._handle_error(e, item, result)
  File "/remote-home/qhgao/Workspace/Projects/RFC-crawlers/RFC-dev/RFC/req/middleware.py", line 83, in _handle_error
    raise error
  File "/remote-home/qhgao/Workspace/Projects/RFC-crawlers/RFC-dev/RFC/req/middleware.py", line 114, in apply_async
    _result = await self._apply_async(item, result, request_lib, async_lib)
  File "/remote-home/qhgao/Workspace/Projects/RFC-crawlers/RFC-dev/RFC/req/middleware.py", line 180, in _apply_async
    return self._apply_sync(item, result, request_lib)
  File "/remote-home/qhgao/Workspace/Projects/RFC-crawlers/RFC-dev/RFC/req/middleware.py", line 168, in _apply_sync
    raise ValueError(f"unexpected status code {repr(status_code)} in response of {repr(item)}")
ValueError: unexpected status code 404 in response of AudioBookAudioPage(1206410)


2024-04-04 01:49:01,299 <requestor-worker-1:1998827, MainThread:140298684229440> (requestor.py:_fetch_single_async:216 -> requestor.py:_handle_error:99) from logger `RFC.requestor_failed`
[ERROR] failed on AudioBookAudioPage(1206230).AudioBookAudioFile(1206230), caught error "['TimeoutError'] TimeoutError()"

2024-04-04 01:49:01,301 <requestor-worker-1:1998827, MainThread:140298684229440> (requestor.py:_fetch_single_async:216 -> requestor.py:_handle_error:100) from logger `RFC.requestor_failed`
[ERROR] Traceback (most recent call last):
  File "/remote-home/qhgao/Workspace/Projects/RFC-crawlers/RFC-dev/RFC/req/requestor.py", line 206, in _fetch_single_async
    result = await middleware.apply_async(item, result, self._session._request_lib, self._session._async_lib)
  File "/remote-home/qhgao/Workspace/Projects/RFC-crawlers/RFC-dev/RFC/req/middleware.py", line 121, in apply_async
    self._handle_error(e, item, result)
  File "/remote-home/qhgao/Workspace/Projects/RFC-crawlers/RFC-dev/RFC/req/middleware.py", line 83, in _handle_error
    raise error
  File "/remote-home/qhgao/Workspace/Projects/RFC-crawlers/RFC-dev/RFC/req/middleware.py", line 114, in apply_async
    _result = await self._apply_async(item, result, request_lib, async_lib)
  File "/remote-home/qhgao/Workspace/Projects/RFC-crawlers/RFC-dev/RFC/req/middleware.py", line 316, in _apply_async
    result.content = result.json if 'json' in result else await get_content_async(result.response, request_lib)  # type: ignore
  File "/remote-home/qhgao/Workspace/Projects/RFC-crawlers/RFC-dev/RFC/req/middleware_func.py", line 88, in get_content_async
    return await resp.read()
  File "/remote-home/qhgao/Workspace/Applications/anaconda3/envs/share_py310/lib/python3.10/site-packages/aiohttp/client_reqrep.py", line 1037, in read
    self._body = await self.content.read()
  File "/remote-home/qhgao/Workspace/Applications/anaconda3/envs/share_py310/lib/python3.10/site-packages/aiohttp/streams.py", line 375, in read
    block = await self.readany()
  File "/remote-home/qhgao/Workspace/Applications/anaconda3/envs/share_py310/lib/python3.10/site-packages/aiohttp/streams.py", line 397, in readany
    await self._wait("readany")
  File "/remote-home/qhgao/Workspace/Applications/anaconda3/envs/share_py310/lib/python3.10/site-packages/aiohttp/streams.py", line 303, in _wait
    with self._timer:
  File "/remote-home/qhgao/Workspace/Applications/anaconda3/envs/share_py310/lib/python3.10/site-packages/aiohttp/helpers.py", line 721, in __exit__
    raise asyncio.TimeoutError from None
asyncio.exceptions.TimeoutError


2024-04-04 01:49:17,527 <requestor-worker-1:1998827, MainThread:140298684229440> (requestor.py:_fetch_single_async:216 -> requestor.py:_handle_error:99) from logger `RFC.requestor_failed`
[ERROR] failed on AudioBookAudioPage(1206442), caught error "['ValueError'] ValueError('unexpected status code 404 in response of AudioBookAudioPage(1206442)')"

2024-04-04 01:49:17,528 <requestor-worker-1:1998827, MainThread:140298684229440> (requestor.py:_fetch_single_async:216 -> requestor.py:_handle_error:100) from logger `RFC.requestor_failed`
[ERROR] Traceback (most recent call last):
  File "/remote-home/qhgao/Workspace/Projects/RFC-crawlers/RFC-dev/RFC/req/requestor.py", line 206, in _fetch_single_async
    result = await middleware.apply_async(item, result, self._session._request_lib, self._session._async_lib)
  File "/remote-home/qhgao/Workspace/Projects/RFC-crawlers/RFC-dev/RFC/req/middleware.py", line 121, in apply_async
    self._handle_error(e, item, result)
  File "/remote-home/qhgao/Workspace/Projects/RFC-crawlers/RFC-dev/RFC/req/middleware.py", line 83, in _handle_error
    raise error
  File "/remote-home/qhgao/Workspace/Projects/RFC-crawlers/RFC-dev/RFC/req/middleware.py", line 114, in apply_async
    _result = await self._apply_async(item, result, request_lib, async_lib)
  File "/remote-home/qhgao/Workspace/Projects/RFC-crawlers/RFC-dev/RFC/req/middleware.py", line 180, in _apply_async
    return self._apply_sync(item, result, request_lib)
  File "/remote-home/qhgao/Workspace/Projects/RFC-crawlers/RFC-dev/RFC/req/middleware.py", line 168, in _apply_sync
    raise ValueError(f"unexpected status code {repr(status_code)} in response of {repr(item)}")
ValueError: unexpected status code 404 in response of AudioBookAudioPage(1206442)


2024-04-04 01:49:19,305 <requestor-worker-1:1998827, MainThread:140298684229440> (requestor.py:_fetch_single_async:216 -> requestor.py:_handle_error:99) from logger `RFC.requestor_failed`
[ERROR] failed on AudioBookAudioPage(1206240).AudioBookAudioFile(1206240), caught error "['TimeoutError'] TimeoutError()"

2024-04-04 01:49:19,308 <requestor-worker-1:1998827, MainThread:140298684229440> (requestor.py:_fetch_single_async:216 -> requestor.py:_handle_error:100) from logger `RFC.requestor_failed`
[ERROR] Traceback (most recent call last):
  File "/remote-home/qhgao/Workspace/Projects/RFC-crawlers/RFC-dev/RFC/req/requestor.py", line 206, in _fetch_single_async
    result = await middleware.apply_async(item, result, self._session._request_lib, self._session._async_lib)
  File "/remote-home/qhgao/Workspace/Projects/RFC-crawlers/RFC-dev/RFC/req/middleware.py", line 121, in apply_async
    self._handle_error(e, item, result)
  File "/remote-home/qhgao/Workspace/Projects/RFC-crawlers/RFC-dev/RFC/req/middleware.py", line 83, in _handle_error
    raise error
  File "/remote-home/qhgao/Workspace/Projects/RFC-crawlers/RFC-dev/RFC/req/middleware.py", line 114, in apply_async
    _result = await self._apply_async(item, result, request_lib, async_lib)
  File "/remote-home/qhgao/Workspace/Projects/RFC-crawlers/RFC-dev/RFC/req/middleware.py", line 316, in _apply_async
    result.content = result.json if 'json' in result else await get_content_async(result.response, request_lib)  # type: ignore
  File "/remote-home/qhgao/Workspace/Projects/RFC-crawlers/RFC-dev/RFC/req/middleware_func.py", line 88, in get_content_async
    return await resp.read()
  File "/remote-home/qhgao/Workspace/Applications/anaconda3/envs/share_py310/lib/python3.10/site-packages/aiohttp/client_reqrep.py", line 1037, in read
    self._body = await self.content.read()
  File "/remote-home/qhgao/Workspace/Applications/anaconda3/envs/share_py310/lib/python3.10/site-packages/aiohttp/streams.py", line 375, in read
    block = await self.readany()
  File "/remote-home/qhgao/Workspace/Applications/anaconda3/envs/share_py310/lib/python3.10/site-packages/aiohttp/streams.py", line 397, in readany
    await self._wait("readany")
  File "/remote-home/qhgao/Workspace/Applications/anaconda3/envs/share_py310/lib/python3.10/site-packages/aiohttp/streams.py", line 303, in _wait
    with self._timer:
  File "/remote-home/qhgao/Workspace/Applications/anaconda3/envs/share_py310/lib/python3.10/site-packages/aiohttp/helpers.py", line 721, in __exit__
    raise asyncio.TimeoutError from None
asyncio.exceptions.TimeoutError


2024-04-04 01:49:29,940 <requestor-worker-1:1998827, MainThread:140298684229440> (requestor.py:_fetch_single_async:216 -> requestor.py:_handle_error:99) from logger `RFC.requestor_failed`
[ERROR] failed on AudioBookAudioPage(1206457), caught error "['ValueError'] ValueError('unexpected status code 404 in response of AudioBookAudioPage(1206457)')"

2024-04-04 01:49:29,941 <requestor-worker-1:1998827, MainThread:140298684229440> (requestor.py:_fetch_single_async:216 -> requestor.py:_handle_error:100) from logger `RFC.requestor_failed`
[ERROR] Traceback (most recent call last):
  File "/remote-home/qhgao/Workspace/Projects/RFC-crawlers/RFC-dev/RFC/req/requestor.py", line 206, in _fetch_single_async
    result = await middleware.apply_async(item, result, self._session._request_lib, self._session._async_lib)
  File "/remote-home/qhgao/Workspace/Projects/RFC-crawlers/RFC-dev/RFC/req/middleware.py", line 121, in apply_async
    self._handle_error(e, item, result)
  File "/remote-home/qhgao/Workspace/Projects/RFC-crawlers/RFC-dev/RFC/req/middleware.py", line 83, in _handle_error
    raise error
  File "/remote-home/qhgao/Workspace/Projects/RFC-crawlers/RFC-dev/RFC/req/middleware.py", line 114, in apply_async
    _result = await self._apply_async(item, result, request_lib, async_lib)
  File "/remote-home/qhgao/Workspace/Projects/RFC-crawlers/RFC-dev/RFC/req/middleware.py", line 180, in _apply_async
    return self._apply_sync(item, result, request_lib)
  File "/remote-home/qhgao/Workspace/Projects/RFC-crawlers/RFC-dev/RFC/req/middleware.py", line 168, in _apply_sync
    raise ValueError(f"unexpected status code {repr(status_code)} in response of {repr(item)}")
ValueError: unexpected status code 404 in response of AudioBookAudioPage(1206457)


2024-04-04 01:50:05,299 <requestor-worker-1:1998827, MainThread:140298684229440> (requestor.py:_fetch_single_async:216 -> requestor.py:_handle_error:99) from logger `RFC.requestor_failed`
[ERROR] failed on AudioBookAudioPage(1206278).AudioBookAudioFile(1206278), caught error "['TimeoutError'] TimeoutError()"

2024-04-04 01:50:05,301 <requestor-worker-1:1998827, MainThread:140298684229440> (requestor.py:_fetch_single_async:216 -> requestor.py:_handle_error:100) from logger `RFC.requestor_failed`
[ERROR] Traceback (most recent call last):
  File "/remote-home/qhgao/Workspace/Projects/RFC-crawlers/RFC-dev/RFC/req/requestor.py", line 206, in _fetch_single_async
    result = await middleware.apply_async(item, result, self._session._request_lib, self._session._async_lib)
  File "/remote-home/qhgao/Workspace/Projects/RFC-crawlers/RFC-dev/RFC/req/middleware.py", line 121, in apply_async
    self._handle_error(e, item, result)
  File "/remote-home/qhgao/Workspace/Projects/RFC-crawlers/RFC-dev/RFC/req/middleware.py", line 83, in _handle_error
    raise error
  File "/remote-home/qhgao/Workspace/Projects/RFC-crawlers/RFC-dev/RFC/req/middleware.py", line 114, in apply_async
    _result = await self._apply_async(item, result, request_lib, async_lib)
  File "/remote-home/qhgao/Workspace/Projects/RFC-crawlers/RFC-dev/RFC/req/middleware.py", line 316, in _apply_async
    result.content = result.json if 'json' in result else await get_content_async(result.response, request_lib)  # type: ignore
  File "/remote-home/qhgao/Workspace/Projects/RFC-crawlers/RFC-dev/RFC/req/middleware_func.py", line 88, in get_content_async
    return await resp.read()
  File "/remote-home/qhgao/Workspace/Applications/anaconda3/envs/share_py310/lib/python3.10/site-packages/aiohttp/client_reqrep.py", line 1037, in read
    self._body = await self.content.read()
  File "/remote-home/qhgao/Workspace/Applications/anaconda3/envs/share_py310/lib/python3.10/site-packages/aiohttp/streams.py", line 375, in read
    block = await self.readany()
  File "/remote-home/qhgao/Workspace/Applications/anaconda3/envs/share_py310/lib/python3.10/site-packages/aiohttp/streams.py", line 397, in readany
    await self._wait("readany")
  File "/remote-home/qhgao/Workspace/Applications/anaconda3/envs/share_py310/lib/python3.10/site-packages/aiohttp/streams.py", line 303, in _wait
    with self._timer:
  File "/remote-home/qhgao/Workspace/Applications/anaconda3/envs/share_py310/lib/python3.10/site-packages/aiohttp/helpers.py", line 721, in __exit__
    raise asyncio.TimeoutError from None
asyncio.exceptions.TimeoutError


2024-04-04 01:50:06,627 <requestor-worker-1:1998827, MainThread:140298684229440> (requestor.py:_fetch_single_async:216 -> requestor.py:_handle_error:99) from logger `RFC.requestor_failed`
[ERROR] failed on AudioBookAudioPage(1206495), caught error "['ValueError'] ValueError('unexpected status code 404 in response of AudioBookAudioPage(1206495)')"

2024-04-04 01:50:06,630 <requestor-worker-1:1998827, MainThread:140298684229440> (requestor.py:_fetch_single_async:216 -> requestor.py:_handle_error:100) from logger `RFC.requestor_failed`
[ERROR] Traceback (most recent call last):
  File "/remote-home/qhgao/Workspace/Projects/RFC-crawlers/RFC-dev/RFC/req/requestor.py", line 206, in _fetch_single_async
    result = await middleware.apply_async(item, result, self._session._request_lib, self._session._async_lib)
  File "/remote-home/qhgao/Workspace/Projects/RFC-crawlers/RFC-dev/RFC/req/middleware.py", line 121, in apply_async
    self._handle_error(e, item, result)
  File "/remote-home/qhgao/Workspace/Projects/RFC-crawlers/RFC-dev/RFC/req/middleware.py", line 83, in _handle_error
    raise error
  File "/remote-home/qhgao/Workspace/Projects/RFC-crawlers/RFC-dev/RFC/req/middleware.py", line 114, in apply_async
    _result = await self._apply_async(item, result, request_lib, async_lib)
  File "/remote-home/qhgao/Workspace/Projects/RFC-crawlers/RFC-dev/RFC/req/middleware.py", line 180, in _apply_async
    return self._apply_sync(item, result, request_lib)
  File "/remote-home/qhgao/Workspace/Projects/RFC-crawlers/RFC-dev/RFC/req/middleware.py", line 168, in _apply_sync
    raise ValueError(f"unexpected status code {repr(status_code)} in response of {repr(item)}")
ValueError: unexpected status code 404 in response of AudioBookAudioPage(1206495)


2024-04-04 01:50:10,297 <requestor-worker-1:1998827, MainThread:140298684229440> (requestor.py:_fetch_single_async:216 -> requestor.py:_handle_error:99) from logger `RFC.requestor_failed`
[ERROR] failed on AudioBookAudioPage(1206285).AudioBookAudioFile(1206285), caught error "['TimeoutError'] TimeoutError()"

2024-04-04 01:50:10,299 <requestor-worker-1:1998827, MainThread:140298684229440> (requestor.py:_fetch_single_async:216 -> requestor.py:_handle_error:100) from logger `RFC.requestor_failed`
[ERROR] Traceback (most recent call last):
  File "/remote-home/qhgao/Workspace/Projects/RFC-crawlers/RFC-dev/RFC/req/requestor.py", line 206, in _fetch_single_async
    result = await middleware.apply_async(item, result, self._session._request_lib, self._session._async_lib)
  File "/remote-home/qhgao/Workspace/Projects/RFC-crawlers/RFC-dev/RFC/req/middleware.py", line 121, in apply_async
    self._handle_error(e, item, result)
  File "/remote-home/qhgao/Workspace/Projects/RFC-crawlers/RFC-dev/RFC/req/middleware.py", line 83, in _handle_error
    raise error
  File "/remote-home/qhgao/Workspace/Projects/RFC-crawlers/RFC-dev/RFC/req/middleware.py", line 114, in apply_async
    _result = await self._apply_async(item, result, request_lib, async_lib)
  File "/remote-home/qhgao/Workspace/Projects/RFC-crawlers/RFC-dev/RFC/req/middleware.py", line 316, in _apply_async
    result.content = result.json if 'json' in result else await get_content_async(result.response, request_lib)  # type: ignore
  File "/remote-home/qhgao/Workspace/Projects/RFC-crawlers/RFC-dev/RFC/req/middleware_func.py", line 88, in get_content_async
    return await resp.read()
  File "/remote-home/qhgao/Workspace/Applications/anaconda3/envs/share_py310/lib/python3.10/site-packages/aiohttp/client_reqrep.py", line 1037, in read
    self._body = await self.content.read()
  File "/remote-home/qhgao/Workspace/Applications/anaconda3/envs/share_py310/lib/python3.10/site-packages/aiohttp/streams.py", line 375, in read
    block = await self.readany()
  File "/remote-home/qhgao/Workspace/Applications/anaconda3/envs/share_py310/lib/python3.10/site-packages/aiohttp/streams.py", line 397, in readany
    await self._wait("readany")
  File "/remote-home/qhgao/Workspace/Applications/anaconda3/envs/share_py310/lib/python3.10/site-packages/aiohttp/streams.py", line 303, in _wait
    with self._timer:
  File "/remote-home/qhgao/Workspace/Applications/anaconda3/envs/share_py310/lib/python3.10/site-packages/aiohttp/helpers.py", line 721, in __exit__
    raise asyncio.TimeoutError from None
asyncio.exceptions.TimeoutError


2024-04-04 01:50:12,802 <requestor-worker-1:1998827, MainThread:140298684229440> (requestor.py:_fetch_single_async:216 -> requestor.py:_handle_error:99) from logger `RFC.requestor_failed`
[ERROR] failed on AudioBookAudioPage(1206283).AudioBookAudioFile(1206283), caught error "['TimeoutError'] TimeoutError()"

2024-04-04 01:50:12,804 <requestor-worker-1:1998827, MainThread:140298684229440> (requestor.py:_fetch_single_async:216 -> requestor.py:_handle_error:100) from logger `RFC.requestor_failed`
[ERROR] Traceback (most recent call last):
  File "/remote-home/qhgao/Workspace/Projects/RFC-crawlers/RFC-dev/RFC/req/requestor.py", line 206, in _fetch_single_async
    result = await middleware.apply_async(item, result, self._session._request_lib, self._session._async_lib)
  File "/remote-home/qhgao/Workspace/Projects/RFC-crawlers/RFC-dev/RFC/req/middleware.py", line 121, in apply_async
    self._handle_error(e, item, result)
  File "/remote-home/qhgao/Workspace/Projects/RFC-crawlers/RFC-dev/RFC/req/middleware.py", line 83, in _handle_error
    raise error
  File "/remote-home/qhgao/Workspace/Projects/RFC-crawlers/RFC-dev/RFC/req/middleware.py", line 114, in apply_async
    _result = await self._apply_async(item, result, request_lib, async_lib)
  File "/remote-home/qhgao/Workspace/Projects/RFC-crawlers/RFC-dev/RFC/req/middleware.py", line 316, in _apply_async
    result.content = result.json if 'json' in result else await get_content_async(result.response, request_lib)  # type: ignore
  File "/remote-home/qhgao/Workspace/Projects/RFC-crawlers/RFC-dev/RFC/req/middleware_func.py", line 88, in get_content_async
    return await resp.read()
  File "/remote-home/qhgao/Workspace/Applications/anaconda3/envs/share_py310/lib/python3.10/site-packages/aiohttp/client_reqrep.py", line 1037, in read
    self._body = await self.content.read()
  File "/remote-home/qhgao/Workspace/Applications/anaconda3/envs/share_py310/lib/python3.10/site-packages/aiohttp/streams.py", line 375, in read
    block = await self.readany()
  File "/remote-home/qhgao/Workspace/Applications/anaconda3/envs/share_py310/lib/python3.10/site-packages/aiohttp/streams.py", line 397, in readany
    await self._wait("readany")
  File "/remote-home/qhgao/Workspace/Applications/anaconda3/envs/share_py310/lib/python3.10/site-packages/aiohttp/streams.py", line 303, in _wait
    with self._timer:
  File "/remote-home/qhgao/Workspace/Applications/anaconda3/envs/share_py310/lib/python3.10/site-packages/aiohttp/helpers.py", line 721, in __exit__
    raise asyncio.TimeoutError from None
asyncio.exceptions.TimeoutError


2024-04-04 01:51:04,731 <requestor-worker-1:1998827, MainThread:140298684229440> (requestor.py:_fetch_single_async:216 -> requestor.py:_handle_error:99) from logger `RFC.requestor_failed`
[ERROR] failed on AudioBookAudioPage(1206554), caught error "['ValueError'] ValueError('unexpected status code 404 in response of AudioBookAudioPage(1206554)')"

2024-04-04 01:51:04,733 <requestor-worker-1:1998827, MainThread:140298684229440> (requestor.py:_fetch_single_async:216 -> requestor.py:_handle_error:100) from logger `RFC.requestor_failed`
[ERROR] Traceback (most recent call last):
  File "/remote-home/qhgao/Workspace/Projects/RFC-crawlers/RFC-dev/RFC/req/requestor.py", line 206, in _fetch_single_async
    result = await middleware.apply_async(item, result, self._session._request_lib, self._session._async_lib)
  File "/remote-home/qhgao/Workspace/Projects/RFC-crawlers/RFC-dev/RFC/req/middleware.py", line 121, in apply_async
    self._handle_error(e, item, result)
  File "/remote-home/qhgao/Workspace/Projects/RFC-crawlers/RFC-dev/RFC/req/middleware.py", line 83, in _handle_error
    raise error
  File "/remote-home/qhgao/Workspace/Projects/RFC-crawlers/RFC-dev/RFC/req/middleware.py", line 114, in apply_async
    _result = await self._apply_async(item, result, request_lib, async_lib)
  File "/remote-home/qhgao/Workspace/Projects/RFC-crawlers/RFC-dev/RFC/req/middleware.py", line 180, in _apply_async
    return self._apply_sync(item, result, request_lib)
  File "/remote-home/qhgao/Workspace/Projects/RFC-crawlers/RFC-dev/RFC/req/middleware.py", line 168, in _apply_sync
    raise ValueError(f"unexpected status code {repr(status_code)} in response of {repr(item)}")
ValueError: unexpected status code 404 in response of AudioBookAudioPage(1206554)


2024-04-04 01:51:08,301 <requestor-worker-1:1998827, MainThread:140298684229440> (requestor.py:_fetch_single_async:216 -> requestor.py:_handle_error:99) from logger `RFC.requestor_failed`
[ERROR] failed on AudioBookAudioPage(1206341).AudioBookAudioFile(1206341), caught error "['TimeoutError'] TimeoutError()"

2024-04-04 01:51:08,304 <requestor-worker-1:1998827, MainThread:140298684229440> (requestor.py:_fetch_single_async:216 -> requestor.py:_handle_error:100) from logger `RFC.requestor_failed`
[ERROR] Traceback (most recent call last):
  File "/remote-home/qhgao/Workspace/Projects/RFC-crawlers/RFC-dev/RFC/req/requestor.py", line 206, in _fetch_single_async
    result = await middleware.apply_async(item, result, self._session._request_lib, self._session._async_lib)
  File "/remote-home/qhgao/Workspace/Projects/RFC-crawlers/RFC-dev/RFC/req/middleware.py", line 121, in apply_async
    self._handle_error(e, item, result)
  File "/remote-home/qhgao/Workspace/Projects/RFC-crawlers/RFC-dev/RFC/req/middleware.py", line 83, in _handle_error
    raise error
  File "/remote-home/qhgao/Workspace/Projects/RFC-crawlers/RFC-dev/RFC/req/middleware.py", line 114, in apply_async
    _result = await self._apply_async(item, result, request_lib, async_lib)
  File "/remote-home/qhgao/Workspace/Projects/RFC-crawlers/RFC-dev/RFC/req/middleware.py", line 316, in _apply_async
    result.content = result.json if 'json' in result else await get_content_async(result.response, request_lib)  # type: ignore
  File "/remote-home/qhgao/Workspace/Projects/RFC-crawlers/RFC-dev/RFC/req/middleware_func.py", line 88, in get_content_async
    return await resp.read()
  File "/remote-home/qhgao/Workspace/Applications/anaconda3/envs/share_py310/lib/python3.10/site-packages/aiohttp/client_reqrep.py", line 1037, in read
    self._body = await self.content.read()
  File "/remote-home/qhgao/Workspace/Applications/anaconda3/envs/share_py310/lib/python3.10/site-packages/aiohttp/streams.py", line 375, in read
    block = await self.readany()
  File "/remote-home/qhgao/Workspace/Applications/anaconda3/envs/share_py310/lib/python3.10/site-packages/aiohttp/streams.py", line 397, in readany
    await self._wait("readany")
  File "/remote-home/qhgao/Workspace/Applications/anaconda3/envs/share_py310/lib/python3.10/site-packages/aiohttp/streams.py", line 303, in _wait
    with self._timer:
  File "/remote-home/qhgao/Workspace/Applications/anaconda3/envs/share_py310/lib/python3.10/site-packages/aiohttp/helpers.py", line 721, in __exit__
    raise asyncio.TimeoutError from None
asyncio.exceptions.TimeoutError


2024-04-04 01:51:11,300 <requestor-worker-1:1998827, MainThread:140298684229440> (requestor.py:_fetch_single_async:216 -> requestor.py:_handle_error:99) from logger `RFC.requestor_failed`
[ERROR] failed on AudioBookAudioPage(1206344).AudioBookAudioFile(1206344), caught error "['TimeoutError'] TimeoutError()"

2024-04-04 01:51:11,301 <requestor-worker-1:1998827, MainThread:140298684229440> (requestor.py:_fetch_single_async:216 -> requestor.py:_handle_error:100) from logger `RFC.requestor_failed`
[ERROR] Traceback (most recent call last):
  File "/remote-home/qhgao/Workspace/Projects/RFC-crawlers/RFC-dev/RFC/req/requestor.py", line 206, in _fetch_single_async
    result = await middleware.apply_async(item, result, self._session._request_lib, self._session._async_lib)
  File "/remote-home/qhgao/Workspace/Projects/RFC-crawlers/RFC-dev/RFC/req/middleware.py", line 121, in apply_async
    self._handle_error(e, item, result)
  File "/remote-home/qhgao/Workspace/Projects/RFC-crawlers/RFC-dev/RFC/req/middleware.py", line 83, in _handle_error
    raise error
  File "/remote-home/qhgao/Workspace/Projects/RFC-crawlers/RFC-dev/RFC/req/middleware.py", line 114, in apply_async
    _result = await self._apply_async(item, result, request_lib, async_lib)
  File "/remote-home/qhgao/Workspace/Projects/RFC-crawlers/RFC-dev/RFC/req/middleware.py", line 316, in _apply_async
    result.content = result.json if 'json' in result else await get_content_async(result.response, request_lib)  # type: ignore
  File "/remote-home/qhgao/Workspace/Projects/RFC-crawlers/RFC-dev/RFC/req/middleware_func.py", line 88, in get_content_async
    return await resp.read()
  File "/remote-home/qhgao/Workspace/Applications/anaconda3/envs/share_py310/lib/python3.10/site-packages/aiohttp/client_reqrep.py", line 1037, in read
    self._body = await self.content.read()
  File "/remote-home/qhgao/Workspace/Applications/anaconda3/envs/share_py310/lib/python3.10/site-packages/aiohttp/streams.py", line 375, in read
    block = await self.readany()
  File "/remote-home/qhgao/Workspace/Applications/anaconda3/envs/share_py310/lib/python3.10/site-packages/aiohttp/streams.py", line 397, in readany
    await self._wait("readany")
  File "/remote-home/qhgao/Workspace/Applications/anaconda3/envs/share_py310/lib/python3.10/site-packages/aiohttp/streams.py", line 303, in _wait
    with self._timer:
  File "/remote-home/qhgao/Workspace/Applications/anaconda3/envs/share_py310/lib/python3.10/site-packages/aiohttp/helpers.py", line 721, in __exit__
    raise asyncio.TimeoutError from None
asyncio.exceptions.TimeoutError


2024-04-04 01:51:53,621 <requestor-worker-1:1998827, MainThread:140298684229440> (requestor.py:_fetch_single_async:216 -> requestor.py:_handle_error:99) from logger `RFC.requestor_failed`
[ERROR] failed on AudioBookAudioPage(1206575), caught error "['ValueError'] ValueError('unexpected status code 404 in response of AudioBookAudioPage(1206575)')"

2024-04-04 01:51:53,623 <requestor-worker-1:1998827, MainThread:140298684229440> (requestor.py:_fetch_single_async:216 -> requestor.py:_handle_error:100) from logger `RFC.requestor_failed`
[ERROR] Traceback (most recent call last):
  File "/remote-home/qhgao/Workspace/Projects/RFC-crawlers/RFC-dev/RFC/req/requestor.py", line 206, in _fetch_single_async
    result = await middleware.apply_async(item, result, self._session._request_lib, self._session._async_lib)
  File "/remote-home/qhgao/Workspace/Projects/RFC-crawlers/RFC-dev/RFC/req/middleware.py", line 121, in apply_async
    self._handle_error(e, item, result)
  File "/remote-home/qhgao/Workspace/Projects/RFC-crawlers/RFC-dev/RFC/req/middleware.py", line 83, in _handle_error
    raise error
  File "/remote-home/qhgao/Workspace/Projects/RFC-crawlers/RFC-dev/RFC/req/middleware.py", line 114, in apply_async
    _result = await self._apply_async(item, result, request_lib, async_lib)
  File "/remote-home/qhgao/Workspace/Projects/RFC-crawlers/RFC-dev/RFC/req/middleware.py", line 180, in _apply_async
    return self._apply_sync(item, result, request_lib)
  File "/remote-home/qhgao/Workspace/Projects/RFC-crawlers/RFC-dev/RFC/req/middleware.py", line 168, in _apply_sync
    raise ValueError(f"unexpected status code {repr(status_code)} in response of {repr(item)}")
ValueError: unexpected status code 404 in response of AudioBookAudioPage(1206575)


2024-04-04 01:52:03,033 <requestor-worker-1:1998827, MainThread:140298684229440> (requestor.py:_fetch_single_async:216 -> requestor.py:_handle_error:99) from logger `RFC.requestor_failed`
[ERROR] failed on AudioBookAudioPage(1206581), caught error "['ValueError'] ValueError('unexpected status code 404 in response of AudioBookAudioPage(1206581)')"

2024-04-04 01:52:03,034 <requestor-worker-1:1998827, MainThread:140298684229440> (requestor.py:_fetch_single_async:216 -> requestor.py:_handle_error:100) from logger `RFC.requestor_failed`
[ERROR] Traceback (most recent call last):
  File "/remote-home/qhgao/Workspace/Projects/RFC-crawlers/RFC-dev/RFC/req/requestor.py", line 206, in _fetch_single_async
    result = await middleware.apply_async(item, result, self._session._request_lib, self._session._async_lib)
  File "/remote-home/qhgao/Workspace/Projects/RFC-crawlers/RFC-dev/RFC/req/middleware.py", line 121, in apply_async
    self._handle_error(e, item, result)
  File "/remote-home/qhgao/Workspace/Projects/RFC-crawlers/RFC-dev/RFC/req/middleware.py", line 83, in _handle_error
    raise error
  File "/remote-home/qhgao/Workspace/Projects/RFC-crawlers/RFC-dev/RFC/req/middleware.py", line 114, in apply_async
    _result = await self._apply_async(item, result, request_lib, async_lib)
  File "/remote-home/qhgao/Workspace/Projects/RFC-crawlers/RFC-dev/RFC/req/middleware.py", line 180, in _apply_async
    return self._apply_sync(item, result, request_lib)
  File "/remote-home/qhgao/Workspace/Projects/RFC-crawlers/RFC-dev/RFC/req/middleware.py", line 168, in _apply_sync
    raise ValueError(f"unexpected status code {repr(status_code)} in response of {repr(item)}")
ValueError: unexpected status code 404 in response of AudioBookAudioPage(1206581)


2024-04-04 01:52:23,309 <requestor-worker-1:1998827, MainThread:140298684229440> (requestor.py:_fetch_single_async:216 -> requestor.py:_handle_error:99) from logger `RFC.requestor_failed`
[ERROR] failed on AudioBookAudioPage(1206583), caught error "['TimeoutError'] TimeoutError()"

2024-04-04 01:52:23,311 <requestor-worker-1:1998827, MainThread:140298684229440> (requestor.py:_fetch_single_async:216 -> requestor.py:_handle_error:100) from logger `RFC.requestor_failed`
[ERROR] Traceback (most recent call last):
  File "/remote-home/qhgao/Workspace/Projects/RFC-crawlers/RFC-dev/RFC/req/requestor.py", line 199, in _fetch_single_async
    resp = await self._session.request(item)
  File "/remote-home/qhgao/Workspace/Projects/RFC-crawlers/RFC-dev/RFC/req/session.py", line 320, in request
    return await self._session.request(**request_args)
  File "/remote-home/qhgao/Workspace/Applications/anaconda3/envs/share_py310/lib/python3.10/site-packages/aiohttp/client.py", line 560, in _request
    await resp.start(conn)
  File "/remote-home/qhgao/Workspace/Applications/anaconda3/envs/share_py310/lib/python3.10/site-packages/aiohttp/client_reqrep.py", line 894, in start
    with self._timer:
  File "/remote-home/qhgao/Workspace/Applications/anaconda3/envs/share_py310/lib/python3.10/site-packages/aiohttp/helpers.py", line 721, in __exit__
    raise asyncio.TimeoutError from None
asyncio.exceptions.TimeoutError


2024-04-04 01:52:27,305 <requestor-worker-1:1998827, MainThread:140298684229440> (requestor.py:_fetch_single_async:216 -> requestor.py:_handle_error:99) from logger `RFC.requestor_failed`
[ERROR] failed on AudioBookAudioPage(1206409).AudioBookAudioFile(1206409), caught error "['TimeoutError'] TimeoutError()"

2024-04-04 01:52:27,308 <requestor-worker-1:1998827, MainThread:140298684229440> (requestor.py:_fetch_single_async:216 -> requestor.py:_handle_error:100) from logger `RFC.requestor_failed`
[ERROR] Traceback (most recent call last):
  File "/remote-home/qhgao/Workspace/Projects/RFC-crawlers/RFC-dev/RFC/req/requestor.py", line 206, in _fetch_single_async
    result = await middleware.apply_async(item, result, self._session._request_lib, self._session._async_lib)
  File "/remote-home/qhgao/Workspace/Projects/RFC-crawlers/RFC-dev/RFC/req/middleware.py", line 121, in apply_async
    self._handle_error(e, item, result)
  File "/remote-home/qhgao/Workspace/Projects/RFC-crawlers/RFC-dev/RFC/req/middleware.py", line 83, in _handle_error
    raise error
  File "/remote-home/qhgao/Workspace/Projects/RFC-crawlers/RFC-dev/RFC/req/middleware.py", line 114, in apply_async
    _result = await self._apply_async(item, result, request_lib, async_lib)
  File "/remote-home/qhgao/Workspace/Projects/RFC-crawlers/RFC-dev/RFC/req/middleware.py", line 316, in _apply_async
    result.content = result.json if 'json' in result else await get_content_async(result.response, request_lib)  # type: ignore
  File "/remote-home/qhgao/Workspace/Projects/RFC-crawlers/RFC-dev/RFC/req/middleware_func.py", line 88, in get_content_async
    return await resp.read()
  File "/remote-home/qhgao/Workspace/Applications/anaconda3/envs/share_py310/lib/python3.10/site-packages/aiohttp/client_reqrep.py", line 1037, in read
    self._body = await self.content.read()
  File "/remote-home/qhgao/Workspace/Applications/anaconda3/envs/share_py310/lib/python3.10/site-packages/aiohttp/streams.py", line 375, in read
    block = await self.readany()
  File "/remote-home/qhgao/Workspace/Applications/anaconda3/envs/share_py310/lib/python3.10/site-packages/aiohttp/streams.py", line 397, in readany
    await self._wait("readany")
  File "/remote-home/qhgao/Workspace/Applications/anaconda3/envs/share_py310/lib/python3.10/site-packages/aiohttp/streams.py", line 303, in _wait
    with self._timer:
  File "/remote-home/qhgao/Workspace/Applications/anaconda3/envs/share_py310/lib/python3.10/site-packages/aiohttp/helpers.py", line 721, in __exit__
    raise asyncio.TimeoutError from None
asyncio.exceptions.TimeoutError


2024-04-04 01:52:35,297 <requestor-worker-1:1998827, MainThread:140298684229440> (requestor.py:_fetch_single_async:216 -> requestor.py:_handle_error:99) from logger `RFC.requestor_failed`
[ERROR] failed on AudioBookAudioPage(1206411).AudioBookAudioFile(1206411), caught error "['TimeoutError'] TimeoutError()"

2024-04-04 01:52:35,301 <requestor-worker-1:1998827, MainThread:140298684229440> (requestor.py:_fetch_single_async:216 -> requestor.py:_handle_error:100) from logger `RFC.requestor_failed`
[ERROR] Traceback (most recent call last):
  File "/remote-home/qhgao/Workspace/Projects/RFC-crawlers/RFC-dev/RFC/req/requestor.py", line 206, in _fetch_single_async
    result = await middleware.apply_async(item, result, self._session._request_lib, self._session._async_lib)
  File "/remote-home/qhgao/Workspace/Projects/RFC-crawlers/RFC-dev/RFC/req/middleware.py", line 121, in apply_async
    self._handle_error(e, item, result)
  File "/remote-home/qhgao/Workspace/Projects/RFC-crawlers/RFC-dev/RFC/req/middleware.py", line 83, in _handle_error
    raise error
  File "/remote-home/qhgao/Workspace/Projects/RFC-crawlers/RFC-dev/RFC/req/middleware.py", line 114, in apply_async
    _result = await self._apply_async(item, result, request_lib, async_lib)
  File "/remote-home/qhgao/Workspace/Projects/RFC-crawlers/RFC-dev/RFC/req/middleware.py", line 316, in _apply_async
    result.content = result.json if 'json' in result else await get_content_async(result.response, request_lib)  # type: ignore
  File "/remote-home/qhgao/Workspace/Projects/RFC-crawlers/RFC-dev/RFC/req/middleware_func.py", line 88, in get_content_async
    return await resp.read()
  File "/remote-home/qhgao/Workspace/Applications/anaconda3/envs/share_py310/lib/python3.10/site-packages/aiohttp/client_reqrep.py", line 1037, in read
    self._body = await self.content.read()
  File "/remote-home/qhgao/Workspace/Applications/anaconda3/envs/share_py310/lib/python3.10/site-packages/aiohttp/streams.py", line 375, in read
    block = await self.readany()
  File "/remote-home/qhgao/Workspace/Applications/anaconda3/envs/share_py310/lib/python3.10/site-packages/aiohttp/streams.py", line 397, in readany
    await self._wait("readany")
  File "/remote-home/qhgao/Workspace/Applications/anaconda3/envs/share_py310/lib/python3.10/site-packages/aiohttp/streams.py", line 303, in _wait
    with self._timer:
  File "/remote-home/qhgao/Workspace/Applications/anaconda3/envs/share_py310/lib/python3.10/site-packages/aiohttp/helpers.py", line 721, in __exit__
    raise asyncio.TimeoutError from None
asyncio.exceptions.TimeoutError


2024-04-04 01:52:37,595 <requestor-worker-1:1998827, MainThread:140298684229440> (requestor.py:_fetch_single_async:216 -> requestor.py:_handle_error:99) from logger `RFC.requestor_failed`
[ERROR] failed on AudioBookAudioPage(1206612), caught error "['ValueError'] ValueError('unexpected status code 404 in response of AudioBookAudioPage(1206612)')"

2024-04-04 01:52:37,597 <requestor-worker-1:1998827, MainThread:140298684229440> (requestor.py:_fetch_single_async:216 -> requestor.py:_handle_error:100) from logger `RFC.requestor_failed`
[ERROR] Traceback (most recent call last):
  File "/remote-home/qhgao/Workspace/Projects/RFC-crawlers/RFC-dev/RFC/req/requestor.py", line 206, in _fetch_single_async
    result = await middleware.apply_async(item, result, self._session._request_lib, self._session._async_lib)
  File "/remote-home/qhgao/Workspace/Projects/RFC-crawlers/RFC-dev/RFC/req/middleware.py", line 121, in apply_async
    self._handle_error(e, item, result)
  File "/remote-home/qhgao/Workspace/Projects/RFC-crawlers/RFC-dev/RFC/req/middleware.py", line 83, in _handle_error
    raise error
  File "/remote-home/qhgao/Workspace/Projects/RFC-crawlers/RFC-dev/RFC/req/middleware.py", line 114, in apply_async
    _result = await self._apply_async(item, result, request_lib, async_lib)
  File "/remote-home/qhgao/Workspace/Projects/RFC-crawlers/RFC-dev/RFC/req/middleware.py", line 180, in _apply_async
    return self._apply_sync(item, result, request_lib)
  File "/remote-home/qhgao/Workspace/Projects/RFC-crawlers/RFC-dev/RFC/req/middleware.py", line 168, in _apply_sync
    raise ValueError(f"unexpected status code {repr(status_code)} in response of {repr(item)}")
ValueError: unexpected status code 404 in response of AudioBookAudioPage(1206612)


2024-04-04 01:52:38,943 <requestor-worker-1:1998827, MainThread:140298684229440> (requestor.py:_fetch_single_async:216 -> requestor.py:_handle_error:99) from logger `RFC.requestor_failed`
[ERROR] failed on AudioBookAudioPage(1206617), caught error "['ValueError'] ValueError('unexpected status code 404 in response of AudioBookAudioPage(1206617)')"

2024-04-04 01:52:38,945 <requestor-worker-1:1998827, MainThread:140298684229440> (requestor.py:_fetch_single_async:216 -> requestor.py:_handle_error:100) from logger `RFC.requestor_failed`
[ERROR] Traceback (most recent call last):
  File "/remote-home/qhgao/Workspace/Projects/RFC-crawlers/RFC-dev/RFC/req/requestor.py", line 206, in _fetch_single_async
    result = await middleware.apply_async(item, result, self._session._request_lib, self._session._async_lib)
  File "/remote-home/qhgao/Workspace/Projects/RFC-crawlers/RFC-dev/RFC/req/middleware.py", line 121, in apply_async
    self._handle_error(e, item, result)
  File "/remote-home/qhgao/Workspace/Projects/RFC-crawlers/RFC-dev/RFC/req/middleware.py", line 83, in _handle_error
    raise error
  File "/remote-home/qhgao/Workspace/Projects/RFC-crawlers/RFC-dev/RFC/req/middleware.py", line 114, in apply_async
    _result = await self._apply_async(item, result, request_lib, async_lib)
  File "/remote-home/qhgao/Workspace/Projects/RFC-crawlers/RFC-dev/RFC/req/middleware.py", line 180, in _apply_async
    return self._apply_sync(item, result, request_lib)
  File "/remote-home/qhgao/Workspace/Projects/RFC-crawlers/RFC-dev/RFC/req/middleware.py", line 168, in _apply_sync
    raise ValueError(f"unexpected status code {repr(status_code)} in response of {repr(item)}")
ValueError: unexpected status code 404 in response of AudioBookAudioPage(1206617)


2024-04-04 01:52:40,421 <requestor-worker-1:1998827, MainThread:140298684229440> (requestor.py:_fetch_single_async:216 -> requestor.py:_handle_error:99) from logger `RFC.requestor_failed`
[ERROR] failed on AudioBookAudioPage(1206620), caught error "['ValueError'] ValueError('unexpected status code 404 in response of AudioBookAudioPage(1206620)')"

2024-04-04 01:52:40,423 <requestor-worker-1:1998827, MainThread:140298684229440> (requestor.py:_fetch_single_async:216 -> requestor.py:_handle_error:100) from logger `RFC.requestor_failed`
[ERROR] Traceback (most recent call last):
  File "/remote-home/qhgao/Workspace/Projects/RFC-crawlers/RFC-dev/RFC/req/requestor.py", line 206, in _fetch_single_async
    result = await middleware.apply_async(item, result, self._session._request_lib, self._session._async_lib)
  File "/remote-home/qhgao/Workspace/Projects/RFC-crawlers/RFC-dev/RFC/req/middleware.py", line 121, in apply_async
    self._handle_error(e, item, result)
  File "/remote-home/qhgao/Workspace/Projects/RFC-crawlers/RFC-dev/RFC/req/middleware.py", line 83, in _handle_error
    raise error
  File "/remote-home/qhgao/Workspace/Projects/RFC-crawlers/RFC-dev/RFC/req/middleware.py", line 114, in apply_async
    _result = await self._apply_async(item, result, request_lib, async_lib)
  File "/remote-home/qhgao/Workspace/Projects/RFC-crawlers/RFC-dev/RFC/req/middleware.py", line 180, in _apply_async
    return self._apply_sync(item, result, request_lib)
  File "/remote-home/qhgao/Workspace/Projects/RFC-crawlers/RFC-dev/RFC/req/middleware.py", line 168, in _apply_sync
    raise ValueError(f"unexpected status code {repr(status_code)} in response of {repr(item)}")
ValueError: unexpected status code 404 in response of AudioBookAudioPage(1206620)


2024-04-04 01:52:41,877 <requestor-worker-1:1998827, MainThread:140298684229440> (requestor.py:_fetch_single_async:216 -> requestor.py:_handle_error:99) from logger `RFC.requestor_failed`
[ERROR] failed on AudioBookAudioPage(1206626), caught error "['ValueError'] ValueError('unexpected status code 404 in response of AudioBookAudioPage(1206626)')"

2024-04-04 01:52:41,879 <requestor-worker-1:1998827, MainThread:140298684229440> (requestor.py:_fetch_single_async:216 -> requestor.py:_handle_error:100) from logger `RFC.requestor_failed`
[ERROR] Traceback (most recent call last):
  File "/remote-home/qhgao/Workspace/Projects/RFC-crawlers/RFC-dev/RFC/req/requestor.py", line 206, in _fetch_single_async
    result = await middleware.apply_async(item, result, self._session._request_lib, self._session._async_lib)
  File "/remote-home/qhgao/Workspace/Projects/RFC-crawlers/RFC-dev/RFC/req/middleware.py", line 121, in apply_async
    self._handle_error(e, item, result)
  File "/remote-home/qhgao/Workspace/Projects/RFC-crawlers/RFC-dev/RFC/req/middleware.py", line 83, in _handle_error
    raise error
  File "/remote-home/qhgao/Workspace/Projects/RFC-crawlers/RFC-dev/RFC/req/middleware.py", line 114, in apply_async
    _result = await self._apply_async(item, result, request_lib, async_lib)
  File "/remote-home/qhgao/Workspace/Projects/RFC-crawlers/RFC-dev/RFC/req/middleware.py", line 180, in _apply_async
    return self._apply_sync(item, result, request_lib)
  File "/remote-home/qhgao/Workspace/Projects/RFC-crawlers/RFC-dev/RFC/req/middleware.py", line 168, in _apply_sync
    raise ValueError(f"unexpected status code {repr(status_code)} in response of {repr(item)}")
ValueError: unexpected status code 404 in response of AudioBookAudioPage(1206626)


2024-04-04 01:52:43,871 <requestor-worker-1:1998827, MainThread:140298684229440> (requestor.py:_fetch_single_async:216 -> requestor.py:_handle_error:99) from logger `RFC.requestor_failed`
[ERROR] failed on AudioBookAudioPage(1206630), caught error "['ValueError'] ValueError('unexpected status code 404 in response of AudioBookAudioPage(1206630)')"

2024-04-04 01:52:43,874 <requestor-worker-1:1998827, MainThread:140298684229440> (requestor.py:_fetch_single_async:216 -> requestor.py:_handle_error:100) from logger `RFC.requestor_failed`
[ERROR] Traceback (most recent call last):
  File "/remote-home/qhgao/Workspace/Projects/RFC-crawlers/RFC-dev/RFC/req/requestor.py", line 206, in _fetch_single_async
    result = await middleware.apply_async(item, result, self._session._request_lib, self._session._async_lib)
  File "/remote-home/qhgao/Workspace/Projects/RFC-crawlers/RFC-dev/RFC/req/middleware.py", line 121, in apply_async
    self._handle_error(e, item, result)
  File "/remote-home/qhgao/Workspace/Projects/RFC-crawlers/RFC-dev/RFC/req/middleware.py", line 83, in _handle_error
    raise error
  File "/remote-home/qhgao/Workspace/Projects/RFC-crawlers/RFC-dev/RFC/req/middleware.py", line 114, in apply_async
    _result = await self._apply_async(item, result, request_lib, async_lib)
  File "/remote-home/qhgao/Workspace/Projects/RFC-crawlers/RFC-dev/RFC/req/middleware.py", line 180, in _apply_async
    return self._apply_sync(item, result, request_lib)
  File "/remote-home/qhgao/Workspace/Projects/RFC-crawlers/RFC-dev/RFC/req/middleware.py", line 168, in _apply_sync
    raise ValueError(f"unexpected status code {repr(status_code)} in response of {repr(item)}")
ValueError: unexpected status code 404 in response of AudioBookAudioPage(1206630)


2024-04-04 01:52:46,391 <requestor-worker-1:1998827, MainThread:140298684229440> (requestor.py:_fetch_single_async:216 -> requestor.py:_handle_error:99) from logger `RFC.requestor_failed`
[ERROR] failed on AudioBookAudioPage(1206635), caught error "['ValueError'] ValueError('unexpected status code 404 in response of AudioBookAudioPage(1206635)')"

2024-04-04 01:52:46,393 <requestor-worker-1:1998827, MainThread:140298684229440> (requestor.py:_fetch_single_async:216 -> requestor.py:_handle_error:100) from logger `RFC.requestor_failed`
[ERROR] Traceback (most recent call last):
  File "/remote-home/qhgao/Workspace/Projects/RFC-crawlers/RFC-dev/RFC/req/requestor.py", line 206, in _fetch_single_async
    result = await middleware.apply_async(item, result, self._session._request_lib, self._session._async_lib)
  File "/remote-home/qhgao/Workspace/Projects/RFC-crawlers/RFC-dev/RFC/req/middleware.py", line 121, in apply_async
    self._handle_error(e, item, result)
  File "/remote-home/qhgao/Workspace/Projects/RFC-crawlers/RFC-dev/RFC/req/middleware.py", line 83, in _handle_error
    raise error
  File "/remote-home/qhgao/Workspace/Projects/RFC-crawlers/RFC-dev/RFC/req/middleware.py", line 114, in apply_async
    _result = await self._apply_async(item, result, request_lib, async_lib)
  File "/remote-home/qhgao/Workspace/Projects/RFC-crawlers/RFC-dev/RFC/req/middleware.py", line 180, in _apply_async
    return self._apply_sync(item, result, request_lib)
  File "/remote-home/qhgao/Workspace/Projects/RFC-crawlers/RFC-dev/RFC/req/middleware.py", line 168, in _apply_sync
    raise ValueError(f"unexpected status code {repr(status_code)} in response of {repr(item)}")
ValueError: unexpected status code 404 in response of AudioBookAudioPage(1206635)


2024-04-04 01:52:48,578 <requestor-worker-1:1998827, MainThread:140298684229440> (requestor.py:_fetch_single_async:216 -> requestor.py:_handle_error:99) from logger `RFC.requestor_failed`
[ERROR] failed on AudioBookAudioPage(1206644), caught error "['ValueError'] ValueError('unexpected status code 404 in response of AudioBookAudioPage(1206644)')"

2024-04-04 01:52:48,580 <requestor-worker-1:1998827, MainThread:140298684229440> (requestor.py:_fetch_single_async:216 -> requestor.py:_handle_error:100) from logger `RFC.requestor_failed`
[ERROR] Traceback (most recent call last):
  File "/remote-home/qhgao/Workspace/Projects/RFC-crawlers/RFC-dev/RFC/req/requestor.py", line 206, in _fetch_single_async
    result = await middleware.apply_async(item, result, self._session._request_lib, self._session._async_lib)
  File "/remote-home/qhgao/Workspace/Projects/RFC-crawlers/RFC-dev/RFC/req/middleware.py", line 121, in apply_async
    self._handle_error(e, item, result)
  File "/remote-home/qhgao/Workspace/Projects/RFC-crawlers/RFC-dev/RFC/req/middleware.py", line 83, in _handle_error
    raise error
  File "/remote-home/qhgao/Workspace/Projects/RFC-crawlers/RFC-dev/RFC/req/middleware.py", line 114, in apply_async
    _result = await self._apply_async(item, result, request_lib, async_lib)
  File "/remote-home/qhgao/Workspace/Projects/RFC-crawlers/RFC-dev/RFC/req/middleware.py", line 180, in _apply_async
    return self._apply_sync(item, result, request_lib)
  File "/remote-home/qhgao/Workspace/Projects/RFC-crawlers/RFC-dev/RFC/req/middleware.py", line 168, in _apply_sync
    raise ValueError(f"unexpected status code {repr(status_code)} in response of {repr(item)}")
ValueError: unexpected status code 404 in response of AudioBookAudioPage(1206644)


2024-04-04 01:52:55,404 <requestor-worker-1:1998827, MainThread:140298684229440> (requestor.py:_fetch_single_async:216 -> requestor.py:_handle_error:99) from logger `RFC.requestor_failed`
[ERROR] failed on AudioBookAudioPage(1206661), caught error "['ValueError'] ValueError('unexpected status code 404 in response of AudioBookAudioPage(1206661)')"

2024-04-04 01:52:55,406 <requestor-worker-1:1998827, MainThread:140298684229440> (requestor.py:_fetch_single_async:216 -> requestor.py:_handle_error:100) from logger `RFC.requestor_failed`
[ERROR] Traceback (most recent call last):
  File "/remote-home/qhgao/Workspace/Projects/RFC-crawlers/RFC-dev/RFC/req/requestor.py", line 206, in _fetch_single_async
    result = await middleware.apply_async(item, result, self._session._request_lib, self._session._async_lib)
  File "/remote-home/qhgao/Workspace/Projects/RFC-crawlers/RFC-dev/RFC/req/middleware.py", line 121, in apply_async
    self._handle_error(e, item, result)
  File "/remote-home/qhgao/Workspace/Projects/RFC-crawlers/RFC-dev/RFC/req/middleware.py", line 83, in _handle_error
    raise error
  File "/remote-home/qhgao/Workspace/Projects/RFC-crawlers/RFC-dev/RFC/req/middleware.py", line 114, in apply_async
    _result = await self._apply_async(item, result, request_lib, async_lib)
  File "/remote-home/qhgao/Workspace/Projects/RFC-crawlers/RFC-dev/RFC/req/middleware.py", line 180, in _apply_async
    return self._apply_sync(item, result, request_lib)
  File "/remote-home/qhgao/Workspace/Projects/RFC-crawlers/RFC-dev/RFC/req/middleware.py", line 168, in _apply_sync
    raise ValueError(f"unexpected status code {repr(status_code)} in response of {repr(item)}")
ValueError: unexpected status code 404 in response of AudioBookAudioPage(1206661)


2024-04-04 01:53:26,299 <requestor-worker-1:1998827, MainThread:140298684229440> (requestor.py:_fetch_single_async:216 -> requestor.py:_handle_error:99) from logger `RFC.requestor_failed`
[ERROR] failed on AudioBookAudioPage(1206678), caught error "['TimeoutError'] TimeoutError()"

2024-04-04 01:53:26,301 <requestor-worker-1:1998827, MainThread:140298684229440> (requestor.py:_fetch_single_async:216 -> requestor.py:_handle_error:100) from logger `RFC.requestor_failed`
[ERROR] Traceback (most recent call last):
  File "/remote-home/qhgao/Workspace/Projects/RFC-crawlers/RFC-dev/RFC/req/requestor.py", line 199, in _fetch_single_async
    resp = await self._session.request(item)
  File "/remote-home/qhgao/Workspace/Projects/RFC-crawlers/RFC-dev/RFC/req/session.py", line 320, in request
    return await self._session.request(**request_args)
  File "/remote-home/qhgao/Workspace/Applications/anaconda3/envs/share_py310/lib/python3.10/site-packages/aiohttp/client.py", line 560, in _request
    await resp.start(conn)
  File "/remote-home/qhgao/Workspace/Applications/anaconda3/envs/share_py310/lib/python3.10/site-packages/aiohttp/client_reqrep.py", line 894, in start
    with self._timer:
  File "/remote-home/qhgao/Workspace/Applications/anaconda3/envs/share_py310/lib/python3.10/site-packages/aiohttp/helpers.py", line 721, in __exit__
    raise asyncio.TimeoutError from None
asyncio.exceptions.TimeoutError


2024-04-04 01:53:30,296 <requestor-worker-1:1998827, MainThread:140298684229440> (requestor.py:_fetch_single_async:216 -> requestor.py:_handle_error:99) from logger `RFC.requestor_failed`
[ERROR] failed on AudioBookAudioPage(1206449).AudioBookAudioFile(1206449), caught error "['TimeoutError'] TimeoutError()"

2024-04-04 01:53:30,299 <requestor-worker-1:1998827, MainThread:140298684229440> (requestor.py:_fetch_single_async:216 -> requestor.py:_handle_error:100) from logger `RFC.requestor_failed`
[ERROR] Traceback (most recent call last):
  File "/remote-home/qhgao/Workspace/Projects/RFC-crawlers/RFC-dev/RFC/req/requestor.py", line 206, in _fetch_single_async
    result = await middleware.apply_async(item, result, self._session._request_lib, self._session._async_lib)
  File "/remote-home/qhgao/Workspace/Projects/RFC-crawlers/RFC-dev/RFC/req/middleware.py", line 121, in apply_async
    self._handle_error(e, item, result)
  File "/remote-home/qhgao/Workspace/Projects/RFC-crawlers/RFC-dev/RFC/req/middleware.py", line 83, in _handle_error
    raise error
  File "/remote-home/qhgao/Workspace/Projects/RFC-crawlers/RFC-dev/RFC/req/middleware.py", line 114, in apply_async
    _result = await self._apply_async(item, result, request_lib, async_lib)
  File "/remote-home/qhgao/Workspace/Projects/RFC-crawlers/RFC-dev/RFC/req/middleware.py", line 316, in _apply_async
    result.content = result.json if 'json' in result else await get_content_async(result.response, request_lib)  # type: ignore
  File "/remote-home/qhgao/Workspace/Projects/RFC-crawlers/RFC-dev/RFC/req/middleware_func.py", line 88, in get_content_async
    return await resp.read()
  File "/remote-home/qhgao/Workspace/Applications/anaconda3/envs/share_py310/lib/python3.10/site-packages/aiohttp/client_reqrep.py", line 1037, in read
    self._body = await self.content.read()
  File "/remote-home/qhgao/Workspace/Applications/anaconda3/envs/share_py310/lib/python3.10/site-packages/aiohttp/streams.py", line 375, in read
    block = await self.readany()
  File "/remote-home/qhgao/Workspace/Applications/anaconda3/envs/share_py310/lib/python3.10/site-packages/aiohttp/streams.py", line 397, in readany
    await self._wait("readany")
  File "/remote-home/qhgao/Workspace/Applications/anaconda3/envs/share_py310/lib/python3.10/site-packages/aiohttp/streams.py", line 303, in _wait
    with self._timer:
  File "/remote-home/qhgao/Workspace/Applications/anaconda3/envs/share_py310/lib/python3.10/site-packages/aiohttp/helpers.py", line 721, in __exit__
    raise asyncio.TimeoutError from None
asyncio.exceptions.TimeoutError


2024-04-04 01:53:32,440 <requestor-worker-1:1998827, MainThread:140298684229440> (requestor.py:_fetch_single_async:216 -> requestor.py:_handle_error:99) from logger `RFC.requestor_failed`
[ERROR] failed on AudioBookAudioPage(1206695), caught error "['ValueError'] ValueError('unexpected status code 404 in response of AudioBookAudioPage(1206695)')"

2024-04-04 01:53:32,441 <requestor-worker-1:1998827, MainThread:140298684229440> (requestor.py:_fetch_single_async:216 -> requestor.py:_handle_error:100) from logger `RFC.requestor_failed`
[ERROR] Traceback (most recent call last):
  File "/remote-home/qhgao/Workspace/Projects/RFC-crawlers/RFC-dev/RFC/req/requestor.py", line 206, in _fetch_single_async
    result = await middleware.apply_async(item, result, self._session._request_lib, self._session._async_lib)
  File "/remote-home/qhgao/Workspace/Projects/RFC-crawlers/RFC-dev/RFC/req/middleware.py", line 121, in apply_async
    self._handle_error(e, item, result)
  File "/remote-home/qhgao/Workspace/Projects/RFC-crawlers/RFC-dev/RFC/req/middleware.py", line 83, in _handle_error
    raise error
  File "/remote-home/qhgao/Workspace/Projects/RFC-crawlers/RFC-dev/RFC/req/middleware.py", line 114, in apply_async
    _result = await self._apply_async(item, result, request_lib, async_lib)
  File "/remote-home/qhgao/Workspace/Projects/RFC-crawlers/RFC-dev/RFC/req/middleware.py", line 180, in _apply_async
    return self._apply_sync(item, result, request_lib)
  File "/remote-home/qhgao/Workspace/Projects/RFC-crawlers/RFC-dev/RFC/req/middleware.py", line 168, in _apply_sync
    raise ValueError(f"unexpected status code {repr(status_code)} in response of {repr(item)}")
ValueError: unexpected status code 404 in response of AudioBookAudioPage(1206695)


2024-04-04 01:53:33,297 <requestor-worker-1:1998827, MainThread:140298684229440> (requestor.py:_fetch_single_async:216 -> requestor.py:_handle_error:99) from logger `RFC.requestor_failed`
[ERROR] failed on AudioBookAudioPage(1206451).AudioBookAudioFile(1206451), caught error "['TimeoutError'] TimeoutError()"

2024-04-04 01:53:33,300 <requestor-worker-1:1998827, MainThread:140298684229440> (requestor.py:_fetch_single_async:216 -> requestor.py:_handle_error:100) from logger `RFC.requestor_failed`
[ERROR] Traceback (most recent call last):
  File "/remote-home/qhgao/Workspace/Projects/RFC-crawlers/RFC-dev/RFC/req/requestor.py", line 206, in _fetch_single_async
    result = await middleware.apply_async(item, result, self._session._request_lib, self._session._async_lib)
  File "/remote-home/qhgao/Workspace/Projects/RFC-crawlers/RFC-dev/RFC/req/middleware.py", line 121, in apply_async
    self._handle_error(e, item, result)
  File "/remote-home/qhgao/Workspace/Projects/RFC-crawlers/RFC-dev/RFC/req/middleware.py", line 83, in _handle_error
    raise error
  File "/remote-home/qhgao/Workspace/Projects/RFC-crawlers/RFC-dev/RFC/req/middleware.py", line 114, in apply_async
    _result = await self._apply_async(item, result, request_lib, async_lib)
  File "/remote-home/qhgao/Workspace/Projects/RFC-crawlers/RFC-dev/RFC/req/middleware.py", line 316, in _apply_async
    result.content = result.json if 'json' in result else await get_content_async(result.response, request_lib)  # type: ignore
  File "/remote-home/qhgao/Workspace/Projects/RFC-crawlers/RFC-dev/RFC/req/middleware_func.py", line 88, in get_content_async
    return await resp.read()
  File "/remote-home/qhgao/Workspace/Applications/anaconda3/envs/share_py310/lib/python3.10/site-packages/aiohttp/client_reqrep.py", line 1037, in read
    self._body = await self.content.read()
  File "/remote-home/qhgao/Workspace/Applications/anaconda3/envs/share_py310/lib/python3.10/site-packages/aiohttp/streams.py", line 375, in read
    block = await self.readany()
  File "/remote-home/qhgao/Workspace/Applications/anaconda3/envs/share_py310/lib/python3.10/site-packages/aiohttp/streams.py", line 397, in readany
    await self._wait("readany")
  File "/remote-home/qhgao/Workspace/Applications/anaconda3/envs/share_py310/lib/python3.10/site-packages/aiohttp/streams.py", line 303, in _wait
    with self._timer:
  File "/remote-home/qhgao/Workspace/Applications/anaconda3/envs/share_py310/lib/python3.10/site-packages/aiohttp/helpers.py", line 721, in __exit__
    raise asyncio.TimeoutError from None
asyncio.exceptions.TimeoutError


2024-04-04 01:53:33,307 <requestor-worker-1:1998827, MainThread:140298684229440> (requestor.py:_fetch_single_async:216 -> requestor.py:_handle_error:99) from logger `RFC.requestor_failed`
[ERROR] failed on AudioBookAudioPage(1206445).AudioBookAudioFile(1206445), caught error "['TimeoutError'] TimeoutError()"

2024-04-04 01:53:33,311 <requestor-worker-1:1998827, MainThread:140298684229440> (requestor.py:_fetch_single_async:216 -> requestor.py:_handle_error:100) from logger `RFC.requestor_failed`
[ERROR] Traceback (most recent call last):
  File "/remote-home/qhgao/Workspace/Projects/RFC-crawlers/RFC-dev/RFC/req/requestor.py", line 206, in _fetch_single_async
    result = await middleware.apply_async(item, result, self._session._request_lib, self._session._async_lib)
  File "/remote-home/qhgao/Workspace/Projects/RFC-crawlers/RFC-dev/RFC/req/middleware.py", line 121, in apply_async
    self._handle_error(e, item, result)
  File "/remote-home/qhgao/Workspace/Projects/RFC-crawlers/RFC-dev/RFC/req/middleware.py", line 83, in _handle_error
    raise error
  File "/remote-home/qhgao/Workspace/Projects/RFC-crawlers/RFC-dev/RFC/req/middleware.py", line 114, in apply_async
    _result = await self._apply_async(item, result, request_lib, async_lib)
  File "/remote-home/qhgao/Workspace/Projects/RFC-crawlers/RFC-dev/RFC/req/middleware.py", line 316, in _apply_async
    result.content = result.json if 'json' in result else await get_content_async(result.response, request_lib)  # type: ignore
  File "/remote-home/qhgao/Workspace/Projects/RFC-crawlers/RFC-dev/RFC/req/middleware_func.py", line 88, in get_content_async
    return await resp.read()
  File "/remote-home/qhgao/Workspace/Applications/anaconda3/envs/share_py310/lib/python3.10/site-packages/aiohttp/client_reqrep.py", line 1037, in read
    self._body = await self.content.read()
  File "/remote-home/qhgao/Workspace/Applications/anaconda3/envs/share_py310/lib/python3.10/site-packages/aiohttp/streams.py", line 375, in read
    block = await self.readany()
  File "/remote-home/qhgao/Workspace/Applications/anaconda3/envs/share_py310/lib/python3.10/site-packages/aiohttp/streams.py", line 397, in readany
    await self._wait("readany")
  File "/remote-home/qhgao/Workspace/Applications/anaconda3/envs/share_py310/lib/python3.10/site-packages/aiohttp/streams.py", line 303, in _wait
    with self._timer:
  File "/remote-home/qhgao/Workspace/Applications/anaconda3/envs/share_py310/lib/python3.10/site-packages/aiohttp/helpers.py", line 721, in __exit__
    raise asyncio.TimeoutError from None
asyncio.exceptions.TimeoutError


2024-04-04 01:53:36,298 <requestor-worker-1:1998827, MainThread:140298684229440> (requestor.py:_fetch_single_async:216 -> requestor.py:_handle_error:99) from logger `RFC.requestor_failed`
[ERROR] failed on AudioBookAudioPage(1206453).AudioBookAudioFile(1206453), caught error "['TimeoutError'] TimeoutError()"

2024-04-04 01:53:36,300 <requestor-worker-1:1998827, MainThread:140298684229440> (requestor.py:_fetch_single_async:216 -> requestor.py:_handle_error:100) from logger `RFC.requestor_failed`
[ERROR] Traceback (most recent call last):
  File "/remote-home/qhgao/Workspace/Projects/RFC-crawlers/RFC-dev/RFC/req/requestor.py", line 206, in _fetch_single_async
    result = await middleware.apply_async(item, result, self._session._request_lib, self._session._async_lib)
  File "/remote-home/qhgao/Workspace/Projects/RFC-crawlers/RFC-dev/RFC/req/middleware.py", line 121, in apply_async
    self._handle_error(e, item, result)
  File "/remote-home/qhgao/Workspace/Projects/RFC-crawlers/RFC-dev/RFC/req/middleware.py", line 83, in _handle_error
    raise error
  File "/remote-home/qhgao/Workspace/Projects/RFC-crawlers/RFC-dev/RFC/req/middleware.py", line 114, in apply_async
    _result = await self._apply_async(item, result, request_lib, async_lib)
  File "/remote-home/qhgao/Workspace/Projects/RFC-crawlers/RFC-dev/RFC/req/middleware.py", line 316, in _apply_async
    result.content = result.json if 'json' in result else await get_content_async(result.response, request_lib)  # type: ignore
  File "/remote-home/qhgao/Workspace/Projects/RFC-crawlers/RFC-dev/RFC/req/middleware_func.py", line 88, in get_content_async
    return await resp.read()
  File "/remote-home/qhgao/Workspace/Applications/anaconda3/envs/share_py310/lib/python3.10/site-packages/aiohttp/client_reqrep.py", line 1037, in read
    self._body = await self.content.read()
  File "/remote-home/qhgao/Workspace/Applications/anaconda3/envs/share_py310/lib/python3.10/site-packages/aiohttp/streams.py", line 375, in read
    block = await self.readany()
  File "/remote-home/qhgao/Workspace/Applications/anaconda3/envs/share_py310/lib/python3.10/site-packages/aiohttp/streams.py", line 397, in readany
    await self._wait("readany")
  File "/remote-home/qhgao/Workspace/Applications/anaconda3/envs/share_py310/lib/python3.10/site-packages/aiohttp/streams.py", line 303, in _wait
    with self._timer:
  File "/remote-home/qhgao/Workspace/Applications/anaconda3/envs/share_py310/lib/python3.10/site-packages/aiohttp/helpers.py", line 721, in __exit__
    raise asyncio.TimeoutError from None
asyncio.exceptions.TimeoutError


2024-04-04 01:53:37,415 <requestor-worker-1:1998827, MainThread:140298684229440> (requestor.py:_fetch_single_async:216 -> requestor.py:_handle_error:99) from logger `RFC.requestor_failed`
[ERROR] failed on AudioBookAudioPage(1206703), caught error "['ValueError'] ValueError('unexpected status code 404 in response of AudioBookAudioPage(1206703)')"

2024-04-04 01:53:37,416 <requestor-worker-1:1998827, MainThread:140298684229440> (requestor.py:_fetch_single_async:216 -> requestor.py:_handle_error:100) from logger `RFC.requestor_failed`
[ERROR] Traceback (most recent call last):
  File "/remote-home/qhgao/Workspace/Projects/RFC-crawlers/RFC-dev/RFC/req/requestor.py", line 206, in _fetch_single_async
    result = await middleware.apply_async(item, result, self._session._request_lib, self._session._async_lib)
  File "/remote-home/qhgao/Workspace/Projects/RFC-crawlers/RFC-dev/RFC/req/middleware.py", line 121, in apply_async
    self._handle_error(e, item, result)
  File "/remote-home/qhgao/Workspace/Projects/RFC-crawlers/RFC-dev/RFC/req/middleware.py", line 83, in _handle_error
    raise error
  File "/remote-home/qhgao/Workspace/Projects/RFC-crawlers/RFC-dev/RFC/req/middleware.py", line 114, in apply_async
    _result = await self._apply_async(item, result, request_lib, async_lib)
  File "/remote-home/qhgao/Workspace/Projects/RFC-crawlers/RFC-dev/RFC/req/middleware.py", line 180, in _apply_async
    return self._apply_sync(item, result, request_lib)
  File "/remote-home/qhgao/Workspace/Projects/RFC-crawlers/RFC-dev/RFC/req/middleware.py", line 168, in _apply_sync
    raise ValueError(f"unexpected status code {repr(status_code)} in response of {repr(item)}")
ValueError: unexpected status code 404 in response of AudioBookAudioPage(1206703)


2024-04-04 01:54:17,299 <requestor-worker-1:1998827, MainThread:140298684229440> (requestor.py:_fetch_single_async:216 -> requestor.py:_handle_error:99) from logger `RFC.requestor_failed`
[ERROR] failed on AudioBookAudioPage(1206499).AudioBookAudioFile(1206499), caught error "['TimeoutError'] TimeoutError()"

2024-04-04 01:54:17,302 <requestor-worker-1:1998827, MainThread:140298684229440> (requestor.py:_fetch_single_async:216 -> requestor.py:_handle_error:100) from logger `RFC.requestor_failed`
[ERROR] Traceback (most recent call last):
  File "/remote-home/qhgao/Workspace/Projects/RFC-crawlers/RFC-dev/RFC/req/requestor.py", line 206, in _fetch_single_async
    result = await middleware.apply_async(item, result, self._session._request_lib, self._session._async_lib)
  File "/remote-home/qhgao/Workspace/Projects/RFC-crawlers/RFC-dev/RFC/req/middleware.py", line 121, in apply_async
    self._handle_error(e, item, result)
  File "/remote-home/qhgao/Workspace/Projects/RFC-crawlers/RFC-dev/RFC/req/middleware.py", line 83, in _handle_error
    raise error
  File "/remote-home/qhgao/Workspace/Projects/RFC-crawlers/RFC-dev/RFC/req/middleware.py", line 114, in apply_async
    _result = await self._apply_async(item, result, request_lib, async_lib)
  File "/remote-home/qhgao/Workspace/Projects/RFC-crawlers/RFC-dev/RFC/req/middleware.py", line 316, in _apply_async
    result.content = result.json if 'json' in result else await get_content_async(result.response, request_lib)  # type: ignore
  File "/remote-home/qhgao/Workspace/Projects/RFC-crawlers/RFC-dev/RFC/req/middleware_func.py", line 88, in get_content_async
    return await resp.read()
  File "/remote-home/qhgao/Workspace/Applications/anaconda3/envs/share_py310/lib/python3.10/site-packages/aiohttp/client_reqrep.py", line 1037, in read
    self._body = await self.content.read()
  File "/remote-home/qhgao/Workspace/Applications/anaconda3/envs/share_py310/lib/python3.10/site-packages/aiohttp/streams.py", line 375, in read
    block = await self.readany()
  File "/remote-home/qhgao/Workspace/Applications/anaconda3/envs/share_py310/lib/python3.10/site-packages/aiohttp/streams.py", line 397, in readany
    await self._wait("readany")
  File "/remote-home/qhgao/Workspace/Applications/anaconda3/envs/share_py310/lib/python3.10/site-packages/aiohttp/streams.py", line 303, in _wait
    with self._timer:
  File "/remote-home/qhgao/Workspace/Applications/anaconda3/envs/share_py310/lib/python3.10/site-packages/aiohttp/helpers.py", line 721, in __exit__
    raise asyncio.TimeoutError from None
asyncio.exceptions.TimeoutError


2024-04-04 01:54:38,300 <requestor-worker-1:1998827, MainThread:140298684229440> (requestor.py:_fetch_single_async:216 -> requestor.py:_handle_error:99) from logger `RFC.requestor_failed`
[ERROR] failed on AudioBookAudioPage(1206726), caught error "['TimeoutError'] TimeoutError()"

2024-04-04 01:54:38,301 <requestor-worker-1:1998827, MainThread:140298684229440> (requestor.py:_fetch_single_async:216 -> requestor.py:_handle_error:100) from logger `RFC.requestor_failed`
[ERROR] Traceback (most recent call last):
  File "/remote-home/qhgao/Workspace/Projects/RFC-crawlers/RFC-dev/RFC/req/requestor.py", line 206, in _fetch_single_async
    result = await middleware.apply_async(item, result, self._session._request_lib, self._session._async_lib)
  File "/remote-home/qhgao/Workspace/Projects/RFC-crawlers/RFC-dev/RFC/req/middleware.py", line 121, in apply_async
    self._handle_error(e, item, result)
  File "/remote-home/qhgao/Workspace/Projects/RFC-crawlers/RFC-dev/RFC/req/middleware.py", line 83, in _handle_error
    raise error
  File "/remote-home/qhgao/Workspace/Projects/RFC-crawlers/RFC-dev/RFC/req/middleware.py", line 114, in apply_async
    _result = await self._apply_async(item, result, request_lib, async_lib)
  File "/remote-home/qhgao/Workspace/Projects/RFC-crawlers/RFC-dev/RFC/req/middleware.py", line 316, in _apply_async
    result.content = result.json if 'json' in result else await get_content_async(result.response, request_lib)  # type: ignore
  File "/remote-home/qhgao/Workspace/Projects/RFC-crawlers/RFC-dev/RFC/req/middleware_func.py", line 88, in get_content_async
    return await resp.read()
  File "/remote-home/qhgao/Workspace/Applications/anaconda3/envs/share_py310/lib/python3.10/site-packages/aiohttp/client_reqrep.py", line 1037, in read
    self._body = await self.content.read()
  File "/remote-home/qhgao/Workspace/Applications/anaconda3/envs/share_py310/lib/python3.10/site-packages/aiohttp/streams.py", line 375, in read
    block = await self.readany()
  File "/remote-home/qhgao/Workspace/Applications/anaconda3/envs/share_py310/lib/python3.10/site-packages/aiohttp/streams.py", line 397, in readany
    await self._wait("readany")
  File "/remote-home/qhgao/Workspace/Applications/anaconda3/envs/share_py310/lib/python3.10/site-packages/aiohttp/streams.py", line 303, in _wait
    with self._timer:
  File "/remote-home/qhgao/Workspace/Applications/anaconda3/envs/share_py310/lib/python3.10/site-packages/aiohttp/helpers.py", line 721, in __exit__
    raise asyncio.TimeoutError from None
asyncio.exceptions.TimeoutError


2024-04-04 01:56:31,300 <requestor-worker-1:1998827, MainThread:140298684229440> (requestor.py:_fetch_single_async:216 -> requestor.py:_handle_error:99) from logger `RFC.requestor_failed`
[ERROR] failed on AudioBookAudioPage(1206601).AudioBookAudioFile(1206601), caught error "['TimeoutError'] TimeoutError()"

2024-04-04 01:56:31,302 <requestor-worker-1:1998827, MainThread:140298684229440> (requestor.py:_fetch_single_async:216 -> requestor.py:_handle_error:100) from logger `RFC.requestor_failed`
[ERROR] Traceback (most recent call last):
  File "/remote-home/qhgao/Workspace/Projects/RFC-crawlers/RFC-dev/RFC/req/requestor.py", line 206, in _fetch_single_async
    result = await middleware.apply_async(item, result, self._session._request_lib, self._session._async_lib)
  File "/remote-home/qhgao/Workspace/Projects/RFC-crawlers/RFC-dev/RFC/req/middleware.py", line 121, in apply_async
    self._handle_error(e, item, result)
  File "/remote-home/qhgao/Workspace/Projects/RFC-crawlers/RFC-dev/RFC/req/middleware.py", line 83, in _handle_error
    raise error
  File "/remote-home/qhgao/Workspace/Projects/RFC-crawlers/RFC-dev/RFC/req/middleware.py", line 114, in apply_async
    _result = await self._apply_async(item, result, request_lib, async_lib)
  File "/remote-home/qhgao/Workspace/Projects/RFC-crawlers/RFC-dev/RFC/req/middleware.py", line 316, in _apply_async
    result.content = result.json if 'json' in result else await get_content_async(result.response, request_lib)  # type: ignore
  File "/remote-home/qhgao/Workspace/Projects/RFC-crawlers/RFC-dev/RFC/req/middleware_func.py", line 88, in get_content_async
    return await resp.read()
  File "/remote-home/qhgao/Workspace/Applications/anaconda3/envs/share_py310/lib/python3.10/site-packages/aiohttp/client_reqrep.py", line 1037, in read
    self._body = await self.content.read()
  File "/remote-home/qhgao/Workspace/Applications/anaconda3/envs/share_py310/lib/python3.10/site-packages/aiohttp/streams.py", line 375, in read
    block = await self.readany()
  File "/remote-home/qhgao/Workspace/Applications/anaconda3/envs/share_py310/lib/python3.10/site-packages/aiohttp/streams.py", line 397, in readany
    await self._wait("readany")
  File "/remote-home/qhgao/Workspace/Applications/anaconda3/envs/share_py310/lib/python3.10/site-packages/aiohttp/streams.py", line 303, in _wait
    with self._timer:
  File "/remote-home/qhgao/Workspace/Applications/anaconda3/envs/share_py310/lib/python3.10/site-packages/aiohttp/helpers.py", line 721, in __exit__
    raise asyncio.TimeoutError from None
asyncio.exceptions.TimeoutError


2024-04-04 01:56:34,696 <requestor-worker-1:1998827, MainThread:140298684229440> (requestor.py:_fetch_single_async:216 -> requestor.py:_handle_error:99) from logger `RFC.requestor_failed`
[ERROR] failed on AudioBookAudioPage(1206817), caught error "['ValueError'] ValueError('unexpected status code 404 in response of AudioBookAudioPage(1206817)')"

2024-04-04 01:56:34,699 <requestor-worker-1:1998827, MainThread:140298684229440> (requestor.py:_fetch_single_async:216 -> requestor.py:_handle_error:100) from logger `RFC.requestor_failed`
[ERROR] Traceback (most recent call last):
  File "/remote-home/qhgao/Workspace/Projects/RFC-crawlers/RFC-dev/RFC/req/requestor.py", line 206, in _fetch_single_async
    result = await middleware.apply_async(item, result, self._session._request_lib, self._session._async_lib)
  File "/remote-home/qhgao/Workspace/Projects/RFC-crawlers/RFC-dev/RFC/req/middleware.py", line 121, in apply_async
    self._handle_error(e, item, result)
  File "/remote-home/qhgao/Workspace/Projects/RFC-crawlers/RFC-dev/RFC/req/middleware.py", line 83, in _handle_error
    raise error
  File "/remote-home/qhgao/Workspace/Projects/RFC-crawlers/RFC-dev/RFC/req/middleware.py", line 114, in apply_async
    _result = await self._apply_async(item, result, request_lib, async_lib)
  File "/remote-home/qhgao/Workspace/Projects/RFC-crawlers/RFC-dev/RFC/req/middleware.py", line 180, in _apply_async
    return self._apply_sync(item, result, request_lib)
  File "/remote-home/qhgao/Workspace/Projects/RFC-crawlers/RFC-dev/RFC/req/middleware.py", line 168, in _apply_sync
    raise ValueError(f"unexpected status code {repr(status_code)} in response of {repr(item)}")
ValueError: unexpected status code 404 in response of AudioBookAudioPage(1206817)


2024-04-04 01:56:34,745 <requestor-worker-1:1998827, MainThread:140298684229440> (requestor.py:_fetch_single_async:216 -> requestor.py:_handle_error:99) from logger `RFC.requestor_failed`
[ERROR] failed on AudioBookAudioPage(1206816), caught error "['ValueError'] ValueError('unexpected status code 404 in response of AudioBookAudioPage(1206816)')"

2024-04-04 01:56:34,748 <requestor-worker-1:1998827, MainThread:140298684229440> (requestor.py:_fetch_single_async:216 -> requestor.py:_handle_error:100) from logger `RFC.requestor_failed`
[ERROR] Traceback (most recent call last):
  File "/remote-home/qhgao/Workspace/Projects/RFC-crawlers/RFC-dev/RFC/req/requestor.py", line 206, in _fetch_single_async
    result = await middleware.apply_async(item, result, self._session._request_lib, self._session._async_lib)
  File "/remote-home/qhgao/Workspace/Projects/RFC-crawlers/RFC-dev/RFC/req/middleware.py", line 121, in apply_async
    self._handle_error(e, item, result)
  File "/remote-home/qhgao/Workspace/Projects/RFC-crawlers/RFC-dev/RFC/req/middleware.py", line 83, in _handle_error
    raise error
  File "/remote-home/qhgao/Workspace/Projects/RFC-crawlers/RFC-dev/RFC/req/middleware.py", line 114, in apply_async
    _result = await self._apply_async(item, result, request_lib, async_lib)
  File "/remote-home/qhgao/Workspace/Projects/RFC-crawlers/RFC-dev/RFC/req/middleware.py", line 180, in _apply_async
    return self._apply_sync(item, result, request_lib)
  File "/remote-home/qhgao/Workspace/Projects/RFC-crawlers/RFC-dev/RFC/req/middleware.py", line 168, in _apply_sync
    raise ValueError(f"unexpected status code {repr(status_code)} in response of {repr(item)}")
ValueError: unexpected status code 404 in response of AudioBookAudioPage(1206816)


2024-04-04 01:56:34,992 <requestor-worker-1:1998827, MainThread:140298684229440> (requestor.py:_fetch_single_async:216 -> requestor.py:_handle_error:99) from logger `RFC.requestor_failed`
[ERROR] failed on AudioBookAudioPage(1206819), caught error "['ValueError'] ValueError('unexpected status code 404 in response of AudioBookAudioPage(1206819)')"

2024-04-04 01:56:34,994 <requestor-worker-1:1998827, MainThread:140298684229440> (requestor.py:_fetch_single_async:216 -> requestor.py:_handle_error:100) from logger `RFC.requestor_failed`
[ERROR] Traceback (most recent call last):
  File "/remote-home/qhgao/Workspace/Projects/RFC-crawlers/RFC-dev/RFC/req/requestor.py", line 206, in _fetch_single_async
    result = await middleware.apply_async(item, result, self._session._request_lib, self._session._async_lib)
  File "/remote-home/qhgao/Workspace/Projects/RFC-crawlers/RFC-dev/RFC/req/middleware.py", line 121, in apply_async
    self._handle_error(e, item, result)
  File "/remote-home/qhgao/Workspace/Projects/RFC-crawlers/RFC-dev/RFC/req/middleware.py", line 83, in _handle_error
    raise error
  File "/remote-home/qhgao/Workspace/Projects/RFC-crawlers/RFC-dev/RFC/req/middleware.py", line 114, in apply_async
    _result = await self._apply_async(item, result, request_lib, async_lib)
  File "/remote-home/qhgao/Workspace/Projects/RFC-crawlers/RFC-dev/RFC/req/middleware.py", line 180, in _apply_async
    return self._apply_sync(item, result, request_lib)
  File "/remote-home/qhgao/Workspace/Projects/RFC-crawlers/RFC-dev/RFC/req/middleware.py", line 168, in _apply_sync
    raise ValueError(f"unexpected status code {repr(status_code)} in response of {repr(item)}")
ValueError: unexpected status code 404 in response of AudioBookAudioPage(1206819)


2024-04-04 01:56:35,067 <requestor-worker-1:1998827, MainThread:140298684229440> (requestor.py:_fetch_single_async:216 -> requestor.py:_handle_error:99) from logger `RFC.requestor_failed`
[ERROR] failed on AudioBookAudioPage(1206820), caught error "['ValueError'] ValueError('unexpected status code 404 in response of AudioBookAudioPage(1206820)')"

2024-04-04 01:56:35,068 <requestor-worker-1:1998827, MainThread:140298684229440> (requestor.py:_fetch_single_async:216 -> requestor.py:_handle_error:100) from logger `RFC.requestor_failed`
[ERROR] Traceback (most recent call last):
  File "/remote-home/qhgao/Workspace/Projects/RFC-crawlers/RFC-dev/RFC/req/requestor.py", line 206, in _fetch_single_async
    result = await middleware.apply_async(item, result, self._session._request_lib, self._session._async_lib)
  File "/remote-home/qhgao/Workspace/Projects/RFC-crawlers/RFC-dev/RFC/req/middleware.py", line 121, in apply_async
    self._handle_error(e, item, result)
  File "/remote-home/qhgao/Workspace/Projects/RFC-crawlers/RFC-dev/RFC/req/middleware.py", line 83, in _handle_error
    raise error
  File "/remote-home/qhgao/Workspace/Projects/RFC-crawlers/RFC-dev/RFC/req/middleware.py", line 114, in apply_async
    _result = await self._apply_async(item, result, request_lib, async_lib)
  File "/remote-home/qhgao/Workspace/Projects/RFC-crawlers/RFC-dev/RFC/req/middleware.py", line 180, in _apply_async
    return self._apply_sync(item, result, request_lib)
  File "/remote-home/qhgao/Workspace/Projects/RFC-crawlers/RFC-dev/RFC/req/middleware.py", line 168, in _apply_sync
    raise ValueError(f"unexpected status code {repr(status_code)} in response of {repr(item)}")
ValueError: unexpected status code 404 in response of AudioBookAudioPage(1206820)


2024-04-04 01:56:35,349 <requestor-worker-1:1998827, MainThread:140298684229440> (requestor.py:_fetch_single_async:216 -> requestor.py:_handle_error:99) from logger `RFC.requestor_failed`
[ERROR] failed on AudioBookAudioPage(1206822), caught error "['ValueError'] ValueError('unexpected status code 404 in response of AudioBookAudioPage(1206822)')"

2024-04-04 01:56:35,350 <requestor-worker-1:1998827, MainThread:140298684229440> (requestor.py:_fetch_single_async:216 -> requestor.py:_handle_error:100) from logger `RFC.requestor_failed`
[ERROR] Traceback (most recent call last):
  File "/remote-home/qhgao/Workspace/Projects/RFC-crawlers/RFC-dev/RFC/req/requestor.py", line 206, in _fetch_single_async
    result = await middleware.apply_async(item, result, self._session._request_lib, self._session._async_lib)
  File "/remote-home/qhgao/Workspace/Projects/RFC-crawlers/RFC-dev/RFC/req/middleware.py", line 121, in apply_async
    self._handle_error(e, item, result)
  File "/remote-home/qhgao/Workspace/Projects/RFC-crawlers/RFC-dev/RFC/req/middleware.py", line 83, in _handle_error
    raise error
  File "/remote-home/qhgao/Workspace/Projects/RFC-crawlers/RFC-dev/RFC/req/middleware.py", line 114, in apply_async
    _result = await self._apply_async(item, result, request_lib, async_lib)
  File "/remote-home/qhgao/Workspace/Projects/RFC-crawlers/RFC-dev/RFC/req/middleware.py", line 180, in _apply_async
    return self._apply_sync(item, result, request_lib)
  File "/remote-home/qhgao/Workspace/Projects/RFC-crawlers/RFC-dev/RFC/req/middleware.py", line 168, in _apply_sync
    raise ValueError(f"unexpected status code {repr(status_code)} in response of {repr(item)}")
ValueError: unexpected status code 404 in response of AudioBookAudioPage(1206822)


2024-04-04 01:57:02,297 <requestor-worker-1:1998827, MainThread:140298684229440> (requestor.py:_fetch_single_async:216 -> requestor.py:_handle_error:99) from logger `RFC.requestor_failed`
[ERROR] failed on AudioBookAudioPage(1206662).AudioBookAudioFile(1206662), caught error "['TimeoutError'] TimeoutError()"

2024-04-04 01:57:02,300 <requestor-worker-1:1998827, MainThread:140298684229440> (requestor.py:_fetch_single_async:216 -> requestor.py:_handle_error:100) from logger `RFC.requestor_failed`
[ERROR] Traceback (most recent call last):
  File "/remote-home/qhgao/Workspace/Projects/RFC-crawlers/RFC-dev/RFC/req/requestor.py", line 206, in _fetch_single_async
    result = await middleware.apply_async(item, result, self._session._request_lib, self._session._async_lib)
  File "/remote-home/qhgao/Workspace/Projects/RFC-crawlers/RFC-dev/RFC/req/middleware.py", line 121, in apply_async
    self._handle_error(e, item, result)
  File "/remote-home/qhgao/Workspace/Projects/RFC-crawlers/RFC-dev/RFC/req/middleware.py", line 83, in _handle_error
    raise error
  File "/remote-home/qhgao/Workspace/Projects/RFC-crawlers/RFC-dev/RFC/req/middleware.py", line 114, in apply_async
    _result = await self._apply_async(item, result, request_lib, async_lib)
  File "/remote-home/qhgao/Workspace/Projects/RFC-crawlers/RFC-dev/RFC/req/middleware.py", line 316, in _apply_async
    result.content = result.json if 'json' in result else await get_content_async(result.response, request_lib)  # type: ignore
  File "/remote-home/qhgao/Workspace/Projects/RFC-crawlers/RFC-dev/RFC/req/middleware_func.py", line 88, in get_content_async
    return await resp.read()
  File "/remote-home/qhgao/Workspace/Applications/anaconda3/envs/share_py310/lib/python3.10/site-packages/aiohttp/client_reqrep.py", line 1037, in read
    self._body = await self.content.read()
  File "/remote-home/qhgao/Workspace/Applications/anaconda3/envs/share_py310/lib/python3.10/site-packages/aiohttp/streams.py", line 375, in read
    block = await self.readany()
  File "/remote-home/qhgao/Workspace/Applications/anaconda3/envs/share_py310/lib/python3.10/site-packages/aiohttp/streams.py", line 397, in readany
    await self._wait("readany")
  File "/remote-home/qhgao/Workspace/Applications/anaconda3/envs/share_py310/lib/python3.10/site-packages/aiohttp/streams.py", line 303, in _wait
    with self._timer:
  File "/remote-home/qhgao/Workspace/Applications/anaconda3/envs/share_py310/lib/python3.10/site-packages/aiohttp/helpers.py", line 721, in __exit__
    raise asyncio.TimeoutError from None
asyncio.exceptions.TimeoutError


2024-04-04 01:57:04,323 <requestor-worker-1:1998827, MainThread:140298684229440> (requestor.py:_fetch_single_async:216 -> requestor.py:_handle_error:99) from logger `RFC.requestor_failed`
[ERROR] failed on AudioBookAudioPage(1206666).AudioBookAudioFile(1206666), caught error "['TimeoutError'] TimeoutError()"

2024-04-04 01:57:04,326 <requestor-worker-1:1998827, MainThread:140298684229440> (requestor.py:_fetch_single_async:216 -> requestor.py:_handle_error:100) from logger `RFC.requestor_failed`
[ERROR] Traceback (most recent call last):
  File "/remote-home/qhgao/Workspace/Projects/RFC-crawlers/RFC-dev/RFC/req/requestor.py", line 206, in _fetch_single_async
    result = await middleware.apply_async(item, result, self._session._request_lib, self._session._async_lib)
  File "/remote-home/qhgao/Workspace/Projects/RFC-crawlers/RFC-dev/RFC/req/middleware.py", line 121, in apply_async
    self._handle_error(e, item, result)
  File "/remote-home/qhgao/Workspace/Projects/RFC-crawlers/RFC-dev/RFC/req/middleware.py", line 83, in _handle_error
    raise error
  File "/remote-home/qhgao/Workspace/Projects/RFC-crawlers/RFC-dev/RFC/req/middleware.py", line 114, in apply_async
    _result = await self._apply_async(item, result, request_lib, async_lib)
  File "/remote-home/qhgao/Workspace/Projects/RFC-crawlers/RFC-dev/RFC/req/middleware.py", line 316, in _apply_async
    result.content = result.json if 'json' in result else await get_content_async(result.response, request_lib)  # type: ignore
  File "/remote-home/qhgao/Workspace/Projects/RFC-crawlers/RFC-dev/RFC/req/middleware_func.py", line 88, in get_content_async
    return await resp.read()
  File "/remote-home/qhgao/Workspace/Applications/anaconda3/envs/share_py310/lib/python3.10/site-packages/aiohttp/client_reqrep.py", line 1037, in read
    self._body = await self.content.read()
  File "/remote-home/qhgao/Workspace/Applications/anaconda3/envs/share_py310/lib/python3.10/site-packages/aiohttp/streams.py", line 375, in read
    block = await self.readany()
  File "/remote-home/qhgao/Workspace/Applications/anaconda3/envs/share_py310/lib/python3.10/site-packages/aiohttp/streams.py", line 397, in readany
    await self._wait("readany")
  File "/remote-home/qhgao/Workspace/Applications/anaconda3/envs/share_py310/lib/python3.10/site-packages/aiohttp/streams.py", line 303, in _wait
    with self._timer:
  File "/remote-home/qhgao/Workspace/Applications/anaconda3/envs/share_py310/lib/python3.10/site-packages/aiohttp/helpers.py", line 721, in __exit__
    raise asyncio.TimeoutError from None
asyncio.exceptions.TimeoutError


2024-04-04 01:57:05,294 <requestor-worker-1:1998827, MainThread:140298684229440> (requestor.py:_fetch_single_async:216 -> requestor.py:_handle_error:99) from logger `RFC.requestor_failed`
[ERROR] failed on AudioBookAudioPage(1206664).AudioBookAudioFile(1206664), caught error "['TimeoutError'] TimeoutError()"

2024-04-04 01:57:05,296 <requestor-worker-1:1998827, MainThread:140298684229440> (requestor.py:_fetch_single_async:216 -> requestor.py:_handle_error:100) from logger `RFC.requestor_failed`
[ERROR] Traceback (most recent call last):
  File "/remote-home/qhgao/Workspace/Projects/RFC-crawlers/RFC-dev/RFC/req/requestor.py", line 206, in _fetch_single_async
    result = await middleware.apply_async(item, result, self._session._request_lib, self._session._async_lib)
  File "/remote-home/qhgao/Workspace/Projects/RFC-crawlers/RFC-dev/RFC/req/middleware.py", line 121, in apply_async
    self._handle_error(e, item, result)
  File "/remote-home/qhgao/Workspace/Projects/RFC-crawlers/RFC-dev/RFC/req/middleware.py", line 83, in _handle_error
    raise error
  File "/remote-home/qhgao/Workspace/Projects/RFC-crawlers/RFC-dev/RFC/req/middleware.py", line 114, in apply_async
    _result = await self._apply_async(item, result, request_lib, async_lib)
  File "/remote-home/qhgao/Workspace/Projects/RFC-crawlers/RFC-dev/RFC/req/middleware.py", line 316, in _apply_async
    result.content = result.json if 'json' in result else await get_content_async(result.response, request_lib)  # type: ignore
  File "/remote-home/qhgao/Workspace/Projects/RFC-crawlers/RFC-dev/RFC/req/middleware_func.py", line 88, in get_content_async
    return await resp.read()
  File "/remote-home/qhgao/Workspace/Applications/anaconda3/envs/share_py310/lib/python3.10/site-packages/aiohttp/client_reqrep.py", line 1037, in read
    self._body = await self.content.read()
  File "/remote-home/qhgao/Workspace/Applications/anaconda3/envs/share_py310/lib/python3.10/site-packages/aiohttp/streams.py", line 375, in read
    block = await self.readany()
  File "/remote-home/qhgao/Workspace/Applications/anaconda3/envs/share_py310/lib/python3.10/site-packages/aiohttp/streams.py", line 397, in readany
    await self._wait("readany")
  File "/remote-home/qhgao/Workspace/Applications/anaconda3/envs/share_py310/lib/python3.10/site-packages/aiohttp/streams.py", line 303, in _wait
    with self._timer:
  File "/remote-home/qhgao/Workspace/Applications/anaconda3/envs/share_py310/lib/python3.10/site-packages/aiohttp/helpers.py", line 721, in __exit__
    raise asyncio.TimeoutError from None
asyncio.exceptions.TimeoutError


2024-04-04 01:57:12,800 <requestor-worker-1:1998827, MainThread:140298684229440> (requestor.py:_fetch_single_async:216 -> requestor.py:_handle_error:99) from logger `RFC.requestor_failed`
[ERROR] failed on AudioBookAudioPage(1206839), caught error "['ValueError'] ValueError('unexpected status code 404 in response of AudioBookAudioPage(1206839)')"

2024-04-04 01:57:12,801 <requestor-worker-1:1998827, MainThread:140298684229440> (requestor.py:_fetch_single_async:216 -> requestor.py:_handle_error:100) from logger `RFC.requestor_failed`
[ERROR] Traceback (most recent call last):
  File "/remote-home/qhgao/Workspace/Projects/RFC-crawlers/RFC-dev/RFC/req/requestor.py", line 206, in _fetch_single_async
    result = await middleware.apply_async(item, result, self._session._request_lib, self._session._async_lib)
  File "/remote-home/qhgao/Workspace/Projects/RFC-crawlers/RFC-dev/RFC/req/middleware.py", line 121, in apply_async
    self._handle_error(e, item, result)
  File "/remote-home/qhgao/Workspace/Projects/RFC-crawlers/RFC-dev/RFC/req/middleware.py", line 83, in _handle_error
    raise error
  File "/remote-home/qhgao/Workspace/Projects/RFC-crawlers/RFC-dev/RFC/req/middleware.py", line 114, in apply_async
    _result = await self._apply_async(item, result, request_lib, async_lib)
  File "/remote-home/qhgao/Workspace/Projects/RFC-crawlers/RFC-dev/RFC/req/middleware.py", line 180, in _apply_async
    return self._apply_sync(item, result, request_lib)
  File "/remote-home/qhgao/Workspace/Projects/RFC-crawlers/RFC-dev/RFC/req/middleware.py", line 168, in _apply_sync
    raise ValueError(f"unexpected status code {repr(status_code)} in response of {repr(item)}")
ValueError: unexpected status code 404 in response of AudioBookAudioPage(1206839)


2024-04-04 01:57:34,301 <requestor-worker-1:1998827, MainThread:140298684229440> (requestor.py:_fetch_single_async:216 -> requestor.py:_handle_error:99) from logger `RFC.requestor_failed`
[ERROR] failed on AudioBookAudioPage(1206692).AudioBookAudioFile(1206692), caught error "['TimeoutError'] TimeoutError()"

2024-04-04 01:57:34,302 <requestor-worker-1:1998827, MainThread:140298684229440> (requestor.py:_fetch_single_async:216 -> requestor.py:_handle_error:100) from logger `RFC.requestor_failed`
[ERROR] Traceback (most recent call last):
  File "/remote-home/qhgao/Workspace/Projects/RFC-crawlers/RFC-dev/RFC/req/requestor.py", line 206, in _fetch_single_async
    result = await middleware.apply_async(item, result, self._session._request_lib, self._session._async_lib)
  File "/remote-home/qhgao/Workspace/Projects/RFC-crawlers/RFC-dev/RFC/req/middleware.py", line 121, in apply_async
    self._handle_error(e, item, result)
  File "/remote-home/qhgao/Workspace/Projects/RFC-crawlers/RFC-dev/RFC/req/middleware.py", line 83, in _handle_error
    raise error
  File "/remote-home/qhgao/Workspace/Projects/RFC-crawlers/RFC-dev/RFC/req/middleware.py", line 114, in apply_async
    _result = await self._apply_async(item, result, request_lib, async_lib)
  File "/remote-home/qhgao/Workspace/Projects/RFC-crawlers/RFC-dev/RFC/req/middleware.py", line 316, in _apply_async
    result.content = result.json if 'json' in result else await get_content_async(result.response, request_lib)  # type: ignore
  File "/remote-home/qhgao/Workspace/Projects/RFC-crawlers/RFC-dev/RFC/req/middleware_func.py", line 88, in get_content_async
    return await resp.read()
  File "/remote-home/qhgao/Workspace/Applications/anaconda3/envs/share_py310/lib/python3.10/site-packages/aiohttp/client_reqrep.py", line 1037, in read
    self._body = await self.content.read()
  File "/remote-home/qhgao/Workspace/Applications/anaconda3/envs/share_py310/lib/python3.10/site-packages/aiohttp/streams.py", line 375, in read
    block = await self.readany()
  File "/remote-home/qhgao/Workspace/Applications/anaconda3/envs/share_py310/lib/python3.10/site-packages/aiohttp/streams.py", line 397, in readany
    await self._wait("readany")
  File "/remote-home/qhgao/Workspace/Applications/anaconda3/envs/share_py310/lib/python3.10/site-packages/aiohttp/streams.py", line 303, in _wait
    with self._timer:
  File "/remote-home/qhgao/Workspace/Applications/anaconda3/envs/share_py310/lib/python3.10/site-packages/aiohttp/helpers.py", line 721, in __exit__
    raise asyncio.TimeoutError from None
asyncio.exceptions.TimeoutError


2024-04-04 01:57:43,439 <requestor-worker-1:1998827, MainThread:140298684229440> (requestor.py:_fetch_single_async:216 -> requestor.py:_handle_error:99) from logger `RFC.requestor_failed`
[ERROR] failed on AudioBookAudioPage(1206704).AudioBookAudioFile(1206704), caught error "['TimeoutError'] TimeoutError()"

2024-04-04 01:57:43,447 <requestor-worker-1:1998827, MainThread:140298684229440> (requestor.py:_fetch_single_async:216 -> requestor.py:_handle_error:100) from logger `RFC.requestor_failed`
[ERROR] Traceback (most recent call last):
  File "/remote-home/qhgao/Workspace/Projects/RFC-crawlers/RFC-dev/RFC/req/requestor.py", line 206, in _fetch_single_async
    result = await middleware.apply_async(item, result, self._session._request_lib, self._session._async_lib)
  File "/remote-home/qhgao/Workspace/Projects/RFC-crawlers/RFC-dev/RFC/req/middleware.py", line 121, in apply_async
    self._handle_error(e, item, result)
  File "/remote-home/qhgao/Workspace/Projects/RFC-crawlers/RFC-dev/RFC/req/middleware.py", line 83, in _handle_error
    raise error
  File "/remote-home/qhgao/Workspace/Projects/RFC-crawlers/RFC-dev/RFC/req/middleware.py", line 114, in apply_async
    _result = await self._apply_async(item, result, request_lib, async_lib)
  File "/remote-home/qhgao/Workspace/Projects/RFC-crawlers/RFC-dev/RFC/req/middleware.py", line 316, in _apply_async
    result.content = result.json if 'json' in result else await get_content_async(result.response, request_lib)  # type: ignore
  File "/remote-home/qhgao/Workspace/Projects/RFC-crawlers/RFC-dev/RFC/req/middleware_func.py", line 88, in get_content_async
    return await resp.read()
  File "/remote-home/qhgao/Workspace/Applications/anaconda3/envs/share_py310/lib/python3.10/site-packages/aiohttp/client_reqrep.py", line 1037, in read
    self._body = await self.content.read()
  File "/remote-home/qhgao/Workspace/Applications/anaconda3/envs/share_py310/lib/python3.10/site-packages/aiohttp/streams.py", line 375, in read
    block = await self.readany()
  File "/remote-home/qhgao/Workspace/Applications/anaconda3/envs/share_py310/lib/python3.10/site-packages/aiohttp/streams.py", line 397, in readany
    await self._wait("readany")
  File "/remote-home/qhgao/Workspace/Applications/anaconda3/envs/share_py310/lib/python3.10/site-packages/aiohttp/streams.py", line 303, in _wait
    with self._timer:
  File "/remote-home/qhgao/Workspace/Applications/anaconda3/envs/share_py310/lib/python3.10/site-packages/aiohttp/helpers.py", line 721, in __exit__
    raise asyncio.TimeoutError from None
asyncio.exceptions.TimeoutError


2024-04-04 01:57:44,318 <requestor-worker-1:1998827, MainThread:140298684229440> (requestor.py:_fetch_single_async:216 -> requestor.py:_handle_error:99) from logger `RFC.requestor_failed`
[ERROR] failed on AudioBookAudioPage(1206706).AudioBookAudioFile(1206706), caught error "['TimeoutError'] TimeoutError()"

2024-04-04 01:57:44,320 <requestor-worker-1:1998827, MainThread:140298684229440> (requestor.py:_fetch_single_async:216 -> requestor.py:_handle_error:100) from logger `RFC.requestor_failed`
[ERROR] Traceback (most recent call last):
  File "/remote-home/qhgao/Workspace/Projects/RFC-crawlers/RFC-dev/RFC/req/requestor.py", line 206, in _fetch_single_async
    result = await middleware.apply_async(item, result, self._session._request_lib, self._session._async_lib)
  File "/remote-home/qhgao/Workspace/Projects/RFC-crawlers/RFC-dev/RFC/req/middleware.py", line 121, in apply_async
    self._handle_error(e, item, result)
  File "/remote-home/qhgao/Workspace/Projects/RFC-crawlers/RFC-dev/RFC/req/middleware.py", line 83, in _handle_error
    raise error
  File "/remote-home/qhgao/Workspace/Projects/RFC-crawlers/RFC-dev/RFC/req/middleware.py", line 114, in apply_async
    _result = await self._apply_async(item, result, request_lib, async_lib)
  File "/remote-home/qhgao/Workspace/Projects/RFC-crawlers/RFC-dev/RFC/req/middleware.py", line 316, in _apply_async
    result.content = result.json if 'json' in result else await get_content_async(result.response, request_lib)  # type: ignore
  File "/remote-home/qhgao/Workspace/Projects/RFC-crawlers/RFC-dev/RFC/req/middleware_func.py", line 88, in get_content_async
    return await resp.read()
  File "/remote-home/qhgao/Workspace/Applications/anaconda3/envs/share_py310/lib/python3.10/site-packages/aiohttp/client_reqrep.py", line 1037, in read
    self._body = await self.content.read()
  File "/remote-home/qhgao/Workspace/Applications/anaconda3/envs/share_py310/lib/python3.10/site-packages/aiohttp/streams.py", line 375, in read
    block = await self.readany()
  File "/remote-home/qhgao/Workspace/Applications/anaconda3/envs/share_py310/lib/python3.10/site-packages/aiohttp/streams.py", line 397, in readany
    await self._wait("readany")
  File "/remote-home/qhgao/Workspace/Applications/anaconda3/envs/share_py310/lib/python3.10/site-packages/aiohttp/streams.py", line 303, in _wait
    with self._timer:
  File "/remote-home/qhgao/Workspace/Applications/anaconda3/envs/share_py310/lib/python3.10/site-packages/aiohttp/helpers.py", line 721, in __exit__
    raise asyncio.TimeoutError from None
asyncio.exceptions.TimeoutError


2024-04-04 01:57:46,243 <requestor-worker-1:1998827, MainThread:140298684229440> (requestor.py:_fetch_single_async:216 -> requestor.py:_handle_error:99) from logger `RFC.requestor_failed`
[ERROR] failed on AudioBookAudioPage(1206702).AudioBookAudioFile(1206702), caught error "['TimeoutError'] TimeoutError()"

2024-04-04 01:57:46,247 <requestor-worker-1:1998827, MainThread:140298684229440> (requestor.py:_fetch_single_async:216 -> requestor.py:_handle_error:100) from logger `RFC.requestor_failed`
[ERROR] Traceback (most recent call last):
  File "/remote-home/qhgao/Workspace/Projects/RFC-crawlers/RFC-dev/RFC/req/requestor.py", line 206, in _fetch_single_async
    result = await middleware.apply_async(item, result, self._session._request_lib, self._session._async_lib)
  File "/remote-home/qhgao/Workspace/Projects/RFC-crawlers/RFC-dev/RFC/req/middleware.py", line 121, in apply_async
    self._handle_error(e, item, result)
  File "/remote-home/qhgao/Workspace/Projects/RFC-crawlers/RFC-dev/RFC/req/middleware.py", line 83, in _handle_error
    raise error
  File "/remote-home/qhgao/Workspace/Projects/RFC-crawlers/RFC-dev/RFC/req/middleware.py", line 114, in apply_async
    _result = await self._apply_async(item, result, request_lib, async_lib)
  File "/remote-home/qhgao/Workspace/Projects/RFC-crawlers/RFC-dev/RFC/req/middleware.py", line 316, in _apply_async
    result.content = result.json if 'json' in result else await get_content_async(result.response, request_lib)  # type: ignore
  File "/remote-home/qhgao/Workspace/Projects/RFC-crawlers/RFC-dev/RFC/req/middleware_func.py", line 88, in get_content_async
    return await resp.read()
  File "/remote-home/qhgao/Workspace/Applications/anaconda3/envs/share_py310/lib/python3.10/site-packages/aiohttp/client_reqrep.py", line 1037, in read
    self._body = await self.content.read()
  File "/remote-home/qhgao/Workspace/Applications/anaconda3/envs/share_py310/lib/python3.10/site-packages/aiohttp/streams.py", line 375, in read
    block = await self.readany()
  File "/remote-home/qhgao/Workspace/Applications/anaconda3/envs/share_py310/lib/python3.10/site-packages/aiohttp/streams.py", line 397, in readany
    await self._wait("readany")
  File "/remote-home/qhgao/Workspace/Applications/anaconda3/envs/share_py310/lib/python3.10/site-packages/aiohttp/streams.py", line 303, in _wait
    with self._timer:
  File "/remote-home/qhgao/Workspace/Applications/anaconda3/envs/share_py310/lib/python3.10/site-packages/aiohttp/helpers.py", line 721, in __exit__
    raise asyncio.TimeoutError from None
asyncio.exceptions.TimeoutError


2024-04-04 01:57:48,312 <requestor-worker-1:1998827, MainThread:140298684229440> (requestor.py:_fetch_single_async:216 -> requestor.py:_handle_error:99) from logger `RFC.requestor_failed`
[ERROR] failed on AudioBookAudioPage(1206708).AudioBookAudioFile(1206708), caught error "['TimeoutError'] TimeoutError()"

2024-04-04 01:57:48,316 <requestor-worker-1:1998827, MainThread:140298684229440> (requestor.py:_fetch_single_async:216 -> requestor.py:_handle_error:100) from logger `RFC.requestor_failed`
[ERROR] Traceback (most recent call last):
  File "/remote-home/qhgao/Workspace/Projects/RFC-crawlers/RFC-dev/RFC/req/requestor.py", line 206, in _fetch_single_async
    result = await middleware.apply_async(item, result, self._session._request_lib, self._session._async_lib)
  File "/remote-home/qhgao/Workspace/Projects/RFC-crawlers/RFC-dev/RFC/req/middleware.py", line 121, in apply_async
    self._handle_error(e, item, result)
  File "/remote-home/qhgao/Workspace/Projects/RFC-crawlers/RFC-dev/RFC/req/middleware.py", line 83, in _handle_error
    raise error
  File "/remote-home/qhgao/Workspace/Projects/RFC-crawlers/RFC-dev/RFC/req/middleware.py", line 114, in apply_async
    _result = await self._apply_async(item, result, request_lib, async_lib)
  File "/remote-home/qhgao/Workspace/Projects/RFC-crawlers/RFC-dev/RFC/req/middleware.py", line 316, in _apply_async
    result.content = result.json if 'json' in result else await get_content_async(result.response, request_lib)  # type: ignore
  File "/remote-home/qhgao/Workspace/Projects/RFC-crawlers/RFC-dev/RFC/req/middleware_func.py", line 88, in get_content_async
    return await resp.read()
  File "/remote-home/qhgao/Workspace/Applications/anaconda3/envs/share_py310/lib/python3.10/site-packages/aiohttp/client_reqrep.py", line 1037, in read
    self._body = await self.content.read()
  File "/remote-home/qhgao/Workspace/Applications/anaconda3/envs/share_py310/lib/python3.10/site-packages/aiohttp/streams.py", line 375, in read
    block = await self.readany()
  File "/remote-home/qhgao/Workspace/Applications/anaconda3/envs/share_py310/lib/python3.10/site-packages/aiohttp/streams.py", line 397, in readany
    await self._wait("readany")
  File "/remote-home/qhgao/Workspace/Applications/anaconda3/envs/share_py310/lib/python3.10/site-packages/aiohttp/streams.py", line 303, in _wait
    with self._timer:
  File "/remote-home/qhgao/Workspace/Applications/anaconda3/envs/share_py310/lib/python3.10/site-packages/aiohttp/helpers.py", line 721, in __exit__
    raise asyncio.TimeoutError from None
asyncio.exceptions.TimeoutError


2024-04-04 01:58:01,323 <requestor-worker-1:1998827, MainThread:140298684229440> (requestor.py:_fetch_single_async:216 -> requestor.py:_handle_error:99) from logger `RFC.requestor_failed`
[ERROR] failed on AudioBookAudioPage(1206872), caught error "['TimeoutError'] TimeoutError()"

2024-04-04 01:58:01,324 <requestor-worker-1:1998827, MainThread:140298684229440> (requestor.py:_fetch_single_async:216 -> requestor.py:_handle_error:100) from logger `RFC.requestor_failed`
[ERROR] Traceback (most recent call last):
  File "/remote-home/qhgao/Workspace/Projects/RFC-crawlers/RFC-dev/RFC/req/requestor.py", line 199, in _fetch_single_async
    resp = await self._session.request(item)
  File "/remote-home/qhgao/Workspace/Projects/RFC-crawlers/RFC-dev/RFC/req/session.py", line 320, in request
    return await self._session.request(**request_args)
  File "/remote-home/qhgao/Workspace/Applications/anaconda3/envs/share_py310/lib/python3.10/site-packages/aiohttp/client.py", line 560, in _request
    await resp.start(conn)
  File "/remote-home/qhgao/Workspace/Applications/anaconda3/envs/share_py310/lib/python3.10/site-packages/aiohttp/client_reqrep.py", line 894, in start
    with self._timer:
  File "/remote-home/qhgao/Workspace/Applications/anaconda3/envs/share_py310/lib/python3.10/site-packages/aiohttp/helpers.py", line 721, in __exit__
    raise asyncio.TimeoutError from None
asyncio.exceptions.TimeoutError


2024-04-04 01:58:07,008 <requestor-worker-1:1998827, MainThread:140298684229440> (requestor.py:_fetch_single_async:216 -> requestor.py:_handle_error:99) from logger `RFC.requestor_failed`
[ERROR] failed on AudioBookAudioPage(1206898), caught error "['ValueError'] ValueError('unexpected status code 404 in response of AudioBookAudioPage(1206898)')"

2024-04-04 01:58:07,011 <requestor-worker-1:1998827, MainThread:140298684229440> (requestor.py:_fetch_single_async:216 -> requestor.py:_handle_error:100) from logger `RFC.requestor_failed`
[ERROR] Traceback (most recent call last):
  File "/remote-home/qhgao/Workspace/Projects/RFC-crawlers/RFC-dev/RFC/req/requestor.py", line 206, in _fetch_single_async
    result = await middleware.apply_async(item, result, self._session._request_lib, self._session._async_lib)
  File "/remote-home/qhgao/Workspace/Projects/RFC-crawlers/RFC-dev/RFC/req/middleware.py", line 121, in apply_async
    self._handle_error(e, item, result)
  File "/remote-home/qhgao/Workspace/Projects/RFC-crawlers/RFC-dev/RFC/req/middleware.py", line 83, in _handle_error
    raise error
  File "/remote-home/qhgao/Workspace/Projects/RFC-crawlers/RFC-dev/RFC/req/middleware.py", line 114, in apply_async
    _result = await self._apply_async(item, result, request_lib, async_lib)
  File "/remote-home/qhgao/Workspace/Projects/RFC-crawlers/RFC-dev/RFC/req/middleware.py", line 180, in _apply_async
    return self._apply_sync(item, result, request_lib)
  File "/remote-home/qhgao/Workspace/Projects/RFC-crawlers/RFC-dev/RFC/req/middleware.py", line 168, in _apply_sync
    raise ValueError(f"unexpected status code {repr(status_code)} in response of {repr(item)}")
ValueError: unexpected status code 404 in response of AudioBookAudioPage(1206898)


2024-04-04 01:58:11,275 <requestor-worker-1:1998827, MainThread:140298684229440> (requestor.py:_fetch_single_async:216 -> requestor.py:_handle_error:99) from logger `RFC.requestor_failed`
[ERROR] failed on AudioBookAudioPage(1206901), caught error "['ValueError'] ValueError('unexpected status code 404 in response of AudioBookAudioPage(1206901)')"

2024-04-04 01:58:11,277 <requestor-worker-1:1998827, MainThread:140298684229440> (requestor.py:_fetch_single_async:216 -> requestor.py:_handle_error:100) from logger `RFC.requestor_failed`
[ERROR] Traceback (most recent call last):
  File "/remote-home/qhgao/Workspace/Projects/RFC-crawlers/RFC-dev/RFC/req/requestor.py", line 206, in _fetch_single_async
    result = await middleware.apply_async(item, result, self._session._request_lib, self._session._async_lib)
  File "/remote-home/qhgao/Workspace/Projects/RFC-crawlers/RFC-dev/RFC/req/middleware.py", line 121, in apply_async
    self._handle_error(e, item, result)
  File "/remote-home/qhgao/Workspace/Projects/RFC-crawlers/RFC-dev/RFC/req/middleware.py", line 83, in _handle_error
    raise error
  File "/remote-home/qhgao/Workspace/Projects/RFC-crawlers/RFC-dev/RFC/req/middleware.py", line 114, in apply_async
    _result = await self._apply_async(item, result, request_lib, async_lib)
  File "/remote-home/qhgao/Workspace/Projects/RFC-crawlers/RFC-dev/RFC/req/middleware.py", line 180, in _apply_async
    return self._apply_sync(item, result, request_lib)
  File "/remote-home/qhgao/Workspace/Projects/RFC-crawlers/RFC-dev/RFC/req/middleware.py", line 168, in _apply_sync
    raise ValueError(f"unexpected status code {repr(status_code)} in response of {repr(item)}")
ValueError: unexpected status code 404 in response of AudioBookAudioPage(1206901)


